Bill Of Entry ID,Bill of Entry Number,Reference Number,Bill of Entry Date,Port Code,Description,Adjustment,Total Custom Duty and Taxes Paid,Assessable Value,Additional Charges,Tax Percentage,Item Name,Tax Name,Tax Type,Associate as Landed Cost,Paid Through,Associated Bill Number,Associated Bill ID,Bill Date,Vendor Name
99381000001847090,9619544,,2020-11-19,INCOK1,,0.00,771691.27,742062.59,81626.90,18.000000,Platform Weighing Scale 200kg/20g,IGST18,ItemAmount,true,Kotak Current Account,YS20200908IN,99381000001847028,2020-10-23,Zhejiang Sifang Import and Export Co. Ltd
99381000001847090,9619544,,2020-11-19,INCOK1,,0.00,771691.27,742062.59,81626.90,18.000000,Platform Weighing Scale 200kg/20g,IGST18,ItemAmount,true,Kotak Current Account,YS20200908IN,99381000001847028,2020-10-23,Zhejiang Sifang Import and Export Co. Ltd
99381000001847090,9619544,,2020-11-19,INCOK1,,0.00,771691.27,742062.59,81626.90,18.000000,Platform Weighing Scale 200kg/20g,IGST18,ItemAmount,true,Kotak Current Account,YS20200908IN,99381000001847028,2020-10-23,Zhejiang Sifang Import and Export Co. Ltd
99381000001847090,9619544,,2020-11-19,INCOK1,,0.00,771691.27,151483.70,16663.20,18.000000,Platform Weighing Scale 300kg/50g,IGST18,ItemAmount,true,Kotak Current Account,YS20200908IN,99381000001847028,2020-10-23,Zhejiang Sifang Import and Export Co. Ltd
99381000001847090,9619544,,2020-11-19,INCOK1,,0.00,771691.27,151483.70,16663.20,18.000000,Platform Weighing Scale 300kg/50g,IGST18,ItemAmount,true,Kotak Current Account,YS20200908IN,99381000001847028,2020-10-23,Zhejiang Sifang Import and Export Co. Ltd
99381000001847090,9619544,,2020-11-19,INCOK1,,0.00,771691.27,151483.70,16663.20,18.000000,Platform Weighing Scale 300kg/50g,IGST18,ItemAmount,true,Kotak Current Account,YS20200908IN,99381000001847028,2020-10-23,Zhejiang Sifang Import and Export Co. Ltd
99381000001847090,9619544,,2020-11-19,INCOK1,,0.00,771691.27,889811.08,97879.20,18.000000,Plateform Weighing Scale 100kgx10g MS,IGST18,ItemAmount,true,Kotak Current Account,YS20200908IN,99381000001847028,2020-10-23,Zhejiang Sifang Import and Export Co. Ltd
99381000001847090,9619544,,2020-11-19,INCOK1,,0.00,771691.27,889811.08,97879.20,18.000000,Plateform Weighing Scale 100kgx10g MS,IGST18,ItemAmount,true,Kotak Current Account,YS20200908IN,99381000001847028,2020-10-23,Zhejiang Sifang Import and Export Co. Ltd
99381000001847090,9619544,,2020-11-19,INCOK1,,0.00,771691.27,889811.08,97879.20,18.000000,Plateform Weighing Scale 100kgx10g MS,IGST18,ItemAmount,true,Kotak Current Account,YS20200908IN,99381000001847028,2020-10-23,Zhejiang Sifang Import and Export Co. Ltd
99381000001847090,9619544,,2020-11-19,INCOK1,,0.00,771691.27,522930.02,57522.30,18.000000,Platform Weighing Scale 500kgx50g MS,IGST18,ItemAmount,true,Kotak Current Account,YS20200908IN,99381000001847028,2020-10-23,Zhejiang Sifang Import and Export Co. Ltd
99381000001847090,9619544,,2020-11-19,INCOK1,,0.00,771691.27,522930.02,57522.30,18.000000,Platform Weighing Scale 500kgx50g MS,IGST18,ItemAmount,true,Kotak Current Account,YS20200908IN,99381000001847028,2020-10-23,Zhejiang Sifang Import and Export Co. Ltd
99381000001847090,9619544,,2020-11-19,INCOK1,,0.00,771691.27,522930.02,57522.30,18.000000,Platform Weighing Scale 500kgx50g MS,IGST18,ItemAmount,true,Kotak Current Account,YS20200908IN,99381000001847028,2020-10-23,Zhejiang Sifang Import and Export Co. Ltd
99381000001847090,9619544,,2020-11-19,INCOK1,,0.00,771691.27,177215.17,19493.70,18.000000,Platform Weighing Scale 100kgx10g SS,IGST18,ItemAmount,true,Kotak Current Account,YS20200908IN,99381000001847028,2020-10-23,Zhejiang Sifang Import and Export Co. Ltd
99381000001847090,9619544,,2020-11-19,INCOK1,,0.00,771691.27,177215.17,19493.70,18.000000,Platform Weighing Scale 100kgx10g SS,IGST18,ItemAmount,true,Kotak Current Account,YS20200908IN,99381000001847028,2020-10-23,Zhejiang Sifang Import and Export Co. Ltd
99381000001847090,9619544,,2020-11-19,INCOK1,,0.00,771691.27,177215.17,19493.70,18.000000,Platform Weighing Scale 100kgx10g SS,IGST18,ItemAmount,true,Kotak Current Account,YS20200908IN,99381000001847028,2020-10-23,Zhejiang Sifang Import and Export Co. Ltd
99381000001847090,9619544,,2020-11-19,INCOK1,,0.00,771691.27,8300.48,684.80,18.000000,Spare Parts,IGST18,ItemAmount,true,Kotak Current Account,YS20200908IN,99381000001847028,2020-10-23,Zhejiang Sifang Import and Export Co. Ltd
99381000001847090,9619544,,2020-11-19,INCOK1,,0.00,771691.27,8300.48,684.80,18.000000,Spare Parts,IGST18,ItemAmount,true,Kotak Current Account,YS20200908IN,99381000001847028,2020-10-23,Zhejiang Sifang Import and Export Co. Ltd
99381000001847090,9619544,,2020-11-19,INCOK1,,0.00,771691.27,8300.48,684.80,18.000000,Spare Parts,IGST18,ItemAmount,true,Kotak Current Account,YS20200908IN,99381000001847028,2020-10-23,Zhejiang Sifang Import and Export Co. Ltd
99381000002065115,9919486,,2020-12-11,INCOK1,,0.00,2431873.76,2073348.29,228068.35,18.000000,Price Computing scale,IGST18,ItemAmount,true,Kotak Current Account,YS20200921IN-1,99381000002065061,2020-12-24,Zhejiang Sifang Import and Export Co. Ltd
99381000002065115,9919486,,2020-12-11,INCOK1,,0.00,2431873.76,2073348.29,228068.35,18.000000,Price Computing scale,IGST18,ItemAmount,true,Kotak Current Account,YS20200921IN-1,99381000002065061,2020-12-24,Zhejiang Sifang Import and Export Co. Ltd
99381000002065115,9919486,,2020-12-11,INCOK1,,0.00,2431873.76,2073348.29,228068.35,18.000000,Price Computing scale,IGST18,ItemAmount,true,Kotak Current Account,YS20200921IN-1,99381000002065061,2020-12-24,Zhejiang Sifang Import and Export Co. Ltd
99381000002065115,9919486,,2020-12-11,INCOK1,,0.00,2431873.76,2073348.29,228068.35,18.000000,ATM JUNIOR YS669,IGST18,ItemAmount,true,Kotak Current Account,YS20200921IN-1,99381000002065061,2020-12-24,Zhejiang Sifang Import and Export Co. Ltd
99381000002065115,9919486,,2020-12-11,INCOK1,,0.00,2431873.76,2073348.29,228068.35,18.000000,ATM JUNIOR YS669,IGST18,ItemAmount,true,Kotak Current Account,YS20200921IN-1,99381000002065061,2020-12-24,Zhejiang Sifang Import and Export Co. Ltd
99381000002065115,9919486,,2020-12-11,INCOK1,,0.00,2431873.76,2073348.29,228068.35,18.000000,ATM JUNIOR YS669,IGST18,ItemAmount,true,Kotak Current Account,YS20200921IN-1,99381000002065061,2020-12-24,Zhejiang Sifang Import and Export Co. Ltd
99381000002065115,9919486,,2020-12-11,INCOK1,,0.00,2431873.76,3036657.80,334032.40,18.000000,Platform scale,IGST18,ItemAmount,true,Kotak Current Account,YS20200921IN-1,99381000002065061,2020-12-24,Zhejiang Sifang Import and Export Co. Ltd
99381000002065115,9919486,,2020-12-11,INCOK1,,0.00,2431873.76,3036657.80,334032.40,18.000000,Platform scale,IGST18,ItemAmount,true,Kotak Current Account,YS20200921IN-1,99381000002065061,2020-12-24,Zhejiang Sifang Import and Export Co. Ltd
99381000002065115,9919486,,2020-12-11,INCOK1,,0.00,2431873.76,3036657.80,334032.40,18.000000,Platform scale,IGST18,ItemAmount,true,Kotak Current Account,YS20200921IN-1,99381000002065061,2020-12-24,Zhejiang Sifang Import and Export Co. Ltd
99381000002065115,9919486,,2020-12-11,INCOK1,,0.00,2431873.76,656479.74,54159.60,18.000000,Electronic weighing scale DJ600,IGST18,ItemAmount,true,Kotak Current Account,YS20200921IN-1,99381000002065061,2020-12-24,Zhejiang Sifang Import and Export Co. Ltd
99381000002065115,9919486,,2020-12-11,INCOK1,,0.00,2431873.76,656479.74,54159.60,18.000000,Electronic weighing scale DJ600,IGST18,ItemAmount,true,Kotak Current Account,YS20200921IN-1,99381000002065061,2020-12-24,Zhejiang Sifang Import and Export Co. Ltd
99381000002065115,9919486,,2020-12-11,INCOK1,,0.00,2431873.76,656479.74,54159.60,18.000000,Electronic weighing scale DJ600,IGST18,ItemAmount,true,Kotak Current Account,YS20200921IN-1,99381000002065061,2020-12-24,Zhejiang Sifang Import and Export Co. Ltd
99381000002065115,9919486,,2020-12-11,INCOK1,,0.00,2431873.76,87960.23,7256.70,18.000000,Spare Parts,IGST18,ItemAmount,true,Kotak Current Account,YS20200921IN-1,99381000002065061,2020-12-24,Zhejiang Sifang Import and Export Co. Ltd
99381000002065115,9919486,,2020-12-11,INCOK1,,0.00,2431873.76,87960.23,7256.70,18.000000,Spare Parts,IGST18,ItemAmount,true,Kotak Current Account,YS20200921IN-1,99381000002065061,2020-12-24,Zhejiang Sifang Import and Export Co. Ltd
99381000002065115,9919486,,2020-12-11,INCOK1,,0.00,2431873.76,87960.23,7256.70,18.000000,Spare Parts,IGST18,ItemAmount,true,Kotak Current Account,YS20200921IN-1,99381000002065061,2020-12-24,Zhejiang Sifang Import and Export Co. Ltd
99381000002080927,2080769,,2020-12-23,INCOK1,,0.00,2917709.59,8863998.40,975039.80,18.000000,Bill Printing scale Q8POS,IGST18,ItemAmount,true,Kotak Current Account,30048884,99381000002080881,2020-12-29,Shanghai Yousheng Weighing Apparatus Co. Ltd.
99381000002080927,2080769,,2020-12-23,INCOK1,,0.00,2917709.59,8863998.40,975039.80,18.000000,Bill Printing scale Q8POS,IGST18,ItemAmount,true,Kotak Current Account,30048884,99381000002080881,2020-12-29,Shanghai Yousheng Weighing Apparatus Co. Ltd.
99381000002080927,2080769,,2020-12-23,INCOK1,,0.00,2917709.59,8863998.40,975039.80,18.000000,Bill Printing scale Q8POS,IGST18,ItemAmount,true,Kotak Current Account,30048884,99381000002080881,2020-12-29,Shanghai Yousheng Weighing Apparatus Co. Ltd.
99381000002080927,2080769,,2020-12-23,INCOK1,,0.00,2917709.59,249733.52,27470.70,18.000000,Cash Box,IGST18,ItemAmount,true,Kotak Current Account,30048884,99381000002080881,2020-12-29,Shanghai Yousheng Weighing Apparatus Co. Ltd.
99381000002080927,2080769,,2020-12-23,INCOK1,,0.00,2917709.59,249733.52,27470.70,18.000000,Cash Box,IGST18,ItemAmount,true,Kotak Current Account,30048884,99381000002080881,2020-12-29,Shanghai Yousheng Weighing Apparatus Co. Ltd.
99381000002080927,2080769,,2020-12-23,INCOK1,,0.00,2917709.59,249733.52,27470.70,18.000000,Cash Box,IGST18,ItemAmount,true,Kotak Current Account,30048884,99381000002080881,2020-12-29,Shanghai Yousheng Weighing Apparatus Co. Ltd.
99381000002080927,2080769,,2020-12-23,INCOK1,,0.00,2917709.59,339915.07,28043.00,18.000000,Spare Parts,IGST18,ItemAmount,true,Kotak Current Account,30048884,99381000002080881,2020-12-29,Shanghai Yousheng Weighing Apparatus Co. Ltd.
99381000002080927,2080769,,2020-12-23,INCOK1,,0.00,2917709.59,339915.07,28043.00,18.000000,Spare Parts,IGST18,ItemAmount,true,Kotak Current Account,30048884,99381000002080881,2020-12-29,Shanghai Yousheng Weighing Apparatus Co. Ltd.
99381000002080927,2080769,,2020-12-23,INCOK1,,0.00,2917709.59,339915.07,28043.00,18.000000,Spare Parts,IGST18,ItemAmount,true,Kotak Current Account,30048884,99381000002080881,2020-12-29,Shanghai Yousheng Weighing Apparatus Co. Ltd.
99381000002536295,2960027,,2021-03-03,INCOK1,,0.00,1002497.02,1801404.165,148615.80,18.000000,Label Printing scale Q9,IGST18,ItemAmount,true,Kotak Current Account,30049041,99381000002529026,2021-03-06,Shanghai Yousheng Weighing Apparatus Co. Ltd.
99381000002536295,2960027,,2021-03-03,INCOK1,,0.00,1002497.02,1801404.165,148615.80,18.000000,Label Printing scale Q9,IGST18,ItemAmount,true,Kotak Current Account,30049041,99381000002529026,2021-03-06,Shanghai Yousheng Weighing Apparatus Co. Ltd.
99381000002536295,2960027,,2021-03-03,INCOK1,,0.00,1002497.02,1801404.165,148615.80,18.000000,Label Printing scale Q9,IGST18,ItemAmount,true,Kotak Current Account,30049041,99381000002529026,2021-03-06,Shanghai Yousheng Weighing Apparatus Co. Ltd.
99381000002536295,2960027,,2021-03-03,INCOK1,,0.00,1002497.02,11748.29,969.10,18.000000,Spare Parts,IGST18,ItemAmount,true,Kotak Current Account,30049041,99381000002529026,2021-03-06,Shanghai Yousheng Weighing Apparatus Co. Ltd.
99381000002536295,2960027,,2021-03-03,INCOK1,,0.00,1002497.02,11748.29,969.10,18.000000,Spare Parts,IGST18,ItemAmount,true,Kotak Current Account,30049041,99381000002529026,2021-03-06,Shanghai Yousheng Weighing Apparatus Co. Ltd.
99381000002536295,2960027,,2021-03-03,INCOK1,,0.00,1002497.02,11748.29,969.10,18.000000,Spare Parts,IGST18,ItemAmount,true,Kotak Current Account,30049041,99381000002529026,2021-03-06,Shanghai Yousheng Weighing Apparatus Co. Ltd.
99381000002536295,2960027,,2021-03-03,INCOK1,,0.00,1002497.02,1801404.165,148615.80,18.000000,Label Printing Scale Q9LBL,IGST18,ItemAmount,true,Kotak Current Account,30049041,99381000002529026,2021-03-06,Shanghai Yousheng Weighing Apparatus Co. Ltd.
99381000002536295,2960027,,2021-03-03,INCOK1,,0.00,1002497.02,1801404.165,148615.80,18.000000,Label Printing Scale Q9LBL,IGST18,ItemAmount,true,Kotak Current Account,30049041,99381000002529026,2021-03-06,Shanghai Yousheng Weighing Apparatus Co. Ltd.
99381000002536295,2960027,,2021-03-03,INCOK1,,0.00,1002497.02,1801404.165,148615.80,18.000000,Label Printing Scale Q9LBL,IGST18,ItemAmount,true,Kotak Current Account,30049041,99381000002529026,2021-03-06,Shanghai Yousheng Weighing Apparatus Co. Ltd.
99381000002895604,3619211,,2021-04-19,INOCK1,,0.00,2066248.15,2141337.84,176660.37,18.000000,Price Computing scale,IGST18,ItemAmount,true,Kotak Current Account,YS20200921IN-2,99381000002895559,2021-04-19,Zhejiang Sifang Import and Export Co. Ltd
99381000002895604,3619211,,2021-04-19,INOCK1,,0.00,2066248.15,2141337.84,176660.37,18.000000,Price Computing scale,IGST18,ItemAmount,true,Kotak Current Account,YS20200921IN-2,99381000002895559,2021-04-19,Zhejiang Sifang Import and Export Co. Ltd
99381000002895604,3619211,,2021-04-19,INOCK1,,0.00,2066248.15,2141337.84,176660.37,18.000000,Price Computing scale,IGST18,ItemAmount,true,Kotak Current Account,YS20200921IN-2,99381000002895559,2021-04-19,Zhejiang Sifang Import and Export Co. Ltd
99381000002895604,3619211,,2021-04-19,INOCK1,,0.00,2066248.15,2179805.83,179833.98,18.000000,ATM JUNIOR YS669,IGST18,ItemAmount,true,Kotak Current Account,YS20200921IN-2,99381000002895559,2021-04-19,Zhejiang Sifang Import and Export Co. Ltd
99381000002895604,3619211,,2021-04-19,INOCK1,,0.00,2066248.15,2179805.83,179833.98,18.000000,ATM JUNIOR YS669,IGST18,ItemAmount,true,Kotak Current Account,YS20200921IN-2,99381000002895559,2021-04-19,Zhejiang Sifang Import and Export Co. Ltd
99381000002895604,3619211,,2021-04-19,INOCK1,,0.00,2066248.15,2179805.83,179833.98,18.000000,ATM JUNIOR YS669,IGST18,ItemAmount,true,Kotak Current Account,YS20200921IN-2,99381000002895559,2021-04-19,Zhejiang Sifang Import and Export Co. Ltd
99381000002895604,3619211,,2021-04-19,INOCK1,,0.00,2066248.15,3128822.42,258127.90,18.000000,Platform scale,IGST18,ItemAmount,true,Kotak Current Account,YS20200921IN-2,99381000002895559,2021-04-19,Zhejiang Sifang Import and Export Co. Ltd
99381000002895604,3619211,,2021-04-19,INOCK1,,0.00,2066248.15,3128822.42,258127.90,18.000000,Platform scale,IGST18,ItemAmount,true,Kotak Current Account,YS20200921IN-2,99381000002895559,2021-04-19,Zhejiang Sifang Import and Export Co. Ltd
99381000002895604,3619211,,2021-04-19,INOCK1,,0.00,2066248.15,3128822.42,258127.90,18.000000,Platform scale,IGST18,ItemAmount,true,Kotak Current Account,YS20200921IN-2,99381000002895559,2021-04-19,Zhejiang Sifang Import and Export Co. Ltd
99381000003279207,3619211,,2021-04-19,INCOK1,,0.00,399.81,1644.32,180.80,12.000000,CARTON BOX,IGST12,ItemAmount,true,Advance Tax,YS20200921IN-2,99381000002895559,2021-04-19,Zhejiang Sifang Import and Export Co. Ltd
99381000003279207,3619211,,2021-04-19,INCOK1,,0.00,399.81,1644.32,180.80,12.000000,CARTON BOX,IGST12,ItemAmount,true,Advance Tax,YS20200921IN-2,99381000002895559,2021-04-19,Zhejiang Sifang Import and Export Co. Ltd
99381000003279207,3619211,,2021-04-19,INCOK1,,0.00,399.81,1644.32,180.80,12.000000,CARTON BOX,IGST12,ItemAmount,true,Advance Tax,YS20200921IN-2,99381000002895559,2021-04-19,Zhejiang Sifang Import and Export Co. Ltd
99381000003309684,4154935,,2021-06-01,INCOK1,,0.00,653785.52,1617320.04,133428.90,18.000000,Bill  Printing scale Q74W,IGST18,ItemAmount,true,PAYMENT ADJUSTMENT,30049077,99381000003309624,2021-06-23,Shanghai Yousheng Weighing Apparatus Co. Ltd.
99381000003309684,4154935,,2021-06-01,INCOK1,,0.00,653785.52,1617320.04,133428.90,18.000000,Bill  Printing scale Q74W,IGST18,ItemAmount,true,PAYMENT ADJUSTMENT,30049077,99381000003309624,2021-06-23,Shanghai Yousheng Weighing Apparatus Co. Ltd.
99381000003309684,4154935,,2021-06-01,INCOK1,,0.00,653785.52,1617320.04,133428.90,18.000000,Bill  Printing scale Q74W,IGST18,ItemAmount,true,PAYMENT ADJUSTMENT,30049077,99381000003309624,2021-06-23,Shanghai Yousheng Weighing Apparatus Co. Ltd.
99381000003309684,4154935,,2021-06-01,INCOK1,,0.00,653785.52,331614.53,27358.20,18.000000,Floor Scale 1mx1m,IGST18,ItemAmount,true,PAYMENT ADJUSTMENT,30049077,99381000003309624,2021-06-23,Shanghai Yousheng Weighing Apparatus Co. Ltd.
99381000003309684,4154935,,2021-06-01,INCOK1,,0.00,653785.52,331614.53,27358.20,18.000000,Floor Scale 1mx1m,IGST18,ItemAmount,true,PAYMENT ADJUSTMENT,30049077,99381000003309624,2021-06-23,Shanghai Yousheng Weighing Apparatus Co. Ltd.
99381000003309684,4154935,,2021-06-01,INCOK1,,0.00,653785.52,331614.53,27358.20,18.000000,Floor Scale 1mx1m,IGST18,ItemAmount,true,PAYMENT ADJUSTMENT,30049077,99381000003309624,2021-06-23,Shanghai Yousheng Weighing Apparatus Co. Ltd.
99381000003309684,4154935,,2021-06-01,INCOK1,,0.00,653785.52,86299.69,7119.70,18.000000,Floor Scale 1.2mx1.2m,IGST18,ItemAmount,true,PAYMENT ADJUSTMENT,30049077,99381000003309624,2021-06-23,Shanghai Yousheng Weighing Apparatus Co. Ltd.
99381000003309684,4154935,,2021-06-01,INCOK1,,0.00,653785.52,86299.69,7119.70,18.000000,Floor Scale 1.2mx1.2m,IGST18,ItemAmount,true,PAYMENT ADJUSTMENT,30049077,99381000003309624,2021-06-23,Shanghai Yousheng Weighing Apparatus Co. Ltd.
99381000003309684,4154935,,2021-06-01,INCOK1,,0.00,653785.52,86299.69,7119.70,18.000000,Floor Scale 1.2mx1.2m,IGST18,ItemAmount,true,PAYMENT ADJUSTMENT,30049077,99381000003309624,2021-06-23,Shanghai Yousheng Weighing Apparatus Co. Ltd.
99381000003309684,4154935,,2021-06-01,INCOK1,,0.00,653785.52,114267.18,9427.00,18.000000,Floor Scale 1.5mx1.5m,IGST18,ItemAmount,true,PAYMENT ADJUSTMENT,30049077,99381000003309624,2021-06-23,Shanghai Yousheng Weighing Apparatus Co. Ltd.
99381000003309684,4154935,,2021-06-01,INCOK1,,0.00,653785.52,114267.18,9427.00,18.000000,Floor Scale 1.5mx1.5m,IGST18,ItemAmount,true,PAYMENT ADJUSTMENT,30049077,99381000003309624,2021-06-23,Shanghai Yousheng Weighing Apparatus Co. Ltd.
99381000003309684,4154935,,2021-06-01,INCOK1,,0.00,653785.52,114267.18,9427.00,18.000000,Floor Scale 1.5mx1.5m,IGST18,ItemAmount,true,PAYMENT ADJUSTMENT,30049077,99381000003309624,2021-06-23,Shanghai Yousheng Weighing Apparatus Co. Ltd.
99381000003309684,4154935,,2021-06-01,INCOK1,,0.00,653785.52,183786.37,15162.00,18.000000,ECS Indicator,IGST18,ItemAmount,true,PAYMENT ADJUSTMENT,30049077,99381000003309624,2021-06-23,Shanghai Yousheng Weighing Apparatus Co. Ltd.
99381000003309684,4154935,,2021-06-01,INCOK1,,0.00,653785.52,183786.37,15162.00,18.000000,ECS Indicator,IGST18,ItemAmount,true,PAYMENT ADJUSTMENT,30049077,99381000003309624,2021-06-23,Shanghai Yousheng Weighing Apparatus Co. Ltd.
99381000003309684,4154935,,2021-06-01,INCOK1,,0.00,653785.52,183786.37,15162.00,18.000000,ECS Indicator,IGST18,ItemAmount,true,PAYMENT ADJUSTMENT,30049077,99381000003309624,2021-06-23,Shanghai Yousheng Weighing Apparatus Co. Ltd.
99381000003309684,4154935,,2021-06-01,INCOK1,,0.00,653785.52,23972.13,1977.70,18.000000,Floor Scale Indicator,IGST18,ItemAmount,true,PAYMENT ADJUSTMENT,30049077,99381000003309624,2021-06-23,Shanghai Yousheng Weighing Apparatus Co. Ltd.
99381000003309684,4154935,,2021-06-01,INCOK1,,0.00,653785.52,23972.13,1977.70,18.000000,Floor Scale Indicator,IGST18,ItemAmount,true,PAYMENT ADJUSTMENT,30049077,99381000003309624,2021-06-23,Shanghai Yousheng Weighing Apparatus Co. Ltd.
99381000003309684,4154935,,2021-06-01,INCOK1,,0.00,653785.52,23972.13,1977.70,18.000000,Floor Scale Indicator,IGST18,ItemAmount,true,PAYMENT ADJUSTMENT,30049077,99381000003309624,2021-06-23,Shanghai Yousheng Weighing Apparatus Co. Ltd.
99381000003486476,16652,20/06/2021,2022-03-01,HKG,,0.00,6347.45,11443.015,944.05,18.000000,Q8LBL MOTHERBOARD,IGST18,ItemAmount,False,DHL Payments,YS0602,99381000003372864,2021-06-18,Shanghai Yousheng Weighing Apparatus Co. Ltd.
99381000003486476,16652,20/06/2021,2022-03-01,HKG,,0.00,6347.45,11443.015,944.05,18.000000,Q8LBL Dot Matrix Display Set,IGST18,ItemAmount,False,DHL Payments,YS0602,99381000003372864,2021-06-18,Shanghai Yousheng Weighing Apparatus Co. Ltd.
99381000003586795,4814718,,2021-07-26,INCOK1,,0.00,16259.33,19541.256,1612.16,18.000000,"Label Printing Scale - Smart 4.3""",IGST18,ItemAmount,true,PAYMENT ADJUSTMENT,YS220200322IN,99381000003586767,2021-07-12,Xiamen Merc Electronic Technology Co.Ltd
99381000003586795,4814718,,2021-07-26,INCOK1,,0.00,16259.33,19541.256,1612.16,18.000000,"Label Printing Scale - Smart 4.3""",IGST18,ItemAmount,true,PAYMENT ADJUSTMENT,YS220200322IN,99381000003586767,2021-07-12,Xiamen Merc Electronic Technology Co.Ltd
99381000003586795,4814718,,2021-07-26,INCOK1,,0.00,16259.33,39082.512,3224.32,18.000000,Label Printing Scale - Smart 7,IGST18,ItemAmount,true,PAYMENT ADJUSTMENT,YS220200322IN,99381000003586767,2021-07-12,Xiamen Merc Electronic Technology Co.Ltd
99381000003586795,4814718,,2021-07-26,INCOK1,,0.00,16259.33,39082.512,3224.32,18.000000,Label Printing Scale - Smart 7,IGST18,ItemAmount,true,PAYMENT ADJUSTMENT,YS220200322IN,99381000003586767,2021-07-12,Xiamen Merc Electronic Technology Co.Ltd
99381000003586953,4814718,,2021-07-26,INCOK1,,0.00,1133068.67,864866.19,71351.50,18.000000,Price Computing Scale-W,IGST18,ItemAmount,true,PAYMENT ADJUSTMENT,YS220200322IN,99381000003586857,2021-07-12,Zhejiang Sifang Import and Export Co. Ltd
99381000003586953,4814718,,2021-07-26,INCOK1,,0.00,1133068.67,864866.19,71351.50,18.000000,Price Computing Scale-W,IGST18,ItemAmount,true,PAYMENT ADJUSTMENT,YS220200322IN,99381000003586857,2021-07-12,Zhejiang Sifang Import and Export Co. Ltd
99381000003586953,4814718,,2021-07-26,INCOK1,,0.00,1133068.67,864866.19,71351.50,18.000000,Price Computing Scale-W,IGST18,ItemAmount,true,PAYMENT ADJUSTMENT,YS220200322IN,99381000003586857,2021-07-12,Zhejiang Sifang Import and Export Co. Ltd
99381000003586953,4814718,,2021-07-26,INCOK1,,0.00,1133068.67,567524.45,46820.70,18.000000,Platform Weighing Scale 200kg/20g,IGST18,ItemAmount,true,PAYMENT ADJUSTMENT,YS220200322IN,99381000003586857,2021-07-12,Zhejiang Sifang Import and Export Co. Ltd
99381000003586953,4814718,,2021-07-26,INCOK1,,0.00,1133068.67,567524.45,46820.70,18.000000,Platform Weighing Scale 200kg/20g,IGST18,ItemAmount,true,PAYMENT ADJUSTMENT,YS220200322IN,99381000003586857,2021-07-12,Zhejiang Sifang Import and Export Co. Ltd
99381000003586953,4814718,,2021-07-26,INCOK1,,0.00,1133068.67,567524.45,46820.70,18.000000,Platform Weighing Scale 200kg/20g,IGST18,ItemAmount,true,PAYMENT ADJUSTMENT,YS220200322IN,99381000003586857,2021-07-12,Zhejiang Sifang Import and Export Co. Ltd
99381000003586953,4814718,,2021-07-26,INCOK1,,0.00,1133068.67,765586.67,63160.90,18.000000,Plateform Weighing Scale 100kgx10g MS,IGST18,ItemAmount,true,PAYMENT ADJUSTMENT,YS220200322IN,99381000003586857,2021-07-12,Zhejiang Sifang Import and Export Co. Ltd
99381000003586953,4814718,,2021-07-26,INCOK1,,0.00,1133068.67,765586.67,63160.90,18.000000,Plateform Weighing Scale 100kgx10g MS,IGST18,ItemAmount,true,PAYMENT ADJUSTMENT,YS220200322IN,99381000003586857,2021-07-12,Zhejiang Sifang Import and Export Co. Ltd
99381000003586953,4814718,,2021-07-26,INCOK1,,0.00,1133068.67,765586.67,63160.90,18.000000,Plateform Weighing Scale 100kgx10g MS,IGST18,ItemAmount,true,PAYMENT ADJUSTMENT,YS220200322IN,99381000003586857,2021-07-12,Zhejiang Sifang Import and Export Co. Ltd
99381000003586953,4814718,,2021-07-26,INCOK1,,0.00,1133068.67,108553.33,8955.70,18.000000,Platform Weighing Scale 1000kg/100g (Trolley),IGST18,ItemAmount,true,PAYMENT ADJUSTMENT,YS220200322IN,99381000003586857,2021-07-12,Zhejiang Sifang Import and Export Co. Ltd
99381000003586953,4814718,,2021-07-26,INCOK1,,0.00,1133068.67,108553.33,8955.70,18.000000,Platform Weighing Scale 1000kg/100g (Trolley),IGST18,ItemAmount,true,PAYMENT ADJUSTMENT,YS220200322IN,99381000003586857,2021-07-12,Zhejiang Sifang Import and Export Co. Ltd
99381000003586953,4814718,,2021-07-26,INCOK1,,0.00,1133068.67,108553.33,8955.70,18.000000,Platform Weighing Scale 1000kg/100g (Trolley),IGST18,ItemAmount,true,PAYMENT ADJUSTMENT,YS220200322IN,99381000003586857,2021-07-12,Zhejiang Sifang Import and Export Co. Ltd
99381000003586953,4814718,,2021-07-26,INCOK1,,0.00,1133068.67,894426.48,73790.20,18.000000,Platform Weighing Scale 200kgx20g SS,IGST18,ItemAmount,true,PAYMENT ADJUSTMENT,YS220200322IN,99381000003586857,2021-07-12,Zhejiang Sifang Import and Export Co. Ltd
99381000003586953,4814718,,2021-07-26,INCOK1,,0.00,1133068.67,894426.48,73790.20,18.000000,Platform Weighing Scale 200kgx20g SS,IGST18,ItemAmount,true,PAYMENT ADJUSTMENT,YS220200322IN,99381000003586857,2021-07-12,Zhejiang Sifang Import and Export Co. Ltd
99381000003586953,4814718,,2021-07-26,INCOK1,,0.00,1133068.67,894426.48,73790.20,18.000000,Platform Weighing Scale 200kgx20g SS,IGST18,ItemAmount,true,PAYMENT ADJUSTMENT,YS220200322IN,99381000003586857,2021-07-12,Zhejiang Sifang Import and Export Co. Ltd
99381000003586953,4814718,,2021-07-26,INCOK1,,0.00,1133068.67,28622.97,2361.40,18.000000,Spare Parts,IGST18,ItemAmount,true,PAYMENT ADJUSTMENT,YS220200322IN,99381000003586857,2021-07-12,Zhejiang Sifang Import and Export Co. Ltd
99381000003586953,4814718,,2021-07-26,INCOK1,,0.00,1133068.67,28622.97,2361.40,18.000000,Spare Parts,IGST18,ItemAmount,true,PAYMENT ADJUSTMENT,YS220200322IN,99381000003586857,2021-07-12,Zhejiang Sifang Import and Export Co. Ltd
99381000003586953,4814718,,2021-07-26,INCOK1,,0.00,1133068.67,28622.97,2361.40,18.000000,Spare Parts,IGST18,ItemAmount,true,PAYMENT ADJUSTMENT,YS220200322IN,99381000003586857,2021-07-12,Zhejiang Sifang Import and Export Co. Ltd
99381000003586953,4814718,,2021-07-26,INCOK1,,0.00,1133068.67,240073.405,19806.36,18.000000,MECHANICAL KITCHEN SCALE,IGST18,ItemAmount,true,PAYMENT ADJUSTMENT,YS220200322IN,99381000003586857,2021-07-12,Zhejiang Sifang Import and Export Co. Ltd
99381000003586953,4814718,,2021-07-26,INCOK1,,0.00,1133068.67,240073.405,19806.36,18.000000,MECHANICAL KITCHEN SCALE,IGST18,ItemAmount,true,PAYMENT ADJUSTMENT,YS220200322IN,99381000003586857,2021-07-12,Zhejiang Sifang Import and Export Co. Ltd
99381000003586953,4814718,,2021-07-26,INCOK1,,0.00,1133068.67,240073.405,19806.36,18.000000,MECHANICAL KITCHEN SCALE,IGST18,ItemAmount,true,PAYMENT ADJUSTMENT,YS220200322IN,99381000003586857,2021-07-12,Zhejiang Sifang Import and Export Co. Ltd
99381000003586953,4814718,,2021-07-26,INCOK1,,0.00,1133068.67,150305.23,12400.18,18.000000,LUGGAGE SCALE,IGST18,ItemAmount,true,PAYMENT ADJUSTMENT,YS220200322IN,99381000003586857,2021-07-12,Zhejiang Sifang Import and Export Co. Ltd
99381000003586953,4814718,,2021-07-26,INCOK1,,0.00,1133068.67,150305.23,12400.18,18.000000,LUGGAGE SCALE,IGST18,ItemAmount,true,PAYMENT ADJUSTMENT,YS220200322IN,99381000003586857,2021-07-12,Zhejiang Sifang Import and Export Co. Ltd
99381000003586953,4814718,,2021-07-26,INCOK1,,0.00,1133068.67,150305.23,12400.18,18.000000,LUGGAGE SCALE,IGST18,ItemAmount,true,PAYMENT ADJUSTMENT,YS220200322IN,99381000003586857,2021-07-12,Zhejiang Sifang Import and Export Co. Ltd
99381000003586953,4814718,,2021-07-26,INCOK1,,0.00,1133068.67,150305.23,12400.18,18.000000,DIGITAL KITCHEN SCALE -10Kg,IGST18,ItemAmount,true,PAYMENT ADJUSTMENT,YS220200322IN,99381000003586857,2021-07-12,Zhejiang Sifang Import and Export Co. Ltd
99381000003586953,4814718,,2021-07-26,INCOK1,,0.00,1133068.67,150305.23,12400.18,18.000000,DIGITAL KITCHEN SCALE -10Kg,IGST18,ItemAmount,true,PAYMENT ADJUSTMENT,YS220200322IN,99381000003586857,2021-07-12,Zhejiang Sifang Import and Export Co. Ltd
99381000003586953,4814718,,2021-07-26,INCOK1,,0.00,1133068.67,150305.23,12400.18,18.000000,DIGITAL KITCHEN SCALE -10Kg,IGST18,ItemAmount,true,PAYMENT ADJUSTMENT,YS220200322IN,99381000003586857,2021-07-12,Zhejiang Sifang Import and Export Co. Ltd
99381000003586953,4814718,,2021-07-26,INCOK1,,0.00,1133068.67,78158.719,6448.08,18.000000,DIGITAL KITCHEN SCALE,IGST18,ItemAmount,true,PAYMENT ADJUSTMENT,YS220200322IN,99381000003586857,2021-07-12,Zhejiang Sifang Import and Export Co. Ltd
99381000003586953,4814718,,2021-07-26,INCOK1,,0.00,1133068.67,78158.719,6448.08,18.000000,DIGITAL KITCHEN SCALE,IGST18,ItemAmount,true,PAYMENT ADJUSTMENT,YS220200322IN,99381000003586857,2021-07-12,Zhejiang Sifang Import and Export Co. Ltd
99381000003586953,4814718,,2021-07-26,INCOK1,,0.00,1133068.67,78158.719,6448.08,18.000000,DIGITAL KITCHEN SCALE,IGST18,ItemAmount,true,PAYMENT ADJUSTMENT,YS220200322IN,99381000003586857,2021-07-12,Zhejiang Sifang Import and Export Co. Ltd
99381000003586953,4814718,,2021-07-26,INCOK1,,0.00,1133068.67,236914.544,19545.45,18.000000,GLASS ELECTRONIC PERSONAL SCALE,IGST18,ItemAmount,true,PAYMENT ADJUSTMENT,YS220200322IN,99381000003586857,2021-07-12,Zhejiang Sifang Import and Export Co. Ltd
99381000003586953,4814718,,2021-07-26,INCOK1,,0.00,1133068.67,236914.544,19545.45,18.000000,GLASS ELECTRONIC PERSONAL SCALE,IGST18,ItemAmount,true,PAYMENT ADJUSTMENT,YS220200322IN,99381000003586857,2021-07-12,Zhejiang Sifang Import and Export Co. Ltd
99381000003586953,4814718,,2021-07-26,INCOK1,,0.00,1133068.67,236914.544,19545.45,18.000000,GLASS ELECTRONIC PERSONAL SCALE,IGST18,ItemAmount,true,PAYMENT ADJUSTMENT,YS220200322IN,99381000003586857,2021-07-12,Zhejiang Sifang Import and Export Co. Ltd
99381000003664349,13310,31/07/2021,2022-03-01,BLR,,0.00,6857.12,16417.00,1806.00,18.000000,Analytical Balance 220g/1 mg,IGST18,ItemAmount,False,DHL Payments,21-YS030,99381000003634980,2021-07-12,Shanghai Yousheng Weighing Apparatus Co. Ltd.
99381000003664349,13310,31/07/2021,2022-03-01,BLR,,0.00,6857.12,638.00,52.70,18.000000,ECS5W DISPLAY SET FRONT,IGST18,ItemAmount,False,DHL Payments,21-YS030,99381000003634980,2021-07-12,Shanghai Yousheng Weighing Apparatus Co. Ltd.
99381000003664349,13310,31/07/2021,2022-03-01,BLR,,0.00,6857.12,5746.00,474.30,18.000000,ECS5W DOT  MATRIX DISPLAY,IGST18,ItemAmount,False,DHL Payments,21-YS030,99381000003634980,2021-07-12,Shanghai Yousheng Weighing Apparatus Co. Ltd.
99381000003845103,5037114,,2021-08-13,INCOK1,,0.00,449502.00,1620703.06,133708.01,18.000000,PLATFORM SCALE,IGST18,ItemAmount,true,Kotak Current Account,YS20210510IN,99381000003845079,2021-07-17,Zhejiang Sifang Import and Export Co. Ltd
99381000003845103,5037114,,2021-08-13,INCOK1,,0.00,449502.00,1620703.06,133708.01,18.000000,PLATFORM SCALE,IGST18,ItemAmount,true,Kotak Current Account,YS20210510IN,99381000003845079,2021-07-17,Zhejiang Sifang Import and Export Co. Ltd
99381000003845103,5037114,,2021-08-13,INCOK1,,0.00,449502.00,1620703.06,133708.01,18.000000,PLATFORM SCALE,IGST18,ItemAmount,true,Kotak Current Account,YS20210510IN,99381000003845079,2021-07-17,Zhejiang Sifang Import and Export Co. Ltd
99381000003949446,13920,,2021-09-08,BLR,,0.00,1243.00,4478.60,370.21,18.000000,ECS5W DOT  MATRIX DISPLAY,IGST18,ItemAmount,False,Petty Cash,YS09002,99381000003938569,2021-09-06,Shanghai Yousheng Weighing Apparatus Co. Ltd.
99381000003952046,13395,,2021-09-08,BLR,,0.00,622.00,2242.80,185.00,18.000000,MOTHER BOARD ATM/BENCH PC,IGST18,ItemAmount,False,PAYMENT ADJUSTMENT,3246702815,99381000003952026,2021-09-04,Zhejiang Sifang Import and Export Co. Ltd
99381000004088087,5790363,,2021-10-11,INCOK1,,0.00,1078984.98,1866187.40,153960.47,18.000000,Platform Scale,IGST18,ItemAmount,true,PAYMENT ADJUSTMENT,YS20210804IN,99381000004088019,2021-10-14,Zhejiang Sifang Import and Export Co. Ltd
99381000004088087,5790363,,2021-10-11,INCOK1,,0.00,1078984.98,1866187.40,153960.47,18.000000,Platform Scale,IGST18,ItemAmount,true,PAYMENT ADJUSTMENT,YS20210804IN,99381000004088019,2021-10-14,Zhejiang Sifang Import and Export Co. Ltd
99381000004088087,5790363,,2021-10-11,INCOK1,,0.00,1078984.98,1866187.40,153960.47,18.000000,Platform Scale,IGST18,ItemAmount,true,PAYMENT ADJUSTMENT,YS20210804IN,99381000004088019,2021-10-14,Zhejiang Sifang Import and Export Co. Ltd
99381000004088087,5790363,,2021-10-11,INCOK1,,0.00,1078984.98,188413.15,15544.10,18.000000,Platform Weighing Scale 450x600 SS,IGST18,ItemAmount,true,PAYMENT ADJUSTMENT,YS20210804IN,99381000004088019,2021-10-14,Zhejiang Sifang Import and Export Co. Ltd
99381000004088087,5790363,,2021-10-11,INCOK1,,0.00,1078984.98,188413.15,15544.10,18.000000,Platform Weighing Scale 450x600 SS,IGST18,ItemAmount,true,PAYMENT ADJUSTMENT,YS20210804IN,99381000004088019,2021-10-14,Zhejiang Sifang Import and Export Co. Ltd
99381000004088087,5790363,,2021-10-11,INCOK1,,0.00,1078984.98,188413.15,15544.10,18.000000,Platform Weighing Scale 450x600 SS,IGST18,ItemAmount,true,PAYMENT ADJUSTMENT,YS20210804IN,99381000004088019,2021-10-14,Zhejiang Sifang Import and Export Co. Ltd
99381000004088087,5790363,,2021-10-11,INCOK1,,0.00,1078984.98,1119712.44,92376.27,18.000000,PLATFORM SCALE,IGST18,ItemAmount,true,PAYMENT ADJUSTMENT,YS20210804IN,99381000004088019,2021-10-14,Zhejiang Sifang Import and Export Co. Ltd
99381000004088087,5790363,,2021-10-11,INCOK1,,0.00,1078984.98,1119712.44,92376.27,18.000000,PLATFORM SCALE,IGST18,ItemAmount,true,PAYMENT ADJUSTMENT,YS20210804IN,99381000004088019,2021-10-14,Zhejiang Sifang Import and Export Co. Ltd
99381000004088087,5790363,,2021-10-11,INCOK1,,0.00,1078984.98,1119712.44,92376.27,18.000000,PLATFORM SCALE,IGST18,ItemAmount,true,PAYMENT ADJUSTMENT,YS20210804IN,99381000004088019,2021-10-14,Zhejiang Sifang Import and Export Co. Ltd
99381000004088087,5790363,,2021-10-11,INCOK1,,0.00,1078984.98,95606.22,7887.50,18.000000,DIGITAL KITCHEN SCALE,IGST18,ItemAmount,true,PAYMENT ADJUSTMENT,YS20210804IN,99381000004088019,2021-10-14,Zhejiang Sifang Import and Export Co. Ltd
99381000004088087,5790363,,2021-10-11,INCOK1,,0.00,1078984.98,95606.22,7887.50,18.000000,DIGITAL KITCHEN SCALE,IGST18,ItemAmount,true,PAYMENT ADJUSTMENT,YS20210804IN,99381000004088019,2021-10-14,Zhejiang Sifang Import and Export Co. Ltd
99381000004088087,5790363,,2021-10-11,INCOK1,,0.00,1078984.98,95606.22,7887.50,18.000000,DIGITAL KITCHEN SCALE,IGST18,ItemAmount,true,PAYMENT ADJUSTMENT,YS20210804IN,99381000004088019,2021-10-14,Zhejiang Sifang Import and Export Co. Ltd
99381000004088087,5790363,,2021-10-11,INCOK1,,0.00,1078984.98,560394.54,46232.60,18.000000,Electronic weighing scale DJ600,IGST18,ItemAmount,true,PAYMENT ADJUSTMENT,YS20210804IN,99381000004088019,2021-10-14,Zhejiang Sifang Import and Export Co. Ltd
99381000004088087,5790363,,2021-10-11,INCOK1,,0.00,1078984.98,560394.54,46232.60,18.000000,Electronic weighing scale DJ600,IGST18,ItemAmount,true,PAYMENT ADJUSTMENT,YS20210804IN,99381000004088019,2021-10-14,Zhejiang Sifang Import and Export Co. Ltd
99381000004088087,5790363,,2021-10-11,INCOK1,,0.00,1078984.98,560394.54,46232.60,18.000000,Electronic weighing scale DJ600,IGST18,ItemAmount,true,PAYMENT ADJUSTMENT,YS20210804IN,99381000004088019,2021-10-14,Zhejiang Sifang Import and Export Co. Ltd
99381000004088087,5790363,,2021-10-11,INCOK1,,0.00,1078984.98,60023.05,4951.90,18.000000,Spare Parts,IGST18,ItemAmount,true,PAYMENT ADJUSTMENT,YS20210804IN,99381000004088019,2021-10-14,Zhejiang Sifang Import and Export Co. Ltd
99381000004088087,5790363,,2021-10-11,INCOK1,,0.00,1078984.98,60023.05,4951.90,18.000000,Spare Parts,IGST18,ItemAmount,true,PAYMENT ADJUSTMENT,YS20210804IN,99381000004088019,2021-10-14,Zhejiang Sifang Import and Export Co. Ltd
99381000004088087,5790363,,2021-10-11,INCOK1,,0.00,1078984.98,60023.05,4951.90,18.000000,Spare Parts,IGST18,ItemAmount,true,PAYMENT ADJUSTMENT,YS20210804IN,99381000004088019,2021-10-14,Zhejiang Sifang Import and Export Co. Ltd
99381000004088153,5790363,,2021-10-11,INCOK1,,0.00,194095.19,484490.96,39970.50,18.000000,Analytical Balance 220g /0.1mg,IGST18,ItemAmount,true,PAYMENT ADJUSTMENT,YS20210804IN,99381000004088121,2021-10-14,Weighvox International FZE LLC
99381000004088153,5790363,,2021-10-11,INCOK1,,0.00,194095.19,484490.96,39970.50,18.000000,Analytical Balance 220g /0.1mg,IGST18,ItemAmount,true,PAYMENT ADJUSTMENT,YS20210804IN,99381000004088121,2021-10-14,Weighvox International FZE LLC
99381000004088153,5790363,,2021-10-11,INCOK1,,0.00,194095.19,484490.96,39970.50,18.000000,Analytical Balance 220g /0.1mg,IGST18,ItemAmount,true,PAYMENT ADJUSTMENT,YS20210804IN,99381000004088121,2021-10-14,Weighvox International FZE LLC
99381000004088153,5790363,,2021-10-11,INCOK1,,0.00,194095.19,215329.32,17764.70,18.000000,Analytical Balance 220g/1 mg,IGST18,ItemAmount,true,PAYMENT ADJUSTMENT,YS20210804IN,99381000004088121,2021-10-14,Weighvox International FZE LLC
99381000004088153,5790363,,2021-10-11,INCOK1,,0.00,194095.19,215329.32,17764.70,18.000000,Analytical Balance 220g/1 mg,IGST18,ItemAmount,true,PAYMENT ADJUSTMENT,YS20210804IN,99381000004088121,2021-10-14,Weighvox International FZE LLC
99381000004088153,5790363,,2021-10-11,INCOK1,,0.00,194095.19,215329.32,17764.70,18.000000,Analytical Balance 220g/1 mg,IGST18,ItemAmount,true,PAYMENT ADJUSTMENT,YS20210804IN,99381000004088121,2021-10-14,Weighvox International FZE LLC
99381000004088427,5790515,,2021-10-11,INCOK1,,0.00,1377573.83,4735456.27,390675.10,18.000000,Bill Printing scale Q8POS,IGST18,ItemAmount,true,PAYMENT ADJUSTMENT,30049319,99381000004088389,2021-10-14,Shanghai Yousheng Weighing Apparatus Co. Ltd.
99381000004088427,5790515,,2021-10-11,INCOK1,,0.00,1377573.83,4735456.27,390675.10,18.000000,Bill Printing scale Q8POS,IGST18,ItemAmount,true,PAYMENT ADJUSTMENT,30049319,99381000004088389,2021-10-14,Shanghai Yousheng Weighing Apparatus Co. Ltd.
99381000004088427,5790515,,2021-10-11,INCOK1,,0.00,1377573.83,4735456.27,390675.10,18.000000,Bill Printing scale Q8POS,IGST18,ItemAmount,true,PAYMENT ADJUSTMENT,30049319,99381000004088389,2021-10-14,Shanghai Yousheng Weighing Apparatus Co. Ltd.
99381000004088427,5790515,,2021-10-11,INCOK1,,0.00,1377573.83,231458.19,19095.43,18.000000,Spare Parts,IGST18,ItemAmount,true,PAYMENT ADJUSTMENT,30049319,99381000004088389,2021-10-14,Shanghai Yousheng Weighing Apparatus Co. Ltd.
99381000004088427,5790515,,2021-10-11,INCOK1,,0.00,1377573.83,231458.19,19095.43,18.000000,Spare Parts,IGST18,ItemAmount,true,PAYMENT ADJUSTMENT,30049319,99381000004088389,2021-10-14,Shanghai Yousheng Weighing Apparatus Co. Ltd.
99381000004088427,5790515,,2021-10-11,INCOK1,,0.00,1377573.83,231458.19,19095.43,18.000000,Spare Parts,IGST18,ItemAmount,true,PAYMENT ADJUSTMENT,30049319,99381000004088389,2021-10-14,Shanghai Yousheng Weighing Apparatus Co. Ltd.
99381000004205972,5975121,5975121/24/10/2021,2022-01-01,INCOK1,,0.00,650876.00,1284810.00,105996.67,18.000000,ELECTRONIC PLATFORM SCALE-100kg,IGST18,ItemAmount,true,Duty payment Parking,QC20210828,99381000004205944,2021-10-24,Yongkang Quancheng Import & Export Co. Ltd
99381000004205972,5975121,5975121/24/10/2021,2022-01-01,INCOK1,,0.00,650876.00,1284810.00,105996.67,18.000000,ELECTRONIC PLATFORM SCALE-100kg,IGST18,ItemAmount,true,Duty payment Parking,QC20210828,99381000004205944,2021-10-24,Yongkang Quancheng Import & Export Co. Ltd
99381000004205972,5975121,5975121/24/10/2021,2022-01-01,INCOK1,,0.00,650876.00,1061958.00,87611.60,18.000000,ELECTRONIC PLATFORM SCALE,IGST18,ItemAmount,true,Duty payment Parking,QC20210828,99381000004205944,2021-10-24,Yongkang Quancheng Import & Export Co. Ltd
99381000004205972,5975121,5975121/24/10/2021,2022-01-01,INCOK1,,0.00,650876.00,1061958.00,87611.60,18.000000,ELECTRONIC PLATFORM SCALE,IGST18,ItemAmount,true,Duty payment Parking,QC20210828,99381000004205944,2021-10-24,Yongkang Quancheng Import & Export Co. Ltd
99381000004237352,5975319,5975319/24/10/2021,2022-01-01,INCOK1,,0.00,539786.00,1038220.29,85653.20,18.000000,Floor Scale 1mx1m,IGST18,ItemAmount,true,Duty payment Parking,30049348,99381000004237232,2021-10-24,Shanghai Yousheng Weighing Apparatus Co. Ltd.
99381000004237352,5975319,5975319/24/10/2021,2022-01-01,INCOK1,,0.00,539786.00,1038220.29,85653.20,18.000000,Floor Scale 1mx1m,IGST18,ItemAmount,true,Duty payment Parking,30049348,99381000004237232,2021-10-24,Shanghai Yousheng Weighing Apparatus Co. Ltd.
99381000004237352,5975319,5975319/24/10/2021,2022-01-01,INCOK1,,0.00,539786.00,1038220.29,85653.20,18.000000,Floor Scale 1mx1m,IGST18,ItemAmount,true,Duty payment Parking,30049348,99381000004237232,2021-10-24,Shanghai Yousheng Weighing Apparatus Co. Ltd.
99381000004237352,5975319,5975319/24/10/2021,2022-01-01,INCOK1,,0.00,539786.00,398793.03,32900.40,18.000000,Floor Scale 1.2mx1.2m,IGST18,ItemAmount,true,Duty payment Parking,30049348,99381000004237232,2021-10-24,Shanghai Yousheng Weighing Apparatus Co. Ltd.
99381000004237352,5975319,5975319/24/10/2021,2022-01-01,INCOK1,,0.00,539786.00,398793.03,32900.40,18.000000,Floor Scale 1.2mx1.2m,IGST18,ItemAmount,true,Duty payment Parking,30049348,99381000004237232,2021-10-24,Shanghai Yousheng Weighing Apparatus Co. Ltd.
99381000004237352,5975319,5975319/24/10/2021,2022-01-01,INCOK1,,0.00,539786.00,398793.03,32900.40,18.000000,Floor Scale 1.2mx1.2m,IGST18,ItemAmount,true,Duty payment Parking,30049348,99381000004237232,2021-10-24,Shanghai Yousheng Weighing Apparatus Co. Ltd.
99381000004237352,5975319,5975319/24/10/2021,2022-01-01,INCOK1,,0.00,539786.00,176594.48,14569.10,18.000000,Floor Scale 1.5mx1.5m,IGST18,ItemAmount,true,Duty payment Parking,30049348,99381000004237232,2021-10-24,Shanghai Yousheng Weighing Apparatus Co. Ltd.
99381000004237352,5975319,5975319/24/10/2021,2022-01-01,INCOK1,,0.00,539786.00,176594.48,14569.10,18.000000,Floor Scale 1.5mx1.5m,IGST18,ItemAmount,true,Duty payment Parking,30049348,99381000004237232,2021-10-24,Shanghai Yousheng Weighing Apparatus Co. Ltd.
99381000004237352,5975319,5975319/24/10/2021,2022-01-01,INCOK1,,0.00,539786.00,176594.48,14569.10,18.000000,Floor Scale 1.5mx1.5m,IGST18,ItemAmount,true,Duty payment Parking,30049348,99381000004237232,2021-10-24,Shanghai Yousheng Weighing Apparatus Co. Ltd.
99381000004237352,5975319,5975319/24/10/2021,2022-01-01,INCOK1,,0.00,539786.00,50455.57,4162.60,18.000000,Floor Scale Indicator,IGST18,ItemAmount,true,Duty payment Parking,30049348,99381000004237232,2021-10-24,Shanghai Yousheng Weighing Apparatus Co. Ltd.
99381000004237352,5975319,5975319/24/10/2021,2022-01-01,INCOK1,,0.00,539786.00,50455.57,4162.60,18.000000,Floor Scale Indicator,IGST18,ItemAmount,true,Duty payment Parking,30049348,99381000004237232,2021-10-24,Shanghai Yousheng Weighing Apparatus Co. Ltd.
99381000004237352,5975319,5975319/24/10/2021,2022-01-01,INCOK1,,0.00,539786.00,50455.57,4162.60,18.000000,Floor Scale Indicator,IGST18,ItemAmount,true,Duty payment Parking,30049348,99381000004237232,2021-10-24,Shanghai Yousheng Weighing Apparatus Co. Ltd.
99381000004237352,5975319,5975319/24/10/2021,2022-01-01,INCOK1,,0.00,539786.00,29885.22,2465.55,18.000000,Spare Parts,IGST18,ItemAmount,true,Duty payment Parking,30049348,99381000004237232,2021-10-24,Shanghai Yousheng Weighing Apparatus Co. Ltd.
99381000004237352,5975319,5975319/24/10/2021,2022-01-01,INCOK1,,0.00,539786.00,29885.22,2465.55,18.000000,Spare Parts,IGST18,ItemAmount,true,Duty payment Parking,30049348,99381000004237232,2021-10-24,Shanghai Yousheng Weighing Apparatus Co. Ltd.
99381000004237352,5975319,5975319/24/10/2021,2022-01-01,INCOK1,,0.00,539786.00,29885.22,2465.55,18.000000,Spare Parts,IGST18,ItemAmount,true,Duty payment Parking,30049348,99381000004237232,2021-10-24,Shanghai Yousheng Weighing Apparatus Co. Ltd.
99381000004237352,5975319,5975319/24/10/2021,2022-01-01,INCOK1,,0.00,539786.00,252277.83,20812.92,18.000000,Label Printing Scale Q9LBL,IGST18,ItemAmount,true,Duty payment Parking,30049348,99381000004237232,2021-10-24,Shanghai Yousheng Weighing Apparatus Co. Ltd.
99381000004237352,5975319,5975319/24/10/2021,2022-01-01,INCOK1,,0.00,539786.00,252277.83,20812.92,18.000000,Label Printing Scale Q9LBL,IGST18,ItemAmount,true,Duty payment Parking,30049348,99381000004237232,2021-10-24,Shanghai Yousheng Weighing Apparatus Co. Ltd.
99381000004237352,5975319,5975319/24/10/2021,2022-01-01,INCOK1,,0.00,539786.00,252277.83,20812.92,18.000000,Label Printing Scale Q9LBL,IGST18,ItemAmount,true,Duty payment Parking,30049348,99381000004237232,2021-10-24,Shanghai Yousheng Weighing Apparatus Co. Ltd.
99381000004389303,6449113,29/11/2021,2022-01-01,INCOK1,,0.00,1116121.26,2286795.00,188660.60,18.000000,ELECTRONIC PLATFORM SCALE 50-100kg,IGST18,ItemAmount,False,Duty payment Parking,QC20211005,99381000004389255,2021-12-03,Yongkang Quancheng Import & Export Co. Ltd
99381000004389303,6449113,29/11/2021,2022-01-01,INCOK1,,0.00,1116121.26,1652200.00,136306.50,18.000000,ELECTRONIC PLATFORM SCALE-100kg,IGST18,ItemAmount,False,Duty payment Parking,QC20211005,99381000004389255,2021-12-03,Yongkang Quancheng Import & Export Co. Ltd
99381000004389303,6449113,29/11/2021,2022-01-01,INCOK1,,0.00,1116121.26,54072.00,4460.90,18.000000,DIGITAL HEIGHT AND WEIGHT SCALE,IGST18,ItemAmount,False,Duty payment Parking,QC20211005,99381000004389255,2021-12-03,Yongkang Quancheng Import & Export Co. Ltd
99381000004389303,6449113,29/11/2021,2022-01-01,INCOK1,,0.00,1116121.26,31166.83,2571.30,18.000000,Spare Parts,IGST18,ItemAmount,False,Duty payment Parking,QC20211005,99381000004389255,2021-12-03,Yongkang Quancheng Import & Export Co. Ltd
99381000004681909,7233138,25/01/2022,2022-02-01,INCOK1,,0.00,889416.73,508275.00,41932.70,18.000000,CHICKEN SCALE 50Kg/5g,IGST18,ItemAmount,False,Duty payment Parking,ST2011217,99381000004681843,2022-01-17,"ZHEJIANG NEW VISION IMP & EXP  CO, LTD"
99381000004681909,7233138,25/01/2022,2022-02-01,INCOK1,,0.00,889416.73,884775.00,72993.90,18.000000,CHICKEN SCALE 300Kg/50g,IGST18,ItemAmount,False,Duty payment Parking,ST2011217,99381000004681843,2022-01-17,"ZHEJIANG NEW VISION IMP & EXP  CO, LTD"
99381000004681909,7233138,25/01/2022,2022-02-01,INCOK1,,0.00,889416.73,997725.00,82312.30,18.000000,PLATFORM SCALE 40X40 SS (150Kgx20g),IGST18,ItemAmount,False,Duty payment Parking,ST2011217,99381000004681843,2022-01-17,"ZHEJIANG NEW VISION IMP & EXP  CO, LTD"
99381000004681909,7233138,25/01/2022,2022-02-01,INCOK1,,0.00,889416.73,759024.00,62619.50,18.000000,Platform Weighing Scale 30x34 MS,IGST18,ItemAmount,False,Duty payment Parking,ST2011217,99381000004681843,2022-01-17,"ZHEJIANG NEW VISION IMP & EXP  CO, LTD"
99381000004681909,7233138,25/01/2022,2022-02-01,INCOK1,,0.00,889416.73,54216.00,4472.80,18.000000,RED LED DOUBLE DISPLAY INDICATOR,IGST18,ItemAmount,False,Duty payment Parking,ST2011217,99381000004681843,2022-01-17,"ZHEJIANG NEW VISION IMP & EXP  CO, LTD"
99381000004681909,7233138,25/01/2022,2022-02-01,INCOK1,,0.00,889416.73,2823.75,233.00,18.000000,Spare Parts,IGST18,ItemAmount,False,Duty payment Parking,ST2011217,99381000004681843,2022-01-17,"ZHEJIANG NEW VISION IMP & EXP  CO, LTD"
99381000004689947,7233138,25/01/2022,2022-02-01,INCOK1,,0.00,160079.35,466483.50,38484.89,18.000000,Analytical Scale 200g/0.0001g -External,IGST18,ItemAmount,False,Duty payment Parking,ST20211217,99381000004689919,2022-01-17,"HIMMEL (CHANGZHOU) SCIENTIFIC INSTRUMENTS CO.,LTD"
99381000004689947,7233138,25/01/2022,2022-02-01,INCOK1,,0.00,160079.35,110691.00,9132.01,18.000000,Analytical Scale 200g/0.0001g - Internal,IGST18,ItemAmount,False,Duty payment Parking,ST20211217,99381000004689919,2022-01-17,"HIMMEL (CHANGZHOU) SCIENTIFIC INSTRUMENTS CO.,LTD"
99381000004845309,7444816,,2022-02-11,INCOK1,,0.00,612851.00,2204304.55,181855.10,18.000000,Platform scale -Foldable,IGST18,ItemAmount,False,Duty payment Parking,INV-032,99381000004845271,2022-02-24,Weighvox International FZE LLC
99381000004845309,7444816,,2022-02-11,INCOK1,,0.00,612851.00,766.02,63.20,18.000000,Normal Weighing Scale (Sample),IGST18,ItemAmount,False,Duty payment Parking,INV-032,99381000004845271,2022-02-24,Weighvox International FZE LLC
99381000004845309,7444816,,2022-02-11,INCOK1,,0.00,612851.00,4596.13,379.15,18.000000,Spare Parts,IGST18,ItemAmount,False,Duty payment Parking,INV-032,99381000004845271,2022-02-24,Weighvox International FZE LLC
99381000005125975,8173167,,2022-04-07,INCOK1,,0.00,809394.00,2327703.442,192035.76,18.000000,Platform Weighing Scale (FG),IGST18,ItemAmount,true,Duty payment Parking,INV-2215,99381000005125927,2022-04-13,Weighvox International FZE LLC
99381000005125975,8173167,,2022-04-07,INCOK1,,0.00,809394.00,2327703.442,192035.76,18.000000,Platform Weighing Scale (FG),IGST18,ItemAmount,true,Duty payment Parking,INV-2215,99381000005125927,2022-04-13,Weighvox International FZE LLC
99381000005125975,8173167,,2022-04-07,INCOK1,,0.00,809394.00,554214.50,45722.78,18.000000,Platform Weighing Scale(GG),IGST18,ItemAmount,true,Duty payment Parking,INV-2215,99381000005125927,2022-04-13,Weighvox International FZE LLC
99381000005125975,8173167,,2022-04-07,INCOK1,,0.00,809394.00,554214.50,45722.78,18.000000,Platform Weighing Scale(GG),IGST18,ItemAmount,true,Duty payment Parking,INV-2215,99381000005125927,2022-04-13,Weighvox International FZE LLC
99381000005125975,8173167,,2022-04-07,INCOK1,,0.00,809394.00,35469.728,2926.24,18.000000,Platform scale -Bench,IGST18,ItemAmount,true,Duty payment Parking,INV-2215,99381000005125927,2022-04-13,Weighvox International FZE LLC
99381000005125975,8173167,,2022-04-07,INCOK1,,0.00,809394.00,35469.728,2926.24,18.000000,Platform scale -Bench,IGST18,ItemAmount,true,Duty payment Parking,INV-2215,99381000005125927,2022-04-13,Weighvox International FZE LLC
99381000005125975,8173167,,2022-04-07,INCOK1,,0.00,809394.00,923.69,76.20,18.000000,Spare Parts,IGST18,ItemAmount,true,Duty payment Parking,INV-2215,99381000005125927,2022-04-13,Weighvox International FZE LLC
99381000005125975,8173167,,2022-04-07,INCOK1,,0.00,809394.00,923.69,76.20,18.000000,Spare Parts,IGST18,ItemAmount,true,Duty payment Parking,INV-2215,99381000005125927,2022-04-13,Weighvox International FZE LLC
99381000005480053,8837439,26.05.2022,2022-06-01,INCOK1,,0.00,735071.00,501060.32,41337.50,18.000000,PLATFORM PRICE COMPUTING SCALE (GREEN),IGST18,ItemAmount,False,Duty payment Parking,INV-2231,99381000005463403,2022-06-01,Weighvox International FZE LLC
99381000005480053,8837439,26.05.2022,2022-06-01,INCOK1,,0.00,735071.00,501060.32,41337.50,18.000000,PLATFORM PRICE COMPUTING SCALE (RED),IGST18,ItemAmount,False,Duty payment Parking,INV-2231,99381000005463403,2022-06-01,Weighvox International FZE LLC
99381000005480053,8837439,26.05.2022,2022-06-01,INCOK1,,0.00,735071.00,1635460.90,134925.71,18.000000,Platform scale -Bench,IGST18,ItemAmount,False,Duty payment Parking,INV-2231,99381000005463403,2022-06-01,Weighvox International FZE LLC
99381000005480053,8837439,26.05.2022,2022-06-01,INCOK1,,0.00,735071.00,12754.26,1052.30,18.000000,Spare Parts,IGST18,ItemAmount,False,Duty payment Parking,INV-2231,99381000005463403,2022-06-01,Weighvox International FZE LLC
99381000005611887,9104839,,2022-06-14,INMAA1,,0.00,299721.99,103093.10,8505.21,18.000000,SIMPLE VALUE COUNTING MACHINE ECONOMIC,IGST18,ItemAmount,False,Duty payment Parking,INV-2232,99381000005611837,2022-06-14,Weighvox International FZE LLC
99381000005611887,9104839,,2022-06-14,INMAA1,,0.00,299721.99,762888.92,62938.40,18.000000,Analytical Balance 220g /0.1mg,IGST18,ItemAmount,False,Duty payment Parking,INV-2232,99381000005611837,2022-06-14,Weighvox International FZE LLC
99381000005611887,9104839,,2022-06-14,INMAA1,,0.00,299721.99,192165.53,15853.67,18.000000,Spare Parts,IGST18,ItemAmount,False,Duty payment Parking,INV-2232,99381000005611837,2022-06-14,Weighvox International FZE LLC
99381000005611887,9104839,,2022-06-14,INMAA1,,0.00,299721.99,12123.75,1000.20,18.000000,Spare Parts,IGST18,ItemAmount,False,Duty payment Parking,INV-2232,99381000005611837,2022-06-14,Weighvox International FZE LLC
99381000005611887,9104839,,2022-06-14,INMAA1,,0.00,299721.99,10391.78,857.30,18.000000,Spare Parts,IGST18,ItemAmount,False,Duty payment Parking,INV-2232,99381000005611837,2022-06-14,Weighvox International FZE LLC
99381000005616245,9103879,,2022-06-14,INMAA1,,0.00,702293.48,1188054.36,98014.50,18.000000,Platform Weighing Scale 30x34 MS,IGST18,ItemAmount,False,Duty payment Parking,ST20210910,99381000005611919,2022-06-14,"ZHEJIANG NEW VISION IMP & EXP  CO, LTD"
99381000005616245,9103879,,2022-06-14,INMAA1,,0.00,702293.48,920179.80,75914.80,18.000000,Platform Weighing Scale 40X50 SS,IGST18,ItemAmount,False,Duty payment Parking,ST20210910,99381000005611919,2022-06-14,"ZHEJIANG NEW VISION IMP & EXP  CO, LTD"
99381000005616245,9103879,,2022-06-14,INMAA1,,0.00,702293.48,288621.21,23811.30,18.000000,Spare Parts,IGST18,ItemAmount,False,Duty payment Parking,ST20210910,99381000005611919,2022-06-14,"ZHEJIANG NEW VISION IMP & EXP  CO, LTD"
99381000005616245,9103879,,2022-06-14,INMAA1,,0.00,702293.48,135300.51,11162.30,18.000000,Indicator,IGST18,ItemAmount,False,Duty payment Parking,ST20210910,99381000005611919,2022-06-14,"ZHEJIANG NEW VISION IMP & EXP  CO, LTD"
99381000005616303,9103879,,2022-06-14,INMAA1,,0.00,250603.53,670964.44,55354.41,18.000000,Analytical Scale 200g/0.0001g -External,IGST18,ItemAmount,False,Duty payment Parking,ST20210910,99381000005616275,2022-06-14,"HIMMEL (CHANGZHOU) SCIENTIFIC INSTRUMENTS CO.,LTD"
99381000005616303,9103879,,2022-06-14,INMAA1,,0.00,250603.53,232601.00,19189.45,18.000000,Analytical Scale 200g/0.0001g - Internal,IGST18,ItemAmount,False,Duty payment Parking,ST20210910,99381000005616275,2022-06-14,"HIMMEL (CHANGZHOU) SCIENTIFIC INSTRUMENTS CO.,LTD"
99381000006410210,2675314,30/09/2022,2022-10-01,INCOK1,,0.00,152688.12,297278.53,24525.50,18.000000,Spare Parts,IGST18,ItemAmount,False,Duty payment Parking,INV 2258,99381000006409668,2022-10-10,Weighvox International FZE LLC
99381000006410210,2675314,30/09/2022,2022-10-01,INCOK1,,0.00,152688.12,165760.34,13675.20,18.000000,Spare Parts,IGST18,ItemAmount,False,Duty payment Parking,INV 2258,99381000006409668,2022-10-10,Weighvox International FZE LLC
99381000006410210,2675314,30/09/2022,2022-10-01,INCOK1,,0.00,152688.12,87486.28,7217.60,18.000000,Spare Parts,IGST18,ItemAmount,False,Duty payment Parking,INV 2258,99381000006409668,2022-10-10,Weighvox International FZE LLC
99381000006410236,2675314,30/09/2022,2022-10-01,INCOK1,,0.00,1107001.88,606280.21,50018.15,18.000000,Platform Scale Full SS,IGST18,ItemAmount,true,Duty payment Parking,INV 2258,99381000006409576,2022-10-10,Weighvox International FZE LLC
99381000006410236,2675314,30/09/2022,2022-10-01,INCOK1,,0.00,1107001.88,606280.21,50018.15,18.000000,Platform Scale Full SS,IGST18,ItemAmount,true,Duty payment Parking,INV 2258,99381000006409576,2022-10-10,Weighvox International FZE LLC
99381000006410236,2675314,30/09/2022,2022-10-01,INCOK1,,0.00,1107001.88,606280.21,50018.15,18.000000,Platform Scale Full SS,IGST18,ItemAmount,true,Duty payment Parking,INV 2258,99381000006409576,2022-10-10,Weighvox International FZE LLC
99381000006410236,2675314,30/09/2022,2022-10-01,INCOK1,,0.00,1107001.88,1467932.99,121104.50,18.000000,PLATFORM PRICE COMPUTING SCALE (RED),IGST18,ItemAmount,true,Duty payment Parking,INV 2258,99381000006409576,2022-10-10,Weighvox International FZE LLC
99381000006410236,2675314,30/09/2022,2022-10-01,INCOK1,,0.00,1107001.88,1467932.99,121104.50,18.000000,PLATFORM PRICE COMPUTING SCALE (RED),IGST18,ItemAmount,true,Duty payment Parking,INV 2258,99381000006409576,2022-10-10,Weighvox International FZE LLC
99381000006410236,2675314,30/09/2022,2022-10-01,INCOK1,,0.00,1107001.88,1467932.99,121104.50,18.000000,PLATFORM PRICE COMPUTING SCALE (RED),IGST18,ItemAmount,true,Duty payment Parking,INV 2258,99381000006409576,2022-10-10,Weighvox International FZE LLC
99381000006410236,2675314,30/09/2022,2022-10-01,INCOK1,,0.00,1107001.88,892692.93,73647.29,18.000000,ECONOMIC BENCH MS,IGST18,ItemAmount,true,Duty payment Parking,INV 2258,99381000006409576,2022-10-10,Weighvox International FZE LLC
99381000006410236,2675314,30/09/2022,2022-10-01,INCOK1,,0.00,1107001.88,892692.93,73647.29,18.000000,ECONOMIC BENCH MS,IGST18,ItemAmount,true,Duty payment Parking,INV 2258,99381000006409576,2022-10-10,Weighvox International FZE LLC
99381000006410236,2675314,30/09/2022,2022-10-01,INCOK1,,0.00,1107001.88,892692.93,73647.29,18.000000,ECONOMIC BENCH MS,IGST18,ItemAmount,true,Duty payment Parking,INV 2258,99381000006409576,2022-10-10,Weighvox International FZE LLC
99381000006410236,2675314,30/09/2022,2022-10-01,INCOK1,,0.00,1107001.88,436994.18,36052.19,18.000000,Price Computing Scale with Pole-Green,IGST18,ItemAmount,true,Duty payment Parking,INV 2258,99381000006409576,2022-10-10,Weighvox International FZE LLC
99381000006410236,2675314,30/09/2022,2022-10-01,INCOK1,,0.00,1107001.88,436994.18,36052.19,18.000000,Price Computing Scale with Pole-Green,IGST18,ItemAmount,true,Duty payment Parking,INV 2258,99381000006409576,2022-10-10,Weighvox International FZE LLC
99381000006410236,2675314,30/09/2022,2022-10-01,INCOK1,,0.00,1107001.88,436994.18,36052.19,18.000000,Price Computing Scale with Pole-Green,IGST18,ItemAmount,true,Duty payment Parking,INV 2258,99381000006409576,2022-10-10,Weighvox International FZE LLC
99381000006410236,2675314,30/09/2022,2022-10-01,INCOK1,,0.00,1107001.88,86611.46,7145.57,18.000000,FLOOR SCALE WITH INDICATOR,IGST18,ItemAmount,true,Duty payment Parking,INV 2258,99381000006409576,2022-10-10,Weighvox International FZE LLC
99381000006410236,2675314,30/09/2022,2022-10-01,INCOK1,,0.00,1107001.88,86611.46,7145.57,18.000000,FLOOR SCALE WITH INDICATOR,IGST18,ItemAmount,true,Duty payment Parking,INV 2258,99381000006409576,2022-10-10,Weighvox International FZE LLC
99381000006410236,2675314,30/09/2022,2022-10-01,INCOK1,,0.00,1107001.88,86611.46,7145.57,18.000000,FLOOR SCALE WITH INDICATOR,IGST18,ItemAmount,true,Duty payment Parking,INV 2258,99381000006409576,2022-10-10,Weighvox International FZE LLC
99381000006410236,2675314,30/09/2022,2022-10-01,INCOK1,,0.00,1107001.88,81187.31,6697.90,18.000000,ELECTRONIC WEIGHING SCALE 600.81g/10mg,IGST18,ItemAmount,true,Duty payment Parking,INV 2258,99381000006409576,2022-10-10,Weighvox International FZE LLC
99381000006410236,2675314,30/09/2022,2022-10-01,INCOK1,,0.00,1107001.88,81187.31,6697.90,18.000000,ELECTRONIC WEIGHING SCALE 600.81g/10mg,IGST18,ItemAmount,true,Duty payment Parking,INV 2258,99381000006409576,2022-10-10,Weighvox International FZE LLC
99381000006410236,2675314,30/09/2022,2022-10-01,INCOK1,,0.00,1107001.88,81187.31,6697.90,18.000000,ELECTRONIC WEIGHING SCALE 600.81g/10mg,IGST18,ItemAmount,true,Duty payment Parking,INV 2258,99381000006409576,2022-10-10,Weighvox International FZE LLC
99381000006410236,2675314,30/09/2022,2022-10-01,INCOK1,,0.00,1107001.88,24496.17,2020.90,18.000000,ELECTRONIC WEIGHING SCALE 2000.81g/10mg,IGST18,ItemAmount,true,Duty payment Parking,INV 2258,99381000006409576,2022-10-10,Weighvox International FZE LLC
99381000006410236,2675314,30/09/2022,2022-10-01,INCOK1,,0.00,1107001.88,24496.17,2020.90,18.000000,ELECTRONIC WEIGHING SCALE 2000.81g/10mg,IGST18,ItemAmount,true,Duty payment Parking,INV 2258,99381000006409576,2022-10-10,Weighvox International FZE LLC
99381000006410236,2675314,30/09/2022,2022-10-01,INCOK1,,0.00,1107001.88,24496.17,2020.90,18.000000,ELECTRONIC WEIGHING SCALE 2000.81g/10mg,IGST18,ItemAmount,true,Duty payment Parking,INV 2258,99381000006409576,2022-10-10,Weighvox International FZE LLC
99381000006410236,2675314,30/09/2022,2022-10-01,INCOK1,,0.00,1107001.88,34994.53,1924.70,18.000000,IRON SEALING MACHINE 20CM,IGST18,ItemAmount,true,Duty payment Parking,INV 2258,99381000006409576,2022-10-10,Weighvox International FZE LLC
99381000006410236,2675314,30/09/2022,2022-10-01,INCOK1,,0.00,1107001.88,34994.53,1924.70,18.000000,IRON SEALING MACHINE 20CM,IGST18,ItemAmount,true,Duty payment Parking,INV 2258,99381000006409576,2022-10-10,Weighvox International FZE LLC
99381000006410236,2675314,30/09/2022,2022-10-01,INCOK1,,0.00,1107001.88,34994.53,1924.70,18.000000,IRON SEALING MACHINE 20CM,IGST18,ItemAmount,true,Duty payment Parking,INV 2258,99381000006409576,2022-10-10,Weighvox International FZE LLC
99381000006410236,2675314,30/09/2022,2022-10-01,INCOK1,,0.00,1107001.88,45930.32,2526.20,18.000000,IRON SEALING MACHINE 30CM,IGST18,ItemAmount,true,Duty payment Parking,INV 2258,99381000006409576,2022-10-10,Weighvox International FZE LLC
99381000006410236,2675314,30/09/2022,2022-10-01,INCOK1,,0.00,1107001.88,45930.32,2526.20,18.000000,IRON SEALING MACHINE 30CM,IGST18,ItemAmount,true,Duty payment Parking,INV 2258,99381000006409576,2022-10-10,Weighvox International FZE LLC
99381000006410236,2675314,30/09/2022,2022-10-01,INCOK1,,0.00,1107001.88,45930.32,2526.20,18.000000,IRON SEALING MACHINE 30CM,IGST18,ItemAmount,true,Duty payment Parking,INV 2258,99381000006409576,2022-10-10,Weighvox International FZE LLC
99381000006410236,2675314,30/09/2022,2022-10-01,INCOK1,,0.00,1107001.88,323699.39,26705.29,18.000000,Price Computing scale -W,IGST18,ItemAmount,true,Duty payment Parking,INV 2258,99381000006409576,2022-10-10,Weighvox International FZE LLC
99381000006410236,2675314,30/09/2022,2022-10-01,INCOK1,,0.00,1107001.88,323699.39,26705.29,18.000000,Price Computing scale -W,IGST18,ItemAmount,true,Duty payment Parking,INV 2258,99381000006409576,2022-10-10,Weighvox International FZE LLC
99381000006410236,2675314,30/09/2022,2022-10-01,INCOK1,,0.00,1107001.88,323699.39,26705.29,18.000000,Price Computing scale -W,IGST18,ItemAmount,true,Duty payment Parking,INV 2258,99381000006409576,2022-10-10,Weighvox International FZE LLC
99381000006722221,3243802,,2022-11-10,INCOK1,,0.00,1054687.81,1460649.96,120503.61,18.000000,PLATFORM SCALE-BENCH (G),IGST18,ItemAmount,true,Duty payment Parking,YS20220826IN,99381000006702037,2022-11-17,Zhejiang Sifang Import and Export Co. Ltd
99381000006722221,3243802,,2022-11-10,INCOK1,,0.00,1054687.81,1460649.96,120503.61,18.000000,PLATFORM SCALE-BENCH (G),IGST18,ItemAmount,true,Duty payment Parking,YS20220826IN,99381000006702037,2022-11-17,Zhejiang Sifang Import and Export Co. Ltd
99381000006722221,3243802,,2022-11-10,INCOK1,,0.00,1054687.81,1460649.96,120503.61,18.000000,PLATFORM SCALE-BENCH (G),IGST18,ItemAmount,true,Duty payment Parking,YS20220826IN,99381000006702037,2022-11-17,Zhejiang Sifang Import and Export Co. Ltd
99381000006722221,3243802,,2022-11-10,INCOK1,,0.00,1054687.81,1614755.20,133217.24,18.000000,PLATFORM SCALE - BENCH(O),IGST18,ItemAmount,true,Duty payment Parking,YS20220826IN,99381000006702037,2022-11-17,Zhejiang Sifang Import and Export Co. Ltd
99381000006722221,3243802,,2022-11-10,INCOK1,,0.00,1054687.81,1614755.20,133217.24,18.000000,PLATFORM SCALE - BENCH(O),IGST18,ItemAmount,true,Duty payment Parking,YS20220826IN,99381000006702037,2022-11-17,Zhejiang Sifang Import and Export Co. Ltd
99381000006722221,3243802,,2022-11-10,INCOK1,,0.00,1054687.81,1614755.20,133217.24,18.000000,PLATFORM SCALE - BENCH(O),IGST18,ItemAmount,true,Duty payment Parking,YS20220826IN,99381000006702037,2022-11-17,Zhejiang Sifang Import and Export Co. Ltd
99381000006722221,3243802,,2022-11-10,INCOK1,,0.00,1054687.81,727327.51,60004.51,18.000000,PRICE COMPUTING SCALE - GOLD,IGST18,ItemAmount,true,Duty payment Parking,YS20220826IN,99381000006702037,2022-11-17,Zhejiang Sifang Import and Export Co. Ltd
99381000006722221,3243802,,2022-11-10,INCOK1,,0.00,1054687.81,727327.51,60004.51,18.000000,PRICE COMPUTING SCALE - GOLD,IGST18,ItemAmount,true,Duty payment Parking,YS20220826IN,99381000006702037,2022-11-17,Zhejiang Sifang Import and Export Co. Ltd
99381000006722221,3243802,,2022-11-10,INCOK1,,0.00,1054687.81,727327.51,60004.51,18.000000,PRICE COMPUTING SCALE - GOLD,IGST18,ItemAmount,true,Duty payment Parking,YS20220826IN,99381000006702037,2022-11-17,Zhejiang Sifang Import and Export Co. Ltd
99381000006722247,3243802,,2022-11-10,INCOK1,,0.00,24329.19,87720.11,7236.92,18.000000,Spare Parts,IGST18,ItemAmount,False,Duty payment Parking,YS20220826IN-1,99381000006702075,2022-11-17,Zhejiang Sifang Import and Export Co. Ltd
99381000006722321,3296926,,2022-11-14,INCOK1,,0.00,1287081.88,1652147.27,136302.00,18.000000,Label Printing scale Q9,IGST18,ItemAmount,true,Duty payment Parking,01886460,99381000006702257,2022-11-17,Shanghai Yousheng Weighing Apparatus Co. Ltd.
99381000006722321,3296926,,2022-11-14,INCOK1,,0.00,1287081.88,1652147.27,136302.00,18.000000,Label Printing scale Q9,IGST18,ItemAmount,true,Duty payment Parking,01886460,99381000006702257,2022-11-17,Shanghai Yousheng Weighing Apparatus Co. Ltd.
99381000006722321,3296926,,2022-11-14,INCOK1,,0.00,1287081.88,1652147.27,136302.00,18.000000,Label Printing scale Q9,IGST18,ItemAmount,true,Duty payment Parking,01886460,99381000006702257,2022-11-17,Shanghai Yousheng Weighing Apparatus Co. Ltd.
99381000006722321,3296926,,2022-11-14,INCOK1,,0.00,1287081.88,533505.89,44014.20,18.000000,LABEL PRINTING SCALE Q10,IGST18,ItemAmount,true,Duty payment Parking,01886460,99381000006702257,2022-11-17,Shanghai Yousheng Weighing Apparatus Co. Ltd.
99381000006722321,3296926,,2022-11-14,INCOK1,,0.00,1287081.88,533505.89,44014.20,18.000000,LABEL PRINTING SCALE Q10,IGST18,ItemAmount,true,Duty payment Parking,01886460,99381000006702257,2022-11-17,Shanghai Yousheng Weighing Apparatus Co. Ltd.
99381000006722321,3296926,,2022-11-14,INCOK1,,0.00,1287081.88,533505.89,44014.20,18.000000,LABEL PRINTING SCALE Q10,IGST18,ItemAmount,true,Duty payment Parking,01886460,99381000006702257,2022-11-17,Shanghai Yousheng Weighing Apparatus Co. Ltd.
99381000006722321,3296926,,2022-11-14,INCOK1,,0.00,1287081.88,1858665.68,153339.90,18.000000,Bill Printing scale Q8POS,IGST18,ItemAmount,true,Duty payment Parking,01886460,99381000006702257,2022-11-17,Shanghai Yousheng Weighing Apparatus Co. Ltd.
99381000006722321,3296926,,2022-11-14,INCOK1,,0.00,1287081.88,1858665.68,153339.90,18.000000,Bill Printing scale Q8POS,IGST18,ItemAmount,true,Duty payment Parking,01886460,99381000006702257,2022-11-17,Shanghai Yousheng Weighing Apparatus Co. Ltd.
99381000006722321,3296926,,2022-11-14,INCOK1,,0.00,1287081.88,1858665.68,153339.90,18.000000,Bill Printing scale Q8POS,IGST18,ItemAmount,true,Duty payment Parking,01886460,99381000006702257,2022-11-17,Shanghai Yousheng Weighing Apparatus Co. Ltd.
99381000006722321,3296926,,2022-11-14,INCOK1,,0.00,1287081.88,232333.21,19167.50,18.000000,Bill Printing scale Q10POS,IGST18,ItemAmount,true,Duty payment Parking,01886460,99381000006702257,2022-11-17,Shanghai Yousheng Weighing Apparatus Co. Ltd.
99381000006722321,3296926,,2022-11-14,INCOK1,,0.00,1287081.88,232333.21,19167.50,18.000000,Bill Printing scale Q10POS,IGST18,ItemAmount,true,Duty payment Parking,01886460,99381000006702257,2022-11-17,Shanghai Yousheng Weighing Apparatus Co. Ltd.
99381000006722321,3296926,,2022-11-14,INCOK1,,0.00,1287081.88,232333.21,19167.50,18.000000,Bill Printing scale Q10POS,IGST18,ItemAmount,true,Duty payment Parking,01886460,99381000006702257,2022-11-17,Shanghai Yousheng Weighing Apparatus Co. Ltd.
99381000006722321,3296926,,2022-11-14,INCOK1,,0.00,1287081.88,124771.54,10293.70,18.000000,HANGING SCALE TMA,IGST18,ItemAmount,true,Duty payment Parking,01886460,99381000006702257,2022-11-17,Shanghai Yousheng Weighing Apparatus Co. Ltd.
99381000006722321,3296926,,2022-11-14,INCOK1,,0.00,1287081.88,124771.54,10293.70,18.000000,HANGING SCALE TMA,IGST18,ItemAmount,true,Duty payment Parking,01886460,99381000006702257,2022-11-17,Shanghai Yousheng Weighing Apparatus Co. Ltd.
99381000006722321,3296926,,2022-11-14,INCOK1,,0.00,1287081.88,124771.54,10293.70,18.000000,HANGING SCALE TMA,IGST18,ItemAmount,true,Duty payment Parking,01886460,99381000006702257,2022-11-17,Shanghai Yousheng Weighing Apparatus Co. Ltd.
99381000006722321,3296926,,2022-11-14,INCOK1,,0.00,1287081.88,146283.87,12068.70,18.000000,Analytical Balance 220g/1 mg,IGST18,ItemAmount,true,Duty payment Parking,01886460,99381000006702257,2022-11-17,Shanghai Yousheng Weighing Apparatus Co. Ltd.
99381000006722321,3296926,,2022-11-14,INCOK1,,0.00,1287081.88,146283.87,12068.70,18.000000,Analytical Balance 220g/1 mg,IGST18,ItemAmount,true,Duty payment Parking,01886460,99381000006702257,2022-11-17,Shanghai Yousheng Weighing Apparatus Co. Ltd.
99381000006722321,3296926,,2022-11-14,INCOK1,,0.00,1287081.88,146283.87,12068.70,18.000000,Analytical Balance 220g/1 mg,IGST18,ItemAmount,true,Duty payment Parking,01886460,99381000006702257,2022-11-17,Shanghai Yousheng Weighing Apparatus Co. Ltd.
99381000006722321,3296926,,2022-11-14,INCOK1,,0.00,1287081.88,92933.31,7667.00,18.000000,PALLET SCALE,IGST18,ItemAmount,true,Duty payment Parking,01886460,99381000006702257,2022-11-17,Shanghai Yousheng Weighing Apparatus Co. Ltd.
99381000006722321,3296926,,2022-11-14,INCOK1,,0.00,1287081.88,92933.31,7667.00,18.000000,PALLET SCALE,IGST18,ItemAmount,true,Duty payment Parking,01886460,99381000006702257,2022-11-17,Shanghai Yousheng Weighing Apparatus Co. Ltd.
99381000006722321,3296926,,2022-11-14,INCOK1,,0.00,1287081.88,92933.31,7667.00,18.000000,PALLET SCALE,IGST18,ItemAmount,true,Duty payment Parking,01886460,99381000006702257,2022-11-17,Shanghai Yousheng Weighing Apparatus Co. Ltd.
99381000006722355,3296926,,2022-11-14,INCOK1,,0.00,52254.12,188405.02,15543.40,18.000000,Spare Parts,IGST18,ItemAmount,False,Duty payment Parking,01886460-1,99381000006702319,2022-11-17,Shanghai Yousheng Weighing Apparatus Co. Ltd.
99381000007084341,3634133,,2022-12-07,INMAA1,,0.00,775480.28,998597.49,82384.30,18.000000,Platform Weighing Scale(D-FG),IGST18,ItemAmount,true,Duty payment Parking,INV 22581,99381000007010050,2022-12-15,Weighvox International FZE LLC
99381000007084341,3634133,,2022-12-07,INMAA1,,0.00,775480.28,998597.49,82384.30,18.000000,Platform Weighing Scale(D-FG),IGST18,ItemAmount,true,Duty payment Parking,INV 22581,99381000007010050,2022-12-15,Weighvox International FZE LLC
99381000007084341,3634133,,2022-12-07,INMAA1,,0.00,775480.28,998597.49,82384.30,18.000000,Platform Weighing Scale(D-FG),IGST18,ItemAmount,true,Duty payment Parking,INV 22581,99381000007010050,2022-12-15,Weighvox International FZE LLC
99381000007084341,3634133,,2022-12-07,INMAA1,,0.00,775480.28,1018977.03,84065.60,18.000000,PLATFORM SCALE (GGP),IGST18,ItemAmount,true,Duty payment Parking,INV 22581,99381000007010050,2022-12-15,Weighvox International FZE LLC
99381000007084341,3634133,,2022-12-07,INMAA1,,0.00,775480.28,1018977.03,84065.60,18.000000,PLATFORM SCALE (GGP),IGST18,ItemAmount,true,Duty payment Parking,INV 22581,99381000007010050,2022-12-15,Weighvox International FZE LLC
99381000007084341,3634133,,2022-12-07,INMAA1,,0.00,775480.28,1018977.03,84065.60,18.000000,PLATFORM SCALE (GGP),IGST18,ItemAmount,true,Duty payment Parking,INV 22581,99381000007010050,2022-12-15,Weighvox International FZE LLC
99381000007084341,3634133,,2022-12-07,INMAA1,,0.00,775480.28,706915.31,58320.50,18.000000,Price Computing Scale with Pole-Green,IGST18,ItemAmount,true,Duty payment Parking,INV 22581,99381000007010050,2022-12-15,Weighvox International FZE LLC
99381000007084341,3634133,,2022-12-07,INMAA1,,0.00,775480.28,706915.31,58320.50,18.000000,Price Computing Scale with Pole-Green,IGST18,ItemAmount,true,Duty payment Parking,INV 22581,99381000007010050,2022-12-15,Weighvox International FZE LLC
99381000007084341,3634133,,2022-12-07,INMAA1,,0.00,775480.28,706915.31,58320.50,18.000000,Price Computing Scale with Pole-Green,IGST18,ItemAmount,true,Duty payment Parking,INV 22581,99381000007010050,2022-12-15,Weighvox International FZE LLC
99381000007084341,3634133,,2022-12-07,INMAA1,,0.00,775480.28,71544.92,5902.50,18.000000,Spare Parts,IGST18,ItemAmount,true,Duty payment Parking,INV 22581,99381000007010050,2022-12-15,Weighvox International FZE LLC
99381000007084341,3634133,,2022-12-07,INMAA1,,0.00,775480.28,71544.92,5902.50,18.000000,Spare Parts,IGST18,ItemAmount,true,Duty payment Parking,INV 22581,99381000007010050,2022-12-15,Weighvox International FZE LLC
99381000007084341,3634133,,2022-12-07,INMAA1,,0.00,775480.28,71544.92,5902.50,18.000000,Spare Parts,IGST18,ItemAmount,true,Duty payment Parking,INV 22581,99381000007010050,2022-12-15,Weighvox International FZE LLC
99381000007345675,14567,,2022-12-06,INBLR4,,0.00,1075.00,3874.44,320.00,18.000000,PRICE COMPUTING SCALE WITH POLE-BT,IGST18,ItemAmount,False,ICICI Bank,001,99381000007345655,2022-12-06,"ZHEJIANG NEW VISION IMP & EXP  CO, LTD"
99381000007748076,4479281,,2023-02-03,INCOK1,,0.00,581475.51,1426218.01,117662.99,18.000000,PRICE COMPUTING SCALE - GOLD,IGST18,ItemAmount,true,Duty payment Parking,YS20221121IN,99381000007691035,2023-02-09,Zhejiang Sifang Import and Export Co. Ltd
99381000007748076,4479281,,2023-02-03,INCOK1,,0.00,581475.51,1426218.01,117662.99,18.000000,PRICE COMPUTING SCALE - GOLD,IGST18,ItemAmount,true,Duty payment Parking,YS20221121IN,99381000007691035,2023-02-09,Zhejiang Sifang Import and Export Co. Ltd
99381000007748076,4479281,,2023-02-03,INCOK1,,0.00,581475.51,1426218.01,117662.99,18.000000,PRICE COMPUTING SCALE - GOLD,IGST18,ItemAmount,true,Duty payment Parking,YS20221121IN,99381000007691035,2023-02-09,Zhejiang Sifang Import and Export Co. Ltd
99381000007748076,4479281,,2023-02-03,INCOK1,,0.00,581475.51,670322.46,55301.61,18.000000,Price Computing scale,IGST18,ItemAmount,true,Duty payment Parking,YS20221121IN,99381000007691035,2023-02-09,Zhejiang Sifang Import and Export Co. Ltd
99381000007748076,4479281,,2023-02-03,INCOK1,,0.00,581475.51,670322.46,55301.61,18.000000,Price Computing scale,IGST18,ItemAmount,true,Duty payment Parking,YS20221121IN,99381000007691035,2023-02-09,Zhejiang Sifang Import and Export Co. Ltd
99381000007748076,4479281,,2023-02-03,INCOK1,,0.00,581475.51,670322.46,55301.61,18.000000,Price Computing scale,IGST18,ItemAmount,true,Duty payment Parking,YS20221121IN,99381000007691035,2023-02-09,Zhejiang Sifang Import and Export Co. Ltd
99381000007748430,4479281,,2023-02-03,INCOK1,,0.00,30250.01,109066.78,8998.30,18.000000,Spare Parts,IGST18,ItemAmount,False,Duty payment Parking,YS20221121IN,99381000007746924,2023-02-09,Zhejiang Sifang Import and Export Co. Ltd
99381000008086001,4927411,,2023-03-06,INCOK1,,0.00,906154.08,335961.95,27716.80,18.000000,Bill Printing scale Q10POS,IGST18,ItemAmount,true,Duty payment Parking,01886598,99381000008072103,2023-03-10,Shanghai Yousheng Weighing Apparatus Co. Ltd.
99381000008086001,4927411,,2023-03-06,INCOK1,,0.00,906154.08,335961.95,27716.80,18.000000,Bill Printing scale Q10POS,IGST18,ItemAmount,true,Duty payment Parking,01886598,99381000008072103,2023-03-10,Shanghai Yousheng Weighing Apparatus Co. Ltd.
99381000008086001,4927411,,2023-03-06,INCOK1,,0.00,906154.08,335961.95,27716.80,18.000000,Bill Printing scale Q10POS,IGST18,ItemAmount,true,Duty payment Parking,01886598,99381000008072103,2023-03-10,Shanghai Yousheng Weighing Apparatus Co. Ltd.
99381000008086001,4927411,,2023-03-06,INCOK1,,0.00,906154.08,646080.67,53301.70,18.000000,LABEL PRINTING SCALE Q10,IGST18,ItemAmount,true,Duty payment Parking,01886598,99381000008072103,2023-03-10,Shanghai Yousheng Weighing Apparatus Co. Ltd.
99381000008086001,4927411,,2023-03-06,INCOK1,,0.00,906154.08,646080.67,53301.70,18.000000,LABEL PRINTING SCALE Q10,IGST18,ItemAmount,true,Duty payment Parking,01886598,99381000008072103,2023-03-10,Shanghai Yousheng Weighing Apparatus Co. Ltd.
99381000008086001,4927411,,2023-03-06,INCOK1,,0.00,906154.08,646080.67,53301.70,18.000000,LABEL PRINTING SCALE Q10,IGST18,ItemAmount,true,Duty payment Parking,01886598,99381000008072103,2023-03-10,Shanghai Yousheng Weighing Apparatus Co. Ltd.
99381000008086001,4927411,,2023-03-06,INCOK1,,0.00,906154.08,990657.03,81729.20,18.000000,Bill Printing scale Q8POS,IGST18,ItemAmount,true,Duty payment Parking,01886598,99381000008072103,2023-03-10,Shanghai Yousheng Weighing Apparatus Co. Ltd.
99381000008086001,4927411,,2023-03-06,INCOK1,,0.00,906154.08,990657.03,81729.20,18.000000,Bill Printing scale Q8POS,IGST18,ItemAmount,true,Duty payment Parking,01886598,99381000008072103,2023-03-10,Shanghai Yousheng Weighing Apparatus Co. Ltd.
99381000008086001,4927411,,2023-03-06,INCOK1,,0.00,906154.08,990657.03,81729.20,18.000000,Bill Printing scale Q8POS,IGST18,ItemAmount,true,Duty payment Parking,01886598,99381000008072103,2023-03-10,Shanghai Yousheng Weighing Apparatus Co. Ltd.
99381000008086001,4927411,,2023-03-06,INCOK1,,0.00,906154.08,335961.95,27716.80,18.000000,ECS Indicator,IGST18,ItemAmount,true,Duty payment Parking,01886598,99381000008072103,2023-03-10,Shanghai Yousheng Weighing Apparatus Co. Ltd.
99381000008086001,4927411,,2023-03-06,INCOK1,,0.00,906154.08,335961.95,27716.80,18.000000,ECS Indicator,IGST18,ItemAmount,true,Duty payment Parking,01886598,99381000008072103,2023-03-10,Shanghai Yousheng Weighing Apparatus Co. Ltd.
99381000008086001,4927411,,2023-03-06,INCOK1,,0.00,906154.08,335961.95,27716.80,18.000000,ECS Indicator,IGST18,ItemAmount,true,Duty payment Parking,01886598,99381000008072103,2023-03-10,Shanghai Yousheng Weighing Apparatus Co. Ltd.
99381000008086001,4927411,,2023-03-06,INCOK1,,0.00,906154.08,245510.65,20254.60,18.000000,HANGING SCALE TMA,IGST18,ItemAmount,true,Duty payment Parking,01886598,99381000008072103,2023-03-10,Shanghai Yousheng Weighing Apparatus Co. Ltd.
99381000008086001,4927411,,2023-03-06,INCOK1,,0.00,906154.08,245510.65,20254.60,18.000000,HANGING SCALE TMA,IGST18,ItemAmount,true,Duty payment Parking,01886598,99381000008072103,2023-03-10,Shanghai Yousheng Weighing Apparatus Co. Ltd.
99381000008086001,4927411,,2023-03-06,INCOK1,,0.00,906154.08,245510.65,20254.60,18.000000,HANGING SCALE TMA,IGST18,ItemAmount,true,Duty payment Parking,01886598,99381000008072103,2023-03-10,Shanghai Yousheng Weighing Apparatus Co. Ltd.
99381000008086001,4927411,,2023-03-06,INCOK1,,0.00,906154.08,86144.09,9475.80,18.000000,Cash Box,IGST18,ItemAmount,true,Duty payment Parking,01886598,99381000008072103,2023-03-10,Shanghai Yousheng Weighing Apparatus Co. Ltd.
99381000008086001,4927411,,2023-03-06,INCOK1,,0.00,906154.08,86144.09,9475.80,18.000000,Cash Box,IGST18,ItemAmount,true,Duty payment Parking,01886598,99381000008072103,2023-03-10,Shanghai Yousheng Weighing Apparatus Co. Ltd.
99381000008086001,4927411,,2023-03-06,INCOK1,,0.00,906154.08,86144.09,9475.80,18.000000,Cash Box,IGST18,ItemAmount,true,Duty payment Parking,01886598,99381000008072103,2023-03-10,Shanghai Yousheng Weighing Apparatus Co. Ltd.
99381000008086001,4927411,,2023-03-06,INCOK1,,0.00,906154.08,186071.21,15350.80,18.000000,PALLET SCALE,IGST18,ItemAmount,true,Duty payment Parking,01886598,99381000008072103,2023-03-10,Shanghai Yousheng Weighing Apparatus Co. Ltd.
99381000008086001,4927411,,2023-03-06,INCOK1,,0.00,906154.08,186071.21,15350.80,18.000000,PALLET SCALE,IGST18,ItemAmount,true,Duty payment Parking,01886598,99381000008072103,2023-03-10,Shanghai Yousheng Weighing Apparatus Co. Ltd.
99381000008086001,4927411,,2023-03-06,INCOK1,,0.00,906154.08,186071.21,15350.80,18.000000,PALLET SCALE,IGST18,ItemAmount,true,Duty payment Parking,01886598,99381000008072103,2023-03-10,Shanghai Yousheng Weighing Apparatus Co. Ltd.
99381000008086001,4927411,,2023-03-06,INCOK1,,0.00,906154.08,68915.27,5685.50,18.000000,Label Indicator,IGST18,ItemAmount,true,Duty payment Parking,01886598,99381000008072103,2023-03-10,Shanghai Yousheng Weighing Apparatus Co. Ltd.
99381000008086001,4927411,,2023-03-06,INCOK1,,0.00,906154.08,68915.27,5685.50,18.000000,Label Indicator,IGST18,ItemAmount,true,Duty payment Parking,01886598,99381000008072103,2023-03-10,Shanghai Yousheng Weighing Apparatus Co. Ltd.
99381000008086001,4927411,,2023-03-06,INCOK1,,0.00,906154.08,68915.27,5685.50,18.000000,Label Indicator,IGST18,ItemAmount,true,Duty payment Parking,01886598,99381000008072103,2023-03-10,Shanghai Yousheng Weighing Apparatus Co. Ltd.
99381000008086001,4927411,,2023-03-06,INCOK1,,0.00,906154.08,193824.24,15990.50,18.000000,Floor Scale 1mx1m,IGST18,ItemAmount,true,Duty payment Parking,01886598,99381000008072103,2023-03-10,Shanghai Yousheng Weighing Apparatus Co. Ltd.
99381000008086001,4927411,,2023-03-06,INCOK1,,0.00,906154.08,193824.24,15990.50,18.000000,Floor Scale 1mx1m,IGST18,ItemAmount,true,Duty payment Parking,01886598,99381000008072103,2023-03-10,Shanghai Yousheng Weighing Apparatus Co. Ltd.
99381000008086001,4927411,,2023-03-06,INCOK1,,0.00,906154.08,193824.24,15990.50,18.000000,Floor Scale 1mx1m,IGST18,ItemAmount,true,Duty payment Parking,01886598,99381000008072103,2023-03-10,Shanghai Yousheng Weighing Apparatus Co. Ltd.
99381000008086001,4927411,,2023-03-06,INCOK1,,0.00,906154.08,94758.50,7817.60,18.000000,Floor Scale 1.2mx1.2m,IGST18,ItemAmount,true,Duty payment Parking,01886598,99381000008072103,2023-03-10,Shanghai Yousheng Weighing Apparatus Co. Ltd.
99381000008086001,4927411,,2023-03-06,INCOK1,,0.00,906154.08,94758.50,7817.60,18.000000,Floor Scale 1.2mx1.2m,IGST18,ItemAmount,true,Duty payment Parking,01886598,99381000008072103,2023-03-10,Shanghai Yousheng Weighing Apparatus Co. Ltd.
99381000008086001,4927411,,2023-03-06,INCOK1,,0.00,906154.08,94758.50,7817.60,18.000000,Floor Scale 1.2mx1.2m,IGST18,ItemAmount,true,Duty payment Parking,01886598,99381000008072103,2023-03-10,Shanghai Yousheng Weighing Apparatus Co. Ltd.
99381000008086001,4927411,,2023-03-06,INCOK1,,0.00,906154.08,60300.86,4974.90,18.000000,Floor Scale 1.5mx1.5m,IGST18,ItemAmount,true,Duty payment Parking,01886598,99381000008072103,2023-03-10,Shanghai Yousheng Weighing Apparatus Co. Ltd.
99381000008086001,4927411,,2023-03-06,INCOK1,,0.00,906154.08,60300.86,4974.90,18.000000,Floor Scale 1.5mx1.5m,IGST18,ItemAmount,true,Duty payment Parking,01886598,99381000008072103,2023-03-10,Shanghai Yousheng Weighing Apparatus Co. Ltd.
99381000008086001,4927411,,2023-03-06,INCOK1,,0.00,906154.08,60300.86,4974.90,18.000000,Floor Scale 1.5mx1.5m,IGST18,ItemAmount,true,Duty payment Parking,01886598,99381000008072103,2023-03-10,Shanghai Yousheng Weighing Apparatus Co. Ltd.
99381000008086001,4927411,,2023-03-06,INCOK1,,0.00,906154.08,12921.61,1066.00,18.000000,Indicator-Floor scale,IGST18,ItemAmount,true,Duty payment Parking,01886598,99381000008072103,2023-03-10,Shanghai Yousheng Weighing Apparatus Co. Ltd.
99381000008086001,4927411,,2023-03-06,INCOK1,,0.00,906154.08,12921.61,1066.00,18.000000,Indicator-Floor scale,IGST18,ItemAmount,true,Duty payment Parking,01886598,99381000008072103,2023-03-10,Shanghai Yousheng Weighing Apparatus Co. Ltd.
99381000008086001,4927411,,2023-03-06,INCOK1,,0.00,906154.08,12921.61,1066.00,18.000000,Indicator-Floor scale,IGST18,ItemAmount,true,Duty payment Parking,01886598,99381000008072103,2023-03-10,Shanghai Yousheng Weighing Apparatus Co. Ltd.
99381000008086081,4927411,,2023-03-06,INCOK1,,0.00,62119.92,223974.63,18478.38,18.000000,Spare Parts,IGST18,ItemAmount,False,Duty payment Parking,01886598,99381000008083680,2023-03-10,Shanghai Yousheng Weighing Apparatus Co. Ltd.
99381000008086103,4528949,,2023-02-07,INMAA1,,0.00,328957.29,1186072.82,97851.00,18.000000,Analytical Balance 220g /0.1mg,IGST18,ItemAmount,true,Duty payment Parking,01886590,99381000007748815,2023-02-14,Zhejiang Sifang Import and Export Co. Ltd
99381000008086103,4528949,,2023-02-07,INMAA1,,0.00,328957.29,1186072.82,97851.00,18.000000,Analytical Balance 220g /0.1mg,IGST18,ItemAmount,true,Duty payment Parking,01886590,99381000007748815,2023-02-14,Zhejiang Sifang Import and Export Co. Ltd
99381000008086103,4528949,,2023-02-07,INMAA1,,0.00,328957.29,1186072.82,97851.00,18.000000,Analytical Balance 220g /0.1mg,IGST18,ItemAmount,true,Duty payment Parking,01886590,99381000007748815,2023-02-14,Zhejiang Sifang Import and Export Co. Ltd
99381000008086103,4528949,,2023-02-07,INMAA1,,0.00,328957.29,0.00,0.00,0.000000,Transportation cost,IGST0,ItemAmount,true,Duty payment Parking,01886590,99381000007748815,2023-02-14,Zhejiang Sifang Import and Export Co. Ltd
99381000008086103,4528949,,2023-02-07,INMAA1,,0.00,328957.29,0.00,0.00,0.000000,Transportation cost,IGST0,ItemAmount,true,Duty payment Parking,01886590,99381000007748815,2023-02-14,Zhejiang Sifang Import and Export Co. Ltd
99381000008086103,4528949,,2023-02-07,INMAA1,,0.00,328957.29,0.00,0.00,0.000000,Transportation cost,IGST0,ItemAmount,true,Duty payment Parking,01886590,99381000007748815,2023-02-14,Zhejiang Sifang Import and Export Co. Ltd
99381000008725293,5595906,,2023-04-20,INCOK1,,0.00,78726.36,283851.98,23417.80,18.000000,Spare Parts,IGST18,ItemAmount,true,Duty payment Parking,0188665,99381000008725237,2023-04-27,Shanghai Yousheng Weighing Apparatus Co. Ltd.
99381000008725625,5595906,,2023-04-20,INCOK1,,0.00,1038980.64,3746096.93,309053.55,18.000000,Price Computing Scale,IGST18,ItemAmount,true,Duty payment Parking,01886655,99381000008667009,2023-04-27,Shanghai Yousheng Weighing Apparatus Co. Ltd.
99381000008725625,5595906,,2023-04-20,INCOK1,,0.00,1038980.64,3746096.93,309053.55,18.000000,Price Computing Scale,IGST18,ItemAmount,true,Duty payment Parking,01886655,99381000008667009,2023-04-27,Shanghai Yousheng Weighing Apparatus Co. Ltd.
99381000008725625,5595906,,2023-04-20,INCOK1,,0.00,1038980.64,3746096.93,309053.55,18.000000,Price Computing Scale,IGST18,ItemAmount,true,Duty payment Parking,01886655,99381000008667009,2023-04-27,Shanghai Yousheng Weighing Apparatus Co. Ltd.
99381000008725625,5595906,,2023-04-20,INCOK1,,0.00,1038980.64,3746096.93,309053.55,18.000000,Price Computing Scale,IGST18,ItemAmount,true,Duty payment Parking,01886655,99381000008667009,2023-04-27,Shanghai Yousheng Weighing Apparatus Co. Ltd.
99381000009181869,6143497,,2023-05-27,INCOK1,,0.00,855684.00,1548900.18,127784.30,18.000000,PORTABLE SCALE 30X34,IGST18,ItemAmount,true,Duty payment Parking,ST20230505,99381000009087313,2023-05-17,"ZHEJIANG NEW VISION IMP & EXP  CO, LTD"
99381000009181869,6143497,,2023-05-27,INCOK1,,0.00,855684.00,1548900.18,127784.30,18.000000,PORTABLE SCALE 30X34,IGST18,ItemAmount,true,Duty payment Parking,ST20230505,99381000009087313,2023-05-17,"ZHEJIANG NEW VISION IMP & EXP  CO, LTD"
99381000009181869,6143497,,2023-05-27,INCOK1,,0.00,855684.00,1548900.18,127784.30,18.000000,PORTABLE SCALE 30X34,IGST18,ItemAmount,true,Duty payment Parking,ST20230505,99381000009087313,2023-05-17,"ZHEJIANG NEW VISION IMP & EXP  CO, LTD"
99381000009181869,6143497,,2023-05-27,INCOK1,,0.00,855684.00,1548900.18,127784.30,18.000000,PORTABLE SCALE 30X34,IGST18,ItemAmount,true,Duty payment Parking,ST20230505,99381000009087313,2023-05-17,"ZHEJIANG NEW VISION IMP & EXP  CO, LTD"
99381000009181869,6143497,,2023-05-27,INCOK1,,0.00,855684.00,732890.87,60463.50,18.000000,PRICE COMPUTING SCALE WITH POLE-GREEN,IGST18,ItemAmount,true,Duty payment Parking,ST20230505,99381000009087313,2023-05-17,"ZHEJIANG NEW VISION IMP & EXP  CO, LTD"
99381000009181869,6143497,,2023-05-27,INCOK1,,0.00,855684.00,732890.87,60463.50,18.000000,PRICE COMPUTING SCALE WITH POLE-GREEN,IGST18,ItemAmount,true,Duty payment Parking,ST20230505,99381000009087313,2023-05-17,"ZHEJIANG NEW VISION IMP & EXP  CO, LTD"
99381000009181869,6143497,,2023-05-27,INCOK1,,0.00,855684.00,732890.87,60463.50,18.000000,PRICE COMPUTING SCALE WITH POLE-GREEN,IGST18,ItemAmount,true,Duty payment Parking,ST20230505,99381000009087313,2023-05-17,"ZHEJIANG NEW VISION IMP & EXP  CO, LTD"
99381000009181869,6143497,,2023-05-27,INCOK1,,0.00,855684.00,732890.87,60463.50,18.000000,PRICE COMPUTING SCALE WITH POLE-GREEN,IGST18,ItemAmount,true,Duty payment Parking,ST20230505,99381000009087313,2023-05-17,"ZHEJIANG NEW VISION IMP & EXP  CO, LTD"
99381000009181869,6143497,,2023-05-27,INCOK1,,0.00,855684.00,689779.64,56906.80,18.000000,PLATFORM SCALE 500X500-FSS,IGST18,ItemAmount,true,Duty payment Parking,ST20230505,99381000009087313,2023-05-17,"ZHEJIANG NEW VISION IMP & EXP  CO, LTD"
99381000009181869,6143497,,2023-05-27,INCOK1,,0.00,855684.00,689779.64,56906.80,18.000000,PLATFORM SCALE 500X500-FSS,IGST18,ItemAmount,true,Duty payment Parking,ST20230505,99381000009087313,2023-05-17,"ZHEJIANG NEW VISION IMP & EXP  CO, LTD"
99381000009181869,6143497,,2023-05-27,INCOK1,,0.00,855684.00,689779.64,56906.80,18.000000,PLATFORM SCALE 500X500-FSS,IGST18,ItemAmount,true,Duty payment Parking,ST20230505,99381000009087313,2023-05-17,"ZHEJIANG NEW VISION IMP & EXP  CO, LTD"
99381000009181869,6143497,,2023-05-27,INCOK1,,0.00,855684.00,689779.64,56906.80,18.000000,PLATFORM SCALE 500X500-FSS,IGST18,ItemAmount,true,Duty payment Parking,ST20230505,99381000009087313,2023-05-17,"ZHEJIANG NEW VISION IMP & EXP  CO, LTD"
99381000009181869,6143497,,2023-05-27,INCOK1,,0.00,855684.00,105018.95,8664.00,18.000000,Platform Weighing Scale 500x600 MS (Trolley),IGST18,ItemAmount,true,Duty payment Parking,ST20230505,99381000009087313,2023-05-17,"ZHEJIANG NEW VISION IMP & EXP  CO, LTD"
99381000009181869,6143497,,2023-05-27,INCOK1,,0.00,855684.00,105018.95,8664.00,18.000000,Platform Weighing Scale 500x600 MS (Trolley),IGST18,ItemAmount,true,Duty payment Parking,ST20230505,99381000009087313,2023-05-17,"ZHEJIANG NEW VISION IMP & EXP  CO, LTD"
99381000009181869,6143497,,2023-05-27,INCOK1,,0.00,855684.00,105018.95,8664.00,18.000000,Platform Weighing Scale 500x600 MS (Trolley),IGST18,ItemAmount,true,Duty payment Parking,ST20230505,99381000009087313,2023-05-17,"ZHEJIANG NEW VISION IMP & EXP  CO, LTD"
99381000009181869,6143497,,2023-05-27,INCOK1,,0.00,855684.00,105018.95,8664.00,18.000000,Platform Weighing Scale 500x600 MS (Trolley),IGST18,ItemAmount,true,Duty payment Parking,ST20230505,99381000009087313,2023-05-17,"ZHEJIANG NEW VISION IMP & EXP  CO, LTD"
99381000009181869,6143497,,2023-05-27,INCOK1,,0.00,855684.00,8622.25,711.79,18.000000,Spare Parts,IGST18,ItemAmount,true,Duty payment Parking,ST20230505,99381000009087313,2023-05-17,"ZHEJIANG NEW VISION IMP & EXP  CO, LTD"
99381000009181869,6143497,,2023-05-27,INCOK1,,0.00,855684.00,8622.25,711.79,18.000000,Spare Parts,IGST18,ItemAmount,true,Duty payment Parking,ST20230505,99381000009087313,2023-05-17,"ZHEJIANG NEW VISION IMP & EXP  CO, LTD"
99381000009181869,6143497,,2023-05-27,INCOK1,,0.00,855684.00,8622.25,711.79,18.000000,Spare Parts,IGST18,ItemAmount,true,Duty payment Parking,ST20230505,99381000009087313,2023-05-17,"ZHEJIANG NEW VISION IMP & EXP  CO, LTD"
99381000009181869,6143497,,2023-05-27,INCOK1,,0.00,855684.00,8622.25,711.79,18.000000,Spare Parts,IGST18,ItemAmount,true,Duty payment Parking,ST20230505,99381000009087313,2023-05-17,"ZHEJIANG NEW VISION IMP & EXP  CO, LTD"
99381000009181869,6143497,,2023-05-27,INCOK1,,0.00,855684.00,0.00,0.00,0.000000,BANK CHARGES,IGST0,ItemAmount,true,Duty payment Parking,ST20230505,99381000009087313,2023-05-17,"ZHEJIANG NEW VISION IMP & EXP  CO, LTD"
99381000009181869,6143497,,2023-05-27,INCOK1,,0.00,855684.00,0.00,0.00,0.000000,BANK CHARGES,IGST0,ItemAmount,true,Duty payment Parking,ST20230505,99381000009087313,2023-05-17,"ZHEJIANG NEW VISION IMP & EXP  CO, LTD"
99381000009181869,6143497,,2023-05-27,INCOK1,,0.00,855684.00,0.00,0.00,0.000000,BANK CHARGES,IGST0,ItemAmount,true,Duty payment Parking,ST20230505,99381000009087313,2023-05-17,"ZHEJIANG NEW VISION IMP & EXP  CO, LTD"
99381000009181869,6143497,,2023-05-27,INCOK1,,0.00,855684.00,0.00,0.00,0.000000,BANK CHARGES,IGST0,ItemAmount,true,Duty payment Parking,ST20230505,99381000009087313,2023-05-17,"ZHEJIANG NEW VISION IMP & EXP  CO, LTD"
99381000009189203,6145899,,2023-05-27,INCOK1,,0.00,991703.00,2444895.00,201703.84,18.000000,PLATFORM SCALE-BENCH(GREEN-O),IGST18,ItemAmount,true,Duty payment Parking,YS20230321IN,99381000009047907,2023-05-17,Zhejiang Sifang Import and Export Co. Ltd
99381000009189203,6145899,,2023-05-27,INCOK1,,0.00,991703.00,2444895.00,201703.84,18.000000,PLATFORM SCALE-BENCH(GREEN-O),IGST18,ItemAmount,true,Duty payment Parking,YS20230321IN,99381000009047907,2023-05-17,Zhejiang Sifang Import and Export Co. Ltd
99381000009189203,6145899,,2023-05-27,INCOK1,,0.00,991703.00,2444895.00,201703.84,18.000000,PLATFORM SCALE-BENCH(GREEN-O),IGST18,ItemAmount,true,Duty payment Parking,YS20230321IN,99381000009047907,2023-05-17,Zhejiang Sifang Import and Export Co. Ltd
99381000009189203,6145899,,2023-05-27,INCOK1,,0.00,991703.00,2444895.00,201703.84,18.000000,PLATFORM SCALE-BENCH(GREEN-O),IGST18,ItemAmount,true,Duty payment Parking,YS20230321IN,99381000009047907,2023-05-17,Zhejiang Sifang Import and Export Co. Ltd
99381000009189203,6145899,,2023-05-27,INCOK1,,0.00,991703.00,446086.46,36802.10,18.000000,PRICE COMPUTING SCALE - WHITE (AY),IGST18,ItemAmount,true,Duty payment Parking,YS20230321IN,99381000009047907,2023-05-17,Zhejiang Sifang Import and Export Co. Ltd
99381000009189203,6145899,,2023-05-27,INCOK1,,0.00,991703.00,446086.46,36802.10,18.000000,PRICE COMPUTING SCALE - WHITE (AY),IGST18,ItemAmount,true,Duty payment Parking,YS20230321IN,99381000009047907,2023-05-17,Zhejiang Sifang Import and Export Co. Ltd
99381000009189203,6145899,,2023-05-27,INCOK1,,0.00,991703.00,446086.46,36802.10,18.000000,PRICE COMPUTING SCALE - WHITE (AY),IGST18,ItemAmount,true,Duty payment Parking,YS20230321IN,99381000009047907,2023-05-17,Zhejiang Sifang Import and Export Co. Ltd
99381000009189203,6145899,,2023-05-27,INCOK1,,0.00,991703.00,446086.46,36802.10,18.000000,PRICE COMPUTING SCALE - WHITE (AY),IGST18,ItemAmount,true,Duty payment Parking,YS20230321IN,99381000009047907,2023-05-17,Zhejiang Sifang Import and Export Co. Ltd
99381000009189203,6145899,,2023-05-27,INCOK1,,0.00,991703.00,210175.35,17339.50,18.000000,Platform Weighing Scale 420x520 SS,IGST18,ItemAmount,true,Duty payment Parking,YS20230321IN,99381000009047907,2023-05-17,Zhejiang Sifang Import and Export Co. Ltd
99381000009189203,6145899,,2023-05-27,INCOK1,,0.00,991703.00,210175.35,17339.50,18.000000,Platform Weighing Scale 420x520 SS,IGST18,ItemAmount,true,Duty payment Parking,YS20230321IN,99381000009047907,2023-05-17,Zhejiang Sifang Import and Export Co. Ltd
99381000009189203,6145899,,2023-05-27,INCOK1,,0.00,991703.00,210175.35,17339.50,18.000000,Platform Weighing Scale 420x520 SS,IGST18,ItemAmount,true,Duty payment Parking,YS20230321IN,99381000009047907,2023-05-17,Zhejiang Sifang Import and Export Co. Ltd
99381000009189203,6145899,,2023-05-27,INCOK1,,0.00,991703.00,210175.35,17339.50,18.000000,Platform Weighing Scale 420x520 SS,IGST18,ItemAmount,true,Duty payment Parking,YS20230321IN,99381000009047907,2023-05-17,Zhejiang Sifang Import and Export Co. Ltd
99381000009189203,6145899,,2023-05-27,INCOK1,,0.00,991703.00,42464.00,3503.30,18.000000,Price Computing scale,IGST18,ItemAmount,true,Duty payment Parking,YS20230321IN,99381000009047907,2023-05-17,Zhejiang Sifang Import and Export Co. Ltd
99381000009189203,6145899,,2023-05-27,INCOK1,,0.00,991703.00,42464.00,3503.30,18.000000,Price Computing scale,IGST18,ItemAmount,true,Duty payment Parking,YS20230321IN,99381000009047907,2023-05-17,Zhejiang Sifang Import and Export Co. Ltd
99381000009189203,6145899,,2023-05-27,INCOK1,,0.00,991703.00,42464.00,3503.30,18.000000,Price Computing scale,IGST18,ItemAmount,true,Duty payment Parking,YS20230321IN,99381000009047907,2023-05-17,Zhejiang Sifang Import and Export Co. Ltd
99381000009189203,6145899,,2023-05-27,INCOK1,,0.00,991703.00,42464.00,3503.30,18.000000,Price Computing scale,IGST18,ItemAmount,true,Duty payment Parking,YS20230321IN,99381000009047907,2023-05-17,Zhejiang Sifang Import and Export Co. Ltd
99381000009189203,6145899,,2023-05-27,INCOK1,,0.00,991703.00,99511.60,8209.70,18.000000,Platform Weighing Scale 600x800 MS (Trolley),IGST18,ItemAmount,true,Duty payment Parking,YS20230321IN,99381000009047907,2023-05-17,Zhejiang Sifang Import and Export Co. Ltd
99381000009189203,6145899,,2023-05-27,INCOK1,,0.00,991703.00,99511.60,8209.70,18.000000,Platform Weighing Scale 600x800 MS (Trolley),IGST18,ItemAmount,true,Duty payment Parking,YS20230321IN,99381000009047907,2023-05-17,Zhejiang Sifang Import and Export Co. Ltd
99381000009189203,6145899,,2023-05-27,INCOK1,,0.00,991703.00,99511.60,8209.70,18.000000,Platform Weighing Scale 600x800 MS (Trolley),IGST18,ItemAmount,true,Duty payment Parking,YS20230321IN,99381000009047907,2023-05-17,Zhejiang Sifang Import and Export Co. Ltd
99381000009189203,6145899,,2023-05-27,INCOK1,,0.00,991703.00,99511.60,8209.70,18.000000,Platform Weighing Scale 600x800 MS (Trolley),IGST18,ItemAmount,true,Duty payment Parking,YS20230321IN,99381000009047907,2023-05-17,Zhejiang Sifang Import and Export Co. Ltd
99381000009189203,6145899,,2023-05-27,INCOK1,,0.00,991703.00,208631.04,17212.06,18.000000,PLATFORM SCALE-BENCH (G),IGST18,ItemAmount,true,Duty payment Parking,YS20230321IN,99381000009047907,2023-05-17,Zhejiang Sifang Import and Export Co. Ltd
99381000009189203,6145899,,2023-05-27,INCOK1,,0.00,991703.00,208631.04,17212.06,18.000000,PLATFORM SCALE-BENCH (G),IGST18,ItemAmount,true,Duty payment Parking,YS20230321IN,99381000009047907,2023-05-17,Zhejiang Sifang Import and Export Co. Ltd
99381000009189203,6145899,,2023-05-27,INCOK1,,0.00,991703.00,208631.04,17212.06,18.000000,PLATFORM SCALE-BENCH (G),IGST18,ItemAmount,true,Duty payment Parking,YS20230321IN,99381000009047907,2023-05-17,Zhejiang Sifang Import and Export Co. Ltd
99381000009189203,6145899,,2023-05-27,INCOK1,,0.00,991703.00,208631.04,17212.06,18.000000,PLATFORM SCALE-BENCH (G),IGST18,ItemAmount,true,Duty payment Parking,YS20230321IN,99381000009047907,2023-05-17,Zhejiang Sifang Import and Export Co. Ltd
99381000009189203,6145899,,2023-05-27,INCOK1,,0.00,991703.00,123876.90,10219.11,18.000000,PLATFORM SCALE - BENCH(O),IGST18,ItemAmount,true,Duty payment Parking,YS20230321IN,99381000009047907,2023-05-17,Zhejiang Sifang Import and Export Co. Ltd
99381000009189203,6145899,,2023-05-27,INCOK1,,0.00,991703.00,123876.90,10219.11,18.000000,PLATFORM SCALE - BENCH(O),IGST18,ItemAmount,true,Duty payment Parking,YS20230321IN,99381000009047907,2023-05-17,Zhejiang Sifang Import and Export Co. Ltd
99381000009189203,6145899,,2023-05-27,INCOK1,,0.00,991703.00,123876.90,10219.11,18.000000,PLATFORM SCALE - BENCH(O),IGST18,ItemAmount,true,Duty payment Parking,YS20230321IN,99381000009047907,2023-05-17,Zhejiang Sifang Import and Export Co. Ltd
99381000009189203,6145899,,2023-05-27,INCOK1,,0.00,991703.00,123876.90,10219.11,18.000000,PLATFORM SCALE - BENCH(O),IGST18,ItemAmount,true,Duty payment Parking,YS20230321IN,99381000009047907,2023-05-17,Zhejiang Sifang Import and Export Co. Ltd
99381000009189583,6145899,,2023-05-27,INCOK1,,0.00,6472.00,23333.77,1925.36,18.000000,Spare Parts,IGST18,ItemAmount,true,Duty payment Parking,YS20230321IN,99381000009053383,2023-05-17,Zhejiang Sifang Import and Export Co. Ltd
99381000009189583,6145899,,2023-05-27,INCOK1,,0.00,6472.00,23333.77,1925.36,18.000000,Spare Parts,IGST18,ItemAmount,true,Duty payment Parking,YS20230321IN,99381000009053383,2023-05-17,Zhejiang Sifang Import and Export Co. Ltd
99381000009189583,6145899,,2023-05-27,INCOK1,,0.00,6472.00,23333.77,1925.36,18.000000,Spare Parts,IGST18,ItemAmount,true,Duty payment Parking,YS20230321IN,99381000009053383,2023-05-17,Zhejiang Sifang Import and Export Co. Ltd
99381000009189583,6145899,,2023-05-27,INCOK1,,0.00,6472.00,23333.77,1925.36,18.000000,Spare Parts,IGST18,ItemAmount,true,Duty payment Parking,YS20230321IN,99381000009053383,2023-05-17,Zhejiang Sifang Import and Export Co. Ltd
99381000009557727,6671647,,2023-07-01,INCOK1,,0.00,579685.00,1121884.97,92555.50,18.000000,Analytical Balance 200g/0.0001g -External,IGST18,ItemAmount,true,Duty payment Parking,INV 22130,99381000009557655,2023-07-05,Weighvox International FZE LLC
99381000009557727,6671647,,2023-07-01,INCOK1,,0.00,579685.00,1121884.97,92555.50,18.000000,Analytical Balance 200g/0.0001g -External,IGST18,ItemAmount,true,Duty payment Parking,INV 22130,99381000009557655,2023-07-05,Weighvox International FZE LLC
99381000009557727,6671647,,2023-07-01,INCOK1,,0.00,579685.00,1121884.97,92555.50,18.000000,Analytical Balance 200g/0.0001g -External,IGST18,ItemAmount,true,Duty payment Parking,INV 22130,99381000009557655,2023-07-05,Weighvox International FZE LLC
99381000009557727,6671647,,2023-07-01,INCOK1,,0.00,579685.00,1121884.97,92555.50,18.000000,Analytical Balance 200g/0.0001g -External,IGST18,ItemAmount,true,Duty payment Parking,INV 22130,99381000009557655,2023-07-05,Weighvox International FZE LLC
99381000009557727,6671647,,2023-07-01,INCOK1,,0.00,579685.00,427384.75,35259.35,18.000000,Analytical Balance 200g/0.0001g - Internal,IGST18,ItemAmount,true,Duty payment Parking,INV 22130,99381000009557655,2023-07-05,Weighvox International FZE LLC
99381000009557727,6671647,,2023-07-01,INCOK1,,0.00,579685.00,427384.75,35259.35,18.000000,Analytical Balance 200g/0.0001g - Internal,IGST18,ItemAmount,true,Duty payment Parking,INV 22130,99381000009557655,2023-07-05,Weighvox International FZE LLC
99381000009557727,6671647,,2023-07-01,INCOK1,,0.00,579685.00,427384.75,35259.35,18.000000,Analytical Balance 200g/0.0001g - Internal,IGST18,ItemAmount,true,Duty payment Parking,INV 22130,99381000009557655,2023-07-05,Weighvox International FZE LLC
99381000009557727,6671647,,2023-07-01,INCOK1,,0.00,579685.00,427384.75,35259.35,18.000000,Analytical Balance 200g/0.0001g - Internal,IGST18,ItemAmount,true,Duty payment Parking,INV 22130,99381000009557655,2023-07-05,Weighvox International FZE LLC
99381000009557727,6671647,,2023-07-01,INCOK1,,0.00,579685.00,222240.07,18334.80,18.000000,Precision Balance JA203P (210g/0.001g),IGST18,ItemAmount,true,Duty payment Parking,INV 22130,99381000009557655,2023-07-05,Weighvox International FZE LLC
99381000009557727,6671647,,2023-07-01,INCOK1,,0.00,579685.00,222240.07,18334.80,18.000000,Precision Balance JA203P (210g/0.001g),IGST18,ItemAmount,true,Duty payment Parking,INV 22130,99381000009557655,2023-07-05,Weighvox International FZE LLC
99381000009557727,6671647,,2023-07-01,INCOK1,,0.00,579685.00,222240.07,18334.80,18.000000,Precision Balance JA203P (210g/0.001g),IGST18,ItemAmount,true,Duty payment Parking,INV 22130,99381000009557655,2023-07-05,Weighvox International FZE LLC
99381000009557727,6671647,,2023-07-01,INCOK1,,0.00,579685.00,222240.07,18334.80,18.000000,Precision Balance JA203P (210g/0.001g),IGST18,ItemAmount,true,Duty payment Parking,INV 22130,99381000009557655,2023-07-05,Weighvox International FZE LLC
99381000009557727,6671647,,2023-07-01,INCOK1,,0.00,579685.00,149584.66,12340.99,18.000000,Jwellery Scale XY600-2C (610g/0.01g),IGST18,ItemAmount,true,Duty payment Parking,INV 22130,99381000009557655,2023-07-05,Weighvox International FZE LLC
99381000009557727,6671647,,2023-07-01,INCOK1,,0.00,579685.00,149584.66,12340.99,18.000000,Jwellery Scale XY600-2C (610g/0.01g),IGST18,ItemAmount,true,Duty payment Parking,INV 22130,99381000009557655,2023-07-05,Weighvox International FZE LLC
99381000009557727,6671647,,2023-07-01,INCOK1,,0.00,579685.00,149584.66,12340.99,18.000000,Jwellery Scale XY600-2C (610g/0.01g),IGST18,ItemAmount,true,Duty payment Parking,INV 22130,99381000009557655,2023-07-05,Weighvox International FZE LLC
99381000009557727,6671647,,2023-07-01,INCOK1,,0.00,579685.00,149584.66,12340.99,18.000000,Jwellery Scale XY600-2C (610g/0.01g),IGST18,ItemAmount,true,Duty payment Parking,INV 22130,99381000009557655,2023-07-05,Weighvox International FZE LLC
99381000009557727,6671647,,2023-07-01,INCOK1,,0.00,579685.00,60688.63,5006.91,18.000000,Jwellery Scale XY3000-2C (3100g/0.01g),IGST18,ItemAmount,true,Duty payment Parking,INV 22130,99381000009557655,2023-07-05,Weighvox International FZE LLC
99381000009557727,6671647,,2023-07-01,INCOK1,,0.00,579685.00,60688.63,5006.91,18.000000,Jwellery Scale XY3000-2C (3100g/0.01g),IGST18,ItemAmount,true,Duty payment Parking,INV 22130,99381000009557655,2023-07-05,Weighvox International FZE LLC
99381000009557727,6671647,,2023-07-01,INCOK1,,0.00,579685.00,60688.63,5006.91,18.000000,Jwellery Scale XY3000-2C (3100g/0.01g),IGST18,ItemAmount,true,Duty payment Parking,INV 22130,99381000009557655,2023-07-05,Weighvox International FZE LLC
99381000009557727,6671647,,2023-07-01,INCOK1,,0.00,579685.00,60688.63,5006.91,18.000000,Jwellery Scale XY3000-2C (3100g/0.01g),IGST18,ItemAmount,true,Duty payment Parking,INV 22130,99381000009557655,2023-07-05,Weighvox International FZE LLC
99381000009557727,6671647,,2023-07-01,INCOK1,,0.00,579685.00,39490.35,3258.00,18.000000,Precision Balance JA603 (600g/0.001g),IGST18,ItemAmount,true,Duty payment Parking,INV 22130,99381000009557655,2023-07-05,Weighvox International FZE LLC
99381000009557727,6671647,,2023-07-01,INCOK1,,0.00,579685.00,39490.35,3258.00,18.000000,Precision Balance JA603 (600g/0.001g),IGST18,ItemAmount,true,Duty payment Parking,INV 22130,99381000009557655,2023-07-05,Weighvox International FZE LLC
99381000009557727,6671647,,2023-07-01,INCOK1,,0.00,579685.00,39490.35,3258.00,18.000000,Precision Balance JA603 (600g/0.001g),IGST18,ItemAmount,true,Duty payment Parking,INV 22130,99381000009557655,2023-07-05,Weighvox International FZE LLC
99381000009557727,6671647,,2023-07-01,INCOK1,,0.00,579685.00,39490.35,3258.00,18.000000,Precision Balance JA603 (600g/0.001g),IGST18,ItemAmount,true,Duty payment Parking,INV 22130,99381000009557655,2023-07-05,Weighvox International FZE LLC
99381000009557727,6671647,,2023-07-01,INCOK1,,0.00,579685.00,49149.25,4054.90,18.000000,Moisture Analyzer  XY100MW (110g/0.001g),IGST18,ItemAmount,true,Duty payment Parking,INV 22130,99381000009557655,2023-07-05,Weighvox International FZE LLC
99381000009557727,6671647,,2023-07-01,INCOK1,,0.00,579685.00,49149.25,4054.90,18.000000,Moisture Analyzer  XY100MW (110g/0.001g),IGST18,ItemAmount,true,Duty payment Parking,INV 22130,99381000009557655,2023-07-05,Weighvox International FZE LLC
99381000009557727,6671647,,2023-07-01,INCOK1,,0.00,579685.00,49149.25,4054.90,18.000000,Moisture Analyzer  XY100MW (110g/0.001g),IGST18,ItemAmount,true,Duty payment Parking,INV 22130,99381000009557655,2023-07-05,Weighvox International FZE LLC
99381000009557727,6671647,,2023-07-01,INCOK1,,0.00,579685.00,49149.25,4054.90,18.000000,Moisture Analyzer  XY100MW (110g/0.001g),IGST18,ItemAmount,true,Duty payment Parking,INV 22130,99381000009557655,2023-07-05,Weighvox International FZE LLC
99381000009557727,6671647,,2023-07-01,INCOK1,,0.00,579685.00,19659.70,1621.90,18.000000,Density Balance X600-2CM (610g/0.01g),IGST18,ItemAmount,true,Duty payment Parking,INV 22130,99381000009557655,2023-07-05,Weighvox International FZE LLC
99381000009557727,6671647,,2023-07-01,INCOK1,,0.00,579685.00,19659.70,1621.90,18.000000,Density Balance X600-2CM (610g/0.01g),IGST18,ItemAmount,true,Duty payment Parking,INV 22130,99381000009557655,2023-07-05,Weighvox International FZE LLC
99381000009557727,6671647,,2023-07-01,INCOK1,,0.00,579685.00,19659.70,1621.90,18.000000,Density Balance X600-2CM (610g/0.01g),IGST18,ItemAmount,true,Duty payment Parking,INV 22130,99381000009557655,2023-07-05,Weighvox International FZE LLC
99381000009557727,6671647,,2023-07-01,INCOK1,,0.00,579685.00,19659.70,1621.90,18.000000,Density Balance X600-2CM (610g/0.01g),IGST18,ItemAmount,true,Duty payment Parking,INV 22130,99381000009557655,2023-07-05,Weighvox International FZE LLC
99381000009557819,6652128,30/06/2023,2023-07-05,INCOK1,,0.00,1046139.92,3002305.13,247690.23,18.000000,PLATFORM SCALE -BENCH (DUAL-AD),IGST18,ItemAmount,true,Duty payment Parking,YKSP230418,99381000009540772,2023-07-05,ZHEJIANG SIFANG IMPORT & EXPORT CO LTD- AD
99381000009557819,6652128,30/06/2023,2023-07-05,INCOK1,,0.00,1046139.92,3002305.13,247690.23,18.000000,PLATFORM SCALE -BENCH (DUAL-AD),IGST18,ItemAmount,true,Duty payment Parking,YKSP230418,99381000009540772,2023-07-05,ZHEJIANG SIFANG IMPORT & EXPORT CO LTD- AD
99381000009557819,6652128,30/06/2023,2023-07-05,INCOK1,,0.00,1046139.92,3002305.13,247690.23,18.000000,PLATFORM SCALE -BENCH (DUAL-AD),IGST18,ItemAmount,true,Duty payment Parking,YKSP230418,99381000009540772,2023-07-05,ZHEJIANG SIFANG IMPORT & EXPORT CO LTD- AD
99381000009557819,6652128,30/06/2023,2023-07-05,INCOK1,,0.00,1046139.92,3002305.13,247690.23,18.000000,PLATFORM SCALE -BENCH (DUAL-AD),IGST18,ItemAmount,true,Duty payment Parking,YKSP230418,99381000009540772,2023-07-05,ZHEJIANG SIFANG IMPORT & EXPORT CO LTD- AD
99381000009557819,6652128,30/06/2023,2023-07-05,INCOK1,,0.00,1046139.92,769604.40,63492.99,18.000000,PRICE COMPUTING SCALE (DUAL-AD),IGST18,ItemAmount,true,Duty payment Parking,YKSP230418,99381000009540772,2023-07-05,ZHEJIANG SIFANG IMPORT & EXPORT CO LTD- AD
99381000009557819,6652128,30/06/2023,2023-07-05,INCOK1,,0.00,1046139.92,769604.40,63492.99,18.000000,PRICE COMPUTING SCALE (DUAL-AD),IGST18,ItemAmount,true,Duty payment Parking,YKSP230418,99381000009540772,2023-07-05,ZHEJIANG SIFANG IMPORT & EXPORT CO LTD- AD
99381000009557819,6652128,30/06/2023,2023-07-05,INCOK1,,0.00,1046139.92,769604.40,63492.99,18.000000,PRICE COMPUTING SCALE (DUAL-AD),IGST18,ItemAmount,true,Duty payment Parking,YKSP230418,99381000009540772,2023-07-05,ZHEJIANG SIFANG IMPORT & EXPORT CO LTD- AD
99381000009557819,6652128,30/06/2023,2023-07-05,INCOK1,,0.00,1046139.92,769604.40,63492.99,18.000000,PRICE COMPUTING SCALE (DUAL-AD),IGST18,ItemAmount,true,Duty payment Parking,YKSP230418,99381000009540772,2023-07-05,ZHEJIANG SIFANG IMPORT & EXPORT CO LTD- AD
99381000009648063,6760378,,2023-07-07,INCOK1,,0.00,474402.00,1710482.08,141114.60,18.000000,PRICE COMPUTING SCALE - WHITE (AY),IGST18,ItemAmount,true,Duty payment Parking,YS20230606DU,99381000009648041,2023-07-13,Zhejiang Sifang Import and Export Co. Ltd
99381000009648063,6760378,,2023-07-07,INCOK1,,0.00,474402.00,1710482.08,141114.60,18.000000,PRICE COMPUTING SCALE - WHITE (AY),IGST18,ItemAmount,true,Duty payment Parking,YS20230606DU,99381000009648041,2023-07-13,Zhejiang Sifang Import and Export Co. Ltd
99381000009648063,6760378,,2023-07-07,INCOK1,,0.00,474402.00,1710482.08,141114.60,18.000000,PRICE COMPUTING SCALE - WHITE (AY),IGST18,ItemAmount,true,Duty payment Parking,YS20230606DU,99381000009648041,2023-07-13,Zhejiang Sifang Import and Export Co. Ltd
99381000009648063,6760378,,2023-07-07,INCOK1,,0.00,474402.00,1710482.08,141114.60,18.000000,PRICE COMPUTING SCALE - WHITE (AY),IGST18,ItemAmount,true,Duty payment Parking,YS20230606DU,99381000009648041,2023-07-13,Zhejiang Sifang Import and Export Co. Ltd
99381000009660872,6652128,30.06.2023,2023-07-05,INCOK1,,0.00,33733.08,121626.25,10034.20,18.000000,Spare Parts,IGST18,ItemAmount,true,Duty payment Parking,YKSP230418-spare,99381000009660850,2023-07-05,ZHEJIANG SIFANG IMPORT & EXPORT CO LTD- AD
99381000010086355,7072349,,2023-08-04,INCOK1,,0.00,989797.43,2612969.55,215570.00,18.000000,PLATFORM SCALE-BENCH(GREEN-O),IGST18,ItemAmount,true,Duty payment Parking,YS20230530IN,99381000010054598,2023-08-04,Zhejiang Sifang Import and Export Co. Ltd
99381000010086355,7072349,,2023-08-04,INCOK1,,0.00,989797.43,2612969.55,215570.00,18.000000,PLATFORM SCALE-BENCH(GREEN-O),IGST18,ItemAmount,true,Duty payment Parking,YS20230530IN,99381000010054598,2023-08-04,Zhejiang Sifang Import and Export Co. Ltd
99381000010086355,7072349,,2023-08-04,INCOK1,,0.00,989797.43,2612969.55,215570.00,18.000000,PLATFORM SCALE-BENCH(GREEN-O),IGST18,ItemAmount,true,Duty payment Parking,YS20230530IN,99381000010054598,2023-08-04,Zhejiang Sifang Import and Export Co. Ltd
99381000010086355,7072349,,2023-08-04,INCOK1,,0.00,989797.43,2612969.55,215570.00,18.000000,PLATFORM SCALE-BENCH(GREEN-O),IGST18,ItemAmount,true,Duty payment Parking,YS20230530IN,99381000010054598,2023-08-04,Zhejiang Sifang Import and Export Co. Ltd
99381000010086355,7072349,,2023-08-04,INCOK1,,0.00,989797.43,955796.76,78853.30,18.000000,PLATFORM SCALE,IGST18,ItemAmount,true,Duty payment Parking,YS20230530IN,99381000010054598,2023-08-04,Zhejiang Sifang Import and Export Co. Ltd
99381000010086355,7072349,,2023-08-04,INCOK1,,0.00,989797.43,955796.76,78853.30,18.000000,PLATFORM SCALE,IGST18,ItemAmount,true,Duty payment Parking,YS20230530IN,99381000010054598,2023-08-04,Zhejiang Sifang Import and Export Co. Ltd
99381000010086355,7072349,,2023-08-04,INCOK1,,0.00,989797.43,955796.76,78853.30,18.000000,PLATFORM SCALE,IGST18,ItemAmount,true,Duty payment Parking,YS20230530IN,99381000010054598,2023-08-04,Zhejiang Sifang Import and Export Co. Ltd
99381000010086355,7072349,,2023-08-04,INCOK1,,0.00,989797.43,955796.76,78853.30,18.000000,PLATFORM SCALE,IGST18,ItemAmount,true,Duty payment Parking,YS20230530IN,99381000010054598,2023-08-04,Zhejiang Sifang Import and Export Co. Ltd
99381000010343679,7408781,,2023-08-18,INCOK1,,0.00,1097533.00,1488809.19,122826.86,18.000000,Bill Printing scale Q8POS,IGST18,ItemAmount,true,Duty payment Parking,01886826,99381000010333962,2023-08-18,Shanghai Yousheng Weighing Apparatus Co. Ltd.
99381000010343679,7408781,,2023-08-18,INCOK1,,0.00,1097533.00,1488809.19,122826.86,18.000000,Bill Printing scale Q8POS,IGST18,ItemAmount,true,Duty payment Parking,01886826,99381000010333962,2023-08-18,Shanghai Yousheng Weighing Apparatus Co. Ltd.
99381000010343679,7408781,,2023-08-18,INCOK1,,0.00,1097533.00,1488809.19,122826.86,18.000000,Bill Printing scale Q8POS,IGST18,ItemAmount,true,Duty payment Parking,01886826,99381000010333962,2023-08-18,Shanghai Yousheng Weighing Apparatus Co. Ltd.
99381000010343679,7408781,,2023-08-18,INCOK1,,0.00,1097533.00,1488809.19,122826.86,18.000000,Bill Printing scale Q8POS,IGST18,ItemAmount,true,Duty payment Parking,01886826,99381000010333962,2023-08-18,Shanghai Yousheng Weighing Apparatus Co. Ltd.
99381000010343679,7408781,,2023-08-18,INCOK1,,0.00,1097533.00,2468402.48,203643.39,18.000000,Label Printing Scale Q9LBL,IGST18,ItemAmount,true,Duty payment Parking,01886826,99381000010333962,2023-08-18,Shanghai Yousheng Weighing Apparatus Co. Ltd.
99381000010343679,7408781,,2023-08-18,INCOK1,,0.00,1097533.00,2468402.48,203643.39,18.000000,Label Printing Scale Q9LBL,IGST18,ItemAmount,true,Duty payment Parking,01886826,99381000010333962,2023-08-18,Shanghai Yousheng Weighing Apparatus Co. Ltd.
99381000010343679,7408781,,2023-08-18,INCOK1,,0.00,1097533.00,2468402.48,203643.39,18.000000,Label Printing Scale Q9LBL,IGST18,ItemAmount,true,Duty payment Parking,01886826,99381000010333962,2023-08-18,Shanghai Yousheng Weighing Apparatus Co. Ltd.
99381000010343679,7408781,,2023-08-18,INCOK1,,0.00,1097533.00,2468402.48,203643.39,18.000000,Label Printing Scale Q9LBL,IGST18,ItemAmount,true,Duty payment Parking,01886826,99381000010333962,2023-08-18,Shanghai Yousheng Weighing Apparatus Co. Ltd.
99381000010656257,7072349,,2023-08-27,INCOK1,,0.00,13373.58,4727.41,390.01,18.000000,Bench PC Keypad Board,IGST18,ItemAmount,true,Duty payment Parking,YS20230530IN,99381000010086397,2023-08-04,Zhejiang Sifang Import and Export Co. Ltd
99381000010656257,7072349,,2023-08-27,INCOK1,,0.00,13373.58,3008.35,248.19,18.000000,Bench PC Step Down Transformer (Output: 6.5v AC),IGST18,ItemAmount,true,Duty payment Parking,YS20230530IN,99381000010086397,2023-08-04,Zhejiang Sifang Import and Export Co. Ltd
99381000010656257,7072349,,2023-08-27,INCOK1,,0.00,13373.58,429.77,35.46,18.000000,Bench PC Protection Dust Cover,IGST18,ItemAmount,true,Duty payment Parking,YS20230530IN,99381000010086397,2023-08-04,Zhejiang Sifang Import and Export Co. Ltd
99381000010656257,7072349,,2023-08-27,INCOK1,,0.00,13373.58,1289.29,106.37,18.000000,Bench PC Panel Overlay Sticker,IGST18,ItemAmount,true,Duty payment Parking,YS20230530IN,99381000010086397,2023-08-04,Zhejiang Sifang Import and Export Co. Ltd
99381000010656257,7072349,,2023-08-27,INCOK1,,0.00,13373.58,128.93,10.64,18.000000,YS 50G Lock Spring,IGST18,ItemAmount,true,Duty payment Parking,YS20230530IN,99381000010086397,2023-08-04,Zhejiang Sifang Import and Export Co. Ltd
99381000010656257,7072349,,2023-08-27,INCOK1,,0.00,13373.58,343.81,28.36,18.000000,BPC50DAD2 Machine Leg,IGST18,ItemAmount,true,Duty payment Parking,YS20230530IN,99381000010086397,2023-08-04,Zhejiang Sifang Import and Export Co. Ltd
99381000010656257,7072349,,2023-08-27,INCOK1,,0.00,13373.58,8595.30,709.11,18.000000,ATM/BENCH PC MOTHER BOARD,IGST18,ItemAmount,true,Duty payment Parking,YS20230530IN,99381000010086397,2023-08-04,Zhejiang Sifang Import and Export Co. Ltd
99381000010656257,7072349,,2023-08-27,INCOK1,,0.00,13373.58,5535.37,456.67,18.000000,BENCH PC GREEN FRONT&BACK DISPLAY,IGST18,ItemAmount,true,Duty payment Parking,YS20230530IN,99381000010086397,2023-08-04,Zhejiang Sifang Import and Export Co. Ltd
99381000010656257,7072349,,2023-08-27,INCOK1,,0.00,13373.58,4125.74,340.37,18.000000,Bench PC Keypad Board,IGST18,ItemAmount,true,Duty payment Parking,YS20230530IN,99381000010086397,2023-08-04,Zhejiang Sifang Import and Export Co. Ltd
99381000010656257,7072349,,2023-08-27,INCOK1,,0.00,13373.58,412.57,34.04,18.000000,YS 50G Dustcover,IGST18,ItemAmount,true,Duty payment Parking,YS20230530IN,99381000010086397,2023-08-04,Zhejiang Sifang Import and Export Co. Ltd
99381000010656257,7072349,,2023-08-27,INCOK1,,0.00,13373.58,1289.29,106.37,18.000000,Bench PC Panel Overlay Sticker,IGST18,ItemAmount,true,Duty payment Parking,YS20230530IN,99381000010086397,2023-08-04,Zhejiang Sifang Import and Export Co. Ltd
99381000010656257,7072349,,2023-08-27,INCOK1,,0.00,13373.58,343.81,28.36,18.000000,BPC50DAD2 Machine Leg,IGST18,ItemAmount,true,Duty payment Parking,YS20230530IN,99381000010086397,2023-08-04,Zhejiang Sifang Import and Export Co. Ltd
99381000010656257,7072349,,2023-08-27,INCOK1,,0.00,13373.58,6790.28,560.20,18.000000,BENCH PC GREEN MAIN BOARD,IGST18,ItemAmount,true,Duty payment Parking,YS20230530IN,99381000010086397,2023-08-04,Zhejiang Sifang Import and Export Co. Ltd
99381000010656257,7072349,,2023-08-27,INCOK1,,0.00,13373.58,343.81,28.36,18.000000,ATM PC LEG,IGST18,ItemAmount,true,Duty payment Parking,YS20230530IN,99381000010086397,2023-08-04,Zhejiang Sifang Import and Export Co. Ltd
99381000010656257,7072349,,2023-08-27,INCOK1,,0.00,13373.58,3781.93,312.01,18.000000,ATM PC KEYPAD BOARD,IGST18,ItemAmount,true,Duty payment Parking,YS20230530IN,99381000010086397,2023-08-04,Zhejiang Sifang Import and Export Co. Ltd
99381000010656257,7072349,,2023-08-27,INCOK1,,0.00,13373.58,5157.18,425.47,18.000000,ATM/BENCH PC MOTHER BOARD,IGST18,ItemAmount,true,Duty payment Parking,YS20230530IN,99381000010086397,2023-08-04,Zhejiang Sifang Import and Export Co. Ltd
99381000010656257,7072349,,2023-08-27,INCOK1,,0.00,13373.58,429.77,35.46,18.000000,AY ATM PC-WH Weigh pan leg,IGST18,ItemAmount,true,Duty payment Parking,YS20230530IN,99381000010086397,2023-08-04,Zhejiang Sifang Import and Export Co. Ltd
99381000010656257,7072349,,2023-08-27,INCOK1,,0.00,13373.58,429.77,35.45,18.000000,ATMPCWH Dustcover,IGST18,ItemAmount,true,Duty payment Parking,YS20230530IN,99381000010086397,2023-08-04,Zhejiang Sifang Import and Export Co. Ltd
99381000010656257,7072349,,2023-08-27,INCOK1,,0.00,13373.58,429.77,35.42,18.000000,BODY SET ATM JUNIOR,IGST18,ItemAmount,true,Duty payment Parking,YS20230530IN,99381000010086397,2023-08-04,Zhejiang Sifang Import and Export Co. Ltd
99381000010656257,7072349,,2023-08-27,INCOK1,,0.00,13373.58,292.24,24.11,18.000000,AY ATMPC-WH Body set (Top),IGST18,ItemAmount,true,Duty payment Parking,YS20230530IN,99381000010086397,2023-08-04,Zhejiang Sifang Import and Export Co. Ltd
99381000010656257,7072349,,2023-08-27,INCOK1,,0.00,13373.58,292.24,24.11,18.000000,AY ATMPC-WH Body set (Base),IGST18,ItemAmount,true,Duty payment Parking,YS20230530IN,99381000010086397,2023-08-04,Zhejiang Sifang Import and Export Co. Ltd
99381000010656257,7072349,,2023-08-27,INCOK1,,0.00,13373.58,30.08,2.41,18.000000,APCPQ Power code connector,IGST18,ItemAmount,true,Duty payment Parking,YS20230530IN,99381000010086397,2023-08-04,Zhejiang Sifang Import and Export Co. Ltd
99381000010656257,7072349,,2023-08-27,INCOK1,,0.00,13373.58,12.89,1.06,18.000000,PFG56TQ Loadcell Trolley 800 Kg,IGST18,ItemAmount,true,Duty payment Parking,YS20230530IN,99381000010086397,2023-08-04,Zhejiang Sifang Import and Export Co. Ltd
99381000011620957,8722473,,2023-11-10,INCOK1,,0.00,998137.77,326652.36,26948.80,18.000000,LABEL PRINTING SCALE Q10,IGST18,ItemAmount,true,Duty payment Parking,01886935,99381000011620234,2023-11-10,Shanghai Yousheng Weighing Apparatus Co. Ltd.
99381000011620957,8722473,,2023-11-10,INCOK1,,0.00,998137.77,326652.36,26948.80,18.000000,LABEL PRINTING SCALE Q10,IGST18,ItemAmount,true,Duty payment Parking,01886935,99381000011620234,2023-11-10,Shanghai Yousheng Weighing Apparatus Co. Ltd.
99381000011620957,8722473,,2023-11-10,INCOK1,,0.00,998137.77,326652.36,26948.80,18.000000,LABEL PRINTING SCALE Q10,IGST18,ItemAmount,true,Duty payment Parking,01886935,99381000011620234,2023-11-10,Shanghai Yousheng Weighing Apparatus Co. Ltd.
99381000011620957,8722473,,2023-11-10,INCOK1,,0.00,998137.77,326652.36,26948.80,18.000000,LABEL PRINTING SCALE Q10,IGST18,ItemAmount,true,Duty payment Parking,01886935,99381000011620234,2023-11-10,Shanghai Yousheng Weighing Apparatus Co. Ltd.
99381000011620957,8722473,,2023-11-10,INCOK1,,0.00,998137.77,566197.42,46711.30,18.000000,Bill Printing scale Q10POS,IGST18,ItemAmount,true,Duty payment Parking,01886935,99381000011620234,2023-11-10,Shanghai Yousheng Weighing Apparatus Co. Ltd.
99381000011620957,8722473,,2023-11-10,INCOK1,,0.00,998137.77,566197.42,46711.30,18.000000,Bill Printing scale Q10POS,IGST18,ItemAmount,true,Duty payment Parking,01886935,99381000011620234,2023-11-10,Shanghai Yousheng Weighing Apparatus Co. Ltd.
99381000011620957,8722473,,2023-11-10,INCOK1,,0.00,998137.77,566197.42,46711.30,18.000000,Bill Printing scale Q10POS,IGST18,ItemAmount,true,Duty payment Parking,01886935,99381000011620234,2023-11-10,Shanghai Yousheng Weighing Apparatus Co. Ltd.
99381000011620957,8722473,,2023-11-10,INCOK1,,0.00,998137.77,566197.42,46711.30,18.000000,Bill Printing scale Q10POS,IGST18,ItemAmount,true,Duty payment Parking,01886935,99381000011620234,2023-11-10,Shanghai Yousheng Weighing Apparatus Co. Ltd.
99381000011620957,8722473,,2023-11-10,INCOK1,,0.00,998137.77,405048.93,33416.60,18.000000,Bill  Printing scale Q74W,IGST18,ItemAmount,true,Duty payment Parking,01886935,99381000011620234,2023-11-10,Shanghai Yousheng Weighing Apparatus Co. Ltd.
99381000011620957,8722473,,2023-11-10,INCOK1,,0.00,998137.77,405048.93,33416.60,18.000000,Bill  Printing scale Q74W,IGST18,ItemAmount,true,Duty payment Parking,01886935,99381000011620234,2023-11-10,Shanghai Yousheng Weighing Apparatus Co. Ltd.
99381000011620957,8722473,,2023-11-10,INCOK1,,0.00,998137.77,405048.93,33416.60,18.000000,Bill  Printing scale Q74W,IGST18,ItemAmount,true,Duty payment Parking,01886935,99381000011620234,2023-11-10,Shanghai Yousheng Weighing Apparatus Co. Ltd.
99381000011620957,8722473,,2023-11-10,INCOK1,,0.00,998137.77,405048.93,33416.60,18.000000,Bill  Printing scale Q74W,IGST18,ItemAmount,true,Duty payment Parking,01886935,99381000011620234,2023-11-10,Shanghai Yousheng Weighing Apparatus Co. Ltd.
99381000011620957,8722473,,2023-11-10,INCOK1,,0.00,998137.77,1502600.86,123964.60,18.000000,Bill Printing scale Q8POS,IGST18,ItemAmount,true,Duty payment Parking,01886935,99381000011620234,2023-11-10,Shanghai Yousheng Weighing Apparatus Co. Ltd.
99381000011620957,8722473,,2023-11-10,INCOK1,,0.00,998137.77,1502600.86,123964.60,18.000000,Bill Printing scale Q8POS,IGST18,ItemAmount,true,Duty payment Parking,01886935,99381000011620234,2023-11-10,Shanghai Yousheng Weighing Apparatus Co. Ltd.
99381000011620957,8722473,,2023-11-10,INCOK1,,0.00,998137.77,1502600.86,123964.60,18.000000,Bill Printing scale Q8POS,IGST18,ItemAmount,true,Duty payment Parking,01886935,99381000011620234,2023-11-10,Shanghai Yousheng Weighing Apparatus Co. Ltd.
99381000011620957,8722473,,2023-11-10,INCOK1,,0.00,998137.77,1502600.86,123964.60,18.000000,Bill Printing scale Q8POS,IGST18,ItemAmount,true,Duty payment Parking,01886935,99381000011620234,2023-11-10,Shanghai Yousheng Weighing Apparatus Co. Ltd.
99381000011620957,8722473,,2023-11-10,INCOK1,,0.00,998137.77,104528.75,8623.70,18.000000,ECS Indicator,IGST18,ItemAmount,true,Duty payment Parking,01886935,99381000011620234,2023-11-10,Shanghai Yousheng Weighing Apparatus Co. Ltd.
99381000011620957,8722473,,2023-11-10,INCOK1,,0.00,998137.77,104528.75,8623.70,18.000000,ECS Indicator,IGST18,ItemAmount,true,Duty payment Parking,01886935,99381000011620234,2023-11-10,Shanghai Yousheng Weighing Apparatus Co. Ltd.
99381000011620957,8722473,,2023-11-10,INCOK1,,0.00,998137.77,104528.75,8623.70,18.000000,ECS Indicator,IGST18,ItemAmount,true,Duty payment Parking,01886935,99381000011620234,2023-11-10,Shanghai Yousheng Weighing Apparatus Co. Ltd.
99381000011620957,8722473,,2023-11-10,INCOK1,,0.00,998137.77,104528.75,8623.70,18.000000,ECS Indicator,IGST18,ItemAmount,true,Duty payment Parking,01886935,99381000011620234,2023-11-10,Shanghai Yousheng Weighing Apparatus Co. Ltd.
99381000011620957,8722473,,2023-11-10,INCOK1,,0.00,998137.77,60975.11,5030.40,18.000000,Label Indicator,IGST18,ItemAmount,true,Duty payment Parking,01886935,99381000011620234,2023-11-10,Shanghai Yousheng Weighing Apparatus Co. Ltd.
99381000011620957,8722473,,2023-11-10,INCOK1,,0.00,998137.77,60975.11,5030.40,18.000000,Label Indicator,IGST18,ItemAmount,true,Duty payment Parking,01886935,99381000011620234,2023-11-10,Shanghai Yousheng Weighing Apparatus Co. Ltd.
99381000011620957,8722473,,2023-11-10,INCOK1,,0.00,998137.77,60975.11,5030.40,18.000000,Label Indicator,IGST18,ItemAmount,true,Duty payment Parking,01886935,99381000011620234,2023-11-10,Shanghai Yousheng Weighing Apparatus Co. Ltd.
99381000011620957,8722473,,2023-11-10,INCOK1,,0.00,998137.77,60975.11,5030.40,18.000000,Label Indicator,IGST18,ItemAmount,true,Duty payment Parking,01886935,99381000011620234,2023-11-10,Shanghai Yousheng Weighing Apparatus Co. Ltd.
99381000011620957,8722473,,2023-11-10,INCOK1,,0.00,998137.77,282227.57,23283.80,18.000000,PALLET SCALE,IGST18,ItemAmount,true,Duty payment Parking,01886935,99381000011620234,2023-11-10,Shanghai Yousheng Weighing Apparatus Co. Ltd.
99381000011620957,8722473,,2023-11-10,INCOK1,,0.00,998137.77,282227.57,23283.80,18.000000,PALLET SCALE,IGST18,ItemAmount,true,Duty payment Parking,01886935,99381000011620234,2023-11-10,Shanghai Yousheng Weighing Apparatus Co. Ltd.
99381000011620957,8722473,,2023-11-10,INCOK1,,0.00,998137.77,282227.57,23283.80,18.000000,PALLET SCALE,IGST18,ItemAmount,true,Duty payment Parking,01886935,99381000011620234,2023-11-10,Shanghai Yousheng Weighing Apparatus Co. Ltd.
99381000011620957,8722473,,2023-11-10,INCOK1,,0.00,998137.77,282227.57,23283.80,18.000000,PALLET SCALE,IGST18,ItemAmount,true,Duty payment Parking,01886935,99381000011620234,2023-11-10,Shanghai Yousheng Weighing Apparatus Co. Ltd.
99381000011620957,8722473,,2023-11-10,INCOK1,,0.00,998137.77,78396.57,6467.70,18.000000,B3P WEIGHING INDICATOR,IGST18,ItemAmount,true,Duty payment Parking,01886935,99381000011620234,2023-11-10,Shanghai Yousheng Weighing Apparatus Co. Ltd.
99381000011620957,8722473,,2023-11-10,INCOK1,,0.00,998137.77,78396.57,6467.70,18.000000,B3P WEIGHING INDICATOR,IGST18,ItemAmount,true,Duty payment Parking,01886935,99381000011620234,2023-11-10,Shanghai Yousheng Weighing Apparatus Co. Ltd.
99381000011620957,8722473,,2023-11-10,INCOK1,,0.00,998137.77,78396.57,6467.70,18.000000,B3P WEIGHING INDICATOR,IGST18,ItemAmount,true,Duty payment Parking,01886935,99381000011620234,2023-11-10,Shanghai Yousheng Weighing Apparatus Co. Ltd.
99381000011620957,8722473,,2023-11-10,INCOK1,,0.00,998137.77,78396.57,6467.70,18.000000,B3P WEIGHING INDICATOR,IGST18,ItemAmount,true,Duty payment Parking,01886935,99381000011620234,2023-11-10,Shanghai Yousheng Weighing Apparatus Co. Ltd.
99381000011620957,8722473,,2023-11-10,INCOK1,,0.00,998137.77,156793.12,12935.50,18.000000,Floor Scale 1mx1m,IGST18,ItemAmount,true,Duty payment Parking,01886935,99381000011620234,2023-11-10,Shanghai Yousheng Weighing Apparatus Co. Ltd.
99381000011620957,8722473,,2023-11-10,INCOK1,,0.00,998137.77,156793.12,12935.50,18.000000,Floor Scale 1mx1m,IGST18,ItemAmount,true,Duty payment Parking,01886935,99381000011620234,2023-11-10,Shanghai Yousheng Weighing Apparatus Co. Ltd.
99381000011620957,8722473,,2023-11-10,INCOK1,,0.00,998137.77,156793.12,12935.50,18.000000,Floor Scale 1mx1m,IGST18,ItemAmount,true,Duty payment Parking,01886935,99381000011620234,2023-11-10,Shanghai Yousheng Weighing Apparatus Co. Ltd.
99381000011620957,8722473,,2023-11-10,INCOK1,,0.00,998137.77,156793.12,12935.50,18.000000,Floor Scale 1mx1m,IGST18,ItemAmount,true,Duty payment Parking,01886935,99381000011620234,2023-11-10,Shanghai Yousheng Weighing Apparatus Co. Ltd.
99381000011620957,8722473,,2023-11-10,INCOK1,,0.00,998137.77,45731.32,3772.80,18.000000,Floor Scale 1.2mx1.2m,IGST18,ItemAmount,true,Duty payment Parking,01886935,99381000011620234,2023-11-10,Shanghai Yousheng Weighing Apparatus Co. Ltd.
99381000011620957,8722473,,2023-11-10,INCOK1,,0.00,998137.77,45731.32,3772.80,18.000000,Floor Scale 1.2mx1.2m,IGST18,ItemAmount,true,Duty payment Parking,01886935,99381000011620234,2023-11-10,Shanghai Yousheng Weighing Apparatus Co. Ltd.
99381000011620957,8722473,,2023-11-10,INCOK1,,0.00,998137.77,45731.32,3772.80,18.000000,Floor Scale 1.2mx1.2m,IGST18,ItemAmount,true,Duty payment Parking,01886935,99381000011620234,2023-11-10,Shanghai Yousheng Weighing Apparatus Co. Ltd.
99381000011620957,8722473,,2023-11-10,INCOK1,,0.00,998137.77,45731.32,3772.80,18.000000,Floor Scale 1.2mx1.2m,IGST18,ItemAmount,true,Duty payment Parking,01886935,99381000011620234,2023-11-10,Shanghai Yousheng Weighing Apparatus Co. Ltd.
99381000011620957,8722473,,2023-11-10,INCOK1,,0.00,998137.77,60975.11,5030.40,18.000000,Floor Scale 1.5mx1.5m,IGST18,ItemAmount,true,Duty payment Parking,01886935,99381000011620234,2023-11-10,Shanghai Yousheng Weighing Apparatus Co. Ltd.
99381000011620957,8722473,,2023-11-10,INCOK1,,0.00,998137.77,60975.11,5030.40,18.000000,Floor Scale 1.5mx1.5m,IGST18,ItemAmount,true,Duty payment Parking,01886935,99381000011620234,2023-11-10,Shanghai Yousheng Weighing Apparatus Co. Ltd.
99381000011620957,8722473,,2023-11-10,INCOK1,,0.00,998137.77,60975.11,5030.40,18.000000,Floor Scale 1.5mx1.5m,IGST18,ItemAmount,true,Duty payment Parking,01886935,99381000011620234,2023-11-10,Shanghai Yousheng Weighing Apparatus Co. Ltd.
99381000011620957,8722473,,2023-11-10,INCOK1,,0.00,998137.77,60975.11,5030.40,18.000000,Floor Scale 1.5mx1.5m,IGST18,ItemAmount,true,Duty payment Parking,01886935,99381000011620234,2023-11-10,Shanghai Yousheng Weighing Apparatus Co. Ltd.
99381000011620957,8722473,,2023-11-10,INCOK1,,0.00,998137.77,8710.73,718.60,18.000000,PLATFORM SCALE INDICATOR ABS XK3100-B3+,IGST18,ItemAmount,true,Duty payment Parking,01886935,99381000011620234,2023-11-10,Shanghai Yousheng Weighing Apparatus Co. Ltd.
99381000011620957,8722473,,2023-11-10,INCOK1,,0.00,998137.77,8710.73,718.60,18.000000,PLATFORM SCALE INDICATOR ABS XK3100-B3+,IGST18,ItemAmount,true,Duty payment Parking,01886935,99381000011620234,2023-11-10,Shanghai Yousheng Weighing Apparatus Co. Ltd.
99381000011620957,8722473,,2023-11-10,INCOK1,,0.00,998137.77,8710.73,718.60,18.000000,PLATFORM SCALE INDICATOR ABS XK3100-B3+,IGST18,ItemAmount,true,Duty payment Parking,01886935,99381000011620234,2023-11-10,Shanghai Yousheng Weighing Apparatus Co. Ltd.
99381000011620957,8722473,,2023-11-10,INCOK1,,0.00,998137.77,8710.73,718.60,18.000000,PLATFORM SCALE INDICATOR ABS XK3100-B3+,IGST18,ItemAmount,true,Duty payment Parking,01886935,99381000011620234,2023-11-10,Shanghai Yousheng Weighing Apparatus Co. Ltd.
99381000011628406,8722473,,2023-11-10,INCOK1,,0.00,12998.22,43.55,3.59,18.000000,ECS 5W /LBL  POS LEG,IGST18,ItemAmount,true,Duty payment Parking,01886935,99381000011628298,2023-11-10,Shanghai Yousheng Weighing Apparatus Co. Ltd.
99381000011628406,8722473,,2023-11-10,INCOK1,,0.00,12998.22,14898.00,1229.06,18.000000,ECS5W PRINTER,IGST18,ItemAmount,true,Duty payment Parking,01886935,99381000011628298,2023-11-10,Shanghai Yousheng Weighing Apparatus Co. Ltd.
99381000011628406,8722473,,2023-11-10,INCOK1,,0.00,12998.22,31707.06,2615.86,18.000000,ECS5W PRINTER ROLLER WITH HEAD,IGST18,ItemAmount,true,Duty payment Parking,01886935,99381000011628298,2023-11-10,Shanghai Yousheng Weighing Apparatus Co. Ltd.
99381000011628406,8722473,,2023-11-10,INCOK1,,0.00,12998.22,9.58,0.79,18.000000,ECS INDICATOR STICKER,IGST18,ItemAmount,true,Duty payment Parking,01886935,99381000011628298,2023-11-10,Shanghai Yousheng Weighing Apparatus Co. Ltd.
99381000011628406,8722473,,2023-11-10,INCOK1,,0.00,12998.22,14.81,1.22,18.000000,ECS INDICATOR SILICON KEYPAD,IGST18,ItemAmount,true,Duty payment Parking,01886935,99381000011628298,2023-11-10,Shanghai Yousheng Weighing Apparatus Co. Ltd.
99381000011628406,8722473,,2023-11-10,INCOK1,,0.00,12998.22,17.42,1.44,18.000000,ECS4W DUST COVER,IGST18,ItemAmount,true,Duty payment Parking,01886935,99381000011628298,2023-11-10,Shanghai Yousheng Weighing Apparatus Co. Ltd.
99381000011628406,8722473,,2023-11-10,INCOK1,,0.00,12998.22,26.13,2.16,18.000000,Q8LBL LABEL GAP SENSOR,IGST18,ItemAmount,true,Duty payment Parking,01886935,99381000011628298,2023-11-10,Shanghai Yousheng Weighing Apparatus Co. Ltd.
99381000011628406,8722473,,2023-11-10,INCOK1,,0.00,12998.22,9.58,0.79,18.000000,Q9LBL PRINT HEAD,IGST18,ItemAmount,true,Duty payment Parking,01886935,99381000011628298,2023-11-10,Shanghai Yousheng Weighing Apparatus Co. Ltd.
99381000011628406,8722473,,2023-11-10,INCOK1,,0.00,12998.22,26.13,2.16,18.000000,ECS5W KEYBOARD STICKER,IGST18,ItemAmount,true,Duty payment Parking,01886935,99381000011628298,2023-11-10,Shanghai Yousheng Weighing Apparatus Co. Ltd.
99381000011628406,8722473,,2023-11-10,INCOK1,,0.00,12998.22,86.00,7.20,18.000000,ECS5W DUST COVER,IGST18,ItemAmount,true,Duty payment Parking,01886935,99381000011628298,2023-11-10,Shanghai Yousheng Weighing Apparatus Co. Ltd.
99381000011628406,8722473,,2023-11-10,INCOK1,,0.00,12998.22,21.78,1.80,18.000000,ECS/LBL Display connector cable,IGST18,ItemAmount,true,Duty payment Parking,01886935,99381000011628298,2023-11-10,Shanghai Yousheng Weighing Apparatus Co. Ltd.
99381000011628406,8722473,,2023-11-10,INCOK1,,0.00,12998.22,5.23,0.43,18.000000,ECS PRINTER CASE LID,IGST18,ItemAmount,true,Duty payment Parking,01886935,99381000011628298,2023-11-10,Shanghai Yousheng Weighing Apparatus Co. Ltd.
99381000012011289,9038932,,2023-12-02,INCOK1,,0.00,765379.48,1618211.51,133502.50,18.000000,PLATFORM SCALE -BENCH (DUAL-AD3),IGST18,ItemAmount,true,Duty payment Parking,230307-0196,99381000011962203,2023-12-02,ZHEJIANG SIFANG IMPORT & EXPORT CO LTD- AD
99381000012011289,9038932,,2023-12-02,INCOK1,,0.00,765379.48,1618211.51,133502.50,18.000000,PLATFORM SCALE -BENCH (DUAL-AD3),IGST18,ItemAmount,true,Duty payment Parking,230307-0196,99381000011962203,2023-12-02,ZHEJIANG SIFANG IMPORT & EXPORT CO LTD- AD
99381000012011289,9038932,,2023-12-02,INCOK1,,0.00,765379.48,1618211.51,133502.50,18.000000,PLATFORM SCALE -BENCH (DUAL-AD3),IGST18,ItemAmount,true,Duty payment Parking,230307-0196,99381000011962203,2023-12-02,ZHEJIANG SIFANG IMPORT & EXPORT CO LTD- AD
99381000012011289,9038932,,2023-12-02,INCOK1,,0.00,765379.48,1618211.51,133502.50,18.000000,PLATFORM SCALE -BENCH (DUAL-AD3),IGST18,ItemAmount,true,Duty payment Parking,230307-0196,99381000011962203,2023-12-02,ZHEJIANG SIFANG IMPORT & EXPORT CO LTD- AD
99381000012011289,9038932,,2023-12-02,INCOK1,,0.00,765379.48,68566.80,5656.70,18.000000,ECONOMIC BENCH MS,IGST18,ItemAmount,true,Duty payment Parking,230307-0196,99381000011962203,2023-12-02,ZHEJIANG SIFANG IMPORT & EXPORT CO LTD- AD
99381000012011289,9038932,,2023-12-02,INCOK1,,0.00,765379.48,68566.80,5656.70,18.000000,ECONOMIC BENCH MS,IGST18,ItemAmount,true,Duty payment Parking,230307-0196,99381000011962203,2023-12-02,ZHEJIANG SIFANG IMPORT & EXPORT CO LTD- AD
99381000012011289,9038932,,2023-12-02,INCOK1,,0.00,765379.48,68566.80,5656.70,18.000000,ECONOMIC BENCH MS,IGST18,ItemAmount,true,Duty payment Parking,230307-0196,99381000011962203,2023-12-02,ZHEJIANG SIFANG IMPORT & EXPORT CO LTD- AD
99381000012011289,9038932,,2023-12-02,INCOK1,,0.00,765379.48,68566.80,5656.70,18.000000,ECONOMIC BENCH MS,IGST18,ItemAmount,true,Duty payment Parking,230307-0196,99381000011962203,2023-12-02,ZHEJIANG SIFANG IMPORT & EXPORT CO LTD- AD
99381000012011289,9038932,,2023-12-02,INCOK1,,0.00,765379.48,804189.31,66345.60,18.000000,Price Computing scale -W,IGST18,ItemAmount,true,Duty payment Parking,230307-0196,99381000011962203,2023-12-02,ZHEJIANG SIFANG IMPORT & EXPORT CO LTD- AD
99381000012011289,9038932,,2023-12-02,INCOK1,,0.00,765379.48,804189.31,66345.60,18.000000,Price Computing scale -W,IGST18,ItemAmount,true,Duty payment Parking,230307-0196,99381000011962203,2023-12-02,ZHEJIANG SIFANG IMPORT & EXPORT CO LTD- AD
99381000012011289,9038932,,2023-12-02,INCOK1,,0.00,765379.48,804189.31,66345.60,18.000000,Price Computing scale -W,IGST18,ItemAmount,true,Duty payment Parking,230307-0196,99381000011962203,2023-12-02,ZHEJIANG SIFANG IMPORT & EXPORT CO LTD- AD
99381000012011289,9038932,,2023-12-02,INCOK1,,0.00,765379.48,804189.31,66345.60,18.000000,Price Computing scale -W,IGST18,ItemAmount,true,Duty payment Parking,230307-0196,99381000011962203,2023-12-02,ZHEJIANG SIFANG IMPORT & EXPORT CO LTD- AD
99381000012011289,9038932,,2023-12-02,INCOK1,,0.00,765379.48,268648.40,22163.50,18.000000,PLATFORM SCALE -BENCH (DUAL-AD),IGST18,ItemAmount,true,Duty payment Parking,230307-0196,99381000011962203,2023-12-02,ZHEJIANG SIFANG IMPORT & EXPORT CO LTD- AD
99381000012011289,9038932,,2023-12-02,INCOK1,,0.00,765379.48,268648.40,22163.50,18.000000,PLATFORM SCALE -BENCH (DUAL-AD),IGST18,ItemAmount,true,Duty payment Parking,230307-0196,99381000011962203,2023-12-02,ZHEJIANG SIFANG IMPORT & EXPORT CO LTD- AD
99381000012011289,9038932,,2023-12-02,INCOK1,,0.00,765379.48,268648.40,22163.50,18.000000,PLATFORM SCALE -BENCH (DUAL-AD),IGST18,ItemAmount,true,Duty payment Parking,230307-0196,99381000011962203,2023-12-02,ZHEJIANG SIFANG IMPORT & EXPORT CO LTD- AD
99381000012011289,9038932,,2023-12-02,INCOK1,,0.00,765379.48,268648.40,22163.50,18.000000,PLATFORM SCALE -BENCH (DUAL-AD),IGST18,ItemAmount,true,Duty payment Parking,230307-0196,99381000011962203,2023-12-02,ZHEJIANG SIFANG IMPORT & EXPORT CO LTD- AD
99381000012011833,9038932,,2023-12-02,INCOK1,,0.00,17227.52,18682.68,1541.28,18.000000,BY Display ATMPCP Front and Back (Green LED),IGST18,ItemAmount,true,Duty payment Parking,230307-0196(1),99381000012009903,2023-12-02,ZHEJIANG SIFANG IMPORT & EXPORT CO LTD- AD
99381000012011833,9038932,,2023-12-02,INCOK1,,0.00,17227.52,8990.16,741.68,18.000000,BY Keypad Bench 4x5,IGST18,ItemAmount,true,Duty payment Parking,230307-0196(1),99381000012009903,2023-12-02,ZHEJIANG SIFANG IMPORT & EXPORT CO LTD- AD
99381000012011833,9038932,,2023-12-02,INCOK1,,0.00,17227.52,10254.40,845.97,18.000000,BY Keypad ATMPCP & ATMPCW,IGST18,ItemAmount,true,Duty payment Parking,230307-0196(1),99381000012009903,2023-12-02,ZHEJIANG SIFANG IMPORT & EXPORT CO LTD- AD
99381000012011833,9038932,,2023-12-02,INCOK1,,0.00,17227.52,2633.84,217.29,18.000000,BY Motherboard ATMPCW,IGST18,ItemAmount,true,Duty payment Parking,230307-0196(1),99381000012009903,2023-12-02,ZHEJIANG SIFANG IMPORT & EXPORT CO LTD- AD
99381000012011833,9038932,,2023-12-02,INCOK1,,0.00,17227.52,5794.44,478.30,18.000000,BY Front/Rear Housing for Bench,IGST18,ItemAmount,true,Duty payment Parking,230307-0196(1),99381000012009903,2023-12-02,ZHEJIANG SIFANG IMPORT & EXPORT CO LTD- AD
99381000012011833,9038932,,2023-12-02,INCOK1,,0.00,17227.52,15758.46,1300.06,18.000000,BY Bench Dual Display Front & Back (Green & Red LED),IGST18,ItemAmount,true,Duty payment Parking,230307-0196(1),99381000012009903,2023-12-02,ZHEJIANG SIFANG IMPORT & EXPORT CO LTD- AD
99381000012316099,9042857,,2023-12-02,INCOK1,,0.00,1216123.24,2908769.04,239973.45,18.000000,Bill Printing scale Q8POS,IGST18,ItemAmount,true,Duty payment Parking,YS231108,99381000012015935,2023-12-02,Shanghai Yousheng Weighing Apparatus Co. Ltd.
99381000012316099,9042857,,2023-12-02,INCOK1,,0.00,1216123.24,2908769.04,239973.45,18.000000,Bill Printing scale Q8POS,IGST18,ItemAmount,true,Duty payment Parking,YS231108,99381000012015935,2023-12-02,Shanghai Yousheng Weighing Apparatus Co. Ltd.
99381000012316099,9042857,,2023-12-02,INCOK1,,0.00,1216123.24,2908769.04,239973.45,18.000000,Bill Printing scale Q8POS,IGST18,ItemAmount,true,Duty payment Parking,YS231108,99381000012015935,2023-12-02,Shanghai Yousheng Weighing Apparatus Co. Ltd.
99381000012316099,9042857,,2023-12-02,INCOK1,,0.00,1216123.24,2908769.04,239973.45,18.000000,Bill Printing scale Q8POS,IGST18,ItemAmount,true,Duty payment Parking,YS231108,99381000012015935,2023-12-02,Shanghai Yousheng Weighing Apparatus Co. Ltd.
99381000012316099,9042857,,2023-12-02,INCOK1,,0.00,1216123.24,969589.68,79991.15,18.000000,Bill Printing scale Q8POS (UB),IGST18,ItemAmount,true,Duty payment Parking,YS231108,99381000012015935,2023-12-02,Shanghai Yousheng Weighing Apparatus Co. Ltd.
99381000012316099,9042857,,2023-12-02,INCOK1,,0.00,1216123.24,969589.68,79991.15,18.000000,Bill Printing scale Q8POS (UB),IGST18,ItemAmount,true,Duty payment Parking,YS231108,99381000012015935,2023-12-02,Shanghai Yousheng Weighing Apparatus Co. Ltd.
99381000012316099,9042857,,2023-12-02,INCOK1,,0.00,1216123.24,969589.68,79991.15,18.000000,Bill Printing scale Q8POS (UB),IGST18,ItemAmount,true,Duty payment Parking,YS231108,99381000012015935,2023-12-02,Shanghai Yousheng Weighing Apparatus Co. Ltd.
99381000012316099,9042857,,2023-12-02,INCOK1,,0.00,1216123.24,969589.68,79991.15,18.000000,Bill Printing scale Q8POS (UB),IGST18,ItemAmount,true,Duty payment Parking,YS231108,99381000012015935,2023-12-02,Shanghai Yousheng Weighing Apparatus Co. Ltd.
99381000012316099,9042857,,2023-12-02,INCOK1,,0.00,1216123.24,311653.83,25711.40,18.000000,ECS Indicator,IGST18,ItemAmount,true,Duty payment Parking,YS231108,99381000012015935,2023-12-02,Shanghai Yousheng Weighing Apparatus Co. Ltd.
99381000012316099,9042857,,2023-12-02,INCOK1,,0.00,1216123.24,311653.83,25711.40,18.000000,ECS Indicator,IGST18,ItemAmount,true,Duty payment Parking,YS231108,99381000012015935,2023-12-02,Shanghai Yousheng Weighing Apparatus Co. Ltd.
99381000012316099,9042857,,2023-12-02,INCOK1,,0.00,1216123.24,311653.83,25711.40,18.000000,ECS Indicator,IGST18,ItemAmount,true,Duty payment Parking,YS231108,99381000012015935,2023-12-02,Shanghai Yousheng Weighing Apparatus Co. Ltd.
99381000012316099,9042857,,2023-12-02,INCOK1,,0.00,1216123.24,311653.83,25711.40,18.000000,ECS Indicator,IGST18,ItemAmount,true,Duty payment Parking,YS231108,99381000012015935,2023-12-02,Shanghai Yousheng Weighing Apparatus Co. Ltd.
99381000012316099,9042857,,2023-12-02,INCOK1,,0.00,1216123.24,194783.64,16069.70,18.000000,LABEL PRINTING SCALE Q10,IGST18,ItemAmount,true,Duty payment Parking,YS231108,99381000012015935,2023-12-02,Shanghai Yousheng Weighing Apparatus Co. Ltd.
99381000012316099,9042857,,2023-12-02,INCOK1,,0.00,1216123.24,194783.64,16069.70,18.000000,LABEL PRINTING SCALE Q10,IGST18,ItemAmount,true,Duty payment Parking,YS231108,99381000012015935,2023-12-02,Shanghai Yousheng Weighing Apparatus Co. Ltd.
99381000012316099,9042857,,2023-12-02,INCOK1,,0.00,1216123.24,194783.64,16069.70,18.000000,LABEL PRINTING SCALE Q10,IGST18,ItemAmount,true,Duty payment Parking,YS231108,99381000012015935,2023-12-02,Shanghai Yousheng Weighing Apparatus Co. Ltd.
99381000012316099,9042857,,2023-12-02,INCOK1,,0.00,1216123.24,194783.64,16069.70,18.000000,LABEL PRINTING SCALE Q10,IGST18,ItemAmount,true,Duty payment Parking,YS231108,99381000012015935,2023-12-02,Shanghai Yousheng Weighing Apparatus Co. Ltd.
99381000012316211,9042857,,2023-12-02,INCOK1,,0.00,15798.76,43.29,3.57,18.000000,U4 8720 CHIP,IGST18,ItemAmount,true,Duty payment Parking,YS231108 (1),99381000012097875,2023-12-11,Shanghai Yousheng Weighing Apparatus Co. Ltd.
99381000012316211,9042857,,2023-12-02,INCOK1,,0.00,15798.76,86.57,7.14,18.000000,U9/U1O 53R/50,IGST18,ItemAmount,true,Duty payment Parking,YS231108 (1),99381000012097875,2023-12-11,Shanghai Yousheng Weighing Apparatus Co. Ltd.
99381000012316211,9042857,,2023-12-02,INCOK1,,0.00,15798.76,51.94,4.29,18.000000,Q9LBL PRINTER PART BUSH,IGST18,ItemAmount,true,Duty payment Parking,YS231108 (1),99381000012097875,2023-12-11,Shanghai Yousheng Weighing Apparatus Co. Ltd.
99381000012316211,9042857,,2023-12-02,INCOK1,,0.00,15798.76,259.71,21.43,18.000000,ECS PRINTER GEAR SMALL,IGST18,ItemAmount,true,Duty payment Parking,YS231108 (1),99381000012097875,2023-12-11,Shanghai Yousheng Weighing Apparatus Co. Ltd.
99381000012316211,9042857,,2023-12-02,INCOK1,,0.00,15798.76,25971.15,2142.63,18.000000,ECS PRINTER GEAR BIG,IGST18,ItemAmount,true,Duty payment Parking,YS231108 (1),99381000012097875,2023-12-11,Shanghai Yousheng Weighing Apparatus Co. Ltd.
99381000012316211,9042857,,2023-12-02,INCOK1,,0.00,15798.76,86.57,7.14,18.000000,ECS PRINTER GEAR BIG,IGST18,ItemAmount,true,Duty payment Parking,YS231108 (1),99381000012097875,2023-12-11,Shanghai Yousheng Weighing Apparatus Co. Ltd.
99381000012316211,9042857,,2023-12-02,INCOK1,,0.00,15798.76,4.33,0.36,18.000000,ECS5W DISPLAY STICKER FRONT,IGST18,ItemAmount,true,Duty payment Parking,YS231108 (1),99381000012097875,2023-12-11,Shanghai Yousheng Weighing Apparatus Co. Ltd.
99381000012316211,9042857,,2023-12-02,INCOK1,,0.00,15798.76,4.33,0.36,18.000000,ECS5W DISPLAY STICKER BACK,IGST18,ItemAmount,true,Duty payment Parking,YS231108 (1),99381000012097875,2023-12-11,Shanghai Yousheng Weighing Apparatus Co. Ltd.
99381000012316211,9042857,,2023-12-02,INCOK1,,0.00,15798.76,16967.82,1399.79,18.000000,ECS5W PRINTER ROLLER WITH HEAD,IGST18,ItemAmount,true,Duty payment Parking,YS231108 (1),99381000012097875,2023-12-11,Shanghai Yousheng Weighing Apparatus Co. Ltd.
99381000012316211,9042857,,2023-12-02,INCOK1,,0.00,15798.76,13486.82,1112.67,18.000000,Q9LBL PRINT HEAD,IGST18,ItemAmount,true,Duty payment Parking,YS231108 (1),99381000012097875,2023-12-11,Shanghai Yousheng Weighing Apparatus Co. Ltd.
99381000012316211,9042857,,2023-12-02,INCOK1,,0.00,15798.76,0.87,0.07,18.000000,PCB PALLET SCALE(YCS),IGST18,ItemAmount,true,Duty payment Parking,YS231108 (1),99381000012097875,2023-12-11,Shanghai Yousheng Weighing Apparatus Co. Ltd.
99381000012913102,9858780,,2024-01-27,INCOK1,,0.00,1781575.67,426422.73,35179.90,18.000000,Platform Weighing Scale 420x520 SS,IGST18,ItemAmount,true,Duty payment Parking,INV-22150,99381000012902692,2024-01-27,Weighvox International FZE LLC
99381000012913102,9858780,,2024-01-27,INCOK1,,0.00,1781575.67,426422.73,35179.90,18.000000,Platform Weighing Scale 420x520 SS,IGST18,ItemAmount,true,Duty payment Parking,INV-22150,99381000012902692,2024-01-27,Weighvox International FZE LLC
99381000012913102,9858780,,2024-01-27,INCOK1,,0.00,1781575.67,426422.73,35179.90,18.000000,Platform Weighing Scale 420x520 SS,IGST18,ItemAmount,true,Duty payment Parking,INV-22150,99381000012902692,2024-01-27,Weighvox International FZE LLC
99381000012913102,9858780,,2024-01-27,INCOK1,,0.00,1781575.67,426422.73,35179.90,18.000000,Platform Weighing Scale 420x520 SS,IGST18,ItemAmount,true,Duty payment Parking,INV-22150,99381000012902692,2024-01-27,Weighvox International FZE LLC
99381000012913102,9858780,,2024-01-27,INCOK1,,0.00,1781575.67,476897.26,39344.00,18.000000,Platform Weighing Scale-Normal Indicator,IGST18,ItemAmount,true,Duty payment Parking,INV-22150,99381000012902692,2024-01-27,Weighvox International FZE LLC
99381000012913102,9858780,,2024-01-27,INCOK1,,0.00,1781575.67,476897.26,39344.00,18.000000,Platform Weighing Scale-Normal Indicator,IGST18,ItemAmount,true,Duty payment Parking,INV-22150,99381000012902692,2024-01-27,Weighvox International FZE LLC
99381000012913102,9858780,,2024-01-27,INCOK1,,0.00,1781575.67,476897.26,39344.00,18.000000,Platform Weighing Scale-Normal Indicator,IGST18,ItemAmount,true,Duty payment Parking,INV-22150,99381000012902692,2024-01-27,Weighvox International FZE LLC
99381000012913102,9858780,,2024-01-27,INCOK1,,0.00,1781575.67,476897.26,39344.00,18.000000,Platform Weighing Scale-Normal Indicator,IGST18,ItemAmount,true,Duty payment Parking,INV-22150,99381000012902692,2024-01-27,Weighvox International FZE LLC
99381000012913102,9858780,,2024-01-27,INCOK1,,0.00,1781575.67,731010.40,60308.40,18.000000,PRICE COMPUTING SCALE WITH POLE-GREEN,IGST18,ItemAmount,true,Duty payment Parking,INV-22150,99381000012902692,2024-01-27,Weighvox International FZE LLC
99381000012913102,9858780,,2024-01-27,INCOK1,,0.00,1781575.67,731010.40,60308.40,18.000000,PRICE COMPUTING SCALE WITH POLE-GREEN,IGST18,ItemAmount,true,Duty payment Parking,INV-22150,99381000012902692,2024-01-27,Weighvox International FZE LLC
99381000012913102,9858780,,2024-01-27,INCOK1,,0.00,1781575.67,731010.40,60308.40,18.000000,PRICE COMPUTING SCALE WITH POLE-GREEN,IGST18,ItemAmount,true,Duty payment Parking,INV-22150,99381000012902692,2024-01-27,Weighvox International FZE LLC
99381000012913102,9858780,,2024-01-27,INCOK1,,0.00,1781575.67,731010.40,60308.40,18.000000,PRICE COMPUTING SCALE WITH POLE-GREEN,IGST18,ItemAmount,true,Duty payment Parking,INV-22150,99381000012902692,2024-01-27,Weighvox International FZE LLC
99381000012913102,9858780,,2024-01-27,INCOK1,,0.00,1781575.67,187103.85,15436.10,18.000000,PRICE COMPUTING SCALE -WATERPROOF(QZ),IGST18,ItemAmount,true,Duty payment Parking,INV-22150,99381000012902692,2024-01-27,Weighvox International FZE LLC
99381000012913102,9858780,,2024-01-27,INCOK1,,0.00,1781575.67,187103.85,15436.10,18.000000,PRICE COMPUTING SCALE -WATERPROOF(QZ),IGST18,ItemAmount,true,Duty payment Parking,INV-22150,99381000012902692,2024-01-27,Weighvox International FZE LLC
99381000012913102,9858780,,2024-01-27,INCOK1,,0.00,1781575.67,187103.85,15436.10,18.000000,PRICE COMPUTING SCALE -WATERPROOF(QZ),IGST18,ItemAmount,true,Duty payment Parking,INV-22150,99381000012902692,2024-01-27,Weighvox International FZE LLC
99381000012913102,9858780,,2024-01-27,INCOK1,,0.00,1781575.67,187103.85,15436.10,18.000000,PRICE COMPUTING SCALE -WATERPROOF(QZ),IGST18,ItemAmount,true,Duty payment Parking,INV-22150,99381000012902692,2024-01-27,Weighvox International FZE LLC
99381000012913102,9858780,,2024-01-27,INCOK1,,0.00,1781575.67,565662.81,46667.20,18.000000,PRICE COMPUTING SCALE - WHITE (AY),IGST18,ItemAmount,true,Duty payment Parking,INV-22150,99381000012902692,2024-01-27,Weighvox International FZE LLC
99381000012913102,9858780,,2024-01-27,INCOK1,,0.00,1781575.67,565662.81,46667.20,18.000000,PRICE COMPUTING SCALE - WHITE (AY),IGST18,ItemAmount,true,Duty payment Parking,INV-22150,99381000012902692,2024-01-27,Weighvox International FZE LLC
99381000012913102,9858780,,2024-01-27,INCOK1,,0.00,1781575.67,565662.81,46667.20,18.000000,PRICE COMPUTING SCALE - WHITE (AY),IGST18,ItemAmount,true,Duty payment Parking,INV-22150,99381000012902692,2024-01-27,Weighvox International FZE LLC
99381000012913102,9858780,,2024-01-27,INCOK1,,0.00,1781575.67,565662.81,46667.20,18.000000,PRICE COMPUTING SCALE - WHITE (AY),IGST18,ItemAmount,true,Duty payment Parking,INV-22150,99381000012902692,2024-01-27,Weighvox International FZE LLC
99381000012913102,9858780,,2024-01-27,INCOK1,,0.00,1781575.67,287182.66,23692.60,18.000000,PRICE COMPUTING SCALE - GOLD,IGST18,ItemAmount,true,Duty payment Parking,INV-22150,99381000012902692,2024-01-27,Weighvox International FZE LLC
99381000012913102,9858780,,2024-01-27,INCOK1,,0.00,1781575.67,287182.66,23692.60,18.000000,PRICE COMPUTING SCALE - GOLD,IGST18,ItemAmount,true,Duty payment Parking,INV-22150,99381000012902692,2024-01-27,Weighvox International FZE LLC
99381000012913102,9858780,,2024-01-27,INCOK1,,0.00,1781575.67,287182.66,23692.60,18.000000,PRICE COMPUTING SCALE - GOLD,IGST18,ItemAmount,true,Duty payment Parking,INV-22150,99381000012902692,2024-01-27,Weighvox International FZE LLC
99381000012913102,9858780,,2024-01-27,INCOK1,,0.00,1781575.67,287182.66,23692.60,18.000000,PRICE COMPUTING SCALE - GOLD,IGST18,ItemAmount,true,Duty payment Parking,INV-22150,99381000012902692,2024-01-27,Weighvox International FZE LLC
99381000012913102,9858780,,2024-01-27,INCOK1,,0.00,1781575.67,151423.58,12492.50,18.000000,Indicator,IGST18,ItemAmount,true,Duty payment Parking,INV-22150,99381000012902692,2024-01-27,Weighvox International FZE LLC
99381000012913102,9858780,,2024-01-27,INCOK1,,0.00,1781575.67,151423.58,12492.50,18.000000,Indicator,IGST18,ItemAmount,true,Duty payment Parking,INV-22150,99381000012902692,2024-01-27,Weighvox International FZE LLC
99381000012913102,9858780,,2024-01-27,INCOK1,,0.00,1781575.67,151423.58,12492.50,18.000000,Indicator,IGST18,ItemAmount,true,Duty payment Parking,INV-22150,99381000012902692,2024-01-27,Weighvox International FZE LLC
99381000012913102,9858780,,2024-01-27,INCOK1,,0.00,1781575.67,151423.58,12492.50,18.000000,Indicator,IGST18,ItemAmount,true,Duty payment Parking,INV-22150,99381000012902692,2024-01-27,Weighvox International FZE LLC
99381000012913102,9858780,,2024-01-27,INCOK1,,0.00,1781575.67,1873214.15,154540.20,18.000000,Analytical Balance 200g/0.0001g -External,IGST18,ItemAmount,true,Duty payment Parking,INV-22150,99381000012902692,2024-01-27,Weighvox International FZE LLC
99381000012913102,9858780,,2024-01-27,INCOK1,,0.00,1781575.67,1873214.15,154540.20,18.000000,Analytical Balance 200g/0.0001g -External,IGST18,ItemAmount,true,Duty payment Parking,INV-22150,99381000012902692,2024-01-27,Weighvox International FZE LLC
99381000012913102,9858780,,2024-01-27,INCOK1,,0.00,1781575.67,1873214.15,154540.20,18.000000,Analytical Balance 200g/0.0001g -External,IGST18,ItemAmount,true,Duty payment Parking,INV-22150,99381000012902692,2024-01-27,Weighvox International FZE LLC
99381000012913102,9858780,,2024-01-27,INCOK1,,0.00,1781575.67,1873214.15,154540.20,18.000000,Analytical Balance 200g/0.0001g -External,IGST18,ItemAmount,true,Duty payment Parking,INV-22150,99381000012902692,2024-01-27,Weighvox International FZE LLC
99381000012913102,9858780,,2024-01-27,INCOK1,,0.00,1781575.67,350710.95,28933.60,18.000000,Electronic weighing scale DJ600,IGST18,ItemAmount,true,Duty payment Parking,INV-22150,99381000012902692,2024-01-27,Weighvox International FZE LLC
99381000012913102,9858780,,2024-01-27,INCOK1,,0.00,1781575.67,350710.95,28933.60,18.000000,Electronic weighing scale DJ600,IGST18,ItemAmount,true,Duty payment Parking,INV-22150,99381000012902692,2024-01-27,Weighvox International FZE LLC
99381000012913102,9858780,,2024-01-27,INCOK1,,0.00,1781575.67,350710.95,28933.60,18.000000,Electronic weighing scale DJ600,IGST18,ItemAmount,true,Duty payment Parking,INV-22150,99381000012902692,2024-01-27,Weighvox International FZE LLC
99381000012913102,9858780,,2024-01-27,INCOK1,,0.00,1781575.67,350710.95,28933.60,18.000000,Electronic weighing scale DJ600,IGST18,ItemAmount,true,Duty payment Parking,INV-22150,99381000012902692,2024-01-27,Weighvox International FZE LLC
99381000012913102,9858780,,2024-01-27,INCOK1,,0.00,1781575.67,1053003.08,86872.70,18.000000,CCM  - Value Counting Machine,IGST18,ItemAmount,true,Duty payment Parking,INV-22150,99381000012902692,2024-01-27,Weighvox International FZE LLC
99381000012913102,9858780,,2024-01-27,INCOK1,,0.00,1781575.67,1053003.08,86872.70,18.000000,CCM  - Value Counting Machine,IGST18,ItemAmount,true,Duty payment Parking,INV-22150,99381000012902692,2024-01-27,Weighvox International FZE LLC
99381000012913102,9858780,,2024-01-27,INCOK1,,0.00,1781575.67,1053003.08,86872.70,18.000000,CCM  - Value Counting Machine,IGST18,ItemAmount,true,Duty payment Parking,INV-22150,99381000012902692,2024-01-27,Weighvox International FZE LLC
99381000012913102,9858780,,2024-01-27,INCOK1,,0.00,1781575.67,1053003.08,86872.70,18.000000,CCM  - Value Counting Machine,IGST18,ItemAmount,true,Duty payment Parking,INV-22150,99381000012902692,2024-01-27,Weighvox International FZE LLC
99381000012913102,9858780,,2024-01-27,INCOK1,,0.00,1781575.67,269777.65,22256.60,18.000000,CURRENCY COUNTING MACHINE (AL800),IGST18,ItemAmount,true,Duty payment Parking,INV-22150,99381000012902692,2024-01-27,Weighvox International FZE LLC
99381000012913102,9858780,,2024-01-27,INCOK1,,0.00,1781575.67,269777.65,22256.60,18.000000,CURRENCY COUNTING MACHINE (AL800),IGST18,ItemAmount,true,Duty payment Parking,INV-22150,99381000012902692,2024-01-27,Weighvox International FZE LLC
99381000012913102,9858780,,2024-01-27,INCOK1,,0.00,1781575.67,269777.65,22256.60,18.000000,CURRENCY COUNTING MACHINE (AL800),IGST18,ItemAmount,true,Duty payment Parking,INV-22150,99381000012902692,2024-01-27,Weighvox International FZE LLC
99381000012913102,9858780,,2024-01-27,INCOK1,,0.00,1781575.67,269777.65,22256.60,18.000000,CURRENCY COUNTING MACHINE (AL800),IGST18,ItemAmount,true,Duty payment Parking,INV-22150,99381000012902692,2024-01-27,Weighvox International FZE LLC
99381000012913102,9858780,,2024-01-27,INCOK1,,0.00,1781575.67,51155.41,4220.31,18.000000,Spare Parts,IGST18,ItemAmount,true,Duty payment Parking,INV-22150,99381000012902692,2024-01-27,Weighvox International FZE LLC
99381000012913102,9858780,,2024-01-27,INCOK1,,0.00,1781575.67,51155.41,4220.31,18.000000,Spare Parts,IGST18,ItemAmount,true,Duty payment Parking,INV-22150,99381000012902692,2024-01-27,Weighvox International FZE LLC
99381000012913102,9858780,,2024-01-27,INCOK1,,0.00,1781575.67,51155.41,4220.31,18.000000,Spare Parts,IGST18,ItemAmount,true,Duty payment Parking,INV-22150,99381000012902692,2024-01-27,Weighvox International FZE LLC
99381000012913102,9858780,,2024-01-27,INCOK1,,0.00,1781575.67,51155.41,4220.31,18.000000,Spare Parts,IGST18,ItemAmount,true,Duty payment Parking,INV-22150,99381000012902692,2024-01-27,Weighvox International FZE LLC
99381000012913102,9858780,,2024-01-27,INCOK1,,0.00,1781575.67,0.00,0.00,0.000000,Transportation cost,IGST0,ItemAmount,true,Duty payment Parking,INV-22150,99381000012902692,2024-01-27,Weighvox International FZE LLC
99381000012913102,9858780,,2024-01-27,INCOK1,,0.00,1781575.67,0.00,0.00,0.000000,Transportation cost,IGST0,ItemAmount,true,Duty payment Parking,INV-22150,99381000012902692,2024-01-27,Weighvox International FZE LLC
99381000012913102,9858780,,2024-01-27,INCOK1,,0.00,1781575.67,0.00,0.00,0.000000,Transportation cost,IGST0,ItemAmount,true,Duty payment Parking,INV-22150,99381000012902692,2024-01-27,Weighvox International FZE LLC
99381000012913102,9858780,,2024-01-27,INCOK1,,0.00,1781575.67,0.00,0.00,0.000000,Transportation cost,IGST0,ItemAmount,true,Duty payment Parking,INV-22150,99381000012902692,2024-01-27,Weighvox International FZE LLC
99381000012913102,9858780,,2024-01-27,INCOK1,,0.00,1781575.67,0.00,0.00,0.000000,Bank charges,IGST0,ItemAmount,true,Duty payment Parking,INV-22150,99381000012902692,2024-01-27,Weighvox International FZE LLC
99381000012913102,9858780,,2024-01-27,INCOK1,,0.00,1781575.67,0.00,0.00,0.000000,Bank charges,IGST0,ItemAmount,true,Duty payment Parking,INV-22150,99381000012902692,2024-01-27,Weighvox International FZE LLC
99381000012913102,9858780,,2024-01-27,INCOK1,,0.00,1781575.67,0.00,0.00,0.000000,Bank charges,IGST0,ItemAmount,true,Duty payment Parking,INV-22150,99381000012902692,2024-01-27,Weighvox International FZE LLC
99381000012913102,9858780,,2024-01-27,INCOK1,,0.00,1781575.67,0.00,0.00,0.000000,Bank charges,IGST0,ItemAmount,true,Duty payment Parking,INV-22150,99381000012902692,2024-01-27,Weighvox International FZE LLC
99381000013549705,2181972,,2024-02-17,INCOK1,,0.00,708909.68,1597950.89,131830.90,18.000000,PLATFORM SCALE -BENCH (DUAL-AD3),IGST18,ItemAmount,true,Duty payment Parking,YKSP231170,99381000013430979,2024-02-17,ZHEJIANG SIFANG IMPORT & EXPORT CO LTD- AD
99381000013549705,2181972,,2024-02-17,INCOK1,,0.00,708909.68,1597950.89,131830.90,18.000000,PLATFORM SCALE -BENCH (DUAL-AD3),IGST18,ItemAmount,true,Duty payment Parking,YKSP231170,99381000013430979,2024-02-17,ZHEJIANG SIFANG IMPORT & EXPORT CO LTD- AD
99381000013549705,2181972,,2024-02-17,INCOK1,,0.00,708909.68,1597950.89,131830.90,18.000000,PLATFORM SCALE -BENCH (DUAL-AD3),IGST18,ItemAmount,true,Duty payment Parking,YKSP231170,99381000013430979,2024-02-17,ZHEJIANG SIFANG IMPORT & EXPORT CO LTD- AD
99381000013549705,2181972,,2024-02-17,INCOK1,,0.00,708909.68,1597950.89,131830.90,18.000000,PLATFORM SCALE -BENCH (DUAL-AD3),IGST18,ItemAmount,true,Duty payment Parking,YKSP231170,99381000013430979,2024-02-17,ZHEJIANG SIFANG IMPORT & EXPORT CO LTD- AD
99381000013549705,2181972,,2024-02-17,INCOK1,,0.00,708909.68,443875.25,36619.70,18.000000,ECONOMIC BENCH MS,IGST18,ItemAmount,true,Duty payment Parking,YKSP231170,99381000013430979,2024-02-17,ZHEJIANG SIFANG IMPORT & EXPORT CO LTD- AD
99381000013549705,2181972,,2024-02-17,INCOK1,,0.00,708909.68,443875.25,36619.70,18.000000,ECONOMIC BENCH MS,IGST18,ItemAmount,true,Duty payment Parking,YKSP231170,99381000013430979,2024-02-17,ZHEJIANG SIFANG IMPORT & EXPORT CO LTD- AD
99381000013549705,2181972,,2024-02-17,INCOK1,,0.00,708909.68,443875.25,36619.70,18.000000,ECONOMIC BENCH MS,IGST18,ItemAmount,true,Duty payment Parking,YKSP231170,99381000013430979,2024-02-17,ZHEJIANG SIFANG IMPORT & EXPORT CO LTD- AD
99381000013549705,2181972,,2024-02-17,INCOK1,,0.00,708909.68,443875.25,36619.70,18.000000,ECONOMIC BENCH MS,IGST18,ItemAmount,true,Duty payment Parking,YKSP231170,99381000013430979,2024-02-17,ZHEJIANG SIFANG IMPORT & EXPORT CO LTD- AD
99381000013549705,2181972,,2024-02-17,INCOK1,,0.00,708909.68,514185.09,42420.30,18.000000,PRICE COMPUTING SCALE (DUAL-AD-ECONOMY),IGST18,ItemAmount,true,Duty payment Parking,YKSP231170,99381000013430979,2024-02-17,ZHEJIANG SIFANG IMPORT & EXPORT CO LTD- AD
99381000013549705,2181972,,2024-02-17,INCOK1,,0.00,708909.68,514185.09,42420.30,18.000000,PRICE COMPUTING SCALE (DUAL-AD-ECONOMY),IGST18,ItemAmount,true,Duty payment Parking,YKSP231170,99381000013430979,2024-02-17,ZHEJIANG SIFANG IMPORT & EXPORT CO LTD- AD
99381000013549705,2181972,,2024-02-17,INCOK1,,0.00,708909.68,514185.09,42420.30,18.000000,PRICE COMPUTING SCALE (DUAL-AD-ECONOMY),IGST18,ItemAmount,true,Duty payment Parking,YKSP231170,99381000013430979,2024-02-17,ZHEJIANG SIFANG IMPORT & EXPORT CO LTD- AD
99381000013549705,2181972,,2024-02-17,INCOK1,,0.00,708909.68,514185.09,42420.30,18.000000,PRICE COMPUTING SCALE (DUAL-AD-ECONOMY),IGST18,ItemAmount,true,Duty payment Parking,YKSP231170,99381000013430979,2024-02-17,ZHEJIANG SIFANG IMPORT & EXPORT CO LTD- AD
99381000013549877,2181972,,2024-02-17,INCOK1,,0.00,492.32,1775.50,146.38,18.000000,Spare Parts,IGST18,ItemAmount,true,Duty payment Parking,YKSP231170-1,99381000013549851,2024-02-17,ZHEJIANG SIFANG IMPORT & EXPORT CO LTD- AD
99381000013768225,2400416,,2024-03-02,INCOK1,,0.00,290313.00,373834.43,30841.51,18.000000,PRICE COMPUTING SCALE - WHITE - EC(AY),IGST18,ItemAmount,true,Duty payment Parking,YS20240108IN,99381000013731335,2024-03-02,Zhejiang Sifang Import and Export Co. Ltd
99381000013768225,2400416,,2024-03-02,INCOK1,,0.00,290313.00,373834.43,30841.51,18.000000,PRICE COMPUTING SCALE - WHITE - EC(AY),IGST18,ItemAmount,true,Duty payment Parking,YS20240108IN,99381000013731335,2024-03-02,Zhejiang Sifang Import and Export Co. Ltd
99381000013768225,2400416,,2024-03-02,INCOK1,,0.00,290313.00,373834.43,30841.51,18.000000,PRICE COMPUTING SCALE - WHITE - EC(AY),IGST18,ItemAmount,true,Duty payment Parking,YS20240108IN,99381000013731335,2024-03-02,Zhejiang Sifang Import and Export Co. Ltd
99381000013768225,2400416,,2024-03-02,INCOK1,,0.00,290313.00,373834.43,30841.51,18.000000,PRICE COMPUTING SCALE - WHITE - EC(AY),IGST18,ItemAmount,true,Duty payment Parking,YS20240108IN,99381000013731335,2024-03-02,Zhejiang Sifang Import and Export Co. Ltd
99381000013768225,2400416,,2024-03-02,INCOK1,,0.00,290313.00,672901.97,55514.80,18.000000,PLATFORM SCALE-BENCH(GREEN-EC),IGST18,ItemAmount,true,Duty payment Parking,YS20240108IN,99381000013731335,2024-03-02,Zhejiang Sifang Import and Export Co. Ltd
99381000013768225,2400416,,2024-03-02,INCOK1,,0.00,290313.00,672901.97,55514.80,18.000000,PLATFORM SCALE-BENCH(GREEN-EC),IGST18,ItemAmount,true,Duty payment Parking,YS20240108IN,99381000013731335,2024-03-02,Zhejiang Sifang Import and Export Co. Ltd
99381000013768225,2400416,,2024-03-02,INCOK1,,0.00,290313.00,672901.97,55514.80,18.000000,PLATFORM SCALE-BENCH(GREEN-EC),IGST18,ItemAmount,true,Duty payment Parking,YS20240108IN,99381000013731335,2024-03-02,Zhejiang Sifang Import and Export Co. Ltd
99381000013768225,2400416,,2024-03-02,INCOK1,,0.00,290313.00,672901.97,55514.80,18.000000,PLATFORM SCALE-BENCH(GREEN-EC),IGST18,ItemAmount,true,Duty payment Parking,YS20240108IN,99381000013731335,2024-03-02,Zhejiang Sifang Import and Export Co. Ltd
99381000013925455,9858780,,2024-01-27,INCOK1,,0.00,21281.10,21032.32,1734.81,18.000000,ECR Display set Front,IGST18,ItemAmount,true,Duty payment Parking,INV-22150-(1),99381000013923639,2024-01-27,Weighvox International FZE LLC
99381000013925455,9858780,,2024-01-27,INCOK1,,0.00,21281.10,13905.40,1147.07,18.000000,ECS5W SMPS 7V,IGST18,ItemAmount,true,Duty payment Parking,INV-22150-(1),99381000013923639,2024-01-27,Weighvox International FZE LLC
99381000013925455,9858780,,2024-01-27,INCOK1,,0.00,21281.10,9835.14,811.31,18.000000,CCM DISPLAY UNIT FRONT,IGST18,ItemAmount,true,Duty payment Parking,INV-22150-(1),99381000013923639,2024-01-27,Weighvox International FZE LLC
99381000013925455,9858780,,2024-01-27,INCOK1,,0.00,21281.10,3816.86,314.86,18.000000,DC MOTOR CCM,IGST18,ItemAmount,true,Duty payment Parking,INV-22150-(1),99381000013923639,2024-01-27,Weighvox International FZE LLC
99381000013925455,9858780,,2024-01-27,INCOK1,,0.00,21281.10,4244.47,350.13,18.000000,C.M TRANSFORMER CCM,IGST18,ItemAmount,true,Duty payment Parking,INV-22150-(1),99381000013923639,2024-01-27,Weighvox International FZE LLC
99381000013925455,9858780,,2024-01-27,INCOK1,,0.00,21281.10,2217.26,182.90,18.000000,MG Sensor CCM,IGST18,ItemAmount,true,Duty payment Parking,INV-22150-(1),99381000013923639,2024-01-27,Weighvox International FZE LLC
99381000013925455,9858780,,2024-01-27,INCOK1,,0.00,21281.10,2217.26,182.90,18.000000,CCM DISPLAY KEYPAD,IGST18,ItemAmount,true,Duty payment Parking,INV-22150-(1),99381000013923639,2024-01-27,Weighvox International FZE LLC
99381000013925455,9858780,,2024-01-27,INCOK1,,0.00,21281.10,5590.67,461.18,18.000000,CCM DONGLE,IGST18,ItemAmount,true,Duty payment Parking,INV-22150-(1),99381000013923639,2024-01-27,Weighvox International FZE LLC
99381000013925455,9858780,,2024-01-27,INCOK1,,0.00,21281.10,285.08,23.52,18.000000,DENOMINATION IR LED CCM,IGST18,ItemAmount,true,Duty payment Parking,INV-22150-(1),99381000013923639,2024-01-27,Weighvox International FZE LLC
99381000013925455,9858780,,2024-01-27,INCOK1,,0.00,21281.10,285.08,23.52,18.000000,STACKER SENSOR (IR EMITTER & RECEIVER)CCM,IGST18,ItemAmount,true,Duty payment Parking,INV-22150-(1),99381000013923639,2024-01-27,Weighvox International FZE LLC
99381000013925455,9858780,,2024-01-27,INCOK1,,0.00,21281.10,285.08,23.52,18.000000,ENCODING SENSOR CCM,IGST18,ItemAmount,true,Duty payment Parking,INV-22150-(1),99381000013923639,2024-01-27,Weighvox International FZE LLC
99381000013925455,9858780,,2024-01-27,INCOK1,,0.00,21281.10,285.08,23.52,18.000000,MAGNETIC & DENOMINATION SENSOR WITH FRAME CCM,IGST18,ItemAmount,true,Duty payment Parking,INV-22150-(1),99381000013923639,2024-01-27,Weighvox International FZE LLC
99381000013925455,9858780,,2024-01-27,INCOK1,,0.00,21281.10,285.08,23.52,18.000000,HOPPER SENSOR CCM,IGST18,ItemAmount,true,Duty payment Parking,INV-22150-(1),99381000013923639,2024-01-27,Weighvox International FZE LLC
99381000013925455,9858780,,2024-01-27,INCOK1,,0.00,21281.10,285.08,23.52,18.000000,DENOMINATION IR LED CCM,IGST18,ItemAmount,true,Duty payment Parking,INV-22150-(1),99381000013923639,2024-01-27,Weighvox International FZE LLC
99381000013925455,9858780,,2024-01-27,INCOK1,,0.00,21281.10,285.08,23.52,18.000000,MOTHER BOARD CCM,IGST18,ItemAmount,true,Duty payment Parking,INV-22150-(1),99381000013923639,2024-01-27,Weighvox International FZE LLC
99381000013925455,9858780,,2024-01-27,INCOK1,,0.00,21281.10,285.08,23.52,18.000000,ENCODING SENSOR CCM-AL800,IGST18,ItemAmount,true,Duty payment Parking,INV-22150-(1),99381000013923639,2024-01-27,Weighvox International FZE LLC
99381000013925455,9858780,,2024-01-27,INCOK1,,0.00,21281.10,285.08,23.52,18.000000,STACKER SENSOR (IR EMITTER & RECEIVER)CCM-AL800,IGST18,ItemAmount,true,Duty payment Parking,INV-22150-(1),99381000013923639,2024-01-27,Weighvox International FZE LLC
99381000013925455,9858780,,2024-01-27,INCOK1,,0.00,21281.10,285.08,23.52,18.000000,HOPPER SENSOR CCM-AL800,IGST18,ItemAmount,true,Duty payment Parking,INV-22150-(1),99381000013923639,2024-01-27,Weighvox International FZE LLC
99381000013925455,9858780,,2024-01-27,INCOK1,,0.00,21281.10,285.08,23.52,18.000000,UV SENSOR CCM-AL800,IGST18,ItemAmount,true,Duty payment Parking,INV-22150-(1),99381000013923639,2024-01-27,Weighvox International FZE LLC
99381000013925455,9858780,,2024-01-27,INCOK1,,0.00,21281.10,285.08,23.52,18.000000,MOTHER BOARD CCM-AL800,IGST18,ItemAmount,true,Duty payment Parking,INV-22150-(1),99381000013923639,2024-01-27,Weighvox International FZE LLC
99381000013925455,9858780,,2024-01-27,INCOK1,,0.00,21281.10,285.08,23.52,18.000000,UV SENSOR CCM,IGST18,ItemAmount,true,Duty payment Parking,INV-22150-(1),99381000013923639,2024-01-27,Weighvox International FZE LLC
99381000013925455,9858780,,2024-01-27,INCOK1,,0.00,21281.10,285.08,23.52,18.000000,CCM DISPLAY KEYPAD-AL800,IGST18,ItemAmount,true,Duty payment Parking,INV-22150-(1),99381000013923639,2024-01-27,Weighvox International FZE LLC
99381000013925455,9858780,,2024-01-27,INCOK1,,0.00,21281.10,285.08,23.52,18.000000,SIDE KEYPAD CCM,IGST18,ItemAmount,true,Duty payment Parking,INV-22150-(1),99381000013923639,2024-01-27,Weighvox International FZE LLC
99381000013925455,9858780,,2024-01-27,INCOK1,,0.00,21281.10,285.08,23.52,18.000000,AC MOTOR CCM,IGST18,ItemAmount,true,Duty payment Parking,INV-22150-(1),99381000013923639,2024-01-27,Weighvox International FZE LLC
99381000013925455,9858780,,2024-01-27,INCOK1,,0.00,21281.10,285.08,23.52,18.000000,CCM ROTATE WHEEL,IGST18,ItemAmount,true,Duty payment Parking,INV-22150-(1),99381000013923639,2024-01-27,Weighvox International FZE LLC
99381000013925455,9858780,,2024-01-27,INCOK1,,0.00,21281.10,285.08,23.52,18.000000,CCM COUNTING SENSOR,IGST18,ItemAmount,true,Duty payment Parking,INV-22150-(1),99381000013923639,2024-01-27,Weighvox International FZE LLC
99381000013925455,9858780,,2024-01-27,INCOK1,,0.00,21281.10,285.08,23.52,18.000000,CCM COUNTING SENSOR -AL800,IGST18,ItemAmount,true,Duty payment Parking,INV-22150-(1),99381000013923639,2024-01-27,Weighvox International FZE LLC
99381000013925455,9858780,,2024-01-27,INCOK1,,0.00,21281.10,285.08,23.52,18.000000,CCM LCD DISPLAY,IGST18,ItemAmount,true,Duty payment Parking,INV-22150-(1),99381000013923639,2024-01-27,Weighvox International FZE LLC
99381000013925455,9858780,,2024-01-27,INCOK1,,0.00,21281.10,285.08,23.52,18.000000,DJ Power supply Card,IGST18,ItemAmount,true,Duty payment Parking,INV-22150-(1),99381000013923639,2024-01-27,Weighvox International FZE LLC
99381000013925455,9858780,,2024-01-27,INCOK1,,0.00,21281.10,285.08,23.52,18.000000,DJ MOTHERBOARD,IGST18,ItemAmount,true,Duty payment Parking,INV-22150-(1),99381000013923639,2024-01-27,Weighvox International FZE LLC
99381000013925455,9858780,,2024-01-27,INCOK1,,0.00,21281.10,285.08,23.52,18.000000,DJ LOADCELL,IGST18,ItemAmount,true,Duty payment Parking,INV-22150-(1),99381000013923639,2024-01-27,Weighvox International FZE LLC
99381000013925455,9858780,,2024-01-27,INCOK1,,0.00,21281.10,285.08,23.52,18.000000,DJ DISPLAY STICKER,IGST18,ItemAmount,true,Duty payment Parking,INV-22150-(1),99381000013923639,2024-01-27,Weighvox International FZE LLC
99381000013925455,9858780,,2024-01-27,INCOK1,,0.00,21281.10,285.08,23.52,18.000000,DJ FRONTDISPALY,IGST18,ItemAmount,true,Duty payment Parking,INV-22150-(1),99381000013923639,2024-01-27,Weighvox International FZE LLC
99381000013925455,9858780,,2024-01-27,INCOK1,,0.00,21281.10,285.08,23.52,18.000000,DJ ADAPTER,IGST18,ItemAmount,true,Duty payment Parking,INV-22150-(1),99381000013923639,2024-01-27,Weighvox International FZE LLC
99381000013925455,9858780,,2024-01-27,INCOK1,,0.00,21281.10,285.08,23.52,18.000000,DJ EXTERNAL DISPLAY,IGST18,ItemAmount,true,Duty payment Parking,INV-22150-(1),99381000013923639,2024-01-27,Weighvox International FZE LLC
99381000013925455,9858780,,2024-01-27,INCOK1,,0.00,21281.10,285.08,23.52,18.000000,620G 0.01G STICKER,IGST18,ItemAmount,true,Duty payment Parking,INV-22150-(1),99381000013923639,2024-01-27,Weighvox International FZE LLC
99381000013925455,9858780,,2024-01-27,INCOK1,,0.00,21281.10,285.08,23.52,18.000000,YSA DISPLAY WITH KEYS,IGST18,ItemAmount,true,Duty payment Parking,INV-22150-(1),99381000013923639,2024-01-27,Weighvox International FZE LLC
99381000013925455,9858780,,2024-01-27,INCOK1,,0.00,21281.10,285.08,23.52,18.000000,YSA DISPLAY STICKER,IGST18,ItemAmount,true,Duty payment Parking,INV-22150-(1),99381000013923639,2024-01-27,Weighvox International FZE LLC
99381000013925455,9858780,,2024-01-27,INCOK1,,0.00,21281.10,316.75,26.13,18.000000,YSA ASSEMBLY GLASS SET,IGST18,ItemAmount,true,Duty payment Parking,INV-22150-(1),99381000013923639,2024-01-27,Weighvox International FZE LLC
99381000013925455,9858780,,2024-01-27,INCOK1,,0.00,21281.10,285.08,23.52,18.000000,YSA AC POWERCODE,IGST18,ItemAmount,true,Duty payment Parking,INV-22150-(1),99381000013923639,2024-01-27,Weighvox International FZE LLC
99381000013925455,9858780,,2024-01-27,INCOK1,,0.00,21281.10,285.08,23.52,18.000000,YSA MAGNETIC SENSOR,IGST18,ItemAmount,true,Duty payment Parking,INV-22150-(1),99381000013923639,2024-01-27,Weighvox International FZE LLC
99381000013925455,9858780,,2024-01-27,INCOK1,,0.00,21281.10,285.08,23.52,18.000000,YSA MAINBOARD,IGST18,ItemAmount,true,Duty payment Parking,INV-22150-(1),99381000013923639,2024-01-27,Weighvox International FZE LLC
99381000013925455,9858780,,2024-01-27,INCOK1,,0.00,21281.10,285.08,23.52,18.000000,YSA ADAPTOR,IGST18,ItemAmount,true,Duty payment Parking,INV-22150-(1),99381000013923639,2024-01-27,Weighvox International FZE LLC
99381000013925455,9858780,,2024-01-27,INCOK1,,0.00,21281.10,285.08,23.52,18.000000,AY ATM PC-WH Front Display board,IGST18,ItemAmount,true,Duty payment Parking,INV-22150-(1),99381000013923639,2024-01-27,Weighvox International FZE LLC
99381000013925455,9858780,,2024-01-27,INCOK1,,0.00,21281.10,285.08,23.52,18.000000,ATM JUNIOR FRONT DISPLAY (BI COLOR),IGST18,ItemAmount,true,Duty payment Parking,INV-22150-(1),99381000013923639,2024-01-27,Weighvox International FZE LLC
99381000013925455,9858780,,2024-01-27,INCOK1,,0.00,21281.10,285.08,23.52,18.000000,ATM PC/JUNIOR Back Display Board,IGST18,ItemAmount,true,Duty payment Parking,INV-22150-(1),99381000013923639,2024-01-27,Weighvox International FZE LLC
99381000013925455,9858780,,2024-01-27,INCOK1,,0.00,21281.10,285.08,23.52,18.000000,ATM PC KEYPAD BOARD,IGST18,ItemAmount,true,Duty payment Parking,INV-22150-(1),99381000013923639,2024-01-27,Weighvox International FZE LLC
99381000013925455,9858780,,2024-01-27,INCOK1,,0.00,21281.10,285.08,23.52,18.000000,ATMPCWH Dustcover,IGST18,ItemAmount,true,Duty payment Parking,INV-22150-(1),99381000013923639,2024-01-27,Weighvox International FZE LLC
99381000013925455,9858780,,2024-01-27,INCOK1,,0.00,21281.10,285.08,23.52,18.000000,ATM Junior Dust cover,IGST18,ItemAmount,true,Duty payment Parking,INV-22150-(1),99381000013923639,2024-01-27,Weighvox International FZE LLC
99381000013925455,9858780,,2024-01-27,INCOK1,,0.00,21281.10,285.08,23.52,18.000000,AY ATM PC-Pan,IGST18,ItemAmount,true,Duty payment Parking,INV-22150-(1),99381000013923639,2024-01-27,Weighvox International FZE LLC
99381000013925455,9858780,,2024-01-27,INCOK1,,0.00,21281.10,1267.01,104.52,18.000000,Trolley Loadcell,IGST18,ItemAmount,true,Duty payment Parking,INV-22150-(1),99381000013923639,2024-01-27,Weighvox International FZE LLC
99381000013925455,9858780,,2024-01-27,INCOK1,,0.00,21281.10,316.75,26.12,18.000000,KEYPAD BOARD ATM JUNIOR,IGST18,ItemAmount,true,Duty payment Parking,INV-22150-(1),99381000013923639,2024-01-27,Weighvox International FZE LLC
99381000013925455,9858780,,2024-01-27,INCOK1,,0.00,21281.10,285.08,23.51,18.000000,ATM/BENCH PC MOTHER BOARD,IGST18,ItemAmount,true,Duty payment Parking,INV-22150-(1),99381000013923639,2024-01-27,Weighvox International FZE LLC
99381000014748861,3255307,,2024-04-29,INCOK1,,0.00,1109779.78,1468334.18,121137.56,18.000000,Bill Printing scale Q8POS,IGST18,ItemAmount,true,Duty payment Parking,YS240406,99381000014748240,2024-04-29,Shanghai Yousheng Weighing Apparatus Co. Ltd.
99381000014748861,3255307,,2024-04-29,INCOK1,,0.00,1109779.78,1468334.18,121137.56,18.000000,Bill Printing scale Q8POS,IGST18,ItemAmount,true,Duty payment Parking,YS240406,99381000014748240,2024-04-29,Shanghai Yousheng Weighing Apparatus Co. Ltd.
99381000014748861,3255307,,2024-04-29,INCOK1,,0.00,1109779.78,1468334.18,121137.56,18.000000,Bill Printing scale Q8POS,IGST18,ItemAmount,true,Duty payment Parking,YS240406,99381000014748240,2024-04-29,Shanghai Yousheng Weighing Apparatus Co. Ltd.
99381000014748861,3255307,,2024-04-29,INCOK1,,0.00,1109779.78,1468334.18,121137.56,18.000000,Bill Printing scale Q8POS,IGST18,ItemAmount,true,Duty payment Parking,YS240406,99381000014748240,2024-04-29,Shanghai Yousheng Weighing Apparatus Co. Ltd.
99381000014748861,3255307,,2024-04-29,INCOK1,,0.00,1109779.78,978889.46,80758.44,18.000000,Bill Printing scale Q8POS (UB),IGST18,ItemAmount,true,Duty payment Parking,YS240406,99381000014748240,2024-04-29,Shanghai Yousheng Weighing Apparatus Co. Ltd.
99381000014748861,3255307,,2024-04-29,INCOK1,,0.00,1109779.78,978889.46,80758.44,18.000000,Bill Printing scale Q8POS (UB),IGST18,ItemAmount,true,Duty payment Parking,YS240406,99381000014748240,2024-04-29,Shanghai Yousheng Weighing Apparatus Co. Ltd.
99381000014748861,3255307,,2024-04-29,INCOK1,,0.00,1109779.78,978889.46,80758.44,18.000000,Bill Printing scale Q8POS (UB),IGST18,ItemAmount,true,Duty payment Parking,YS240406,99381000014748240,2024-04-29,Shanghai Yousheng Weighing Apparatus Co. Ltd.
99381000014748861,3255307,,2024-04-29,INCOK1,,0.00,1109779.78,978889.46,80758.44,18.000000,Bill Printing scale Q8POS (UB),IGST18,ItemAmount,true,Duty payment Parking,YS240406,99381000014748240,2024-04-29,Shanghai Yousheng Weighing Apparatus Co. Ltd.
99381000014748861,3255307,,2024-04-29,INCOK1,,0.00,1109779.78,162565.57,13411.60,18.000000,Bill  Printing scale Q74W,IGST18,ItemAmount,true,Duty payment Parking,YS240406,99381000014748240,2024-04-29,Shanghai Yousheng Weighing Apparatus Co. Ltd.
99381000014748861,3255307,,2024-04-29,INCOK1,,0.00,1109779.78,162565.57,13411.60,18.000000,Bill  Printing scale Q74W,IGST18,ItemAmount,true,Duty payment Parking,YS240406,99381000014748240,2024-04-29,Shanghai Yousheng Weighing Apparatus Co. Ltd.
99381000014748861,3255307,,2024-04-29,INCOK1,,0.00,1109779.78,162565.57,13411.60,18.000000,Bill  Printing scale Q74W,IGST18,ItemAmount,true,Duty payment Parking,YS240406,99381000014748240,2024-04-29,Shanghai Yousheng Weighing Apparatus Co. Ltd.
99381000014748861,3255307,,2024-04-29,INCOK1,,0.00,1109779.78,162565.57,13411.60,18.000000,Bill  Printing scale Q74W,IGST18,ItemAmount,true,Duty payment Parking,YS240406,99381000014748240,2024-04-29,Shanghai Yousheng Weighing Apparatus Co. Ltd.
99381000014748861,3255307,,2024-04-29,INCOK1,,0.00,1109779.78,1057550.22,87247.90,18.000000,Label Printing Scale Q9LBL,IGST18,ItemAmount,true,Duty payment Parking,YS240406,99381000014748240,2024-04-29,Shanghai Yousheng Weighing Apparatus Co. Ltd.
99381000014748861,3255307,,2024-04-29,INCOK1,,0.00,1109779.78,1057550.22,87247.90,18.000000,Label Printing Scale Q9LBL,IGST18,ItemAmount,true,Duty payment Parking,YS240406,99381000014748240,2024-04-29,Shanghai Yousheng Weighing Apparatus Co. Ltd.
99381000014748861,3255307,,2024-04-29,INCOK1,,0.00,1109779.78,1057550.22,87247.90,18.000000,Label Printing Scale Q9LBL,IGST18,ItemAmount,true,Duty payment Parking,YS240406,99381000014748240,2024-04-29,Shanghai Yousheng Weighing Apparatus Co. Ltd.
99381000014748861,3255307,,2024-04-29,INCOK1,,0.00,1109779.78,1057550.22,87247.90,18.000000,Label Printing Scale Q9LBL,IGST18,ItemAmount,true,Duty payment Parking,YS240406,99381000014748240,2024-04-29,Shanghai Yousheng Weighing Apparatus Co. Ltd.
99381000014748861,3255307,,2024-04-29,INCOK1,,0.00,1109779.78,124546.20,10275.10,18.000000,HANGING SCALE TMA,IGST18,ItemAmount,true,Duty payment Parking,YS240406,99381000014748240,2024-04-29,Shanghai Yousheng Weighing Apparatus Co. Ltd.
99381000014748861,3255307,,2024-04-29,INCOK1,,0.00,1109779.78,124546.20,10275.10,18.000000,HANGING SCALE TMA,IGST18,ItemAmount,true,Duty payment Parking,YS240406,99381000014748240,2024-04-29,Shanghai Yousheng Weighing Apparatus Co. Ltd.
99381000014748861,3255307,,2024-04-29,INCOK1,,0.00,1109779.78,124546.20,10275.10,18.000000,HANGING SCALE TMA,IGST18,ItemAmount,true,Duty payment Parking,YS240406,99381000014748240,2024-04-29,Shanghai Yousheng Weighing Apparatus Co. Ltd.
99381000014748861,3255307,,2024-04-29,INCOK1,,0.00,1109779.78,124546.20,10275.10,18.000000,HANGING SCALE TMA,IGST18,ItemAmount,true,Duty payment Parking,YS240406,99381000014748240,2024-04-29,Shanghai Yousheng Weighing Apparatus Co. Ltd.
99381000014748861,3255307,,2024-04-29,INCOK1,,0.00,1109779.78,34960.34,3845.60,18.000000,Cash Box,IGST18,ItemAmount,true,Duty payment Parking,YS240406,99381000014748240,2024-04-29,Shanghai Yousheng Weighing Apparatus Co. Ltd.
99381000014748861,3255307,,2024-04-29,INCOK1,,0.00,1109779.78,34960.34,3845.60,18.000000,Cash Box,IGST18,ItemAmount,true,Duty payment Parking,YS240406,99381000014748240,2024-04-29,Shanghai Yousheng Weighing Apparatus Co. Ltd.
99381000014748861,3255307,,2024-04-29,INCOK1,,0.00,1109779.78,34960.34,3845.60,18.000000,Cash Box,IGST18,ItemAmount,true,Duty payment Parking,YS240406,99381000014748240,2024-04-29,Shanghai Yousheng Weighing Apparatus Co. Ltd.
99381000014748861,3255307,,2024-04-29,INCOK1,,0.00,1109779.78,34960.34,3845.60,18.000000,Cash Box,IGST18,ItemAmount,true,Duty payment Parking,YS240406,99381000014748240,2024-04-29,Shanghai Yousheng Weighing Apparatus Co. Ltd.
99381000014748861,3255307,,2024-04-29,INCOK1,,0.00,1109779.78,78660.77,6489.60,18.000000,Floor Scale 1mx1m,IGST18,ItemAmount,true,Duty payment Parking,YS240406,99381000014748240,2024-04-29,Shanghai Yousheng Weighing Apparatus Co. Ltd.
99381000014748861,3255307,,2024-04-29,INCOK1,,0.00,1109779.78,78660.77,6489.60,18.000000,Floor Scale 1mx1m,IGST18,ItemAmount,true,Duty payment Parking,YS240406,99381000014748240,2024-04-29,Shanghai Yousheng Weighing Apparatus Co. Ltd.
99381000014748861,3255307,,2024-04-29,INCOK1,,0.00,1109779.78,78660.77,6489.60,18.000000,Floor Scale 1mx1m,IGST18,ItemAmount,true,Duty payment Parking,YS240406,99381000014748240,2024-04-29,Shanghai Yousheng Weighing Apparatus Co. Ltd.
99381000014748861,3255307,,2024-04-29,INCOK1,,0.00,1109779.78,78660.77,6489.60,18.000000,Floor Scale 1mx1m,IGST18,ItemAmount,true,Duty payment Parking,YS240406,99381000014748240,2024-04-29,Shanghai Yousheng Weighing Apparatus Co. Ltd.
99381000014748861,3255307,,2024-04-29,INCOK1,,0.00,1109779.78,91770.90,7571.32,18.000000,Floor Scale 1.2mx1.2m,IGST18,ItemAmount,true,Duty payment Parking,YS240406,99381000014748240,2024-04-29,Shanghai Yousheng Weighing Apparatus Co. Ltd.
99381000014748861,3255307,,2024-04-29,INCOK1,,0.00,1109779.78,91770.90,7571.32,18.000000,Floor Scale 1.2mx1.2m,IGST18,ItemAmount,true,Duty payment Parking,YS240406,99381000014748240,2024-04-29,Shanghai Yousheng Weighing Apparatus Co. Ltd.
99381000014748861,3255307,,2024-04-29,INCOK1,,0.00,1109779.78,91770.90,7571.32,18.000000,Floor Scale 1.2mx1.2m,IGST18,ItemAmount,true,Duty payment Parking,YS240406,99381000014748240,2024-04-29,Shanghai Yousheng Weighing Apparatus Co. Ltd.
99381000014748861,3255307,,2024-04-29,INCOK1,,0.00,1109779.78,91770.90,7571.32,18.000000,Floor Scale 1.2mx1.2m,IGST18,ItemAmount,true,Duty payment Parking,YS240406,99381000014748240,2024-04-29,Shanghai Yousheng Weighing Apparatus Co. Ltd.
99381000014815245,3155525,,2024-04-23,INCOK1,,0.00,840515.00,571364.11,47137.53,18.000000,PLATFORM SCALE -BENCH (DUAL-AD3),IGST18,ItemAmount,true,Duty payment Parking,YKSP231169,99381000014692103,2024-04-23,ZHEJIANG SIFANG IMPORT & EXPORT CO LTD- AD
99381000014815245,3155525,,2024-04-23,INCOK1,,0.00,840515.00,571364.11,47137.53,18.000000,PLATFORM SCALE -BENCH (DUAL-AD3),IGST18,ItemAmount,true,Duty payment Parking,YKSP231169,99381000014692103,2024-04-23,ZHEJIANG SIFANG IMPORT & EXPORT CO LTD- AD
99381000014815245,3155525,,2024-04-23,INCOK1,,0.00,840515.00,571364.11,47137.53,18.000000,PLATFORM SCALE -BENCH (DUAL-AD3),IGST18,ItemAmount,true,Duty payment Parking,YKSP231169,99381000014692103,2024-04-23,ZHEJIANG SIFANG IMPORT & EXPORT CO LTD- AD
99381000014815245,3155525,,2024-04-23,INCOK1,,0.00,840515.00,571364.11,47137.53,18.000000,PLATFORM SCALE -BENCH (DUAL-AD3),IGST18,ItemAmount,true,Duty payment Parking,YKSP231169,99381000014692103,2024-04-23,ZHEJIANG SIFANG IMPORT & EXPORT CO LTD- AD
99381000014815245,3155525,,2024-04-23,INCOK1,,0.00,840515.00,725138.65,59823.90,18.000000,PRICE COMPUTING SCALE (DUAL-AD-ECONOMY),IGST18,ItemAmount,true,Duty payment Parking,YKSP231169,99381000014692103,2024-04-23,ZHEJIANG SIFANG IMPORT & EXPORT CO LTD- AD
99381000014815245,3155525,,2024-04-23,INCOK1,,0.00,840515.00,725138.65,59823.90,18.000000,PRICE COMPUTING SCALE (DUAL-AD-ECONOMY),IGST18,ItemAmount,true,Duty payment Parking,YKSP231169,99381000014692103,2024-04-23,ZHEJIANG SIFANG IMPORT & EXPORT CO LTD- AD
99381000014815245,3155525,,2024-04-23,INCOK1,,0.00,840515.00,725138.65,59823.90,18.000000,PRICE COMPUTING SCALE (DUAL-AD-ECONOMY),IGST18,ItemAmount,true,Duty payment Parking,YKSP231169,99381000014692103,2024-04-23,ZHEJIANG SIFANG IMPORT & EXPORT CO LTD- AD
99381000014815245,3155525,,2024-04-23,INCOK1,,0.00,840515.00,725138.65,59823.90,18.000000,PRICE COMPUTING SCALE (DUAL-AD-ECONOMY),IGST18,ItemAmount,true,Duty payment Parking,YKSP231169,99381000014692103,2024-04-23,ZHEJIANG SIFANG IMPORT & EXPORT CO LTD- AD
99381000014815245,3155525,,2024-04-23,INCOK1,,0.00,840515.00,277746.44,22914.10,18.000000,Platform Scale Full SS -50AD,IGST18,ItemAmount,true,Duty payment Parking,YKSP231169,99381000014692103,2024-04-23,ZHEJIANG SIFANG IMPORT & EXPORT CO LTD- AD
99381000014815245,3155525,,2024-04-23,INCOK1,,0.00,840515.00,277746.44,22914.10,18.000000,Platform Scale Full SS -50AD,IGST18,ItemAmount,true,Duty payment Parking,YKSP231169,99381000014692103,2024-04-23,ZHEJIANG SIFANG IMPORT & EXPORT CO LTD- AD
99381000014815245,3155525,,2024-04-23,INCOK1,,0.00,840515.00,277746.44,22914.10,18.000000,Platform Scale Full SS -50AD,IGST18,ItemAmount,true,Duty payment Parking,YKSP231169,99381000014692103,2024-04-23,ZHEJIANG SIFANG IMPORT & EXPORT CO LTD- AD
99381000014815245,3155525,,2024-04-23,INCOK1,,0.00,840515.00,277746.44,22914.10,18.000000,Platform Scale Full SS -50AD,IGST18,ItemAmount,true,Duty payment Parking,YKSP231169,99381000014692103,2024-04-23,ZHEJIANG SIFANG IMPORT & EXPORT CO LTD- AD
99381000014815245,3155525,,2024-04-23,INCOK1,,0.00,840515.00,379145.50,31279.50,18.000000,Platform Weighing Scale 400x500 FSS,IGST18,ItemAmount,true,Duty payment Parking,YKSP231169,99381000014692103,2024-04-23,ZHEJIANG SIFANG IMPORT & EXPORT CO LTD- AD
99381000014815245,3155525,,2024-04-23,INCOK1,,0.00,840515.00,379145.50,31279.50,18.000000,Platform Weighing Scale 400x500 FSS,IGST18,ItemAmount,true,Duty payment Parking,YKSP231169,99381000014692103,2024-04-23,ZHEJIANG SIFANG IMPORT & EXPORT CO LTD- AD
99381000014815245,3155525,,2024-04-23,INCOK1,,0.00,840515.00,379145.50,31279.50,18.000000,Platform Weighing Scale 400x500 FSS,IGST18,ItemAmount,true,Duty payment Parking,YKSP231169,99381000014692103,2024-04-23,ZHEJIANG SIFANG IMPORT & EXPORT CO LTD- AD
99381000014815245,3155525,,2024-04-23,INCOK1,,0.00,840515.00,379145.50,31279.50,18.000000,Platform Weighing Scale 400x500 FSS,IGST18,ItemAmount,true,Duty payment Parking,YKSP231169,99381000014692103,2024-04-23,ZHEJIANG SIFANG IMPORT & EXPORT CO LTD- AD
99381000014815245,3155525,,2024-04-23,INCOK1,,0.00,840515.00,264520.20,21822.90,18.000000,Spare Parts,IGST18,ItemAmount,true,Duty payment Parking,YKSP231169,99381000014692103,2024-04-23,ZHEJIANG SIFANG IMPORT & EXPORT CO LTD- AD
99381000014815245,3155525,,2024-04-23,INCOK1,,0.00,840515.00,264520.20,21822.90,18.000000,Spare Parts,IGST18,ItemAmount,true,Duty payment Parking,YKSP231169,99381000014692103,2024-04-23,ZHEJIANG SIFANG IMPORT & EXPORT CO LTD- AD
99381000014815245,3155525,,2024-04-23,INCOK1,,0.00,840515.00,264520.20,21822.90,18.000000,Spare Parts,IGST18,ItemAmount,true,Duty payment Parking,YKSP231169,99381000014692103,2024-04-23,ZHEJIANG SIFANG IMPORT & EXPORT CO LTD- AD
99381000014815245,3155525,,2024-04-23,INCOK1,,0.00,840515.00,264520.20,21822.90,18.000000,Spare Parts,IGST18,ItemAmount,true,Duty payment Parking,YKSP231169,99381000014692103,2024-04-23,ZHEJIANG SIFANG IMPORT & EXPORT CO LTD- AD
99381000014815245,3155525,,2024-04-23,INCOK1,,0.00,840515.00,812606.00,67040.07,18.000000,PLATFORM SCALE -BENCH (DUAL-AD3-Y),IGST18,ItemAmount,true,Duty payment Parking,YKSP231169,99381000014692103,2024-04-23,ZHEJIANG SIFANG IMPORT & EXPORT CO LTD- AD
99381000014815245,3155525,,2024-04-23,INCOK1,,0.00,840515.00,812606.00,67040.07,18.000000,PLATFORM SCALE -BENCH (DUAL-AD3-Y),IGST18,ItemAmount,true,Duty payment Parking,YKSP231169,99381000014692103,2024-04-23,ZHEJIANG SIFANG IMPORT & EXPORT CO LTD- AD
99381000014815245,3155525,,2024-04-23,INCOK1,,0.00,840515.00,812606.00,67040.07,18.000000,PLATFORM SCALE -BENCH (DUAL-AD3-Y),IGST18,ItemAmount,true,Duty payment Parking,YKSP231169,99381000014692103,2024-04-23,ZHEJIANG SIFANG IMPORT & EXPORT CO LTD- AD
99381000014815245,3155525,,2024-04-23,INCOK1,,0.00,840515.00,812606.00,67040.07,18.000000,PLATFORM SCALE -BENCH (DUAL-AD3-Y),IGST18,ItemAmount,true,Duty payment Parking,YKSP231169,99381000014692103,2024-04-23,ZHEJIANG SIFANG IMPORT & EXPORT CO LTD- AD
99381000014861003,3255307,,2024-04-29,incok1,,0.00,88175.22,20362.12,1679.87,18.000000,ECS5W SMPS 7V,IGST18,ItemAmount,true,Duty payment Parking,YS240406-1,99381000014748406,2024-04-29,Shanghai Yousheng Weighing Apparatus Co. Ltd.
99381000014861003,3255307,,2024-04-29,incok1,,0.00,88175.22,29786.87,2457.41,18.000000,ECS5W MOTHER BOARD,IGST18,ItemAmount,true,Duty payment Parking,YS240406-1,99381000014748406,2024-04-29,Shanghai Yousheng Weighing Apparatus Co. Ltd.
99381000014861003,3255307,,2024-04-29,incok1,,0.00,88175.22,56238.24,4639.65,18.000000,ECS5W PRINTER,IGST18,ItemAmount,true,Duty payment Parking,YS240406-1,99381000014748406,2024-04-29,Shanghai Yousheng Weighing Apparatus Co. Ltd.
99381000014861003,3255307,,2024-04-29,incok1,,0.00,88175.22,17453.25,1439.89,18.000000,ECS5W / 4W/Q10 KEYBOARD,IGST18,ItemAmount,true,Duty payment Parking,YS240406-1,99381000014748406,2024-04-29,Shanghai Yousheng Weighing Apparatus Co. Ltd.
99381000014861003,3255307,,2024-04-29,incok1,,0.00,88175.22,1163.55,95.99,18.000000,ECS5W KEYBOARD CONNECT BOARD,IGST18,ItemAmount,true,Duty payment Parking,YS240406-1,99381000014748406,2024-04-29,Shanghai Yousheng Weighing Apparatus Co. Ltd.
99381000014861003,3255307,,2024-04-29,incok1,,0.00,88175.22,36845.74,3039.77,18.000000,ECS5W DISPLAY SET FRONT,IGST18,ItemAmount,true,Duty payment Parking,YS240406-1,99381000014748406,2024-04-29,Shanghai Yousheng Weighing Apparatus Co. Ltd.
99381000014861003,3255307,,2024-04-29,incok1,,0.00,88175.22,1357.47,111.99,18.000000,ECS5W WEIGHING PAN,IGST18,ItemAmount,true,Duty payment Parking,YS240406-1,99381000014748406,2024-04-29,Shanghai Yousheng Weighing Apparatus Co. Ltd.
99381000014861003,3255307,,2024-04-29,incok1,,0.00,88175.22,465.42,38.40,18.000000,ECS5W BLACK PAN (UNDER SS PAN),IGST18,ItemAmount,true,Duty payment Parking,YS240406-1,99381000014748406,2024-04-29,Shanghai Yousheng Weighing Apparatus Co. Ltd.
99381000014861003,3255307,,2024-04-29,incok1,,0.00,88175.22,9696.25,799.94,18.000000,ECS5W DUST COVER,IGST18,ItemAmount,true,Duty payment Parking,YS240406-1,99381000014748406,2024-04-29,Shanghai Yousheng Weighing Apparatus Co. Ltd.
99381000014861003,3255307,,2024-04-29,incok1,,0.00,88175.22,2792.52,230.38,18.000000,ECS5W KEYBOARD STICKER,IGST18,ItemAmount,true,Duty payment Parking,YS240406-1,99381000014748406,2024-04-29,Shanghai Yousheng Weighing Apparatus Co. Ltd.
99381000014861003,3255307,,2024-04-29,incok1,,0.00,88175.22,6205.60,511.96,18.000000,ECS 5W PRINTER PAPER-CUTTER PART,IGST18,ItemAmount,true,Duty payment Parking,YS240406-1,99381000014748406,2024-04-29,Shanghai Yousheng Weighing Apparatus Co. Ltd.
99381000014861003,3255307,,2024-04-29,incok1,,0.00,88175.22,1939.25,159.99,18.000000,ECS/LBL DISPLAY CABLE,IGST18,ItemAmount,true,Duty payment Parking,YS240406-1,99381000014748406,2024-04-29,Shanghai Yousheng Weighing Apparatus Co. Ltd.
99381000014861003,3255307,,2024-04-29,incok1,,0.00,88175.22,48869.09,4031.69,18.000000,Q9LBL PRINT HEAD,IGST18,ItemAmount,true,Duty payment Parking,YS240406-1,99381000014748406,2024-04-29,Shanghai Yousheng Weighing Apparatus Co. Ltd.
99381000014861003,3255307,,2024-04-29,incok1,,0.00,88175.22,18616.80,1535.88,18.000000,Q9LBL MOTHERBOARD WITH WIFI,IGST18,ItemAmount,true,Duty payment Parking,YS240406-1,99381000014748406,2024-04-29,Shanghai Yousheng Weighing Apparatus Co. Ltd.
99381000014861003,3255307,,2024-04-29,incok1,,0.00,88175.22,1163.55,95.99,18.000000,ECR PRINTER COVER,IGST18,ItemAmount,true,Duty payment Parking,YS240406-1,99381000014748406,2024-04-29,Shanghai Yousheng Weighing Apparatus Co. Ltd.
99381000014861003,3255307,,2024-04-29,incok1,,0.00,88175.22,11868.21,979.13,18.000000,ECS5W / 4W/Q10 DISPLAY BACK,IGST18,ItemAmount,true,Duty payment Parking,YS240406-1,99381000014748406,2024-04-29,Shanghai Yousheng Weighing Apparatus Co. Ltd.
99381000014861003,3255307,,2024-04-29,incok1,,0.00,88175.22,465.40,38.40,18.000000,ECS 5W /LBL  POS LEG,IGST18,ItemAmount,true,Duty payment Parking,YS240406-1,99381000014748406,2024-04-29,Shanghai Yousheng Weighing Apparatus Co. Ltd.
99381000014861003,3255307,,2024-04-29,incok1,,0.00,88175.22,2443.45,201.58,18.000000,ECS5W INTERFACE BOARD,IGST18,ItemAmount,true,Duty payment Parking,YS240406-1,99381000014748406,2024-04-29,Shanghai Yousheng Weighing Apparatus Co. Ltd.
99381000014861003,3255307,,2024-04-29,incok1,,0.00,88175.22,18616.80,1535.88,18.000000,ECS5W AC POWER CORD,IGST18,ItemAmount,true,Duty payment Parking,YS240406-1,99381000014748406,2024-04-29,Shanghai Yousheng Weighing Apparatus Co. Ltd.
99381000014861003,3255307,,2024-04-29,incok1,,0.00,88175.22,18616.80,1535.88,18.000000,ECS INDICATOR MOTHER BOARD,IGST18,ItemAmount,true,Duty payment Parking,YS240406-1,99381000014748406,2024-04-29,Shanghai Yousheng Weighing Apparatus Co. Ltd.
99381000014861003,3255307,,2024-04-29,incok1,,0.00,88175.22,2327.10,191.99,18.000000,Q8LBL Dot Matrix Display Set,IGST18,ItemAmount,true,Duty payment Parking,YS240406-1,99381000014748406,2024-04-29,Shanghai Yousheng Weighing Apparatus Co. Ltd.
99381000014861003,3255307,,2024-04-29,incok1,,0.00,88175.22,2327.10,191.99,18.000000,ECS INDICATOR / ECS 4W DISPLAY  FRONT,IGST18,ItemAmount,true,Duty payment Parking,YS240406-1,99381000014748406,2024-04-29,Shanghai Yousheng Weighing Apparatus Co. Ltd.
99381000014861003,3255307,,2024-04-29,incok1,,0.00,88175.22,232.71,19.20,18.000000,Q9LBL PRINTER PAPER FEEDER SET,IGST18,ItemAmount,true,Duty payment Parking,YS240406-1,99381000014748406,2024-04-29,Shanghai Yousheng Weighing Apparatus Co. Ltd.
99381000014861003,3255307,,2024-04-29,incok1,,0.00,88175.22,1551.40,127.99,18.000000,Q8/Q9LBL /Q10 KEYPAD BOARD,IGST18,ItemAmount,true,Duty payment Parking,YS240406-1,99381000014748406,2024-04-29,Shanghai Yousheng Weighing Apparatus Co. Ltd.
99381000014861003,3255307,,2024-04-29,incok1,,0.00,88175.22,775.70,64.00,18.000000,ECS INDICATOR STICKER,IGST18,ItemAmount,true,Duty payment Parking,YS240406-1,99381000014748406,2024-04-29,Shanghai Yousheng Weighing Apparatus Co. Ltd.
99381000014861003,3255307,,2024-04-29,incok1,,0.00,88175.22,1163.55,95.99,18.000000,Q9LBL KEYBOARD STICKER,IGST18,ItemAmount,true,Duty payment Parking,YS240406-1,99381000014748406,2024-04-29,Shanghai Yousheng Weighing Apparatus Co. Ltd.
99381000014861003,3255307,,2024-04-29,incok1,,0.00,88175.22,3102.80,255.98,18.000000,TMA HANGING SCALE KEYBOARD,IGST18,ItemAmount,true,Duty payment Parking,YS240406-1,99381000014748406,2024-04-29,Shanghai Yousheng Weighing Apparatus Co. Ltd.
99381000014861003,3255307,,2024-04-29,incok1,,0.00,88175.22,310.28,25.60,18.000000,TMA HANGING SCALE KEYBOARD STICKER,IGST18,ItemAmount,true,Duty payment Parking,YS240406-1,99381000014748406,2024-04-29,Shanghai Yousheng Weighing Apparatus Co. Ltd.
99381000014861003,3255307,,2024-04-29,incok1,,0.00,88175.22,193.92,16.00,18.000000,TMA PRINTER ROLLER WASHER,IGST18,ItemAmount,true,Duty payment Parking,YS240406-1,99381000014748406,2024-04-29,Shanghai Yousheng Weighing Apparatus Co. Ltd.
99381000014861003,3255307,,2024-04-29,incok1,,0.00,88175.22,193.92,16.00,18.000000,TMA PRINTER RUBBER WASHER,IGST18,ItemAmount,true,Duty payment Parking,YS240406-1,99381000014748406,2024-04-29,Shanghai Yousheng Weighing Apparatus Co. Ltd.
99381000014861003,3255307,,2024-04-29,incok1,,0.00,88175.22,775.70,64.00,18.000000,ECS5W Pan support Leg,IGST18,ItemAmount,true,Duty payment Parking,YS240406-1,99381000014748406,2024-04-29,Shanghai Yousheng Weighing Apparatus Co. Ltd.
99381000014954352,15068,,2024-03-12,INBLR4,,0.00,942.00,3043.27,334.08,18.000000,Spare Parts,IGST18,ItemAmount,true,Kotak Current Account,LS2024F015,99381000014292543,2024-02-23,"FUZHOU LUCKY STAR CO.,LTD"
99381000016108918,4197423,,2024-06-26,INCOK1,,0.00,599154.72,296199.59,24436.50,18.000000,PRICE COMPUTING SCALE - GOLD,IGST18,ItemAmount,true,Duty payment Parking,INV-22184,99381000015783553,2024-06-26,Weighvox International FZE LLC
99381000016108918,4197423,,2024-06-26,INCOK1,,0.00,599154.72,296199.59,24436.50,18.000000,PRICE COMPUTING SCALE - GOLD,IGST18,ItemAmount,true,Duty payment Parking,INV-22184,99381000015783553,2024-06-26,Weighvox International FZE LLC
99381000016108918,4197423,,2024-06-26,INCOK1,,0.00,599154.72,296199.59,24436.50,18.000000,PRICE COMPUTING SCALE - GOLD,IGST18,ItemAmount,true,Duty payment Parking,INV-22184,99381000015783553,2024-06-26,Weighvox International FZE LLC
99381000016108918,4197423,,2024-06-26,INCOK1,,0.00,599154.72,296199.59,24436.50,18.000000,PRICE COMPUTING SCALE - GOLD,IGST18,ItemAmount,true,Duty payment Parking,INV-22184,99381000015783553,2024-06-26,Weighvox International FZE LLC
99381000016108918,4197423,,2024-06-26,INCOK1,,0.00,599154.72,538544.71,44430.00,18.000000,PLATFORM SCALE-BENCH(GREEN-EC),IGST18,ItemAmount,true,Duty payment Parking,INV-22184,99381000015783553,2024-06-26,Weighvox International FZE LLC
99381000016108918,4197423,,2024-06-26,INCOK1,,0.00,599154.72,538544.71,44430.00,18.000000,PLATFORM SCALE-BENCH(GREEN-EC),IGST18,ItemAmount,true,Duty payment Parking,INV-22184,99381000015783553,2024-06-26,Weighvox International FZE LLC
99381000016108918,4197423,,2024-06-26,INCOK1,,0.00,599154.72,538544.71,44430.00,18.000000,PLATFORM SCALE-BENCH(GREEN-EC),IGST18,ItemAmount,true,Duty payment Parking,INV-22184,99381000015783553,2024-06-26,Weighvox International FZE LLC
99381000016108918,4197423,,2024-06-26,INCOK1,,0.00,599154.72,538544.71,44430.00,18.000000,PLATFORM SCALE-BENCH(GREEN-EC),IGST18,ItemAmount,true,Duty payment Parking,INV-22184,99381000015783553,2024-06-26,Weighvox International FZE LLC
99381000016108918,4197423,,2024-06-26,INCOK1,,0.00,599154.72,157075.52,12958.70,18.000000,PORTABLE SCALE 50x50 (300kg) MS,IGST18,ItemAmount,true,Duty payment Parking,INV-22184,99381000015783553,2024-06-26,Weighvox International FZE LLC
99381000016108918,4197423,,2024-06-26,INCOK1,,0.00,599154.72,157075.52,12958.70,18.000000,PORTABLE SCALE 50x50 (300kg) MS,IGST18,ItemAmount,true,Duty payment Parking,INV-22184,99381000015783553,2024-06-26,Weighvox International FZE LLC
99381000016108918,4197423,,2024-06-26,INCOK1,,0.00,599154.72,157075.52,12958.70,18.000000,PORTABLE SCALE 50x50 (300kg) MS,IGST18,ItemAmount,true,Duty payment Parking,INV-22184,99381000015783553,2024-06-26,Weighvox International FZE LLC
99381000016108918,4197423,,2024-06-26,INCOK1,,0.00,599154.72,157075.52,12958.70,18.000000,PORTABLE SCALE 50x50 (300kg) MS,IGST18,ItemAmount,true,Duty payment Parking,INV-22184,99381000015783553,2024-06-26,Weighvox International FZE LLC
99381000016108918,4197423,,2024-06-26,INCOK1,,0.00,599154.72,157075.52,12958.70,18.000000,PORTABLE SCALE 50x50 (300kg) SS,IGST18,ItemAmount,true,Duty payment Parking,INV-22184,99381000015783553,2024-06-26,Weighvox International FZE LLC
99381000016108918,4197423,,2024-06-26,INCOK1,,0.00,599154.72,157075.52,12958.70,18.000000,PORTABLE SCALE 50x50 (300kg) SS,IGST18,ItemAmount,true,Duty payment Parking,INV-22184,99381000015783553,2024-06-26,Weighvox International FZE LLC
99381000016108918,4197423,,2024-06-26,INCOK1,,0.00,599154.72,157075.52,12958.70,18.000000,PORTABLE SCALE 50x50 (300kg) SS,IGST18,ItemAmount,true,Duty payment Parking,INV-22184,99381000015783553,2024-06-26,Weighvox International FZE LLC
99381000016108918,4197423,,2024-06-26,INCOK1,,0.00,599154.72,157075.52,12958.70,18.000000,PORTABLE SCALE 50x50 (300kg) SS,IGST18,ItemAmount,true,Duty payment Parking,INV-22184,99381000015783553,2024-06-26,Weighvox International FZE LLC
99381000016108918,4197423,,2024-06-26,INCOK1,,0.00,599154.72,580551.20,47895.40,18.000000,PRICE COMPUTING SCALE WITH POLE-GREEN,IGST18,ItemAmount,true,Duty payment Parking,INV-22184,99381000015783553,2024-06-26,Weighvox International FZE LLC
99381000016108918,4197423,,2024-06-26,INCOK1,,0.00,599154.72,580551.20,47895.40,18.000000,PRICE COMPUTING SCALE WITH POLE-GREEN,IGST18,ItemAmount,true,Duty payment Parking,INV-22184,99381000015783553,2024-06-26,Weighvox International FZE LLC
99381000016108918,4197423,,2024-06-26,INCOK1,,0.00,599154.72,580551.20,47895.40,18.000000,PRICE COMPUTING SCALE WITH POLE-GREEN,IGST18,ItemAmount,true,Duty payment Parking,INV-22184,99381000015783553,2024-06-26,Weighvox International FZE LLC
99381000016108918,4197423,,2024-06-26,INCOK1,,0.00,599154.72,580551.20,47895.40,18.000000,PRICE COMPUTING SCALE WITH POLE-GREEN,IGST18,ItemAmount,true,Duty payment Parking,INV-22184,99381000015783553,2024-06-26,Weighvox International FZE LLC
99381000016108918,4197423,,2024-06-26,INCOK1,,0.00,599154.72,71805.96,5923.90,18.000000,PRICE COMPUTING SCALE FSS(DQZ),IGST18,ItemAmount,true,Duty payment Parking,INV-22184,99381000015783553,2024-06-26,Weighvox International FZE LLC
99381000016108918,4197423,,2024-06-26,INCOK1,,0.00,599154.72,71805.96,5923.90,18.000000,PRICE COMPUTING SCALE FSS(DQZ),IGST18,ItemAmount,true,Duty payment Parking,INV-22184,99381000015783553,2024-06-26,Weighvox International FZE LLC
99381000016108918,4197423,,2024-06-26,INCOK1,,0.00,599154.72,71805.96,5923.90,18.000000,PRICE COMPUTING SCALE FSS(DQZ),IGST18,ItemAmount,true,Duty payment Parking,INV-22184,99381000015783553,2024-06-26,Weighvox International FZE LLC
99381000016108918,4197423,,2024-06-26,INCOK1,,0.00,599154.72,71805.96,5923.90,18.000000,PRICE COMPUTING SCALE FSS(DQZ),IGST18,ItemAmount,true,Duty payment Parking,INV-22184,99381000015783553,2024-06-26,Weighvox International FZE LLC
99381000016108918,4197423,,2024-06-26,INCOK1,,0.00,599154.72,0.00,0.00,0.000000,BANK CHARGES,IGST0,ItemAmount,true,Duty payment Parking,INV-22184,99381000015783553,2024-06-26,Weighvox International FZE LLC
99381000016108918,4197423,,2024-06-26,INCOK1,,0.00,599154.72,0.00,0.00,0.000000,BANK CHARGES,IGST0,ItemAmount,true,Duty payment Parking,INV-22184,99381000015783553,2024-06-26,Weighvox International FZE LLC
99381000016108918,4197423,,2024-06-26,INCOK1,,0.00,599154.72,0.00,0.00,0.000000,BANK CHARGES,IGST0,ItemAmount,true,Duty payment Parking,INV-22184,99381000015783553,2024-06-26,Weighvox International FZE LLC
99381000016108918,4197423,,2024-06-26,INCOK1,,0.00,599154.72,0.00,0.00,0.000000,BANK CHARGES,IGST0,ItemAmount,true,Duty payment Parking,INV-22184,99381000015783553,2024-06-26,Weighvox International FZE LLC
99381000016108918,4197423,,2024-06-26,INCOK1,,0.00,599154.72,359033.40,29619.90,18.000000,PRICE COMPUTING SCALE - WHITE - EC(AY),IGST18,ItemAmount,true,Duty payment Parking,INV-22184,99381000015783553,2024-06-26,Weighvox International FZE LLC
99381000016108918,4197423,,2024-06-26,INCOK1,,0.00,599154.72,359033.40,29619.90,18.000000,PRICE COMPUTING SCALE - WHITE - EC(AY),IGST18,ItemAmount,true,Duty payment Parking,INV-22184,99381000015783553,2024-06-26,Weighvox International FZE LLC
99381000016108918,4197423,,2024-06-26,INCOK1,,0.00,599154.72,359033.40,29619.90,18.000000,PRICE COMPUTING SCALE - WHITE - EC(AY),IGST18,ItemAmount,true,Duty payment Parking,INV-22184,99381000015783553,2024-06-26,Weighvox International FZE LLC
99381000016108918,4197423,,2024-06-26,INCOK1,,0.00,599154.72,359033.40,29619.90,18.000000,PRICE COMPUTING SCALE - WHITE - EC(AY),IGST18,ItemAmount,true,Duty payment Parking,INV-22184,99381000015783553,2024-06-26,Weighvox International FZE LLC
99381000016715124,4197423,,2024-06-26,INCOK1,,0.00,9731.28,6160.95,508.29,18.000000,PORTABLE SCALE 30X40 FRONT DISPLAY PLACTIC CASE,IGST18,ItemAmount,true,Duty payment Parking,INV-22184 -1,99381000016713908,2024-06-26,Weighvox International FZE LLC
99381000016715124,4197423,,2024-06-26,INCOK1,,0.00,9731.28,40.39,3.33,18.000000,PORTABLE SCALE 30X40 BACK DISPLAY CASE,IGST18,ItemAmount,true,Duty payment Parking,INV-22184 -1,99381000016713908,2024-06-26,Weighvox International FZE LLC
99381000016715124,4197423,,2024-06-26,INCOK1,,0.00,9731.28,35.90,2.96,18.000000,PORTABLE SCALE 30X40 MACHINE LEG,IGST18,ItemAmount,true,Duty payment Parking,INV-22184 -1,99381000016713908,2024-06-26,Weighvox International FZE LLC
99381000016715124,4197423,,2024-06-26,INCOK1,,0.00,9731.28,44.88,3.70,18.000000,PORTABLE SCALE 30X40 HANDLE,IGST18,ItemAmount,true,Duty payment Parking,INV-22184 -1,99381000016713908,2024-06-26,Weighvox International FZE LLC
99381000016715124,4197423,,2024-06-26,INCOK1,,0.00,9731.28,8.08,0.67,18.000000,Chicken Scale F&B Display,IGST18,ItemAmount,true,Duty payment Parking,INV-22184 -1,99381000016713908,2024-06-26,Weighvox International FZE LLC
99381000016715124,4197423,,2024-06-26,INCOK1,,0.00,9731.28,807.82,66.65,18.000000,PFG555SSQ KEYPAD,IGST18,ItemAmount,true,Duty payment Parking,INV-22184 -1,99381000016713908,2024-06-26,Weighvox International FZE LLC
99381000016715124,4197423,,2024-06-26,INCOK1,,0.00,9731.28,5762.43,475.42,18.000000,BATTERY 6V 4.5AH,IGST18,ItemAmount,true,Duty payment Parking,INV-22184 -1,99381000016713908,2024-06-26,Weighvox International FZE LLC
99381000016715124,4197423,,2024-06-26,INCOK1,,0.00,9731.28,1279.04,105.52,18.000000,TRANSFORMER 9V,IGST18,ItemAmount,true,Duty payment Parking,INV-22184 -1,99381000016713908,2024-06-26,Weighvox International FZE LLC
99381000016715124,4197423,,2024-06-26,INCOK1,,0.00,9731.28,1929.79,159.21,18.000000,PLATFORM LOAD CELL 400 KG,IGST18,ItemAmount,true,Duty payment Parking,INV-22184 -1,99381000016713908,2024-06-26,Weighvox International FZE LLC
99381000016715124,4197423,,2024-06-26,INCOK1,,0.00,9731.28,1543.83,127.37,18.000000,PFG56TQ Loadcell Trolley 800 Kg,IGST18,ItemAmount,true,Duty payment Parking,INV-22184 -1,99381000016713908,2024-06-26,Weighvox International FZE LLC
99381000016715124,4197423,,2024-06-26,INCOK1,,0.00,9731.28,376.98,31.10,18.000000,PFG555SSQ LEG,IGST18,ItemAmount,true,Duty payment Parking,INV-22184 -1,99381000016713908,2024-06-26,Weighvox International FZE LLC
99381000016715124,4197423,,2024-06-26,INCOK1,,0.00,9731.28,3841.62,316.94,18.000000,Front and Back Display(Green) PFPC(Q),IGST18,ItemAmount,true,Duty payment Parking,INV-22184 -1,99381000016713908,2024-06-26,Weighvox International FZE LLC
99381000016715124,4197423,,2024-06-26,INCOK1,,0.00,9731.28,6417.66,529.47,18.000000,APCPQ Pole Display,IGST18,ItemAmount,true,Duty payment Parking,INV-22184 -1,99381000016713908,2024-06-26,Weighvox International FZE LLC
99381000016715124,4197423,,2024-06-26,INCOK1,,0.00,9731.28,42.19,3.48,18.000000,APCPQ Pan holder,IGST18,ItemAmount,true,Duty payment Parking,INV-22184 -1,99381000016713908,2024-06-26,Weighvox International FZE LLC
99381000016715124,4197423,,2024-06-26,INCOK1,,0.00,9731.28,4.49,0.37,18.000000,APCPQ Pan,IGST18,ItemAmount,true,Duty payment Parking,INV-22184 -1,99381000016713908,2024-06-26,Weighvox International FZE LLC
99381000016715124,4197423,,2024-06-26,INCOK1,,0.00,9731.28,80.78,6.66,18.000000,APCQ Pole pipe,IGST18,ItemAmount,true,Duty payment Parking,INV-22184 -1,99381000016713908,2024-06-26,Weighvox International FZE LLC
99381000016715124,4197423,,2024-06-26,INCOK1,,0.00,9731.28,17.95,1.48,18.000000,APCPQ Leg,IGST18,ItemAmount,true,Duty payment Parking,INV-22184 -1,99381000016713908,2024-06-26,Weighvox International FZE LLC
99381000016715124,4197423,,2024-06-26,INCOK1,,0.00,9731.28,785.38,64.80,18.000000,APCPQ Keypad,IGST18,ItemAmount,true,Duty payment Parking,INV-22184 -1,99381000016713908,2024-06-26,Weighvox International FZE LLC
99381000016715124,4197423,,2024-06-26,INCOK1,,0.00,9731.28,4.49,0.37,18.000000,APCPQ Body set top case,IGST18,ItemAmount,true,Duty payment Parking,INV-22184 -1,99381000016713908,2024-06-26,Weighvox International FZE LLC
99381000016715124,4197423,,2024-06-26,INCOK1,,0.00,9731.28,22.44,1.85,18.000000,APCPQ Body set bottom case,IGST18,ItemAmount,true,Duty payment Parking,INV-22184 -1,99381000016713908,2024-06-26,Weighvox International FZE LLC
99381000016715124,4197423,,2024-06-26,INCOK1,,0.00,9731.28,4.49,0.37,18.000000,APCPQ Pole Display case,IGST18,ItemAmount,true,Duty payment Parking,INV-22184 -1,99381000016713908,2024-06-26,Weighvox International FZE LLC
99381000016715124,4197423,,2024-06-26,INCOK1,,0.00,9731.28,3850.60,317.68,18.000000,APCQ BottomFront Display,IGST18,ItemAmount,true,Duty payment Parking,INV-22184 -1,99381000016713908,2024-06-26,Weighvox International FZE LLC
99381000016715124,4197423,,2024-06-26,INCOK1,,0.00,9731.28,4.49,0.37,18.000000,APCPQ Pole connector,IGST18,ItemAmount,true,Duty payment Parking,INV-22184 -1,99381000016713908,2024-06-26,Weighvox International FZE LLC
99381000016715124,4197423,,2024-06-26,INCOK1,,0.00,9731.28,2019.54,166.65,18.000000,Motherboard PF PC(Q),IGST18,ItemAmount,true,Duty payment Parking,INV-22184 -1,99381000016713908,2024-06-26,Weighvox International FZE LLC
99381000016825595,5128582,,2024-08-19,INCOK1,,0.00,731774.00,662879.23,54687.50,18.000000,TABLE TOP SCALE PC (RED-AD),IGST18,ItemAmount,true,Duty payment Parking,YKSP240415,99381000016825265,2024-08-19,ZHEJIANG SIFANG IMPORT & EXPORT CO LTD- AD
99381000016825595,5128582,,2024-08-19,INCOK1,,0.00,731774.00,662879.23,54687.50,18.000000,TABLE TOP SCALE PC (RED-AD),IGST18,ItemAmount,true,Duty payment Parking,YKSP240415,99381000016825265,2024-08-19,ZHEJIANG SIFANG IMPORT & EXPORT CO LTD- AD
99381000016825595,5128582,,2024-08-19,INCOK1,,0.00,731774.00,662879.23,54687.50,18.000000,TABLE TOP SCALE PC (RED-AD),IGST18,ItemAmount,true,Duty payment Parking,YKSP240415,99381000016825265,2024-08-19,ZHEJIANG SIFANG IMPORT & EXPORT CO LTD- AD
99381000016825595,5128582,,2024-08-19,INCOK1,,0.00,731774.00,662879.23,54687.50,18.000000,TABLE TOP SCALE PC (RED-AD),IGST18,ItemAmount,true,Duty payment Parking,YKSP240415,99381000016825265,2024-08-19,ZHEJIANG SIFANG IMPORT & EXPORT CO LTD- AD
99381000016825595,5128582,,2024-08-19,INCOK1,,0.00,731774.00,1704546.59,140625.10,18.000000,PLATFORM SCALE -BENCH (DUAL-AD3),IGST18,ItemAmount,true,Duty payment Parking,YKSP240415,99381000016825265,2024-08-19,ZHEJIANG SIFANG IMPORT & EXPORT CO LTD- AD
99381000016825595,5128582,,2024-08-19,INCOK1,,0.00,731774.00,1704546.59,140625.10,18.000000,PLATFORM SCALE -BENCH (DUAL-AD3),IGST18,ItemAmount,true,Duty payment Parking,YKSP240415,99381000016825265,2024-08-19,ZHEJIANG SIFANG IMPORT & EXPORT CO LTD- AD
99381000016825595,5128582,,2024-08-19,INCOK1,,0.00,731774.00,1704546.59,140625.10,18.000000,PLATFORM SCALE -BENCH (DUAL-AD3),IGST18,ItemAmount,true,Duty payment Parking,YKSP240415,99381000016825265,2024-08-19,ZHEJIANG SIFANG IMPORT & EXPORT CO LTD- AD
99381000016825595,5128582,,2024-08-19,INCOK1,,0.00,731774.00,1704546.59,140625.10,18.000000,PLATFORM SCALE -BENCH (DUAL-AD3),IGST18,ItemAmount,true,Duty payment Parking,YKSP240415,99381000016825265,2024-08-19,ZHEJIANG SIFANG IMPORT & EXPORT CO LTD- AD
99381000016825595,5128582,,2024-08-19,INCOK1,,0.00,731774.00,262500.17,21656.53,18.000000,PLATFORM SCALE -BENCH (RED-AD1),IGST18,ItemAmount,true,Duty payment Parking,YKSP240415,99381000016825265,2024-08-19,ZHEJIANG SIFANG IMPORT & EXPORT CO LTD- AD
99381000016825595,5128582,,2024-08-19,INCOK1,,0.00,731774.00,262500.17,21656.53,18.000000,PLATFORM SCALE -BENCH (RED-AD1),IGST18,ItemAmount,true,Duty payment Parking,YKSP240415,99381000016825265,2024-08-19,ZHEJIANG SIFANG IMPORT & EXPORT CO LTD- AD
99381000016825595,5128582,,2024-08-19,INCOK1,,0.00,731774.00,262500.17,21656.53,18.000000,PLATFORM SCALE -BENCH (RED-AD1),IGST18,ItemAmount,true,Duty payment Parking,YKSP240415,99381000016825265,2024-08-19,ZHEJIANG SIFANG IMPORT & EXPORT CO LTD- AD
99381000016825595,5128582,,2024-08-19,INCOK1,,0.00,731774.00,262500.17,21656.53,18.000000,PLATFORM SCALE -BENCH (RED-AD1),IGST18,ItemAmount,true,Duty payment Parking,YKSP240415,99381000016825265,2024-08-19,ZHEJIANG SIFANG IMPORT & EXPORT CO LTD- AD
99381000016825595,5128582,,2024-08-19,INCOK1,,0.00,731774.00,8522.73,703.10,18.000000,Spare Parts,IGST18,ItemAmount,true,Duty payment Parking,YKSP240415,99381000016825265,2024-08-19,ZHEJIANG SIFANG IMPORT & EXPORT CO LTD- AD
99381000016825595,5128582,,2024-08-19,INCOK1,,0.00,731774.00,8522.73,703.10,18.000000,Spare Parts,IGST18,ItemAmount,true,Duty payment Parking,YKSP240415,99381000016825265,2024-08-19,ZHEJIANG SIFANG IMPORT & EXPORT CO LTD- AD
99381000016825595,5128582,,2024-08-19,INCOK1,,0.00,731774.00,8522.73,703.10,18.000000,Spare Parts,IGST18,ItemAmount,true,Duty payment Parking,YKSP240415,99381000016825265,2024-08-19,ZHEJIANG SIFANG IMPORT & EXPORT CO LTD- AD
99381000016825595,5128582,,2024-08-19,INCOK1,,0.00,731774.00,8522.73,703.10,18.000000,Spare Parts,IGST18,ItemAmount,true,Duty payment Parking,YKSP240415,99381000016825265,2024-08-19,ZHEJIANG SIFANG IMPORT & EXPORT CO LTD- AD
99381000017249825,5501594,,2024-09-09,INCOK1,,0.00,1239106.49,2002510.53,165207.10,18.000000,Bill Printing scale Q8POS,IGST18,ItemAmount,true,Duty payment Parking,YM2408004,99381000017249753,2024-09-09,Qidong Youming Weighing Apparatus Co. Ltd.
99381000017249825,5501594,,2024-09-09,INCOK1,,0.00,1239106.49,2002510.53,165207.10,18.000000,Bill Printing scale Q8POS,IGST18,ItemAmount,true,Duty payment Parking,YM2408004,99381000017249753,2024-09-09,Qidong Youming Weighing Apparatus Co. Ltd.
99381000017249825,5501594,,2024-09-09,INCOK1,,0.00,1239106.49,2002510.53,165207.10,18.000000,Bill Printing scale Q8POS,IGST18,ItemAmount,true,Duty payment Parking,YM2408004,99381000017249753,2024-09-09,Qidong Youming Weighing Apparatus Co. Ltd.
99381000017249825,5501594,,2024-09-09,INCOK1,,0.00,1239106.49,2002510.53,165207.10,18.000000,Bill Printing scale Q8POS,IGST18,ItemAmount,true,Duty payment Parking,YM2408004,99381000017249753,2024-09-09,Qidong Youming Weighing Apparatus Co. Ltd.
99381000017249825,5501594,,2024-09-09,INCOK1,,0.00,1239106.49,166279.89,13718.10,18.000000,Bill  Printing scale Q74W,IGST18,ItemAmount,true,Duty payment Parking,YM2408004,99381000017249753,2024-09-09,Qidong Youming Weighing Apparatus Co. Ltd.
99381000017249825,5501594,,2024-09-09,INCOK1,,0.00,1239106.49,166279.89,13718.10,18.000000,Bill  Printing scale Q74W,IGST18,ItemAmount,true,Duty payment Parking,YM2408004,99381000017249753,2024-09-09,Qidong Youming Weighing Apparatus Co. Ltd.
99381000017249825,5501594,,2024-09-09,INCOK1,,0.00,1239106.49,166279.89,13718.10,18.000000,Bill  Printing scale Q74W,IGST18,ItemAmount,true,Duty payment Parking,YM2408004,99381000017249753,2024-09-09,Qidong Youming Weighing Apparatus Co. Ltd.
99381000017249825,5501594,,2024-09-09,INCOK1,,0.00,1239106.49,166279.89,13718.10,18.000000,Bill  Printing scale Q74W,IGST18,ItemAmount,true,Duty payment Parking,YM2408004,99381000017249753,2024-09-09,Qidong Youming Weighing Apparatus Co. Ltd.
99381000017249825,5501594,,2024-09-09,INCOK1,,0.00,1239106.49,1799577.54,148465.10,18.000000,Label Printing Scale Q9LBL,IGST18,ItemAmount,true,Duty payment Parking,YM2408004,99381000017249753,2024-09-09,Qidong Youming Weighing Apparatus Co. Ltd.
99381000017249825,5501594,,2024-09-09,INCOK1,,0.00,1239106.49,1799577.54,148465.10,18.000000,Label Printing Scale Q9LBL,IGST18,ItemAmount,true,Duty payment Parking,YM2408004,99381000017249753,2024-09-09,Qidong Youming Weighing Apparatus Co. Ltd.
99381000017249825,5501594,,2024-09-09,INCOK1,,0.00,1239106.49,1799577.54,148465.10,18.000000,Label Printing Scale Q9LBL,IGST18,ItemAmount,true,Duty payment Parking,YM2408004,99381000017249753,2024-09-09,Qidong Youming Weighing Apparatus Co. Ltd.
99381000017249825,5501594,,2024-09-09,INCOK1,,0.00,1239106.49,1799577.54,148465.10,18.000000,Label Printing Scale Q9LBL,IGST18,ItemAmount,true,Duty payment Parking,YM2408004,99381000017249753,2024-09-09,Qidong Youming Weighing Apparatus Co. Ltd.
99381000017249825,5501594,,2024-09-09,INCOK1,,0.00,1239106.49,254783.71,21019.70,18.000000,HANGING SCALE TMA,IGST18,ItemAmount,true,Duty payment Parking,YM2408004,99381000017249753,2024-09-09,Qidong Youming Weighing Apparatus Co. Ltd.
99381000017249825,5501594,,2024-09-09,INCOK1,,0.00,1239106.49,254783.71,21019.70,18.000000,HANGING SCALE TMA,IGST18,ItemAmount,true,Duty payment Parking,YM2408004,99381000017249753,2024-09-09,Qidong Youming Weighing Apparatus Co. Ltd.
99381000017249825,5501594,,2024-09-09,INCOK1,,0.00,1239106.49,254783.71,21019.70,18.000000,HANGING SCALE TMA,IGST18,ItemAmount,true,Duty payment Parking,YM2408004,99381000017249753,2024-09-09,Qidong Youming Weighing Apparatus Co. Ltd.
99381000017249825,5501594,,2024-09-09,INCOK1,,0.00,1239106.49,254783.71,21019.70,18.000000,HANGING SCALE TMA,IGST18,ItemAmount,true,Duty payment Parking,YM2408004,99381000017249753,2024-09-09,Qidong Youming Weighing Apparatus Co. Ltd.
99381000017249825,5501594,,2024-09-09,INCOK1,,0.00,1239106.49,214554.70,17700.80,18.000000,ECS Indicator,IGST18,ItemAmount,true,Duty payment Parking,YM2408004,99381000017249753,2024-09-09,Qidong Youming Weighing Apparatus Co. Ltd.
99381000017249825,5501594,,2024-09-09,INCOK1,,0.00,1239106.49,214554.70,17700.80,18.000000,ECS Indicator,IGST18,ItemAmount,true,Duty payment Parking,YM2408004,99381000017249753,2024-09-09,Qidong Youming Weighing Apparatus Co. Ltd.
99381000017249825,5501594,,2024-09-09,INCOK1,,0.00,1239106.49,214554.70,17700.80,18.000000,ECS Indicator,IGST18,ItemAmount,true,Duty payment Parking,YM2408004,99381000017249753,2024-09-09,Qidong Youming Weighing Apparatus Co. Ltd.
99381000017249825,5501594,,2024-09-09,INCOK1,,0.00,1239106.49,214554.70,17700.80,18.000000,ECS Indicator,IGST18,ItemAmount,true,Duty payment Parking,YM2408004,99381000017249753,2024-09-09,Qidong Youming Weighing Apparatus Co. Ltd.
99381000017249825,5501594,,2024-09-09,INCOK1,,0.00,1239106.49,26819.34,2950.10,18.000000,Cash Box,IGST18,ItemAmount,true,Duty payment Parking,YM2408004,99381000017249753,2024-09-09,Qidong Youming Weighing Apparatus Co. Ltd.
99381000017249825,5501594,,2024-09-09,INCOK1,,0.00,1239106.49,26819.34,2950.10,18.000000,Cash Box,IGST18,ItemAmount,true,Duty payment Parking,YM2408004,99381000017249753,2024-09-09,Qidong Youming Weighing Apparatus Co. Ltd.
99381000017249825,5501594,,2024-09-09,INCOK1,,0.00,1239106.49,26819.34,2950.10,18.000000,Cash Box,IGST18,ItemAmount,true,Duty payment Parking,YM2408004,99381000017249753,2024-09-09,Qidong Youming Weighing Apparatus Co. Ltd.
99381000017249825,5501594,,2024-09-09,INCOK1,,0.00,1239106.49,26819.34,2950.10,18.000000,Cash Box,IGST18,ItemAmount,true,Duty payment Parking,YM2408004,99381000017249753,2024-09-09,Qidong Youming Weighing Apparatus Co. Ltd.
99381000017758079,5880570,,2024-10-01,incok1,,0.00,740301.00,354568.86,29252.00,18.000000,PRICE COMPUTING SCALE (DUAL-AD-ECONOMY),IGST18,ItemAmount,true,Duty payment Parking,YKSP240755,99381000017699785,2024-10-01,ZHEJIANG SIFANG IMPORT & EXPORT CO LTD- AD
99381000017758079,5880570,,2024-10-01,incok1,,0.00,740301.00,354568.86,29252.00,18.000000,PRICE COMPUTING SCALE (DUAL-AD-ECONOMY),IGST18,ItemAmount,true,Duty payment Parking,YKSP240755,99381000017699785,2024-10-01,ZHEJIANG SIFANG IMPORT & EXPORT CO LTD- AD
99381000017758079,5880570,,2024-10-01,incok1,,0.00,740301.00,354568.86,29252.00,18.000000,PRICE COMPUTING SCALE (DUAL-AD-ECONOMY),IGST18,ItemAmount,true,Duty payment Parking,YKSP240755,99381000017699785,2024-10-01,ZHEJIANG SIFANG IMPORT & EXPORT CO LTD- AD
99381000017758079,5880570,,2024-10-01,incok1,,0.00,740301.00,354568.86,29252.00,18.000000,PRICE COMPUTING SCALE (DUAL-AD-ECONOMY),IGST18,ItemAmount,true,Duty payment Parking,YKSP240755,99381000017699785,2024-10-01,ZHEJIANG SIFANG IMPORT & EXPORT CO LTD- AD
99381000017758079,5880570,,2024-10-01,incok1,,0.00,740301.00,1595559.81,131633.69,18.000000,PLATFORM SCALE -BENCH (DUAL-AD3),IGST18,ItemAmount,true,Duty payment Parking,YKSP240755,99381000017699785,2024-10-01,ZHEJIANG SIFANG IMPORT & EXPORT CO LTD- AD
99381000017758079,5880570,,2024-10-01,incok1,,0.00,740301.00,1595559.81,131633.69,18.000000,PLATFORM SCALE -BENCH (DUAL-AD3),IGST18,ItemAmount,true,Duty payment Parking,YKSP240755,99381000017699785,2024-10-01,ZHEJIANG SIFANG IMPORT & EXPORT CO LTD- AD
99381000017758079,5880570,,2024-10-01,incok1,,0.00,740301.00,1595559.81,131633.69,18.000000,PLATFORM SCALE -BENCH (DUAL-AD3),IGST18,ItemAmount,true,Duty payment Parking,YKSP240755,99381000017699785,2024-10-01,ZHEJIANG SIFANG IMPORT & EXPORT CO LTD- AD
99381000017758079,5880570,,2024-10-01,incok1,,0.00,740301.00,1595559.81,131633.69,18.000000,PLATFORM SCALE -BENCH (DUAL-AD3),IGST18,ItemAmount,true,Duty payment Parking,YKSP240755,99381000017699785,2024-10-01,ZHEJIANG SIFANG IMPORT & EXPORT CO LTD- AD
99381000017758079,5880570,,2024-10-01,incok1,,0.00,740301.00,719065.00,59322.90,18.000000,PLATFORM SCALE -BENCH (DUAL-AD5)-G,IGST18,ItemAmount,true,Duty payment Parking,YKSP240755,99381000017699785,2024-10-01,ZHEJIANG SIFANG IMPORT & EXPORT CO LTD- AD
99381000017758079,5880570,,2024-10-01,incok1,,0.00,740301.00,719065.00,59322.90,18.000000,PLATFORM SCALE -BENCH (DUAL-AD5)-G,IGST18,ItemAmount,true,Duty payment Parking,YKSP240755,99381000017699785,2024-10-01,ZHEJIANG SIFANG IMPORT & EXPORT CO LTD- AD
99381000017758079,5880570,,2024-10-01,incok1,,0.00,740301.00,719065.00,59322.90,18.000000,PLATFORM SCALE -BENCH (DUAL-AD5)-G,IGST18,ItemAmount,true,Duty payment Parking,YKSP240755,99381000017699785,2024-10-01,ZHEJIANG SIFANG IMPORT & EXPORT CO LTD- AD
99381000017758079,5880570,,2024-10-01,incok1,,0.00,740301.00,719065.00,59322.90,18.000000,PLATFORM SCALE -BENCH (DUAL-AD5)-G,IGST18,ItemAmount,true,Duty payment Parking,YKSP240755,99381000017699785,2024-10-01,ZHEJIANG SIFANG IMPORT & EXPORT CO LTD- AD
99381000017882876,5501594,,2024-09-09,INCOK1,,0.00,69003.51,17432.54,1438.19,18.000000,ECS5W SMPS 7V,IGST18,ItemAmount,true,Duty payment Parking,YM2408004-1,99381000017249907,2024-09-09,Qidong Youming Weighing Apparatus Co. Ltd.
99381000017882876,5501594,,2024-09-09,INCOK1,,0.00,69003.51,51850.62,4277.69,18.000000,ECS5W PRINTER,IGST18,ItemAmount,true,Duty payment Parking,YM2408004-1,99381000017249907,2024-09-09,Qidong Youming Weighing Apparatus Co. Ltd.
99381000017882876,5501594,,2024-09-09,INCOK1,,0.00,69003.51,25478.32,2101.97,18.000000,ECS5W / 4W/Q10 KEYBOARD,IGST18,ItemAmount,true,Duty payment Parking,YM2408004-1,99381000017249907,2024-09-09,Qidong Youming Weighing Apparatus Co. Ltd.
99381000017882876,5501594,,2024-09-09,INCOK1,,0.00,69003.51,12515.67,1032.55,18.000000,ECS5W PRINTER MAIN BOARD,IGST18,ItemAmount,true,Duty payment Parking,YM2408004-1,99381000017249907,2024-09-09,Qidong Youming Weighing Apparatus Co. Ltd.
99381000017882876,5501594,,2024-09-09,INCOK1,,0.00,69003.51,893.98,73.75,18.000000,ECS5W PRINTER CASE,IGST18,ItemAmount,true,Duty payment Parking,YM2408004-1,99381000017249907,2024-09-09,Qidong Youming Weighing Apparatus Co. Ltd.
99381000017882876,5501594,,2024-09-09,INCOK1,,0.00,69003.51,14750.61,1216.93,18.000000,Q8/Q9 LABEL SMPS 20V,IGST18,ItemAmount,true,Duty payment Parking,YM2408004-1,99381000017249907,2024-09-09,Qidong Youming Weighing Apparatus Co. Ltd.
99381000017882876,5501594,,2024-09-09,INCOK1,,0.00,69003.51,17.88,1.48,18.000000,ECS5W DISPLAY STICKER FRONT,IGST18,ItemAmount,true,Duty payment Parking,YM2408004-1,99381000017249907,2024-09-09,Qidong Youming Weighing Apparatus Co. Ltd.
99381000017882876,5501594,,2024-09-09,INCOK1,,0.00,69003.51,17.88,1.48,18.000000,ECS5W DISPLAY STICKER BACK,IGST18,ItemAmount,true,Duty payment Parking,YM2408004-1,99381000017249907,2024-09-09,Qidong Youming Weighing Apparatus Co. Ltd.
99381000017882876,5501594,,2024-09-09,INCOK1,,0.00,69003.51,17.88,1.48,18.000000,ECS5W KEYBOARD STICKER,IGST18,ItemAmount,true,Duty payment Parking,YM2408004-1,99381000017249907,2024-09-09,Qidong Youming Weighing Apparatus Co. Ltd.
99381000017882876,5501594,,2024-09-09,INCOK1,,0.00,69003.51,8.94,0.74,18.000000,Q9LBL PRINT HEAD,IGST18,ItemAmount,true,Duty payment Parking,YM2408004-1,99381000017249907,2024-09-09,Qidong Youming Weighing Apparatus Co. Ltd.
99381000017882876,5501594,,2024-09-09,INCOK1,,0.00,69003.51,50062.67,4130.19,18.000000,ECS5W PRINTER ROLLER WITH HEAD,IGST18,ItemAmount,true,Duty payment Parking,YM2408004-1,99381000017249907,2024-09-09,Qidong Youming Weighing Apparatus Co. Ltd.
99381000017882876,5501594,,2024-09-09,INCOK1,,0.00,69003.51,25746.51,2124.10,18.000000,ECR Main board with WIFI,IGST18,ItemAmount,true,Duty payment Parking,YM2408004-1,99381000017249907,2024-09-09,Qidong Youming Weighing Apparatus Co. Ltd.
99381000017882876,5501594,,2024-09-09,INCOK1,,0.00,69003.51,22.35,1.84,18.000000,ECS/LBL DISPLAY CABLE,IGST18,ItemAmount,true,Duty payment Parking,YM2408004-1,99381000017249907,2024-09-09,Qidong Youming Weighing Apparatus Co. Ltd.
99381000017882876,5501594,,2024-09-09,INCOK1,,0.00,69003.51,8.94,0.74,18.000000,ECS/LBL PRINTER CABLE,IGST18,ItemAmount,true,Duty payment Parking,YM2408004-1,99381000017249907,2024-09-09,Qidong Youming Weighing Apparatus Co. Ltd.
99381000017882876,5501594,,2024-09-09,INCOK1,,0.00,69003.51,853.75,70.81,18.000000,ECS5W INTERFACE BOARD,IGST18,ItemAmount,true,Duty payment Parking,YM2408004-1,99381000017249907,2024-09-09,Qidong Youming Weighing Apparatus Co. Ltd.
99381000017882876,5501594,,2024-09-09,INCOK1,,0.00,69003.51,2181.30,179.96,18.000000,ECS 5W/4W/ECR/INDICATOR Printer Roller,IGST18,ItemAmount,true,Duty payment Parking,YM2408004-1,99381000017249907,2024-09-09,Qidong Youming Weighing Apparatus Co. Ltd.
99381000017882876,5501594,,2024-09-09,INCOK1,,0.00,69003.51,46933.75,3872.09,18.000000,ECS5W PRINTER ROLLER WITH HEAD,IGST18,ItemAmount,true,Duty payment Parking,YM2408004-1,99381000017249907,2024-09-09,Qidong Youming Weighing Apparatus Co. Ltd.
99381000017890372,6071797,,2024-10-11,INCOK1,,0.00,852669.03,529420.25,43677.10,18.000000,PLATFORM SCALE-BENCH(GREEN-EC),IGST18,ItemAmount,true,Duty payment Parking,INV-22229,99381000017882067,2024-10-11,Weighvox International FZE LLC
99381000017890372,6071797,,2024-10-11,INCOK1,,0.00,852669.03,529420.25,43677.10,18.000000,PLATFORM SCALE-BENCH(GREEN-EC),IGST18,ItemAmount,true,Duty payment Parking,INV-22229,99381000017882067,2024-10-11,Weighvox International FZE LLC
99381000017890372,6071797,,2024-10-11,INCOK1,,0.00,852669.03,529420.25,43677.10,18.000000,PLATFORM SCALE-BENCH(GREEN-EC),IGST18,ItemAmount,true,Duty payment Parking,INV-22229,99381000017882067,2024-10-11,Weighvox International FZE LLC
99381000017890372,6071797,,2024-10-11,INCOK1,,0.00,852669.03,529420.25,43677.10,18.000000,PLATFORM SCALE-BENCH(GREEN-EC),IGST18,ItemAmount,true,Duty payment Parking,INV-22229,99381000017882067,2024-10-11,Weighvox International FZE LLC
99381000017890372,6071797,,2024-10-11,INCOK1,,0.00,852669.03,763424.00,62982.49,18.000000,PRICE COMPUTING SCALE WITH POLE-GREEN,IGST18,ItemAmount,true,Duty payment Parking,INV-22229,99381000017882067,2024-10-11,Weighvox International FZE LLC
99381000017890372,6071797,,2024-10-11,INCOK1,,0.00,852669.03,763424.00,62982.49,18.000000,PRICE COMPUTING SCALE WITH POLE-GREEN,IGST18,ItemAmount,true,Duty payment Parking,INV-22229,99381000017882067,2024-10-11,Weighvox International FZE LLC
99381000017890372,6071797,,2024-10-11,INCOK1,,0.00,852669.03,763424.00,62982.49,18.000000,PRICE COMPUTING SCALE WITH POLE-GREEN,IGST18,ItemAmount,true,Duty payment Parking,INV-22229,99381000017882067,2024-10-11,Weighvox International FZE LLC
99381000017890372,6071797,,2024-10-11,INCOK1,,0.00,852669.03,763424.00,62982.49,18.000000,PRICE COMPUTING SCALE WITH POLE-GREEN,IGST18,ItemAmount,true,Duty payment Parking,INV-22229,99381000017882067,2024-10-11,Weighvox International FZE LLC
99381000017890372,6071797,,2024-10-11,INCOK1,,0.00,852669.03,569126.78,46952.90,18.000000,PRICE COMPUTING SCALE FSS(DQZ),IGST18,ItemAmount,true,Duty payment Parking,INV-22229,99381000017882067,2024-10-11,Weighvox International FZE LLC
99381000017890372,6071797,,2024-10-11,INCOK1,,0.00,852669.03,569126.78,46952.90,18.000000,PRICE COMPUTING SCALE FSS(DQZ),IGST18,ItemAmount,true,Duty payment Parking,INV-22229,99381000017882067,2024-10-11,Weighvox International FZE LLC
99381000017890372,6071797,,2024-10-11,INCOK1,,0.00,852669.03,569126.78,46952.90,18.000000,PRICE COMPUTING SCALE FSS(DQZ),IGST18,ItemAmount,true,Duty payment Parking,INV-22229,99381000017882067,2024-10-11,Weighvox International FZE LLC
99381000017890372,6071797,,2024-10-11,INCOK1,,0.00,852669.03,569126.78,46952.90,18.000000,PRICE COMPUTING SCALE FSS(DQZ),IGST18,ItemAmount,true,Duty payment Parking,INV-22229,99381000017882067,2024-10-11,Weighvox International FZE LLC
99381000017890372,6071797,,2024-10-11,INCOK1,,0.00,852669.03,547067.59,45133.10,18.000000,CURRENCY COUNTING MACHINE (AL800),IGST18,ItemAmount,true,Duty payment Parking,INV-22229,99381000017882067,2024-10-11,Weighvox International FZE LLC
99381000017890372,6071797,,2024-10-11,INCOK1,,0.00,852669.03,547067.59,45133.10,18.000000,CURRENCY COUNTING MACHINE (AL800),IGST18,ItemAmount,true,Duty payment Parking,INV-22229,99381000017882067,2024-10-11,Weighvox International FZE LLC
99381000017890372,6071797,,2024-10-11,INCOK1,,0.00,852669.03,547067.59,45133.10,18.000000,CURRENCY COUNTING MACHINE (AL800),IGST18,ItemAmount,true,Duty payment Parking,INV-22229,99381000017882067,2024-10-11,Weighvox International FZE LLC
99381000017890372,6071797,,2024-10-11,INCOK1,,0.00,852669.03,547067.59,45133.10,18.000000,CURRENCY COUNTING MACHINE (AL800),IGST18,ItemAmount,true,Duty payment Parking,INV-22229,99381000017882067,2024-10-11,Weighvox International FZE LLC
99381000017890372,6071797,,2024-10-11,INCOK1,,0.00,852669.03,533832.09,44041.10,18.000000,CCM  - Value Counting Machine,IGST18,ItemAmount,true,Duty payment Parking,INV-22229,99381000017882067,2024-10-11,Weighvox International FZE LLC
99381000017890372,6071797,,2024-10-11,INCOK1,,0.00,852669.03,533832.09,44041.10,18.000000,CCM  - Value Counting Machine,IGST18,ItemAmount,true,Duty payment Parking,INV-22229,99381000017882067,2024-10-11,Weighvox International FZE LLC
99381000017890372,6071797,,2024-10-11,INCOK1,,0.00,852669.03,533832.09,44041.10,18.000000,CCM  - Value Counting Machine,IGST18,ItemAmount,true,Duty payment Parking,INV-22229,99381000017882067,2024-10-11,Weighvox International FZE LLC
99381000017890372,6071797,,2024-10-11,INCOK1,,0.00,852669.03,533832.09,44041.10,18.000000,CCM  - Value Counting Machine,IGST18,ItemAmount,true,Duty payment Parking,INV-22229,99381000017882067,2024-10-11,Weighvox International FZE LLC
99381000017890372,6071797,,2024-10-11,INCOK1,,0.00,852669.03,131472.70,10846.54,18.000000,CCM  - Value Counting Machine (WB),IGST18,ItemAmount,true,Duty payment Parking,INV-22229,99381000017882067,2024-10-11,Weighvox International FZE LLC
99381000017890372,6071797,,2024-10-11,INCOK1,,0.00,852669.03,131472.70,10846.54,18.000000,CCM  - Value Counting Machine (WB),IGST18,ItemAmount,true,Duty payment Parking,INV-22229,99381000017882067,2024-10-11,Weighvox International FZE LLC
99381000017890372,6071797,,2024-10-11,INCOK1,,0.00,852669.03,131472.70,10846.54,18.000000,CCM  - Value Counting Machine (WB),IGST18,ItemAmount,true,Duty payment Parking,INV-22229,99381000017882067,2024-10-11,Weighvox International FZE LLC
99381000017890372,6071797,,2024-10-11,INCOK1,,0.00,852669.03,131472.70,10846.54,18.000000,CCM  - Value Counting Machine (WB),IGST18,ItemAmount,true,Duty payment Parking,INV-22229,99381000017882067,2024-10-11,Weighvox International FZE LLC
99381000018596450,6071797,,2024-10-11,INCOK1,,0.00,244.96,44.12,3.64,18.000000,MAGNETIC & DENOMINATION SENSOR WITH FRAME CCM,IGST18,ItemAmount,true,Duty payment Parking,INV-22229 -1,99381000018596222,2024-10-11,Weighvox International FZE LLC
99381000018596450,6071797,,2024-10-11,INCOK1,,0.00,244.96,70.59,5.82,18.000000,C.M TRANSFORMER CCM,IGST18,ItemAmount,true,Duty payment Parking,INV-22229 -1,99381000018596222,2024-10-11,Weighvox International FZE LLC
99381000018596450,6071797,,2024-10-11,INCOK1,,0.00,244.96,88.24,7.28,18.000000,CCM ROTATE WHEEL,IGST18,ItemAmount,true,Duty payment Parking,INV-22229 -1,99381000018596222,2024-10-11,Weighvox International FZE LLC
99381000018596450,6071797,,2024-10-11,INCOK1,,0.00,244.96,26.47,2.18,18.000000,DENOMINATION IR LED CCM,IGST18,ItemAmount,true,Duty payment Parking,INV-22229 -1,99381000018596222,2024-10-11,Weighvox International FZE LLC
99381000018596450,6071797,,2024-10-11,INCOK1,,0.00,244.96,44.12,3.64,18.000000,STACKER SENSOR (IR EMITTER & RECEIVER)CCM,IGST18,ItemAmount,true,Duty payment Parking,INV-22229 -1,99381000018596222,2024-10-11,Weighvox International FZE LLC
99381000018596450,6071797,,2024-10-11,INCOK1,,0.00,244.96,26.47,2.18,18.000000,CCM DISPLAY KEYPAD,IGST18,ItemAmount,true,Duty payment Parking,INV-22229 -1,99381000018596222,2024-10-11,Weighvox International FZE LLC
99381000018596450,6071797,,2024-10-11,INCOK1,,0.00,244.96,26.47,2.18,18.000000,SIDE KEYPAD CCM,IGST18,ItemAmount,true,Duty payment Parking,INV-22229 -1,99381000018596222,2024-10-11,Weighvox International FZE LLC
99381000018596450,6071797,,2024-10-11,INCOK1,,0.00,244.96,26.47,2.18,18.000000,CCM DISPLAY UNIT FRONT,IGST18,ItemAmount,true,Duty payment Parking,INV-22229 -1,99381000018596222,2024-10-11,Weighvox International FZE LLC
99381000018596450,6071797,,2024-10-11,INCOK1,,0.00,244.96,52.94,4.37,18.000000,DC MOTOR CCM,IGST18,ItemAmount,true,Duty payment Parking,INV-22229 -1,99381000018596222,2024-10-11,Weighvox International FZE LLC
99381000018596450,6071797,,2024-10-11,INCOK1,,0.00,244.96,17.65,1.46,18.000000,CCM DISPLAY UNIT FRONT - AL800,IGST18,ItemAmount,true,Duty payment Parking,INV-22229 -1,99381000018596222,2024-10-11,Weighvox International FZE LLC
99381000018596450,6071797,,2024-10-11,INCOK1,,0.00,244.96,8.82,0.73,18.000000,C.M TRANSFORMER CCM  -AL800,IGST18,ItemAmount,true,Duty payment Parking,INV-22229 -1,99381000018596222,2024-10-11,Weighvox International FZE LLC
99381000018596450,6071797,,2024-10-11,INCOK1,,0.00,244.96,17.65,1.46,18.000000,CCM DISPLAY KEYPAD-AL800,IGST18,ItemAmount,true,Duty payment Parking,INV-22229 -1,99381000018596222,2024-10-11,Weighvox International FZE LLC
99381000018596450,6071797,,2024-10-11,INCOK1,,0.00,244.96,17.65,1.46,18.000000,MOTHER BOARD CCM,IGST18,ItemAmount,true,Duty payment Parking,INV-22229 -1,99381000018596222,2024-10-11,Weighvox International FZE LLC
99381000018596450,6071797,,2024-10-11,INCOK1,,0.00,244.96,70.59,5.82,18.000000,MOTHER BOARD CCM-AL800,IGST18,ItemAmount,true,Duty payment Parking,INV-22229 -1,99381000018596222,2024-10-11,Weighvox International FZE LLC
99381000018596450,6071797,,2024-10-11,INCOK1,,0.00,244.96,52.94,4.37,18.000000,AC MOTOR CCM,IGST18,ItemAmount,true,Duty payment Parking,INV-22229 -1,99381000018596222,2024-10-11,Weighvox International FZE LLC
99381000018596450,6071797,,2024-10-11,INCOK1,,0.00,244.96,35.30,2.91,18.000000,UV SENSOR CCM-AL800,IGST18,ItemAmount,true,Duty payment Parking,INV-22229 -1,99381000018596222,2024-10-11,Weighvox International FZE LLC
99381000018596450,6071797,,2024-10-11,INCOK1,,0.00,244.96,61.77,5.10,18.000000,ENCODING SENSOR CCM,IGST18,ItemAmount,true,Duty payment Parking,INV-22229 -1,99381000018596222,2024-10-11,Weighvox International FZE LLC
99381000018596450,6071797,,2024-10-11,INCOK1,,0.00,244.96,52.94,4.37,18.000000,CCM DONGLE,IGST18,ItemAmount,true,Duty payment Parking,INV-22229 -1,99381000018596222,2024-10-11,Weighvox International FZE LLC
99381000018596450,6071797,,2024-10-11,INCOK1,,0.00,244.96,52.94,4.38,18.000000,HOPPER SENSOR CCM,IGST18,ItemAmount,true,Duty payment Parking,INV-22229 -1,99381000018596222,2024-10-11,Weighvox International FZE LLC
99381000018596450,6071797,,2024-10-11,INCOK1,,0.00,244.96,70.59,5.84,18.000000,CCM COUNTING SENSOR,IGST18,ItemAmount,true,Duty payment Parking,INV-22229 -1,99381000018596222,2024-10-11,Weighvox International FZE LLC
99381000018596450,6071797,,2024-10-11,INCOK1,,0.00,244.96,17.65,1.62,18.000000,CCM COUNTING SENSOR -AL800,IGST18,ItemAmount,true,Duty payment Parking,INV-22229 -1,99381000018596222,2024-10-11,Weighvox International FZE LLC
99381000018988893,6974019,,2024-12-01,INCOK1,,0.00,1014932.76,2024210.91,166997.40,18.000000,Bill Printing scale Q8POS,IGST18,ItemAmount,true,Duty payment Parking,YM2410012,99381000018988762,2024-12-01,Qidong Youming Weighing Apparatus Co. Ltd.
99381000018988893,6974019,,2024-12-01,INCOK1,,0.00,1014932.76,2024210.91,166997.40,18.000000,Bill Printing scale Q8POS,IGST18,ItemAmount,true,Duty payment Parking,YM2410012,99381000018988762,2024-12-01,Qidong Youming Weighing Apparatus Co. Ltd.
99381000018988893,6974019,,2024-12-01,INCOK1,,0.00,1014932.76,2024210.91,166997.40,18.000000,Bill Printing scale Q8POS,IGST18,ItemAmount,true,Duty payment Parking,YM2410012,99381000018988762,2024-12-01,Qidong Youming Weighing Apparatus Co. Ltd.
99381000018988893,6974019,,2024-12-01,INCOK1,,0.00,1014932.76,2024210.91,166997.40,18.000000,Bill Printing scale Q8POS,IGST18,ItemAmount,true,Duty payment Parking,YM2410012,99381000018988762,2024-12-01,Qidong Youming Weighing Apparatus Co. Ltd.
99381000018988893,6974019,,2024-12-01,INCOK1,,0.00,1014932.76,158593.31,13083.90,18.000000,Bill Printing scale Q11ECS,IGST18,ItemAmount,true,Duty payment Parking,YM2410012,99381000018988762,2024-12-01,Qidong Youming Weighing Apparatus Co. Ltd.
99381000018988893,6974019,,2024-12-01,INCOK1,,0.00,1014932.76,158593.31,13083.90,18.000000,Bill Printing scale Q11ECS,IGST18,ItemAmount,true,Duty payment Parking,YM2410012,99381000018988762,2024-12-01,Qidong Youming Weighing Apparatus Co. Ltd.
99381000018988893,6974019,,2024-12-01,INCOK1,,0.00,1014932.76,158593.31,13083.90,18.000000,Bill Printing scale Q11ECS,IGST18,ItemAmount,true,Duty payment Parking,YM2410012,99381000018988762,2024-12-01,Qidong Youming Weighing Apparatus Co. Ltd.
99381000018988893,6974019,,2024-12-01,INCOK1,,0.00,1014932.76,158593.31,13083.90,18.000000,Bill Printing scale Q11ECS,IGST18,ItemAmount,true,Duty payment Parking,YM2410012,99381000018988762,2024-12-01,Qidong Youming Weighing Apparatus Co. Ltd.
99381000018988893,6974019,,2024-12-01,INCOK1,,0.00,1014932.76,666001.53,54945.10,18.000000,Label Printing Scale Q9LBL,IGST18,ItemAmount,true,Duty payment Parking,YM2410012,99381000018988762,2024-12-01,Qidong Youming Weighing Apparatus Co. Ltd.
99381000018988893,6974019,,2024-12-01,INCOK1,,0.00,1014932.76,666001.53,54945.10,18.000000,Label Printing Scale Q9LBL,IGST18,ItemAmount,true,Duty payment Parking,YM2410012,99381000018988762,2024-12-01,Qidong Youming Weighing Apparatus Co. Ltd.
99381000018988893,6974019,,2024-12-01,INCOK1,,0.00,1014932.76,666001.53,54945.10,18.000000,Label Printing Scale Q9LBL,IGST18,ItemAmount,true,Duty payment Parking,YM2410012,99381000018988762,2024-12-01,Qidong Youming Weighing Apparatus Co. Ltd.
99381000018988893,6974019,,2024-12-01,INCOK1,,0.00,1014932.76,666001.53,54945.10,18.000000,Label Printing Scale Q9LBL,IGST18,ItemAmount,true,Duty payment Parking,YM2410012,99381000018988762,2024-12-01,Qidong Youming Weighing Apparatus Co. Ltd.
99381000018988893,6974019,,2024-12-01,INCOK1,,0.00,1014932.76,262063.02,21620.20,18.000000,LABEL PRINTING SCALE Q10,IGST18,ItemAmount,true,Duty payment Parking,YM2410012,99381000018988762,2024-12-01,Qidong Youming Weighing Apparatus Co. Ltd.
99381000018988893,6974019,,2024-12-01,INCOK1,,0.00,1014932.76,262063.02,21620.20,18.000000,LABEL PRINTING SCALE Q10,IGST18,ItemAmount,true,Duty payment Parking,YM2410012,99381000018988762,2024-12-01,Qidong Youming Weighing Apparatus Co. Ltd.
99381000018988893,6974019,,2024-12-01,INCOK1,,0.00,1014932.76,262063.02,21620.20,18.000000,LABEL PRINTING SCALE Q10,IGST18,ItemAmount,true,Duty payment Parking,YM2410012,99381000018988762,2024-12-01,Qidong Youming Weighing Apparatus Co. Ltd.
99381000018988893,6974019,,2024-12-01,INCOK1,,0.00,1014932.76,262063.02,21620.20,18.000000,LABEL PRINTING SCALE Q10,IGST18,ItemAmount,true,Duty payment Parking,YM2410012,99381000018988762,2024-12-01,Qidong Youming Weighing Apparatus Co. Ltd.
99381000018988893,6974019,,2024-12-01,INCOK1,,0.00,1014932.76,390383.55,32206.70,18.000000,PALLET SCALE,IGST18,ItemAmount,true,Duty payment Parking,YM2410012,99381000018988762,2024-12-01,Qidong Youming Weighing Apparatus Co. Ltd.
99381000018988893,6974019,,2024-12-01,INCOK1,,0.00,1014932.76,390383.55,32206.70,18.000000,PALLET SCALE,IGST18,ItemAmount,true,Duty payment Parking,YM2410012,99381000018988762,2024-12-01,Qidong Youming Weighing Apparatus Co. Ltd.
99381000018988893,6974019,,2024-12-01,INCOK1,,0.00,1014932.76,390383.55,32206.70,18.000000,PALLET SCALE,IGST18,ItemAmount,true,Duty payment Parking,YM2410012,99381000018988762,2024-12-01,Qidong Youming Weighing Apparatus Co. Ltd.
99381000018988893,6974019,,2024-12-01,INCOK1,,0.00,1014932.76,390383.55,32206.70,18.000000,PALLET SCALE,IGST18,ItemAmount,true,Duty payment Parking,YM2410012,99381000018988762,2024-12-01,Qidong Youming Weighing Apparatus Co. Ltd.
99381000018988893,6974019,,2024-12-01,INCOK1,,0.00,1014932.76,81329.92,6709.70,18.000000,Floor Scale 1mx1m,IGST18,ItemAmount,true,Duty payment Parking,YM2410012,99381000018988762,2024-12-01,Qidong Youming Weighing Apparatus Co. Ltd.
99381000018988893,6974019,,2024-12-01,INCOK1,,0.00,1014932.76,81329.92,6709.70,18.000000,Floor Scale 1mx1m,IGST18,ItemAmount,true,Duty payment Parking,YM2410012,99381000018988762,2024-12-01,Qidong Youming Weighing Apparatus Co. Ltd.
99381000018988893,6974019,,2024-12-01,INCOK1,,0.00,1014932.76,81329.92,6709.70,18.000000,Floor Scale 1mx1m,IGST18,ItemAmount,true,Duty payment Parking,YM2410012,99381000018988762,2024-12-01,Qidong Youming Weighing Apparatus Co. Ltd.
99381000018988893,6974019,,2024-12-01,INCOK1,,0.00,1014932.76,81329.92,6709.70,18.000000,Floor Scale 1mx1m,IGST18,ItemAmount,true,Duty payment Parking,YM2410012,99381000018988762,2024-12-01,Qidong Youming Weighing Apparatus Co. Ltd.
99381000018988893,6974019,,2024-12-01,INCOK1,,0.00,1014932.76,63256.57,5218.60,18.000000,Floor Scale 1.5mx1.5m,IGST18,ItemAmount,true,Duty payment Parking,YM2410012,99381000018988762,2024-12-01,Qidong Youming Weighing Apparatus Co. Ltd.
99381000018988893,6974019,,2024-12-01,INCOK1,,0.00,1014932.76,63256.57,5218.60,18.000000,Floor Scale 1.5mx1.5m,IGST18,ItemAmount,true,Duty payment Parking,YM2410012,99381000018988762,2024-12-01,Qidong Youming Weighing Apparatus Co. Ltd.
99381000018988893,6974019,,2024-12-01,INCOK1,,0.00,1014932.76,63256.57,5218.60,18.000000,Floor Scale 1.5mx1.5m,IGST18,ItemAmount,true,Duty payment Parking,YM2410012,99381000018988762,2024-12-01,Qidong Youming Weighing Apparatus Co. Ltd.
99381000018988893,6974019,,2024-12-01,INCOK1,,0.00,1014932.76,63256.57,5218.60,18.000000,Floor Scale 1.5mx1.5m,IGST18,ItemAmount,true,Duty payment Parking,YM2410012,99381000018988762,2024-12-01,Qidong Youming Weighing Apparatus Co. Ltd.
99381000018988893,6974019,,2024-12-01,INCOK1,,0.00,1014932.76,13554.98,1118.30,18.000000,Floor Scale Indicator (A5),IGST18,ItemAmount,true,Duty payment Parking,YM2410012,99381000018988762,2024-12-01,Qidong Youming Weighing Apparatus Co. Ltd.
99381000018988893,6974019,,2024-12-01,INCOK1,,0.00,1014932.76,13554.98,1118.30,18.000000,Floor Scale Indicator (A5),IGST18,ItemAmount,true,Duty payment Parking,YM2410012,99381000018988762,2024-12-01,Qidong Youming Weighing Apparatus Co. Ltd.
99381000018988893,6974019,,2024-12-01,INCOK1,,0.00,1014932.76,13554.98,1118.30,18.000000,Floor Scale Indicator (A5),IGST18,ItemAmount,true,Duty payment Parking,YM2410012,99381000018988762,2024-12-01,Qidong Youming Weighing Apparatus Co. Ltd.
99381000018988893,6974019,,2024-12-01,INCOK1,,0.00,1014932.76,13554.98,1118.30,18.000000,Floor Scale Indicator (A5),IGST18,ItemAmount,true,Duty payment Parking,YM2410012,99381000018988762,2024-12-01,Qidong Youming Weighing Apparatus Co. Ltd.
99381000019248837,6974023,,2024-12-01,INCOK1,,0.00,861372.96,390166.48,32188.70,18.000000,TABLE TOP SCALE PC (RED-AD),IGST18,ItemAmount,true,Duty payment Parking,YKSP240860,99381000019013583,2024-12-01,ZHEJIANG SIFANG IMPORT & EXPORT CO LTD- AD
99381000019248837,6974023,,2024-12-01,INCOK1,,0.00,861372.96,390166.48,32188.70,18.000000,TABLE TOP SCALE PC (RED-AD),IGST18,ItemAmount,true,Duty payment Parking,YKSP240860,99381000019013583,2024-12-01,ZHEJIANG SIFANG IMPORT & EXPORT CO LTD- AD
99381000019248837,6974023,,2024-12-01,INCOK1,,0.00,861372.96,390166.48,32188.70,18.000000,TABLE TOP SCALE PC (RED-AD),IGST18,ItemAmount,true,Duty payment Parking,YKSP240860,99381000019013583,2024-12-01,ZHEJIANG SIFANG IMPORT & EXPORT CO LTD- AD
99381000019248837,6974023,,2024-12-01,INCOK1,,0.00,861372.96,390166.48,32188.70,18.000000,TABLE TOP SCALE PC (RED-AD),IGST18,ItemAmount,true,Duty payment Parking,YKSP240860,99381000019013583,2024-12-01,ZHEJIANG SIFANG IMPORT & EXPORT CO LTD- AD
99381000019248837,6974023,,2024-12-01,INCOK1,,0.00,861372.96,1114761.37,91967.80,18.000000,PLATFORM SCALE -BENCH (FG-AD1),IGST18,ItemAmount,true,Duty payment Parking,YKSP240860,99381000019013583,2024-12-01,ZHEJIANG SIFANG IMPORT & EXPORT CO LTD- AD
99381000019248837,6974023,,2024-12-01,INCOK1,,0.00,861372.96,1114761.37,91967.80,18.000000,PLATFORM SCALE -BENCH (FG-AD1),IGST18,ItemAmount,true,Duty payment Parking,YKSP240860,99381000019013583,2024-12-01,ZHEJIANG SIFANG IMPORT & EXPORT CO LTD- AD
99381000019248837,6974023,,2024-12-01,INCOK1,,0.00,861372.96,1114761.37,91967.80,18.000000,PLATFORM SCALE -BENCH (FG-AD1),IGST18,ItemAmount,true,Duty payment Parking,YKSP240860,99381000019013583,2024-12-01,ZHEJIANG SIFANG IMPORT & EXPORT CO LTD- AD
99381000019248837,6974023,,2024-12-01,INCOK1,,0.00,861372.96,1114761.37,91967.80,18.000000,PLATFORM SCALE -BENCH (FG-AD1),IGST18,ItemAmount,true,Duty payment Parking,YKSP240860,99381000019013583,2024-12-01,ZHEJIANG SIFANG IMPORT & EXPORT CO LTD- AD
99381000019248837,6974023,,2024-12-01,INCOK1,,0.00,861372.96,557380.69,45984.00,18.000000,PLATFORM SCALE -BENCH (GG-AD1),IGST18,ItemAmount,true,Duty payment Parking,YKSP240860,99381000019013583,2024-12-01,ZHEJIANG SIFANG IMPORT & EXPORT CO LTD- AD
99381000019248837,6974023,,2024-12-01,INCOK1,,0.00,861372.96,557380.69,45984.00,18.000000,PLATFORM SCALE -BENCH (GG-AD1),IGST18,ItemAmount,true,Duty payment Parking,YKSP240860,99381000019013583,2024-12-01,ZHEJIANG SIFANG IMPORT & EXPORT CO LTD- AD
99381000019248837,6974023,,2024-12-01,INCOK1,,0.00,861372.96,557380.69,45984.00,18.000000,PLATFORM SCALE -BENCH (GG-AD1),IGST18,ItemAmount,true,Duty payment Parking,YKSP240860,99381000019013583,2024-12-01,ZHEJIANG SIFANG IMPORT & EXPORT CO LTD- AD
99381000019248837,6974023,,2024-12-01,INCOK1,,0.00,861372.96,557380.69,45984.00,18.000000,PLATFORM SCALE -BENCH (GG-AD1),IGST18,ItemAmount,true,Duty payment Parking,YKSP240860,99381000019013583,2024-12-01,ZHEJIANG SIFANG IMPORT & EXPORT CO LTD- AD
99381000019248837,6974023,,2024-12-01,INCOK1,,0.00,861372.96,297269.70,24524.70,18.000000,Platform Scale Full SS -50AD,IGST18,ItemAmount,true,Duty payment Parking,YKSP240860,99381000019013583,2024-12-01,ZHEJIANG SIFANG IMPORT & EXPORT CO LTD- AD
99381000019248837,6974023,,2024-12-01,INCOK1,,0.00,861372.96,297269.70,24524.70,18.000000,Platform Scale Full SS -50AD,IGST18,ItemAmount,true,Duty payment Parking,YKSP240860,99381000019013583,2024-12-01,ZHEJIANG SIFANG IMPORT & EXPORT CO LTD- AD
99381000019248837,6974023,,2024-12-01,INCOK1,,0.00,861372.96,297269.70,24524.70,18.000000,Platform Scale Full SS -50AD,IGST18,ItemAmount,true,Duty payment Parking,YKSP240860,99381000019013583,2024-12-01,ZHEJIANG SIFANG IMPORT & EXPORT CO LTD- AD
99381000019248837,6974023,,2024-12-01,INCOK1,,0.00,861372.96,297269.70,24524.70,18.000000,Platform Scale Full SS -50AD,IGST18,ItemAmount,true,Duty payment Parking,YKSP240860,99381000019013583,2024-12-01,ZHEJIANG SIFANG IMPORT & EXPORT CO LTD- AD
99381000019248837,6974023,,2024-12-01,INCOK1,,0.00,861372.96,156066.59,12875.50,18.000000,Price Computing scale -W,IGST18,ItemAmount,true,Duty payment Parking,YKSP240860,99381000019013583,2024-12-01,ZHEJIANG SIFANG IMPORT & EXPORT CO LTD- AD
99381000019248837,6974023,,2024-12-01,INCOK1,,0.00,861372.96,156066.59,12875.50,18.000000,Price Computing scale -W,IGST18,ItemAmount,true,Duty payment Parking,YKSP240860,99381000019013583,2024-12-01,ZHEJIANG SIFANG IMPORT & EXPORT CO LTD- AD
99381000019248837,6974023,,2024-12-01,INCOK1,,0.00,861372.96,156066.59,12875.50,18.000000,Price Computing scale -W,IGST18,ItemAmount,true,Duty payment Parking,YKSP240860,99381000019013583,2024-12-01,ZHEJIANG SIFANG IMPORT & EXPORT CO LTD- AD
99381000019248837,6974023,,2024-12-01,INCOK1,,0.00,861372.96,156066.59,12875.50,18.000000,Price Computing scale -W,IGST18,ItemAmount,true,Duty payment Parking,YKSP240860,99381000019013583,2024-12-01,ZHEJIANG SIFANG IMPORT & EXPORT CO LTD- AD
99381000019248837,6974023,,2024-12-01,INCOK1,,0.00,861372.96,238744.73,19696.50,18.000000,Platform Weighing Scale 400x500 MS (AD),IGST18,ItemAmount,true,Duty payment Parking,YKSP240860,99381000019013583,2024-12-01,ZHEJIANG SIFANG IMPORT & EXPORT CO LTD- AD
99381000019248837,6974023,,2024-12-01,INCOK1,,0.00,861372.96,238744.73,19696.50,18.000000,Platform Weighing Scale 400x500 MS (AD),IGST18,ItemAmount,true,Duty payment Parking,YKSP240860,99381000019013583,2024-12-01,ZHEJIANG SIFANG IMPORT & EXPORT CO LTD- AD
99381000019248837,6974023,,2024-12-01,INCOK1,,0.00,861372.96,238744.73,19696.50,18.000000,Platform Weighing Scale 400x500 MS (AD),IGST18,ItemAmount,true,Duty payment Parking,YKSP240860,99381000019013583,2024-12-01,ZHEJIANG SIFANG IMPORT & EXPORT CO LTD- AD
99381000019248837,6974023,,2024-12-01,INCOK1,,0.00,861372.96,238744.73,19696.50,18.000000,Platform Weighing Scale 400x500 MS (AD),IGST18,ItemAmount,true,Duty payment Parking,YKSP240860,99381000019013583,2024-12-01,ZHEJIANG SIFANG IMPORT & EXPORT CO LTD- AD
99381000019248837,6974023,,2024-12-01,INCOK1,,0.00,861372.96,165542.06,13657.30,18.000000,Platform Weighing Scale 450x600 MS (AD),IGST18,ItemAmount,true,Duty payment Parking,YKSP240860,99381000019013583,2024-12-01,ZHEJIANG SIFANG IMPORT & EXPORT CO LTD- AD
99381000019248837,6974023,,2024-12-01,INCOK1,,0.00,861372.96,165542.06,13657.30,18.000000,Platform Weighing Scale 450x600 MS (AD),IGST18,ItemAmount,true,Duty payment Parking,YKSP240860,99381000019013583,2024-12-01,ZHEJIANG SIFANG IMPORT & EXPORT CO LTD- AD
99381000019248837,6974023,,2024-12-01,INCOK1,,0.00,861372.96,165542.06,13657.30,18.000000,Platform Weighing Scale 450x600 MS (AD),IGST18,ItemAmount,true,Duty payment Parking,YKSP240860,99381000019013583,2024-12-01,ZHEJIANG SIFANG IMPORT & EXPORT CO LTD- AD
99381000019248837,6974023,,2024-12-01,INCOK1,,0.00,861372.96,165542.06,13657.30,18.000000,Platform Weighing Scale 450x600 MS (AD),IGST18,ItemAmount,true,Duty payment Parking,YKSP240860,99381000019013583,2024-12-01,ZHEJIANG SIFANG IMPORT & EXPORT CO LTD- AD
99381000019248837,6974023,,2024-12-01,INCOK1,,0.00,861372.96,104044.39,8583.60,18.000000,TABLE TOP SCALE PC (RED-AD-629S),IGST18,ItemAmount,true,Duty payment Parking,YKSP240860,99381000019013583,2024-12-01,ZHEJIANG SIFANG IMPORT & EXPORT CO LTD- AD
99381000019248837,6974023,,2024-12-01,INCOK1,,0.00,861372.96,104044.39,8583.60,18.000000,TABLE TOP SCALE PC (RED-AD-629S),IGST18,ItemAmount,true,Duty payment Parking,YKSP240860,99381000019013583,2024-12-01,ZHEJIANG SIFANG IMPORT & EXPORT CO LTD- AD
99381000019248837,6974023,,2024-12-01,INCOK1,,0.00,861372.96,104044.39,8583.60,18.000000,TABLE TOP SCALE PC (RED-AD-629S),IGST18,ItemAmount,true,Duty payment Parking,YKSP240860,99381000019013583,2024-12-01,ZHEJIANG SIFANG IMPORT & EXPORT CO LTD- AD
99381000019248837,6974023,,2024-12-01,INCOK1,,0.00,861372.96,104044.39,8583.60,18.000000,TABLE TOP SCALE PC (RED-AD-629S),IGST18,ItemAmount,true,Duty payment Parking,YKSP240860,99381000019013583,2024-12-01,ZHEJIANG SIFANG IMPORT & EXPORT CO LTD- AD
99381000019248837,6974023,,2024-12-01,INCOK1,,0.00,861372.96,81749.16,6744.30,18.000000,Indicator-618,IGST18,ItemAmount,true,Duty payment Parking,YKSP240860,99381000019013583,2024-12-01,ZHEJIANG SIFANG IMPORT & EXPORT CO LTD- AD
99381000019248837,6974023,,2024-12-01,INCOK1,,0.00,861372.96,81749.16,6744.30,18.000000,Indicator-618,IGST18,ItemAmount,true,Duty payment Parking,YKSP240860,99381000019013583,2024-12-01,ZHEJIANG SIFANG IMPORT & EXPORT CO LTD- AD
99381000019248837,6974023,,2024-12-01,INCOK1,,0.00,861372.96,81749.16,6744.30,18.000000,Indicator-618,IGST18,ItemAmount,true,Duty payment Parking,YKSP240860,99381000019013583,2024-12-01,ZHEJIANG SIFANG IMPORT & EXPORT CO LTD- AD
99381000019248837,6974023,,2024-12-01,INCOK1,,0.00,861372.96,81749.16,6744.30,18.000000,Indicator-618,IGST18,ItemAmount,true,Duty payment Parking,YKSP240860,99381000019013583,2024-12-01,ZHEJIANG SIFANG IMPORT & EXPORT CO LTD- AD
99381000019918808,6974019,,2024-12-01,INCOK1,,0.00,66142.29,10166.24,838.72,18.000000,ECS5W SMPS 7V,IGST18,ItemAmount,true,Duty payment Parking,YM2410012-1,99381000019918572,2024-12-01,Qidong Youming Weighing Apparatus Co. Ltd.
99381000019918808,6974019,,2024-12-01,INCOK1,,0.00,66142.29,90.37,7.46,18.000000,ECS5W POWER SUPPLY BOARD,IGST18,ItemAmount,true,Duty payment Parking,YM2410012-1,99381000019918572,2024-12-01,Qidong Youming Weighing Apparatus Co. Ltd.
99381000019918808,6974019,,2024-12-01,INCOK1,,0.00,66142.29,39309.45,3243.03,18.000000,ECS5W PRINTER,IGST18,ItemAmount,true,Duty payment Parking,YM2410012-1,99381000019918572,2024-12-01,Qidong Youming Weighing Apparatus Co. Ltd.
99381000019918808,6974019,,2024-12-01,INCOK1,,0.00,66142.29,90.37,7.46,18.000000,ECS5W INTERFACE BOARD,IGST18,ItemAmount,true,Duty payment Parking,YM2410012-1,99381000019918572,2024-12-01,Qidong Youming Weighing Apparatus Co. Ltd.
99381000019918808,6974019,,2024-12-01,INCOK1,,0.00,66142.29,144.59,11.93,18.000000,ECS5W / 4W/Q10 KEYBOARD,IGST18,ItemAmount,true,Duty payment Parking,YM2410012-1,99381000019918572,2024-12-01,Qidong Youming Weighing Apparatus Co. Ltd.
99381000019918808,6974019,,2024-12-01,INCOK1,,0.00,66142.29,72.29,5.96,18.000000,ECS5W PRINTER CASE,IGST18,ItemAmount,true,Duty payment Parking,YM2410012-1,99381000019918572,2024-12-01,Qidong Youming Weighing Apparatus Co. Ltd.
99381000019918808,6974019,,2024-12-01,INCOK1,,0.00,66142.29,7952.26,656.06,18.000000,Q8/Q9 LABEL SMPS 20V,IGST18,ItemAmount,true,Duty payment Parking,YM2410012-1,99381000019918572,2024-12-01,Qidong Youming Weighing Apparatus Co. Ltd.
99381000019918808,6974019,,2024-12-01,INCOK1,,0.00,66142.29,7229.33,596.42,18.000000,ECS INDICATOR / ECS 4W DISPLAY  FRONT,IGST18,ItemAmount,true,Duty payment Parking,YM2410012-1,99381000019918572,2024-12-01,Qidong Youming Weighing Apparatus Co. Ltd.
99381000019918808,6974019,,2024-12-01,INCOK1,,0.00,66142.29,90.37,7.46,18.000000,ECS4W DISPLAY STICKER BACK,IGST18,ItemAmount,true,Duty payment Parking,YM2410012-1,99381000019918572,2024-12-01,Qidong Youming Weighing Apparatus Co. Ltd.
99381000019918808,6974019,,2024-12-01,INCOK1,,0.00,66142.29,45.18,3.73,18.000000,ECS4W KEYBOARD STICKER,IGST18,ItemAmount,true,Duty payment Parking,YM2410012-1,99381000019918572,2024-12-01,Qidong Youming Weighing Apparatus Co. Ltd.
99381000019918808,6974019,,2024-12-01,INCOK1,,0.00,66142.29,72.29,5.96,18.000000,Q8LBL LABEL GAP SENSOR,IGST18,ItemAmount,true,Duty payment Parking,YM2410012-1,99381000019918572,2024-12-01,Qidong Youming Weighing Apparatus Co. Ltd.
99381000019918808,6974019,,2024-12-01,INCOK1,,0.00,66142.29,29278.77,2415.50,18.000000,Q9LBL PRINT HEAD,IGST18,ItemAmount,true,Duty payment Parking,YM2410012-1,99381000019918572,2024-12-01,Qidong Youming Weighing Apparatus Co. Ltd.
99381000019918808,6974019,,2024-12-01,INCOK1,,0.00,66142.29,45544.75,3757.45,18.000000,ECS5W PRINTER ROLLER WITH HEAD,IGST18,ItemAmount,true,Duty payment Parking,YM2410012-1,99381000019918572,2024-12-01,Qidong Youming Weighing Apparatus Co. Ltd.
99381000019918808,6974019,,2024-12-01,INCOK1,,0.00,66142.29,13012.79,1073.56,18.000000,ECR Main board with WIFI,IGST18,ItemAmount,true,Duty payment Parking,YM2410012-1,99381000019918572,2024-12-01,Qidong Youming Weighing Apparatus Co. Ltd.
99381000019918808,6974019,,2024-12-01,INCOK1,,0.00,66142.29,5421.99,447.33,18.000000,ECR Display set Front,IGST18,ItemAmount,true,Duty payment Parking,YM2410012-1,99381000019918572,2024-12-01,Qidong Youming Weighing Apparatus Co. Ltd.
99381000019918808,6974019,,2024-12-01,INCOK1,,0.00,66142.29,2259.16,186.38,18.000000,U9/U1O 53R/50,IGST18,ItemAmount,true,Duty payment Parking,YM2410012-1,99381000019918572,2024-12-01,Qidong Youming Weighing Apparatus Co. Ltd.
99381000019918808,6974019,,2024-12-01,INCOK1,,0.00,66142.29,27109.97,2236.58,18.000000,U4 8720 CHIP,IGST18,ItemAmount,true,Duty payment Parking,YM2410012-1,99381000019918572,2024-12-01,Qidong Youming Weighing Apparatus Co. Ltd.
99381000019918808,6974019,,2024-12-01,INCOK1,,0.00,66142.29,50587.20,4173.89,18.000000,Spare Parts,IGST18,ItemAmount,true,Duty payment Parking,YM2410012-1,99381000019918572,2024-12-01,Qidong Youming Weighing Apparatus Co. Ltd.
99381000020112329,7884399,,2025-01-20,INCOK1,,0.00,472604.00,1703995.22,140580.39,18.000000,PLATFORM SCALE-BENCH(GREEN-O),IGST18,ItemAmount,true,Duty payment Parking,YS20241022IN,99381000020106239,2025-01-20,Zhejiang Sifang Import and Export Co. Ltd
99381000020112329,7884399,,2025-01-20,INCOK1,,0.00,472604.00,1703995.22,140580.39,18.000000,PLATFORM SCALE-BENCH(GREEN-O),IGST18,ItemAmount,true,Duty payment Parking,YS20241022IN,99381000020106239,2025-01-20,Zhejiang Sifang Import and Export Co. Ltd
99381000020112329,7884399,,2025-01-20,INCOK1,,0.00,472604.00,1703995.22,140580.39,18.000000,PLATFORM SCALE-BENCH(GREEN-O),IGST18,ItemAmount,true,Duty payment Parking,YS20241022IN,99381000020106239,2025-01-20,Zhejiang Sifang Import and Export Co. Ltd
99381000020112329,7884399,,2025-01-20,INCOK1,,0.00,472604.00,1703995.22,140580.39,18.000000,PLATFORM SCALE-BENCH(GREEN-O),IGST18,ItemAmount,true,Duty payment Parking,YS20241022IN,99381000020106239,2025-01-20,Zhejiang Sifang Import and Export Co. Ltd
99381000020339309,8026140,,2025-01-27,INCOK1,,0.00,801311.38,228920.69,18886.00,18.000000,PRICE COMPUTING SCALE (DUAL-AD-ECONOMY),IGST18,ItemAmount,true,Duty payment Parking,YKSP240861,99381000020339072,2025-01-27,ZHEJIANG SIFANG IMPORT & EXPORT CO LTD- AD
99381000020339309,8026140,,2025-01-27,INCOK1,,0.00,801311.38,228920.69,18886.00,18.000000,PRICE COMPUTING SCALE (DUAL-AD-ECONOMY),IGST18,ItemAmount,true,Duty payment Parking,YKSP240861,99381000020339072,2025-01-27,ZHEJIANG SIFANG IMPORT & EXPORT CO LTD- AD
99381000020339309,8026140,,2025-01-27,INCOK1,,0.00,801311.38,228920.69,18886.00,18.000000,PRICE COMPUTING SCALE (DUAL-AD-ECONOMY),IGST18,ItemAmount,true,Duty payment Parking,YKSP240861,99381000020339072,2025-01-27,ZHEJIANG SIFANG IMPORT & EXPORT CO LTD- AD
99381000020339309,8026140,,2025-01-27,INCOK1,,0.00,801311.38,228920.69,18886.00,18.000000,PRICE COMPUTING SCALE (DUAL-AD-ECONOMY),IGST18,ItemAmount,true,Duty payment Parking,YKSP240861,99381000020339072,2025-01-27,ZHEJIANG SIFANG IMPORT & EXPORT CO LTD- AD
99381000020339309,8026140,,2025-01-27,INCOK1,,0.00,801311.38,427318.63,35253.80,18.000000,TABLE TOP SCALE PC (RED-AD),IGST18,ItemAmount,true,Duty payment Parking,YKSP240861,99381000020339072,2025-01-27,ZHEJIANG SIFANG IMPORT & EXPORT CO LTD- AD
99381000020339309,8026140,,2025-01-27,INCOK1,,0.00,801311.38,427318.63,35253.80,18.000000,TABLE TOP SCALE PC (RED-AD),IGST18,ItemAmount,true,Duty payment Parking,YKSP240861,99381000020339072,2025-01-27,ZHEJIANG SIFANG IMPORT & EXPORT CO LTD- AD
99381000020339309,8026140,,2025-01-27,INCOK1,,0.00,801311.38,427318.63,35253.80,18.000000,TABLE TOP SCALE PC (RED-AD),IGST18,ItemAmount,true,Duty payment Parking,YKSP240861,99381000020339072,2025-01-27,ZHEJIANG SIFANG IMPORT & EXPORT CO LTD- AD
99381000020339309,8026140,,2025-01-27,INCOK1,,0.00,801311.38,427318.63,35253.80,18.000000,TABLE TOP SCALE PC (RED-AD),IGST18,ItemAmount,true,Duty payment Parking,YKSP240861,99381000020339072,2025-01-27,ZHEJIANG SIFANG IMPORT & EXPORT CO LTD- AD
99381000020339309,8026140,,2025-01-27,INCOK1,,0.00,801311.38,1144603.47,94429.80,18.000000,PLATFORM SCALE -BENCH (FG-AD1),IGST18,ItemAmount,true,Duty payment Parking,YKSP240861,99381000020339072,2025-01-27,ZHEJIANG SIFANG IMPORT & EXPORT CO LTD- AD
99381000020339309,8026140,,2025-01-27,INCOK1,,0.00,801311.38,1144603.47,94429.80,18.000000,PLATFORM SCALE -BENCH (FG-AD1),IGST18,ItemAmount,true,Duty payment Parking,YKSP240861,99381000020339072,2025-01-27,ZHEJIANG SIFANG IMPORT & EXPORT CO LTD- AD
99381000020339309,8026140,,2025-01-27,INCOK1,,0.00,801311.38,1144603.47,94429.80,18.000000,PLATFORM SCALE -BENCH (FG-AD1),IGST18,ItemAmount,true,Duty payment Parking,YKSP240861,99381000020339072,2025-01-27,ZHEJIANG SIFANG IMPORT & EXPORT CO LTD- AD
99381000020339309,8026140,,2025-01-27,INCOK1,,0.00,801311.38,1144603.47,94429.80,18.000000,PLATFORM SCALE -BENCH (FG-AD1),IGST18,ItemAmount,true,Duty payment Parking,YKSP240861,99381000020339072,2025-01-27,ZHEJIANG SIFANG IMPORT & EXPORT CO LTD- AD
99381000020339309,8026140,,2025-01-27,INCOK1,,0.00,801311.38,572301.74,47214.90,18.000000,PLATFORM SCALE -BENCH (GG-AD1),IGST18,ItemAmount,true,Duty payment Parking,YKSP240861,99381000020339072,2025-01-27,ZHEJIANG SIFANG IMPORT & EXPORT CO LTD- AD
99381000020339309,8026140,,2025-01-27,INCOK1,,0.00,801311.38,572301.74,47214.90,18.000000,PLATFORM SCALE -BENCH (GG-AD1),IGST18,ItemAmount,true,Duty payment Parking,YKSP240861,99381000020339072,2025-01-27,ZHEJIANG SIFANG IMPORT & EXPORT CO LTD- AD
99381000020339309,8026140,,2025-01-27,INCOK1,,0.00,801311.38,572301.74,47214.90,18.000000,PLATFORM SCALE -BENCH (GG-AD1),IGST18,ItemAmount,true,Duty payment Parking,YKSP240861,99381000020339072,2025-01-27,ZHEJIANG SIFANG IMPORT & EXPORT CO LTD- AD
99381000020339309,8026140,,2025-01-27,INCOK1,,0.00,801311.38,572301.74,47214.90,18.000000,PLATFORM SCALE -BENCH (GG-AD1),IGST18,ItemAmount,true,Duty payment Parking,YKSP240861,99381000020339072,2025-01-27,ZHEJIANG SIFANG IMPORT & EXPORT CO LTD- AD
99381000020339309,8026140,,2025-01-27,INCOK1,,0.00,801311.38,209843.97,17312.10,18.000000,PLATFORM SCALE -BENCH (RED-AD1),IGST18,ItemAmount,true,Duty payment Parking,YKSP240861,99381000020339072,2025-01-27,ZHEJIANG SIFANG IMPORT & EXPORT CO LTD- AD
99381000020339309,8026140,,2025-01-27,INCOK1,,0.00,801311.38,209843.97,17312.10,18.000000,PLATFORM SCALE -BENCH (RED-AD1),IGST18,ItemAmount,true,Duty payment Parking,YKSP240861,99381000020339072,2025-01-27,ZHEJIANG SIFANG IMPORT & EXPORT CO LTD- AD
99381000020339309,8026140,,2025-01-27,INCOK1,,0.00,801311.38,209843.97,17312.10,18.000000,PLATFORM SCALE -BENCH (RED-AD1),IGST18,ItemAmount,true,Duty payment Parking,YKSP240861,99381000020339072,2025-01-27,ZHEJIANG SIFANG IMPORT & EXPORT CO LTD- AD
99381000020339309,8026140,,2025-01-27,INCOK1,,0.00,801311.38,209843.97,17312.10,18.000000,PLATFORM SCALE -BENCH (RED-AD1),IGST18,ItemAmount,true,Duty payment Parking,YKSP240861,99381000020339072,2025-01-27,ZHEJIANG SIFANG IMPORT & EXPORT CO LTD- AD
99381000020339309,8026140,,2025-01-27,INCOK1,,0.00,801311.38,306181.43,25260.00,18.000000,Platform Scale Full SS -50AD,IGST18,ItemAmount,true,Duty payment Parking,YKSP240861,99381000020339072,2025-01-27,ZHEJIANG SIFANG IMPORT & EXPORT CO LTD- AD
99381000020339309,8026140,,2025-01-27,INCOK1,,0.00,801311.38,306181.43,25260.00,18.000000,Platform Scale Full SS -50AD,IGST18,ItemAmount,true,Duty payment Parking,YKSP240861,99381000020339072,2025-01-27,ZHEJIANG SIFANG IMPORT & EXPORT CO LTD- AD
99381000020339309,8026140,,2025-01-27,INCOK1,,0.00,801311.38,306181.43,25260.00,18.000000,Platform Scale Full SS -50AD,IGST18,ItemAmount,true,Duty payment Parking,YKSP240861,99381000020339072,2025-01-27,ZHEJIANG SIFANG IMPORT & EXPORT CO LTD- AD
99381000020339309,8026140,,2025-01-27,INCOK1,,0.00,801311.38,306181.43,25260.00,18.000000,Platform Scale Full SS -50AD,IGST18,ItemAmount,true,Duty payment Parking,YKSP240861,99381000020339072,2025-01-27,ZHEJIANG SIFANG IMPORT & EXPORT CO LTD- AD
99381000020450844,8026140,,2025-01-27,INCOK1,,0.00,18941.62,4769.18,393.46,18.000000,BY Display Bench Front and Back (Green LED),IGST18,ItemAmount,true,Duty payment Parking,YKSP240861-1,99381000020450583,2025-01-27,ZHEJIANG SIFANG IMPORT & EXPORT CO LTD- AD
99381000020450844,8026140,,2025-01-27,INCOK1,,0.00,18941.62,0.00,0.00,18.000000,BY Display Bench Front and Back (Green LED),IGST18,ItemAmount,true,Duty payment Parking,YKSP240861-1,99381000020450583,2025-01-27,ZHEJIANG SIFANG IMPORT & EXPORT CO LTD- AD
99381000020450844,8026140,,2025-01-27,INCOK1,,0.00,18941.62,15261.38,1259.06,18.000000,BY Motherboard Bench & ATMPCP,IGST18,ItemAmount,true,Duty payment Parking,YKSP240861-1,99381000020450583,2025-01-27,ZHEJIANG SIFANG IMPORT & EXPORT CO LTD- AD
99381000020450844,8026140,,2025-01-27,INCOK1,,0.00,18941.62,0.00,0.00,18.000000,BY Motherboard Bench & ATMPCP,IGST18,ItemAmount,true,Duty payment Parking,YKSP240861-1,99381000020450583,2025-01-27,ZHEJIANG SIFANG IMPORT & EXPORT CO LTD- AD
99381000020450844,8026140,,2025-01-27,INCOK1,,0.00,18941.62,2289.21,188.86,18.000000,BY Motherboard Bench & ATMPCW,IGST18,ItemAmount,true,Duty payment Parking,YKSP240861-1,99381000020450583,2025-01-27,ZHEJIANG SIFANG IMPORT & EXPORT CO LTD- AD
99381000020450844,8026140,,2025-01-27,INCOK1,,0.00,18941.62,32907.35,2714.85,18.000000,BY Bench Dual Display Front & Back (Green & Red LED),IGST18,ItemAmount,true,Duty payment Parking,YKSP240861-1,99381000020450583,2025-01-27,ZHEJIANG SIFANG IMPORT & EXPORT CO LTD- AD
99381000020450844,8026140,,2025-01-27,INCOK1,,0.00,18941.62,7630.69,629.53,18.000000,ATM30RAD DISPLAY RED COLOUR,IGST18,ItemAmount,true,Duty payment Parking,YKSP240861-1,99381000020450583,2025-01-27,ZHEJIANG SIFANG IMPORT & EXPORT CO LTD- AD
99381000020450844,8026140,,2025-01-27,INCOK1,,0.00,18941.62,0.00,0.00,18.000000,ATM30RAD DISPLAY RED COLOUR,IGST18,ItemAmount,true,Duty payment Parking,YKSP240861-1,99381000020450583,2025-01-27,ZHEJIANG SIFANG IMPORT & EXPORT CO LTD- AD
99381000020450844,8026140,,2025-01-27,INCOK1,,0.00,18941.62,381.53,31.48,18.000000,ATM30RAD BODY BASE,IGST18,ItemAmount,true,Duty payment Parking,YKSP240861-1,99381000020450583,2025-01-27,ZHEJIANG SIFANG IMPORT & EXPORT CO LTD- AD
99381000020450844,8026140,,2025-01-27,INCOK1,,0.00,18941.62,0.00,0.00,18.000000,ATM30RAD BODY BASE,IGST18,ItemAmount,true,Duty payment Parking,YKSP240861-1,99381000020450583,2025-01-27,ZHEJIANG SIFANG IMPORT & EXPORT CO LTD- AD
99381000020450844,8026140,,2025-01-27,INCOK1,,0.00,18941.62,0.00,0.00,18.000000,ATM30DAD1 PAN bush Leg,IGST18,ItemAmount,true,Duty payment Parking,YKSP240861-1,99381000020450583,2025-01-27,ZHEJIANG SIFANG IMPORT & EXPORT CO LTD- AD
99381000020450844,8026140,,2025-01-27,INCOK1,,0.00,18941.62,0.00,0.00,18.000000,BY Front/Rear Housing for Bench G TYPE,IGST18,ItemAmount,true,Duty payment Parking,YKSP240861-1,99381000020450583,2025-01-27,ZHEJIANG SIFANG IMPORT & EXPORT CO LTD- AD
99381000020450844,8026140,,2025-01-27,INCOK1,,0.00,18941.62,2003.06,165.34,18.000000,Bench PC Step Down Transformer (Output: 6.5v AC),IGST18,ItemAmount,true,Duty payment Parking,YKSP240861-1,99381000020450583,2025-01-27,ZHEJIANG SIFANG IMPORT & EXPORT CO LTD- AD
99381000020450844,8026140,,2025-01-27,INCOK1,,0.00,18941.62,0.00,0.00,18.000000,Bench PC Step Down Transformer (Output: 6.5v AC),IGST18,ItemAmount,true,Duty payment Parking,YKSP240861-1,99381000020450583,2025-01-27,ZHEJIANG SIFANG IMPORT & EXPORT CO LTD- AD
99381000020450844,8026140,,2025-01-27,INCOK1,,0.00,18941.62,0.00,0.00,18.000000,3 Pin CPU Socket CLIP TYPE,IGST18,ItemAmount,true,Duty payment Parking,YKSP240861-1,99381000020450583,2025-01-27,ZHEJIANG SIFANG IMPORT & EXPORT CO LTD- AD
99381000020450844,8026140,,2025-01-27,INCOK1,,0.00,18941.62,3052.28,251.81,18.000000,BY Keypad Bench 4x5,IGST18,ItemAmount,true,Duty payment Parking,YKSP240861-1,99381000020450583,2025-01-27,ZHEJIANG SIFANG IMPORT & EXPORT CO LTD- AD
99381000020450844,8026140,,2025-01-27,INCOK1,,0.00,18941.62,0.00,0.00,18.000000,BY Keypad Bench 4x5,IGST18,ItemAmount,true,Duty payment Parking,YKSP240861-1,99381000020450583,2025-01-27,ZHEJIANG SIFANG IMPORT & EXPORT CO LTD- AD
99381000020450844,8026140,,2025-01-27,INCOK1,,0.00,18941.62,0.00,0.00,18.000000,ON/OFF SWITCH,IGST18,ItemAmount,true,Duty payment Parking,YKSP240861-1,99381000020450583,2025-01-27,ZHEJIANG SIFANG IMPORT & EXPORT CO LTD- AD
99381000020450844,8026140,,2025-01-27,INCOK1,,0.00,18941.62,0.00,0.00,18.000000,BY Display Bench Front and Back (Red LED),IGST18,ItemAmount,true,Duty payment Parking,YKSP240861-1,99381000020450583,2025-01-27,ZHEJIANG SIFANG IMPORT & EXPORT CO LTD- AD
99381000020450844,8026140,,2025-01-27,INCOK1,,0.00,18941.62,0.00,0.00,18.000000,ATM30DAD1 Display front and back (dual LED),IGST18,ItemAmount,true,Duty payment Parking,YKSP240861-1,99381000020450583,2025-01-27,ZHEJIANG SIFANG IMPORT & EXPORT CO LTD- AD
99381000020991397,8479714,BE DATE - 21.02.2025,2025-03-08,INCOK1,,0.00,326482.89,990700.81,81732.90,18.000000,Label Printing Scale Q9LBL,IGST18,ItemAmount,true,Duty payment Parking,YM2501012,99381000020991280,2025-03-08,Qidong Youming Weighing Apparatus Co. Ltd.
99381000020991397,8479714,BE DATE - 21.02.2025,2025-03-08,INCOK1,,0.00,326482.89,990700.81,81732.90,18.000000,Label Printing Scale Q9LBL,IGST18,ItemAmount,true,Duty payment Parking,YM2501012,99381000020991280,2025-03-08,Qidong Youming Weighing Apparatus Co. Ltd.
99381000020991397,8479714,BE DATE - 21.02.2025,2025-03-08,INCOK1,,0.00,326482.89,990700.81,81732.90,18.000000,Label Printing Scale Q9LBL,IGST18,ItemAmount,true,Duty payment Parking,YM2501012,99381000020991280,2025-03-08,Qidong Youming Weighing Apparatus Co. Ltd.
99381000020991397,8479714,BE DATE - 21.02.2025,2025-03-08,INCOK1,,0.00,326482.89,990700.81,81732.90,18.000000,Label Printing Scale Q9LBL,IGST18,ItemAmount,true,Duty payment Parking,YM2501012,99381000020991280,2025-03-08,Qidong Youming Weighing Apparatus Co. Ltd.
99381000020991397,8479714,BE DATE - 21.02.2025,2025-03-08,INCOK1,,0.00,326482.89,54038.22,5944.20,18.000000,Cash Box,IGST18,ItemAmount,true,Duty payment Parking,YM2501012,99381000020991280,2025-03-08,Qidong Youming Weighing Apparatus Co. Ltd.
99381000020991397,8479714,BE DATE - 21.02.2025,2025-03-08,INCOK1,,0.00,326482.89,54038.22,5944.20,18.000000,Cash Box,IGST18,ItemAmount,true,Duty payment Parking,YM2501012,99381000020991280,2025-03-08,Qidong Youming Weighing Apparatus Co. Ltd.
99381000020991397,8479714,BE DATE - 21.02.2025,2025-03-08,INCOK1,,0.00,326482.89,54038.22,5944.20,18.000000,Cash Box,IGST18,ItemAmount,true,Duty payment Parking,YM2501012,99381000020991280,2025-03-08,Qidong Youming Weighing Apparatus Co. Ltd.
99381000020991397,8479714,BE DATE - 21.02.2025,2025-03-08,INCOK1,,0.00,326482.89,54038.22,5944.20,18.000000,Cash Box,IGST18,ItemAmount,true,Duty payment Parking,YM2501012,99381000020991280,2025-03-08,Qidong Youming Weighing Apparatus Co. Ltd.
99381000020991397,8479714,BE DATE - 21.02.2025,2025-03-08,INCOK1,,0.00,326482.89,126089.19,10402.40,18.000000,Label Indicator,IGST18,ItemAmount,true,Duty payment Parking,YM2501012,99381000020991280,2025-03-08,Qidong Youming Weighing Apparatus Co. Ltd.
99381000020991397,8479714,BE DATE - 21.02.2025,2025-03-08,INCOK1,,0.00,326482.89,126089.19,10402.40,18.000000,Label Indicator,IGST18,ItemAmount,true,Duty payment Parking,YM2501012,99381000020991280,2025-03-08,Qidong Youming Weighing Apparatus Co. Ltd.
99381000020991397,8479714,BE DATE - 21.02.2025,2025-03-08,INCOK1,,0.00,326482.89,126089.19,10402.40,18.000000,Label Indicator,IGST18,ItemAmount,true,Duty payment Parking,YM2501012,99381000020991280,2025-03-08,Qidong Youming Weighing Apparatus Co. Ltd.
99381000020991397,8479714,BE DATE - 21.02.2025,2025-03-08,INCOK1,,0.00,326482.89,126089.19,10402.40,18.000000,Label Indicator,IGST18,ItemAmount,true,Duty payment Parking,YM2501012,99381000020991280,2025-03-08,Qidong Youming Weighing Apparatus Co. Ltd.
99381000021357348,8479714,BOE Date - 21.02.2025,2025-03-08,INCOK1,,0.00,43338.85,0.00,0.00,18.000000,ECR PRINTER COVER,IGST18,ItemAmount,true,Duty payment Parking,YM2501012-1,99381000021357119,2025-03-08,Qidong Youming Weighing Apparatus Co. Ltd.
99381000021357348,8479714,BOE Date - 21.02.2025,2025-03-08,INCOK1,,0.00,43338.85,43230.57,3566.52,18.000000,ECR Main board with WIFI,IGST18,ItemAmount,true,Duty payment Parking,YM2501012-1,99381000021357119,2025-03-08,Qidong Youming Weighing Apparatus Co. Ltd.
99381000021357348,8479714,BOE Date - 21.02.2025,2025-03-08,INCOK1,,0.00,43338.85,0.00,0.00,18.000000,ECS/LBL DISPLAY CABLE (25CMS),IGST18,ItemAmount,true,Duty payment Parking,YM2501012-1,99381000021357119,2025-03-08,Qidong Youming Weighing Apparatus Co. Ltd.
99381000021357348,8479714,BOE Date - 21.02.2025,2025-03-08,INCOK1,,0.00,43338.85,14860.51,1225.99,18.000000,Q8/Q9 LABEL SMPS 20V,IGST18,ItemAmount,true,Duty payment Parking,YM2501012-1,99381000021357119,2025-03-08,Qidong Youming Weighing Apparatus Co. Ltd.
99381000021357348,8479714,BOE Date - 21.02.2025,2025-03-08,INCOK1,,0.00,43338.85,0.00,0.00,18.000000,ECS 5W LOAD CELL,IGST18,ItemAmount,true,Duty payment Parking,YM2501012-1,99381000021357119,2025-03-08,Qidong Youming Weighing Apparatus Co. Ltd.
99381000021357348,8479714,BOE Date - 21.02.2025,2025-03-08,INCOK1,,0.00,43338.85,0.00,0.00,18.000000,ECS4W DUST COVER,IGST18,ItemAmount,true,Duty payment Parking,YM2501012-1,99381000021357119,2025-03-08,Qidong Youming Weighing Apparatus Co. Ltd.
99381000021357348,8479714,BOE Date - 21.02.2025,2025-03-08,INCOK1,,0.00,43338.85,0.00,0.00,18.000000,ECS5W PRINTER CASE,IGST18,ItemAmount,true,Duty payment Parking,YM2501012-1,99381000021357119,2025-03-08,Qidong Youming Weighing Apparatus Co. Ltd.
99381000021357348,8479714,BOE Date - 21.02.2025,2025-03-08,INCOK1,,0.00,43338.85,0.00,0.00,18.000000,ECS 5W BODY SET,IGST18,ItemAmount,true,Duty payment Parking,YM2501012-1,99381000021357119,2025-03-08,Qidong Youming Weighing Apparatus Co. Ltd.
99381000021357348,8479714,BOE Date - 21.02.2025,2025-03-08,INCOK1,,0.00,43338.85,0.00,0.00,18.000000,ECS5W BLACK PAN (UNDER SS PAN),IGST18,ItemAmount,true,Duty payment Parking,YM2501012-1,99381000021357119,2025-03-08,Qidong Youming Weighing Apparatus Co. Ltd.
99381000021357348,8479714,BOE Date - 21.02.2025,2025-03-08,INCOK1,,0.00,43338.85,0.00,0.00,18.000000,ECS 5W /LBL  POS LEG,IGST18,ItemAmount,true,Duty payment Parking,YM2501012-1,99381000021357119,2025-03-08,Qidong Youming Weighing Apparatus Co. Ltd.
99381000021357348,8479714,BOE Date - 21.02.2025,2025-03-08,INCOK1,,0.00,43338.85,43230.57,3566.52,18.000000,ECS INDICATOR MOTHER BOARD,IGST18,ItemAmount,true,Duty payment Parking,YM2501012-1,99381000021357119,2025-03-08,Qidong Youming Weighing Apparatus Co. Ltd.
99381000021357348,8479714,BOE Date - 21.02.2025,2025-03-08,INCOK1,,0.00,43338.85,0.00,0.00,18.000000,Q9LBL KEYBOARD STICKER,IGST18,ItemAmount,true,Duty payment Parking,YM2501012-1,99381000021357119,2025-03-08,Qidong Youming Weighing Apparatus Co. Ltd.
99381000021357348,8479714,BOE Date - 21.02.2025,2025-03-08,INCOK1,,0.00,43338.85,16211.46,1337.45,18.000000,Q9LBL PRINT HEAD,IGST18,ItemAmount,true,Duty payment Parking,YM2501012-1,99381000021357119,2025-03-08,Qidong Youming Weighing Apparatus Co. Ltd.
99381000021357348,8479714,BOE Date - 21.02.2025,2025-03-08,INCOK1,,0.00,43338.85,14410.19,1188.84,18.000000,WIFI ANTEENA CARD,IGST18,ItemAmount,true,Duty payment Parking,YM2501012-1,99381000021357119,2025-03-08,Qidong Youming Weighing Apparatus Co. Ltd.
99381000021357348,8479714,BOE Date - 21.02.2025,2025-03-08,INCOK1,,0.00,43338.85,24317.20,2006.17,18.000000,ECS Q11 DISPLAY,IGST18,ItemAmount,true,Duty payment Parking,YM2501012-1,99381000021357119,2025-03-08,Qidong Youming Weighing Apparatus Co. Ltd.
99381000021463354,9041023,,2025-03-22,INCOK1,,0.00,891215.00,509545.44,42037.50,18.000000,TABLE TOP SCALE PC (RED-AD),IGST18,ItemAmount,true,Duty payment Parking,YKSP241188,99381000021463114,2025-03-22,ZHEJIANG SIFANG IMPORT & EXPORT CO LTD- AD
99381000021463354,9041023,,2025-03-22,INCOK1,,0.00,891215.00,509545.44,42037.50,18.000000,TABLE TOP SCALE PC (RED-AD),IGST18,ItemAmount,true,Duty payment Parking,YKSP241188,99381000021463114,2025-03-22,ZHEJIANG SIFANG IMPORT & EXPORT CO LTD- AD
99381000021463354,9041023,,2025-03-22,INCOK1,,0.00,891215.00,509545.44,42037.50,18.000000,TABLE TOP SCALE PC (RED-AD),IGST18,ItemAmount,true,Duty payment Parking,YKSP241188,99381000021463114,2025-03-22,ZHEJIANG SIFANG IMPORT & EXPORT CO LTD- AD
99381000021463354,9041023,,2025-03-22,INCOK1,,0.00,891215.00,509545.44,42037.50,18.000000,TABLE TOP SCALE PC (RED-AD),IGST18,ItemAmount,true,Duty payment Parking,YKSP241188,99381000021463114,2025-03-22,ZHEJIANG SIFANG IMPORT & EXPORT CO LTD- AD
99381000021463354,9041023,,2025-03-22,INCOK1,,0.00,891215.00,1091883.09,90080.30,18.000000,PLATFORM SCALE -BENCH (FG-AD1),IGST18,ItemAmount,true,Duty payment Parking,YKSP241188,99381000021463114,2025-03-22,ZHEJIANG SIFANG IMPORT & EXPORT CO LTD- AD
99381000021463354,9041023,,2025-03-22,INCOK1,,0.00,891215.00,1091883.09,90080.30,18.000000,PLATFORM SCALE -BENCH (FG-AD1),IGST18,ItemAmount,true,Duty payment Parking,YKSP241188,99381000021463114,2025-03-22,ZHEJIANG SIFANG IMPORT & EXPORT CO LTD- AD
99381000021463354,9041023,,2025-03-22,INCOK1,,0.00,891215.00,1091883.09,90080.30,18.000000,PLATFORM SCALE -BENCH (FG-AD1),IGST18,ItemAmount,true,Duty payment Parking,YKSP241188,99381000021463114,2025-03-22,ZHEJIANG SIFANG IMPORT & EXPORT CO LTD- AD
99381000021463354,9041023,,2025-03-22,INCOK1,,0.00,891215.00,1091883.09,90080.30,18.000000,PLATFORM SCALE -BENCH (FG-AD1),IGST18,ItemAmount,true,Duty payment Parking,YKSP241188,99381000021463114,2025-03-22,ZHEJIANG SIFANG IMPORT & EXPORT CO LTD- AD
99381000021463354,9041023,,2025-03-22,INCOK1,,0.00,891215.00,742480.50,61254.65,18.000000,PLATFORM SCALE -BENCH (GG-AD1),IGST18,ItemAmount,true,Duty payment Parking,YKSP241188,99381000021463114,2025-03-22,ZHEJIANG SIFANG IMPORT & EXPORT CO LTD- AD
99381000021463354,9041023,,2025-03-22,INCOK1,,0.00,891215.00,742480.50,61254.65,18.000000,PLATFORM SCALE -BENCH (GG-AD1),IGST18,ItemAmount,true,Duty payment Parking,YKSP241188,99381000021463114,2025-03-22,ZHEJIANG SIFANG IMPORT & EXPORT CO LTD- AD
99381000021463354,9041023,,2025-03-22,INCOK1,,0.00,891215.00,742480.50,61254.65,18.000000,PLATFORM SCALE -BENCH (GG-AD1),IGST18,ItemAmount,true,Duty payment Parking,YKSP241188,99381000021463114,2025-03-22,ZHEJIANG SIFANG IMPORT & EXPORT CO LTD- AD
99381000021463354,9041023,,2025-03-22,INCOK1,,0.00,891215.00,742480.50,61254.65,18.000000,PLATFORM SCALE -BENCH (GG-AD1),IGST18,ItemAmount,true,Duty payment Parking,YKSP241188,99381000021463114,2025-03-22,ZHEJIANG SIFANG IMPORT & EXPORT CO LTD- AD
99381000021463354,9041023,,2025-03-22,INCOK1,,0.00,891215.00,869411.91,71726.90,18.000000,Platform Scale Full SS -50AD,IGST18,ItemAmount,true,Duty payment Parking,YKSP241188,99381000021463114,2025-03-22,ZHEJIANG SIFANG IMPORT & EXPORT CO LTD- AD
99381000021463354,9041023,,2025-03-22,INCOK1,,0.00,891215.00,869411.91,71726.90,18.000000,Platform Scale Full SS -50AD,IGST18,ItemAmount,true,Duty payment Parking,YKSP241188,99381000021463114,2025-03-22,ZHEJIANG SIFANG IMPORT & EXPORT CO LTD- AD
99381000021463354,9041023,,2025-03-22,INCOK1,,0.00,891215.00,869411.91,71726.90,18.000000,Platform Scale Full SS -50AD,IGST18,ItemAmount,true,Duty payment Parking,YKSP241188,99381000021463114,2025-03-22,ZHEJIANG SIFANG IMPORT & EXPORT CO LTD- AD
99381000021463354,9041023,,2025-03-22,INCOK1,,0.00,891215.00,869411.91,71726.90,18.000000,Platform Scale Full SS -50AD,IGST18,ItemAmount,true,Duty payment Parking,YKSP241188,99381000021463114,2025-03-22,ZHEJIANG SIFANG IMPORT & EXPORT CO LTD- AD
99381000021463354,9041023,,2025-03-22,INCOK1,,0.00,891215.00,0.00,0.00,0.000000,Film Making charge,IGST0,ItemAmount,true,Duty payment Parking,YKSP241188,99381000021463114,2025-03-22,ZHEJIANG SIFANG IMPORT & EXPORT CO LTD- AD
99381000021463354,9041023,,2025-03-22,INCOK1,,0.00,891215.00,0.00,0.00,0.000000,Film Making charge,IGST0,ItemAmount,true,Duty payment Parking,YKSP241188,99381000021463114,2025-03-22,ZHEJIANG SIFANG IMPORT & EXPORT CO LTD- AD
99381000021463354,9041023,,2025-03-22,INCOK1,,0.00,891215.00,0.00,0.00,0.000000,Film Making charge,IGST0,ItemAmount,true,Duty payment Parking,YKSP241188,99381000021463114,2025-03-22,ZHEJIANG SIFANG IMPORT & EXPORT CO LTD- AD
99381000021463354,9041023,,2025-03-22,INCOK1,,0.00,891215.00,0.00,0.00,0.000000,Film Making charge,IGST0,ItemAmount,true,Duty payment Parking,YKSP241188,99381000021463114,2025-03-22,ZHEJIANG SIFANG IMPORT & EXPORT CO LTD- AD
99381000021643333,9221179,,2025-04-01,INCOK1,,0.00,1296217.64,251238.74,20727.20,18.000000,Bill  Printing scale Q74W,IGST18,ItemAmount,true,Duty payment Parking,YM2503004,99381000021643162,2025-04-01,Qidong Youming Weighing Apparatus Co. Ltd.
99381000021643333,9221179,,2025-04-01,INCOK1,,0.00,1296217.64,251238.74,20727.20,18.000000,Bill  Printing scale Q74W,IGST18,ItemAmount,true,Duty payment Parking,YM2503004,99381000021643162,2025-04-01,Qidong Youming Weighing Apparatus Co. Ltd.
99381000021643333,9221179,,2025-04-01,INCOK1,,0.00,1296217.64,251238.74,20727.20,18.000000,Bill  Printing scale Q74W,IGST18,ItemAmount,true,Duty payment Parking,YM2503004,99381000021643162,2025-04-01,Qidong Youming Weighing Apparatus Co. Ltd.
99381000021643333,9221179,,2025-04-01,INCOK1,,0.00,1296217.64,251238.74,20727.20,18.000000,Bill  Printing scale Q74W,IGST18,ItemAmount,true,Duty payment Parking,YM2503004,99381000021643162,2025-04-01,Qidong Youming Weighing Apparatus Co. Ltd.
99381000021643333,9221179,,2025-04-01,INCOK1,,0.00,1296217.64,1815402.54,149770.70,18.000000,Bill Printing scale Q8POS,IGST18,ItemAmount,true,Duty payment Parking,YM2503004,99381000021643162,2025-04-01,Qidong Youming Weighing Apparatus Co. Ltd.
99381000021643333,9221179,,2025-04-01,INCOK1,,0.00,1296217.64,1815402.54,149770.70,18.000000,Bill Printing scale Q8POS,IGST18,ItemAmount,true,Duty payment Parking,YM2503004,99381000021643162,2025-04-01,Qidong Youming Weighing Apparatus Co. Ltd.
99381000021643333,9221179,,2025-04-01,INCOK1,,0.00,1296217.64,1815402.54,149770.70,18.000000,Bill Printing scale Q8POS,IGST18,ItemAmount,true,Duty payment Parking,YM2503004,99381000021643162,2025-04-01,Qidong Youming Weighing Apparatus Co. Ltd.
99381000021643333,9221179,,2025-04-01,INCOK1,,0.00,1296217.64,1815402.54,149770.70,18.000000,Bill Printing scale Q8POS,IGST18,ItemAmount,true,Duty payment Parking,YM2503004,99381000021643162,2025-04-01,Qidong Youming Weighing Apparatus Co. Ltd.
99381000021643333,9221179,,2025-04-01,INCOK1,,0.00,1296217.64,351193.94,28973.50,18.000000,Bill Printing scale Q10POS,IGST18,ItemAmount,true,Duty payment Parking,YM2503004,99381000021643162,2025-04-01,Qidong Youming Weighing Apparatus Co. Ltd.
99381000021643333,9221179,,2025-04-01,INCOK1,,0.00,1296217.64,351193.94,28973.50,18.000000,Bill Printing scale Q10POS,IGST18,ItemAmount,true,Duty payment Parking,YM2503004,99381000021643162,2025-04-01,Qidong Youming Weighing Apparatus Co. Ltd.
99381000021643333,9221179,,2025-04-01,INCOK1,,0.00,1296217.64,351193.94,28973.50,18.000000,Bill Printing scale Q10POS,IGST18,ItemAmount,true,Duty payment Parking,YM2503004,99381000021643162,2025-04-01,Qidong Youming Weighing Apparatus Co. Ltd.
99381000021643333,9221179,,2025-04-01,INCOK1,,0.00,1296217.64,351193.94,28973.50,18.000000,Bill Printing scale Q10POS,IGST18,ItemAmount,true,Duty payment Parking,YM2503004,99381000021643162,2025-04-01,Qidong Youming Weighing Apparatus Co. Ltd.
99381000021643333,9221179,,2025-04-01,INCOK1,,0.00,1296217.64,1287711.13,106236.10,18.000000,Label Printing Scale Q9LBL,IGST18,ItemAmount,true,Duty payment Parking,YM2503004,99381000021643162,2025-04-01,Qidong Youming Weighing Apparatus Co. Ltd.
99381000021643333,9221179,,2025-04-01,INCOK1,,0.00,1296217.64,1287711.13,106236.10,18.000000,Label Printing Scale Q9LBL,IGST18,ItemAmount,true,Duty payment Parking,YM2503004,99381000021643162,2025-04-01,Qidong Youming Weighing Apparatus Co. Ltd.
99381000021643333,9221179,,2025-04-01,INCOK1,,0.00,1296217.64,1287711.13,106236.10,18.000000,Label Printing Scale Q9LBL,IGST18,ItemAmount,true,Duty payment Parking,YM2503004,99381000021643162,2025-04-01,Qidong Youming Weighing Apparatus Co. Ltd.
99381000021643333,9221179,,2025-04-01,INCOK1,,0.00,1296217.64,1287711.13,106236.10,18.000000,Label Printing Scale Q9LBL,IGST18,ItemAmount,true,Duty payment Parking,YM2503004,99381000021643162,2025-04-01,Qidong Youming Weighing Apparatus Co. Ltd.
99381000021643333,9221179,,2025-04-01,INCOK1,,0.00,1296217.64,495273.51,40860.10,18.000000,Label Printing scale Q9,IGST18,ItemAmount,true,Duty payment Parking,YM2503004,99381000021643162,2025-04-01,Qidong Youming Weighing Apparatus Co. Ltd.
99381000021643333,9221179,,2025-04-01,INCOK1,,0.00,1296217.64,495273.51,40860.10,18.000000,Label Printing scale Q9,IGST18,ItemAmount,true,Duty payment Parking,YM2503004,99381000021643162,2025-04-01,Qidong Youming Weighing Apparatus Co. Ltd.
99381000021643333,9221179,,2025-04-01,INCOK1,,0.00,1296217.64,495273.51,40860.10,18.000000,Label Printing scale Q9,IGST18,ItemAmount,true,Duty payment Parking,YM2503004,99381000021643162,2025-04-01,Qidong Youming Weighing Apparatus Co. Ltd.
99381000021643333,9221179,,2025-04-01,INCOK1,,0.00,1296217.64,495273.51,40860.10,18.000000,Label Printing scale Q9,IGST18,ItemAmount,true,Duty payment Parking,YM2503004,99381000021643162,2025-04-01,Qidong Youming Weighing Apparatus Co. Ltd.
99381000021643333,9221179,,2025-04-01,INCOK1,,0.00,1296217.64,256641.73,21172.90,18.000000,HANGING SCALE TMA,IGST18,ItemAmount,true,Duty payment Parking,YM2503004,99381000021643162,2025-04-01,Qidong Youming Weighing Apparatus Co. Ltd.
99381000021643333,9221179,,2025-04-01,INCOK1,,0.00,1296217.64,256641.73,21172.90,18.000000,HANGING SCALE TMA,IGST18,ItemAmount,true,Duty payment Parking,YM2503004,99381000021643162,2025-04-01,Qidong Youming Weighing Apparatus Co. Ltd.
99381000021643333,9221179,,2025-04-01,INCOK1,,0.00,1296217.64,256641.73,21172.90,18.000000,HANGING SCALE TMA,IGST18,ItemAmount,true,Duty payment Parking,YM2503004,99381000021643162,2025-04-01,Qidong Youming Weighing Apparatus Co. Ltd.
99381000021643333,9221179,,2025-04-01,INCOK1,,0.00,1296217.64,256641.73,21172.90,18.000000,HANGING SCALE TMA,IGST18,ItemAmount,true,Duty payment Parking,YM2503004,99381000021643162,2025-04-01,Qidong Youming Weighing Apparatus Co. Ltd.
99381000021643333,9221179,,2025-04-01,INCOK1,,0.00,1296217.64,216119.35,17829.90,18.000000,ECS Indicator,IGST18,ItemAmount,true,Duty payment Parking,YM2503004,99381000021643162,2025-04-01,Qidong Youming Weighing Apparatus Co. Ltd.
99381000021643333,9221179,,2025-04-01,INCOK1,,0.00,1296217.64,216119.35,17829.90,18.000000,ECS Indicator,IGST18,ItemAmount,true,Duty payment Parking,YM2503004,99381000021643162,2025-04-01,Qidong Youming Weighing Apparatus Co. Ltd.
99381000021643333,9221179,,2025-04-01,INCOK1,,0.00,1296217.64,216119.35,17829.90,18.000000,ECS Indicator,IGST18,ItemAmount,true,Duty payment Parking,YM2503004,99381000021643162,2025-04-01,Qidong Youming Weighing Apparatus Co. Ltd.
99381000021643333,9221179,,2025-04-01,INCOK1,,0.00,1296217.64,216119.35,17829.90,18.000000,ECS Indicator,IGST18,ItemAmount,true,Duty payment Parking,YM2503004,99381000021643162,2025-04-01,Qidong Youming Weighing Apparatus Co. Ltd.
99381000021894848,9221179,,2025-04-01,INCOK1,,0.00,35964.36,6933.83,572.04,18.000000,ECS5W SMPS 7V,IGST18,ItemAmount,true,Duty payment Parking,YM2503004,99381000021883001,2025-04-01,Qidong Youming Weighing Apparatus Co. Ltd.
99381000021894848,9221179,,2025-04-01,INCOK1,,0.00,35964.36,6753.73,557.18,18.000000,ECS5W SMPS 7V,IGST18,ItemAmount,true,Duty payment Parking,YM2503004,99381000021883001,2025-04-01,Qidong Youming Weighing Apparatus Co. Ltd.
99381000021894848,9221179,,2025-04-01,INCOK1,,0.00,35964.36,0.00,0.00,18.000000,ECS5W POWER SUPPLY BOARD,IGST18,ItemAmount,true,Duty payment Parking,YM2503004,99381000021883001,2025-04-01,Qidong Youming Weighing Apparatus Co. Ltd.
99381000021894848,9221179,,2025-04-01,INCOK1,,0.00,35964.36,17289.55,1426.39,18.000000,ECS5W MOTHER BOARD,IGST18,ItemAmount,true,Duty payment Parking,YM2503004,99381000021883001,2025-04-01,Qidong Youming Weighing Apparatus Co. Ltd.
99381000021894848,9221179,,2025-04-01,INCOK1,,0.00,35964.36,23502.98,1938.99,18.000000,ECS5W PRINTER,IGST18,ItemAmount,true,Duty payment Parking,YM2503004,99381000021883001,2025-04-01,Qidong Youming Weighing Apparatus Co. Ltd.
99381000021894848,9221179,,2025-04-01,INCOK1,,0.00,35964.36,0.00,0.00,18.000000,ECS5W INTERFACE BOARD,IGST18,ItemAmount,true,Duty payment Parking,YM2503004,99381000021883001,2025-04-01,Qidong Youming Weighing Apparatus Co. Ltd.
99381000021894848,9221179,,2025-04-01,INCOK1,,0.00,35964.36,13507.46,1114.36,18.000000,ECS5W / 4W/Q10 KEYBOARD,IGST18,ItemAmount,true,Duty payment Parking,YM2503004,99381000021883001,2025-04-01,Qidong Youming Weighing Apparatus Co. Ltd.
99381000021894848,9221179,,2025-04-01,INCOK1,,0.00,35964.36,0.00,0.00,18.000000,ECS5W DISPLAY SET FRONT,IGST18,ItemAmount,true,Duty payment Parking,YM2503004,99381000021883001,2025-04-01,Qidong Youming Weighing Apparatus Co. Ltd.
99381000021894848,9221179,,2025-04-01,INCOK1,,0.00,35964.36,0.00,0.00,18.000000,ECS5W / 4W/Q10 DISPLAY BACK,IGST18,ItemAmount,true,Duty payment Parking,YM2503004,99381000021883001,2025-04-01,Qidong Youming Weighing Apparatus Co. Ltd.
99381000021894848,9221179,,2025-04-01,INCOK1,,0.00,35964.36,0.00,0.00,18.000000,ECS5W PRINTER CASE,IGST18,ItemAmount,true,Duty payment Parking,YM2503004,99381000021883001,2025-04-01,Qidong Youming Weighing Apparatus Co. Ltd.
99381000021894848,9221179,,2025-04-01,INCOK1,,0.00,35964.36,0.00,0.00,18.000000,ECS4W KEYBOARD STICKER,IGST18,ItemAmount,true,Duty payment Parking,YM2503004,99381000021883001,2025-04-01,Qidong Youming Weighing Apparatus Co. Ltd.
99381000021894848,9221179,,2025-04-01,INCOK1,,0.00,35964.36,15758.70,1300.08,18.000000,ECS5W PRINTER ROLLER WITH HEAD,IGST18,ItemAmount,true,Duty payment Parking,YM2503004,99381000021883001,2025-04-01,Qidong Youming Weighing Apparatus Co. Ltd.
99381000021894848,9221179,,2025-04-01,INCOK1,,0.00,35964.36,0.00,0.00,18.000000,ECS4W FRONT AND BACK DISPLAY STICKER,IGST18,ItemAmount,true,Duty payment Parking,YM2503004,99381000021883001,2025-04-01,Qidong Youming Weighing Apparatus Co. Ltd.
99381000021894848,9221179,,2025-04-01,INCOK1,,0.00,35964.36,0.00,0.00,18.000000,ECS PRINTER COVER,IGST18,ItemAmount,true,Duty payment Parking,YM2503004,99381000021883001,2025-04-01,Qidong Youming Weighing Apparatus Co. Ltd.
99381000021894848,9221179,,2025-04-01,INCOK1,,0.00,35964.36,0.00,0.00,18.000000,Q9/Q10LBL KEYPAD STICKER (BLACK),IGST18,ItemAmount,true,Duty payment Parking,YM2503004,99381000021883001,2025-04-01,Qidong Youming Weighing Apparatus Co. Ltd.
99381000021894848,9221179,,2025-04-01,INCOK1,,0.00,35964.36,0.00,0.00,18.000000,TMA PRINTER ROLLER WASHER,IGST18,ItemAmount,true,Duty payment Parking,YM2503004,99381000021883001,2025-04-01,Qidong Youming Weighing Apparatus Co. Ltd.
99381000021894848,9221179,,2025-04-01,INCOK1,,0.00,35964.36,0.00,0.00,18.000000,TMA PRINTER RUBBER WASHER,IGST18,ItemAmount,true,Duty payment Parking,YM2503004,99381000021883001,2025-04-01,Qidong Youming Weighing Apparatus Co. Ltd.
99381000021894848,9221179,,2025-04-01,INCOK1,,0.00,35964.36,19810.95,1634.52,18.000000,Q8/Q9 LABEL SMPS 20V,IGST18,ItemAmount,true,Duty payment Parking,YM2503004,99381000021883001,2025-04-01,Qidong Youming Weighing Apparatus Co. Ltd.
99381000021894848,9221179,,2025-04-01,INCOK1,,0.00,35964.36,18009.95,1485.80,18.000000,Q8/Q9LBL /Q10 KEYPAD BOARD,IGST18,ItemAmount,true,Duty payment Parking,YM2503004,99381000021883001,2025-04-01,Qidong Youming Weighing Apparatus Co. Ltd.
99381000021894848,9221179,,2025-04-01,INCOK1,,0.00,35964.36,0.00,0.00,18.000000,Q8LBL LABEL GAP SENSOR,IGST18,ItemAmount,true,Duty payment Parking,YM2503004,99381000021883001,2025-04-01,Qidong Youming Weighing Apparatus Co. Ltd.
99381000021894848,9221179,,2025-04-01,INCOK1,,0.00,35964.36,8104.48,668.49,18.000000,Q9LBL PRINT HEAD,IGST18,ItemAmount,true,Duty payment Parking,YM2503004,99381000021883001,2025-04-01,Qidong Youming Weighing Apparatus Co. Ltd.
99381000021894848,9221179,,2025-04-01,INCOK1,,0.00,35964.36,0.00,0.00,18.000000,Q9LBL SILICON PAD,IGST18,ItemAmount,true,Duty payment Parking,YM2503004,99381000021883001,2025-04-01,Qidong Youming Weighing Apparatus Co. Ltd.
99381000021894848,9221179,,2025-04-01,INCOK1,,0.00,35964.36,0.00,0.00,18.000000,Q9LBL DISPLAY STICKER FRONT,IGST18,ItemAmount,true,Duty payment Parking,YM2503004,99381000021883001,2025-04-01,Qidong Youming Weighing Apparatus Co. Ltd.
99381000021894848,9221179,,2025-04-01,INCOK1,,0.00,35964.36,0.00,0.00,18.000000,Q9LBL Printer GearSet,IGST18,ItemAmount,true,Duty payment Parking,YM2503004,99381000021883001,2025-04-01,Qidong Youming Weighing Apparatus Co. Ltd.
99381000022193064,9875576,,2025-05-05,INCOK1,,0.00,313614.83,461084.63,38039.40,18.000000,PRICE COMPUTING SCALE WITH POLE-GREEN,IGST18,ItemAmount,true,Duty payment Parking,ST20250214,99381000022184864,2025-05-05,"ZHEJIANG NEW VISION IMP & EXP  CO, LTD"
99381000022193064,9875576,,2025-05-05,INCOK1,,0.00,313614.83,461084.63,38039.40,18.000000,PRICE COMPUTING SCALE WITH POLE-GREEN,IGST18,ItemAmount,true,Duty payment Parking,ST20250214,99381000022184864,2025-05-05,"ZHEJIANG NEW VISION IMP & EXP  CO, LTD"
99381000022193064,9875576,,2025-05-05,INCOK1,,0.00,313614.83,461084.63,38039.40,18.000000,PRICE COMPUTING SCALE WITH POLE-GREEN,IGST18,ItemAmount,true,Duty payment Parking,ST20250214,99381000022184864,2025-05-05,"ZHEJIANG NEW VISION IMP & EXP  CO, LTD"
99381000022193064,9875576,,2025-05-05,INCOK1,,0.00,313614.83,461084.63,38039.40,18.000000,PRICE COMPUTING SCALE WITH POLE-GREEN,IGST18,ItemAmount,true,Duty payment Parking,ST20250214,99381000022184864,2025-05-05,"ZHEJIANG NEW VISION IMP & EXP  CO, LTD"
99381000022193064,9875576,,2025-05-05,INCOK1,,0.00,313614.83,590078.55,48681.50,18.000000,PRICE COMPUTING SCALE FSS(DQZ),IGST18,ItemAmount,true,Duty payment Parking,ST20250214,99381000022184864,2025-05-05,"ZHEJIANG NEW VISION IMP & EXP  CO, LTD"
99381000022193064,9875576,,2025-05-05,INCOK1,,0.00,313614.83,590078.55,48681.50,18.000000,PRICE COMPUTING SCALE FSS(DQZ),IGST18,ItemAmount,true,Duty payment Parking,ST20250214,99381000022184864,2025-05-05,"ZHEJIANG NEW VISION IMP & EXP  CO, LTD"
99381000022193064,9875576,,2025-05-05,INCOK1,,0.00,313614.83,590078.55,48681.50,18.000000,PRICE COMPUTING SCALE FSS(DQZ),IGST18,ItemAmount,true,Duty payment Parking,ST20250214,99381000022184864,2025-05-05,"ZHEJIANG NEW VISION IMP & EXP  CO, LTD"
99381000022193064,9875576,,2025-05-05,INCOK1,,0.00,313614.83,590078.55,48681.50,18.000000,PRICE COMPUTING SCALE FSS(DQZ),IGST18,ItemAmount,true,Duty payment Parking,ST20250214,99381000022184864,2025-05-05,"ZHEJIANG NEW VISION IMP & EXP  CO, LTD"
99381000022193064,9875576,,2025-05-05,INCOK1,,0.00,313614.83,79591.99,6566.30,18.000000,Indicator,IGST18,ItemAmount,true,Duty payment Parking,ST20250214,99381000022184864,2025-05-05,"ZHEJIANG NEW VISION IMP & EXP  CO, LTD"
99381000022193064,9875576,,2025-05-05,INCOK1,,0.00,313614.83,79591.99,6566.30,18.000000,Indicator,IGST18,ItemAmount,true,Duty payment Parking,ST20250214,99381000022184864,2025-05-05,"ZHEJIANG NEW VISION IMP & EXP  CO, LTD"
99381000022193064,9875576,,2025-05-05,INCOK1,,0.00,313614.83,79591.99,6566.30,18.000000,Indicator,IGST18,ItemAmount,true,Duty payment Parking,ST20250214,99381000022184864,2025-05-05,"ZHEJIANG NEW VISION IMP & EXP  CO, LTD"
99381000022193064,9875576,,2025-05-05,INCOK1,,0.00,313614.83,79591.99,6566.30,18.000000,Indicator,IGST18,ItemAmount,true,Duty payment Parking,ST20250214,99381000022184864,2025-05-05,"ZHEJIANG NEW VISION IMP & EXP  CO, LTD"
99381000022193764,9876248,,2025-05-05,INCOK1,,0.00,297405.61,273403.95,22555.80,18.000000,CURRENCY COUNTING MACHINE (AL800),IGST18,ItemAmount,true,Duty payment Parking,20250226,99381000022193636,2025-05-05,"Zhejiang Chuanwei Electronic Technology Co., Ltd"
99381000022193764,9876248,,2025-05-05,INCOK1,,0.00,297405.61,273403.95,22555.80,18.000000,CURRENCY COUNTING MACHINE (AL800),IGST18,ItemAmount,true,Duty payment Parking,20250226,99381000022193636,2025-05-05,"Zhejiang Chuanwei Electronic Technology Co., Ltd"
99381000022193764,9876248,,2025-05-05,INCOK1,,0.00,297405.61,273403.95,22555.80,18.000000,CURRENCY COUNTING MACHINE (AL800),IGST18,ItemAmount,true,Duty payment Parking,20250226,99381000022193636,2025-05-05,"Zhejiang Chuanwei Electronic Technology Co., Ltd"
99381000022193764,9876248,,2025-05-05,INCOK1,,0.00,297405.61,273403.95,22555.80,18.000000,CURRENCY COUNTING MACHINE (AL800),IGST18,ItemAmount,true,Duty payment Parking,20250226,99381000022193636,2025-05-05,"Zhejiang Chuanwei Electronic Technology Co., Ltd"
99381000022193764,9876248,,2025-05-05,INCOK1,,0.00,297405.61,798907.65,65909.90,18.000000,CCM  - Value Counting Machine,IGST18,ItemAmount,true,Duty payment Parking,20250226,99381000022193636,2025-05-05,"Zhejiang Chuanwei Electronic Technology Co., Ltd"
99381000022193764,9876248,,2025-05-05,INCOK1,,0.00,297405.61,798907.65,65909.90,18.000000,CCM  - Value Counting Machine,IGST18,ItemAmount,true,Duty payment Parking,20250226,99381000022193636,2025-05-05,"Zhejiang Chuanwei Electronic Technology Co., Ltd"
99381000022193764,9876248,,2025-05-05,INCOK1,,0.00,297405.61,798907.65,65909.90,18.000000,CCM  - Value Counting Machine,IGST18,ItemAmount,true,Duty payment Parking,20250226,99381000022193636,2025-05-05,"Zhejiang Chuanwei Electronic Technology Co., Ltd"
99381000022193764,9876248,,2025-05-05,INCOK1,,0.00,297405.61,798907.65,65909.90,18.000000,CCM  - Value Counting Machine,IGST18,ItemAmount,true,Duty payment Parking,20250226,99381000022193636,2025-05-05,"Zhejiang Chuanwei Electronic Technology Co., Ltd"
99381000022584040,9875576,,2025-05-05,INCOK1,,0.00,3209.79,1829.70,150.96,18.000000,APCPQ Pole Display,IGST18,ItemAmount,true,Duty payment Parking,ST20250214 (1),99381000022557122,2025-05-05,"ZHEJIANG NEW VISION IMP & EXP  CO, LTD"
99381000022584040,9875576,,2025-05-05,INCOK1,,0.00,3209.79,0.00,0.00,18.000000,APCPQ Leg,IGST18,ItemAmount,true,Duty payment Parking,ST20250214 (1),99381000022557122,2025-05-05,"ZHEJIANG NEW VISION IMP & EXP  CO, LTD"
99381000022584040,9875576,,2025-05-05,INCOK1,,0.00,3209.79,1372.27,113.22,18.000000,APCPQ Keypad,IGST18,ItemAmount,true,Duty payment Parking,ST20250214 (1),99381000022557122,2025-05-05,"ZHEJIANG NEW VISION IMP & EXP  CO, LTD"
99381000022584040,9875576,,2025-05-05,INCOK1,,0.00,3209.79,2195.64,181.15,18.000000,Motherboard PF PC(Q),IGST18,ItemAmount,true,Duty payment Parking,ST20250214 (1),99381000022557122,2025-05-05,"ZHEJIANG NEW VISION IMP & EXP  CO, LTD"
99381000022584040,9875576,,2025-05-05,INCOK1,,0.00,3209.79,5489.09,452.87,18.000000,APCQ BottomFront Display,IGST18,ItemAmount,true,Duty payment Parking,ST20250214 (1),99381000022557122,2025-05-05,"ZHEJIANG NEW VISION IMP & EXP  CO, LTD"
99381000022584040,9875576,,2025-05-05,INCOK1,,0.00,3209.79,0.00,0.00,18.000000,APCPQ DISPLAY STICKER,IGST18,ItemAmount,true,Duty payment Parking,ST20250214 (1),99381000022557122,2025-05-05,"ZHEJIANG NEW VISION IMP & EXP  CO, LTD"
99381000022584040,9875576,,2025-05-05,INCOK1,,0.00,3209.79,0.00,0.00,18.000000,ATMPCDQZ PAN BUSH,IGST18,ItemAmount,true,Duty payment Parking,ST20250214 (1),99381000022557122,2025-05-05,"ZHEJIANG NEW VISION IMP & EXP  CO, LTD"
99381000022584040,9875576,,2025-05-05,INCOK1,,0.00,3209.79,686.14,56.61,18.000000,ATMPCDQZ PAN,IGST18,ItemAmount,true,Duty payment Parking,ST20250214 (1),99381000022557122,2025-05-05,"ZHEJIANG NEW VISION IMP & EXP  CO, LTD"
99381000022584040,9875576,,2025-05-05,INCOK1,,0.00,3209.79,0.00,0.00,18.000000,APCPQ  FRONT DISPLAY STICKER,IGST18,ItemAmount,true,Duty payment Parking,ST20250214 (1),99381000022557122,2025-05-05,"ZHEJIANG NEW VISION IMP & EXP  CO, LTD"
99381000022863897,9876248,,2025-05-05,INCOK1,,0.00,5412.77,0.00,0.00,18.000000,AC MOTOR CCM,IGST18,ItemAmount,true,Duty payment Parking,20250226-1,99381000022863534,2025-05-05,"Zhejiang Chuanwei Electronic Technology Co., Ltd"
99381000022863897,9876248,,2025-05-05,INCOK1,,0.00,5412.77,0.00,0.00,18.000000,C.M TRANSFORMER CCM,IGST18,ItemAmount,true,Duty payment Parking,20250226-1,99381000022863534,2025-05-05,"Zhejiang Chuanwei Electronic Technology Co., Ltd"
99381000022863897,9876248,,2025-05-05,INCOK1,,0.00,5412.77,0.00,0.00,18.000000,C.M TRANSFORMER CCM  -AL800,IGST18,ItemAmount,true,Duty payment Parking,20250226-1,99381000022863534,2025-05-05,"Zhejiang Chuanwei Electronic Technology Co., Ltd"
99381000022863897,9876248,,2025-05-05,INCOK1,,0.00,5412.77,0.00,0.00,18.000000,CCM COUNTING SENSOR -AL800,IGST18,ItemAmount,true,Duty payment Parking,20250226-1,99381000022863534,2025-05-05,"Zhejiang Chuanwei Electronic Technology Co., Ltd"
99381000022863897,9876248,,2025-05-05,INCOK1,,0.00,5412.77,0.00,0.00,18.000000,CCM DISPLAY KEYPAD,IGST18,ItemAmount,true,Duty payment Parking,20250226-1,99381000022863534,2025-05-05,"Zhejiang Chuanwei Electronic Technology Co., Ltd"
99381000022863897,9876248,,2025-05-05,INCOK1,,0.00,5412.77,0.00,0.00,18.000000,CCM DISPLAY KEYPAD-AL800,IGST18,ItemAmount,true,Duty payment Parking,20250226-1,99381000022863534,2025-05-05,"Zhejiang Chuanwei Electronic Technology Co., Ltd"
99381000022863897,9876248,,2025-05-05,INCOK1,,0.00,5412.77,3666.10,302.44,18.000000,CCM DISPLAY UNIT FRONT,IGST18,ItemAmount,true,Duty payment Parking,20250226-1,99381000022863534,2025-05-05,"Zhejiang Chuanwei Electronic Technology Co., Ltd"
99381000022863897,9876248,,2025-05-05,INCOK1,,0.00,5412.77,0.00,0.00,18.000000,CCM DISPLAY UNIT FRONT,IGST18,ItemAmount,true,Duty payment Parking,20250226-1,99381000022863534,2025-05-05,"Zhejiang Chuanwei Electronic Technology Co., Ltd"
99381000022863897,9876248,,2025-05-05,INCOK1,,0.00,5412.77,0.00,0.00,18.000000,CCM DISPLAY UNIT FRONT - AL800,IGST18,ItemAmount,true,Duty payment Parking,20250226-1,99381000022863534,2025-05-05,"Zhejiang Chuanwei Electronic Technology Co., Ltd"
99381000022863897,9876248,,2025-05-05,INCOK1,,0.00,5412.77,0.00,0.00,18.000000,CCM LCD DISPLAY,IGST18,ItemAmount,true,Duty payment Parking,20250226-1,99381000022863534,2025-05-05,"Zhejiang Chuanwei Electronic Technology Co., Ltd"
99381000022863897,9876248,,2025-05-05,INCOK1,,0.00,5412.77,2396.72,197.72,18.000000,CCM ROTATE WHEEL,IGST18,ItemAmount,true,Duty payment Parking,20250226-1,99381000022863534,2025-05-05,"Zhejiang Chuanwei Electronic Technology Co., Ltd"
99381000022863897,9876248,,2025-05-05,INCOK1,,0.00,5412.77,0.00,0.00,18.000000,DC MOTOR CCM,IGST18,ItemAmount,true,Duty payment Parking,20250226-1,99381000022863534,2025-05-05,"Zhejiang Chuanwei Electronic Technology Co., Ltd"
99381000022863897,9876248,,2025-05-05,INCOK1,,0.00,5412.77,0.00,0.00,18.000000,DENOMINATION IR LED CCM,IGST18,ItemAmount,true,Duty payment Parking,20250226-1,99381000022863534,2025-05-05,"Zhejiang Chuanwei Electronic Technology Co., Ltd"
99381000022863897,9876248,,2025-05-05,INCOK1,,0.00,5412.77,0.00,0.00,18.000000,ENCODING SENSOR CCM,IGST18,ItemAmount,true,Duty payment Parking,20250226-1,99381000022863534,2025-05-05,"Zhejiang Chuanwei Electronic Technology Co., Ltd"
99381000022863897,9876248,,2025-05-05,INCOK1,,0.00,5412.77,0.00,0.00,18.000000,HOPPER SENSOR CCM-AL800,IGST18,ItemAmount,true,Duty payment Parking,20250226-1,99381000022863534,2025-05-05,"Zhejiang Chuanwei Electronic Technology Co., Ltd"
99381000022863897,9876248,,2025-05-05,INCOK1,,0.00,5412.77,4402.87,363.22,18.000000,MAGNETIC & DENOMINATION SENSOR WITH FRAME CCM,IGST18,ItemAmount,true,Duty payment Parking,20250226-1,99381000022863534,2025-05-05,"Zhejiang Chuanwei Electronic Technology Co., Ltd"
99381000022863897,9876248,,2025-05-05,INCOK1,,0.00,5412.77,1100.72,90.81,18.000000,MG Sensor CCM,IGST18,ItemAmount,true,Duty payment Parking,20250226-1,99381000022863534,2025-05-05,"Zhejiang Chuanwei Electronic Technology Co., Ltd"
99381000022863897,9876248,,2025-05-05,INCOK1,,0.00,5412.77,3666.10,302.44,18.000000,MOTHER BOARD CCM,IGST18,ItemAmount,true,Duty payment Parking,20250226-1,99381000022863534,2025-05-05,"Zhejiang Chuanwei Electronic Technology Co., Ltd"
99381000022863897,9876248,,2025-05-05,INCOK1,,0.00,5412.77,0.00,0.00,18.000000,MOTHER BOARD CCM,IGST18,ItemAmount,true,Duty payment Parking,20250226-1,99381000022863534,2025-05-05,"Zhejiang Chuanwei Electronic Technology Co., Ltd"
99381000022863897,9876248,,2025-05-05,INCOK1,,0.00,5412.77,0.00,0.00,18.000000,MOTHER BOARD CCM-AL800,IGST18,ItemAmount,true,Duty payment Parking,20250226-1,99381000022863534,2025-05-05,"Zhejiang Chuanwei Electronic Technology Co., Ltd"
99381000022863897,9876248,,2025-05-05,INCOK1,,0.00,5412.77,2139.30,176.48,18.000000,STACKER SENSOR (IR EMITTER & RECEIVER)CCM-AL800,IGST18,ItemAmount,true,Duty payment Parking,20250226-1,99381000022863534,2025-05-05,"Zhejiang Chuanwei Electronic Technology Co., Ltd"
99381000022863897,9876248,,2025-05-05,INCOK1,,0.00,5412.77,0.00,0.00,18.000000,UV SENSOR CCM,IGST18,ItemAmount,true,Duty payment Parking,20250226-1,99381000022863534,2025-05-05,"Zhejiang Chuanwei Electronic Technology Co., Ltd"
99381000022863897,9876248,,2025-05-05,INCOK1,,0.00,5412.77,2139.30,177.71,18.000000,UV SENSOR CCM,IGST18,ItemAmount,true,Duty payment Parking,20250226-1,99381000022863534,2025-05-05,"Zhejiang Chuanwei Electronic Technology Co., Ltd"
99381000022863897,9876248,,2025-05-05,INCOK1,,0.00,5412.77,0.00,0.00,18.000000,CAPACITOR -CCM,IGST18,ItemAmount,true,Duty payment Parking,20250226-1,99381000022863534,2025-05-05,"Zhejiang Chuanwei Electronic Technology Co., Ltd"
99381000022863897,9876248,,2025-05-05,INCOK1,,0.00,5412.77,0.00,0.00,18.000000,RUBBER PAD - CCM,IGST18,ItemAmount,true,Duty payment Parking,20250226-1,99381000022863534,2025-05-05,"Zhejiang Chuanwei Electronic Technology Co., Ltd"
99381000023805663,3604778,,2025-08-01,INCOK1,,0.00,1299014.76,169288.47,13966.30,18.000000,Bill  Printing scale Q74W,IGST18,ItemAmount,true,Duty payment Parking,YM2507007,99381000023770757,2025-08-05,Qidong Youming Weighing Apparatus Co. Ltd.
99381000023805663,3604778,,2025-08-01,INCOK1,,0.00,1299014.76,169288.47,13966.30,18.000000,Bill  Printing scale Q74W,IGST18,ItemAmount,true,Duty payment Parking,YM2507007,99381000023770757,2025-08-05,Qidong Youming Weighing Apparatus Co. Ltd.
99381000023805663,3604778,,2025-08-01,INCOK1,,0.00,1299014.76,169288.47,13966.30,18.000000,Bill  Printing scale Q74W,IGST18,ItemAmount,true,Duty payment Parking,YM2507007,99381000023770757,2025-08-05,Qidong Youming Weighing Apparatus Co. Ltd.
99381000023805663,3604778,,2025-08-01,INCOK1,,0.00,1299014.76,169288.47,13966.30,18.000000,Bill  Printing scale Q74W,IGST18,ItemAmount,true,Duty payment Parking,YM2507007,99381000023770757,2025-08-05,Qidong Youming Weighing Apparatus Co. Ltd.
99381000023805663,3604778,,2025-08-01,INCOK1,,0.00,1299014.76,1732931.43,142966.90,18.000000,Bill Printing scale Q8POS,IGST18,ItemAmount,true,Duty payment Parking,YM2507007,99381000023770757,2025-08-05,Qidong Youming Weighing Apparatus Co. Ltd.
99381000023805663,3604778,,2025-08-01,INCOK1,,0.00,1299014.76,1732931.43,142966.90,18.000000,Bill Printing scale Q8POS,IGST18,ItemAmount,true,Duty payment Parking,YM2507007,99381000023770757,2025-08-05,Qidong Youming Weighing Apparatus Co. Ltd.
99381000023805663,3604778,,2025-08-01,INCOK1,,0.00,1299014.76,1732931.43,142966.90,18.000000,Bill Printing scale Q8POS,IGST18,ItemAmount,true,Duty payment Parking,YM2507007,99381000023770757,2025-08-05,Qidong Youming Weighing Apparatus Co. Ltd.
99381000023805663,3604778,,2025-08-01,INCOK1,,0.00,1299014.76,1732931.43,142966.90,18.000000,Bill Printing scale Q8POS,IGST18,ItemAmount,true,Duty payment Parking,YM2507007,99381000023770757,2025-08-05,Qidong Youming Weighing Apparatus Co. Ltd.
99381000023805663,3604778,,2025-08-01,INCOK1,,0.00,1299014.76,305811.43,25229.50,18.000000,Bill Printing scale Q8POS (UB),IGST18,ItemAmount,true,Duty payment Parking,YM2507007,99381000023770757,2025-08-05,Qidong Youming Weighing Apparatus Co. Ltd.
99381000023805663,3604778,,2025-08-01,INCOK1,,0.00,1299014.76,305811.43,25229.50,18.000000,Bill Printing scale Q8POS (UB),IGST18,ItemAmount,true,Duty payment Parking,YM2507007,99381000023770757,2025-08-05,Qidong Youming Weighing Apparatus Co. Ltd.
99381000023805663,3604778,,2025-08-01,INCOK1,,0.00,1299014.76,305811.43,25229.50,18.000000,Bill Printing scale Q8POS (UB),IGST18,ItemAmount,true,Duty payment Parking,YM2507007,99381000023770757,2025-08-05,Qidong Youming Weighing Apparatus Co. Ltd.
99381000023805663,3604778,,2025-08-01,INCOK1,,0.00,1299014.76,305811.43,25229.50,18.000000,Bill Printing scale Q8POS (UB),IGST18,ItemAmount,true,Duty payment Parking,YM2507007,99381000023770757,2025-08-05,Qidong Youming Weighing Apparatus Co. Ltd.
99381000023805663,3604778,,2025-08-01,INCOK1,,0.00,1299014.76,1501752.55,123894.50,18.000000,Label Printing Scale Q9LBL,IGST18,ItemAmount,true,Duty payment Parking,YM2507007,99381000023770757,2025-08-05,Qidong Youming Weighing Apparatus Co. Ltd.
99381000023805663,3604778,,2025-08-01,INCOK1,,0.00,1299014.76,1501752.55,123894.50,18.000000,Label Printing Scale Q9LBL,IGST18,ItemAmount,true,Duty payment Parking,YM2507007,99381000023770757,2025-08-05,Qidong Youming Weighing Apparatus Co. Ltd.
99381000023805663,3604778,,2025-08-01,INCOK1,,0.00,1299014.76,1501752.55,123894.50,18.000000,Label Printing Scale Q9LBL,IGST18,ItemAmount,true,Duty payment Parking,YM2507007,99381000023770757,2025-08-05,Qidong Youming Weighing Apparatus Co. Ltd.
99381000023805663,3604778,,2025-08-01,INCOK1,,0.00,1299014.76,1501752.55,123894.50,18.000000,Label Printing Scale Q9LBL,IGST18,ItemAmount,true,Duty payment Parking,YM2507007,99381000023770757,2025-08-05,Qidong Youming Weighing Apparatus Co. Ltd.
99381000023805663,3604778,,2025-08-01,INCOK1,,0.00,1299014.76,500584.18,41298.20,18.000000,Label Printing scale Q9,IGST18,ItemAmount,true,Duty payment Parking,YM2507007,99381000023770757,2025-08-05,Qidong Youming Weighing Apparatus Co. Ltd.
99381000023805663,3604778,,2025-08-01,INCOK1,,0.00,1299014.76,500584.18,41298.20,18.000000,Label Printing scale Q9,IGST18,ItemAmount,true,Duty payment Parking,YM2507007,99381000023770757,2025-08-05,Qidong Youming Weighing Apparatus Co. Ltd.
99381000023805663,3604778,,2025-08-01,INCOK1,,0.00,1299014.76,500584.18,41298.20,18.000000,Label Printing scale Q9,IGST18,ItemAmount,true,Duty payment Parking,YM2507007,99381000023770757,2025-08-05,Qidong Youming Weighing Apparatus Co. Ltd.
99381000023805663,3604778,,2025-08-01,INCOK1,,0.00,1299014.76,500584.18,41298.20,18.000000,Label Printing scale Q9,IGST18,ItemAmount,true,Duty payment Parking,YM2507007,99381000023770757,2025-08-05,Qidong Youming Weighing Apparatus Co. Ltd.
99381000023805663,3604778,,2025-08-01,INCOK1,,0.00,1299014.76,259393.62,21400.00,18.000000,HANGING SCALE TMA,IGST18,ItemAmount,true,Duty payment Parking,YM2507007,99381000023770757,2025-08-05,Qidong Youming Weighing Apparatus Co. Ltd.
99381000023805663,3604778,,2025-08-01,INCOK1,,0.00,1299014.76,259393.62,21400.00,18.000000,HANGING SCALE TMA,IGST18,ItemAmount,true,Duty payment Parking,YM2507007,99381000023770757,2025-08-05,Qidong Youming Weighing Apparatus Co. Ltd.
99381000023805663,3604778,,2025-08-01,INCOK1,,0.00,1299014.76,259393.62,21400.00,18.000000,HANGING SCALE TMA,IGST18,ItemAmount,true,Duty payment Parking,YM2507007,99381000023770757,2025-08-05,Qidong Youming Weighing Apparatus Co. Ltd.
99381000023805663,3604778,,2025-08-01,INCOK1,,0.00,1299014.76,259393.62,21400.00,18.000000,HANGING SCALE TMA,IGST18,ItemAmount,true,Duty payment Parking,YM2507007,99381000023770757,2025-08-05,Qidong Youming Weighing Apparatus Co. Ltd.
99381000023805663,3604778,,2025-08-01,INCOK1,,0.00,1299014.76,54609.18,6007.00,18.000000,Cash Box,IGST18,ItemAmount,true,Duty payment Parking,YM2507007,99381000023770757,2025-08-05,Qidong Youming Weighing Apparatus Co. Ltd.
99381000023805663,3604778,,2025-08-01,INCOK1,,0.00,1299014.76,54609.18,6007.00,18.000000,Cash Box,IGST18,ItemAmount,true,Duty payment Parking,YM2507007,99381000023770757,2025-08-05,Qidong Youming Weighing Apparatus Co. Ltd.
99381000023805663,3604778,,2025-08-01,INCOK1,,0.00,1299014.76,54609.18,6007.00,18.000000,Cash Box,IGST18,ItemAmount,true,Duty payment Parking,YM2507007,99381000023770757,2025-08-05,Qidong Youming Weighing Apparatus Co. Ltd.
99381000023805663,3604778,,2025-08-01,INCOK1,,0.00,1299014.76,54609.18,6007.00,18.000000,Cash Box,IGST18,ItemAmount,true,Duty payment Parking,YM2507007,99381000023770757,2025-08-05,Qidong Youming Weighing Apparatus Co. Ltd.
99381000023805663,3604778,,2025-08-01,INCOK1,,0.00,1299014.76,152905.71,12614.70,18.000000,Label Indicator,IGST18,ItemAmount,true,Duty payment Parking,YM2507007,99381000023770757,2025-08-05,Qidong Youming Weighing Apparatus Co. Ltd.
99381000023805663,3604778,,2025-08-01,INCOK1,,0.00,1299014.76,152905.71,12614.70,18.000000,Label Indicator,IGST18,ItemAmount,true,Duty payment Parking,YM2507007,99381000023770757,2025-08-05,Qidong Youming Weighing Apparatus Co. Ltd.
99381000023805663,3604778,,2025-08-01,INCOK1,,0.00,1299014.76,152905.71,12614.70,18.000000,Label Indicator,IGST18,ItemAmount,true,Duty payment Parking,YM2507007,99381000023770757,2025-08-05,Qidong Youming Weighing Apparatus Co. Ltd.
99381000023805663,3604778,,2025-08-01,INCOK1,,0.00,1299014.76,152905.71,12614.70,18.000000,Label Indicator,IGST18,ItemAmount,true,Duty payment Parking,YM2507007,99381000023770757,2025-08-05,Qidong Youming Weighing Apparatus Co. Ltd.
99381000024212831,3604778,,2025-08-01,INCOK1,,0.00,55787.50,1000.72,82.56,18.000000,ECS5W POWER SUPPLY BOARD,IGST18,ItemAmount,true,Duty payment Parking,YM2507007-1,99381000023878698,2025-08-01,Qidong Youming Weighing Apparatus Co. Ltd.
99381000024212831,3604778,,2025-08-01,INCOK1,,0.00,55787.50,38427.50,3170.30,18.000000,ECS5W MOTHER BOARD,IGST18,ItemAmount,true,Duty payment Parking,YM2507007-1,99381000023878698,2025-08-01,Qidong Youming Weighing Apparatus Co. Ltd.
99381000024212831,3604778,,2025-08-01,INCOK1,,0.00,55787.50,7505.40,619.20,18.000000,ECS5W / 4W/Q10 KEYBOARD,IGST18,ItemAmount,true,Duty payment Parking,YM2507007-1,99381000023878698,2025-08-01,Qidong Youming Weighing Apparatus Co. Ltd.
99381000024212831,3604778,,2025-08-01,INCOK1,,0.00,55787.50,4503.20,371.50,18.000000,ECS5W / 4W/Q10 DISPLAY BACK,IGST18,ItemAmount,true,Duty payment Parking,YM2507007-1,99381000023878698,2025-08-01,Qidong Youming Weighing Apparatus Co. Ltd.
99381000024212831,3604778,,2025-08-01,INCOK1,,0.00,55787.50,140.10,11.60,18.000000,ECS 5W LOAD CELL,IGST18,ItemAmount,true,Duty payment Parking,YM2507007-1,99381000023878698,2025-08-01,Qidong Youming Weighing Apparatus Co. Ltd.
99381000024212831,3604778,,2025-08-01,INCOK1,,0.00,55787.50,0.00,0.00,18.000000,ECS5W DUST COVER,IGST18,ItemAmount,true,Duty payment Parking,YM2507007-1,99381000023878698,2025-08-01,Qidong Youming Weighing Apparatus Co. Ltd.
99381000024212831,3604778,,2025-08-01,INCOK1,,0.00,55787.50,0.00,0.00,18.000000,ECS4W DUST COVER,IGST18,ItemAmount,true,Duty payment Parking,YM2507007-1,99381000023878698,2025-08-01,Qidong Youming Weighing Apparatus Co. Ltd.
99381000024212831,3604778,,2025-08-01,INCOK1,,0.00,55787.50,24017.20,1981.40,18.000000,ECR Display set Front,IGST18,ItemAmount,true,Duty payment Parking,YM2507007-1,99381000023878698,2025-08-01,Qidong Youming Weighing Apparatus Co. Ltd.
99381000024212831,3604778,,2025-08-01,INCOK1,,0.00,55787.50,11007.90,908.20,18.000000,Q8/Q9 LABEL SMPS 20V,IGST18,ItemAmount,true,Duty payment Parking,YM2507007-1,99381000023878698,2025-08-01,Qidong Youming Weighing Apparatus Co. Ltd.
99381000024212831,3604778,,2025-08-01,INCOK1,,0.00,55787.50,960.70,79.30,18.000000,Display Led Green,IGST18,ItemAmount,true,Duty payment Parking,YM2507007-1,99381000023878698,2025-08-01,Qidong Youming Weighing Apparatus Co. Ltd.
99381000024212831,3604778,,2025-08-01,INCOK1,,0.00,55787.50,1000.70,82.60,18.000000,Display Led White,IGST18,ItemAmount,true,Duty payment Parking,YM2507007-1,99381000023878698,2025-08-01,Qidong Youming Weighing Apparatus Co. Ltd.
99381000024212831,3604778,,2025-08-01,INCOK1,,0.00,55787.50,42030.10,3467.50,18.000000,ECR PRINTER METAL CASE,IGST18,ItemAmount,true,Duty payment Parking,YM2507007-1,99381000023878698,2025-08-01,Qidong Youming Weighing Apparatus Co. Ltd.
99381000024212831,3604778,,2025-08-01,INCOK1,,0.00,55787.50,500.40,41.30,18.000000,LBL INDICATOR KEYPAD,IGST18,ItemAmount,true,Duty payment Parking,YM2507007-1,99381000023878698,2025-08-01,Qidong Youming Weighing Apparatus Co. Ltd.
99381000024212831,3604778,,2025-08-01,INCOK1,,0.00,55787.50,0.00,0.00,18.000000,Q9LBL PRINT HEAD,IGST18,ItemAmount,true,Duty payment Parking,YM2507007-1,99381000023878698,2025-08-01,Qidong Youming Weighing Apparatus Co. Ltd.
99381000024212831,3604778,,2025-08-01,INCOK1,,0.00,55787.50,70050.10,5779.10,18.000000,ECS5W PRINTER ROLLER WITH HEAD,IGST18,ItemAmount,true,Duty payment Parking,YM2507007-1,99381000023878698,2025-08-01,Qidong Youming Weighing Apparatus Co. Ltd.
99381000024461633,4135116,,2025-09-01,INCOK1,,0.00,861687.23,335495.47,27678.40,18.000000,PRICE COMPUTING SCALE (RED-AD-ECONOMY),IGST18,ItemAmount,true,Duty payment Parking,YKSP250189,99381000024419496,2025-09-04,ZHEJIANG SIFANG IMPORT & EXPORT CO LTD- AD
99381000024461633,4135116,,2025-09-01,INCOK1,,0.00,861687.23,335495.47,27678.40,18.000000,PRICE COMPUTING SCALE (RED-AD-ECONOMY),IGST18,ItemAmount,true,Duty payment Parking,YKSP250189,99381000024419496,2025-09-04,ZHEJIANG SIFANG IMPORT & EXPORT CO LTD- AD
99381000024461633,4135116,,2025-09-01,INCOK1,,0.00,861687.23,335495.47,27678.40,18.000000,PRICE COMPUTING SCALE (RED-AD-ECONOMY),IGST18,ItemAmount,true,Duty payment Parking,YKSP250189,99381000024419496,2025-09-04,ZHEJIANG SIFANG IMPORT & EXPORT CO LTD- AD
99381000024461633,4135116,,2025-09-01,INCOK1,,0.00,861687.23,335495.47,27678.40,18.000000,PRICE COMPUTING SCALE (RED-AD-ECONOMY),IGST18,ItemAmount,true,Duty payment Parking,YKSP250189,99381000024419496,2025-09-04,ZHEJIANG SIFANG IMPORT & EXPORT CO LTD- AD
99381000024461633,4135116,,2025-09-01,INCOK1,,0.00,861687.23,324732.90,26790.50,18.000000,TABLE TOP SCALE PC (RED-AD),IGST18,ItemAmount,true,Duty payment Parking,YKSP250189,99381000024419496,2025-09-04,ZHEJIANG SIFANG IMPORT & EXPORT CO LTD- AD
99381000024461633,4135116,,2025-09-01,INCOK1,,0.00,861687.23,324732.90,26790.50,18.000000,TABLE TOP SCALE PC (RED-AD),IGST18,ItemAmount,true,Duty payment Parking,YKSP250189,99381000024419496,2025-09-04,ZHEJIANG SIFANG IMPORT & EXPORT CO LTD- AD
99381000024461633,4135116,,2025-09-01,INCOK1,,0.00,861687.23,324732.90,26790.50,18.000000,TABLE TOP SCALE PC (RED-AD),IGST18,ItemAmount,true,Duty payment Parking,YKSP250189,99381000024419496,2025-09-04,ZHEJIANG SIFANG IMPORT & EXPORT CO LTD- AD
99381000024461633,4135116,,2025-09-01,INCOK1,,0.00,861687.23,324732.90,26790.50,18.000000,TABLE TOP SCALE PC (RED-AD),IGST18,ItemAmount,true,Duty payment Parking,YKSP250189,99381000024419496,2025-09-04,ZHEJIANG SIFANG IMPORT & EXPORT CO LTD- AD
99381000024461633,4135116,,2025-09-01,INCOK1,,0.00,861687.23,1558717.90,128594.20,18.000000,PLATFORM SCALE -BENCH (FG-AD1),IGST18,ItemAmount,true,Duty payment Parking,YKSP250189,99381000024419496,2025-09-04,ZHEJIANG SIFANG IMPORT & EXPORT CO LTD- AD
99381000024461633,4135116,,2025-09-01,INCOK1,,0.00,861687.23,1558717.90,128594.20,18.000000,PLATFORM SCALE -BENCH (FG-AD1),IGST18,ItemAmount,true,Duty payment Parking,YKSP250189,99381000024419496,2025-09-04,ZHEJIANG SIFANG IMPORT & EXPORT CO LTD- AD
99381000024461633,4135116,,2025-09-01,INCOK1,,0.00,861687.23,1558717.90,128594.20,18.000000,PLATFORM SCALE -BENCH (FG-AD1),IGST18,ItemAmount,true,Duty payment Parking,YKSP250189,99381000024419496,2025-09-04,ZHEJIANG SIFANG IMPORT & EXPORT CO LTD- AD
99381000024461633,4135116,,2025-09-01,INCOK1,,0.00,861687.23,1558717.90,128594.20,18.000000,PLATFORM SCALE -BENCH (FG-AD1),IGST18,ItemAmount,true,Duty payment Parking,YKSP250189,99381000024419496,2025-09-04,ZHEJIANG SIFANG IMPORT & EXPORT CO LTD- AD
99381000024461633,4135116,,2025-09-01,INCOK1,,0.00,861687.23,887912.52,73252.70,18.000000,Platform Scale Full SS -50AD,IGST18,ItemAmount,true,Duty payment Parking,YKSP250189,99381000024419496,2025-09-04,ZHEJIANG SIFANG IMPORT & EXPORT CO LTD- AD
99381000024461633,4135116,,2025-09-01,INCOK1,,0.00,861687.23,887912.52,73252.70,18.000000,Platform Scale Full SS -50AD,IGST18,ItemAmount,true,Duty payment Parking,YKSP250189,99381000024419496,2025-09-04,ZHEJIANG SIFANG IMPORT & EXPORT CO LTD- AD
99381000024461633,4135116,,2025-09-01,INCOK1,,0.00,861687.23,887912.52,73252.70,18.000000,Platform Scale Full SS -50AD,IGST18,ItemAmount,true,Duty payment Parking,YKSP250189,99381000024419496,2025-09-04,ZHEJIANG SIFANG IMPORT & EXPORT CO LTD- AD
99381000024461633,4135116,,2025-09-01,INCOK1,,0.00,861687.23,887912.52,73252.70,18.000000,Platform Scale Full SS -50AD,IGST18,ItemAmount,true,Duty payment Parking,YKSP250189,99381000024419496,2025-09-04,ZHEJIANG SIFANG IMPORT & EXPORT CO LTD- AD
99381000024585125,4135116,,2025-09-01,INCOK1,,0.00,10076.77,5566.85,459.27,18.000000,ATM30DAD1 Display front and back (dual LED),IGST18,ItemAmount,true,Duty payment Parking,YKSP250189,99381000024584734,2025-09-01,ZHEJIANG SIFANG IMPORT & EXPORT CO LTD- AD
99381000024585125,4135116,,2025-09-01,INCOK1,,0.00,10076.77,0.00,0.00,18.000000,ATM30DAD1 Display front and back (dual LED),IGST18,ItemAmount,true,Duty payment Parking,YKSP250189,99381000024584734,2025-09-01,ZHEJIANG SIFANG IMPORT & EXPORT CO LTD- AD
99381000024585125,4135116,,2025-09-01,INCOK1,,0.00,10076.77,10669.80,880.27,18.000000,BY Display Bench Front and Back (Green LED),IGST18,ItemAmount,true,Duty payment Parking,YKSP250189,99381000024584734,2025-09-01,ZHEJIANG SIFANG IMPORT & EXPORT CO LTD- AD
99381000024585125,4135116,,2025-09-01,INCOK1,,0.00,10076.77,0.00,0.00,18.000000,BY Display Bench Front and Back (Green LED),IGST18,ItemAmount,true,Duty payment Parking,YKSP250189,99381000024584734,2025-09-01,ZHEJIANG SIFANG IMPORT & EXPORT CO LTD- AD
99381000024585125,4135116,,2025-09-01,INCOK1,,0.00,10076.77,4453.48,367.42,18.000000,BY Motherboard Bench & ATMPCP,IGST18,ItemAmount,true,Duty payment Parking,YKSP250189,99381000024584734,2025-09-01,ZHEJIANG SIFANG IMPORT & EXPORT CO LTD- AD
99381000024585125,4135116,,2025-09-01,INCOK1,,0.00,10076.77,55.67,4.59,18.000000,BY Motherboard Bench & ATMPCP,IGST18,ItemAmount,true,Duty payment Parking,YKSP250189,99381000024584734,2025-09-01,ZHEJIANG SIFANG IMPORT & EXPORT CO LTD- AD
99381000024585125,4135116,,2025-09-01,INCOK1,,0.00,10076.77,1391.71,114.82,18.000000,ATM30RAD TOP BODY CASE,IGST18,ItemAmount,true,Duty payment Parking,YKSP250189,99381000024584734,2025-09-01,ZHEJIANG SIFANG IMPORT & EXPORT CO LTD- AD
99381000024585125,4135116,,2025-09-01,INCOK1,,0.00,10076.77,2597.86,214.33,18.000000,Bench PC Step Down Transformer (Output: 6.5v AC),IGST18,ItemAmount,true,Duty payment Parking,YKSP250189,99381000024584734,2025-09-01,ZHEJIANG SIFANG IMPORT & EXPORT CO LTD- AD
99381000024585125,4135116,,2025-09-01,INCOK1,,0.00,10076.77,417.51,34.45,18.000000,DUST COVER FOR DY5030FGAD1,IGST18,ItemAmount,true,Duty payment Parking,YKSP250189,99381000024584734,2025-09-01,ZHEJIANG SIFANG IMPORT & EXPORT CO LTD- AD
99381000024585125,4135116,,2025-09-01,INCOK1,,0.00,10076.77,417.51,34.45,18.000000,DUST COVER FOR DY5030GGAD1,IGST18,ItemAmount,true,Duty payment Parking,YKSP250189,99381000024584734,2025-09-01,ZHEJIANG SIFANG IMPORT & EXPORT CO LTD- AD
99381000024585125,4135116,,2025-09-01,INCOK1,,0.00,10076.77,0.00,0.00,18.000000,OVERLAY STICKER ATM30RAD FRONT,IGST18,ItemAmount,true,Duty payment Parking,YKSP250189,99381000024584734,2025-09-01,ZHEJIANG SIFANG IMPORT & EXPORT CO LTD- AD
99381000024585125,4135116,,2025-09-01,INCOK1,,0.00,10076.77,0.00,0.00,18.000000,OVERLAY STICKER ATM30RAD BACK,IGST18,ItemAmount,true,Duty payment Parking,YKSP250189,99381000024584734,2025-09-01,ZHEJIANG SIFANG IMPORT & EXPORT CO LTD- AD
99381000024585125,4135116,,2025-09-01,INCOK1,,0.00,10076.77,0.00,0.00,18.000000,OVERLAY STICKER ATM30DADEC FRONT,IGST18,ItemAmount,true,Duty payment Parking,YKSP250189,99381000024584734,2025-09-01,ZHEJIANG SIFANG IMPORT & EXPORT CO LTD- AD
99381000024585125,4135116,,2025-09-01,INCOK1,,0.00,10076.77,0.00,0.00,18.000000,OVERLAY STICKER ATM30DADEC  BACK,IGST18,ItemAmount,true,Duty payment Parking,YKSP250189,99381000024584734,2025-09-01,ZHEJIANG SIFANG IMPORT & EXPORT CO LTD- AD
99381000024585125,4135116,,2025-09-01,INCOK1,,0.00,10076.77,0.00,0.00,18.000000,OVERLAY STICKER BENCH FRONT,IGST18,ItemAmount,true,Duty payment Parking,YKSP250189,99381000024584734,2025-09-01,ZHEJIANG SIFANG IMPORT & EXPORT CO LTD- AD
99381000024585125,4135116,,2025-09-01,INCOK1,,0.00,10076.77,0.00,0.00,18.000000,OVERLAY STICKER BENCH BACK,IGST18,ItemAmount,true,Duty payment Parking,YKSP250189,99381000024584734,2025-09-01,ZHEJIANG SIFANG IMPORT & EXPORT CO LTD- AD
99381000024585125,4135116,,2025-09-01,INCOK1,,0.00,10076.77,6123.53,505.24,18.000000,Bench PLT Loadcell 180kg,IGST18,ItemAmount,true,Duty payment Parking,YKSP250189,99381000024584734,2025-09-01,ZHEJIANG SIFANG IMPORT & EXPORT CO LTD- AD
99381000024585125,4135116,,2025-09-01,INCOK1,,0.00,10076.77,4639.04,382.48,18.000000,Bench PLT Loadcell 350kg,IGST18,ItemAmount,true,Duty payment Parking,YKSP250189,99381000024584734,2025-09-01,ZHEJIANG SIFANG IMPORT & EXPORT CO LTD- AD
99381000024585125,4135116,,2025-09-01,INCOK1,,0.00,10076.77,0.00,0.00,18.000000,SWITCH 2 WAY,IGST18,ItemAmount,true,Duty payment Parking,YKSP250189,99381000024584734,2025-09-01,ZHEJIANG SIFANG IMPORT & EXPORT CO LTD- AD
99381000025281081,4970349,,2025-10-08,INCOK1,,0.00,1269967.15,216758.32,17882.60,18.000000,Bill  Printing scale Q74W,IGST18,ItemAmount,true,Duty payment Parking,YM2509010,99381000025112664,2025-10-08,Qidong Youming Weighing Apparatus Co. Ltd.
99381000025281081,4970349,,2025-10-08,INCOK1,,0.00,1269967.15,216758.32,17882.60,18.000000,Bill  Printing scale Q74W,IGST18,ItemAmount,true,Duty payment Parking,YM2509010,99381000025112664,2025-10-08,Qidong Youming Weighing Apparatus Co. Ltd.
99381000025281081,4970349,,2025-10-08,INCOK1,,0.00,1269967.15,216758.32,17882.60,18.000000,Bill  Printing scale Q74W,IGST18,ItemAmount,true,Duty payment Parking,YM2509010,99381000025112664,2025-10-08,Qidong Youming Weighing Apparatus Co. Ltd.
99381000025281081,4970349,,2025-10-08,INCOK1,,0.00,1269967.15,216758.32,17882.60,18.000000,Bill  Printing scale Q74W,IGST18,ItemAmount,true,Duty payment Parking,YM2509010,99381000025112664,2025-10-08,Qidong Youming Weighing Apparatus Co. Ltd.
99381000025281081,4970349,,2025-10-08,INCOK1,,0.00,1269967.15,1608020.42,132661.70,18.000000,Bill Printing scale Q8POS,IGST18,ItemAmount,true,Duty payment Parking,YM2509010,99381000025112664,2025-10-08,Qidong Youming Weighing Apparatus Co. Ltd.
99381000025281081,4970349,,2025-10-08,INCOK1,,0.00,1269967.15,1608020.42,132661.70,18.000000,Bill Printing scale Q8POS,IGST18,ItemAmount,true,Duty payment Parking,YM2509010,99381000025112664,2025-10-08,Qidong Youming Weighing Apparatus Co. Ltd.
99381000025281081,4970349,,2025-10-08,INCOK1,,0.00,1269967.15,1608020.42,132661.70,18.000000,Bill Printing scale Q8POS,IGST18,ItemAmount,true,Duty payment Parking,YM2509010,99381000025112664,2025-10-08,Qidong Youming Weighing Apparatus Co. Ltd.
99381000025281081,4970349,,2025-10-08,INCOK1,,0.00,1269967.15,1608020.42,132661.70,18.000000,Bill Printing scale Q8POS,IGST18,ItemAmount,true,Duty payment Parking,YM2509010,99381000025112664,2025-10-08,Qidong Youming Weighing Apparatus Co. Ltd.
99381000025281081,4970349,,2025-10-08,INCOK1,,0.00,1269967.15,313250.73,25843.20,18.000000,Bill Printing scale Q8POS (UB),IGST18,ItemAmount,true,Duty payment Parking,YM2509010,99381000025112664,2025-10-08,Qidong Youming Weighing Apparatus Co. Ltd.
99381000025281081,4970349,,2025-10-08,INCOK1,,0.00,1269967.15,313250.73,25843.20,18.000000,Bill Printing scale Q8POS (UB),IGST18,ItemAmount,true,Duty payment Parking,YM2509010,99381000025112664,2025-10-08,Qidong Youming Weighing Apparatus Co. Ltd.
99381000025281081,4970349,,2025-10-08,INCOK1,,0.00,1269967.15,313250.73,25843.20,18.000000,Bill Printing scale Q8POS (UB),IGST18,ItemAmount,true,Duty payment Parking,YM2509010,99381000025112664,2025-10-08,Qidong Youming Weighing Apparatus Co. Ltd.
99381000025281081,4970349,,2025-10-08,INCOK1,,0.00,1269967.15,313250.73,25843.20,18.000000,Bill Printing scale Q8POS (UB),IGST18,ItemAmount,true,Duty payment Parking,YM2509010,99381000025112664,2025-10-08,Qidong Youming Weighing Apparatus Co. Ltd.
99381000025281081,4970349,,2025-10-08,INCOK1,,0.00,1269967.15,1917728.43,158212.60,18.000000,Label Printing Scale Q9LBL,IGST18,ItemAmount,true,Duty payment Parking,YM2509010,99381000025112664,2025-10-08,Qidong Youming Weighing Apparatus Co. Ltd.
99381000025281081,4970349,,2025-10-08,INCOK1,,0.00,1269967.15,1917728.43,158212.60,18.000000,Label Printing Scale Q9LBL,IGST18,ItemAmount,true,Duty payment Parking,YM2509010,99381000025112664,2025-10-08,Qidong Youming Weighing Apparatus Co. Ltd.
99381000025281081,4970349,,2025-10-08,INCOK1,,0.00,1269967.15,1917728.43,158212.60,18.000000,Label Printing Scale Q9LBL,IGST18,ItemAmount,true,Duty payment Parking,YM2509010,99381000025112664,2025-10-08,Qidong Youming Weighing Apparatus Co. Ltd.
99381000025281081,4970349,,2025-10-08,INCOK1,,0.00,1269967.15,1917728.43,158212.60,18.000000,Label Printing Scale Q9LBL,IGST18,ItemAmount,true,Duty payment Parking,YM2509010,99381000025112664,2025-10-08,Qidong Youming Weighing Apparatus Co. Ltd.
99381000025281081,4970349,,2025-10-08,INCOK1,,0.00,1269967.15,512761.61,42302.80,18.000000,Label Printing scale Q9,IGST18,ItemAmount,true,Duty payment Parking,YM2509010,99381000025112664,2025-10-08,Qidong Youming Weighing Apparatus Co. Ltd.
99381000025281081,4970349,,2025-10-08,INCOK1,,0.00,1269967.15,512761.61,42302.80,18.000000,Label Printing scale Q9,IGST18,ItemAmount,true,Duty payment Parking,YM2509010,99381000025112664,2025-10-08,Qidong Youming Weighing Apparatus Co. Ltd.
99381000025281081,4970349,,2025-10-08,INCOK1,,0.00,1269967.15,512761.61,42302.80,18.000000,Label Printing scale Q9,IGST18,ItemAmount,true,Duty payment Parking,YM2509010,99381000025112664,2025-10-08,Qidong Youming Weighing Apparatus Co. Ltd.
99381000025281081,4970349,,2025-10-08,INCOK1,,0.00,1269967.15,512761.61,42302.80,18.000000,Label Printing scale Q9,IGST18,ItemAmount,true,Duty payment Parking,YM2509010,99381000025112664,2025-10-08,Qidong Youming Weighing Apparatus Co. Ltd.
99381000025281081,4970349,,2025-10-08,INCOK1,,0.00,1269967.15,9322.94,1025.50,18.000000,Cash Box,IGST18,ItemAmount,true,Duty payment Parking,YM2509010,99381000025112664,2025-10-08,Qidong Youming Weighing Apparatus Co. Ltd.
99381000025281081,4970349,,2025-10-08,INCOK1,,0.00,1269967.15,9322.94,1025.50,18.000000,Cash Box,IGST18,ItemAmount,true,Duty payment Parking,YM2509010,99381000025112664,2025-10-08,Qidong Youming Weighing Apparatus Co. Ltd.
99381000025281081,4970349,,2025-10-08,INCOK1,,0.00,1269967.15,9322.94,1025.50,18.000000,Cash Box,IGST18,ItemAmount,true,Duty payment Parking,YM2509010,99381000025112664,2025-10-08,Qidong Youming Weighing Apparatus Co. Ltd.
99381000025281081,4970349,,2025-10-08,INCOK1,,0.00,1269967.15,9322.94,1025.50,18.000000,Cash Box,IGST18,ItemAmount,true,Duty payment Parking,YM2509010,99381000025112664,2025-10-08,Qidong Youming Weighing Apparatus Co. Ltd.
99381000025412472,4970349,,2025-10-08,INCOK1,,0.00,41759.85,0.00,0.00,18.000000,Q9LBL PRINTER MOTHERBOARD,IGST18,ItemAmount,true,Duty payment Parking,YM2509010-1,99381000025412119,2025-10-08,Qidong Youming Weighing Apparatus Co. Ltd.
99381000025412472,4970349,,2025-10-08,INCOK1,,0.00,41759.85,41020.94,3384.23,18.000000,Q8/Q9 LABEL SMPS 20V,IGST18,ItemAmount,true,Duty payment Parking,YM2509010-1,99381000025412119,2025-10-08,Qidong Youming Weighing Apparatus Co. Ltd.
99381000025412472,4970349,,2025-10-08,INCOK1,,0.00,41759.85,46614.70,3845.69,18.000000,Q8/Q9LBL /Q10 KEYPAD BOARD,IGST18,ItemAmount,true,Duty payment Parking,YM2509010-1,99381000025412119,2025-10-08,Qidong Youming Weighing Apparatus Co. Ltd.
99381000025412472,4970349,,2025-10-08,INCOK1,,0.00,41759.85,0.00,0.00,18.000000,ECS5W POWER SUPPLY BOARD,IGST18,ItemAmount,true,Duty payment Parking,YM2509010-1,99381000025412119,2025-10-08,Qidong Youming Weighing Apparatus Co. Ltd.
99381000025412472,4970349,,2025-10-08,INCOK1,,0.00,41759.85,0.00,0.00,18.000000,ECS5W Pan support Leg,IGST18,ItemAmount,true,Duty payment Parking,YM2509010-1,99381000025412119,2025-10-08,Qidong Youming Weighing Apparatus Co. Ltd.
99381000025412472,4970349,,2025-10-08,INCOK1,,0.00,41759.85,13984.41,1153.71,18.000000,ECS5W / 4W/Q10 KEYBOARD,IGST18,ItemAmount,true,Duty payment Parking,YM2509010-1,99381000025412119,2025-10-08,Qidong Youming Weighing Apparatus Co. Ltd.
99381000025412472,4970349,,2025-10-08,INCOK1,,0.00,41759.85,0.00,0.00,18.000000,ECS5W SMPS 7V,IGST18,ItemAmount,true,Duty payment Parking,YM2509010-1,99381000025412119,2025-10-08,Qidong Youming Weighing Apparatus Co. Ltd.
99381000025412472,4970349,,2025-10-08,INCOK1,,0.00,41759.85,0.00,0.00,18.000000,ECS5W DISPLAY SET FRONT,IGST18,ItemAmount,true,Duty payment Parking,YM2509010-1,99381000025412119,2025-10-08,Qidong Youming Weighing Apparatus Co. Ltd.
99381000025412472,4970349,,2025-10-08,INCOK1,,0.00,41759.85,12585.97,1038.38,18.000000,ECS5W / 4W/Q10 DISPLAY BACK,IGST18,ItemAmount,true,Duty payment Parking,YM2509010-1,99381000025412119,2025-10-08,Qidong Youming Weighing Apparatus Co. Ltd.
99381000025412472,4970349,,2025-10-08,INCOK1,,0.00,41759.85,18645.87,1538.58,18.000000,Q9LBL PRINTER,IGST18,ItemAmount,true,Duty payment Parking,YM2509010-1,99381000025412119,2025-10-08,Qidong Youming Weighing Apparatus Co. Ltd.
99381000025412472,4970349,,2025-10-08,INCOK1,,0.00,41759.85,0.00,0.00,18.000000,Q9LBL KEYBOARD STICKER,IGST18,ItemAmount,true,Duty payment Parking,YM2509010-1,99381000025412119,2025-10-08,Qidong Youming Weighing Apparatus Co. Ltd.
99381000025412472,4970349,,2025-10-08,INCOK1,,0.00,41759.85,0.00,0.00,18.000000,ECS PRINTER GEAR SMALL,IGST18,ItemAmount,true,Duty payment Parking,YM2509010-1,99381000025412119,2025-10-08,Qidong Youming Weighing Apparatus Co. Ltd.
99381000025412472,4970349,,2025-10-08,INCOK1,,0.00,41759.85,0.00,0.00,18.000000,ECS PRINTER GEAR BIG,IGST18,ItemAmount,true,Duty payment Parking,YM2509010-1,99381000025412119,2025-10-08,Qidong Youming Weighing Apparatus Co. Ltd.
99381000025412472,4970349,,2025-10-08,INCOK1,,0.00,41759.85,17713.59,1461.50,18.000000,ECS INDICATOR / ECS 4W DISPLAY  FRONT,IGST18,ItemAmount,true,Duty payment Parking,YM2509010-1,99381000025412119,2025-10-08,Qidong Youming Weighing Apparatus Co. Ltd.
99381000025412472,4970349,,2025-10-08,INCOK1,,0.00,41759.85,0.00,0.00,18.000000,Q8LBL Dot Matrix Display Set,IGST18,ItemAmount,true,Duty payment Parking,YM2509010-1,99381000025412119,2025-10-08,Qidong Youming Weighing Apparatus Co. Ltd.
99381000025528251,5167169,,2025-10-17,INCOK1,,0.00,946435.09,459708.20,37925.90,18.000000,PRICE COMPUTING SCALE WITH POLE-GREEN,IGST18,ItemAmount,true,Duty payment Parking,ST20250723,99381000025321237,2025-10-23,"ZHEJIANG NEW VISION IMP & EXP  CO, LTD"
99381000025528251,5167169,,2025-10-17,INCOK1,,0.00,946435.09,459708.20,37925.90,18.000000,PRICE COMPUTING SCALE WITH POLE-GREEN,IGST18,ItemAmount,true,Duty payment Parking,ST20250723,99381000025321237,2025-10-23,"ZHEJIANG NEW VISION IMP & EXP  CO, LTD"
99381000025528251,5167169,,2025-10-17,INCOK1,,0.00,946435.09,459708.20,37925.90,18.000000,PRICE COMPUTING SCALE WITH POLE-GREEN,IGST18,ItemAmount,true,Duty payment Parking,ST20250723,99381000025321237,2025-10-23,"ZHEJIANG NEW VISION IMP & EXP  CO, LTD"
99381000025528251,5167169,,2025-10-17,INCOK1,,0.00,946435.09,459708.20,37925.90,18.000000,PRICE COMPUTING SCALE WITH POLE-GREEN,IGST18,ItemAmount,true,Duty payment Parking,ST20250723,99381000025321237,2025-10-23,"ZHEJIANG NEW VISION IMP & EXP  CO, LTD"
99381000025528251,5167169,,2025-10-17,INCOK1,,0.00,946435.09,588317.04,48536.20,18.000000,PRICE COMPUTING SCALE FSS(DQZ),IGST18,ItemAmount,true,Duty payment Parking,ST20250723,99381000025321237,2025-10-23,"ZHEJIANG NEW VISION IMP & EXP  CO, LTD"
99381000025528251,5167169,,2025-10-17,INCOK1,,0.00,946435.09,588317.04,48536.20,18.000000,PRICE COMPUTING SCALE FSS(DQZ),IGST18,ItemAmount,true,Duty payment Parking,ST20250723,99381000025321237,2025-10-23,"ZHEJIANG NEW VISION IMP & EXP  CO, LTD"
99381000025528251,5167169,,2025-10-17,INCOK1,,0.00,946435.09,588317.04,48536.20,18.000000,PRICE COMPUTING SCALE FSS(DQZ),IGST18,ItemAmount,true,Duty payment Parking,ST20250723,99381000025321237,2025-10-23,"ZHEJIANG NEW VISION IMP & EXP  CO, LTD"
99381000025528251,5167169,,2025-10-17,INCOK1,,0.00,946435.09,588317.04,48536.20,18.000000,PRICE COMPUTING SCALE FSS(DQZ),IGST18,ItemAmount,true,Duty payment Parking,ST20250723,99381000025321237,2025-10-23,"ZHEJIANG NEW VISION IMP & EXP  CO, LTD"
99381000025528251,5167169,,2025-10-17,INCOK1,,0.00,946435.09,2305108.25,190171.40,18.000000,PLATFORM SCALE -BENCH (G-QZ1),IGST18,ItemAmount,true,Duty payment Parking,ST20250723,99381000025321237,2025-10-23,"ZHEJIANG NEW VISION IMP & EXP  CO, LTD"
99381000025528251,5167169,,2025-10-17,INCOK1,,0.00,946435.09,2305108.25,190171.40,18.000000,PLATFORM SCALE -BENCH (G-QZ1),IGST18,ItemAmount,true,Duty payment Parking,ST20250723,99381000025321237,2025-10-23,"ZHEJIANG NEW VISION IMP & EXP  CO, LTD"
99381000025528251,5167169,,2025-10-17,INCOK1,,0.00,946435.09,2305108.25,190171.40,18.000000,PLATFORM SCALE -BENCH (G-QZ1),IGST18,ItemAmount,true,Duty payment Parking,ST20250723,99381000025321237,2025-10-23,"ZHEJIANG NEW VISION IMP & EXP  CO, LTD"
99381000025528251,5167169,,2025-10-17,INCOK1,,0.00,946435.09,2305108.25,190171.40,18.000000,PLATFORM SCALE -BENCH (G-QZ1),IGST18,ItemAmount,true,Duty payment Parking,ST20250723,99381000025321237,2025-10-23,"ZHEJIANG NEW VISION IMP & EXP  CO, LTD"
99381000025528251,5167169,,2025-10-17,INCOK1,,0.00,946435.09,59287.76,4891.30,18.000000,PRICISION BALANCE 510g/1mg,IGST18,ItemAmount,true,Duty payment Parking,ST20250723,99381000025321237,2025-10-23,"ZHEJIANG NEW VISION IMP & EXP  CO, LTD"
99381000025528251,5167169,,2025-10-17,INCOK1,,0.00,946435.09,59287.76,4891.30,18.000000,PRICISION BALANCE 510g/1mg,IGST18,ItemAmount,true,Duty payment Parking,ST20250723,99381000025321237,2025-10-23,"ZHEJIANG NEW VISION IMP & EXP  CO, LTD"
99381000025528251,5167169,,2025-10-17,INCOK1,,0.00,946435.09,59287.76,4891.30,18.000000,PRICISION BALANCE 510g/1mg,IGST18,ItemAmount,true,Duty payment Parking,ST20250723,99381000025321237,2025-10-23,"ZHEJIANG NEW VISION IMP & EXP  CO, LTD"
99381000025528251,5167169,,2025-10-17,INCOK1,,0.00,946435.09,59287.76,4891.30,18.000000,PRICISION BALANCE 510g/1mg,IGST18,ItemAmount,true,Duty payment Parking,ST20250723,99381000025321237,2025-10-23,"ZHEJIANG NEW VISION IMP & EXP  CO, LTD"
99381000025972604,5167169,,2025-10-17,INCOK1,,0.00,16886.12,1368.18,112.87,18.000000,APCPQ Pole Display,IGST18,ItemAmount,true,Duty payment Parking,ST20250723-1,99381000025972001,2025-10-23,"ZHEJIANG NEW VISION IMP & EXP  CO, LTD"
99381000025972604,5167169,,2025-10-17,INCOK1,,0.00,16886.12,3192.42,263.37,18.000000,APCQ BottomFront Display,IGST18,ItemAmount,true,Duty payment Parking,ST20250723-1,99381000025972001,2025-10-23,"ZHEJIANG NEW VISION IMP & EXP  CO, LTD"
99381000025972604,5167169,,2025-10-17,INCOK1,,0.00,16886.12,0.00,0.00,18.000000,APCPQ Keypad,IGST18,ItemAmount,true,Duty payment Parking,ST20250723-1,99381000025972001,2025-10-23,"ZHEJIANG NEW VISION IMP & EXP  CO, LTD"
99381000025972604,5167169,,2025-10-17,INCOK1,,0.00,16886.12,0.00,0.00,18.000000,APCPQ Leg,IGST18,ItemAmount,true,Duty payment Parking,ST20250723-1,99381000025972001,2025-10-23,"ZHEJIANG NEW VISION IMP & EXP  CO, LTD"
99381000025972604,5167169,,2025-10-17,INCOK1,,0.00,16886.12,456.06,37.62,18.000000,APCPQ Pan,IGST18,ItemAmount,true,Duty payment Parking,ST20250723-1,99381000025972001,2025-10-23,"ZHEJIANG NEW VISION IMP & EXP  CO, LTD"
99381000025972604,5167169,,2025-10-17,INCOK1,,0.00,16886.12,0.00,0.00,18.000000,APCPQ DUST COVER,IGST18,ItemAmount,true,Duty payment Parking,ST20250723-1,99381000025972001,2025-10-23,"ZHEJIANG NEW VISION IMP & EXP  CO, LTD"
99381000025972604,5167169,,2025-10-17,INCOK1,,0.00,16886.12,912.12,75.25,18.000000,IND 202 Motherboard,IGST18,ItemAmount,true,Duty payment Parking,ST20250723-1,99381000025972001,2025-10-23,"ZHEJIANG NEW VISION IMP & EXP  CO, LTD"
99381000025972604,5167169,,2025-10-17,INCOK1,,0.00,16886.12,912.12,75.25,18.000000,IND 202 KEYPAD,IGST18,ItemAmount,true,Duty payment Parking,ST20250723-1,99381000025972001,2025-10-23,"ZHEJIANG NEW VISION IMP & EXP  CO, LTD"
99381000025972604,5167169,,2025-10-17,INCOK1,,0.00,16886.12,6840.90,564.37,18.000000,ATMPCDQZ DISPLAY,IGST18,ItemAmount,true,Duty payment Parking,ST20250723-1,99381000025972001,2025-10-23,"ZHEJIANG NEW VISION IMP & EXP  CO, LTD"
99381000025972604,5167169,,2025-10-17,INCOK1,,0.00,16886.12,3192.42,263.37,18.000000,ATMPCDQZ KEYPAD,IGST18,ItemAmount,true,Duty payment Parking,ST20250723-1,99381000025972001,2025-10-23,"ZHEJIANG NEW VISION IMP & EXP  CO, LTD"
99381000025972604,5167169,,2025-10-17,INCOK1,,0.00,16886.12,45.61,3.76,18.000000,ATMPCDQZ MOTHERBOARD,IGST18,ItemAmount,true,Duty payment Parking,ST20250723-1,99381000025972001,2025-10-23,"ZHEJIANG NEW VISION IMP & EXP  CO, LTD"
99381000025972604,5167169,,2025-10-17,INCOK1,,0.00,16886.12,0.00,0.00,18.000000,ATMPCDQZ DUSTCOVER,IGST18,ItemAmount,true,Duty payment Parking,ST20250723-1,99381000025972001,2025-10-23,"ZHEJIANG NEW VISION IMP & EXP  CO, LTD"
99381000025972604,5167169,,2025-10-17,INCOK1,,0.00,16886.12,583.76,48.16,18.000000,ATMPCDQZ LOADCELL 70KG,IGST18,ItemAmount,true,Duty payment Parking,ST20250723-1,99381000025972001,2025-10-23,"ZHEJIANG NEW VISION IMP & EXP  CO, LTD"
99381000025972604,5167169,,2025-10-17,INCOK1,,0.00,16886.12,8391.50,692.29,18.000000,Motherboard PF PC(Q),IGST18,ItemAmount,true,Duty payment Parking,ST20250723-1,99381000025972001,2025-10-23,"ZHEJIANG NEW VISION IMP & EXP  CO, LTD"
99381000025972604,5167169,,2025-10-17,INCOK1,,0.00,16886.12,16783.00,1384.59,18.000000,BPCGQZ1 DISPLAY,IGST18,ItemAmount,true,Duty payment Parking,ST20250723-1,99381000025972001,2025-10-23,"ZHEJIANG NEW VISION IMP & EXP  CO, LTD"
99381000025972604,5167169,,2025-10-17,INCOK1,,0.00,16886.12,3101.21,255.85,18.000000,BPCGQZ1 KEYBOARD,IGST18,ItemAmount,true,Duty payment Parking,ST20250723-1,99381000025972001,2025-10-23,"ZHEJIANG NEW VISION IMP & EXP  CO, LTD"
99381000025972604,5167169,,2025-10-17,INCOK1,,0.00,16886.12,5472.72,451.50,18.000000,Keypad PFPC(Q),IGST18,ItemAmount,true,Duty payment Parking,ST20250723-1,99381000025972001,2025-10-23,"ZHEJIANG NEW VISION IMP & EXP  CO, LTD"
99381000025972604,5167169,,2025-10-17,INCOK1,,0.00,16886.12,4560.60,376.25,18.000000,ATM PC / BENCH PC BATTERY 4V  4.5AH,IGST18,ItemAmount,true,Duty payment Parking,ST20250723-1,99381000025972001,2025-10-23,"ZHEJIANG NEW VISION IMP & EXP  CO, LTD"
99381000025972604,5167169,,2025-10-17,INCOK1,,0.00,16886.12,1094.54,90.30,18.000000,ATM30DAD1/BPC50DAD2 Power Cord,IGST18,ItemAmount,true,Duty payment Parking,ST20250723-1,99381000025972001,2025-10-23,"ZHEJIANG NEW VISION IMP & EXP  CO, LTD"
99381000025972604,5167169,,2025-10-17,INCOK1,,0.00,16886.12,456.06,37.62,18.000000,ON/OFF SWITCH WITH COVER,IGST18,ItemAmount,true,Duty payment Parking,ST20250723-1,99381000025972001,2025-10-23,"ZHEJIANG NEW VISION IMP & EXP  CO, LTD"
99381000025972604,5167169,,2025-10-17,INCOK1,,0.00,16886.12,3064.72,252.84,18.000000,Load Cell 130 KG,IGST18,ItemAmount,true,Duty payment Parking,ST20250723-1,99381000025972001,2025-10-23,"ZHEJIANG NEW VISION IMP & EXP  CO, LTD"
99381000025972604,5167169,,2025-10-17,INCOK1,,0.00,16886.12,0.00,0.00,18.000000,BPC50DAD2 Machine Leg,IGST18,ItemAmount,true,Duty payment Parking,ST20250723-1,99381000025972001,2025-10-23,"ZHEJIANG NEW VISION IMP & EXP  CO, LTD"
99381000025972604,5167169,,2025-10-17,INCOK1,,0.00,16886.12,456.06,37.62,18.000000,BPCGQZ1 PAN,IGST18,ItemAmount,true,Duty payment Parking,ST20250723-1,99381000025972001,2025-10-23,"ZHEJIANG NEW VISION IMP & EXP  CO, LTD"
99381000025972604,5167169,,2025-10-17,INCOK1,,0.00,16886.12,0.00,0.00,18.000000,BPCGQZ1 HOUSING FRONT,IGST18,ItemAmount,true,Duty payment Parking,ST20250723-1,99381000025972001,2025-10-23,"ZHEJIANG NEW VISION IMP & EXP  CO, LTD"
99381000025972604,5167169,,2025-10-17,INCOK1,,0.00,16886.12,0.00,0.00,18.000000,BPCGQZ1 HOUSING BACK,IGST18,ItemAmount,true,Duty payment Parking,ST20250723-1,99381000025972001,2025-10-23,"ZHEJIANG NEW VISION IMP & EXP  CO, LTD"
99381000025972604,5167169,,2025-10-17,INCOK1,,0.00,16886.12,0.00,0.00,18.000000,BPCGQZ1 DUST COVER,IGST18,ItemAmount,true,Duty payment Parking,ST20250723-1,99381000025972001,2025-10-23,"ZHEJIANG NEW VISION IMP & EXP  CO, LTD"
99381000025972604,5167169,,2025-10-17,INCOK1,,0.00,16886.12,0.00,0.00,18.000000,Bench PC Load Cell Protection cover,IGST18,ItemAmount,true,Duty payment Parking,ST20250723-1,99381000025972001,2025-10-23,"ZHEJIANG NEW VISION IMP & EXP  CO, LTD"
99381000026265069,5930088,,2025-12-01,INCOK1,,0.00,524411.09,1729468.42,142681.90,18.000000,TABLE TOP SCALE PC (GREEN-AD),IGST18,ItemAmount,true,Duty payment Parking,YKSP250839,99381000026175015,2025-12-02,"JINHUA WUHU INTERNATIONAL TRADE CO., LTD.-AD"
99381000026265069,5930088,,2025-12-01,INCOK1,,0.00,524411.09,1729468.42,142681.90,18.000000,TABLE TOP SCALE PC (GREEN-AD),IGST18,ItemAmount,true,Duty payment Parking,YKSP250839,99381000026175015,2025-12-02,"JINHUA WUHU INTERNATIONAL TRADE CO., LTD.-AD"
99381000026265069,5930088,,2025-12-01,INCOK1,,0.00,524411.09,1729468.42,142681.90,18.000000,TABLE TOP SCALE PC (GREEN-AD),IGST18,ItemAmount,true,Duty payment Parking,YKSP250839,99381000026175015,2025-12-02,"JINHUA WUHU INTERNATIONAL TRADE CO., LTD.-AD"
99381000026265069,5930088,,2025-12-01,INCOK1,,0.00,524411.09,1729468.42,142681.90,18.000000,TABLE TOP SCALE PC (GREEN-AD),IGST18,ItemAmount,true,Duty payment Parking,YKSP250839,99381000026175015,2025-12-02,"JINHUA WUHU INTERNATIONAL TRADE CO., LTD.-AD"
99381000026265069,5930088,,2025-12-01,INCOK1,,0.00,524411.09,161320.16,13308.90,18.000000,TABLE TOP SCALE PC (GREEN-AD) -EC,IGST18,ItemAmount,true,Duty payment Parking,YKSP250839,99381000026175015,2025-12-02,"JINHUA WUHU INTERNATIONAL TRADE CO., LTD.-AD"
99381000026265069,5930088,,2025-12-01,INCOK1,,0.00,524411.09,161320.16,13308.90,18.000000,TABLE TOP SCALE PC (GREEN-AD) -EC,IGST18,ItemAmount,true,Duty payment Parking,YKSP250839,99381000026175015,2025-12-02,"JINHUA WUHU INTERNATIONAL TRADE CO., LTD.-AD"
99381000026265069,5930088,,2025-12-01,INCOK1,,0.00,524411.09,161320.16,13308.90,18.000000,TABLE TOP SCALE PC (GREEN-AD) -EC,IGST18,ItemAmount,true,Duty payment Parking,YKSP250839,99381000026175015,2025-12-02,"JINHUA WUHU INTERNATIONAL TRADE CO., LTD.-AD"
99381000026265069,5930088,,2025-12-01,INCOK1,,0.00,524411.09,161320.16,13308.90,18.000000,TABLE TOP SCALE PC (GREEN-AD) -EC,IGST18,ItemAmount,true,Duty payment Parking,YKSP250839,99381000026175015,2025-12-02,"JINHUA WUHU INTERNATIONAL TRADE CO., LTD.-AD"
99381000026299506,5930088,,2025-12-01,INCOK1,,0.00,3170.91,6055.56,499.58,18.000000,ATM20RAD DISPLAY GREEN,IGST18,ItemAmount,true,Duty payment Parking,YKSP250839-1,99381000026299223,2025-12-02,"JINHUA WUHU INTERNATIONAL TRADE CO., LTD.-AD"
99381000026299506,5930088,,2025-12-01,INCOK1,,0.00,3170.91,0.00,0.00,18.000000,ATM20RAD DISPLAY GREEN,IGST18,ItemAmount,true,Duty payment Parking,YKSP250839-1,99381000026299223,2025-12-02,"JINHUA WUHU INTERNATIONAL TRADE CO., LTD.-AD"
99381000026299506,5930088,,2025-12-01,INCOK1,,0.00,3170.91,1308.00,107.91,18.000000,ATM30GAD BOTTOM BODY CASE,IGST18,ItemAmount,true,Duty payment Parking,YKSP250839-1,99381000026299223,2025-12-02,"JINHUA WUHU INTERNATIONAL TRADE CO., LTD.-AD"
99381000026299506,5930088,,2025-12-01,INCOK1,,0.00,3170.91,436.00,35.97,18.000000,ATM20GAD619 PAN,IGST18,ItemAmount,true,Duty payment Parking,YKSP250839-1,99381000026299223,2025-12-02,"JINHUA WUHU INTERNATIONAL TRADE CO., LTD.-AD"
99381000026299506,5930088,,2025-12-01,INCOK1,,0.00,3170.91,0.00,0.00,18.000000,ATM20GAD619 PAN,IGST18,ItemAmount,true,Duty payment Parking,YKSP250839-1,99381000026299223,2025-12-02,"JINHUA WUHU INTERNATIONAL TRADE CO., LTD.-AD"
99381000026299506,5930088,,2025-12-01,INCOK1,,0.00,3170.91,436.00,35.97,18.000000,BY Motherboard Bench & ATMPCP,IGST18,ItemAmount,true,Duty payment Parking,YKSP250839-1,99381000026299223,2025-12-02,"JINHUA WUHU INTERNATIONAL TRADE CO., LTD.-AD"
99381000026299506,5930088,,2025-12-01,INCOK1,,0.00,3170.91,0.00,0.00,18.000000,BY Motherboard Bench & ATMPCP,IGST18,ItemAmount,true,Duty payment Parking,YKSP250839-1,99381000026299223,2025-12-02,"JINHUA WUHU INTERNATIONAL TRADE CO., LTD.-AD"
99381000026299506,5930088,,2025-12-01,INCOK1,,0.00,3170.91,1889.34,155.87,18.000000,ATM PC / BENCH PC BATTERY 4V  4.5AH,IGST18,ItemAmount,true,Duty payment Parking,YKSP250839-1,99381000026299223,2025-12-02,"JINHUA WUHU INTERNATIONAL TRADE CO., LTD.-AD"
99381000026299506,5930088,,2025-12-01,INCOK1,,0.00,3170.91,0.00,0.00,18.000000,ATM20GAD KEYPAD,IGST18,ItemAmount,true,Duty payment Parking,YKSP250839-1,99381000026299223,2025-12-02,"JINHUA WUHU INTERNATIONAL TRADE CO., LTD.-AD"
99381000026299506,5930088,,2025-12-01,INCOK1,,0.00,3170.91,0.00,0.00,18.000000,Bench PC Step Down Transformer (Output: 6.5v AC),IGST18,ItemAmount,true,Duty payment Parking,YKSP250839-1,99381000026299223,2025-12-02,"JINHUA WUHU INTERNATIONAL TRADE CO., LTD.-AD"
99381000026299506,5930088,,2025-12-01,INCOK1,,0.00,3170.91,0.00,0.00,18.000000,3 Pin CPU Socket CLIP TYPE,IGST18,ItemAmount,true,Duty payment Parking,YKSP250839-1,99381000026299223,2025-12-02,"JINHUA WUHU INTERNATIONAL TRADE CO., LTD.-AD"
99381000026299506,5930088,,2025-12-01,INCOK1,,0.00,3170.91,0.00,0.00,18.000000,ATM20GAD619 TOP BODY CASE,IGST18,ItemAmount,true,Duty payment Parking,YKSP250839-1,99381000026299223,2025-12-02,"JINHUA WUHU INTERNATIONAL TRADE CO., LTD.-AD"
99381000026299506,5930088,,2025-12-01,INCOK1,,0.00,3170.91,0.00,0.00,18.000000,ATM20GAD619  BOTTOM BODY CASE,IGST18,ItemAmount,true,Duty payment Parking,YKSP250839-1,99381000026299223,2025-12-02,"JINHUA WUHU INTERNATIONAL TRADE CO., LTD.-AD"
99381000026299506,5930088,,2025-12-01,INCOK1,,0.00,3170.91,1308.00,107.91,18.000000,ATM20GAD TOP BODY CASE,IGST18,ItemAmount,true,Duty payment Parking,YKSP250839-1,99381000026299223,2025-12-02,"JINHUA WUHU INTERNATIONAL TRADE CO., LTD.-AD"
99381000026299506,5930088,,2025-12-01,INCOK1,,0.00,3170.91,0.00,0.00,18.000000,ATM20GAD LEG,IGST18,ItemAmount,true,Duty payment Parking,YKSP250839-1,99381000026299223,2025-12-02,"JINHUA WUHU INTERNATIONAL TRADE CO., LTD.-AD"
99381000026299506,5930088,,2025-12-01,INCOK1,,0.00,3170.91,0.00,0.00,18.000000,ATM20GAD DISPLAY STICKER,IGST18,ItemAmount,true,Duty payment Parking,YKSP250839-1,99381000026299223,2025-12-02,"JINHUA WUHU INTERNATIONAL TRADE CO., LTD.-AD"
99381000027127124,15637,,2026-01-10,BLR,,0.00,1746.00,3149.00,259.50,18.000000,PLATFORM SCALE -BENCH PRO (MS),IGST18,ItemAmount,true,ICICI Bank,ST2025025P,99381000027127084,2026-01-10,"ZHEJIANG NEW VISION IMP & EXP  CO, LTD"
99381000027127124,15637,,2026-01-10,BLR,,0.00,1746.00,3148.65,259.50,18.000000,PLATFORM SCALE -BENCH PRO (SS),IGST18,ItemAmount,true,ICICI Bank,ST2025025P,99381000027127084,2026-01-10,"ZHEJIANG NEW VISION IMP & EXP  CO, LTD"
99381000028066487,7389735,,2026-02-07,INCOK1,,0.00,1560573.51,1149385.00,94824.30,18.000000,PORTABLE SCALE 400X400 SS Cheq.,IGST18,ItemAmount,true,Duty payment Parking,ST20250808,99381000027664544,2026-02-13,"ZHEJIANG NEW VISION IMP & EXP  CO, LTD"
99381000028066487,7389735,,2026-02-07,INCOK1,,0.00,1560573.51,1149385.00,94824.30,18.000000,PORTABLE SCALE 400X400 SS Cheq.,IGST18,ItemAmount,true,Duty payment Parking,ST20250808,99381000027664544,2026-02-13,"ZHEJIANG NEW VISION IMP & EXP  CO, LTD"
99381000028066487,7389735,,2026-02-07,INCOK1,,0.00,1560573.51,1149385.00,94824.30,18.000000,PORTABLE SCALE 400X400 SS Cheq.,IGST18,ItemAmount,true,Duty payment Parking,ST20250808,99381000027664544,2026-02-13,"ZHEJIANG NEW VISION IMP & EXP  CO, LTD"
99381000028066487,7389735,,2026-02-07,INCOK1,,0.00,1560573.51,1149385.00,94824.30,18.000000,PORTABLE SCALE 400X400 SS Cheq.,IGST18,ItemAmount,true,Duty payment Parking,ST20250808,99381000027664544,2026-02-13,"ZHEJIANG NEW VISION IMP & EXP  CO, LTD"
99381000028066487,7389735,,2026-02-07,INCOK1,,0.00,1560573.51,421441.40,34768.90,18.000000,Platform Weighing Scale 400x500 (G-QZ),IGST18,ItemAmount,true,Duty payment Parking,ST20250808,99381000027664544,2026-02-13,"ZHEJIANG NEW VISION IMP & EXP  CO, LTD"
99381000028066487,7389735,,2026-02-07,INCOK1,,0.00,1560573.51,421441.40,34768.90,18.000000,Platform Weighing Scale 400x500 (G-QZ),IGST18,ItemAmount,true,Duty payment Parking,ST20250808,99381000027664544,2026-02-13,"ZHEJIANG NEW VISION IMP & EXP  CO, LTD"
99381000028066487,7389735,,2026-02-07,INCOK1,,0.00,1560573.51,421441.40,34768.90,18.000000,Platform Weighing Scale 400x500 (G-QZ),IGST18,ItemAmount,true,Duty payment Parking,ST20250808,99381000027664544,2026-02-13,"ZHEJIANG NEW VISION IMP & EXP  CO, LTD"
99381000028066487,7389735,,2026-02-07,INCOK1,,0.00,1560573.51,421441.40,34768.90,18.000000,Platform Weighing Scale 400x500 (G-QZ),IGST18,ItemAmount,true,Duty payment Parking,ST20250808,99381000027664544,2026-02-13,"ZHEJIANG NEW VISION IMP & EXP  CO, LTD"
99381000028066487,7389735,,2026-02-07,INCOK1,,0.00,1560573.51,47891.07,3951.00,18.000000,Double display Indicator (Green),IGST18,ItemAmount,true,Duty payment Parking,ST20250808,99381000027664544,2026-02-13,"ZHEJIANG NEW VISION IMP & EXP  CO, LTD"
99381000028066487,7389735,,2026-02-07,INCOK1,,0.00,1560573.51,47891.07,3951.00,18.000000,Double display Indicator (Green),IGST18,ItemAmount,true,Duty payment Parking,ST20250808,99381000027664544,2026-02-13,"ZHEJIANG NEW VISION IMP & EXP  CO, LTD"
99381000028066487,7389735,,2026-02-07,INCOK1,,0.00,1560573.51,47891.07,3951.00,18.000000,Double display Indicator (Green),IGST18,ItemAmount,true,Duty payment Parking,ST20250808,99381000027664544,2026-02-13,"ZHEJIANG NEW VISION IMP & EXP  CO, LTD"
99381000028066487,7389735,,2026-02-07,INCOK1,,0.00,1560573.51,47891.07,3951.00,18.000000,Double display Indicator (Green),IGST18,ItemAmount,true,Duty payment Parking,ST20250808,99381000027664544,2026-02-13,"ZHEJIANG NEW VISION IMP & EXP  CO, LTD"
99381000028066487,7389735,,2026-02-07,INCOK1,,0.00,1560573.51,1670086.05,137782.10,18.000000,PLATFORM SCALE -BENCH PRO (MS),IGST18,ItemAmount,true,Duty payment Parking,ST20250808,99381000027664544,2026-02-13,"ZHEJIANG NEW VISION IMP & EXP  CO, LTD"
99381000028066487,7389735,,2026-02-07,INCOK1,,0.00,1560573.51,1670086.05,137782.10,18.000000,PLATFORM SCALE -BENCH PRO (MS),IGST18,ItemAmount,true,Duty payment Parking,ST20250808,99381000027664544,2026-02-13,"ZHEJIANG NEW VISION IMP & EXP  CO, LTD"
99381000028066487,7389735,,2026-02-07,INCOK1,,0.00,1560573.51,1670086.05,137782.10,18.000000,PLATFORM SCALE -BENCH PRO (MS),IGST18,ItemAmount,true,Duty payment Parking,ST20250808,99381000027664544,2026-02-13,"ZHEJIANG NEW VISION IMP & EXP  CO, LTD"
99381000028066487,7389735,,2026-02-07,INCOK1,,0.00,1560573.51,1670086.05,137782.10,18.000000,PLATFORM SCALE -BENCH PRO (MS),IGST18,ItemAmount,true,Duty payment Parking,ST20250808,99381000027664544,2026-02-13,"ZHEJIANG NEW VISION IMP & EXP  CO, LTD"
99381000028066487,7389735,,2026-02-07,INCOK1,,0.00,1560573.51,521533.73,43026.50,18.000000,PLATFORM SCALE -BENCH PRO (SS),IGST18,ItemAmount,true,Duty payment Parking,ST20250808,99381000027664544,2026-02-13,"ZHEJIANG NEW VISION IMP & EXP  CO, LTD"
99381000028066487,7389735,,2026-02-07,INCOK1,,0.00,1560573.51,521533.73,43026.50,18.000000,PLATFORM SCALE -BENCH PRO (SS),IGST18,ItemAmount,true,Duty payment Parking,ST20250808,99381000027664544,2026-02-13,"ZHEJIANG NEW VISION IMP & EXP  CO, LTD"
99381000028066487,7389735,,2026-02-07,INCOK1,,0.00,1560573.51,521533.73,43026.50,18.000000,PLATFORM SCALE -BENCH PRO (SS),IGST18,ItemAmount,true,Duty payment Parking,ST20250808,99381000027664544,2026-02-13,"ZHEJIANG NEW VISION IMP & EXP  CO, LTD"
99381000028066487,7389735,,2026-02-07,INCOK1,,0.00,1560573.51,521533.73,43026.50,18.000000,PLATFORM SCALE -BENCH PRO (SS),IGST18,ItemAmount,true,Duty payment Parking,ST20250808,99381000027664544,2026-02-13,"ZHEJIANG NEW VISION IMP & EXP  CO, LTD"
99381000028066487,7389735,,2026-02-07,INCOK1,,0.00,1560573.51,968242.45,79880.00,18.000000,PLATFORM SCALE -BENCH (G-QZ2),IGST18,ItemAmount,true,Duty payment Parking,ST20250808,99381000027664544,2026-02-13,"ZHEJIANG NEW VISION IMP & EXP  CO, LTD"
99381000028066487,7389735,,2026-02-07,INCOK1,,0.00,1560573.51,968242.45,79880.00,18.000000,PLATFORM SCALE -BENCH (G-QZ2),IGST18,ItemAmount,true,Duty payment Parking,ST20250808,99381000027664544,2026-02-13,"ZHEJIANG NEW VISION IMP & EXP  CO, LTD"
99381000028066487,7389735,,2026-02-07,INCOK1,,0.00,1560573.51,968242.45,79880.00,18.000000,PLATFORM SCALE -BENCH (G-QZ2),IGST18,ItemAmount,true,Duty payment Parking,ST20250808,99381000027664544,2026-02-13,"ZHEJIANG NEW VISION IMP & EXP  CO, LTD"
99381000028066487,7389735,,2026-02-07,INCOK1,,0.00,1560573.51,968242.45,79880.00,18.000000,PLATFORM SCALE -BENCH (G-QZ2),IGST18,ItemAmount,true,Duty payment Parking,ST20250808,99381000027664544,2026-02-13,"ZHEJIANG NEW VISION IMP & EXP  CO, LTD"
99381000028066487,7389735,,2026-02-07,INCOK1,,0.00,1560573.51,556015.30,45871.20,18.000000,PRICISION BALANCE 510g/1mg,IGST18,ItemAmount,true,Duty payment Parking,ST20250808,99381000027664544,2026-02-13,"ZHEJIANG NEW VISION IMP & EXP  CO, LTD"
99381000028066487,7389735,,2026-02-07,INCOK1,,0.00,1560573.51,556015.30,45871.20,18.000000,PRICISION BALANCE 510g/1mg,IGST18,ItemAmount,true,Duty payment Parking,ST20250808,99381000027664544,2026-02-13,"ZHEJIANG NEW VISION IMP & EXP  CO, LTD"
99381000028066487,7389735,,2026-02-07,INCOK1,,0.00,1560573.51,556015.30,45871.20,18.000000,PRICISION BALANCE 510g/1mg,IGST18,ItemAmount,true,Duty payment Parking,ST20250808,99381000027664544,2026-02-13,"ZHEJIANG NEW VISION IMP & EXP  CO, LTD"
99381000028066487,7389735,,2026-02-07,INCOK1,,0.00,1560573.51,556015.30,45871.20,18.000000,PRICISION BALANCE 510g/1mg,IGST18,ItemAmount,true,Duty payment Parking,ST20250808,99381000027664544,2026-02-13,"ZHEJIANG NEW VISION IMP & EXP  CO, LTD"
99381000028066487,7389735,,2026-02-07,INCOK1,,0.00,1560573.51,162829.63,13433.40,18.000000,202 SS INDICATOR BODY,IGST18,ItemAmount,true,Duty payment Parking,ST20250808,99381000027664544,2026-02-13,"ZHEJIANG NEW VISION IMP & EXP  CO, LTD"
99381000028066487,7389735,,2026-02-07,INCOK1,,0.00,1560573.51,162829.63,13433.40,18.000000,202 SS INDICATOR BODY,IGST18,ItemAmount,true,Duty payment Parking,ST20250808,99381000027664544,2026-02-13,"ZHEJIANG NEW VISION IMP & EXP  CO, LTD"
99381000028066487,7389735,,2026-02-07,INCOK1,,0.00,1560573.51,162829.63,13433.40,18.000000,202 SS INDICATOR BODY,IGST18,ItemAmount,true,Duty payment Parking,ST20250808,99381000027664544,2026-02-13,"ZHEJIANG NEW VISION IMP & EXP  CO, LTD"
99381000028066487,7389735,,2026-02-07,INCOK1,,0.00,1560573.51,162829.63,13433.40,18.000000,202 SS INDICATOR BODY,IGST18,ItemAmount,true,Duty payment Parking,ST20250808,99381000027664544,2026-02-13,"ZHEJIANG NEW VISION IMP & EXP  CO, LTD"
99381000028066487,7389735,,2026-02-07,INCOK1,,0.00,1560573.51,129305.88,10667.70,18.000000,POST SCALE BODY 30X34,IGST18,ItemAmount,true,Duty payment Parking,ST20250808,99381000027664544,2026-02-13,"ZHEJIANG NEW VISION IMP & EXP  CO, LTD"
99381000028066487,7389735,,2026-02-07,INCOK1,,0.00,1560573.51,129305.88,10667.70,18.000000,POST SCALE BODY 30X34,IGST18,ItemAmount,true,Duty payment Parking,ST20250808,99381000027664544,2026-02-13,"ZHEJIANG NEW VISION IMP & EXP  CO, LTD"
99381000028066487,7389735,,2026-02-07,INCOK1,,0.00,1560573.51,129305.88,10667.70,18.000000,POST SCALE BODY 30X34,IGST18,ItemAmount,true,Duty payment Parking,ST20250808,99381000027664544,2026-02-13,"ZHEJIANG NEW VISION IMP & EXP  CO, LTD"
99381000028066487,7389735,,2026-02-07,INCOK1,,0.00,1560573.51,129305.88,10667.70,18.000000,POST SCALE BODY 30X34,IGST18,ItemAmount,true,Duty payment Parking,ST20250808,99381000027664544,2026-02-13,"ZHEJIANG NEW VISION IMP & EXP  CO, LTD"
99381000028080923,7562326,,2026-02-16,INCOK1,,0.00,1059328.70,1597780.32,131816.90,18.000000,Bill Printing scale Q8POS,IGST18,ItemAmount,true,Duty payment Parking,YM2601003,99381000027959118,2026-02-23,Qidong Youming Weighing Apparatus Co. Ltd.
99381000028080923,7562326,,2026-02-16,INCOK1,,0.00,1059328.70,1597780.32,131816.90,18.000000,Bill Printing scale Q8POS,IGST18,ItemAmount,true,Duty payment Parking,YM2601003,99381000027959118,2026-02-23,Qidong Youming Weighing Apparatus Co. Ltd.
99381000028080923,7562326,,2026-02-16,INCOK1,,0.00,1059328.70,1597780.32,131816.90,18.000000,Bill Printing scale Q8POS,IGST18,ItemAmount,true,Duty payment Parking,YM2601003,99381000027959118,2026-02-23,Qidong Youming Weighing Apparatus Co. Ltd.
99381000028080923,7562326,,2026-02-16,INCOK1,,0.00,1059328.70,1597780.32,131816.90,18.000000,Bill Printing scale Q8POS,IGST18,ItemAmount,true,Duty payment Parking,YM2601003,99381000027959118,2026-02-23,Qidong Youming Weighing Apparatus Co. Ltd.
99381000028080923,7562326,,2026-02-16,INCOK1,,0.00,1059328.70,266296.72,21969.50,18.000000,Bill Printing scale Q8POS (UB),IGST18,ItemAmount,true,Duty payment Parking,YM2601003,99381000027959118,2026-02-23,Qidong Youming Weighing Apparatus Co. Ltd.
99381000028080923,7562326,,2026-02-16,INCOK1,,0.00,1059328.70,266296.72,21969.50,18.000000,Bill Printing scale Q8POS (UB),IGST18,ItemAmount,true,Duty payment Parking,YM2601003,99381000027959118,2026-02-23,Qidong Youming Weighing Apparatus Co. Ltd.
99381000028080923,7562326,,2026-02-16,INCOK1,,0.00,1059328.70,266296.72,21969.50,18.000000,Bill Printing scale Q8POS (UB),IGST18,ItemAmount,true,Duty payment Parking,YM2601003,99381000027959118,2026-02-23,Qidong Youming Weighing Apparatus Co. Ltd.
99381000028080923,7562326,,2026-02-16,INCOK1,,0.00,1059328.70,266296.72,21969.50,18.000000,Bill Printing scale Q8POS (UB),IGST18,ItemAmount,true,Duty payment Parking,YM2601003,99381000027959118,2026-02-23,Qidong Youming Weighing Apparatus Co. Ltd.
99381000028080923,7562326,,2026-02-16,INCOK1,,0.00,1059328.70,68951.83,5688.50,18.000000,Bill Printing scale ECS,IGST18,ItemAmount,true,Duty payment Parking,YM2601003,99381000027959118,2026-02-23,Qidong Youming Weighing Apparatus Co. Ltd.
99381000028080923,7562326,,2026-02-16,INCOK1,,0.00,1059328.70,68951.83,5688.50,18.000000,Bill Printing scale ECS,IGST18,ItemAmount,true,Duty payment Parking,YM2601003,99381000027959118,2026-02-23,Qidong Youming Weighing Apparatus Co. Ltd.
99381000028080923,7562326,,2026-02-16,INCOK1,,0.00,1059328.70,68951.83,5688.50,18.000000,Bill Printing scale ECS,IGST18,ItemAmount,true,Duty payment Parking,YM2601003,99381000027959118,2026-02-23,Qidong Youming Weighing Apparatus Co. Ltd.
99381000028080923,7562326,,2026-02-16,INCOK1,,0.00,1059328.70,68951.83,5688.50,18.000000,Bill Printing scale ECS,IGST18,ItemAmount,true,Duty payment Parking,YM2601003,99381000027959118,2026-02-23,Qidong Youming Weighing Apparatus Co. Ltd.
99381000028080923,7562326,,2026-02-16,INCOK1,,0.00,1059328.70,1307707.11,107885.80,18.000000,Label Printing Scale Q9LBL,IGST18,ItemAmount,true,Duty payment Parking,YM2601003,99381000027959118,2026-02-23,Qidong Youming Weighing Apparatus Co. Ltd.
99381000028080923,7562326,,2026-02-16,INCOK1,,0.00,1059328.70,1307707.11,107885.80,18.000000,Label Printing Scale Q9LBL,IGST18,ItemAmount,true,Duty payment Parking,YM2601003,99381000027959118,2026-02-23,Qidong Youming Weighing Apparatus Co. Ltd.
99381000028080923,7562326,,2026-02-16,INCOK1,,0.00,1059328.70,1307707.11,107885.80,18.000000,Label Printing Scale Q9LBL,IGST18,ItemAmount,true,Duty payment Parking,YM2601003,99381000027959118,2026-02-23,Qidong Youming Weighing Apparatus Co. Ltd.
99381000028080923,7562326,,2026-02-16,INCOK1,,0.00,1059328.70,1307707.11,107885.80,18.000000,Label Printing Scale Q9LBL,IGST18,ItemAmount,true,Duty payment Parking,YM2601003,99381000027959118,2026-02-23,Qidong Youming Weighing Apparatus Co. Ltd.
99381000028080923,7562326,,2026-02-16,INCOK1,,0.00,1059328.70,85595.37,7061.70,18.000000,Price Computing Scale EC,IGST18,ItemAmount,true,Duty payment Parking,YM2601003,99381000027959118,2026-02-23,Qidong Youming Weighing Apparatus Co. Ltd.
99381000028080923,7562326,,2026-02-16,INCOK1,,0.00,1059328.70,85595.37,7061.70,18.000000,Price Computing Scale EC,IGST18,ItemAmount,true,Duty payment Parking,YM2601003,99381000027959118,2026-02-23,Qidong Youming Weighing Apparatus Co. Ltd.
99381000028080923,7562326,,2026-02-16,INCOK1,,0.00,1059328.70,85595.37,7061.70,18.000000,Price Computing Scale EC,IGST18,ItemAmount,true,Duty payment Parking,YM2601003,99381000027959118,2026-02-23,Qidong Youming Weighing Apparatus Co. Ltd.
99381000028080923,7562326,,2026-02-16,INCOK1,,0.00,1059328.70,85595.37,7061.70,18.000000,Price Computing Scale EC,IGST18,ItemAmount,true,Duty payment Parking,YM2601003,99381000027959118,2026-02-23,Qidong Youming Weighing Apparatus Co. Ltd.
99381000028080923,7562326,,2026-02-16,INCOK1,,0.00,1059328.70,285317.91,23538.70,18.000000,LABEL PRINTING SCALE Q10,IGST18,ItemAmount,true,Duty payment Parking,YM2601003,99381000027959118,2026-02-23,Qidong Youming Weighing Apparatus Co. Ltd.
99381000028080923,7562326,,2026-02-16,INCOK1,,0.00,1059328.70,285317.91,23538.70,18.000000,LABEL PRINTING SCALE Q10,IGST18,ItemAmount,true,Duty payment Parking,YM2601003,99381000027959118,2026-02-23,Qidong Youming Weighing Apparatus Co. Ltd.
99381000028080923,7562326,,2026-02-16,INCOK1,,0.00,1059328.70,285317.91,23538.70,18.000000,LABEL PRINTING SCALE Q10,IGST18,ItemAmount,true,Duty payment Parking,YM2601003,99381000027959118,2026-02-23,Qidong Youming Weighing Apparatus Co. Ltd.
99381000028080923,7562326,,2026-02-16,INCOK1,,0.00,1059328.70,285317.91,23538.70,18.000000,LABEL PRINTING SCALE Q10,IGST18,ItemAmount,true,Duty payment Parking,YM2601003,99381000027959118,2026-02-23,Qidong Youming Weighing Apparatus Co. Ltd.
99381000028080923,7562326,,2026-02-16,INCOK1,,0.00,1059328.70,118882.46,9807.80,18.000000,Label Printing Scale Q9LBL (F&B),IGST18,ItemAmount,true,Duty payment Parking,YM2601003,99381000027959118,2026-02-23,Qidong Youming Weighing Apparatus Co. Ltd.
99381000028080923,7562326,,2026-02-16,INCOK1,,0.00,1059328.70,118882.46,9807.80,18.000000,Label Printing Scale Q9LBL (F&B),IGST18,ItemAmount,true,Duty payment Parking,YM2601003,99381000027959118,2026-02-23,Qidong Youming Weighing Apparatus Co. Ltd.
99381000028080923,7562326,,2026-02-16,INCOK1,,0.00,1059328.70,118882.46,9807.80,18.000000,Label Printing Scale Q9LBL (F&B),IGST18,ItemAmount,true,Duty payment Parking,YM2601003,99381000027959118,2026-02-23,Qidong Youming Weighing Apparatus Co. Ltd.
99381000028080923,7562326,,2026-02-16,INCOK1,,0.00,1059328.70,118882.46,9807.80,18.000000,Label Printing Scale Q9LBL (F&B),IGST18,ItemAmount,true,Duty payment Parking,YM2601003,99381000027959118,2026-02-23,Qidong Youming Weighing Apparatus Co. Ltd.
99381000028080923,7562326,,2026-02-16,INCOK1,,0.00,1059328.70,49455.11,4080.00,18.000000,Label Printing Scale TMA,IGST18,ItemAmount,true,Duty payment Parking,YM2601003,99381000027959118,2026-02-23,Qidong Youming Weighing Apparatus Co. Ltd.
99381000028080923,7562326,,2026-02-16,INCOK1,,0.00,1059328.70,49455.11,4080.00,18.000000,Label Printing Scale TMA,IGST18,ItemAmount,true,Duty payment Parking,YM2601003,99381000027959118,2026-02-23,Qidong Youming Weighing Apparatus Co. Ltd.
99381000028080923,7562326,,2026-02-16,INCOK1,,0.00,1059328.70,49455.11,4080.00,18.000000,Label Printing Scale TMA,IGST18,ItemAmount,true,Duty payment Parking,YM2601003,99381000027959118,2026-02-23,Qidong Youming Weighing Apparatus Co. Ltd.
99381000028080923,7562326,,2026-02-16,INCOK1,,0.00,1059328.70,49455.11,4080.00,18.000000,Label Printing Scale TMA,IGST18,ItemAmount,true,Duty payment Parking,YM2601003,99381000027959118,2026-02-23,Qidong Youming Weighing Apparatus Co. Ltd.
99381000028080923,7562326,,2026-02-16,INCOK1,,0.00,1059328.70,28531.79,3138.50,18.000000,Cash Box,IGST18,ItemAmount,true,Duty payment Parking,YM2601003,99381000027959118,2026-02-23,Qidong Youming Weighing Apparatus Co. Ltd.
99381000028080923,7562326,,2026-02-16,INCOK1,,0.00,1059328.70,28531.79,3138.50,18.000000,Cash Box,IGST18,ItemAmount,true,Duty payment Parking,YM2601003,99381000027959118,2026-02-23,Qidong Youming Weighing Apparatus Co. Ltd.
99381000028080923,7562326,,2026-02-16,INCOK1,,0.00,1059328.70,28531.79,3138.50,18.000000,Cash Box,IGST18,ItemAmount,true,Duty payment Parking,YM2601003,99381000027959118,2026-02-23,Qidong Youming Weighing Apparatus Co. Ltd.
99381000028080923,7562326,,2026-02-16,INCOK1,,0.00,1059328.70,28531.79,3138.50,18.000000,Cash Box,IGST18,ItemAmount,true,Duty payment Parking,YM2601003,99381000027959118,2026-02-23,Qidong Youming Weighing Apparatus Co. Ltd.
99381000028080923,7562326,,2026-02-16,INCOK1,,0.00,1059328.70,7608.48,627.70,18.000000,Analytical Balance 220g/1 mg,IGST18,ItemAmount,true,Duty payment Parking,YM2601003,99381000027959118,2026-02-23,Qidong Youming Weighing Apparatus Co. Ltd.
99381000028080923,7562326,,2026-02-16,INCOK1,,0.00,1059328.70,7608.48,627.70,18.000000,Analytical Balance 220g/1 mg,IGST18,ItemAmount,true,Duty payment Parking,YM2601003,99381000027959118,2026-02-23,Qidong Youming Weighing Apparatus Co. Ltd.
99381000028080923,7562326,,2026-02-16,INCOK1,,0.00,1059328.70,7608.48,627.70,18.000000,Analytical Balance 220g/1 mg,IGST18,ItemAmount,true,Duty payment Parking,YM2601003,99381000027959118,2026-02-23,Qidong Youming Weighing Apparatus Co. Ltd.
99381000028080923,7562326,,2026-02-16,INCOK1,,0.00,1059328.70,7608.48,627.70,18.000000,Analytical Balance 220g/1 mg,IGST18,ItemAmount,true,Duty payment Parking,YM2601003,99381000027959118,2026-02-23,Qidong Youming Weighing Apparatus Co. Ltd.
99381000028080923,7562326,,2026-02-16,INCOK1,,0.00,1059328.70,0.00,0.00,18.000000,Transportation cost,IGST18,ItemAmount,true,Duty payment Parking,YM2601003,99381000027959118,2026-02-23,Qidong Youming Weighing Apparatus Co. Ltd.
99381000028080923,7562326,,2026-02-16,INCOK1,,0.00,1059328.70,0.00,0.00,18.000000,Transportation cost,IGST18,ItemAmount,true,Duty payment Parking,YM2601003,99381000027959118,2026-02-23,Qidong Youming Weighing Apparatus Co. Ltd.
99381000028080923,7562326,,2026-02-16,INCOK1,,0.00,1059328.70,0.00,0.00,18.000000,Transportation cost,IGST18,ItemAmount,true,Duty payment Parking,YM2601003,99381000027959118,2026-02-23,Qidong Youming Weighing Apparatus Co. Ltd.
99381000028080923,7562326,,2026-02-16,INCOK1,,0.00,1059328.70,0.00,0.00,18.000000,Transportation cost,IGST18,ItemAmount,true,Duty payment Parking,YM2601003,99381000027959118,2026-02-23,Qidong Youming Weighing Apparatus Co. Ltd.
99381000028234899,7562326,,2026-02-16,INCOK1,,0.00,24003.47,0.00,0.00,18.000000,ECS5W POWER SUPPLY BOARD,IGST18,ItemAmount,true,Duty payment Parking,YM2601003-1,99381000028234288,2026-02-16,Qidong Youming Weighing Apparatus Co. Ltd.
99381000028234899,7562326,,2026-02-16,INCOK1,,0.00,24003.47,45650.64,3766.15,18.000000,ECS5W MOTHER BOARD,IGST18,ItemAmount,true,Duty payment Parking,YM2601003-1,99381000028234288,2026-02-16,Qidong Youming Weighing Apparatus Co. Ltd.
99381000028234899,7562326,,2026-02-16,INCOK1,,0.00,24003.47,0.00,0.00,18.000000,ECS Loadcell (13cm),IGST18,ItemAmount,true,Duty payment Parking,YM2601003-1,99381000028234288,2026-02-16,Qidong Youming Weighing Apparatus Co. Ltd.
99381000028234899,7562326,,2026-02-16,INCOK1,,0.00,24003.47,0.00,0.00,18.000000,ECS5W DUST COVER,IGST18,ItemAmount,true,Duty payment Parking,YM2601003-1,99381000028234288,2026-02-16,Qidong Youming Weighing Apparatus Co. Ltd.
99381000028234899,7562326,,2026-02-16,INCOK1,,0.00,24003.47,0.00,0.00,18.000000,Q9LBL Printer Roller,IGST18,ItemAmount,true,Duty payment Parking,YM2601003-1,99381000028234288,2026-02-16,Qidong Youming Weighing Apparatus Co. Ltd.
99381000028234899,7562326,,2026-02-16,INCOK1,,0.00,24003.47,0.00,0.00,18.000000,ECR Display set Front,IGST18,ItemAmount,true,Duty payment Parking,YM2601003-1,99381000028234288,2026-02-16,Qidong Youming Weighing Apparatus Co. Ltd.
99381000028234899,7562326,,2026-02-16,INCOK1,,0.00,24003.47,0.00,0.00,18.000000,ECS PRINTER GEAR SMALL,IGST18,ItemAmount,true,Duty payment Parking,YM2601003-1,99381000028234288,2026-02-16,Qidong Youming Weighing Apparatus Co. Ltd.
99381000028234899,7562326,,2026-02-16,INCOK1,,0.00,24003.47,0.00,0.00,18.000000,ECS PRINTER GEAR BIG,IGST18,ItemAmount,true,Duty payment Parking,YM2601003-1,99381000028234288,2026-02-16,Qidong Youming Weighing Apparatus Co. Ltd.
99381000028234899,7562326,,2026-02-16,INCOK1,,0.00,24003.47,0.00,0.00,18.000000,ECR PRINTER COVER,IGST18,ItemAmount,true,Duty payment Parking,YM2601003-1,99381000028234288,2026-02-16,Qidong Youming Weighing Apparatus Co. Ltd.
99381000028234899,7562326,,2026-02-16,INCOK1,,0.00,24003.47,7608.44,627.69,18.000000,WIFI ANTEENA CARD,IGST18,ItemAmount,true,Duty payment Parking,YM2601003-1,99381000028234288,2026-02-16,Qidong Youming Weighing Apparatus Co. Ltd.
99381000028234899,7562326,,2026-02-16,INCOK1,,0.00,24003.47,0.00,0.00,18.000000,ECS 5W /LBL  POS LEG,IGST18,ItemAmount,true,Duty payment Parking,YM2601003-1,99381000028234288,2026-02-16,Qidong Youming Weighing Apparatus Co. Ltd.
99381000028234899,7562326,,2026-02-16,INCOK1,,0.00,24003.47,0.00,0.00,18.000000,ECS5W KEYBOARD STICKER,IGST18,ItemAmount,true,Duty payment Parking,YM2601003-1,99381000028234288,2026-02-16,Qidong Youming Weighing Apparatus Co. Ltd.
99381000028234899,7562326,,2026-02-16,INCOK1,,0.00,24003.47,0.00,0.00,18.000000,ECS/LBL PRINTER CABLE,IGST18,ItemAmount,true,Duty payment Parking,YM2601003-1,99381000028234288,2026-02-16,Qidong Youming Weighing Apparatus Co. Ltd.
99381000028234899,7562326,,2026-02-16,INCOK1,,0.00,24003.47,33286.92,2746.15,18.000000,ECS5W PRINTER ROLLER WITH HEAD,IGST18,ItemAmount,true,Duty payment Parking,YM2601003-1,99381000028234288,2026-02-16,Qidong Youming Weighing Apparatus Co. Ltd.
99381000028234899,7562326,,2026-02-16,INCOK1,,0.00,24003.47,0.00,0.00,18.000000,ECS5W SMPS 7V,IGST18,ItemAmount,true,Duty payment Parking,YM2601003-1,99381000028234288,2026-02-16,Qidong Youming Weighing Apparatus Co. Ltd.
99381000029079227,7389735,,2026-02-13,INCOK1,,0.00,5416.32,0.00,0.00,18.000000,APCPQ Keypad,IGST18,ItemAmount,true,Duty payment Parking,ST20250808-1,99381000029054952,2026-02-13,"ZHEJIANG NEW VISION IMP & EXP  CO, LTD"
99381000029079227,7389735,,2026-02-13,INCOK1,,0.00,5416.32,1443.10,119.05,18.000000,APCPQ Pole Display,IGST18,ItemAmount,true,Duty payment Parking,ST20250808-1,99381000029054952,2026-02-13,"ZHEJIANG NEW VISION IMP & EXP  CO, LTD"
99381000029079227,7389735,,2026-02-13,INCOK1,,0.00,5416.32,1924.14,158.74,18.000000,ATMPCDQZ MOTHERBOARD,IGST18,ItemAmount,true,Duty payment Parking,ST20250808-1,99381000029054952,2026-02-13,"ZHEJIANG NEW VISION IMP & EXP  CO, LTD"
99381000029079227,7389735,,2026-02-13,INCOK1,,0.00,5416.32,481.03,39.68,18.000000,ATMPCDQZ TRANSFORMER/SMPS (ACS-SS),IGST18,ItemAmount,true,Duty payment Parking,ST20250808-1,99381000029054952,2026-02-13,"ZHEJIANG NEW VISION IMP & EXP  CO, LTD"
99381000029079227,7389735,,2026-02-13,INCOK1,,0.00,5416.32,0.00,0.00,18.000000,IND 202 DISPLAY,IGST18,ItemAmount,true,Duty payment Parking,ST20250808-1,99381000029054952,2026-02-13,"ZHEJIANG NEW VISION IMP & EXP  CO, LTD"
99381000029079227,7389735,,2026-02-13,INCOK1,,0.00,5416.32,962.07,79.25,18.000000,IND 202 Motherboard,IGST18,ItemAmount,true,Duty payment Parking,ST20250808-1,99381000029054952,2026-02-13,"ZHEJIANG NEW VISION IMP & EXP  CO, LTD"
99381000029079227,7389735,,2026-02-13,INCOK1,,0.00,5416.32,288.62,23.83,18.000000,PORTABLE SCALE 40X40 DISPLAY,IGST18,ItemAmount,true,Duty payment Parking,ST20250808-1,99381000029054952,2026-02-13,"ZHEJIANG NEW VISION IMP & EXP  CO, LTD"
99381000029079227,7389735,,2026-02-13,INCOK1,,0.00,5416.32,0.00,0.00,18.000000,PORTABLE SCALE 50X50 DISPLAY,IGST18,ItemAmount,true,Duty payment Parking,ST20250808-1,99381000029054952,2026-02-13,"ZHEJIANG NEW VISION IMP & EXP  CO, LTD"
99381000029079227,7389735,,2026-02-13,INCOK1,,0.00,5416.32,14431.02,1190.40,18.000000,Programmer Burner (Bench Pro tool),IGST18,ItemAmount,true,Duty payment Parking,ST20250808-1,99381000029054952,2026-02-13,"ZHEJIANG NEW VISION IMP & EXP  CO, LTD"
99381000029483001,8372354,,2026-04-01,INMAA1,,0.00,1180966.23,2080772.93,171663.80,18.000000,Bill Printing scale Q8POS,IGST18,ItemAmount,true,Duty payment Parking,YM2603002,99381000028855687,2026-04-04,Qidong Youming Weighing Apparatus Co. Ltd.
99381000029483001,8372354,,2026-04-01,INMAA1,,0.00,1180966.23,2080772.93,171663.80,18.000000,Bill Printing scale Q8POS,IGST18,ItemAmount,true,Duty payment Parking,YM2603002,99381000028855687,2026-04-04,Qidong Youming Weighing Apparatus Co. Ltd.
99381000029483001,8372354,,2026-04-01,INMAA1,,0.00,1180966.23,2080772.93,171663.80,18.000000,Bill Printing scale Q8POS,IGST18,ItemAmount,true,Duty payment Parking,YM2603002,99381000028855687,2026-04-04,Qidong Youming Weighing Apparatus Co. Ltd.
99381000029483001,8372354,,2026-04-01,INMAA1,,0.00,1180966.23,2080772.93,171663.80,18.000000,Bill Printing scale Q8POS,IGST18,ItemAmount,true,Duty payment Parking,YM2603002,99381000028855687,2026-04-04,Qidong Youming Weighing Apparatus Co. Ltd.
99381000029483001,8372354,,2026-04-01,INMAA1,,0.00,1180966.23,2065128.02,170373.10,18.000000,Label Printing Scale Q9LBL,IGST18,ItemAmount,true,Duty payment Parking,YM2603002,99381000028855687,2026-04-04,Qidong Youming Weighing Apparatus Co. Ltd.
99381000029483001,8372354,,2026-04-01,INMAA1,,0.00,1180966.23,2065128.02,170373.10,18.000000,Label Printing Scale Q9LBL,IGST18,ItemAmount,true,Duty payment Parking,YM2603002,99381000028855687,2026-04-04,Qidong Youming Weighing Apparatus Co. Ltd.
99381000029483001,8372354,,2026-04-01,INMAA1,,0.00,1180966.23,2065128.02,170373.10,18.000000,Label Printing Scale Q9LBL,IGST18,ItemAmount,true,Duty payment Parking,YM2603002,99381000028855687,2026-04-04,Qidong Youming Weighing Apparatus Co. Ltd.
99381000029483001,8372354,,2026-04-01,INMAA1,,0.00,1180966.23,2065128.02,170373.10,18.000000,Label Printing Scale Q9LBL,IGST18,ItemAmount,true,Duty payment Parking,YM2603002,99381000028855687,2026-04-04,Qidong Youming Weighing Apparatus Co. Ltd.
99381000029483001,8372354,,2026-04-01,INMAA1,,0.00,1180966.23,39112.27,4302.30,18.000000,Cash Box,IGST18,ItemAmount,true,Duty payment Parking,YM2603002,99381000028855687,2026-04-04,Qidong Youming Weighing Apparatus Co. Ltd.
99381000029483001,8372354,,2026-04-01,INMAA1,,0.00,1180966.23,39112.27,4302.30,18.000000,Cash Box,IGST18,ItemAmount,true,Duty payment Parking,YM2603002,99381000028855687,2026-04-04,Qidong Youming Weighing Apparatus Co. Ltd.
99381000029483001,8372354,,2026-04-01,INMAA1,,0.00,1180966.23,39112.27,4302.30,18.000000,Cash Box,IGST18,ItemAmount,true,Duty payment Parking,YM2603002,99381000028855687,2026-04-04,Qidong Youming Weighing Apparatus Co. Ltd.
99381000029483001,8372354,,2026-04-01,INMAA1,,0.00,1180966.23,39112.27,4302.30,18.000000,Cash Box,IGST18,ItemAmount,true,Duty payment Parking,YM2603002,99381000028855687,2026-04-04,Qidong Youming Weighing Apparatus Co. Ltd.
99381000029483001,8372354,,2026-04-01,INMAA1,,0.00,1180966.23,21511.75,1774.70,18.000000,PARTS OF WEIGHING SCALE WITH DISPLAY,IGST18,ItemAmount,true,Duty payment Parking,YM2603002,99381000028855687,2026-04-04,Qidong Youming Weighing Apparatus Co. Ltd.
99381000029483001,8372354,,2026-04-01,INMAA1,,0.00,1180966.23,21511.75,1774.70,18.000000,PARTS OF WEIGHING SCALE WITH DISPLAY,IGST18,ItemAmount,true,Duty payment Parking,YM2603002,99381000028855687,2026-04-04,Qidong Youming Weighing Apparatus Co. Ltd.
99381000029483001,8372354,,2026-04-01,INMAA1,,0.00,1180966.23,21511.75,1774.70,18.000000,PARTS OF WEIGHING SCALE WITH DISPLAY,IGST18,ItemAmount,true,Duty payment Parking,YM2603002,99381000028855687,2026-04-04,Qidong Youming Weighing Apparatus Co. Ltd.
99381000029483001,8372354,,2026-04-01,INMAA1,,0.00,1180966.23,21511.75,1774.70,18.000000,PARTS OF WEIGHING SCALE WITH DISPLAY,IGST18,ItemAmount,true,Duty payment Parking,YM2603002,99381000028855687,2026-04-04,Qidong Youming Weighing Apparatus Co. Ltd.
99381000029483001,8372354,,2026-04-01,INMAA1,,0.00,1180966.23,21120.63,1742.40,18.000000,PARTS OF WEIGHING SCALE WITH DISPLAY(Q),IGST18,ItemAmount,true,Duty payment Parking,YM2603002,99381000028855687,2026-04-04,Qidong Youming Weighing Apparatus Co. Ltd.
99381000029483001,8372354,,2026-04-01,INMAA1,,0.00,1180966.23,21120.63,1742.40,18.000000,PARTS OF WEIGHING SCALE WITH DISPLAY(Q),IGST18,ItemAmount,true,Duty payment Parking,YM2603002,99381000028855687,2026-04-04,Qidong Youming Weighing Apparatus Co. Ltd.
99381000029483001,8372354,,2026-04-01,INMAA1,,0.00,1180966.23,21120.63,1742.40,18.000000,PARTS OF WEIGHING SCALE WITH DISPLAY(Q),IGST18,ItemAmount,true,Duty payment Parking,YM2603002,99381000028855687,2026-04-04,Qidong Youming Weighing Apparatus Co. Ltd.
99381000029483001,8372354,,2026-04-01,INMAA1,,0.00,1180966.23,21120.63,1742.40,18.000000,PARTS OF WEIGHING SCALE WITH DISPLAY(Q),IGST18,ItemAmount,true,Duty payment Parking,YM2603002,99381000028855687,2026-04-04,Qidong Youming Weighing Apparatus Co. Ltd.
99381000029483001,8372354,,2026-04-01,INMAA1,,0.00,1180966.23,25814.10,2129.70,18.000000,PARTS OF WEIGHING SCALE WITH DISPLAY(R),IGST18,ItemAmount,true,Duty payment Parking,YM2603002,99381000028855687,2026-04-04,Qidong Youming Weighing Apparatus Co. Ltd.
99381000029483001,8372354,,2026-04-01,INMAA1,,0.00,1180966.23,25814.10,2129.70,18.000000,PARTS OF WEIGHING SCALE WITH DISPLAY(R),IGST18,ItemAmount,true,Duty payment Parking,YM2603002,99381000028855687,2026-04-04,Qidong Youming Weighing Apparatus Co. Ltd.
99381000029483001,8372354,,2026-04-01,INMAA1,,0.00,1180966.23,25814.10,2129.70,18.000000,PARTS OF WEIGHING SCALE WITH DISPLAY(R),IGST18,ItemAmount,true,Duty payment Parking,YM2603002,99381000028855687,2026-04-04,Qidong Youming Weighing Apparatus Co. Ltd.
99381000029483001,8372354,,2026-04-01,INMAA1,,0.00,1180966.23,25814.10,2129.70,18.000000,PARTS OF WEIGHING SCALE WITH DISPLAY(R),IGST18,ItemAmount,true,Duty payment Parking,YM2603002,99381000028855687,2026-04-04,Qidong Youming Weighing Apparatus Co. Ltd.
99381000029483086,8372354,,2026-04-01,INMAA1,,0.00,10169.77,14667.10,1210.04,18.000000,ECS PRINTER GEAR SMALL,IGST18,ItemAmount,true,Duty payment Parking,YM2603002-1,99381000029083039,2026-04-04,Qidong Youming Weighing Apparatus Co. Ltd.
99381000029483086,8372354,,2026-04-01,INMAA1,,0.00,10169.77,14667.10,1210.05,18.000000,ECS PRINTER GEAR BIG,IGST18,ItemAmount,true,Duty payment Parking,YM2603002-1,99381000029083039,2026-04-04,Qidong Youming Weighing Apparatus Co. Ltd.
99381000029483086,8372354,,2026-04-01,INMAA1,,0.00,10169.77,4889.04,403.30,18.000000,ECS Loadcell (13cm),IGST18,ItemAmount,true,Duty payment Parking,YM2603002-1,99381000029083039,2026-04-04,Qidong Youming Weighing Apparatus Co. Ltd.
99381000029483086,8372354,,2026-04-01,INMAA1,,0.00,10169.77,391.12,32.26,18.000000,ECS 5W LOAD CELL FIXING PLATE,IGST18,ItemAmount,true,Duty payment Parking,YM2603002-1,99381000029083039,2026-04-04,Qidong Youming Weighing Apparatus Co. Ltd.
99381000029483086,8372354,,2026-04-01,INMAA1,,0.00,10169.77,440.01,36.30,18.000000,ECS 5W CLOSING COVER,IGST18,ItemAmount,true,Duty payment Parking,YM2603002-1,99381000029083039,2026-04-04,Qidong Youming Weighing Apparatus Co. Ltd.
99381000029483086,8372354,,2026-04-01,INMAA1,,0.00,10169.77,146.67,12.10,18.000000,ECS 5W CLOSING COVER,IGST18,ItemAmount,true,Duty payment Parking,YM2603002-1,99381000029083039,2026-04-04,Qidong Youming Weighing Apparatus Co. Ltd.
99381000029483086,8372354,,2026-04-01,INMAA1,,0.00,10169.77,684.47,56.47,18.000000,ECS 5W PACKING FOAM,IGST18,ItemAmount,true,Duty payment Parking,YM2603002-1,99381000029083039,2026-04-04,Qidong Youming Weighing Apparatus Co. Ltd.
99381000029483086,8372354,,2026-04-01,INMAA1,,0.00,10169.77,782.25,64.54,18.000000,ECS 5W PACKING CARTON,IGST18,ItemAmount,true,Duty payment Parking,YM2603002-1,99381000029083039,2026-04-04,Qidong Youming Weighing Apparatus Co. Ltd.
99381000029691455,8978356,,2026-05-01,INCOK1,,0.00,971520.00,1698127.37,140095.90,18.000000,PLATFORM SCALE -BENCH (G-QZ1),IGST18,ItemAmount,true,Duty payment Parking,ST20251025S,99381000029691159,2026-05-07,"ZHEJIANG NEW VISION IMP & EXP  CO, LTD"
99381000029691455,8978356,,2026-05-01,INCOK1,,0.00,971520.00,1698127.37,140095.90,18.000000,PLATFORM SCALE -BENCH (G-QZ1),IGST18,ItemAmount,true,Duty payment Parking,ST20251025S,99381000029691159,2026-05-07,"ZHEJIANG NEW VISION IMP & EXP  CO, LTD"
99381000029691455,8978356,,2026-05-01,INCOK1,,0.00,971520.00,1698127.37,140095.90,18.000000,PLATFORM SCALE -BENCH (G-QZ1),IGST18,ItemAmount,true,Duty payment Parking,ST20251025S,99381000029691159,2026-05-07,"ZHEJIANG NEW VISION IMP & EXP  CO, LTD"
99381000029691455,8978356,,2026-05-01,INCOK1,,0.00,971520.00,1698127.37,140095.90,18.000000,PLATFORM SCALE -BENCH (G-QZ1),IGST18,ItemAmount,true,Duty payment Parking,ST20251025S,99381000029691159,2026-05-07,"ZHEJIANG NEW VISION IMP & EXP  CO, LTD"
99381000029691455,8978356,,2026-05-01,INCOK1,,0.00,971520.00,1730288.87,142748.80,18.000000,PLATFORM SCALE -BENCH (G-QZ2),IGST18,ItemAmount,true,Duty payment Parking,ST20251025S,99381000029691159,2026-05-07,"ZHEJIANG NEW VISION IMP & EXP  CO, LTD"
99381000029691455,8978356,,2026-05-01,INCOK1,,0.00,971520.00,1730288.87,142748.80,18.000000,PLATFORM SCALE -BENCH (G-QZ2),IGST18,ItemAmount,true,Duty payment Parking,ST20251025S,99381000029691159,2026-05-07,"ZHEJIANG NEW VISION IMP & EXP  CO, LTD"
99381000029691455,8978356,,2026-05-01,INCOK1,,0.00,971520.00,1730288.87,142748.80,18.000000,PLATFORM SCALE -BENCH (G-QZ2),IGST18,ItemAmount,true,Duty payment Parking,ST20251025S,99381000029691159,2026-05-07,"ZHEJIANG NEW VISION IMP & EXP  CO, LTD"
99381000029691455,8978356,,2026-05-01,INCOK1,,0.00,971520.00,1730288.87,142748.80,18.000000,PLATFORM SCALE -BENCH (G-QZ2),IGST18,ItemAmount,true,Duty payment Parking,ST20251025S,99381000029691159,2026-05-07,"ZHEJIANG NEW VISION IMP & EXP  CO, LTD"
99381000029691455,8978356,,2026-05-01,INCOK1,,0.00,971520.00,74447.93,6142.12,18.000000,Spare parts - MZ,IGST18,ItemAmount,true,Duty payment Parking,ST20251025S,99381000029691159,2026-05-07,"ZHEJIANG NEW VISION IMP & EXP  CO, LTD"
99381000029691455,8978356,,2026-05-01,INCOK1,,0.00,971520.00,74447.93,6142.12,18.000000,Spare parts - MZ,IGST18,ItemAmount,true,Duty payment Parking,ST20251025S,99381000029691159,2026-05-07,"ZHEJIANG NEW VISION IMP & EXP  CO, LTD"
99381000029691455,8978356,,2026-05-01,INCOK1,,0.00,971520.00,74447.93,6142.12,18.000000,Spare parts - MZ,IGST18,ItemAmount,true,Duty payment Parking,ST20251025S,99381000029691159,2026-05-07,"ZHEJIANG NEW VISION IMP & EXP  CO, LTD"
99381000029691455,8978356,,2026-05-01,INCOK1,,0.00,971520.00,74447.93,6142.12,18.000000,Spare parts - MZ,IGST18,ItemAmount,true,Duty payment Parking,ST20251025S,99381000029691159,2026-05-07,"ZHEJIANG NEW VISION IMP & EXP  CO, LTD"
99381000030918159,10892,,2026-05-08,BLR,,0.00,11701.00,8267.34,620.02,18.000000,Printer - Bench Pro,IGST18,ItemAmount,true,Duty payment Parking,BLR-FX,99381000030918103,2026-05-08,"ZHEJIANG NEW VISION IMP & EXP  CO, LTD"
99381000030918159,10892,,2026-05-08,BLR,,0.00,11701.00,8267.34,620.02,18.000000,Printer - Bench Pro,IGST18,ItemAmount,true,Duty payment Parking,BLR-FX,99381000030918103,2026-05-08,"ZHEJIANG NEW VISION IMP & EXP  CO, LTD"
99381000030918159,10892,,2026-05-08,BLR,,0.00,11701.00,324.70,24.30,18.000000,ATMPCDQZ TRANSFORMER/SMPS (ACS-SS),IGST18,ItemAmount,true,Duty payment Parking,BLR-FX,99381000030918103,2026-05-08,"ZHEJIANG NEW VISION IMP & EXP  CO, LTD"
99381000030918159,10892,,2026-05-08,BLR,,0.00,11701.00,324.70,24.30,18.000000,ATMPCDQZ TRANSFORMER/SMPS (ACS-SS),IGST18,ItemAmount,true,Duty payment Parking,BLR-FX,99381000030918103,2026-05-08,"ZHEJIANG NEW VISION IMP & EXP  CO, LTD"
99381000030918159,10892,,2026-05-08,BLR,,0.00,11701.00,2755.78,206.67,18.000000,Bluetooth Module with Cable,IGST18,ItemAmount,true,Duty payment Parking,BLR-FX,99381000030918103,2026-05-08,"ZHEJIANG NEW VISION IMP & EXP  CO, LTD"
99381000030918159,10892,,2026-05-08,BLR,,0.00,11701.00,2755.78,206.67,18.000000,Bluetooth Module with Cable,IGST18,ItemAmount,true,Duty payment Parking,BLR-FX,99381000030918103,2026-05-08,"ZHEJIANG NEW VISION IMP & EXP  CO, LTD"
99381000030918159,10892,,2026-05-08,BLR,,0.00,11701.00,4592.97,344.46,18.000000,Motherboard -Bench Pro,IGST18,ItemAmount,true,Duty payment Parking,BLR-FX,99381000030918103,2026-05-08,"ZHEJIANG NEW VISION IMP & EXP  CO, LTD"
99381000030918159,10892,,2026-05-08,BLR,,0.00,11701.00,4592.97,344.46,18.000000,Motherboard -Bench Pro,IGST18,ItemAmount,true,Duty payment Parking,BLR-FX,99381000030918103,2026-05-08,"ZHEJIANG NEW VISION IMP & EXP  CO, LTD"
99381000030918159,10892,,2026-05-08,BLR,,0.00,11701.00,19290.46,1422.41,18.000000,Keyboard  - Indicator 202S,IGST18,ItemAmount,true,Duty payment Parking,BLR-FX,99381000030918103,2026-05-08,"ZHEJIANG NEW VISION IMP & EXP  CO, LTD"
99381000030918159,10892,,2026-05-08,BLR,,0.00,11701.00,19290.46,1422.41,18.000000,Keyboard  - Indicator 202S,IGST18,ItemAmount,true,Duty payment Parking,BLR-FX,99381000030918103,2026-05-08,"ZHEJIANG NEW VISION IMP & EXP  CO, LTD"
99381000030918159,10892,,2026-05-08,BLR,,0.00,11701.00,3821.35,286.59,18.000000,3Pin Socket & Cap - Indicator 202S,IGST18,ItemAmount,true,Duty payment Parking,BLR-FX,99381000030918103,2026-05-08,"ZHEJIANG NEW VISION IMP & EXP  CO, LTD"
99381000030918159,10892,,2026-05-08,BLR,,0.00,11701.00,3821.35,286.59,18.000000,3Pin Socket & Cap - Indicator 202S,IGST18,ItemAmount,true,Duty payment Parking,BLR-FX,99381000030918103,2026-05-08,"ZHEJIANG NEW VISION IMP & EXP  CO, LTD"
99381000030918159,10892,,2026-05-08,BLR,,0.00,11701.00,959.93,71.99,18.000000,Switch - Indicator 202S,IGST18,ItemAmount,true,Duty payment Parking,BLR-FX,99381000030918103,2026-05-08,"ZHEJIANG NEW VISION IMP & EXP  CO, LTD"
99381000030918159,10892,,2026-05-08,BLR,,0.00,11701.00,959.93,71.99,18.000000,Switch - Indicator 202S,IGST18,ItemAmount,true,Duty payment Parking,BLR-FX,99381000030918103,2026-05-08,"ZHEJIANG NEW VISION IMP & EXP  CO, LTD"
99381000030918159,10892,,2026-05-08,BLR,,0.00,11701.00,3674.37,275.56,18.000000,BY Motherboard Bench & ATMPCP,IGST18,ItemAmount,true,Duty payment Parking,BLR-FX,99381000030918103,2026-05-08,"ZHEJIANG NEW VISION IMP & EXP  CO, LTD"
99381000030918159,10892,,2026-05-08,BLR,,0.00,11701.00,3674.37,275.56,18.000000,BY Motherboard Bench & ATMPCP,IGST18,ItemAmount,true,Duty payment Parking,BLR-FX,99381000030918103,2026-05-08,"ZHEJIANG NEW VISION IMP & EXP  CO, LTD"
99381000031522051,2564886,,2026-07-20,INCOK4,,0.00,77063.58,277856.69,22923.20,18.000000,Label Printing Scale Q9LBL,IGST18,ItemAmount,true,Duty payment Parking,YM2607016,99381000031522009,2026-07-20,Qidong Youming Weighing Apparatus Co. Ltd.
99381000031522051,2564886,,2026-07-20,INCOK4,,0.00,77063.58,277856.69,22923.20,18.000000,Label Printing Scale Q9LBL,IGST18,ItemAmount,true,Duty payment Parking,YM2607016,99381000031522009,2026-07-20,Qidong Youming Weighing Apparatus Co. Ltd.
99381000031522051,2564886,,2026-07-20,INCOK4,,0.00,77063.58,277856.69,22923.20,18.000000,Label Printing Scale Q9LBL,IGST18,ItemAmount,true,Duty payment Parking,YM2607016,99381000031522009,2026-07-20,Qidong Youming Weighing Apparatus Co. Ltd.
99381000031522051,2564886,,2026-07-20,INCOK4,,0.00,77063.58,277856.69,22923.20,18.000000,Label Printing Scale Q9LBL,IGST18,ItemAmount,true,Duty payment Parking,YM2607016,99381000031522009,2026-07-20,Qidong Youming Weighing Apparatus Co. Ltd.
99381000031630674,2564886,,2026-07-17,INCOK4,,0.00,39407.40,17327.54,1429.51,18.000000,ECS5W SMPS 7V,IGST18,ItemAmount,true,Duty payment Parking,YM2607016,99381000031522733,2026-07-20,Qidong Youming Weighing Apparatus Co. Ltd.
99381000031630674,2564886,,2026-07-17,INCOK4,,0.00,39407.40,17327.54,1429.51,18.000000,ECS5W SMPS 7V,IGST18,ItemAmount,true,Duty payment Parking,YM2607016,99381000031522733,2026-07-20,Qidong Youming Weighing Apparatus Co. Ltd.
99381000031630674,2564886,,2026-07-17,INCOK4,,0.00,39407.40,17327.54,1429.51,18.000000,ECS5W SMPS 7V,IGST18,ItemAmount,true,Duty payment Parking,YM2607016,99381000031522733,2026-07-20,Qidong Youming Weighing Apparatus Co. Ltd.
99381000031630674,2564886,,2026-07-17,INCOK4,,0.00,39407.40,17327.54,1429.51,18.000000,ECS5W SMPS 7V,IGST18,ItemAmount,true,Duty payment Parking,YM2607016,99381000031522733,2026-07-20,Qidong Youming Weighing Apparatus Co. Ltd.
99381000031630674,2564886,,2026-07-17,INCOK4,,0.00,39407.40,25413.72,2096.62,18.000000,SMPS 20V TMA,IGST18,ItemAmount,true,Duty payment Parking,YM2607016,99381000031522733,2026-07-20,Qidong Youming Weighing Apparatus Co. Ltd.
99381000031630674,2564886,,2026-07-17,INCOK4,,0.00,39407.40,25413.72,2096.62,18.000000,SMPS 20V TMA,IGST18,ItemAmount,true,Duty payment Parking,YM2607016,99381000031522733,2026-07-20,Qidong Youming Weighing Apparatus Co. Ltd.
99381000031630674,2564886,,2026-07-17,INCOK4,,0.00,39407.40,25413.72,2096.62,18.000000,SMPS 20V TMA,IGST18,ItemAmount,true,Duty payment Parking,YM2607016,99381000031522733,2026-07-20,Qidong Youming Weighing Apparatus Co. Ltd.
99381000031630674,2564886,,2026-07-17,INCOK4,,0.00,39407.40,25413.72,2096.62,18.000000,SMPS 20V TMA,IGST18,ItemAmount,true,Duty payment Parking,YM2607016,99381000031522733,2026-07-20,Qidong Youming Weighing Apparatus Co. Ltd.
99381000031630674,2564886,,2026-07-17,INCOK4,,0.00,39407.40,66999.81,5527.45,18.000000,ECS5W PRINTER,IGST18,ItemAmount,true,Duty payment Parking,YM2607016,99381000031522733,2026-07-20,Qidong Youming Weighing Apparatus Co. Ltd.
99381000031630674,2564886,,2026-07-17,INCOK4,,0.00,39407.40,66999.81,5527.45,18.000000,ECS5W PRINTER,IGST18,ItemAmount,true,Duty payment Parking,YM2607016,99381000031522733,2026-07-20,Qidong Youming Weighing Apparatus Co. Ltd.
99381000031630674,2564886,,2026-07-17,INCOK4,,0.00,39407.40,66999.81,5527.45,18.000000,ECS5W PRINTER,IGST18,ItemAmount,true,Duty payment Parking,YM2607016,99381000031522733,2026-07-20,Qidong Youming Weighing Apparatus Co. Ltd.
99381000031630674,2564886,,2026-07-17,INCOK4,,0.00,39407.40,66999.81,5527.45,18.000000,ECS5W PRINTER,IGST18,ItemAmount,true,Duty payment Parking,YM2607016,99381000031522733,2026-07-20,Qidong Youming Weighing Apparatus Co. Ltd.
99381000031630674,2564886,,2026-07-17,INCOK4,,0.00,39407.40,4620.68,381.20,18.000000,ECS 5W STICKER SET,IGST18,ItemAmount,true,Duty payment Parking,YM2607016,99381000031522733,2026-07-20,Qidong Youming Weighing Apparatus Co. Ltd.
99381000031630674,2564886,,2026-07-17,INCOK4,,0.00,39407.40,4620.68,381.20,18.000000,ECS 5W STICKER SET,IGST18,ItemAmount,true,Duty payment Parking,YM2607016,99381000031522733,2026-07-20,Qidong Youming Weighing Apparatus Co. Ltd.
99381000031630674,2564886,,2026-07-17,INCOK4,,0.00,39407.40,4620.68,381.20,18.000000,ECS 5W STICKER SET,IGST18,ItemAmount,true,Duty payment Parking,YM2607016,99381000031522733,2026-07-20,Qidong Youming Weighing Apparatus Co. Ltd.
99381000031630674,2564886,,2026-07-17,INCOK4,,0.00,39407.40,4620.68,381.20,18.000000,ECS 5W STICKER SET,IGST18,ItemAmount,true,Duty payment Parking,YM2607016,99381000031522733,2026-07-20,Qidong Youming Weighing Apparatus Co. Ltd.
99381000031630674,2564886,,2026-07-17,INCOK4,,0.00,39407.40,4620.68,381.20,18.000000,Q9LBL STICKER SET,IGST18,ItemAmount,true,Duty payment Parking,YM2607016,99381000031522733,2026-07-20,Qidong Youming Weighing Apparatus Co. Ltd.
99381000031630674,2564886,,2026-07-17,INCOK4,,0.00,39407.40,4620.68,381.20,18.000000,Q9LBL STICKER SET,IGST18,ItemAmount,true,Duty payment Parking,YM2607016,99381000031522733,2026-07-20,Qidong Youming Weighing Apparatus Co. Ltd.
99381000031630674,2564886,,2026-07-17,INCOK4,,0.00,39407.40,4620.68,381.20,18.000000,Q9LBL STICKER SET,IGST18,ItemAmount,true,Duty payment Parking,YM2607016,99381000031522733,2026-07-20,Qidong Youming Weighing Apparatus Co. Ltd.
99381000031630674,2564886,,2026-07-17,INCOK4,,0.00,39407.40,4620.68,381.20,18.000000,Q9LBL STICKER SET,IGST18,ItemAmount,true,Duty payment Parking,YM2607016,99381000031522733,2026-07-20,Qidong Youming Weighing Apparatus Co. Ltd.
99381000031630674,2564886,,2026-07-17,INCOK4,,0.00,39407.40,17327.54,1429.51,18.000000,ECS5W / 4W/Q10 KEYBOARD,IGST18,ItemAmount,true,Duty payment Parking,YM2607016,99381000031522733,2026-07-20,Qidong Youming Weighing Apparatus Co. Ltd.
99381000031630674,2564886,,2026-07-17,INCOK4,,0.00,39407.40,17327.54,1429.51,18.000000,ECS5W / 4W/Q10 KEYBOARD,IGST18,ItemAmount,true,Duty payment Parking,YM2607016,99381000031522733,2026-07-20,Qidong Youming Weighing Apparatus Co. Ltd.
99381000031630674,2564886,,2026-07-17,INCOK4,,0.00,39407.40,17327.54,1429.51,18.000000,ECS5W / 4W/Q10 KEYBOARD,IGST18,ItemAmount,true,Duty payment Parking,YM2607016,99381000031522733,2026-07-20,Qidong Youming Weighing Apparatus Co. Ltd.
99381000031630674,2564886,,2026-07-17,INCOK4,,0.00,39407.40,17327.54,1429.51,18.000000,ECS5W / 4W/Q10 KEYBOARD,IGST18,ItemAmount,true,Duty payment Parking,YM2607016,99381000031522733,2026-07-20,Qidong Youming Weighing Apparatus Co. Ltd.
99381000031630674,2564886,,2026-07-17,INCOK4,,0.00,39407.40,1155.17,95.30,18.000000,Q9LBL Printer Roller,IGST18,ItemAmount,true,Duty payment Parking,YM2607016,99381000031522733,2026-07-20,Qidong Youming Weighing Apparatus Co. Ltd.
99381000031630674,2564886,,2026-07-17,INCOK4,,0.00,39407.40,1155.17,95.30,18.000000,Q9LBL Printer Roller,IGST18,ItemAmount,true,Duty payment Parking,YM2607016,99381000031522733,2026-07-20,Qidong Youming Weighing Apparatus Co. Ltd.
99381000031630674,2564886,,2026-07-17,INCOK4,,0.00,39407.40,1155.17,95.30,18.000000,Q9LBL Printer Roller,IGST18,ItemAmount,true,Duty payment Parking,YM2607016,99381000031522733,2026-07-20,Qidong Youming Weighing Apparatus Co. Ltd.
99381000031630674,2564886,,2026-07-17,INCOK4,,0.00,39407.40,1155.17,95.30,18.000000,Q9LBL Printer Roller,IGST18,ItemAmount,true,Duty payment Parking,YM2607016,99381000031522733,2026-07-20,Qidong Youming Weighing Apparatus Co. Ltd.
99381000031630674,2564886,,2026-07-17,INCOK4,,0.00,39407.40,4620.68,381.20,18.000000,Q9LBL Printer Roller,IGST18,ItemAmount,true,Duty payment Parking,YM2607016,99381000031522733,2026-07-20,Qidong Youming Weighing Apparatus Co. Ltd.
99381000031630674,2564886,,2026-07-17,INCOK4,,0.00,39407.40,4620.68,381.20,18.000000,Q9LBL Printer Roller,IGST18,ItemAmount,true,Duty payment Parking,YM2607016,99381000031522733,2026-07-20,Qidong Youming Weighing Apparatus Co. Ltd.
99381000031630674,2564886,,2026-07-17,INCOK4,,0.00,39407.40,4620.68,381.20,18.000000,Q9LBL Printer Roller,IGST18,ItemAmount,true,Duty payment Parking,YM2607016,99381000031522733,2026-07-20,Qidong Youming Weighing Apparatus Co. Ltd.
99381000031630674,2564886,,2026-07-17,INCOK4,,0.00,39407.40,4620.68,381.20,18.000000,Q9LBL Printer Roller,IGST18,ItemAmount,true,Duty payment Parking,YM2607016,99381000031522733,2026-07-20,Qidong Youming Weighing Apparatus Co. Ltd.
