Credit Note Date,Issued Date,Product ID,Issued Date,CreditNotes ID,Credit Note Number,Credit Note Status,Accounts Receivable,Customer Name,Billing Attention,Billing Address,Billing Street 2,Billing City,Billing State,Billing Country,Billing Code,Billing Phone,Billing Fax,Shipping Attention,Shipping Address,Shipping Street 2,Shipping City,Shipping State,Shipping Country,Shipping Phone,Shipping Code,Shipping Fax,Is Export Without LUT/Bond,Tax Collected From Customer,Customer ID,Currency Code,Exchange Rate,Is Inclusive Tax,Total,Balance,Entity Discount Percent,Notes,Terms & Conditions,Reference#,Shipping Charge,Shipping Charge Tax ID,Shipping Charge Tax Amount,Shipping Charge Tax Name,Shipping Charge Tax %,Shipping Charge Tax Type,Shipping Charge Tax Exemption Code,Shipping Charge SAC Code,Shipping Charge Account,Adjustment,Adjustment Account,Branch ID,e-Invoice Status,e-Invoice Reference Number,TCS Amount,Associated Invoice Number,Associated Invoice Date,TDS Amount,TDS Name,TDS Section Code,TDS Section,TDS Percentage,E-WayBill Number,E-WayBill Generated Time,E-WayBill Status,E-WayBill Cancelled Time,E-WayBill Expired Time,Transporter Name,Transporter ID,Dispatch Attention,Dispatch Address,Dispatch Street2,Dispatch City,Dispatch State,Dispatch Country,Dispatch Code,Dispatch Phone,Is Discount Before Tax,Item Name,Is Tax Calculated on Label Price,Discount,Discount Amount,Quantity,Item Desc,Item Tax Amount,Item Total,Applied Invoice Number,Branch Name,CGST Rate %,SGST Rate %,IGST Rate %,CESS Rate %,CGST(FCY),SGST(FCY),IGST(FCY),CESS(FCY),CGST,SGST,IGST,CESS,Reason,Project ID,Project Name,e-Invoice QRJson,e-Invoice QR Raw Data,e-Invoice Ack Number,e-Invoice Ack Date,e-Invoice Cancel Remark,e-Invoice Cancel Reason,e-Invoice Failure Reason,Supplier Org Name,Supplier GST Registration Number,Supplier Street Address,Supplier City,Supplier State,Supplier Country,Supplier ZipCode,Supplier Phone,Supplier E-Mail,Supply Type,Tax1 ID,Item Tax,Item Tax %,Item Tax Type,Reverse Charge Tax Name,Reverse Charge Tax Rate,Reverse Charge Tax Type,Item TDS Name,Item TDS Percentage,Item TDS Amount,Item TDS Section Code,Item TDS Section,Place of Supply(With State Code),GST Treatment,GST Identification Number (GSTIN),TCS Tax Name,TCS Percentage,Nature Of Collection,Sales person,Discount Type,Place of Supply,SubTotal,Round Off,Adjustment Description,Reference Invoice Type,Item Type,Template Name,Usage unit,Item Price,HSN/SAC,Account,Account Code,SKU,UPC,MPN,EAN,ISBN,Batch ID,Batch Reference#,Manufacturer Batch#,Manufactured Date,Expiry Date,MRP,Quantity In,Serial Numbers,Loaction,Item Tax Exemption Reason,Entity Discount Amount,Warehouse Name,Kit Combo Item Name,Item.CF.No of pcs in Master carton
2020-05-29,,99381000000562023,,99381000000929235,CN-00001,Closed,Accounts Receivable,TRANSWORLD SCALES SERVICES,,Transworld Scales Services,Beach Road,Kollam,kerala,India,691001,9446332381,,,Transworld Scales Services,Beach Road,Kollam,Kerala,India,9446332381,691001,,NO,NO,99381000000102001,INR,1.00,false,42480.00,0.00,0.00,,,YS587,0.00,,,,,,,,,0.00,,99381000000098082,Yet To Be Pushed,,,YS587,2020-05-25,0.000,,,,0.00,,,,,,,,,,,,,,,,true,Table Top Scale  250x300 M,FALSE,0.00,0.0,20.00,"Make : YESWEIGH Model : YST-30
Max: 30kg e: 5g  Min:100g Class III",6480.00,36000.00,YS717,Cochin,9.00,9.00,0.00,0.00,3240.00,3240.00,0.00,0.00,3240.00,3240.00,0.00,0.00,Sales Return,,,,,,,,,,INTERWEIGHING PVT LTD,32AAFCI1950F1ZZ,3PL Warehouse : C/O LOGIWIZ LOGISTICS INDIA PVT LTD,COCHIN,Kerala,India,683503,8803333444,admin@yesweigh.in,Taxable,99381000000006208,GST18,18.00,Tax Group,,,,,,0.000,,,32-Kerala,business_gst,32AWCPS0193C1ZX,,,,,entity_level,KL,36000.00,0.00,Adjustment,,goods,Spreadsheet Template,nos,1800.00,84231000,Sales,,TTSTDM,,,,,,,,,,,,,,,0.000,Cochin,,
2020-05-30,,99381000000016068,,99381000000933408,CN-00003,Closed,Accounts Receivable,Dynamic Enterprises,,XIV/217C SUNRISE BUILDING,MARKET. IRINJALAKKUDA PO,THRISSUR,Kerala,India,680121,,,,XIV/217 C SUNRISE BUILDING,"MARKET, IRINJALAKUDA PO",THRISSUR,Kerala,India,,680121,,NO,NO,99381000000151001,INR,1.00,false,1180.00,0.00,0.00,,,,0.00,,,,,,,,,0.00,,99381000000098082,Yet To Be Pushed,,,YS597,2020-05-26,0.000,,,,0.00,,,,,,,,,,,,,,,,true,Platform scale,FALSE,0.00,0.0,1.00,"Make: YESWEIGH  Model:YSP-50
Max:50kg  e:5g  Min:100g  Class:III
Serial No:TE8143",180.00,1000.00,YS772,Cochin,9.00,9.00,0.00,0.00,90.00,90.00,0.00,0.00,90.00,90.00,0.00,0.00,Deficiency in service,,,,,,,,,,INTERWEIGHING PVT LTD,32AAFCI1950F1ZZ,3PL Warehouse : C/O LOGIWIZ LOGISTICS INDIA PVT LTD,COCHIN,Kerala,India,683503,8803333444,admin@yesweigh.in,Taxable,99381000000006208,GST18,18.00,Tax Group,,,,,,0.000,,,32-Kerala,business_gst,32ATJPS7075B1ZN,,,,,entity_level,KL,1000.00,0.00,Adjustment,,goods,Spreadsheet Template,nos,1000.00,84231000,Sales,,BENCHPC,,,,,,,,,,,,,,,0.000,Cochin,,
2020-06-24,,99381000000035362,,99381000001017877,CN-00004,Closed,Accounts Receivable,DIGITAL SCALE,,"Near Stadium,",Mukkam Road,"Areekode, Malappuram",kerala,,673639,9745204910,,,"Near Stadium,",Mukkam Road,"Areekode, Malappuram",kerala,,9745204910,673639,,NO,NO,99381000000136578,INR,1.00,false,69030.00,0.00,0.00,,,YS631,0.00,,,,,,,,,0.00,,99381000000098082,Yet To Be Pushed,,,YS631,2020-06-01,0.000,,,,0.00,,,,,,,,,,,,,,,,true,Price Computing Scale-T,FALSE,0.00,0.0,30.00,Make: YESWEIGH Model:YSP-20  Max:20kg  e:2g  Min:40g  Class:III,10530.00,58500.00,"YS931,YS934",Cochin,9.00,9.00,0.00,0.00,5265.00,5265.00,0.00,0.00,5265.00,5265.00,0.00,0.00,Sales Return,,,,,,,,,,INTERWEIGHING PVT LTD,32AAFCI1950F1ZZ,3PL Warehouse : C/O LOGIWIZ LOGISTICS INDIA PVT LTD,COCHIN,Kerala,India,683503,8803333444,admin@yesweigh.in,Taxable,99381000000006208,GST18,18.00,Tax Group,,,,,,0.000,,,32-Kerala,business_gst,32AOLPN0287R2ZA,,,,Swathy,entity_level,KL,58500.00,0.00,Adjustment,,goods,Spreadsheet Template,nos,1950.00,84231000,Sales,,ATMPCT,,,,,,,,,,,,,,,0.000,Cochin,,
2020-06-30,,99381000000343208,,99381000001039301,CN-00005,Closed,Accounts Receivable,E WAY SOLUTIONS,,"Door No. 26/755, 756.
Radha Devi Building
Karuvattam",Cherpulassery,Palakkad,Kerala,India,679503,9946897865,,,"19/313 P7, Tass Accard",Chemakathazham,Kozhikode,Kerala,India,9946897865,673002,,NO,NO,99381000000601025,INR,1.00,false,2832.00,0.00,0.00,,,,0.00,,,,,,,,,0.00,,99381000000098082,Yet To Be Pushed,,,YS779,2020-06-27,0.000,,,,0.00,,,,,,,,,,,,,,,,true,Cash Box,FALSE,0.00,0.0,1.00,,432.00,2400.00,YS785,Cochin,9.00,9.00,0.00,0.00,216.00,216.00,0.00,0.00,216.00,216.00,0.00,0.00,Sales Return,,,,,,,,,,INTERWEIGHING PVT LTD,32AAFCI1950F1ZZ,3PL Warehouse : C/O LOGIWIZ LOGISTICS INDIA PVT LTD,COCHIN,Kerala,India,683503,8803333444,admin@yesweigh.in,Taxable,99381000000006208,GST18,18.00,Tax Group,,,,,,0.000,,,32-Kerala,business_gst,32BDLPA5497A1ZV,,,,,entity_level,KL,2400.00,0.00,Adjustment,,goods,Spreadsheet Template,nos,2400.00,84239020,Sales,,ECSCD,,,,,,,,,,,,,,,0.000,Cochin,,
2020-07-01,,99381000000194633,,99381000001053005,CN-00006,Closed,Accounts Receivable,EXATA BALANCE CO,Mr. Hisham,"Muringathazham Road, Vattappara",Valanchery,Malappuram,Kerala,India,676552,9961858453,,Mr. Hisham,"Muringathazham Road, Vattappara",Valanchery,Malappuram,Kerala,India,9961858453,676552,,NO,NO,99381000000017031,INR,1.00,false,19470.00,0.00,0.00,,,YS782,0.00,,,,,,,,,0.00,,99381000000098082,Yet To Be Pushed,,,YS782,2020-06-29,0.000,,,,0.00,,,,,,,,,,,,,,,,true,Label Printing scale Q8LBL,FALSE,0.00,0.0,1.00,Make:YESWEIGH  Model:YS-30   Max:30kg  e:5g  Min:100g  Class:III,2970.00,16500.00,YS793,Cochin,9.00,9.00,0.00,0.00,1485.00,1485.00,0.00,0.00,1485.00,1485.00,0.00,0.00,Sales Return,,,,,,,,,,INTERWEIGHING PVT LTD,32AAFCI1950F1ZZ,3PL Warehouse : C/O LOGIWIZ LOGISTICS INDIA PVT LTD,COCHIN,Kerala,India,683503,8803333444,admin@yesweigh.in,Taxable,99381000000006208,GST18,18.00,Tax Group,,,,,,0.000,,,32-Kerala,business_gst,32AAGFE6830Q1Z4,,,,Swathy,entity_level,KL,16500.00,0.00,Adjustment,,goods,Spreadsheet Template,nos,16500.00,84231000,Sales,,Q8LBL,,,,,,,,,,,,,,,0.000,Cochin,,
2020-07-02,,99381000000035362,,99381000001055213,CN-00007,Closed,Accounts Receivable,DIGITAL SCALE,,Modern Instruments,,Nilambur,kerala,,679329,9745204910,,,"Near Stadium,",Mukkam Road,"Areekode, Malappuram",kerala,,9745204910,673639,,NO,NO,99381000000136578,INR,1.00,false,23010.00,0.00,0.00,,,YS631,0.00,,,,,,,,,0.00,,99381000000098082,Yet To Be Pushed,,,YS631,2020-06-01,0.000,,,,0.00,,,,,,,,,,,,,,,,true,Price Computing Scale-T,FALSE,0.00,0.0,10.00,Make: YESWEIGH Model:YSP-20  Max:20kg  e:2g  Min:40g  Class:III,3510.00,19500.00,"YS905,YS931",Cochin,9.00,9.00,0.00,0.00,1755.00,1755.00,0.00,0.00,1755.00,1755.00,0.00,0.00,Sales Return,,,,,,,,,,INTERWEIGHING PVT LTD,32AAFCI1950F1ZZ,3PL Warehouse : C/O LOGIWIZ LOGISTICS INDIA PVT LTD,COCHIN,Kerala,India,683503,8803333444,admin@yesweigh.in,Taxable,99381000000006208,GST18,18.00,Tax Group,,,,,,0.000,,,32-Kerala,business_gst,32AOLPN0287R2ZA,,,,Swathy,entity_level,KL,19500.00,0.00,Adjustment,,goods,Spreadsheet Template,nos,1950.00,84231000,Sales,,ATMPCT,,,,,,,,,,,,,,,0.000,Cochin,,
2020-07-02,,99381000000035362,,99381000001055243,CN-00008,Closed,Accounts Receivable,DIGITAL SCALE,,Modern Instruments,,Nilambur,kerala,,679329,9745204910,,,"Near Stadium,",Mukkam Road,"Areekode, Malappuram",kerala,,9745204910,673639,,NO,NO,99381000000136578,INR,1.00,false,115050.00,0.00,0.00,,,YS521,0.00,,,,,,,,,0.00,,99381000000098082,Yet To Be Pushed,,,YS521,2020-05-02,0.000,,,,0.00,,,,,,,,,,,,,,,,true,Price Computing Scale-T,FALSE,0.00,0.0,50.00,Make: YESWEIGH Model:YSP-20  Max:20kg  e:2g  Min:40g  Class:III,17550.00,97500.00,YS931,Cochin,9.00,9.00,0.00,0.00,8775.00,8775.00,0.00,0.00,8775.00,8775.00,0.00,0.00,Sales Return,,,,,,,,,,INTERWEIGHING PVT LTD,32AAFCI1950F1ZZ,3PL Warehouse : C/O LOGIWIZ LOGISTICS INDIA PVT LTD,COCHIN,Kerala,India,683503,8803333444,admin@yesweigh.in,Taxable,99381000000006208,GST18,18.00,Tax Group,,,,,,0.000,,,32-Kerala,business_gst,32AOLPN0287R2ZA,,,,Swathy,entity_level,KL,97500.00,0.00,Adjustment,,goods,Spreadsheet Template,nos,1950.00,84231000,Sales,,ATMPCT,,,,,,,,,,,,,,,0.000,Cochin,,
2020-08-12,,99381000000735165,,99381000001237254,CN-00011,Closed,Accounts Receivable,DIGITAL SCALE,,"Near Stadium,",Mukkam Road,"Areekode, Malappuram",kerala,,673639,9745204910,,,"Near Stadium,",Mukkam Road,"Areekode, Malappuram",kerala,,9745204910,673639,,NO,NO,99381000000136578,INR,1.00,false,17700.00,0.00,0.00,,,YS934,0.00,,,,,,,,,0.00,,99381000000098082,Yet To Be Pushed,,,YS934,2020-08-04,0.000,,,,0.00,,,,,,,,,,,,,,,,true,Label Printing scale Q9,FALSE,0.00,0.0,1.00,"Make:YESWEIGH  Model:YS-30   Max:30kg  e:5g  Min:100g  Class:III
Serial No:TH13114 & TH13115",2700.00,15000.00,YS934,Cochin,9.00,9.00,0.00,0.00,1350.00,1350.00,0.00,0.00,1350.00,1350.00,0.00,0.00,Sales Return,,,,,,,,,,INTERWEIGHING PVT LTD,32AAFCI1950F1ZZ,3PL Warehouse : C/O LOGIWIZ LOGISTICS INDIA PVT LTD,COCHIN,Kerala,India,683503,8803333444,admin@yesweigh.in,Taxable,99381000000006208,GST18,18.00,Tax Group,,,,,,0.000,,,32-Kerala,business_gst,32AOLPN0287R2ZA,,,,,entity_level,KL,15000.00,0.00,Adjustment,,goods,Spreadsheet Template,nos,15000.00,84231000,Sales,,TMAQ9,,,,,,,,,,,,,,,0.000,Cochin,,
2020-09-03,,99381000000035371,,99381000001335665,CN-00012,Closed,Accounts Receivable,ACCURATE TRADE LINKS,Harish,Future Centre,Ottukuzhi Road,Trivandrum,Kerala,India,695001,9847141007,,Harish,Future Centre,Ottukuzhi Road,Trivandrum,Kerala,India,9847141007,695001,,NO,NO,99381000000114383,INR,1.00,false,11505.00,0.00,0.00,,,,0.00,,,,,,,,,0.00,,99381000000098082,Yet To Be Pushed,,,YS954,2020-08-07,0.000,,,,0.00,,,,,,,,,,,,,,,,true,Price Computing Scale-W,FALSE,0.00,0.0,5.00,"Make: YESWEIGH Model: YSP-20
Max:20kg  e:2g  Min:40g  Class:III
Serial No:TH14137 To TH14166",1755.00,9750.00,YS1059,Cochin,9.00,9.00,0.00,0.00,877.50,877.50,0.00,0.00,877.50,877.50,0.00,0.00,Sales Return,,,,,,,,,,INTERWEIGHING PVT LTD,32AAFCI1950F1ZZ,3PL Warehouse : C/O LOGIWIZ LOGISTICS INDIA PVT LTD,COCHIN,Kerala,India,683503,8803333444,admin@yesweigh.in,Taxable,99381000000006208,GST18,18.00,Tax Group,,,,,,0.000,,,32-Kerala,business_gst,32AHJPK1741Q1Z4,,,,,entity_level,KL,9750.00,0.00,Adjustment,,goods,Spreadsheet Template,nos,1950.00,84231000,Sales,,ATMPCW,,,,,,,,,,,,,,,0.000,Cochin,,
2020-09-21,,99381000000016068,,99381000001419041,CN-00014,Closed,Accounts Receivable,G Tech Automation,,"First Floor, Room No.XVII/563","Gopi sadanam building, Temple Road(Near children's library)",Kottayam,Kerala,India,686001,9495977119,,,"First Floor, Room No.XVII/563","Gopi sadanam building, Temple Road(Near children's library)",Kottayam,Kerala,India,9495977119,686001,,NO,NO,99381000000838011,INR,1.00,false,188951.04,0.00,0.00,,,,0.00,,,,,,,,,0.00,,99381000000098082,Yet To Be Pushed,,,YS1221,2020-09-19,0.000,,,,0.00,561203669956,21/09/2020 02:32:00 PM,Generated,,,ST COURIER PVT LTD,33ABACS1175L1ZC,,,,,,,,,true,Platform scale,FALSE,0.00,0.0,48.00,"Make: YESWEIGH  Model:YSP-50
Max:50kg  e:5g  Min:100g  Class:III
Serial No:TI19735 To TI19782",17971.20,99840.00,YS1221,Cochin,9.00,9.00,0.00,0.00,8985.60,8985.60,0.00,0.00,8985.60,8985.60,0.00,0.00,Sales Return,,,,,,,,,,INTERWEIGHING PVT LTD,32AAFCI1950F1ZZ,3PL Warehouse : C/O LOGIWIZ LOGISTICS INDIA PVT LTD,COCHIN,Kerala,India,683503,8803333444,admin@yesweigh.in,Taxable,99381000000006208,GST18,18.00,Tax Group,,,,,,0.000,,,32-Kerala,business_gst,32AUTPG0755F1ZQ,,,,,entity_level,KL,160128.00,0.00,Adjustment,,goods,Spreadsheet Template,nos,2080.00,84231000,Sales,,BENCHPC,,,,,,,,,,,,,,,0.000,Cochin,,
2020-09-21,,99381000000016031,,99381000001419041,CN-00014,Closed,Accounts Receivable,G Tech Automation,,"First Floor, Room No.XVII/563","Gopi sadanam building, Temple Road(Near children's library)",Kottayam,Kerala,India,686001,9495977119,,,"First Floor, Room No.XVII/563","Gopi sadanam building, Temple Road(Near children's library)",Kottayam,Kerala,India,9495977119,686001,,NO,NO,99381000000838011,INR,1.00,false,188951.04,0.00,0.00,,,,0.00,,,,,,,,,0.00,,99381000000098082,Yet To Be Pushed,,,YS1221,2020-09-19,0.000,,,,0.00,561203669956,21/09/2020 02:32:00 PM,Generated,,,ST COURIER PVT LTD,33ABACS1175L1ZC,,,,,,,,,true,Price Computing scale,FALSE,0.00,0.0,30.00,"Make: YESWEIGH  Model:YSP-20
Max:20kg  e:2g  Min:40g  Class:III
Serial No:TI19783 To TI19812",10152.00,56400.00,YS1221,Cochin,9.00,9.00,0.00,0.00,5076.00,5076.00,0.00,0.00,5076.00,5076.00,0.00,0.00,Sales Return,,,,,,,,,,INTERWEIGHING PVT LTD,32AAFCI1950F1ZZ,3PL Warehouse : C/O LOGIWIZ LOGISTICS INDIA PVT LTD,COCHIN,Kerala,India,683503,8803333444,admin@yesweigh.in,Taxable,99381000000006208,GST18,18.00,Tax Group,,,,,,0.000,,,32-Kerala,business_gst,32AUTPG0755F1ZQ,,,,,entity_level,KL,160128.00,0.00,Adjustment,,goods,Spreadsheet Template,nos,1880.00,84231000,Sales,,ATMPC,,,,,,,,,,,,,,,0.000,Cochin,,
2020-09-21,,99381000000557009,,99381000001419041,CN-00014,Closed,Accounts Receivable,G Tech Automation,,"First Floor, Room No.XVII/563","Gopi sadanam building, Temple Road(Near children's library)",Kottayam,Kerala,India,686001,9495977119,,,"First Floor, Room No.XVII/563","Gopi sadanam building, Temple Road(Near children's library)",Kottayam,Kerala,India,9495977119,686001,,NO,NO,99381000000838011,INR,1.00,false,188951.04,0.00,0.00,,,,0.00,,,,,,,,,0.00,,99381000000098082,Yet To Be Pushed,,,YS1221,2020-09-19,0.000,,,,0.00,561203669956,21/09/2020 02:32:00 PM,Generated,,,ST COURIER PVT LTD,33ABACS1175L1ZC,,,,,,,,,true,Freight Charges,FALSE,0.00,0.0,312.00,,505.44,2808.00,YS1221,Cochin,9.00,9.00,0.00,0.00,252.72,252.72,0.00,0.00,252.72,252.72,0.00,0.00,Sales Return,,,,,,,,,,INTERWEIGHING PVT LTD,32AAFCI1950F1ZZ,3PL Warehouse : C/O LOGIWIZ LOGISTICS INDIA PVT LTD,COCHIN,Kerala,India,683503,8803333444,admin@yesweigh.in,Taxable,99381000000006208,GST18,18.00,Tax Group,,,,,,0.000,,,32-Kerala,business_gst,32AUTPG0755F1ZQ,,,,,entity_level,KL,160128.00,0.00,Adjustment,,service,Spreadsheet Template,kg,9.00,9968,Sales,,COCS,,,,,,,,,,,,,,,0.000,,,
2020-09-21,,99381000000557009,,99381000001419041,CN-00014,Closed,Accounts Receivable,G Tech Automation,,"First Floor, Room No.XVII/563","Gopi sadanam building, Temple Road(Near children's library)",Kottayam,Kerala,India,686001,9495977119,,,"First Floor, Room No.XVII/563","Gopi sadanam building, Temple Road(Near children's library)",Kottayam,Kerala,India,9495977119,686001,,NO,NO,99381000000838011,INR,1.00,false,188951.04,0.00,0.00,,,,0.00,,,,,,,,,0.00,,99381000000098082,Yet To Be Pushed,,,YS1221,2020-09-19,0.000,,,,0.00,561203669956,21/09/2020 02:32:00 PM,Generated,,,ST COURIER PVT LTD,33ABACS1175L1ZC,,,,,,,,,true,Freight Charges,FALSE,0.00,0.0,120.00,,194.40,1080.00,YS1221,Cochin,9.00,9.00,0.00,0.00,97.20,97.20,0.00,0.00,97.20,97.20,0.00,0.00,Sales Return,,,,,,,,,,INTERWEIGHING PVT LTD,32AAFCI1950F1ZZ,3PL Warehouse : C/O LOGIWIZ LOGISTICS INDIA PVT LTD,COCHIN,Kerala,India,683503,8803333444,admin@yesweigh.in,Taxable,99381000000006208,GST18,18.00,Tax Group,,,,,,0.000,,,32-Kerala,business_gst,32AUTPG0755F1ZQ,,,,,entity_level,KL,160128.00,0.00,Adjustment,,service,Spreadsheet Template,kg,9.00,9968,Sales,,COCS,,,,,,,,,,,,,,,0.000,,,
2020-09-29,,99381000000302452,,99381000001472345,CN-00015,Closed,Accounts Receivable,Dynamic Enterprises,,XIV/217C SUNRISE BUILDING,MARKET. IRINJALAKKUDA PO,THRISSUR,Kerala,India,680121,,,,XIV/217C SUNRISE BUILDING,MARKET. IRINJALAKKUDA PO,THRISSUR,Kerala,India,,680121,,NO,NO,99381000000151001,INR,1.00,false,45312.00,0.00,0.00,,,,0.00,,,,,,,,,0.00,,99381000000098082,Yet To Be Pushed,,,YS1234,2020-09-22,0.000,,,,0.00,,,,,,,,,,,,,,,,true,CCM  - Value Counting Machine,FALSE,0.00,0.0,6.00,,6912.00,38400.00,YS1234,Cochin,9.00,9.00,0.00,0.00,3456.00,3456.00,0.00,0.00,3456.00,3456.00,0.00,0.00,Sales Return,,,,,,,,,,INTERWEIGHING PVT LTD,32AAFCI1950F1ZZ,3PL Warehouse : C/O LOGIWIZ LOGISTICS INDIA PVT LTD,COCHIN,Kerala,India,683503,8803333444,admin@yesweigh.in,Taxable,99381000000006208,GST18,18.00,Tax Group,,,,,,0.000,,,32-Kerala,business_gst,32ATJPS7075B1ZN,,,,,entity_level,KL,38400.00,0.00,Adjustment,,goods,Spreadsheet Template,nos,6400.00,84729090,Sales,,AL66,,,,,,,,,,,,,,,0.000,Cochin,,
2020-09-30,,99381000000035236,,99381000001486129,CN-00016,Closed,Accounts Receivable,ELMASS SYSTEMS & SERVICES,,"70/1955 /old 44/2214A5, Martin Eva Holy Tuesday Shopping Mall,
Banerji Road, Mathrubhoomi Jn.",,Ernakulam,Kerala,India,682017,98479 96372,,,"Souhruda Lane
Lissie Hospital Road",,Ernakulam,Kerala,India,98479 96372,682018,,NO,NO,99381000000084733,INR,1.00,false,59000.00,0.00,0.00,,,,0.00,,,,,,,,,0.00,,99381000000098082,Yet To Be Pushed,,,YS1090,2020-09-05,0.000,,,,0.00,,,,,,,,,,,,,,,,true,Floor Scale 1mx1m,FALSE,0.00,0.0,5.00,"Make: YES WEIGH  Model:YSP-1000 Max:1000kg  e:100g  Min:2kg  Class:III
Serial No:TI17321 To TI17325",9000.00,50000.00,"YS1290,YS1310",Cochin,9.00,9.00,0.00,0.00,4500.00,4500.00,0.00,0.00,4500.00,4500.00,0.00,0.00,Sales Return,,,,,,,,,,INTERWEIGHING PVT LTD,32AAFCI1950F1ZZ,3PL Warehouse : C/O LOGIWIZ LOGISTICS INDIA PVT LTD,COCHIN,Kerala,India,683503,8803333444,admin@yesweigh.in,Taxable,99381000000006208,GST18,18.00,Tax Group,,,,,,0.000,,,32-Kerala,business_gst,32AACFE8918M1Z7,,,,,entity_level,KL,50000.00,0.00,Adjustment,,goods,Spreadsheet Template,nos,10000.00,84239020,Sales,,PLT1000,,,,,,,,,,,,,,,0.000,Cochin,,
2020-11-04,,99381000001247038,,99381000001697285,CN-00017,Closed,Accounts Receivable,M/S HIM Enterprises,,"Pungh, Pungh",Sundernagar,Mandi,Himachal Pradesh,India,175018,9816133667,,,"Pungh, Pungh",Sundernagar,Mandi,Himachal Pradesh,India,9816133667,175018,,NO,NO,99381000001413298,INR,1.00,false,2113.00,0.00,0.00,,,,0.00,,,,,,,,,0.80,Other Charges,99381000000098082,Yet To Be Pushed,,,YS1269,2020-09-26,0.000,,,,0.00,,,,,,,,,,,,,,,,true,ATM JUNIOR YS669,FALSE,0.00,0.0,1.00,"Make : YESWEIGH Model : YSP-20
Max : 20kg e:2g Min:40g
Class : III
Serial No:TI20773",322.20,1790.00,,Cochin,0.00,0.00,18.00,0.00,0.00,0.00,322.20,0.00,0.00,0.00,322.20,0.00,Sales Return,,,,,,,,,,INTERWEIGHING PVT LTD,32AAFCI1950F1ZZ,3PL Warehouse : C/O LOGIWIZ LOGISTICS INDIA PVT LTD,COCHIN,Kerala,India,683503,8803333444,admin@yesweigh.in,Taxable,99381000000006196,IGST18,18.00,ItemAmount,,,,,,0.000,,,02-Himachal Pradesh,business_gst,02AGEPB5824B2Z9,,,,,entity_level,HP,1790.00,0.00,Adjustment,,goods,Spreadsheet Template,nos,1790.00,84231000,Sales,,YS669,,,,,,,,,,,,,,,0.000,Cochin,,
2020-11-07,,99381000000205926,,99381000001716011,CN-00018,Closed,Accounts Receivable,Gee Bee Instruments,,"Adhithi Instruments
Door No. 5-11-1099/1 Jai Ganesh Building","KF Road
Opp Vaikunta Kudva & Sons",Mannagudda,Mangalore,India,575003,,,,"Adhithi Instruments
Door No. 5-11-1099/1 Jai Ganesh Building","KF Road
Opp Vaikunta Kudva & Sons",Mannagudda,Mangalore,India,,575003,,NO,NO,99381000000553036,INR,1.00,false,22420.00,0.00,0.00,,,,0.00,,,,,,,,,0.00,,99381000000098082,Yet To Be Pushed,,,YS1499,2020-10-30,0.000,,,,0.00,,,,,,,,,,,,,,,,true,Analytical Balance 220g /0.1mg,FALSE,0.00,0.0,1.00,Make : YES WEIGH Model : YSJ 50,3420.00,19000.00,YS1595,Cochin,0.00,0.00,18.00,0.00,0.00,0.00,3420.00,0.00,0.00,0.00,3420.00,0.00,Sales Return,,,,,,,,,,INTERWEIGHING PVT LTD,32AAFCI1950F1ZZ,3PL Warehouse : C/O LOGIWIZ LOGISTICS INDIA PVT LTD,COCHIN,Kerala,India,683503,8803333444,admin@yesweigh.in,Taxable,99381000000006196,IGST18,18.00,ItemAmount,,,,,,0.000,,,29-Karnataka,business_gst,29AXEPS2651Q1ZO,,,,,entity_level,KA,19000.00,0.00,Adjustment,,goods,Spreadsheet Template,nos,19000.00,84231000,Sales,,BSM2204,,,,,,,,,,,,,,,0.000,Cochin,,
2020-11-14,,,,99381000001773421,CN-00019,Closed,Accounts Receivable,KRAUS INSTRUMENTS,,"1,11/411/14, ABHCON CROWN,","AMBADY LANE, KOKKALAI","KOKKALAI, THRISSUR",Kerala,India,680001,99617020321,,,"1,11/411/14, ABHCON CROWN,","AMBADY LANE, KOKKALAI","KOKKALAI, THRISSUR",Kerala,India,99617020321,680001,,NO,NO,99381000000309611,INR,1.00,false,5900.00,0.00,0.00,,,,0.00,,,,,,,,,0.00,,99381000000098082,Yet To Be Pushed,,,YS575,2020-05-18,0.000,,,,0.00,,,,,,,,,,,,,,,,true,,FALSE,0.00,0.0,1.00,Sales Staff 2 Numbers,900.00,5000.00,YS1627,Cochin,9.00,9.00,0.00,0.00,450.00,450.00,0.00,0.00,450.00,450.00,0.00,0.00,Sales Return,,,,,,,,,,INTERWEIGHING PVT LTD,32AAFCI1950F1ZZ,3PL Warehouse : C/O LOGIWIZ LOGISTICS INDIA PVT LTD,COCHIN,Kerala,India,683503,8803333444,admin@yesweigh.in,Taxable,99381000000006208,GST18,18.00,Tax Group,,,,,,0.000,,,32-Kerala,business_gst,32AASFK0676Q1ZM,,,,,entity_level,KL,5000.00,0.00,Adjustment,,service,Spreadsheet Template,,5000.00,9954,Sales,,,,,,,,,,,,,,,,,0.000,,,
2020-11-19,,99381000000016068,,99381000001802503,CN-00020,Closed,Accounts Receivable,OM ENTERPRISES,,"DHALESWAR ROAD NO 8,
M/S OM ENTERPRISES",AGARTALA,WEST TRIPURA,Tripura,India,799001,7005650882,,,"DHALESWAR ROAD NO 8,
M/S OM ENTERPRISES",AGARTALA,WEST TRIPURA,Tripura,India,7005650882,799001,,NO,NO,99381000001717050,INR,1.00,false,58905.60,0.00,0.00,,,,0.00,,,,,,,,,0.00,,99381000000098082,Yet To Be Pushed,,,YS1624,2020-11-17,0.000,,,,0.00,,,,,,,,,,,,,,,,true,Platform scale,FALSE,0.00,0.0,24.00,"Make: YESWEIGH  Model:YSP-50
Max:50kg  e:5g  Min:100g  Class:III
Serial No:TK27398 To TK27421",8985.60,49920.00,YS1624,Cochin,0.00,0.00,18.00,0.00,0.00,0.00,8985.60,0.00,0.00,0.00,8985.60,0.00,Sales Return,,,,,,,,,,INTERWEIGHING PVT LTD,32AAFCI1950F1ZZ,3PL Warehouse : C/O LOGIWIZ LOGISTICS INDIA PVT LTD,COCHIN,Kerala,India,683503,8803333444,admin@yesweigh.in,Taxable,99381000000006196,IGST18,18.00,ItemAmount,,,,,,0.000,,,16-Tripura,business_gst,16AHGPD9770R1ZL,,,,,entity_level,TR,49920.00,0.00,Adjustment,,goods,Spreadsheet Template,nos,2080.00,84231000,Sales,,BENCHPC,,,,,,,,,,,,,,,0.000,Cochin,,
2020-12-04,,99381000000016031,,99381000001907920,CN-00021,Closed,Accounts Receivable,MALABAR SCALES- Thirssur,,"Garden Complex,2nd floor",Near Govt Hospital,"Kodugallur,Thrissur",Kerala,,680664,,,,"Garden Complex,2nd floor",Near Govt Hospital,"Kodugallur,Thrissur",Kerala,,,680664,,NO,NO,99381000005496103,INR,1.00,false,56522.00,0.00,0.00,,,,0.00,,,,,,,,,0.00,,99381000000098082,Yet To Be Pushed,,,YS1763,2020-12-03,0.000,,,,0.00,,,,,,,,,,,,,,,,true,Price Computing scale,FALSE,0.00,0.0,25.00,"Make: YESWEIGH  Model:YSP-20
Max:20kg  e:2g  Min:40g  Class:III
Serial No:TK27854 To TK27862 (STAMPED GOODS)
                TL28633 To TL28648 (STAMPED GOODS)",8460.00,47000.00,YS1763,Cochin,9.00,9.00,0.00,0.00,4230.00,4230.00,0.00,0.00,4230.00,4230.00,0.00,0.00,Sales Return,,,,,,,,,,INTERWEIGHING PVT LTD,32AAFCI1950F1ZZ,3PL Warehouse : C/O LOGIWIZ LOGISTICS INDIA PVT LTD,COCHIN,Kerala,India,683503,8803333444,admin@yesweigh.in,Taxable,99381000000006208,GST18,18.00,Tax Group,,,,,,0.000,,,32-Kerala,business_gst,32AAWFM8788R1ZT,,,,,entity_level,KL,47900.00,0.00,Adjustment,,goods,Spreadsheet Template,nos,1880.00,84231000,Sales,,ATMPC,,,,,,,,,,,,,,,0.000,Cochin,,
2020-12-04,,99381000000557009,,99381000001907920,CN-00021,Closed,Accounts Receivable,MALABAR SCALES- Thirssur,,"Garden Complex,2nd floor",Near Govt Hospital,"Kodugallur,Thrissur",Kerala,,680664,,,,"Garden Complex,2nd floor",Near Govt Hospital,"Kodugallur,Thrissur",Kerala,,,680664,,NO,NO,99381000005496103,INR,1.00,false,56522.00,0.00,0.00,,,,0.00,,,,,,,,,0.00,,99381000000098082,Yet To Be Pushed,,,YS1763,2020-12-03,0.000,,,,0.00,,,,,,,,,,,,,,,,true,Freight Charges,FALSE,0.00,0.0,100.00,,162.00,900.00,YS1763,Cochin,9.00,9.00,0.00,0.00,81.00,81.00,0.00,0.00,81.00,81.00,0.00,0.00,Sales Return,,,,,,,,,,INTERWEIGHING PVT LTD,32AAFCI1950F1ZZ,3PL Warehouse : C/O LOGIWIZ LOGISTICS INDIA PVT LTD,COCHIN,Kerala,India,683503,8803333444,admin@yesweigh.in,Taxable,99381000000006208,GST18,18.00,Tax Group,,,,,,0.000,,,32-Kerala,business_gst,32AAWFM8788R1ZT,,,,,entity_level,KL,47900.00,0.00,Adjustment,,service,Spreadsheet Template,kg,9.00,9968,Sales,,COCS,,,,,,,,,,,,,,,0.000,,,
2020-12-18,,99381000000016031,,99381000002005317,CN-00022,Closed,Accounts Receivable,TRAAS TECH,,Narath town,Kannur,Kannur,Kerala,India,670601,,,Bineesh George,Narath town,Kannur,Kannur,Kerala,India,,670601,,NO,NO,99381000000364094,INR,1.00,false,12154.00,0.00,0.00,,,,0.00,,,,,,,,,0.00,,99381000000098082,Yet To Be Pushed,,,YS1645,2020-11-21,0.000,,,,0.00,,,,,,,,,,,,,,,,true,Price Computing scale,FALSE,0.00,0.0,5.00,"Make: YESWEIGH  Model:YSP-20
Max:20kg  e:2g  Min:40g  Class:III",1692.00,9400.00,"YS1853,YS1696,YS1670",Cochin,9.00,9.00,0.00,0.00,846.00,846.00,0.00,0.00,846.00,846.00,0.00,0.00,Sales Return,,,,,,,,,,INTERWEIGHING PVT LTD,32AAFCI1950F1ZZ,3PL Warehouse : C/O LOGIWIZ LOGISTICS INDIA PVT LTD,COCHIN,Kerala,India,683503,8803333444,admin@yesweigh.in,Taxable,99381000000006208,GST18,18.00,Tax Group,,,,,,0.000,,,32-Kerala,business_gst,32AAPFT2527C1ZF,,,,,entity_level,KL,10300.00,0.00,Adjustment,,goods,Spreadsheet Template,nos,1880.00,84231000,Sales,,ATMPC,,,,,,,,,,,,,,,0.000,Cochin,,
2020-12-18,,99381000000557009,,99381000002005317,CN-00022,Closed,Accounts Receivable,TRAAS TECH,,Narath town,Kannur,Kannur,Kerala,India,670601,,,Bineesh George,Narath town,Kannur,Kannur,Kerala,India,,670601,,NO,NO,99381000000364094,INR,1.00,false,12154.00,0.00,0.00,,,,0.00,,,,,,,,,0.00,,99381000000098082,Yet To Be Pushed,,,YS1645,2020-11-21,0.000,,,,0.00,,,,,,,,,,,,,,,,true,Freight Charges,FALSE,0.00,0.0,100.00,,162.00,900.00,"YS1853,YS1696,YS1670",Cochin,9.00,9.00,0.00,0.00,81.00,81.00,0.00,0.00,81.00,81.00,0.00,0.00,Sales Return,,,,,,,,,,INTERWEIGHING PVT LTD,32AAFCI1950F1ZZ,3PL Warehouse : C/O LOGIWIZ LOGISTICS INDIA PVT LTD,COCHIN,Kerala,India,683503,8803333444,admin@yesweigh.in,Taxable,99381000000006208,GST18,18.00,Tax Group,,,,,,0.000,,,32-Kerala,business_gst,32AAPFT2527C1ZF,,,,,entity_level,KL,10300.00,0.00,Adjustment,,service,Spreadsheet Template,kg,9.00,9968,Sales,,COCS,,,,,,,,,,,,,,,0.000,,,
2021-03-23,,,,99381000002707047,CN-00023,Void,Accounts Receivable,V K ELECTRONICS,,"V K ELECTRONICS, M P Road, Poonoor","Unnikulam PO, Calicut",Calicut,Kerala,India,673574,8606832122,,,"V K ELECTRONICS, M P Road, Poonoor","Unnikulam PO, Calicut",Calicut,Kerala,India,8606832122,673574,,NO,NO,99381000001357416,INR,1.00,false,10000.00,10000.00,0.00,,,,0.00,,,,,,,,,0.00,,99381000000098082,Yet To Be Pushed,,,YS2379,2021-03-18,0.000,,,,0.00,,,,,,,,,,,,,,,,true,,FALSE,0.00,0.0,1.00,Discount applied against claim for Name Board,0.00,10000.00,,Cochin,,,,,,,,,,,,,Others,,,,,,,,,,INTERWEIGHING PVT LTD,32AAFCI1950F1ZZ,3PL Warehouse : C/O LOGIWIZ LOGISTICS INDIA PVT LTD,COCHIN,Kerala,India,683503,8803333444,admin@yesweigh.in,Out of Scope,,,,,,,,,,0.000,,,32-Kerala,business_gst,32BOXPV4134E1ZN,,,,,entity_level,KL,10000.00,0.00,Adjustment,,service,Spreadsheet Template,,10000.00,,Gifts and Promotions,,,,,,,,,,,,,,,,,0.000,,,
2021-03-23,,,,99381000002707143,CN-00024,Void,Accounts Receivable,KRAUS INSTRUMENTS,,"1,11/411/14, ABHCON CROWN,","AMBADY LANE, KOKKALAI","KOKKALAI, THRISSUR",Kerala,India,680001,99617020321,,,"1,11/411/14, ABHCON CROWN,","AMBADY LANE, KOKKALAI","KOKKALAI, THRISSUR",Kerala,India,99617020321,680001,,NO,NO,99381000000309611,INR,1.00,false,20140.00,20140.00,0.00,,,,0.00,,,,,,,,,0.00,,99381000000098082,Yet To Be Pushed,,,YS2342,2021-03-12,0.000,,,,0.00,,,,,,,,,,,,,,,,true,,FALSE,0.00,0.0,1.00,5% Discount scheme- Total eligibilty Rs.25000/-,0.00,20140.00,,Cochin,,,,,,,,,,,,,Others,,,,,,,,,,INTERWEIGHING PVT LTD,32AAFCI1950F1ZZ,3PL Warehouse : C/O LOGIWIZ LOGISTICS INDIA PVT LTD,COCHIN,Kerala,India,683503,8803333444,admin@yesweigh.in,Out of Scope,,,,,,,,,,0.000,,,32-Kerala,business_gst,32AASFK0676Q1ZM,,,,,entity_level,KL,20140.00,0.00,Adjustment,,service,Spreadsheet Template,,20140.00,,Discount Allowed,,,,,,,,,,,,,,,,,0.000,,,
2021-03-24,,,,99381000002712333,CN-00026,Void,Accounts Receivable,ACE ELECTRONICS,,"Akai tower ,
Near Tali Temple 
Thali ,Calicut",,Calicut,Kerala,India,673002,,,,"Akai tower ,
Near Tali Temple 
Thali ,Calicut",,Calicut,Kerala,India,,673002,,NO,NO,99381000000084508,INR,1.00,false,324167.00,324167.00,0.00,,,,0.00,,,,,,,,,0.00,,99381000000098082,Yet To Be Pushed,,,YS2410,2021-03-23,0.000,,,,0.00,,,,,,,,,,,,,,,,true,,FALSE,0.00,0.0,1.00,DIVIDEND DISCOUNT SCHEME,0.00,324167.00,,Cochin,,,,,,,,,,,,,Post Sale Discount,,,,,,,,,,INTERWEIGHING PVT LTD,32AAFCI1950F1ZZ,3PL Warehouse : C/O LOGIWIZ LOGISTICS INDIA PVT LTD,COCHIN,Kerala,India,683503,8803333444,admin@yesweigh.in,Out of Scope,,,,,,,,,,0.000,,,32-Kerala,business_gst,32AAZFA3650P1ZV,,,,,entity_level,KL,324167.00,0.00,Adjustment,,service,Spreadsheet Template,,324167.00,,Discount Allowed,,,,,,,,,,,,,,,,,0.000,,,
2021-03-25,,,,99381000002719492,CN-00027,Void,Accounts Receivable,ELMASS SYSTEMS & SERVICES,,"70/1955 /old 44/2214A5, Martin Eva Holy Tuesday Shopping Mall,
Banerji Road, Mathrubhoomi Jn.",,Ernakulam,Kerala,India,682017,98479 96372,,,"Souhruda Lane
Lissie Hospital Road",,Ernakulam,Kerala,India,98479 96372,682018,,NO,NO,99381000000084733,INR,1.00,false,293667.00,293667.00,0.00,,,,0.00,,,,,,,,,0.00,,99381000000098082,Yet To Be Pushed,,,YS2415,2021-03-24,0.000,,,,0.00,,,,,,,,,,,,,,,,true,,FALSE,0.00,0.0,1.00,15% DIVIDEND DISCOUNT SCHEME,0.00,293667.00,,Cochin,,,,,,,,,,,,,Others,,,,,,,,,,INTERWEIGHING PVT LTD,32AAFCI1950F1ZZ,3PL Warehouse : C/O LOGIWIZ LOGISTICS INDIA PVT LTD,COCHIN,Kerala,India,683503,8803333444,admin@yesweigh.in,Out of Scope,,,,,,,,,,0.000,,,32-Kerala,business_gst,32AACFE8918M1Z7,,,,,entity_level,KL,293667.00,0.00,Adjustment,,service,Spreadsheet Template,,293667.00,,Discount Allowed,,,,,,,,,,,,,,,,,0.000,,,
2021-03-25,,,,99381000002722128,CN-00025,Void,Accounts Receivable,MEEZAN ELECTRONIC SCALES PRIVATE LIMITED,SELF COLLECTION,,,,Kerala,India,,9446157730,,Riyas,"8/308A Meezan Tower 
Calicut Road , Manjeri",,MANJERI,Kerala,India,9446157730,676121,,NO,NO,99381000000112170,INR,1.00,false,339167.00,339167.00,0.00,,,,0.00,,,,,,,,,0.00,,99381000000098082,Yet To Be Pushed,,,YS2420,2021-03-24,0.000,,,,0.00,,,,,,,,,,,,,,,,true,,FALSE,0.00,0.0,1.00,15% DIVIDEND DISCOUNT SCHEME,0.00,339167.00,,Cochin,,,,,,,,,,,,,Others,,,,,,,,,,INTERWEIGHING PVT LTD,32AAFCI1950F1ZZ,3PL Warehouse : C/O LOGIWIZ LOGISTICS INDIA PVT LTD,COCHIN,Kerala,India,683503,8803333444,admin@yesweigh.in,Out of Scope,,,,,,,,,,0.000,,,32-Kerala,business_gst,32AAECM1277C1ZY,,,,,entity_level,KL,339167.00,0.00,Adjustment,,service,Spreadsheet Template,,339167.00,,Discount Allowed,,,,,,,,,,,,,,,,,0.000,,,
2021-03-25,,,,99381000002722250,CN-00028,Void,Accounts Receivable,TAKYON SYSTEMS,Mr. Vijay Kumar,Pallisserickal,Sasthamcotta,Kollam,Kerala,India,690521,04762830884,,Mr. Vijay Kumar,"Alleppy Parcel Service 
Godown Delivery, Baranikkavu",,Kollam,Kerala,India,04762830884,691010,,NO,NO,99381000000154574,INR,1.00,false,251042.00,251042.00,0.00,,,,0.00,,,,,,,,,0.00,,99381000000098082,Yet To Be Pushed,,,YS2421,2021-03-24,0.000,,,,0.00,,,,,,,,,,,,,,,,true,,FALSE,0.00,0.0,1.00,15% DIVIDEND DISCOUNT SCHEME,0.00,251042.00,,Cochin,,,,,,,,,,,,,Others,,,,,,,,,,INTERWEIGHING PVT LTD,32AAFCI1950F1ZZ,3PL Warehouse : C/O LOGIWIZ LOGISTICS INDIA PVT LTD,COCHIN,Kerala,India,683503,8803333444,admin@yesweigh.in,Out of Scope,,,,,,,,,,0.000,,,32-Kerala,business_gst,32AANFT0176D1ZE,,,,,entity_level,KL,251042.00,0.00,Adjustment,,service,Spreadsheet Template,,251042.00,,Discount Allowed,,,,,,,,,,,,,,,,,0.000,,,
2021-03-25,,,,99381000002722292,CN-00029,Void,Accounts Receivable,ACCURATE TRADE LINKS,Harish,Future Centre,Ottukuzhi Road,Trivandrum,Kerala,India,695001,9847141007,,Harish,Future Centre,Ottukuzhi Road,Trivandrum,Kerala,India,9847141007,695001,,NO,NO,99381000000114383,INR,1.00,false,336667.00,336667.00,0.00,,,,0.00,,,,,,,,,0.00,,99381000000098082,Yet To Be Pushed,,,YS2417,2021-03-24,0.000,,,,0.00,,,,,,,,,,,,,,,,true,,FALSE,0.00,0.0,1.00,15% DIVIDEND DISCOUNT SCHEME,0.00,336667.00,,Cochin,,,,,,,,,,,,,Others,,,,,,,,,,INTERWEIGHING PVT LTD,32AAFCI1950F1ZZ,3PL Warehouse : C/O LOGIWIZ LOGISTICS INDIA PVT LTD,COCHIN,Kerala,India,683503,8803333444,admin@yesweigh.in,Out of Scope,,,,,,,,,,0.000,,,32-Kerala,business_gst,32AHJPK1741Q1Z4,,,,,entity_level,KL,336667.00,0.00,Adjustment,,service,Spreadsheet Template,,336667.00,,Discount Allowed,,,,,,,,,,,,,,,,,0.000,,,
2021-03-26,,,,99381000002729270,CN-00030,Void,Accounts Receivable,Modern machines,,Pathirappally P.O.,,Alappuzha,Kerala,India,688521,,,,Pathirappally P.O.,,Alappuzha,Kerala,India,,688521,,NO,NO,99381000000036003,INR,1.00,false,75000.00,75000.00,0.00,,,,0.00,,,,,,,,,0.00,,99381000000098082,Yet To Be Pushed,,,YS2426,2021-03-25,0.000,,,,0.00,,,,,,,,,,,,,,,,true,,FALSE,0.00,0.0,1.00,15% DIVIDEND DISCOUNT SCHEME,0.00,75000.00,,Cochin,,,,,,,,,,,,,Others,,,,,,,,,,INTERWEIGHING PVT LTD,32AAFCI1950F1ZZ,3PL Warehouse : C/O LOGIWIZ LOGISTICS INDIA PVT LTD,COCHIN,Kerala,India,683503,8803333444,admin@yesweigh.in,Out of Scope,,,,,,,,,,0.000,,,32-Kerala,business_gst,32EMRPS6226K1ZF,,,,,entity_level,KL,75000.00,0.00,Adjustment,,service,Spreadsheet Template,,75000.00,,Discount Allowed,,,,,,,,,,,,,,,,,0.000,,,
2021-03-26,,,,99381000002729532,CN-00031,Void,Accounts Receivable,ASK AUTOMATION SYSTEM,,XXI/1297 ANUGRAHA COMPLEX,MARKET,CHALAKUDY,KERALA,India,680307,,,Iringalakkuda,Iringalakkuda,Ph: 7012122099,,Kerala,India,7012122099,,,NO,NO,99381000000271001,INR,1.00,false,329167.00,329167.00,0.00,,,,0.00,,,,,,,,,0.00,,99381000000098082,Yet To Be Pushed,,,YS2423,2021-03-25,0.000,,,,0.00,,,,,,,,,,,,,,,,true,,FALSE,0.00,0.0,1.00,15% DIVIDEND DISCOUNT SCHEME,0.00,329167.00,,Cochin,,,,,,,,,,,,,Others,,,,,,,,,,INTERWEIGHING PVT LTD,32AAFCI1950F1ZZ,3PL Warehouse : C/O LOGIWIZ LOGISTICS INDIA PVT LTD,COCHIN,Kerala,India,683503,8803333444,admin@yesweigh.in,Out of Scope,,,,,,,,,,0.000,,,32-Kerala,business_gst,32BKMPS9970C1ZR,,,,,entity_level,KL,329167.00,0.00,Adjustment,,service,Spreadsheet Template,,329167.00,,Discount Allowed,,,,,,,,,,,,,,,,,0.000,,,
2021-03-27,,,,99381000002736116,CN-00032,Void,Accounts Receivable,TRAVANCORE SCALES SERVICES,,Attakulangara,Bypass Road,Tiruvanntapuram,kerala,India,695036,9995111501,,,Attakulangara,Bypass Road,Tiruvanntapuram,kerala,India,9995111501,695036,,NO,NO,99381000000036062,INR,1.00,false,20000.00,20000.00,0.00,,,,0.00,,,,,,,,,0.00,,99381000000098082,Yet To Be Pushed,,,YS2427,2021-03-26,0.000,,,,0.00,,,,,,,,,,,,,,,,true,,FALSE,0.00,0.0,1.00,SHAREHOLDERS' DISCOUNT 20000,0.00,20000.00,,Cochin,,,,,,,,,,,,,Others,,,,,,,,,,INTERWEIGHING PVT LTD,32AAFCI1950F1ZZ,3PL Warehouse : C/O LOGIWIZ LOGISTICS INDIA PVT LTD,COCHIN,Kerala,India,683503,8803333444,admin@yesweigh.in,Out of Scope,,,,,,,,,,0.000,,,32-Kerala,business_gst,32APBPN7027C2ZD,,,,,entity_level,KL,20000.00,0.00,Adjustment,,service,Spreadsheet Template,,20000.00,,Discount Allowed,,,,,,,,,,,,,,,,,0.000,,,
2021-03-27,,,,99381000002736254,CN-00033,Void,Accounts Receivable,TRAVANCORE SCALES SERVICES,,Attakulangara,Bypass Road,Tiruvanntapuram,kerala,India,695036,9995111501,,,Attakulangara,Bypass Road,Tiruvanntapuram,kerala,India,9995111501,695036,,NO,NO,99381000000036062,INR,1.00,false,116667.00,116667.00,0.00,,,,0.00,,,,,,,,,0.00,,99381000000098082,Yet To Be Pushed,,,YS2428,2021-03-26,0.000,,,,0.00,,,,,,,,,,,,,,,,true,,FALSE,0.00,0.0,1.00,15% DIVIDEND DISCOUNT SCHEME,0.00,116667.00,,Cochin,,,,,,,,,,,,,Others,,,,,,,,,,INTERWEIGHING PVT LTD,32AAFCI1950F1ZZ,3PL Warehouse : C/O LOGIWIZ LOGISTICS INDIA PVT LTD,COCHIN,Kerala,India,683503,8803333444,admin@yesweigh.in,Out of Scope,,,,,,,,,,0.000,,,32-Kerala,business_gst,32APBPN7027C2ZD,,,,,entity_level,KL,116667.00,0.00,Adjustment,,service,Spreadsheet Template,,116667.00,,Discount Allowed,,,,,,,,,,,,,,,,,0.000,,,
2021-03-28,,,,99381000002732133,CN-00034,Void,Accounts Receivable,KRAUS INSTRUMENTS,,"1,11/411/14, ABHCON CROWN,","AMBADY LANE, KOKKALAI","KOKKALAI, THRISSUR",Kerala,India,680001,99617020321,,,"1,11/411/14, ABHCON CROWN,","AMBADY LANE, KOKKALAI","KOKKALAI, THRISSUR",Kerala,India,99617020321,680001,,NO,NO,99381000000309611,INR,1.00,false,266667.00,266667.00,0.00,,,,0.00,,,,,,,,,0.00,,99381000000098082,Yet To Be Pushed,,,YS2434,2021-03-27,0.000,,,,0.00,,,,,,,,,,,,,,,,true,,FALSE,0.00,0.0,1.00,15% DIVIDEND DISCOUNT SCHEME,0.00,266667.00,,Cochin,,,,,,,,,,,,,Others,,,,,,,,,,INTERWEIGHING PVT LTD,32AAFCI1950F1ZZ,3PL Warehouse : C/O LOGIWIZ LOGISTICS INDIA PVT LTD,COCHIN,Kerala,India,683503,8803333444,admin@yesweigh.in,Out of Scope,,,,,,,,,,0.000,,,32-Kerala,business_gst,32AASFK0676Q1ZM,,,,,entity_level,KL,266667.00,0.00,Adjustment,,service,Spreadsheet Template,,266667.00,,Discount Allowed,,,,,,,,,,,,,,,,,0.000,,,
2021-03-28,,,,99381000002732169,CN-00035,Void,Accounts Receivable,KRAUS INSTRUMENTS,,"1,11/411/14, ABHCON CROWN,","AMBADY LANE, KOKKALAI","KOKKALAI, THRISSUR",Kerala,India,680001,99617020321,,,"1,11/411/14, ABHCON CROWN,","AMBADY LANE, KOKKALAI","KOKKALAI, THRISSUR",Kerala,India,99617020321,680001,,NO,NO,99381000000309611,INR,1.00,false,4860.00,4860.00,0.00,,,"Utilized : 20140/- (YS2342), Balance Rs.4860/-",0.00,,,,,,,,,0.00,,99381000000098082,Yet To Be Pushed,,,YS2434,2021-03-27,0.000,,,,0.00,,,,,,,,,,,,,,,,true,,FALSE,0.00,0.0,1.00,"5% DISCOUNT SCHEME FOR DEC 2020
",0.00,4860.00,,Cochin,,,,,,,,,,,,,Others,,,,,,,,,,INTERWEIGHING PVT LTD,32AAFCI1950F1ZZ,3PL Warehouse : C/O LOGIWIZ LOGISTICS INDIA PVT LTD,COCHIN,Kerala,India,683503,8803333444,admin@yesweigh.in,Out of Scope,,,,,,,,,,0.000,,,32-Kerala,business_gst,32AASFK0676Q1ZM,,,,,entity_level,KL,4860.00,0.00,Adjustment,,service,Spreadsheet Template,,4860.00,,Discount Allowed,,,,,,,,,,,,,,,,,0.000,,,
2021-03-28,,,,99381000002732337,CN-00036,Void,Accounts Receivable,SAFAL ENTERPRISE PVT. LTD,,"PLOT NO 816, PRIVATE PLOT NO 5,
KOTHARI INDUSTRIAL ESTATE. OPP KHODAL LODGE,
IN LANE OF EXCEL MANCHINERY","KOTHARI CROSS ROAD, SANTEJ",GANDHI NAGAR,GUJARAT,India,382721,,,,"PLOT NO 816, PRIVATE PLOT NO 5,
KOTHARI INDUSTRIAL ESTATE. OPP KHODAL LODGE,
IN LANE OF EXCEL MANCHINERY","KOTHARI CROSS ROAD, SANTEJ",GANDHI NAGAR,GUJARAT,India,,382721,,NO,NO,99381000000201819,INR,1.00,false,313854.00,313854.00,0.00,,,,0.00,,,,,,,,,0.00,,99381000000098082,Yet To Be Pushed,,,YS2433,2021-03-27,0.000,,,,0.00,,,,,,,,,,,,,,,,true,,FALSE,0.00,0.0,1.00,15% DIVIDEND DISCOUNT SCHEME,0.00,313854.00,,Cochin,,,,,,,,,,,,,Others,,,,,,,,,,INTERWEIGHING PVT LTD,32AAFCI1950F1ZZ,3PL Warehouse : C/O LOGIWIZ LOGISTICS INDIA PVT LTD,COCHIN,Kerala,India,683503,8803333444,admin@yesweigh.in,Out of Scope,,,,,,,,,,0.000,,,24-Gujarat,business_gst,24AFSPP3726R1ZK,,,,,entity_level,GJ,313854.00,0.00,Adjustment,,service,Spreadsheet Template,,313854.00,,Discount Allowed,,,,,,,,,,,,,,,,,0.000,,,
2021-03-29,,,,99381000002744634,CN-00037,Closed,Accounts Receivable,TAKYON SYSTEMS,Mr. Vijay Kumar,Pallisserickal,Sasthamcotta,Kollam,Kerala,India,690521,04762830884,,Mr. Vijay Kumar,"Alleppy Parcel Service 
Godown Delivery, Baranikkavu",,Kollam,Kerala,India,04762830884,691010,,NO,NO,99381000000154574,INR,1.00,false,14160.00,0.00,0.00,,,,0.00,,,,,,,,,0.00,,99381000000098082,Yet To Be Pushed,,,YS2421,2021-03-24,0.000,,,,0.00,,,,,,,,,,,,,,,,true,,FALSE,0.00,0.0,50.00,SLAB RATE FOR ATM JUNIOR APPLIED,2160.00,12000.00,YS2421,Cochin,9.00,9.00,0.00,0.00,1080.00,1080.00,0.00,0.00,1080.00,1080.00,0.00,0.00,Correction in invoice,,,,,,,,,,INTERWEIGHING PVT LTD,32AAFCI1950F1ZZ,3PL Warehouse : C/O LOGIWIZ LOGISTICS INDIA PVT LTD,COCHIN,Kerala,India,683503,8803333444,admin@yesweigh.in,Taxable,99381000000006208,GST18,18.00,Tax Group,,,,,,0.000,,,32-Kerala,business_gst,32AANFT0176D1ZE,,,,,entity_level,KL,12000.00,0.00,Adjustment,,service,Spreadsheet Template,,240.00,,Discount Allowed,,,,,,,,,,,,,,,,,0.000,,,
2021-03-31,,,,99381000002772204,CN-00038,Void,Accounts Receivable,ALUVA SCALES INC,,XIII/228B,"SCALE TOWER,Desom -Chowara Road, East Desom",Aluva,Kerala,India,683102,,,,XIII/228B,"SCALE TOWER,Desom -Chowara Road, East Desom",Aluva,Kerala,India,,683102,,NO,NO,99381000000014794,INR,1.00,false,75000.00,75000.00,0.00,,,,0.00,,,,,,,,,0.00,,99381000000098082,Yet To Be Pushed,,,YS2455,2021-03-31,0.000,,,,0.00,,,,,,,,,,,,,,,,true,,FALSE,0.00,0.0,1.00,15% DIVIDEND DISCOUNT SCHEME,0.00,75000.00,,Cochin,,,,,,,,,,,,,Others,,,,,,,,,,INTERWEIGHING PVT LTD,32AAFCI1950F1ZZ,3PL Warehouse : C/O LOGIWIZ LOGISTICS INDIA PVT LTD,COCHIN,Kerala,India,683503,8803333444,admin@yesweigh.in,Out of Scope,,,,,,,,,,0.000,,,32-Kerala,business_gst,32AAZFA1454F1ZI,,,,,entity_level,KL,75000.00,0.00,Adjustment,,service,Spreadsheet Template,,75000.00,,Discount Allowed,,,,,,,,,,,,,,,,,0.000,,,
2021-03-31,,,,99381000002772394,CN-00039,Void,Accounts Receivable,GOODWILL ENGINEERS CORPORATION,,14/498,"22nd miles,",Manjeri,Kerala,,676121,9895324056,,,14/498,"22nd miles,",Manjeri,Kerala,,9895324056,676121,,NO,NO,99381000000385047,INR,1.00,false,75000.00,75000.00,0.00,,,,0.00,,,,,,,,,0.00,,99381000000098082,Yet To Be Pushed,,,YS2458,2021-03-31,0.000,,,,0.00,,,,,,,,,,,,,,,,true,,FALSE,0.00,0.0,1.00,15% DIVIDEND DISCOUNT SCHEME,0.00,75000.00,,Cochin,,,,,,,,,,,,,Others,,,,,,,,,,INTERWEIGHING PVT LTD,32AAFCI1950F1ZZ,3PL Warehouse : C/O LOGIWIZ LOGISTICS INDIA PVT LTD,COCHIN,Kerala,India,683503,8803333444,admin@yesweigh.in,Out of Scope,,,,,,,,,,0.000,,,32-Kerala,business_gst,32AAKFG1445M1ZD,,,,,entity_level,KL,75000.00,0.00,Adjustment,,service,Spreadsheet Template,,75000.00,,Discount Allowed,,,,,,,,,,,,,,,,,0.000,,,
2021-03-31,,,,99381000002772430,CN-00040,Void,Accounts Receivable,GOODWILL ENGINEERS CORPORATION,,14/498,"22nd miles,",Manjeri,Kerala,,676121,9895324056,,,14/498,"22nd miles,",Manjeri,Kerala,,9895324056,676121,,NO,NO,99381000000385047,INR,1.00,false,20000.00,20000.00,0.00,,,,0.00,,,,,,,,,0.00,,99381000000098082,Yet To Be Pushed,,,YS2458,2021-03-31,0.000,,,,0.00,,,,,,,,,,,,,,,,true,,FALSE,0.00,0.0,1.00,20000 SCHEME FOR SHAREHOLDERS (FY 2019-20),0.00,20000.00,,Cochin,,,,,,,,,,,,,Others,,,,,,,,,,INTERWEIGHING PVT LTD,32AAFCI1950F1ZZ,3PL Warehouse : C/O LOGIWIZ LOGISTICS INDIA PVT LTD,COCHIN,Kerala,India,683503,8803333444,admin@yesweigh.in,Out of Scope,,,,,,,,,,0.000,,,32-Kerala,business_gst,32AAKFG1445M1ZD,,,,,entity_level,KL,20000.00,0.00,Adjustment,,service,Spreadsheet Template,,20000.00,,Discount Allowed,,,,,,,,,,,,,,,,,0.000,,,
2021-03-31,,,,99381000002772570,CN-00041,Void,Accounts Receivable,EXATA BALANCE CO,Mr. Hisham,"Muringathazham Road, Vattappara",Valanchery,Malappuram,Kerala,India,676552,9961858453,,Mr. Hisham,"Muringathazham Road, Vattappara",Valanchery,Malappuram,Kerala,India,9961858453,676552,,NO,NO,99381000000017031,INR,1.00,false,75000.00,75000.00,0.00,,,,0.00,,,,,,,,,0.00,,99381000000098082,Yet To Be Pushed,,,YS2444,2021-03-29,0.000,,,,0.00,,,,,,,,,,,,,,,,true,,FALSE,0.00,0.0,1.00,15% DIVIDEND DISCOUNT SCHEME,0.00,75000.00,,Cochin,,,,,,,,,,,,,Others,,,,,,,,,,INTERWEIGHING PVT LTD,32AAFCI1950F1ZZ,3PL Warehouse : C/O LOGIWIZ LOGISTICS INDIA PVT LTD,COCHIN,Kerala,India,683503,8803333444,admin@yesweigh.in,Out of Scope,,,,,,,,,,0.000,,,32-Kerala,business_gst,32AAGFE6830Q1Z4,,,,,entity_level,KL,75000.00,0.00,Adjustment,,service,Spreadsheet Template,,75000.00,,Discount Allowed,,,,,,,,,,,,,,,,,0.000,,,
2021-03-31,,,,99381000002772630,CN-00042,Void,Accounts Receivable,EXATA BALANCE CO,Mr. Hisham,"Muringathazham Road, Vattappara",Valanchery,Malappuram,Kerala,India,676552,9961858453,,Mr. Hisham,"Muringathazham Road, Vattappara",Valanchery,Malappuram,Kerala,India,9961858453,676552,,NO,NO,99381000000017031,INR,1.00,false,20000.00,20000.00,0.00,,,,0.00,,,,,,,,,0.00,,99381000000098082,Yet To Be Pushed,,,YS2456,2021-03-31,0.000,,,,0.00,,,,,,,,,,,,,,,,true,,FALSE,0.00,0.0,1.00,20000 SCHEME FOR SHAREHOLDERS (FY 2019-20),0.00,20000.00,,Cochin,,,,,,,,,,,,,Others,,,,,,,,,,INTERWEIGHING PVT LTD,32AAFCI1950F1ZZ,3PL Warehouse : C/O LOGIWIZ LOGISTICS INDIA PVT LTD,COCHIN,Kerala,India,683503,8803333444,admin@yesweigh.in,Out of Scope,,,,,,,,,,0.000,,,32-Kerala,business_gst,32AAGFE6830Q1Z4,,,,,entity_level,KL,20000.00,0.00,Adjustment,,service,Spreadsheet Template,,20000.00,,Discount Allowed,,,,,,,,,,,,,,,,,0.000,,,
2021-03-31,,,,99381000002774194,CN-00043,Void,Accounts Receivable,DIGITAL SCALE,,Modern Instruments,,Nilambur,kerala,,679329,9745204910,,,"Near Stadium,",Mukkam Road,"Areekode, Malappuram",kerala,,9745204910,673639,,NO,NO,99381000000136578,INR,1.00,false,83333.00,83333.00,0.00,,,,0.00,,,,,,,,,0.00,,99381000000098082,Yet To Be Pushed,,,YS2454,2021-03-31,0.000,,,,0.00,,,,,,,,,,,,,,,,true,,FALSE,0.00,0.0,1.00,15% DIVIDEND DISCOUNT SCHEME,0.00,83333.00,,Cochin,,,,,,,,,,,,,Others,,,,,,,,,,INTERWEIGHING PVT LTD,32AAFCI1950F1ZZ,3PL Warehouse : C/O LOGIWIZ LOGISTICS INDIA PVT LTD,COCHIN,Kerala,India,683503,8803333444,admin@yesweigh.in,Out of Scope,,,,,,,,,,0.000,,,32-Kerala,business_gst,32AOLPN0287R2ZA,,,,,entity_level,KL,83333.00,0.00,Adjustment,,service,Spreadsheet Template,,83333.00,,Discount Allowed,,,,,,,,,,,,,,,,,0.000,,,
2021-03-31,,,,99381000002786306,CN-00044,Void,Accounts Receivable,ACCURATE TRADE LINKS,Harish,Future Centre,Ottukuzhi Road,Trivandrum,Kerala,India,695001,9847141007,,Harish,Future Centre,Ottukuzhi Road,Trivandrum,Kerala,India,9847141007,695001,,NO,NO,99381000000114383,INR,1.00,false,350586.60,350586.60,0.00,,,,0.00,,,,,,,,,0.00,,99381000000098082,Yet To Be Pushed,,,YS2465,2021-03-31,0.000,,,,0.00,,,,,,,,,,,,,,,,true,,FALSE,0.00,0.0,1.00,7% DISCOUNT SCHEME FOR SHAREHOLDERS,0.00,350586.60,,Cochin,,,,,,,,,,,,,Others,,,,,,,,,,INTERWEIGHING PVT LTD,32AAFCI1950F1ZZ,3PL Warehouse : C/O LOGIWIZ LOGISTICS INDIA PVT LTD,COCHIN,Kerala,India,683503,8803333444,admin@yesweigh.in,Out of Scope,,,,,,,,,,0.000,,,32-Kerala,business_gst,32AHJPK1741Q1Z4,,,,,entity_level,KL,350586.60,0.00,Adjustment,,service,Spreadsheet Template,,350586.60,,Discount Allowed,,,,,,,,,,,,,,,,,0.000,,,
2021-03-31,,,,99381000002786438,CN-00045,Void,Accounts Receivable,ACE ELECTRONICS,,"Akai tower ,
Near Tali Temple 
Thali ,Calicut",,Calicut,Kerala,India,673002,,,,"Akai tower ,
Near Tali Temple 
Thali ,Calicut",,Calicut,Kerala,India,,673002,,NO,NO,99381000000084508,INR,1.00,false,186041.80,186041.80,0.00,,,,0.00,,,,,,,,,0.00,,99381000000098082,Yet To Be Pushed,,,YS2471,2021-03-31,0.000,,,,0.00,,,,,,,,,,,,,,,,true,,FALSE,0.00,0.0,1.00,7% DISCOUNT SCHEME FOR SHAREHOLDERS,0.00,186041.80,,Cochin,,,,,,,,,,,,,Others,,,,,,,,,,INTERWEIGHING PVT LTD,32AAFCI1950F1ZZ,3PL Warehouse : C/O LOGIWIZ LOGISTICS INDIA PVT LTD,COCHIN,Kerala,India,683503,8803333444,admin@yesweigh.in,Out of Scope,,,,,,,,,,0.000,,,32-Kerala,business_gst,32AAZFA3650P1ZV,,,,,entity_level,KL,186041.80,0.00,Adjustment,,service,Spreadsheet Template,,186041.80,,Discount Allowed,,,,,,,,,,,,,,,,,0.000,,,
2021-03-31,,,,99381000002790056,CN-00046,Void,Accounts Receivable,ELMASS SYSTEMS & SERVICES,,"70/1955 /old 44/2214A5, Martin Eva Holy Tuesday Shopping Mall,
Banerji Road, Mathrubhoomi Jn.",,Ernakulam,Kerala,India,682017,98479 96372,,,"Souhruda Lane
Lissie Hospital Road",,Ernakulam,Kerala,India,98479 96372,682018,,NO,NO,99381000000084733,INR,1.00,false,271415.90,271415.90,0.00,,,,0.00,,,,,,,,,0.00,,99381000000098082,Yet To Be Pushed,,,YS2470,2021-03-31,0.000,,,,0.00,,,,,,,,,,,,,,,,true,,FALSE,0.00,0.0,1.00,7% DISCOUNT SCHEME FOR SHAREHOLDERS,0.00,271415.90,,Cochin,,,,,,,,,,,,,Others,,,,,,,,,,INTERWEIGHING PVT LTD,32AAFCI1950F1ZZ,3PL Warehouse : C/O LOGIWIZ LOGISTICS INDIA PVT LTD,COCHIN,Kerala,India,683503,8803333444,admin@yesweigh.in,Out of Scope,,,,,,,,,,0.000,,,32-Kerala,business_gst,32AACFE8918M1Z7,,,,,entity_level,KL,271415.90,0.00,Adjustment,,service,Spreadsheet Template,,271415.90,,Discount Allowed,,,,,,,,,,,,,,,,,0.000,,,
2021-03-31,,,,99381000002790156,CN-00047,Void,Accounts Receivable,KRAUS INSTRUMENTS,,"1,11/411/14, ABHCON CROWN,","AMBADY LANE, KOKKALAI","KOKKALAI, THRISSUR",Kerala,India,680001,99617020321,,,"1,11/411/14, ABHCON CROWN,","AMBADY LANE, KOKKALAI","KOKKALAI, THRISSUR",Kerala,India,99617020321,680001,,NO,NO,99381000000309611,INR,1.00,false,166065.90,166065.90,0.00,,,,0.00,,,,,,,,,0.00,,99381000000098082,Yet To Be Pushed,,,YS2469,2021-03-31,0.000,,,,0.00,,,,,,,,,,,,,,,,true,,FALSE,0.00,0.0,1.00,7% DISCOUNT SCHEME FOR SHAREHOLDERS,0.00,166065.90,,Cochin,,,,,,,,,,,,,Others,,,,,,,,,,INTERWEIGHING PVT LTD,32AAFCI1950F1ZZ,3PL Warehouse : C/O LOGIWIZ LOGISTICS INDIA PVT LTD,COCHIN,Kerala,India,683503,8803333444,admin@yesweigh.in,Out of Scope,,,,,,,,,,0.000,,,32-Kerala,business_gst,32AASFK0676Q1ZM,,,,,entity_level,KL,166065.90,0.00,Adjustment,,service,Spreadsheet Template,,166065.90,,Discount Allowed,,,,,,,,,,,,,,,,,0.000,,,
2021-03-31,,,,99381000002790276,CN-00048,Void,Accounts Receivable,TRANSWORLD SCALES SERVICES,,Transworld Scales Services,Beach Road,Kollam,kerala,India,691001,9446332381,,,Transworld Scales Services,Beach Road,Kollam,Kerala,India,9446332381,691001,,NO,NO,99381000000102001,INR,1.00,false,156840.25,156840.25,0.00,,,,0.00,,,,,,,,,0.00,,99381000000098082,Yet To Be Pushed,,,YS2467,2021-03-31,0.000,,,,0.00,,,,,,,,,,,,,,,,true,,FALSE,0.00,0.0,1.00,7% DISCOUNT SCHEME FOR SHAREHOLDERS,0.00,156840.25,,Cochin,,,,,,,,,,,,,Others,,,,,,,,,,INTERWEIGHING PVT LTD,32AAFCI1950F1ZZ,3PL Warehouse : C/O LOGIWIZ LOGISTICS INDIA PVT LTD,COCHIN,Kerala,India,683503,8803333444,admin@yesweigh.in,Out of Scope,,,,,,,,,,0.000,,,32-Kerala,business_gst,32AWCPS0193C1ZX,,,,,entity_level,KL,156840.25,0.00,Adjustment,,service,Spreadsheet Template,,156840.25,,Discount Allowed,,,,,,,,,,,,,,,,,0.000,,,
2021-03-31,,,,99381000002790370,CN-00049,Void,Accounts Receivable,MEEZAN ELECTRONIC SCALES PRIVATE LIMITED,SELF COLLECTION,,,,Kerala,India,,9446157730,,Riyas,"8/308A Meezan Tower 
Calicut Road , Manjeri",,MANJERI,Kerala,India,9446157730,676121,,NO,NO,99381000000112170,INR,1.00,false,459823.70,459823.70,0.00,,,,0.00,,,,,,,,,0.00,,99381000000098082,Yet To Be Pushed,,,YS2464,2021-03-31,0.000,,,,0.00,,,,,,,,,,,,,,,,true,,FALSE,0.00,0.0,1.00,7% DISCOUNT SCHEME FOR SHAREHOLDERS,0.00,459823.70,,Cochin,,,,,,,,,,,,,Others,,,,,,,,,,INTERWEIGHING PVT LTD,32AAFCI1950F1ZZ,3PL Warehouse : C/O LOGIWIZ LOGISTICS INDIA PVT LTD,COCHIN,Kerala,India,683503,8803333444,admin@yesweigh.in,Out of Scope,,,,,,,,,,0.000,,,32-Kerala,business_gst,32AAECM1277C1ZY,,,,,entity_level,KL,459823.70,0.00,Adjustment,,service,Spreadsheet Template,,459823.70,,Discount Allowed,,,,,,,,,,,,,,,,,0.000,,,
2021-03-31,,,,99381000002790544,CN-00050,Void,Accounts Receivable,TRAVANCORE SCALES SERVICES,,Attakulangara,Bypass Road,Tiruvanntapuram,kerala,India,695036,9995111501,,,Attakulangara,Bypass Road,Tiruvanntapuram,kerala,India,9995111501,695036,,NO,NO,99381000000036062,INR,1.00,false,182449.75,182449.75,0.00,,,,0.00,,,,,,,,,0.00,,99381000000098082,Yet To Be Pushed,,,YS2463,2021-03-31,0.000,,,,0.00,,,,,,,,,,,,,,,,true,,FALSE,0.00,0.0,1.00,7% DISCOUNT SCHEME FOR SHAREHOLDERS,0.00,182449.75,,Cochin,,,,,,,,,,,,,Others,,,,,,,,,,INTERWEIGHING PVT LTD,32AAFCI1950F1ZZ,3PL Warehouse : C/O LOGIWIZ LOGISTICS INDIA PVT LTD,COCHIN,Kerala,India,683503,8803333444,admin@yesweigh.in,Out of Scope,,,,,,,,,,0.000,,,32-Kerala,business_gst,32APBPN7027C2ZD,,,,,entity_level,KL,182449.75,0.00,Adjustment,,service,Spreadsheet Template,,182449.75,,Discount Allowed,,,,,,,,,,,,,,,,,0.000,,,
2021-03-31,,,,99381000002790641,CN-00051,Void,Accounts Receivable,Dynamic Enterprises,,XIV/217C SUNRISE BUILDING,MARKET. IRINJALAKKUDA PO,THRISSUR,Kerala,India,680121,,,,XIV/217C SUNRISE BUILDING,MARKET. IRINJALAKKUDA PO,THRISSUR,Kerala,India,,680121,,NO,NO,99381000000151001,INR,1.00,false,132944.60,132944.60,0.00,,,,0.00,,,,,,,,,0.00,,99381000000098082,Yet To Be Pushed,,,YS2462,2021-03-31,0.000,,,,0.00,,,,,,,,,,,,,,,,true,,FALSE,0.00,0.0,1.00,"7% DISCOUNT SCHEME FOR SHAREHOLDERS
Total eligible = Rs.3,14,144.60/-
(Balance Rs.1,79,144.60/- against YS2461)",0.00,132944.60,,Cochin,,,,,,,,,,,,,Others,,,,,,,,,,INTERWEIGHING PVT LTD,32AAFCI1950F1ZZ,3PL Warehouse : C/O LOGIWIZ LOGISTICS INDIA PVT LTD,COCHIN,Kerala,India,683503,8803333444,admin@yesweigh.in,Out of Scope,,,,,,,,,,0.000,,,32-Kerala,business_gst,32ATJPS7075B1ZN,,,,,entity_level,KL,132944.60,0.00,Adjustment,,service,Spreadsheet Template,,132944.60,,Discount Allowed,,,,,,,,,,,,,,,,,0.000,,,
2021-03-31,,,,99381000002790729,CN-00052,Void,Accounts Receivable,ASK AUTOMATION SYSTEM,,XXI/1297 ANUGRAHA COMPLEX,MARKET,CHALAKUDY,KERALA,India,680307,,,,XXI/1297 ANUGRAHA COMPLEX,MARKET,CHALAKUDY,KERALA,India,,680307,,NO,NO,99381000000271001,INR,1.00,false,181200.00,181200.00,0.00,,,CN-00051,0.00,,,,,,,,,0.00,,99381000000098082,Yet To Be Pushed,,,YS2461,2021-03-31,0.000,,,,0.00,,,,,,,,,,,,,,,,true,,FALSE,0.00,0.0,1.00,"7% DISCOUNT SCHEME FOR SHAREHOLDERS
",0.00,181200.00,,Cochin,,,,,,,,,,,,,Others,,,,,,,,,,INTERWEIGHING PVT LTD,32AAFCI1950F1ZZ,3PL Warehouse : C/O LOGIWIZ LOGISTICS INDIA PVT LTD,COCHIN,Kerala,India,683503,8803333444,admin@yesweigh.in,Out of Scope,,,,,,,,,,0.000,,,32-Kerala,business_gst,32BKMPS9970C1ZR,,,,,entity_level,KL,181200.00,0.00,Adjustment,,service,Spreadsheet Template,,181200.00,,Discount Allowed,,,,,,,,,,,,,,,,,0.000,,,
2021-03-31,,,,99381000002790935,CN-00053,Void,Accounts Receivable,TRANSWORLD SCALES SERVICES,,Transworld Scales Services,Beach Road,Kollam,kerala,India,691001,9446332381,,,Transworld Scales Services,Beach Road,Kollam,Kerala,India,9446332381,691001,,NO,NO,99381000000102001,INR,1.00,false,116667.00,116667.00,0.00,,,,0.00,,,,,,,,,0.00,,99381000000098082,Yet To Be Pushed,,,YS2460,2021-03-31,0.000,,,,0.00,,,,,,,,,,,,,,,,true,,FALSE,0.00,0.0,1.00,15% DIVIDEND DISCOUNT SCHEME,0.00,116667.00,,Cochin,,,,,,,,,,,,,Others,,,,,,,,,,INTERWEIGHING PVT LTD,32AAFCI1950F1ZZ,3PL Warehouse : C/O LOGIWIZ LOGISTICS INDIA PVT LTD,COCHIN,Kerala,India,683503,8803333444,admin@yesweigh.in,Out of Scope,,,,,,,,,,0.000,,,32-Kerala,business_gst,32AWCPS0193C1ZX,,,,,entity_level,KL,116667.00,0.00,Adjustment,,service,Spreadsheet Template,,116667.00,,Discount Allowed,,,,,,,,,,,,,,,,,0.000,,,
2021-03-31,,,,99381000002802084,CN-00054,Void,Accounts Receivable,Victory Scales,,"M/s Victory Scales
CSI Ascension Square, Below ICICI Bank",Collectrate P.O,"Kottayam,",Kerala,India,686016,9447165493,,,"Manickathinal Building,",Perumbaikad P.O,"Kottayam,",Kerala,India,9447165493,686016,,NO,NO,99381000000231096,INR,1.00,false,316667.00,316667.00,0.00,,,,0.00,,,,,,,,,0.00,,99381000000098082,Yet To Be Pushed,,,YS2432,2021-03-26,0.000,,,,0.00,,,,,,,,,,,,,,,,true,,FALSE,0.00,0.0,1.00,15% DIVIDEND DISCOUNT SCHEME,0.00,316667.00,,Cochin,,,,,,,,,,,,,Others,,,,,,,,,,INTERWEIGHING PVT LTD,32AAFCI1950F1ZZ,3PL Warehouse : C/O LOGIWIZ LOGISTICS INDIA PVT LTD,COCHIN,Kerala,India,683503,8803333444,admin@yesweigh.in,Out of Scope,,,,,,,,,,0.000,,,32-Kerala,business_gst,32AAAAV1247P1ZC,,,,,entity_level,KL,316667.00,0.00,Adjustment,,service,Spreadsheet Template,,316667.00,,Discount Allowed,,,,,,,,,,,,,,,,,0.000,,,
2021-03-31,,,,99381000002802500,CN-00055,Void,Accounts Receivable,TAKYON SYSTEMS,Mr. Vijay Kumar,Pallisserickal,Sasthamcotta,Kollam,Kerala,India,690521,04762830884,,Mr. Vijay Kumar,"Alleppy Parcel Service 
Godown Delivery, Baranikkavu",,Kollam,Kerala,India,04762830884,691010,,NO,NO,99381000000154574,INR,1.00,false,171242.40,171242.40,0.00,,,,0.00,,,,,,,,,0.00,,99381000000098082,Yet To Be Pushed,,,YS2466,2021-03-31,0.000,,,,0.00,,,,,,,,,,,,,,,,true,,FALSE,0.00,0.0,1.00,7% DISCOUNT SCHEME FOR SHAREHOLDERS,0.00,171242.40,,Cochin,,,,,,,,,,,,,Others,,,,,,,,,,INTERWEIGHING PVT LTD,32AAFCI1950F1ZZ,3PL Warehouse : C/O LOGIWIZ LOGISTICS INDIA PVT LTD,COCHIN,Kerala,India,683503,8803333444,admin@yesweigh.in,Out of Scope,,,,,,,,,,0.000,,,32-Kerala,business_gst,32AANFT0176D1ZE,,,,,entity_level,KL,171242.40,0.00,Adjustment,,service,Spreadsheet Template,,171242.40,,Discount Allowed,,,,,,,,,,,,,,,,,0.000,,,
2021-03-31,,,,99381000002802576,CN-00056,Void,Accounts Receivable,Victory Scales,,"M/s Victory Scales
CSI Ascension Square, Below ICICI Bank",Collectrate P.O,"Kottayam,",Kerala,India,686016,9447165493,,,"Manickathinal Building,",Perumbaikad P.O,"Kottayam,",Kerala,India,9447165493,686016,,NO,NO,99381000000231096,INR,1.00,false,180392.80,180392.80,0.00,,,,0.00,,,,,,,,,0.00,,99381000000098082,Yet To Be Pushed,,,YS2468,2021-03-31,0.000,,,,0.00,,,,,,,,,,,,,,,,true,,FALSE,0.00,0.0,1.00,7% DISCOUNT SCHEME FOR SHAREHOLDERS,0.00,180392.80,,Cochin,,,,,,,,,,,,,Others,,,,,,,,,,INTERWEIGHING PVT LTD,32AAFCI1950F1ZZ,3PL Warehouse : C/O LOGIWIZ LOGISTICS INDIA PVT LTD,COCHIN,Kerala,India,683503,8803333444,admin@yesweigh.in,Out of Scope,,,,,,,,,,0.000,,,32-Kerala,business_gst,32AAAAV1247P1ZC,,,,,entity_level,KL,180392.80,0.00,Adjustment,,service,Spreadsheet Template,,180392.80,,Discount Allowed,,,,,,,,,,,,,,,,,0.000,,,
2021-04-19,,99381000000016068,,99381000002857228,CN-00057,Closed,Accounts Receivable,ASK AUTOMATION SYSTEM,,XXI/1297 ANUGRAHA COMPLEX,MARKET,CHALAKUDY,KERALA,India,680307,,,,XXI/1297 ANUGRAHA COMPLEX,MARKET,CHALAKUDY,KERALA,India,,680307,,NO,NO,99381000000271001,INR,1.00,false,9440.00,0.00,0.00,,,,0.00,,,,,,,,,0.00,,99381000000098082,Yet To Be Pushed,,,YS2461,2021-03-31,0.000,,,,0.00,,,,,,,,,,,,,,,,true,Platform scale,FALSE,0.00,0.0,4.00,"Make: YESWEIGH  Model:YSP-50
Max:50kg  e:5g  Min:100g  Class:III
Serial No. : YUC7789-YUC7792",1440.00,8000.00,YES/21-22/0085,Cochin,9.00,9.00,0.00,0.00,720.00,720.00,0.00,0.00,720.00,720.00,0.00,0.00,Sales Return,,,,,,,,,,INTERWEIGHING PVT LTD,32AAFCI1950F1ZZ,3PL Warehouse : C/O LOGIWIZ LOGISTICS INDIA PVT LTD,COCHIN,Kerala,India,683503,8803333444,admin@yesweigh.in,Taxable,99381000000006208,GST18,18.00,Tax Group,,,,,,0.000,,,32-Kerala,business_gst,32BKMPS9970C1ZR,,,,,entity_level,KL,8000.00,0.00,Adjustment,,goods,Spreadsheet Template,nos,2000.00,84231000,Sales,,BENCHPC,,,,,,,,,,,,,,,0.000,Cochin,,
2021-04-17,,99381000001476013,,99381000002857272,CN-00058,Closed,Accounts Receivable,ASK AUTOMATION SYSTEM,,XXI/1297 ANUGRAHA COMPLEX,MARKET,CHALAKUDY,KERALA,India,680307,,,Iringalakkuda,Iringalakkuda,Ph: 7012122099,,Kerala,India,7012122099,,,NO,NO,99381000000271001,INR,1.00,false,48734.00,0.00,0.00,,,,0.00,,,,,,,,,0.00,,99381000000098082,Yet To Be Pushed,,,YS2423,2021-03-25,0.000,,,,0.00,,,,,,,,,,,,,,,,true,Plateform Weighing Scale 100kgx10g MS,FALSE,0.00,0.0,5.00,"Make : YESWEIGH Model:YSP-100
Max:100 kg e: 10gm Min:200g Class III
Serial No: YUC6594-YUC6598",2880.00,16000.00,"YES/21-22/0085,YES/21-22/0086",Cochin,9.00,9.00,0.00,0.00,1440.00,1440.00,0.00,0.00,1440.00,1440.00,0.00,0.00,Sales Return,,,,,,,,,,INTERWEIGHING PVT LTD,32AAFCI1950F1ZZ,3PL Warehouse : C/O LOGIWIZ LOGISTICS INDIA PVT LTD,COCHIN,Kerala,India,683503,8803333444,admin@yesweigh.in,Taxable,99381000000006208,GST18,18.00,Tax Group,,,,,,0.000,,,32-Kerala,business_gst,32BKMPS9970C1ZR,,,,,entity_level,KL,41300.00,0.00,Adjustment,,goods,Spreadsheet Template,nos,3200.00,84239020,Sales,,PFPC400X400MS,,,,,,,,,,,,,,,0.000,Cochin,,
2021-04-17,,99381000001247038,,99381000002857272,CN-00058,Closed,Accounts Receivable,ASK AUTOMATION SYSTEM,,XXI/1297 ANUGRAHA COMPLEX,MARKET,CHALAKUDY,KERALA,India,680307,,,Iringalakkuda,Iringalakkuda,Ph: 7012122099,,Kerala,India,7012122099,,,NO,NO,99381000000271001,INR,1.00,false,48734.00,0.00,0.00,,,,0.00,,,,,,,,,0.00,,99381000000098082,Yet To Be Pushed,,,YS2423,2021-03-25,0.000,,,,0.00,,,,,,,,,,,,,,,,true,ATM JUNIOR YS669,FALSE,0.00,0.0,10.00,"Make : YESWEIGH Model : YSP-20
Max : 20kg e:2g Min:40g
Class : III
Serial No: YUC6599-YUC6608",2790.00,15500.00,"YES/21-22/0085,YES/21-22/0086",Cochin,9.00,9.00,0.00,0.00,1395.00,1395.00,0.00,0.00,1395.00,1395.00,0.00,0.00,Sales Return,,,,,,,,,,INTERWEIGHING PVT LTD,32AAFCI1950F1ZZ,3PL Warehouse : C/O LOGIWIZ LOGISTICS INDIA PVT LTD,COCHIN,Kerala,India,683503,8803333444,admin@yesweigh.in,Taxable,99381000000006208,GST18,18.00,Tax Group,,,,,,0.000,,,32-Kerala,business_gst,32BKMPS9970C1ZR,,,,,entity_level,KL,41300.00,0.00,Adjustment,,goods,Spreadsheet Template,nos,1550.00,84231000,Sales,,YS669,,,,,,,,,,,,,,,0.000,Cochin,,
2021-04-17,,99381000000326175,,99381000002857272,CN-00058,Closed,Accounts Receivable,ASK AUTOMATION SYSTEM,,XXI/1297 ANUGRAHA COMPLEX,MARKET,CHALAKUDY,KERALA,India,680307,,,Iringalakkuda,Iringalakkuda,Ph: 7012122099,,Kerala,India,7012122099,,,NO,NO,99381000000271001,INR,1.00,false,48734.00,0.00,0.00,,,,0.00,,,,,,,,,0.00,,99381000000098082,Yet To Be Pushed,,,YS2423,2021-03-25,0.000,,,,0.00,,,,,,,,,,,,,,,,true,Platform Weighing Scale 500kgx50g MS,FALSE,0.00,0.0,2.00,"Make : YESWEIGH Model:YSP-5
Max:500 kg e: 50gm Min:1kg Class III
Serial No: YUC6649-YUC6650",1764.00,9800.00,"YES/21-22/0085,YES/21-22/0086",Cochin,9.00,9.00,0.00,0.00,882.00,882.00,0.00,0.00,882.00,882.00,0.00,0.00,Sales Return,,,,,,,,,,INTERWEIGHING PVT LTD,32AAFCI1950F1ZZ,3PL Warehouse : C/O LOGIWIZ LOGISTICS INDIA PVT LTD,COCHIN,Kerala,India,683503,8803333444,admin@yesweigh.in,Taxable,99381000000006208,GST18,18.00,Tax Group,,,,,,0.000,,,32-Kerala,business_gst,32BKMPS9970C1ZR,,,,,entity_level,KL,41300.00,0.00,Adjustment,,goods,Spreadsheet Template,nos,4900.00,84231000,Sales,,PF60MS,,,,,,,,,,,,,,,0.000,Cochin,,
2021-04-16,,99381000001247038,,99381000002864627,CN-00059,Closed,Accounts Receivable,CENTRAL TRADERS,,"Court Road
Tirur",,Malappuram,Kerala,India,676101,9605841000,,,"Court Road
Tirur",,Malappuram,Kerala,India,9605841000,676101,,NO,NO,99381000001392083,INR,1.00,false,49383.00,0.00,0.00,,,,0.00,,,,,,,,,0.00,,99381000000098082,Yet To Be Pushed,,,YS2448,2021-03-29,0.000,,,,0.00,,,,,,,,,,,,,,,,true,ATM JUNIOR YS669,FALSE,0.00,0.0,27.00,"Make : YESWEIGH Model : YSP-20
Max : 20kg e:2g Min:40g
Class : III",7533.00,41850.00,YES/21-22/0080,Cochin,9.00,9.00,0.00,0.00,3766.50,3766.50,0.00,0.00,3766.50,3766.50,0.00,0.00,Others,,,,,,,,,,INTERWEIGHING PVT LTD,32AAFCI1950F1ZZ,3PL Warehouse : C/O LOGIWIZ LOGISTICS INDIA PVT LTD,COCHIN,Kerala,India,683503,8803333444,admin@yesweigh.in,Taxable,99381000000006208,GST18,18.00,Tax Group,,,,,,0.000,,,32-Kerala,business_gst,32AFKPA2174A1Z9,,,,,entity_level,KL,41850.00,0.00,Adjustment,,goods,Spreadsheet Template,nos,1550.00,84231000,Sales,,YS669,,,,,,,,,,,,,,,0.000,Cochin,,
2021-04-17,,99381000001247038,,99381000002864829,CN-00060,Closed,Accounts Receivable,CENTRAL TRADERS,,"Court Road
Tirur",,Malappuram,Kerala,India,676101,9605841000,,,"Court Road
Tirur",,Malappuram,Kerala,India,9605841000,676101,,NO,NO,99381000001392083,INR,1.00,false,45725.00,0.00,0.00,,,,0.00,,,,,,,,,0.00,,99381000000098082,Yet To Be Pushed,,,YS2448,2021-03-29,0.000,,,,0.00,,,,,,,,,,,,,,,,true,ATM JUNIOR YS669,FALSE,0.00,0.0,25.00,"Make : YESWEIGH Model : YSP-20
Max : 20kg e:2g Min:40g
Class : III",6975.00,38750.00,YES/21-22/0081,Cochin,9.00,9.00,0.00,0.00,3487.50,3487.50,0.00,0.00,3487.50,3487.50,0.00,0.00,Others,,,,,,,,,,INTERWEIGHING PVT LTD,32AAFCI1950F1ZZ,3PL Warehouse : C/O LOGIWIZ LOGISTICS INDIA PVT LTD,COCHIN,Kerala,India,683503,8803333444,admin@yesweigh.in,Taxable,99381000000006208,GST18,18.00,Tax Group,,,,,,0.000,,,32-Kerala,business_gst,32AFKPA2174A1Z9,,,,,entity_level,KL,38750.00,0.00,Adjustment,,goods,Spreadsheet Template,nos,1550.00,84231000,Sales,,YS669,,,,,,,,,,,,,,,0.000,Cochin,,
2021-04-19,,99381000001247038,,99381000002864865,CN-00061,Closed,Accounts Receivable,CENTRAL TRADERS,,"Court Road
Tirur",,Malappuram,Kerala,India,676101,9605841000,,,"Court Road
Tirur",,Malappuram,Kerala,India,9605841000,676101,,NO,NO,99381000001392083,INR,1.00,false,40238.00,0.00,0.00,,,,0.00,,,,,,,,,0.00,,99381000000098082,Yet To Be Pushed,,,YS2448,2021-03-29,0.000,,,,0.00,,,,,,,,,,,,,,,,true,ATM JUNIOR YS669,FALSE,0.00,0.0,22.00,"Make : YESWEIGH Model : YSP-20
Max : 20kg e:2g Min:40g
Class : III",6138.00,34100.00,YES/21-22/0082,Cochin,9.00,9.00,0.00,0.00,3069.00,3069.00,0.00,0.00,3069.00,3069.00,0.00,0.00,Others,,,,,,,,,,INTERWEIGHING PVT LTD,32AAFCI1950F1ZZ,3PL Warehouse : C/O LOGIWIZ LOGISTICS INDIA PVT LTD,COCHIN,Kerala,India,683503,8803333444,admin@yesweigh.in,Taxable,99381000000006208,GST18,18.00,Tax Group,,,,,,0.000,,,32-Kerala,business_gst,32AFKPA2174A1Z9,,,,,entity_level,KL,34100.00,0.00,Adjustment,,goods,Spreadsheet Template,nos,1550.00,84231000,Sales,,YS669,,,,,,,,,,,,,,,0.000,Cochin,,
2021-04-20,,99381000001247038,,99381000002864901,CN-00062,Closed,Accounts Receivable,CENTRAL TRADERS,,"Court Road
Tirur",,Malappuram,Kerala,India,676101,9605841000,,,"Court Road
Tirur",,Malappuram,Kerala,India,9605841000,676101,,NO,NO,99381000001392083,INR,1.00,false,47554.00,0.00,0.00,,,,0.00,,,,,,,,,0.00,,99381000000098082,Yet To Be Pushed,,,YS2448,2021-03-29,0.000,,,,0.00,,,,,,,,,,,,,,,,true,ATM JUNIOR YS669,FALSE,0.00,0.0,26.00,"Make : YESWEIGH Model : YSP-20
Max : 20kg e:2g Min:40g
Class : III",7254.00,40300.00,YES/21-22/0083,Cochin,9.00,9.00,0.00,0.00,3627.00,3627.00,0.00,0.00,3627.00,3627.00,0.00,0.00,Others,,,,,,,,,,INTERWEIGHING PVT LTD,32AAFCI1950F1ZZ,3PL Warehouse : C/O LOGIWIZ LOGISTICS INDIA PVT LTD,COCHIN,Kerala,India,683503,8803333444,admin@yesweigh.in,Taxable,99381000000006208,GST18,18.00,Tax Group,,,,,,0.000,,,32-Kerala,business_gst,32AFKPA2174A1Z9,,,,,entity_level,KL,40300.00,0.00,Adjustment,,goods,Spreadsheet Template,nos,1550.00,84231000,Sales,,YS669,,,,,,,,,,,,,,,0.000,Cochin,,
2021-04-16,,99381000000735165,,99381000002865519,CN-00063,Closed,Accounts Receivable,ASK AUTOMATION SYSTEM,,XXI/1297 ANUGRAHA COMPLEX,MARKET,CHALAKUDY,KERALA,India,680307,,,Iringalakkuda,Iringalakkuda,Ph: 7012122099,,Kerala,India,7012122099,,,NO,NO,99381000000271001,INR,1.00,false,47790.00,0.00,0.00,,,,0.00,,,,,,,,,0.00,,99381000000098082,Yet To Be Pushed,,,YS2423,2021-03-25,0.000,,,,0.00,,,,,,,,,,,,,,,,true,Label Printing scale Q9,FALSE,0.00,0.0,3.00,Make:YESWEIGH  Model:YS-30   Max:30kg  e:5g  Min:100g  Class:III,7290.00,40500.00,"YES/21-22/0086,YES/21-22/0087",Cochin,9.00,9.00,0.00,0.00,3645.00,3645.00,0.00,0.00,3645.00,3645.00,0.00,0.00,Others,,,,,,,,,,INTERWEIGHING PVT LTD,32AAFCI1950F1ZZ,3PL Warehouse : C/O LOGIWIZ LOGISTICS INDIA PVT LTD,COCHIN,Kerala,India,683503,8803333444,admin@yesweigh.in,Taxable,99381000000006208,GST18,18.00,Tax Group,,,,,,0.000,,,32-Kerala,business_gst,32BKMPS9970C1ZR,,,,,entity_level,KL,40500.00,0.00,Adjustment,,goods,Spreadsheet Template,nos,13500.00,84231000,Sales,,TMAQ9,,,,,,,,,,,,,,,0.000,Cochin,,
2021-04-20,,99381000000735165,,99381000002865553,CN-00064,Closed,Accounts Receivable,ASK AUTOMATION SYSTEM,,XXI/1297 ANUGRAHA COMPLEX,MARKET,CHALAKUDY,KERALA,India,680307,,,Iringalakkuda,Iringalakkuda,Ph: 7012122099,,Kerala,India,7012122099,,,NO,NO,99381000000271001,INR,1.00,false,31860.00,0.00,0.00,,,,0.00,,,,,,,,,0.00,,99381000000098082,Yet To Be Pushed,,,YS2423,2021-03-25,0.000,,,,0.00,,,,,,,,,,,,,,,,true,Label Printing scale Q9,FALSE,0.00,0.0,2.00,"Make:YESWEIGH  Model:YS-30   Max:30kg  e:5g  Min:100g  Class:III
",4860.00,27000.00,YES/21-22/0087,Cochin,9.00,9.00,0.00,0.00,2430.00,2430.00,0.00,0.00,2430.00,2430.00,0.00,0.00,Others,,,,,,,,,,INTERWEIGHING PVT LTD,32AAFCI1950F1ZZ,3PL Warehouse : C/O LOGIWIZ LOGISTICS INDIA PVT LTD,COCHIN,Kerala,India,683503,8803333444,admin@yesweigh.in,Taxable,99381000000006208,GST18,18.00,Tax Group,,,,,,0.000,,,32-Kerala,business_gst,32BKMPS9970C1ZR,,,,,entity_level,KL,27000.00,0.00,Adjustment,,goods,Spreadsheet Template,nos,13500.00,84231000,Sales,,TMAQ9,,,,,,,,,,,,,,,0.000,Cochin,,
2021-04-15,,99381000000326166,,99381000002865589,CN-00065,Closed,Accounts Receivable,ASK AUTOMATION SYSTEM,,XXI/1297 ANUGRAHA COMPLEX,MARKET,CHALAKUDY,KERALA,India,680307,,,Iringalakkuda,Iringalakkuda,Ph: 7012122099,,Kerala,India,7012122099,,,NO,NO,99381000000271001,INR,1.00,false,25665.00,0.00,0.00,,,,0.00,,,,,,,,,0.00,,99381000000098082,Yet To Be Pushed,,,YS2423,2021-03-25,0.000,,,,0.00,,,,,,,,,,,,,,,,true,Platform Weighing Scale 300kg/50g,FALSE,0.00,0.0,5.00,"Make : YESWEIGH Model: YSP-5  
Max: 300 kg e: 50gm Min:1kg Class III
Serial No: YUC6667-YUC6671",3915.00,21750.00,"YES/21-22/0087,YES/21-22/0088",Cochin,9.00,9.00,0.00,0.00,1957.50,1957.50,0.00,0.00,1957.50,1957.50,0.00,0.00,Others,,,,,,,,,,INTERWEIGHING PVT LTD,32AAFCI1950F1ZZ,3PL Warehouse : C/O LOGIWIZ LOGISTICS INDIA PVT LTD,COCHIN,Kerala,India,683503,8803333444,admin@yesweigh.in,Taxable,99381000000006208,GST18,18.00,Tax Group,,,,,,0.000,,,32-Kerala,business_gst,32BKMPS9970C1ZR,,,,,entity_level,KL,21750.00,0.00,Adjustment,,goods,Spreadsheet Template,nos,4350.00,84231000,Sales,,PF4560,,,,,,,,,,,,,,,0.000,Cochin,,
2021-04-22,,99381000000343199,,99381000002877485,CN-00066,Closed,Accounts Receivable,ROYAL SCALES,,"PMC.19/2207,
Ground Floor, Dhanalakshmi Complex,","Old Bus Stop
Payyannur",Kannur,Kerala,India,670307,9895339647,,,"PMC.19/2207,
Ground Floor, Dhanalakshmi Complex,","Old Bus Stop
Payyannur",Kannur,Kerala,India,9895339647,670307,,NO,NO,99381000002549012,INR,1.00,false,17110.00,0.00,0.00,,,,0.00,,,,,,,,,0.00,,99381000000098082,Yet To Be Pushed,,,YS2361,2021-03-16,0.000,,,,0.00,,,,,,,,,,,,,,,,true,ECS Indicator,FALSE,0.00,0.0,1.00,,2610.00,14500.00,YES/21-22/0182,Cochin,9.00,9.00,0.00,0.00,1305.00,1305.00,0.00,0.00,1305.00,1305.00,0.00,0.00,Sales Return,,,,,,,,,,INTERWEIGHING PVT LTD,32AAFCI1950F1ZZ,3PL Warehouse : C/O LOGIWIZ LOGISTICS INDIA PVT LTD,COCHIN,Kerala,India,683503,8803333444,admin@yesweigh.in,Taxable,99381000000006208,GST18,18.00,Tax Group,,,,,,0.000,,,32-Kerala,business_gst,32AKPPJ6985N1ZA,,,,,entity_level,KL,14500.00,0.00,Adjustment,,goods,Spreadsheet Template,nos,14500.00,84231000,Sales,,ECSIND,,,,,,,,,,,,,,,0.000,Cochin,,
2021-08-18,,99381000000205926,,99381000003815606,CN-00067,Closed,Accounts Receivable,Sumer Chand & Sons,,Saudagar Bazar,,Ambala Cantt,Haryana,India,133001,9812436000,,,2446,Timber Market,Ambala Cantt,Haryana,India,9812736000,133001,,NO,NO,99381000001454106,INR,1.00,false,44840.00,0.00,0.00,,,,0.00,,,,,,,,,0.00,,99381000000098082,Yet To Be Pushed,,,YES/21-22/0343,2021-06-21,0.000,,,,0.00,,,,,,,,,,,,,,,,true,Analytical Balance 220g /0.1mg,FALSE,0.00,0.0,2.00,Make : YES WEIGH Model : YSJ 50,6840.00,38000.00,YES/21-22/1358,Cochin,0.00,0.00,18.00,0.00,0.00,0.00,6840.00,0.00,0.00,0.00,6840.00,0.00,Sales Return,,,,,,,,,,INTERWEIGHING PVT LTD,32AAFCI1950F1ZZ,3PL Warehouse : C/O LOGIWIZ LOGISTICS INDIA PVT LTD,COCHIN,Kerala,India,683503,8803333444,admin@yesweigh.in,Taxable,99381000000006196,IGST18,18.00,ItemAmount,,,,,,0.000,,,06-Haryana,business_gst,06AFMPJ3877K1ZW,,,,Others,entity_level,HR,38000.00,0.00,Adjustment,Registered,goods,Spreadsheet Template,nos,19000.00,84231000,Sales,,BSM2204,,,,,,,,,,,,,,,0.000,Cochin,,
2021-08-30,,99381000000194004,,99381000003881515,CN-00068,Closed,Accounts Receivable,End To End Weighing Solutions,,"#98/3, Coorgalli Village,
Mysore Taluk",,Mysore,Karnataka,India,571606,9741449393,,,"#98/3, Coorgalli Village,
Mysore Taluk",,Mysore,Karnataka,India,9741449393,571606,,NO,NO,99381000001277135,INR,1.00,false,22892.00,0.00,0.00,,,,0.00,,,,,,,,,0.00,,99381000000098082,Yet To Be Pushed,,,YES/21-22/0005,2021-04-01,0.000,,,,0.00,,,,,,,,,,,,,,,,true,Electronic cash register,FALSE,0.00,0.0,2.00,,3492.00,19400.00,YES/21-22/0986,Cochin,0.00,0.00,18.00,0.00,0.00,0.00,3492.00,0.00,0.00,0.00,3492.00,0.00,Sales Return,,,,,,,,,,INTERWEIGHING PVT LTD,32AAFCI1950F1ZZ,3PL Warehouse : C/O LOGIWIZ LOGISTICS INDIA PVT LTD,COCHIN,Kerala,India,683503,8803333444,admin@yesweigh.in,Taxable,99381000000006196,IGST18,18.00,ItemAmount,,,,,,0.000,,,29-Karnataka,business_gst,29AJUPN9105E1ZR,,,,Others,entity_level,KA,19400.00,0.00,Adjustment,Registered,goods,Spreadsheet Template,nos,9700.00,84701000,Sales,,ECR,,,,,,,,,,,,,,,0.000,Cochin,,
2021-09-01,,99381000000302452,,99381000003884868,CN-00069,Closed,Accounts Receivable,DIGITAL SCALE,,"NEAR STADIUM
MUKKOM ROAD",AREEKODE MALAPURAM,AREEKODE,kerala,,679329,9745204910,,,"Near Stadium,",Mukkam Road,"Areekode, Malappuram",kerala,,9745204910,673639,,NO,NO,99381000000136578,INR,1.00,false,7552.00,0.00,0.00,,,,0.00,,,,,,,,,0.00,,99381000000098082,Yet To Be Pushed,,,YS632,2020-06-01,0.000,,,,0.00,,,,,,,,,,,,,,,,true,CCM  - Value Counting Machine,FALSE,0.00,0.0,1.00,,1152.00,6400.00,YES/21-22/1026,Cochin,9.00,9.00,0.00,0.00,576.00,576.00,0.00,0.00,576.00,576.00,0.00,0.00,Sales Return,,,,,,,,,,INTERWEIGHING PVT LTD,32AAFCI1950F1ZZ,3PL Warehouse : C/O LOGIWIZ LOGISTICS INDIA PVT LTD,COCHIN,Kerala,India,683503,8803333444,admin@yesweigh.in,Taxable,99381000000006208,GST18,18.00,Tax Group,,,,,,0.000,,,32-Kerala,business_gst,32AOLPN0287R2ZA,,,,,entity_level,KL,6400.00,0.00,Adjustment,Registered,goods,Spreadsheet Template,nos,6400.00,84729090,Sales,,AL66,,,,,,,,,,,,,,,0.000,Cochin,,
2022-04-13,,99381000004091084,,99381000005153543,CN-00070,Closed,Accounts Receivable,METRO ENTERPRISES,,"V.K. Building, Kodathippadi",Mannarkad,Palakkad,Kerala,,678582,9447922223,,,"V.K. Building, Kodathippadi",Mannarkad,Palakkad,Kerala,,9447922223,678582,,NO,NO,99381000000011771,INR,1.00,false,25370.00,0.00,0.00,,,,0.00,,,,,,,,,0.00,,99381000000098082,Yet To Be Pushed,,,YES/22-23/0017,2022-04-04,0.000,,,,0.00,,,,,,,,,,,,,,,,true,Sealing Machine,FALSE,0.00,0.0,2.00,,3510.00,19500.00,YES/22-23/0154,Cochin,9.00,9.00,0.00,0.00,1755.00,1755.00,0.00,0.00,1755.00,1755.00,0.00,0.00,Sales Return,,,,,,,,,,INTERWEIGHING PVT LTD,32AAFCI1950F1ZZ,3PL Warehouse : C/O LOGIWIZ LOGISTICS INDIA PVT LTD,COCHIN,Kerala,India,683503,8803333444,admin@yesweigh.in,Taxable,99381000000006208,GST18,18.00,Tax Group,,,,,,0.000,,,32-Kerala,business_gst,32BMVPM8572R2ZS,,,,Others,entity_level,KL,21500.00,0.00,Adjustment,Registered,goods,Spreadsheet Template,nos,9750.00,84238290,Sales,,FR990,,,,,,,,,,,,,,,0.000,Cochin,,
2022-04-13,,99381000004089854,,99381000005153543,CN-00070,Closed,Accounts Receivable,METRO ENTERPRISES,,"V.K. Building, Kodathippadi",Mannarkad,Palakkad,Kerala,,678582,9447922223,,,"V.K. Building, Kodathippadi",Mannarkad,Palakkad,Kerala,,9447922223,678582,,NO,NO,99381000000011771,INR,1.00,false,25370.00,0.00,0.00,,,,0.00,,,,,,,,,0.00,,99381000000098082,Yet To Be Pushed,,,YES/22-23/0017,2022-04-04,0.000,,,,0.00,,,,,,,,,,,,,,,,true,VERTICAL STAND,FALSE,0.00,0.0,1.00,,360.00,2000.00,YES/22-23/0154,Cochin,9.00,9.00,0.00,0.00,180.00,180.00,0.00,0.00,180.00,180.00,0.00,0.00,Sales Return,,,,,,,,,,INTERWEIGHING PVT LTD,32AAFCI1950F1ZZ,3PL Warehouse : C/O LOGIWIZ LOGISTICS INDIA PVT LTD,COCHIN,Kerala,India,683503,8803333444,admin@yesweigh.in,Taxable,99381000000006208,GST18,18.00,Tax Group,,,,,,0.000,,,32-Kerala,business_gst,32BMVPM8572R2ZS,,,,Others,entity_level,KL,21500.00,0.00,Adjustment,Registered,goods,Spreadsheet Template,nos,2000.00,84239020,Sales,,VSTAND,,,,,,,,,,,,,,,0.000,Cochin,,
2022-07-19,,99381000000306360,,99381000005805826,CN-00071,Closed,Accounts Receivable,ROYAL SCALES,,"PMC.19/2207,
Ground Floor, Dhanalakshmi Complex,","Old Bus Stop
Payyannur",Kannur,Kerala,India,670307,9895339647,,,"PMC.19/2207,
Ground Floor, Dhanalakshmi Complex,","Old Bus Stop
Payyannur",Kannur,Kerala,India,9895339647,670307,,NO,NO,99381000002549012,INR,1.00,false,549.00,0.00,0.00,,,,0.00,,,,,,,,,0.00,Other Charges,99381000003083031,Yet To Be Pushed,,,YES/22-23/0319,2022-05-23,0.000,,,,0.00,,,,,,,,,,,,,,,,true,ECS5W PRINTER MAIN BOARD,FALSE,0.00,0.0,1.00,,83.70,465.00,"YES/22-23/1324,YES/25-26/1916",Head Office,9.00,9.00,0.00,0.00,41.85,41.85,0.00,0.00,41.85,41.85,0.00,0.00,Sales Return,,,,,,,,,,INTERWEIGHING PVT LTD,32AAFCI1950F1ZZ,"49/470 D1 ,3rd Floor",COCHIN,Kerala,India,683503,8803333444,admin@yesweigh.in,Taxable,99381000000006208,GST18,18.00,Tax Group,,,,,,0.000,,,32-Kerala,business_none,,,,,Others,entity_level,KL,465.00,0.30,Adjustment,,goods,Spreadsheet Template,nos,465.00,84239020,Sales,,ECS807,,,,,,,,,,,,,,,0.000,Head Office,,
2022-03-31,,,,99381000006335503,CN-00072,Closed,Accounts Receivable,GOODWILL ENGINEERS CORPORATION,,14/498,"22nd miles,",Manjeri,Kerala,,676121,9895324056,,,14/498,"22nd miles,",Manjeri,Kerala,,9895324056,676121,,NO,NO,99381000000385047,INR,1.00,false,49342.00,0.00,0.00,,,,0.00,,,,,,,,,0.00,,99381000000098082,Yet To Be Pushed,,,YES/21-22/2553,2022-03-31,0.000,,,,0.00,,,,,,,,,,,,,,,,true,,FALSE,0.00,0.0,1.00,Discount allowed,0.00,49342.00,YES/21-22/2553,Cochin,,,,,,,,,,,,,Post Sale Discount,,,,,,,,,,INTERWEIGHING PVT LTD,32AAFCI1950F1ZZ,3PL Warehouse : C/O LOGIWIZ LOGISTICS INDIA PVT LTD,COCHIN,Kerala,India,683503,8803333444,admin@yesweigh.in,Out of Scope,,,,,,,,,,0.000,,,32-Kerala,business_gst,32AAKFG1445M1ZD,,,,Others,entity_level,KL,49342.00,0.00,Adjustment,,service,Spreadsheet Template,,49342.00,84238290,Trade Discount,,,,,,,,,,,,,,,,,0.000,,,
2022-03-31,,,,99381000006335637,CN-00073,Closed,Accounts Receivable,ALUVA SCALES INC,,XIII/228B,"SCALE TOWER,Desom -Chowara Road, East Desom",Aluva,Kerala,India,683102,,,,XIII/228B,"SCALE TOWER,Desom -Chowara Road, East Desom",Aluva,Kerala,India,,683102,,NO,NO,99381000000014794,INR,1.00,false,49342.00,0.00,0.00,,,,0.00,,,,,,,,,0.00,,99381000000098082,Yet To Be Pushed,,,YES/21-22/2552,2022-03-31,0.000,,,,0.00,,,,,,,,,,,,,,,,true,,FALSE,0.00,0.0,1.00,Discount allowed,0.00,49342.00,YES/21-22/2552,Cochin,,,,,,,,,,,,,Post Sale Discount,,,,,,,,,,INTERWEIGHING PVT LTD,32AAFCI1950F1ZZ,3PL Warehouse : C/O LOGIWIZ LOGISTICS INDIA PVT LTD,COCHIN,Kerala,India,683503,8803333444,admin@yesweigh.in,Out of Scope,,,,,,,,,,0.000,,,32-Kerala,business_gst,32AAZFA1454F1ZI,,,,Others,entity_level,KL,49342.00,0.00,Adjustment,,service,Spreadsheet Template,,49342.00,,Trade Discount,,,,,,,,,,,,,,,,,0.000,,,
2022-03-31,,,,99381000006335735,CN-00074,Closed,Accounts Receivable,Modern machines,,Pathirappally P.O.,,Alappuzha,Kerala,India,688521,,,,Pathirappally P.O.,,Alappuzha,Kerala,India,,688521,,NO,NO,99381000000036003,INR,1.00,false,49342.00,0.00,0.00,,,,0.00,,,,,,,,,0.00,,99381000000098082,Yet To Be Pushed,,,YES/21-22/2549,2022-03-31,0.000,,,,0.00,,,,,,,,,,,,,,,,true,,FALSE,0.00,0.0,1.00,Discount Allowed,0.00,49342.00,YES/21-22/2549,Cochin,,,,,,,,,,,,,Post Sale Discount,,,,,,,,,,INTERWEIGHING PVT LTD,32AAFCI1950F1ZZ,3PL Warehouse : C/O LOGIWIZ LOGISTICS INDIA PVT LTD,COCHIN,Kerala,India,683503,8803333444,admin@yesweigh.in,Out of Scope,,,,,,,,,,0.000,,,32-Kerala,business_gst,32EMRPS6226K1ZF,,,,Others,entity_level,KL,49342.00,0.00,Adjustment,,service,Spreadsheet Template,,49342.00,,Trade Discount,,,,,,,,,,,,,,,,,0.000,,,
2022-03-31,,,,99381000006335905,CN-00075,Closed,Accounts Receivable,TRAVANCORE SCALES SERVICES,,Attakulangara,Bypass Road,Tiruvanntapuram,kerala,India,695036,9995111501,,,Attakulangara,Bypass Road,Tiruvanntapuram,kerala,India,9995111501,695036,,NO,NO,99381000000036062,INR,1.00,false,98684.00,0.00,0.00,,,,0.00,,,,,,,,,0.00,,99381000000098082,Yet To Be Pushed,,,YES/21-22/2543,2022-03-31,0.000,,,,0.00,,,,,,,,,,,,,,,,true,,FALSE,0.00,0.0,1.00,Discount allowed,0.00,98684.00,"YES/21-22/2535,YES/21-22/2543",Cochin,,,,,,,,,,,,,Post Sale Discount,,,,,,,,,,INTERWEIGHING PVT LTD,32AAFCI1950F1ZZ,3PL Warehouse : C/O LOGIWIZ LOGISTICS INDIA PVT LTD,COCHIN,Kerala,India,683503,8803333444,admin@yesweigh.in,Out of Scope,,,,,,,,,,0.000,,,32-Kerala,business_gst,32APBPN7027C2ZD,,,,Others,entity_level,KL,98684.00,0.00,Adjustment,,service,Spreadsheet Template,,98684.00,,Trade Discount,,,,,,,,,,,,,,,,,0.000,,,
2022-03-31,,,,99381000006336031,CN-00076,Closed,Accounts Receivable,TRANSWORLD SCALES SERVICES,,Transworld Scales Services,Beach Road,Kollam,kerala,India,691001,9446332381,,,Transworld Scales Services,Beach Road,Kollam,Kerala,India,9446332381,691001,,NO,NO,99381000000102001,INR,1.00,false,98684.00,0.00,0.00,,,,0.00,,,,,,,,,0.00,,99381000000098082,Yet To Be Pushed,,,YES/21-22/2555,2022-03-31,0.000,,,,0.00,,,,,,,,,,,,,,,,true,,FALSE,0.00,0.0,1.00,Discount allowed,0.00,98684.00,YES/21-22/2555,Cochin,,,,,,,,,,,,,Post Sale Discount,,,,,,,,,,INTERWEIGHING PVT LTD,32AAFCI1950F1ZZ,3PL Warehouse : C/O LOGIWIZ LOGISTICS INDIA PVT LTD,COCHIN,Kerala,India,683503,8803333444,admin@yesweigh.in,Out of Scope,,,,,,,,,,0.000,,,32-Kerala,business_gst,32AWCPS0193C1ZX,,,,Others,entity_level,KL,98684.00,0.00,Adjustment,,service,Spreadsheet Template,,98684.00,,Trade Discount,,,,,,,,,,,,,,,,,0.000,,,
2022-03-31,,,,99381000006336299,CN-00077,Closed,Accounts Receivable,DIGITAL SCALE,,"NEAR STADIUM
MUKKOM ROAD",AREEKODE MALAPURAM,AREEKODE,kerala,,679329,9745204910,,,"Near Stadium,",Mukkam Road,"Areekode, Malappuram",kerala,,9745204910,673639,,NO,NO,99381000000136578,INR,1.00,false,98684.00,0.00,0.00,,,,0.00,,,,,,,,,0.00,,99381000000098082,Yet To Be Pushed,,,YES/21-22/2551,2022-03-31,0.000,,,,0.00,,,,,,,,,,,,,,,,true,,FALSE,0.00,0.0,1.00,Discount allowed,0.00,98684.00,YES/21-22/2551,Cochin,,,,,,,,,,,,,Post Sale Discount,,,,,,,,,,INTERWEIGHING PVT LTD,32AAFCI1950F1ZZ,3PL Warehouse : C/O LOGIWIZ LOGISTICS INDIA PVT LTD,COCHIN,Kerala,India,683503,8803333444,admin@yesweigh.in,Out of Scope,,,,,,,,,,0.000,,,32-Kerala,business_gst,32AOLPN0287R2ZA,,,,Others,entity_level,KL,98684.00,0.00,Adjustment,,service,Spreadsheet Template,,98684.00,,Trade Discount,,,,,,,,,,,,,,,,,0.000,,,
2022-03-31,,,,99381000006336415,CN-00078,Closed,Accounts Receivable,KRAUS INSTRUMENTS,,"1,11/411/14, ABHCON CROWN,","AMBADY LANE, KOKKALAI","KOKKALAI, THRISSUR",Kerala,India,680001,99617020321,,,"1,11/411/14, ABHCON CROWN,","AMBADY LANE, KOKKALAI","KOKKALAI, THRISSUR",Kerala,India,99617020321,680001,,NO,NO,99381000000309611,INR,1.00,false,197368.00,0.00,0.00,,,,0.00,,,,,,,,,0.00,,99381000000098082,Yet To Be Pushed,,,YES/21-22/2556,2022-03-31,0.000,,,,0.00,,,,,,,,,,,,,,,,true,,FALSE,0.00,0.0,1.00,Discount Allowed,0.00,197368.00,YES/21-22/2556,Cochin,,,,,,,,,,,,,Post Sale Discount,,,,,,,,,,INTERWEIGHING PVT LTD,32AAFCI1950F1ZZ,3PL Warehouse : C/O LOGIWIZ LOGISTICS INDIA PVT LTD,COCHIN,Kerala,India,683503,8803333444,admin@yesweigh.in,Out of Scope,,,,,,,,,,0.000,,,32-Kerala,business_gst,32AASFK0676Q1ZM,,,,Others,entity_level,KL,197368.00,0.00,Adjustment,,service,Spreadsheet Template,,197368.00,,Trade Discount,,,,,,,,,,,,,,,,,0.000,,,
2022-03-31,,,,99381000006336513,CN-00079,Closed,Accounts Receivable,TAKYON SYSTEMS,Mr. Vijay Kumar,Pallisserickal,Sasthamcotta,Kollam,Kerala,India,690521,04762830884,,Mr. Vijay Kumar,"Alleppy Parcel Service 
Godown Delivery, Baranikkavu",,Kollam,Kerala,India,04762830884,691010,,NO,NO,99381000000154574,INR,1.00,false,197368.00,0.00,0.00,,,,0.00,,,,,,,,,0.00,,99381000000098082,Yet To Be Pushed,,,YES/21-22/2548,2022-03-31,0.000,,,,0.00,,,,,,,,,,,,,,,,true,,FALSE,0.00,0.0,1.00,Discount allowed,0.00,197368.00,YES/21-22/2548,Cochin,,,,,,,,,,,,,Post Sale Discount,,,,,,,,,,INTERWEIGHING PVT LTD,32AAFCI1950F1ZZ,3PL Warehouse : C/O LOGIWIZ LOGISTICS INDIA PVT LTD,COCHIN,Kerala,India,683503,8803333444,admin@yesweigh.in,Out of Scope,,,,,,,,,,0.000,,,32-Kerala,business_gst,32AANFT0176D1ZE,,,,Others,entity_level,KL,197368.00,0.00,Adjustment,,service,Spreadsheet Template,,197368.00,,Trade Discount,,,,,,,,,,,,,,,,,0.000,,,
2022-03-31,,,,99381000006336613,CN-00080,Closed,Accounts Receivable,ELMASS SYSTEMS & SERVICES,,"70/1955 /old 44/2214A5, Martin Eva Holy Tuesday Shopping Mall,
Banerji Road, Mathrubhoomi Jn.",,Ernakulam,Kerala,India,682017,7034030141,,,"Souhruda Lane
Lissie Hospital Road",,Ernakulam,Kerala,India,7034030141,682018,,NO,NO,99381000000084733,INR,1.00,false,236842.00,0.00,0.00,,,,0.00,,,,,,,,,0.00,,99381000000098082,Yet To Be Pushed,,,YES/21-22/2562,2022-03-31,0.000,,,,0.00,,,,,,,,,,,,,,,,true,,FALSE,0.00,0.0,1.00,Discount allowed,0.00,236842.00,YES/21-22/2562,Cochin,,,,,,,,,,,,,Post Sale Discount,,,,,,,,,,INTERWEIGHING PVT LTD,32AAFCI1950F1ZZ,3PL Warehouse : C/O LOGIWIZ LOGISTICS INDIA PVT LTD,COCHIN,Kerala,India,683503,8803333444,admin@yesweigh.in,Out of Scope,,,,,,,,,,0.000,,,32-Kerala,business_gst,32AACFE8918M1Z7,,,,Others,entity_level,KL,236842.00,0.00,Adjustment,,service,Spreadsheet Template,,236842.00,,Trade Discount,,,,,,,,,,,,,,,,,0.000,,,
2022-03-31,,,,99381000006336765,CN-00081,Closed,Accounts Receivable,Victory Scales,,"M/s Victory Scales
CSI Ascension Square, Below ICICI Bank",Collectrate P.O,"Kottayam,",Kerala,India,686016,9447165493,,,"Manickathinal Building,",Perumbaikad P.O,"Kottayam,",Kerala,India,9447165493,686016,,NO,NO,99381000000231096,INR,1.00,false,296053.00,0.00,0.00,,,,0.00,,,,,,,,,0.00,,99381000000098082,Yet To Be Pushed,,,YES/21-22/2559,2022-03-31,0.000,,,,0.00,,,,,,,,,,,,,,,,true,,FALSE,0.00,0.0,1.00,Discount Allowed,0.00,296053.00,"YES/21-22/2559,YES/21-22/2560",Cochin,,,,,,,,,,,,,Post Sale Discount,,,,,,,,,,INTERWEIGHING PVT LTD,32AAFCI1950F1ZZ,3PL Warehouse : C/O LOGIWIZ LOGISTICS INDIA PVT LTD,COCHIN,Kerala,India,683503,8803333444,admin@yesweigh.in,Out of Scope,,,,,,,,,,0.000,,,32-Kerala,business_gst,32AAAAV1247P1ZC,,,,Others,entity_level,KL,296053.00,0.00,Adjustment,,service,Spreadsheet Template,,296053.00,84238190,Trade Discount,,,,,,,,,,,,,,,,,0.000,,,
2022-03-31,,,,99381000006336899,CN-00082,Closed,Accounts Receivable,ACE ELECTRONICS,,"Akai tower ,
Near Tali Temple 
Thali ,Calicut",,Calicut,Kerala,India,673002,,,,"Akai tower ,
Near Tali Temple 
Thali ,Calicut",,Calicut,Kerala,India,,673002,,NO,NO,99381000000084508,INR,1.00,false,315789.00,0.00,0.00,,,,0.00,,,,,,,,,0.00,,99381000000098082,Yet To Be Pushed,,,YES/21-22/2561,2022-03-31,0.000,,,,0.00,,,,,,,,,,,,,,,,true,,FALSE,0.00,0.0,1.00,Discount allowed,0.00,315789.00,YES/21-22/2561,Cochin,,,,,,,,,,,,,Post Sale Discount,,,,,,,,,,INTERWEIGHING PVT LTD,32AAFCI1950F1ZZ,3PL Warehouse : C/O LOGIWIZ LOGISTICS INDIA PVT LTD,COCHIN,Kerala,India,683503,8803333444,admin@yesweigh.in,Out of Scope,,,,,,,,,,0.000,,,32-Kerala,business_gst,32AAZFA3650P1ZV,,,,Others,entity_level,KL,315789.00,0.00,Adjustment,,service,Spreadsheet Template,,315789.00,,Trade Discount,,,,,,,,,,,,,,,,,0.000,,,
2022-03-31,,,,99381000006337063,CN-00083,Closed,Accounts Receivable,MEEZAN ELECTRONIC SCALES PRIVATE LIMITED,,,,,Kerala,India,,,,Riyas,"8/308A Meezan Tower 
Calicut Road , Manjeri",,MANJERI,Kerala,India,9446157730,676121,,NO,NO,99381000000112170,INR,1.00,false,330592.00,0.00,0.00,,,,0.00,,,,,,,,,0.00,,99381000000098082,Yet To Be Pushed,,,YES/21-22/2550,2022-03-31,0.000,,,,0.00,,,,,,,,,,,,,,,,true,,FALSE,0.00,0.0,1.00,Discount allowed,0.00,330592.00,"YES/21-22/2550,YES/21-22/2554",Cochin,,,,,,,,,,,,,Post Sale Discount,,,,,,,,,,INTERWEIGHING PVT LTD,32AAFCI1950F1ZZ,3PL Warehouse : C/O LOGIWIZ LOGISTICS INDIA PVT LTD,COCHIN,Kerala,India,683503,8803333444,admin@yesweigh.in,Out of Scope,,,,,,,,,,0.000,,,32-Kerala,business_gst,32AAECM1277C1ZY,,,,Others,entity_level,KL,330592.00,0.00,Adjustment,,service,Spreadsheet Template,,330592.00,,Trade Discount,,,,,,,,,,,,,,,,,0.000,,,
2022-03-31,,,,99381000006337171,CN-00084,Closed,Accounts Receivable,ASK AUTOMATION SYSTEM,,XXI/1297 ANUGRAHA COMPLEX,MARKET,CHALAKUDY,KERALA,India,680307,,,Book to APS IRINJALAKKUDA,XXI/1297 ANUGRAHA COMPLEX,MARKET,CHALAKUDY,KERALA,India,,680307,,NO,NO,99381000000271001,INR,1.00,false,335526.00,0.00,0.00,,,,0.00,,,,,,,,,0.00,,99381000000098082,Yet To Be Pushed,,,YES/21-22/2542,2022-03-31,0.000,,,,0.00,,,,,,,,,,,,,,,,true,,FALSE,0.00,0.0,1.00,Discount allowed,0.00,335526.00,YES/21-22/2542,Cochin,,,,,,,,,,,,,Post Sale Discount,,,,,,,,,,INTERWEIGHING PVT LTD,32AAFCI1950F1ZZ,3PL Warehouse : C/O LOGIWIZ LOGISTICS INDIA PVT LTD,COCHIN,Kerala,India,683503,8803333444,admin@yesweigh.in,Out of Scope,,,,,,,,,,0.000,,,32-Kerala,business_gst,32BKMPS9970C1ZR,,,,Others,entity_level,KL,335526.00,0.00,Adjustment,,service,Spreadsheet Template,,335526.00,,Trade Discount,,,,,,,,,,,,,,,,,0.000,,,
2022-03-31,,,,99381000006337327,CN-00085,Closed,Accounts Receivable,ACCURATE TRADE LINKS,Harish,Future Centre,Ottukuzhi Road,Trivandrum,Kerala,India,695001,9847141007,,Harish,Future Centre,Ottukuzhi Road,Trivandrum,Kerala,India,9847141007,695001,,NO,NO,99381000000114383,INR,1.00,false,340461.00,0.00,0.00,,,,0.00,,,,,,,,,0.00,,99381000000098082,Yet To Be Pushed,,,YES/21-22/2536,2022-03-30,0.000,,,,0.00,,,,,,,,,,,,,,,,true,,FALSE,0.00,0.0,1.00,Discount Allowed,0.00,340461.00,"YES/21-22/2536,YES/21-22/2545",Cochin,,,,,,,,,,,,,Post Sale Discount,,,,,,,,,,INTERWEIGHING PVT LTD,32AAFCI1950F1ZZ,3PL Warehouse : C/O LOGIWIZ LOGISTICS INDIA PVT LTD,COCHIN,Kerala,India,683503,8803333444,admin@yesweigh.in,Out of Scope,,,,,,,,,,0.000,,,32-Kerala,business_gst,32AHJPK1741Q1Z4,,,,Others,entity_level,KL,340461.00,0.00,Adjustment,,service,Spreadsheet Template,,340461.00,,Trade Discount,,,,,,,,,,,,,,,,,0.000,,,
2022-08-27,,,,99381000006337397,CN-00086,Closed,Accounts Receivable,TRANSWORLD SCALES SERVICES,,Transworld Scales Services,Beach Road,Kollam,kerala,India,691001,9446332381,,,Transworld Scales Services,Beach Road,Kollam,Kerala,India,9446332381,691001,,NO,NO,99381000000102001,INR,1.00,false,75000.00,0.00,0.00,,,,0.00,,,,,,,,,0.00,,99381000000098082,Yet To Be Pushed,,,YES/22-23/1091,2022-08-27,0.000,,,,0.00,,,,,,,,,,,,,,,,true,,FALSE,0.00,0.0,1.00,Discount Allowed,0.00,75000.00,YES/22-23/1091,Cochin,,,,,,,,,,,,,Post Sale Discount,,,,,,,,,,INTERWEIGHING PVT LTD,32AAFCI1950F1ZZ,3PL Warehouse : C/O LOGIWIZ LOGISTICS INDIA PVT LTD,COCHIN,Kerala,India,683503,8803333444,admin@yesweigh.in,Out of Scope,,,,,,,,,,0.000,,,32-Kerala,business_gst,32AWCPS0193C1ZX,,,,Others,entity_level,KL,75000.00,0.00,Adjustment,,service,Spreadsheet Template,,75000.00,,Trade Discount,,,,,,,,,,,,,,,,,0.000,,,
2022-10-07,,,,99381000006490369,CN-00087,Closed,Accounts Receivable,Electro Technologies,,"no 48/4/73, lane no 2 ,Ganeshnagar, behind diksha building
materials, Vadgaonsheri,",,Pune,Maharashtra,India,411014,9823425353,,,"no 48/4/73, lane no 2 ,Ganeshnagar, behind diksha building
materials, Vadgaonsheri,",,Pune,Maharashtra,India,9823425353,411014,,NO,NO,99381000001091033,INR,1.00,false,3700.00,0.00,0.00,,,,0.00,,,,,,,,,0.00,,99381000000098082,Yet To Be Pushed,,,YES/22-23/1372,2022-10-07,0.000,,,,0.00,,,,,,,,,,,,,,,,true,,FALSE,0.00,0.0,1.00,Discount,0.00,3700.00,YES/22-23/1372,Cochin,,,,,,,,,,,,,Post Sale Discount,,,,,,,,,,INTERWEIGHING PVT LTD,32AAFCI1950F1ZZ,3PL Warehouse : C/O LOGIWIZ LOGISTICS INDIA PVT LTD,COCHIN,Kerala,India,683503,8803333444,admin@yesweigh.in,Out of Scope,,,,,,,,,,0.000,,,27-Maharashtra,business_gst,27BTXPB3804L1ZA,,,,Others,entity_level,MH,3700.00,0.00,Adjustment,,service,Spreadsheet Template,,3700.00,,Discount Allowed,,,,,,,,,,,,,,,,,0.000,,,
2022-10-17,,,,99381000006730731,CN-00088,Closed,Accounts Receivable,TRAVANCORE SCALES SERVICES,,Attakulangara,Bypass Road,Tiruvanntapuram,kerala,India,695036,9995111501,,,Attakulangara,Bypass Road,Tiruvanntapuram,kerala,India,9995111501,695036,,NO,NO,99381000000036062,INR,1.00,false,30208.00,0.00,0.00,,,,0.00,,,,,,,,,0.00,,99381000000098082,Yet To Be Pushed,,,YES/22-23/1457,2022-10-17,0.000,,,,0.00,,,,,,,,,,,,,,,,true,,FALSE,0.00,0.0,1.00,Sale discount,0.00,30208.00,YES/22-23/1457,Cochin,,,,,,,,,,,,,Post Sale Discount,,,,,,,,,,INTERWEIGHING PVT LTD,32AAFCI1950F1ZZ,3PL Warehouse : C/O LOGIWIZ LOGISTICS INDIA PVT LTD,COCHIN,Kerala,India,683503,8803333444,admin@yesweigh.in,Out of Scope,,,,,,,,,,0.000,,,32-Kerala,business_gst,32APBPN7027C2ZD,,,,Others,entity_level,KL,30208.00,0.00,Adjustment,,service,Spreadsheet Template,,30208.00,,Trade Discount,,,,,,,,,,,,,,,,,0.000,,,
2022-11-19,,,,99381000006730751,CN-00089,Closed,Accounts Receivable,TRAVANCORE SCALES SERVICES,,Attakulangara,Bypass Road,Tiruvanntapuram,kerala,India,695036,9995111501,,,Attakulangara,Bypass Road,Tiruvanntapuram,kerala,India,9995111501,695036,,NO,NO,99381000000036062,INR,1.00,false,44792.00,0.00,0.00,,,,0.00,,,,,,,,,0.00,,99381000000098082,Yet To Be Pushed,,,YES/22-23/1722,2022-11-18,0.000,,,,0.00,,,,,,,,,,,,,,,,true,,FALSE,0.00,0.0,1.00,Discount allowed,0.00,44792.00,YES/22-23/1722,Cochin,,,,,,,,,,,,,Post Sale Discount,,,,,,,,,,INTERWEIGHING PVT LTD,32AAFCI1950F1ZZ,3PL Warehouse : C/O LOGIWIZ LOGISTICS INDIA PVT LTD,COCHIN,Kerala,India,683503,8803333444,admin@yesweigh.in,Out of Scope,,,,,,,,,,0.000,,,32-Kerala,business_gst,32APBPN7027C2ZD,,,,Others,entity_level,KL,44792.00,0.00,Adjustment,,service,Spreadsheet Template,,44792.00,,Trade Discount,,,,,,,,,,,,,,,,,0.000,,,
2022-12-21,,,,99381000007764647,CN-00090,Closed,Accounts Receivable,SANIA SYSTEMS,Mr. Shaji,"No. 9/1A,7th Cross,  
Krishnappa Industrial Area","Lakshmipura Main Road
Ph:919448174950",Bangalore,Karnataka,India,560090,919448174950,,Mr. Shaji,"No. 9/1A,7th Cross,  
Krishnappa Industrial Area",Lakshmipura Main Road,Bangalore,Karnataka,India,919448174950,560090,,NO,NO,99381000000116459,INR,1.00,false,10500.00,0.00,0.00,,,,0.00,,,,,,,,,0.00,,99381000003083031,Yet To Be Pushed,,,YES/22-23/1999,2022-12-21,0.000,,,,0.00,,,,,,,,,,,,,,,,true,,FALSE,0.00,0.0,1.00,Sale discount,0.00,10500.00,YES/22-23/1999,Head Office,,,,,,,,,,,,,Post Sale Discount,,,,,,,,,,INTERWEIGHING PVT LTD,32AAFCI1950F1ZZ,"49/470 D1 ,3rd Floor",COCHIN,Kerala,India,683503,8803333444,admin@yesweigh.in,Out of Scope,,,,,,,,,,0.000,,,29-Karnataka,business_gst,29ABSFS3566Q1ZW,,,,Others,entity_level,KA,10500.00,0.00,Adjustment,,service,Spreadsheet Template,,10500.00,,Discount Allowed,,,,,,,,,,,,,,,,,0.000,,,
2023-05-17,,99381000008802067,,99381000008882498,CN-00091,Closed,Accounts Receivable,YESWEIGH SOLUTIONS LLP,,"KMC W 14/1481, 
Amoolya Building,","Opp. Kanhangad Head Post Office, Kanhangad Po.,",Kasargod,Kerala,India,671315,7043014130,,,"KMC W 14/1481, 
Amoolya Building,","Opp. Kanhangad Head Post Office, Kanhangad Po.,",Kasargod,Kerala,India,7043014130,671315,,NO,NO,99381000003493071,INR,1.00,false,767.00,0.00,0.00,,,,0.00,,,,,,,,,0.00,,99381000003083031,Yet To Be Pushed,,,YES/23-24/0077,2023-04-11,0.000,,,,0.00,,,,,,,,,,,,,,,,true,Q9LBL PRINTER MOTHERBOARD,FALSE,0.00,0.0,1.00,,117.00,650.00,"YES/23-24/0378,YES/23-24/0785",Head Office,9.00,9.00,0.00,0.00,58.50,58.50,0.00,0.00,58.50,58.50,0.00,0.00,Sales Return,,,,,,,,,,INTERWEIGHING PVT LTD,32AAFCI1950F1ZZ,"49/470 D1 ,3rd Floor",COCHIN,Kerala,India,683503,8803333444,admin@yesweigh.in,Taxable,99381000000006208,GST18,18.00,Tax Group,,,,,,0.000,,,32-Kerala,business_gst,32AACFY7757L1ZM,,,,Others,entity_level,KL,650.00,0.00,Adjustment,Registered,goods,Spreadsheet Template,nos,650.00,84239020,Sales,,Q9719,,,,,,,,,,,,,,,0.000,Head Office,,
2023-09-27,,99381000008696634,,99381000010955283,CN-00092,Closed,Accounts Receivable,D.M. SALES & SERVICE CORP.,D.M. Sales & Service Corp.,"gali no 10,Block B,Bhai Himmat singh nagar",near Bhagwati bikaner sweets,Ludhiana,Punjab,India,141003,,,D.M. Sales & Service Corp.,"gali no 10,Block B,Bhai Himmat singh nagar",near Bhagwati bikaner sweets,Ludhiana,Punjab,India,,141003,,NO,NO,99381000005600825,INR,1.00,false,51684.00,0.00,0.00,,,,0.00,,,,,,,,,0.00,,99381000000098082,Pushed,96c4f95170ceab43b20469e8d53fb6ec895a369f731622bcc075cbe00f108e46,,YES/23-24/1767,2023-09-25,0.000,,,,0.00,,,,,,,,,,,,,,,,true,PRICE COMPUTING SCALE - WHITE (AY),FALSE,0.00,0.0,5.00,Make: YESWEIGH Model: YSP 30 Max:20kg e:2g Min:40g Class:III,1431.00,7950.00,YES/23-24/1791,Cochin,0.00,0.00,18.00,0.00,0.00,0.00,1431.00,0.00,0.00,0.00,1431.00,0.00,Correction in invoice,,,"{""SellerGstin"":""32AAFCI1950F1ZZ"",""BuyerGstin"":""03AXOPK8584C1Z9"",""DocNo"":""CN-00092"",""DocTyp"":""CRN"",""DocDt"":""27/09/2023"",""TotInvVal"":51684.0,""ItemCnt"":6,""MainHsnCode"":""84238190"",""Irn"":""96c4f95170ceab43b20469e8d53fb6ec895a369f731622bcc075cbe00f108e46"",""IrnDt"":""2023-09-27 12:39:00""}",eyJhbGciOiJSUzI1NiIsImtpZCI6IkI4RDYzRUNCNThFQTVFNkY0QUFDM0Q1MjQ1NDNCMjI0NjY2OUIwRjgiLCJ4NXQiOiJ1TlkteTFqcVhtOUtyRDFTUlVPeUpHWnBzUGciLCJ0eXAiOiJKV1QifQ.eyJkYXRhIjoie1wiU2VsbGVyR3N0aW5cIjpcIjMyQUFGQ0kxOTUwRjFaWlwiLFwiQnV5ZXJHc3RpblwiOlwiMDNBWE9QSzg1ODRDMVo5XCIsXCJEb2NOb1wiOlwiQ04tMDAwOTJcIixcIkRvY1R5cFwiOlwiQ1JOXCIsXCJEb2NEdFwiOlwiMjcvMDkvMjAyM1wiLFwiVG90SW52VmFsXCI6NTE2ODQuMCxcIkl0ZW1DbnRcIjo2LFwiTWFpbkhzbkNvZGVcIjpcIjg0MjM4MTkwXCIsXCJJcm5cIjpcIjk2YzRmOTUxNzBjZWFiNDNiMjA0NjllOGQ1M2ZiNmVjODk1YTM2OWY3MzE2MjJiY2MwNzVjYmUwMGYxMDhlNDZcIixcIklybkR0XCI6XCIyMDIzLTA5LTI3IDEyOjM5OjAwXCJ9IiwiaXNzIjoiTklDIn0.nUzXeCFSsFswiXTlTappUlJ1WftW6UU0Wf2aicy5j6XtsHwqSfPZeWbGvjZi_rRC7U7jRtnm8rHgjaJu25IOztru3qpRyJDWzB1CqzPdvv7vzm28X_iNP7IAOWi1wSr-yBHZF1MpHZUpJZu-0C99bZTUmVnaUENNJz6NjVpUGKt3TXKJUUvZk-72AtD5xApeVF9HfKVy5cjwvVbQsL5rY0zw3cRMw8IbGLBpQ-g2kqFlj2sY27ar256YZi8UkCueaBKelV384-YFalYkE4aBlFmHWH5HG3HAXirp7E1qtMetvgLMBanOScKA80gl2jFs-m14Ls45LWtFHwUFchgbbQ,152315794491162,2023-09-27 12:39:00,,,,INTERWEIGHING PVT LTD,32AAFCI1950F1ZZ,3PL Warehouse : C/O LOGIWIZ LOGISTICS INDIA PVT LTD,COCHIN,Kerala,India,683503,8803333444,admin@yesweigh.in,Taxable,99381000000006196,IGST18,18.00,ItemAmount,,,,,,0.000,,,03-Punjab,business_gst,03AXOPK8584C1Z9,,,,Biju B,entity_level,PB,43800.00,0.00,Adjustment,Registered,goods,Spreadsheet Template,nos,1590.00,84238190,Sales,,ATMPCWH,,,,,,,,,,,,,,,0.000,Cochin,,
2023-09-27,,99381000006252224,,99381000010955283,CN-00092,Closed,Accounts Receivable,D.M. SALES & SERVICE CORP.,D.M. Sales & Service Corp.,"gali no 10,Block B,Bhai Himmat singh nagar",near Bhagwati bikaner sweets,Ludhiana,Punjab,India,141003,,,D.M. Sales & Service Corp.,"gali no 10,Block B,Bhai Himmat singh nagar",near Bhagwati bikaner sweets,Ludhiana,Punjab,India,,141003,,NO,NO,99381000005600825,INR,1.00,false,51684.00,0.00,0.00,,,,0.00,,,,,,,,,0.00,,99381000000098082,Pushed,96c4f95170ceab43b20469e8d53fb6ec895a369f731622bcc075cbe00f108e46,,YES/23-24/1767,2023-09-25,0.000,,,,0.00,,,,,,,,,,,,,,,,true,PLATFORM SCALE 500X550-SS,FALSE,0.00,0.0,2.00,"Make : YESWEIGH Model:YSP PC
Max:300 kg e: 50gm Min:1kg Class III
Full SS,Green Display,Pan size : 500x500 mm 3pin CPU power cable, Loadcell protection cover",1692.00,9400.00,YES/23-24/1791,Cochin,0.00,0.00,18.00,0.00,0.00,0.00,1692.00,0.00,0.00,0.00,1692.00,0.00,Correction in invoice,,,"{""SellerGstin"":""32AAFCI1950F1ZZ"",""BuyerGstin"":""03AXOPK8584C1Z9"",""DocNo"":""CN-00092"",""DocTyp"":""CRN"",""DocDt"":""27/09/2023"",""TotInvVal"":51684.0,""ItemCnt"":6,""MainHsnCode"":""84238190"",""Irn"":""96c4f95170ceab43b20469e8d53fb6ec895a369f731622bcc075cbe00f108e46"",""IrnDt"":""2023-09-27 12:39:00""}",eyJhbGciOiJSUzI1NiIsImtpZCI6IkI4RDYzRUNCNThFQTVFNkY0QUFDM0Q1MjQ1NDNCMjI0NjY2OUIwRjgiLCJ4NXQiOiJ1TlkteTFqcVhtOUtyRDFTUlVPeUpHWnBzUGciLCJ0eXAiOiJKV1QifQ.eyJkYXRhIjoie1wiU2VsbGVyR3N0aW5cIjpcIjMyQUFGQ0kxOTUwRjFaWlwiLFwiQnV5ZXJHc3RpblwiOlwiMDNBWE9QSzg1ODRDMVo5XCIsXCJEb2NOb1wiOlwiQ04tMDAwOTJcIixcIkRvY1R5cFwiOlwiQ1JOXCIsXCJEb2NEdFwiOlwiMjcvMDkvMjAyM1wiLFwiVG90SW52VmFsXCI6NTE2ODQuMCxcIkl0ZW1DbnRcIjo2LFwiTWFpbkhzbkNvZGVcIjpcIjg0MjM4MTkwXCIsXCJJcm5cIjpcIjk2YzRmOTUxNzBjZWFiNDNiMjA0NjllOGQ1M2ZiNmVjODk1YTM2OWY3MzE2MjJiY2MwNzVjYmUwMGYxMDhlNDZcIixcIklybkR0XCI6XCIyMDIzLTA5LTI3IDEyOjM5OjAwXCJ9IiwiaXNzIjoiTklDIn0.nUzXeCFSsFswiXTlTappUlJ1WftW6UU0Wf2aicy5j6XtsHwqSfPZeWbGvjZi_rRC7U7jRtnm8rHgjaJu25IOztru3qpRyJDWzB1CqzPdvv7vzm28X_iNP7IAOWi1wSr-yBHZF1MpHZUpJZu-0C99bZTUmVnaUENNJz6NjVpUGKt3TXKJUUvZk-72AtD5xApeVF9HfKVy5cjwvVbQsL5rY0zw3cRMw8IbGLBpQ-g2kqFlj2sY27ar256YZi8UkCueaBKelV384-YFalYkE4aBlFmHWH5HG3HAXirp7E1qtMetvgLMBanOScKA80gl2jFs-m14Ls45LWtFHwUFchgbbQ,152315794491162,2023-09-27 12:39:00,,,,INTERWEIGHING PVT LTD,32AAFCI1950F1ZZ,3PL Warehouse : C/O LOGIWIZ LOGISTICS INDIA PVT LTD,COCHIN,Kerala,India,683503,8803333444,admin@yesweigh.in,Taxable,99381000000006196,IGST18,18.00,ItemAmount,,,,,,0.000,,,03-Punjab,business_gst,03AXOPK8584C1Z9,,,,Biju B,entity_level,PB,43800.00,0.00,Adjustment,Registered,goods,Spreadsheet Template,nos,4700.00,84238190,Sales,,PF5055,,,,,,,,,,,,,,,0.000,Cochin,,
2023-09-27,,99381000006252159,,99381000010955283,CN-00092,Closed,Accounts Receivable,D.M. SALES & SERVICE CORP.,D.M. Sales & Service Corp.,"gali no 10,Block B,Bhai Himmat singh nagar",near Bhagwati bikaner sweets,Ludhiana,Punjab,India,141003,,,D.M. Sales & Service Corp.,"gali no 10,Block B,Bhai Himmat singh nagar",near Bhagwati bikaner sweets,Ludhiana,Punjab,India,,141003,,NO,NO,99381000005600825,INR,1.00,false,51684.00,0.00,0.00,,,,0.00,,,,,,,,,0.00,,99381000000098082,Pushed,96c4f95170ceab43b20469e8d53fb6ec895a369f731622bcc075cbe00f108e46,,YES/23-24/1767,2023-09-25,0.000,,,,0.00,,,,,,,,,,,,,,,,true,PORTABLE SCALE 30X34,FALSE,0.00,0.0,3.00,"Make : YESWEIGH Model : YSC
Max : 50kg e:5g Min:100g
Class : III Size : 300x340 mm Display :F & B Green 2pin Adaptor",1188.00,6600.00,YES/23-24/1791,Cochin,0.00,0.00,18.00,0.00,0.00,0.00,1188.00,0.00,0.00,0.00,1188.00,0.00,Correction in invoice,,,"{""SellerGstin"":""32AAFCI1950F1ZZ"",""BuyerGstin"":""03AXOPK8584C1Z9"",""DocNo"":""CN-00092"",""DocTyp"":""CRN"",""DocDt"":""27/09/2023"",""TotInvVal"":51684.0,""ItemCnt"":6,""MainHsnCode"":""84238190"",""Irn"":""96c4f95170ceab43b20469e8d53fb6ec895a369f731622bcc075cbe00f108e46"",""IrnDt"":""2023-09-27 12:39:00""}",eyJhbGciOiJSUzI1NiIsImtpZCI6IkI4RDYzRUNCNThFQTVFNkY0QUFDM0Q1MjQ1NDNCMjI0NjY2OUIwRjgiLCJ4NXQiOiJ1TlkteTFqcVhtOUtyRDFTUlVPeUpHWnBzUGciLCJ0eXAiOiJKV1QifQ.eyJkYXRhIjoie1wiU2VsbGVyR3N0aW5cIjpcIjMyQUFGQ0kxOTUwRjFaWlwiLFwiQnV5ZXJHc3RpblwiOlwiMDNBWE9QSzg1ODRDMVo5XCIsXCJEb2NOb1wiOlwiQ04tMDAwOTJcIixcIkRvY1R5cFwiOlwiQ1JOXCIsXCJEb2NEdFwiOlwiMjcvMDkvMjAyM1wiLFwiVG90SW52VmFsXCI6NTE2ODQuMCxcIkl0ZW1DbnRcIjo2LFwiTWFpbkhzbkNvZGVcIjpcIjg0MjM4MTkwXCIsXCJJcm5cIjpcIjk2YzRmOTUxNzBjZWFiNDNiMjA0NjllOGQ1M2ZiNmVjODk1YTM2OWY3MzE2MjJiY2MwNzVjYmUwMGYxMDhlNDZcIixcIklybkR0XCI6XCIyMDIzLTA5LTI3IDEyOjM5OjAwXCJ9IiwiaXNzIjoiTklDIn0.nUzXeCFSsFswiXTlTappUlJ1WftW6UU0Wf2aicy5j6XtsHwqSfPZeWbGvjZi_rRC7U7jRtnm8rHgjaJu25IOztru3qpRyJDWzB1CqzPdvv7vzm28X_iNP7IAOWi1wSr-yBHZF1MpHZUpJZu-0C99bZTUmVnaUENNJz6NjVpUGKt3TXKJUUvZk-72AtD5xApeVF9HfKVy5cjwvVbQsL5rY0zw3cRMw8IbGLBpQ-g2kqFlj2sY27ar256YZi8UkCueaBKelV384-YFalYkE4aBlFmHWH5HG3HAXirp7E1qtMetvgLMBanOScKA80gl2jFs-m14Ls45LWtFHwUFchgbbQ,152315794491162,2023-09-27 12:39:00,,,,INTERWEIGHING PVT LTD,32AAFCI1950F1ZZ,3PL Warehouse : C/O LOGIWIZ LOGISTICS INDIA PVT LTD,COCHIN,Kerala,India,683503,8803333444,admin@yesweigh.in,Taxable,99381000000006196,IGST18,18.00,ItemAmount,,,,,,0.000,,,03-Punjab,business_gst,03AXOPK8584C1Z9,,,,Biju B,entity_level,PB,43800.00,0.00,Adjustment,Registered,goods,Spreadsheet Template,nos,2200.00,84238190,Sales,,PS3034,,,,,,,,,,,,,,,0.000,Cochin,,
2023-09-27,,99381000008699736,,99381000010955283,CN-00092,Closed,Accounts Receivable,D.M. SALES & SERVICE CORP.,D.M. Sales & Service Corp.,"gali no 10,Block B,Bhai Himmat singh nagar",near Bhagwati bikaner sweets,Ludhiana,Punjab,India,141003,,,D.M. Sales & Service Corp.,"gali no 10,Block B,Bhai Himmat singh nagar",near Bhagwati bikaner sweets,Ludhiana,Punjab,India,,141003,,NO,NO,99381000005600825,INR,1.00,false,51684.00,0.00,0.00,,,,0.00,,,,,,,,,0.00,,99381000000098082,Pushed,96c4f95170ceab43b20469e8d53fb6ec895a369f731622bcc075cbe00f108e46,,YES/23-24/1767,2023-09-25,0.000,,,,0.00,,,,,,,,,,,,,,,,true,PLATFORM SCALE -BENCH (DUAL-AD),FALSE,0.00,0.0,4.00,Make: YESWEIGH Model:YSP-50 Max:50kg e:5g Min:100g Class:III Display : Dual,1512.00,8400.00,YES/23-24/1791,Cochin,0.00,0.00,18.00,0.00,0.00,0.00,1512.00,0.00,0.00,0.00,1512.00,0.00,Correction in invoice,,,"{""SellerGstin"":""32AAFCI1950F1ZZ"",""BuyerGstin"":""03AXOPK8584C1Z9"",""DocNo"":""CN-00092"",""DocTyp"":""CRN"",""DocDt"":""27/09/2023"",""TotInvVal"":51684.0,""ItemCnt"":6,""MainHsnCode"":""84238190"",""Irn"":""96c4f95170ceab43b20469e8d53fb6ec895a369f731622bcc075cbe00f108e46"",""IrnDt"":""2023-09-27 12:39:00""}",eyJhbGciOiJSUzI1NiIsImtpZCI6IkI4RDYzRUNCNThFQTVFNkY0QUFDM0Q1MjQ1NDNCMjI0NjY2OUIwRjgiLCJ4NXQiOiJ1TlkteTFqcVhtOUtyRDFTUlVPeUpHWnBzUGciLCJ0eXAiOiJKV1QifQ.eyJkYXRhIjoie1wiU2VsbGVyR3N0aW5cIjpcIjMyQUFGQ0kxOTUwRjFaWlwiLFwiQnV5ZXJHc3RpblwiOlwiMDNBWE9QSzg1ODRDMVo5XCIsXCJEb2NOb1wiOlwiQ04tMDAwOTJcIixcIkRvY1R5cFwiOlwiQ1JOXCIsXCJEb2NEdFwiOlwiMjcvMDkvMjAyM1wiLFwiVG90SW52VmFsXCI6NTE2ODQuMCxcIkl0ZW1DbnRcIjo2LFwiTWFpbkhzbkNvZGVcIjpcIjg0MjM4MTkwXCIsXCJJcm5cIjpcIjk2YzRmOTUxNzBjZWFiNDNiMjA0NjllOGQ1M2ZiNmVjODk1YTM2OWY3MzE2MjJiY2MwNzVjYmUwMGYxMDhlNDZcIixcIklybkR0XCI6XCIyMDIzLTA5LTI3IDEyOjM5OjAwXCJ9IiwiaXNzIjoiTklDIn0.nUzXeCFSsFswiXTlTappUlJ1WftW6UU0Wf2aicy5j6XtsHwqSfPZeWbGvjZi_rRC7U7jRtnm8rHgjaJu25IOztru3qpRyJDWzB1CqzPdvv7vzm28X_iNP7IAOWi1wSr-yBHZF1MpHZUpJZu-0C99bZTUmVnaUENNJz6NjVpUGKt3TXKJUUvZk-72AtD5xApeVF9HfKVy5cjwvVbQsL5rY0zw3cRMw8IbGLBpQ-g2kqFlj2sY27ar256YZi8UkCueaBKelV384-YFalYkE4aBlFmHWH5HG3HAXirp7E1qtMetvgLMBanOScKA80gl2jFs-m14Ls45LWtFHwUFchgbbQ,152315794491162,2023-09-27 12:39:00,,,,INTERWEIGHING PVT LTD,32AAFCI1950F1ZZ,3PL Warehouse : C/O LOGIWIZ LOGISTICS INDIA PVT LTD,COCHIN,Kerala,India,683503,8803333444,admin@yesweigh.in,Taxable,99381000000006196,IGST18,18.00,ItemAmount,,,,,,0.000,,,03-Punjab,business_gst,03AXOPK8584C1Z9,,,,Biju B,entity_level,PB,43800.00,0.00,Adjustment,Registered,goods,Spreadsheet Template,nos,2100.00,84238290,Sales,,BPC50DAD2,,,,,,,,,,,,,,,0.000,Cochin,,
2023-09-27,,99381000000016031,,99381000010955283,CN-00092,Closed,Accounts Receivable,D.M. SALES & SERVICE CORP.,D.M. Sales & Service Corp.,"gali no 10,Block B,Bhai Himmat singh nagar",near Bhagwati bikaner sweets,Ludhiana,Punjab,India,141003,,,D.M. Sales & Service Corp.,"gali no 10,Block B,Bhai Himmat singh nagar",near Bhagwati bikaner sweets,Ludhiana,Punjab,India,,141003,,NO,NO,99381000005600825,INR,1.00,false,51684.00,0.00,0.00,,,,0.00,,,,,,,,,0.00,,99381000000098082,Pushed,96c4f95170ceab43b20469e8d53fb6ec895a369f731622bcc075cbe00f108e46,,YES/23-24/1767,2023-09-25,0.000,,,,0.00,,,,,,,,,,,,,,,,true,Price Computing scale,FALSE,0.00,0.0,5.00,"Make: YESWEIGH  Model:YSP-20
Max:20kg  e:2g  Min:40g  Class:III",1755.00,9750.00,YES/23-24/1791,Cochin,0.00,0.00,18.00,0.00,0.00,0.00,1755.00,0.00,0.00,0.00,1755.00,0.00,Correction in invoice,,,"{""SellerGstin"":""32AAFCI1950F1ZZ"",""BuyerGstin"":""03AXOPK8584C1Z9"",""DocNo"":""CN-00092"",""DocTyp"":""CRN"",""DocDt"":""27/09/2023"",""TotInvVal"":51684.0,""ItemCnt"":6,""MainHsnCode"":""84238190"",""Irn"":""96c4f95170ceab43b20469e8d53fb6ec895a369f731622bcc075cbe00f108e46"",""IrnDt"":""2023-09-27 12:39:00""}",eyJhbGciOiJSUzI1NiIsImtpZCI6IkI4RDYzRUNCNThFQTVFNkY0QUFDM0Q1MjQ1NDNCMjI0NjY2OUIwRjgiLCJ4NXQiOiJ1TlkteTFqcVhtOUtyRDFTUlVPeUpHWnBzUGciLCJ0eXAiOiJKV1QifQ.eyJkYXRhIjoie1wiU2VsbGVyR3N0aW5cIjpcIjMyQUFGQ0kxOTUwRjFaWlwiLFwiQnV5ZXJHc3RpblwiOlwiMDNBWE9QSzg1ODRDMVo5XCIsXCJEb2NOb1wiOlwiQ04tMDAwOTJcIixcIkRvY1R5cFwiOlwiQ1JOXCIsXCJEb2NEdFwiOlwiMjcvMDkvMjAyM1wiLFwiVG90SW52VmFsXCI6NTE2ODQuMCxcIkl0ZW1DbnRcIjo2LFwiTWFpbkhzbkNvZGVcIjpcIjg0MjM4MTkwXCIsXCJJcm5cIjpcIjk2YzRmOTUxNzBjZWFiNDNiMjA0NjllOGQ1M2ZiNmVjODk1YTM2OWY3MzE2MjJiY2MwNzVjYmUwMGYxMDhlNDZcIixcIklybkR0XCI6XCIyMDIzLTA5LTI3IDEyOjM5OjAwXCJ9IiwiaXNzIjoiTklDIn0.nUzXeCFSsFswiXTlTappUlJ1WftW6UU0Wf2aicy5j6XtsHwqSfPZeWbGvjZi_rRC7U7jRtnm8rHgjaJu25IOztru3qpRyJDWzB1CqzPdvv7vzm28X_iNP7IAOWi1wSr-yBHZF1MpHZUpJZu-0C99bZTUmVnaUENNJz6NjVpUGKt3TXKJUUvZk-72AtD5xApeVF9HfKVy5cjwvVbQsL5rY0zw3cRMw8IbGLBpQ-g2kqFlj2sY27ar256YZi8UkCueaBKelV384-YFalYkE4aBlFmHWH5HG3HAXirp7E1qtMetvgLMBanOScKA80gl2jFs-m14Ls45LWtFHwUFchgbbQ,152315794491162,2023-09-27 12:39:00,,,,INTERWEIGHING PVT LTD,32AAFCI1950F1ZZ,3PL Warehouse : C/O LOGIWIZ LOGISTICS INDIA PVT LTD,COCHIN,Kerala,India,683503,8803333444,admin@yesweigh.in,Taxable,99381000000006196,IGST18,18.00,ItemAmount,,,,,,0.000,,,03-Punjab,business_gst,03AXOPK8584C1Z9,,,,Biju B,entity_level,PB,43800.00,0.00,Adjustment,Registered,goods,Spreadsheet Template,nos,1950.00,84238190,Sales,,ATMPC,,,,,,,,,,,,,,,0.000,Cochin,,5
2023-09-27,,99381000003152296,,99381000010955283,CN-00092,Closed,Accounts Receivable,D.M. SALES & SERVICE CORP.,D.M. Sales & Service Corp.,"gali no 10,Block B,Bhai Himmat singh nagar",near Bhagwati bikaner sweets,Ludhiana,Punjab,India,141003,,,D.M. Sales & Service Corp.,"gali no 10,Block B,Bhai Himmat singh nagar",near Bhagwati bikaner sweets,Ludhiana,Punjab,India,,141003,,NO,NO,99381000005600825,INR,1.00,false,51684.00,0.00,0.00,,,,0.00,,,,,,,,,0.00,,99381000000098082,Pushed,96c4f95170ceab43b20469e8d53fb6ec895a369f731622bcc075cbe00f108e46,,YES/23-24/1767,2023-09-25,0.000,,,,0.00,,,,,,,,,,,,,,,,true,Freight,FALSE,0.00,0.0,1.00,,306.00,1700.00,YES/23-24/1791,Cochin,0.00,0.00,18.00,0.00,0.00,0.00,306.00,0.00,0.00,0.00,306.00,0.00,Correction in invoice,,,"{""SellerGstin"":""32AAFCI1950F1ZZ"",""BuyerGstin"":""03AXOPK8584C1Z9"",""DocNo"":""CN-00092"",""DocTyp"":""CRN"",""DocDt"":""27/09/2023"",""TotInvVal"":51684.0,""ItemCnt"":6,""MainHsnCode"":""84238190"",""Irn"":""96c4f95170ceab43b20469e8d53fb6ec895a369f731622bcc075cbe00f108e46"",""IrnDt"":""2023-09-27 12:39:00""}",eyJhbGciOiJSUzI1NiIsImtpZCI6IkI4RDYzRUNCNThFQTVFNkY0QUFDM0Q1MjQ1NDNCMjI0NjY2OUIwRjgiLCJ4NXQiOiJ1TlkteTFqcVhtOUtyRDFTUlVPeUpHWnBzUGciLCJ0eXAiOiJKV1QifQ.eyJkYXRhIjoie1wiU2VsbGVyR3N0aW5cIjpcIjMyQUFGQ0kxOTUwRjFaWlwiLFwiQnV5ZXJHc3RpblwiOlwiMDNBWE9QSzg1ODRDMVo5XCIsXCJEb2NOb1wiOlwiQ04tMDAwOTJcIixcIkRvY1R5cFwiOlwiQ1JOXCIsXCJEb2NEdFwiOlwiMjcvMDkvMjAyM1wiLFwiVG90SW52VmFsXCI6NTE2ODQuMCxcIkl0ZW1DbnRcIjo2LFwiTWFpbkhzbkNvZGVcIjpcIjg0MjM4MTkwXCIsXCJJcm5cIjpcIjk2YzRmOTUxNzBjZWFiNDNiMjA0NjllOGQ1M2ZiNmVjODk1YTM2OWY3MzE2MjJiY2MwNzVjYmUwMGYxMDhlNDZcIixcIklybkR0XCI6XCIyMDIzLTA5LTI3IDEyOjM5OjAwXCJ9IiwiaXNzIjoiTklDIn0.nUzXeCFSsFswiXTlTappUlJ1WftW6UU0Wf2aicy5j6XtsHwqSfPZeWbGvjZi_rRC7U7jRtnm8rHgjaJu25IOztru3qpRyJDWzB1CqzPdvv7vzm28X_iNP7IAOWi1wSr-yBHZF1MpHZUpJZu-0C99bZTUmVnaUENNJz6NjVpUGKt3TXKJUUvZk-72AtD5xApeVF9HfKVy5cjwvVbQsL5rY0zw3cRMw8IbGLBpQ-g2kqFlj2sY27ar256YZi8UkCueaBKelV384-YFalYkE4aBlFmHWH5HG3HAXirp7E1qtMetvgLMBanOScKA80gl2jFs-m14Ls45LWtFHwUFchgbbQ,152315794491162,2023-09-27 12:39:00,,,,INTERWEIGHING PVT LTD,32AAFCI1950F1ZZ,3PL Warehouse : C/O LOGIWIZ LOGISTICS INDIA PVT LTD,COCHIN,Kerala,India,683503,8803333444,admin@yesweigh.in,Taxable,99381000000006196,IGST18,18.00,ItemAmount,,,,,,0.000,,,03-Punjab,business_gst,03AXOPK8584C1Z9,,,,Biju B,entity_level,PB,43800.00,0.00,Adjustment,Registered,service,Spreadsheet Template,Lumpsum,1700.00,996819,Sales,,FREIGH,,,,,,,,,,,,,,,0.000,,,
2023-10-19,,,,99381000011251179,CN-00093,Closed,Accounts Receivable,DIGITAL SCALE,,"APB/232G
Bridge Bazar",Areekode,Malappuram,Kerala,India,673639,9745204910,,,"APB/232G
Bridge Bazar",Areekode,Malappuram,Kerala,India,9745204910,673639,,NO,NO,99381000000136578,INR,1.00,false,3540.00,0.00,0.00,,,,0.00,,,,,,,,,0.00,,99381000000098082,Pushed,dac8b3c93537257736acd4acb6864199932ecb35b5f4678b55ec48bf8acde1e7,,YES/23-24/2002,2023-10-17,0.000,,,,0.00,,,,,,,,,,,,,,,,true,,FALSE,0.00,0.0,1.00,Price diffrence,540.00,3000.00,YES/23-24/2002,Cochin,9.00,9.00,0.00,0.00,270.00,270.00,0.00,0.00,270.00,270.00,0.00,0.00,Correction in invoice,,,"{""SellerGstin"":""32AAFCI1950F1ZZ"",""BuyerGstin"":""32ADXPU1971G1Z1"",""DocNo"":""CN-00093"",""DocTyp"":""CRN"",""DocDt"":""19/10/2023"",""TotInvVal"":3540.0,""ItemCnt"":1,""MainHsnCode"":""999792"",""Irn"":""dac8b3c93537257736acd4acb6864199932ecb35b5f4678b55ec48bf8acde1e7"",""IrnDt"":""2023-10-19 15:03:00""}",eyJhbGciOiJSUzI1NiIsImtpZCI6IkI4RDYzRUNCNThFQTVFNkY0QUFDM0Q1MjQ1NDNCMjI0NjY2OUIwRjgiLCJ4NXQiOiJ1TlkteTFqcVhtOUtyRDFTUlVPeUpHWnBzUGciLCJ0eXAiOiJKV1QifQ.eyJkYXRhIjoie1wiU2VsbGVyR3N0aW5cIjpcIjMyQUFGQ0kxOTUwRjFaWlwiLFwiQnV5ZXJHc3RpblwiOlwiMzJBRFhQVTE5NzFHMVoxXCIsXCJEb2NOb1wiOlwiQ04tMDAwOTNcIixcIkRvY1R5cFwiOlwiQ1JOXCIsXCJEb2NEdFwiOlwiMTkvMTAvMjAyM1wiLFwiVG90SW52VmFsXCI6MzU0MC4wLFwiSXRlbUNudFwiOjEsXCJNYWluSHNuQ29kZVwiOlwiOTk5NzkyXCIsXCJJcm5cIjpcImRhYzhiM2M5MzUzNzI1NzczNmFjZDRhY2I2ODY0MTk5OTMyZWNiMzViNWY0Njc4YjU1ZWM0OGJmOGFjZGUxZTdcIixcIklybkR0XCI6XCIyMDIzLTEwLTE5IDE1OjAzOjAwXCJ9IiwiaXNzIjoiTklDIn0.U2zbqa7vdoO-oJuHz-77FlWFP0rF7m67s9GXPFHFPAWO8XtFP82GPUcg-h1cI2gLGvvCoJHb_QDlCR7jJSnIxvKqbT7bLmcd_2b3FZDsQWbHXqsM2rCXgO9ftxi4Yk93LvyA_bcHEZ8855jn4B2xGsTm7scpg-k55kKfGffD1-rFaFSbGanY34Ev-hXgsf8JsDQGmFCDeS0M0lmyb8TwMzeZYNeH0NQ4i6ch7sc_mgwm3F8EZ-ZfHeGEO7WUDuGUTol6RL1XQb_sWujc-e5wla8RRbEebZjxsH-FdZmnwhkO5i01WUBfkrCBeAfWJ5PCYaBsd-jtrcFfrCmSphxHPA,152316010105593,2023-10-19 15:03:00,,,,INTERWEIGHING PVT LTD,32AAFCI1950F1ZZ,3PL Warehouse : C/O LOGIWIZ LOGISTICS INDIA PVT LTD,COCHIN,Kerala,India,683503,8803333444,admin@yesweigh.in,Taxable,99381000000006208,GST18,18.00,Tax Group,,,,,,0.000,,,32-Kerala,business_gst,32ADXPU1971G1Z1,,,,Others,entity_level,KL,3000.00,0.00,Adjustment,Registered,service,Spreadsheet Template,,3000.00,999792,Sales,,,,,,,,,,,,,,,,,0.000,,,
2023-10-21,,,,99381000011300359,CN-00095,Closed,Accounts Receivable,ELMASS’ Weighing & Automation Pvt. Ltd,,"Souhruda Lane, Lissie Hospital Road, Ernakulam – 682018",,ERNAKULAM,Kerala,India,682018,7034030141,,,"Souhruda Lane, Lissie Hospital Road, Ernakulam – 682018",,ERNAKULAM,Kerala,India,7034030141,682018,,NO,NO,99381000005074017,INR,1.00,false,15930.00,0.00,0.00,,,,0.00,,,,,,,,,0.00,,99381000000098082,Yet To Be Pushed,,,YES/23-24/2033,2023-10-19,0.000,,,,0.00,,,,,,,,,,,,,,,,true,,FALSE,0.00,0.0,1.00,Discount Allowed,0.00,15930.00,YES/23-24/2033,Cochin,,,,,,,,,,,,,Post Sale Discount,,,,,,,,,,INTERWEIGHING PVT LTD,32AAFCI1950F1ZZ,3PL Warehouse : C/O LOGIWIZ LOGISTICS INDIA PVT LTD,COCHIN,Kerala,India,683503,8803333444,admin@yesweigh.in,Out of Scope,,,,,,,,,,0.000,,,32-Kerala,business_gst,32AAGCE7631N1ZF,,,,Others,entity_level,KL,15930.00,0.00,Adjustment,,service,Spreadsheet Template,,15930.00,999792,Trade Discount,,,,,,,,,,,,,,,,,0.000,,,
2023-10-21,,,,99381000011300373,CN-00096,Closed,Accounts Receivable,ELMASS’ Weighing & Automation Pvt. Ltd,,"Souhruda Lane, Lissie Hospital Road, Ernakulam – 682018",,ERNAKULAM,Kerala,India,682018,7034030141,,,"Souhruda Lane, Lissie Hospital Road, Ernakulam – 682018",,ERNAKULAM,Kerala,India,7034030141,682018,,NO,NO,99381000005074017,INR,1.00,false,39626.00,0.00,0.00,,,,0.00,,,,,,,,,0.00,,99381000000098082,Yet To Be Pushed,,,YES/23-24/2055,2023-10-20,0.000,,,,0.00,,,,,,,,,,,,,,,,true,,FALSE,0.00,0.0,1.00,Discount allowed,0.00,39626.00,YES/23-24/2055,Cochin,,,,,,,,,,,,,Post Sale Discount,,,,,,,,,,INTERWEIGHING PVT LTD,32AAFCI1950F1ZZ,3PL Warehouse : C/O LOGIWIZ LOGISTICS INDIA PVT LTD,COCHIN,Kerala,India,683503,8803333444,admin@yesweigh.in,Out of Scope,,,,,,,,,,0.000,,,32-Kerala,business_gst,32AAGCE7631N1ZF,,,,Others,entity_level,KL,39626.00,0.00,Adjustment,,service,Spreadsheet Template,,39626.00,,Trade Discount,,,,,,,,,,,,,,,,,0.000,,,
2023-10-21,,,,99381000011300752,CN-00097,Closed,Accounts Receivable,PERFECT SCALES-MP,,NEAR BUS STAND,"THRITHALA, KOOTANAD",PALAKKADU,Kerala,India,679533,9895286067,,sabeena scales,chamravattom jn,ponnani,malappuram,Kerala,India,9885286067,679577,,NO,NO,99381000001697017,INR,1.00,false,8889.00,0.00,0.00,,,,0.00,,,,,,,,,0.00,,99381000000098082,Yet To Be Pushed,,,YES/23-24/2050,2023-10-20,0.000,,,,0.00,,,,,,,,,,,,,,,,true,,FALSE,0.00,0.0,1.00,Discount Allowed,0.00,8889.00,YES/23-24/2050,Cochin,,,,,,,,,,,,,Post Sale Discount,,,,,,,,,,INTERWEIGHING PVT LTD,32AAFCI1950F1ZZ,3PL Warehouse : C/O LOGIWIZ LOGISTICS INDIA PVT LTD,COCHIN,Kerala,India,683503,8803333444,admin@yesweigh.in,Out of Scope,,,,,,,,,,0.000,,,32-Kerala,business_none,,,,,Others,entity_level,KL,8889.00,0.00,Adjustment,,service,Spreadsheet Template,,8889.00,,Trade Discount,,,,,,,,,,,,,,,,,0.000,,,
2023-10-19,,,,99381000011300792,CN-00098,Closed,Accounts Receivable,MEEZAN ELECTRONIC SCALES PRIVATE LIMITED,Riyas,"8/308A Meezan Tower
Calicut Road, Manjeri",,Manjeri,Kerala,India,676121,9446157730,,Riyas,"8/308A Meezan Tower 
Calicut Road , Manjeri",,MANJERI,Kerala,India,9446157730,676121,,NO,NO,99381000000112170,INR,1.00,false,28070.00,0.00,0.00,,,,0.00,,,,,,,,,0.00,,99381000000098082,Yet To Be Pushed,,,YES/23-24/2036,2023-10-19,0.000,,,,0.00,,,,,,,,,,,,,,,,true,,FALSE,0.00,0.0,1.00,Discount allowed,0.00,28070.00,YES/23-24/2036,Cochin,,,,,,,,,,,,,Post Sale Discount,,,,,,,,,,INTERWEIGHING PVT LTD,32AAFCI1950F1ZZ,3PL Warehouse : C/O LOGIWIZ LOGISTICS INDIA PVT LTD,COCHIN,Kerala,India,683503,8803333444,admin@yesweigh.in,Out of Scope,,,,,,,,,,0.000,,,32-Kerala,business_gst,32AAECM1277C1ZY,,,,Others,entity_level,KL,28070.00,0.00,Adjustment,,service,Spreadsheet Template,,28070.00,,Trade Discount,,,,,,,,,,,,,,,,,0.000,,,
2023-10-24,,,,99381000011321544,CN-00099,Closed,Accounts Receivable,MEEZAN ELECTRONIC SCALES PRIVATE LIMITED,Riyas,"8/308A Meezan Tower
Calicut Road, Manjeri",,Manjeri,Kerala,India,676121,9446157730,,Riyas,"8/308A Meezan Tower 
Calicut Road , Manjeri",,MANJERI,Kerala,India,9446157730,676121,,NO,NO,99381000000112170,INR,1.00,false,13065.00,0.00,0.00,,,,0.00,,,,,,,,,0.00,,99381000000098082,Yet To Be Pushed,,,YES/23-24/2075,2023-10-21,0.000,,,,0.00,,,,,,,,,,,,,,,,true,,FALSE,0.00,0.0,1.00,Discount Allowed,0.00,13065.00,YES/23-24/2075,Cochin,,,,,,,,,,,,,Post Sale Discount,,,,,,,,,,INTERWEIGHING PVT LTD,32AAFCI1950F1ZZ,3PL Warehouse : C/O LOGIWIZ LOGISTICS INDIA PVT LTD,COCHIN,Kerala,India,683503,8803333444,admin@yesweigh.in,Out of Scope,,,,,,,,,,0.000,,,32-Kerala,business_gst,32AAECM1277C1ZY,,,,Others,entity_level,KL,13065.00,0.00,Adjustment,,service,Spreadsheet Template,,13065.00,,Trade Discount,,,,,,,,,,,,,,,,,0.000,,,
2023-10-21,,,,99381000011321584,CN-00100,Closed,Accounts Receivable,MEEZAN ELECTRONIC SCALES PRIVATE LIMITED,Riyas,"8/308A Meezan Tower
Calicut Road, Manjeri",,Manjeri,Kerala,India,676121,9446157730,,Riyas,"8/308A Meezan Tower 
Calicut Road , Manjeri",,MANJERI,Kerala,India,9446157730,676121,,NO,NO,99381000000112170,INR,1.00,false,3245.00,0.00,0.00,,,,0.00,,,,,,,,,0.00,,99381000000098082,Yet To Be Pushed,,,YES/23-24/2076,2023-10-21,0.000,,,,0.00,,,,,,,,,,,,,,,,true,,FALSE,0.00,0.0,1.00,Discount allowed,0.00,3245.00,YES/23-24/2076,Cochin,,,,,,,,,,,,,Post Sale Discount,,,,,,,,,,INTERWEIGHING PVT LTD,32AAFCI1950F1ZZ,3PL Warehouse : C/O LOGIWIZ LOGISTICS INDIA PVT LTD,COCHIN,Kerala,India,683503,8803333444,admin@yesweigh.in,Out of Scope,,,,,,,,,,0.000,,,32-Kerala,business_gst,32AAECM1277C1ZY,,,,Others,entity_level,KL,3245.00,0.00,Adjustment,,service,Spreadsheet Template,,3245.00,,Trade Discount,,,,,,,,,,,,,,,,,0.000,,,
2023-10-26,,,,99381000011366016,CN-00101,Closed,Accounts Receivable,KRAUS INSTRUMENTS,,"1,11/411/14, ABHCON CROWN,","AMBADY LANE, KOKKALAI","KOKKALAI, THRISSUR",Kerala,India,680001,99617020321,,,"1,11/411/14, ABHCON CROWN,","AMBADY LANE, KOKKALAI","KOKKALAI, THRISSUR",Kerala,India,99617020321,680001,,NO,NO,99381000000309611,INR,1.00,false,58946.00,0.00,0.00,,,,0.00,,,,,,,,,0.00,,99381000000098082,Yet To Be Pushed,,,YES/23-24/2128,2023-10-26,0.000,,,,0.00,,,,,,,,,,,,,,,,true,,FALSE,0.00,0.0,1.00,Discount allowed,0.00,58946.00,YES/23-24/2128,Cochin,,,,,,,,,,,,,Post Sale Discount,,,,,,,,,,INTERWEIGHING PVT LTD,32AAFCI1950F1ZZ,3PL Warehouse : C/O LOGIWIZ LOGISTICS INDIA PVT LTD,COCHIN,Kerala,India,683503,8803333444,admin@yesweigh.in,Out of Scope,,,,,,,,,,0.000,,,32-Kerala,business_gst,32AASFK0676Q1ZM,,,,Others,entity_level,KL,58946.00,0.00,Adjustment,,service,Spreadsheet Template,,58946.00,,Trade Discount,,,,,,,,,,,,,,,,,0.000,,,
2023-10-25,,,,99381000011366056,CN-00102,Closed,Accounts Receivable,TAKYON SYSTEMS,Mr. Vijay Kumar,Pallisserickal,Sasthamcotta,Kollam,Kerala,India,690521,04762830884,,Mr. Vijay Kumar,"Alleppy Parcel Service 
Godown Delivery, Baranikkavu",,Kollam,Kerala,India,04762830884,691010,,NO,NO,99381000000154574,INR,1.00,false,12178.00,0.00,0.00,,,,0.00,,,,,,,,,0.00,,99381000000098082,Yet To Be Pushed,,,YES/23-24/2119,2023-10-25,0.000,,,,0.00,,,,,,,,,,,,,,,,true,,FALSE,0.00,0.0,1.00,Discount Allowed,0.00,12178.00,YES/23-24/2119,Cochin,,,,,,,,,,,,,Post Sale Discount,,,,,,,,,,INTERWEIGHING PVT LTD,32AAFCI1950F1ZZ,3PL Warehouse : C/O LOGIWIZ LOGISTICS INDIA PVT LTD,COCHIN,Kerala,India,683503,8803333444,admin@yesweigh.in,Out of Scope,,,,,,,,,,0.000,,,32-Kerala,business_gst,32AANFT0176D1ZE,,,,Others,entity_level,KL,12178.00,0.00,Adjustment,,service,Spreadsheet Template,,12178.00,,Trade Discount,,,,,,,,,,,,,,,,,0.000,,,
2023-10-25,,,,99381000011366112,CN-00103,Closed,Accounts Receivable,Venkatachalam,Prrestige,"No.590
Opp. B 1-Police Station
Vysial Street",,Coimbatore,Tamil Nadu,India,641001,9843889000,,Prrestige,"No.590
Opp. B 1-Police Station
Vysial Street",,Coimbatore,Tamil Nadu,India,9843889000,641001,,NO,NO,99381000000747828,INR,1.00,false,44444.00,0.00,0.00,,,,0.00,,,,,,,,,0.00,,99381000000098082,Yet To Be Pushed,,,YES/23-24/2118,2023-10-25,0.000,,,,0.00,,,,,,,,,,,,,,,,true,,FALSE,0.00,0.0,1.00,Discount allowed,0.00,44444.00,YES/23-24/2118,Cochin,,,,,,,,,,,,,Post Sale Discount,,,,,,,,,,INTERWEIGHING PVT LTD,32AAFCI1950F1ZZ,3PL Warehouse : C/O LOGIWIZ LOGISTICS INDIA PVT LTD,COCHIN,Kerala,India,683503,8803333444,admin@yesweigh.in,Out of Scope,,,,,,,,,,0.000,,,33-Tamil Nadu,business_gst,33AACPH9039A1Z8,,,,Others,entity_level,TN,44444.00,0.00,Adjustment,,service,Spreadsheet Template,,44444.00,,Trade Discount,,,,,,,,,,,,,,,,,0.000,,,
2023-10-28,,,,99381000011429494,CN-00104,Closed,Accounts Receivable,ACCURATE TRADE LINKS,Harish,Future Centre,Ottukuzhi Road,Trivandrum,Kerala,India,695001,9847141007,,Harish,Future Centre,Ottukuzhi Road,Trivandrum,Kerala,India,9847141007,695001,,NO,NO,99381000000114383,INR,1.00,false,57914.00,0.00,0.00,,,,0.00,,,,,,,,,0.00,,99381000000098082,Yet To Be Pushed,,,YES/23-24/2152,2023-10-28,0.000,,,,0.00,,,,,,,,,,,,,,,,true,,FALSE,0.00,0.0,1.00,Discount allowed,0.00,57914.00,YES/23-24/2152,Cochin,,,,,,,,,,,,,Post Sale Discount,,,,,,,,,,INTERWEIGHING PVT LTD,32AAFCI1950F1ZZ,3PL Warehouse : C/O LOGIWIZ LOGISTICS INDIA PVT LTD,COCHIN,Kerala,India,683503,8803333444,admin@yesweigh.in,Out of Scope,,,,,,,,,,0.000,,,32-Kerala,business_gst,32AHJPK1741Q1Z4,,,,Others,entity_level,KL,57914.00,0.00,Adjustment,,service,Spreadsheet Template,,57914.00,,Trade Discount,,,,,,,,,,,,,,,,,0.000,,,
2023-11-04,,,,99381000011531005,CN-00105,Closed,Accounts Receivable,MEEZAN ELECTRONIC SCALES PRIVATE LIMITED,Riyas,"8/308A Meezan Tower
Calicut Road, Manjeri",,Manjeri,Kerala,India,676121,9446157730,,Riyas,"8/308A Meezan Tower 
Calicut Road , Manjeri",,MANJERI,Kerala,India,9446157730,676121,,NO,NO,99381000000112170,INR,1.00,false,21669.00,0.00,0.00,,,,0.00,,,,,,,,,0.00,,99381000000098082,Yet To Be Pushed,,,YES/23-24/2232,2023-11-04,0.000,,,,0.00,,,,,,,,,,,,,,,,true,,FALSE,0.00,0.0,1.00,Discount Allowed,0.00,21669.00,YES/23-24/2232,Cochin,,,,,,,,,,,,,Post Sale Discount,,,,,,,,,,INTERWEIGHING PVT LTD,32AAFCI1950F1ZZ,3PL Warehouse : C/O LOGIWIZ LOGISTICS INDIA PVT LTD,COCHIN,Kerala,India,683503,8803333444,admin@yesweigh.in,Out of Scope,,,,,,,,,,0.000,,,32-Kerala,business_gst,32AAECM1277C1ZY,,,,Others,entity_level,KL,21669.00,0.00,Adjustment,,service,Spreadsheet Template,,21669.00,,Trade Discount,,,,,,,,,,,,,,,,,0.000,,,
2023-11-08,,,,99381000011578449,CN-00106,Closed,Accounts Receivable,ACCURATE TRADE LINKS,Harish,Future Centre,Ottukuzhi Road,Trivandrum,Kerala,India,695001,9847141007,,Harish,Future Centre,Ottukuzhi Road,Trivandrum,Kerala,India,9847141007,695001,,NO,NO,99381000000114383,INR,1.00,false,42817.00,0.00,0.00,,,,0.00,,,,,,,,,0.00,,99381000000098082,Yet To Be Pushed,,,YES/23-24/2277,2023-11-08,0.000,,,,0.00,,,,,,,,,,,,,,,,true,,FALSE,0.00,0.0,1.00,"Discount allowed
(25612(Arunkumar)",0.00,42817.00,YES/23-24/2277,Cochin,,,,,,,,,,,,,Post Sale Discount,,,,,,,,,,INTERWEIGHING PVT LTD,32AAFCI1950F1ZZ,3PL Warehouse : C/O LOGIWIZ LOGISTICS INDIA PVT LTD,COCHIN,Kerala,India,683503,8803333444,admin@yesweigh.in,Out of Scope,,,,,,,,,,0.000,,,32-Kerala,business_gst,32AHJPK1741Q1Z4,,,,Others,entity_level,KL,42817.00,0.00,Adjustment,,service,Spreadsheet Template,,42817.00,,Trade Discount,,,,,,,,,,,,,,,,,0.000,,,
2023-11-07,,,,99381000011578489,CN-00107,Closed,Accounts Receivable,Dynamic Enterprises,,ROOM NO.19/747,MARKET ROAD. IRINJALAKKUDA PO,THRISSUR,Kerala,India,680121,,,,ROOM NO.19/747,MARKET ROAD. IRINJALAKKUDA PO,THRISSUR,Kerala,India,,680121,,NO,NO,99381000000151001,INR,1.00,false,74501.00,0.00,0.00,,,,0.00,,,,,,,,,0.00,,99381000000098082,Yet To Be Pushed,,,YES/23-24/2263,2023-11-07,0.000,,,,0.00,,,,,,,,,,,,,,,,true,,FALSE,0.00,0.0,1.00,Discount allowed,0.00,74501.00,YES/23-24/2263,Cochin,,,,,,,,,,,,,Post Sale Discount,,,,,,,,,,INTERWEIGHING PVT LTD,32AAFCI1950F1ZZ,3PL Warehouse : C/O LOGIWIZ LOGISTICS INDIA PVT LTD,COCHIN,Kerala,India,683503,8803333444,admin@yesweigh.in,Out of Scope,,,,,,,,,,0.000,,,32-Kerala,business_gst,32ATJPS7075B1ZN,,,,Others,entity_level,KL,74501.00,0.00,Adjustment,,service,Spreadsheet Template,,74501.00,,Trade Discount,,,,,,,,,,,,,,,,,0.000,,,
2023-11-06,,,,99381000011578529,CN-00108,Closed,Accounts Receivable,ALUVA SCALES INC,,XIII/228B,"SCALE TOWER,Desom -Chowara Road, East Desom",Aluva,Kerala,India,683102,9846145868,,,XIII/228B,"SCALE TOWER,Desom -Chowara Road, East Desom",Aluva,Kerala,India,9846145868,683102,,NO,NO,99381000000014794,INR,1.00,false,11111.00,0.00,0.00,,,,0.00,,,,,,,,,0.00,,99381000000098082,Yet To Be Pushed,,,YES/23-24/2253,2023-11-06,0.000,,,,0.00,,,,,,,,,,,,,,,,true,,FALSE,0.00,0.0,1.00,Discount allowed,0.00,11111.00,YES/23-24/2253,Cochin,,,,,,,,,,,,,Post Sale Discount,,,,,,,,,,INTERWEIGHING PVT LTD,32AAFCI1950F1ZZ,3PL Warehouse : C/O LOGIWIZ LOGISTICS INDIA PVT LTD,COCHIN,Kerala,India,683503,8803333444,admin@yesweigh.in,Out of Scope,,,,,,,,,,0.000,,,32-Kerala,business_gst,32AAZFA1454F1ZI,,,,Others,entity_level,KL,11111.00,0.00,Adjustment,,service,Spreadsheet Template,,11111.00,,Trade Discount,,,,,,,,,,,,,,,,,0.000,,,
2023-11-15,,,,99381000011687597,CN-00109,Closed,Accounts Receivable,ACE ELECTRONICS,,"Akai tower ,
Near Tali Temple 
Thali ,Calicut",,Calicut,Kerala,India,673002,,,,"Akai tower ,
Near Tali Temple 
Thali ,Calicut",,Calicut,Kerala,India,,673002,,NO,NO,99381000000084508,INR,1.00,false,72032.00,0.00,0.00,,,,0.00,,,,,,,,,0.00,,99381000000098082,Yet To Be Pushed,,,YES/23-24/2322,2023-11-15,0.000,,,,0.00,,,,,,,,,,,,,,,,true,,FALSE,0.00,0.0,1.00,Discount Allowed,0.00,72032.00,YES/23-24/2322,Cochin,,,,,,,,,,,,,Post Sale Discount,,,,,,,,,,INTERWEIGHING PVT LTD,32AAFCI1950F1ZZ,3PL Warehouse : C/O LOGIWIZ LOGISTICS INDIA PVT LTD,COCHIN,Kerala,India,683503,8803333444,admin@yesweigh.in,Out of Scope,,,,,,,,,,0.000,,,32-Kerala,business_gst,32AAZFA3650P1ZV,,,,Others,entity_level,KL,72032.00,0.00,Adjustment,,service,Spreadsheet Template,,72032.00,,Trade Discount,,,,,,,,,,,,,,,,,0.000,,,
2023-11-18,,,,99381000011689163,CN-00110,Closed,Accounts Receivable,Victory Scales,,"M/s Victory Scales
CSI Ascension Square, Below ICICI Bank",Collectrate P.O,"Kottayam,",Kerala,India,686016,9447165493,,,"Manickathinal Building,",Perumbaikad P.O,"Kottayam,",Kerala,India,9447165493,686016,,NO,NO,99381000000231096,INR,1.00,false,65119.00,0.00,0.00,,,,0.00,,,,,,,,,0.00,,99381000000098082,Yet To Be Pushed,,,YES/23-24/2365,2023-11-18,0.000,,,,0.00,,,,,,,,,,,,,,,,true,,FALSE,0.00,0.0,1.00,Discount allowed,0.00,65119.00,YES/23-24/2365,Cochin,,,,,,,,,,,,,Post Sale Discount,,,,,,,,,,INTERWEIGHING PVT LTD,32AAFCI1950F1ZZ,3PL Warehouse : C/O LOGIWIZ LOGISTICS INDIA PVT LTD,COCHIN,Kerala,India,683503,8803333444,admin@yesweigh.in,Out of Scope,,,,,,,,,,0.000,,,32-Kerala,business_gst,32AAAAV1247P1ZC,,,,Others,entity_level,KL,65119.00,0.00,Adjustment,,service,Spreadsheet Template,,65119.00,,Trade Discount,,,,,,,,,,,,,,,,,0.000,,,
2023-11-23,,,,99381000011812300,CN-00111,Closed,Accounts Receivable,TAKYON SYSTEMS,Mr. Vijay Kumar,Pallisserickal,Sasthamcotta,Kollam,Kerala,India,690521,04762830884,,Mr. Vijay Kumar,"Alleppy Parcel Service 
Godown Delivery, Baranikkavu",,Kollam,Kerala,India,04762830884,691010,,NO,NO,99381000000154574,INR,1.00,false,29500.00,0.00,0.00,,,,0.00,,,,,,,,,0.00,,99381000000098082,Yet To Be Pushed,,,YES/23-24/2420,2023-11-23,0.000,,,,0.00,,,,,,,,,,,,,,,,true,,FALSE,0.00,0.0,1.00,Discount allowed,0.00,29500.00,YES/23-24/2420,Cochin,,,,,,,,,,,,,Post Sale Discount,,,,,,,,,,INTERWEIGHING PVT LTD,32AAFCI1950F1ZZ,3PL Warehouse : C/O LOGIWIZ LOGISTICS INDIA PVT LTD,COCHIN,Kerala,India,683503,8803333444,admin@yesweigh.in,Out of Scope,,,,,,,,,,0.000,,,32-Kerala,business_gst,32AANFT0176D1ZE,,,,Others,entity_level,KL,29500.00,0.00,Adjustment,,service,Spreadsheet Template,,29500.00,,Trade Discount,,,,,,,,,,,,,,,,,0.000,,,
2023-12-02,,,,99381000011909727,CN-00112,Closed,Accounts Receivable,DIGITAL SCALE,,"APB/232G
Bridge Bazar",Areekode,Malappuram,Kerala,India,673639,9745204910,,,"APB/232G
Bridge Bazar",Areekode,Malappuram,Kerala,India,9745204910,673639,,NO,NO,99381000000136578,INR,1.00,false,22222.00,0.00,0.00,,,,0.00,,,,,,,,,0.00,,99381000000098082,Yet To Be Pushed,,,YES/23-24/2489,2023-12-01,0.000,,,,0.00,,,,,,,,,,,,,,,,true,,FALSE,0.00,0.0,1.00,Discount Allowed,0.00,22222.00,YES/23-24/2489,Cochin,,,,,,,,,,,,,Post Sale Discount,,,,,,,,,,INTERWEIGHING PVT LTD,32AAFCI1950F1ZZ,3PL Warehouse : C/O LOGIWIZ LOGISTICS INDIA PVT LTD,COCHIN,Kerala,India,683503,8803333444,admin@yesweigh.in,Out of Scope,,,,,,,,,,0.000,,,32-Kerala,business_gst,32ADXPU1971G1Z1,,,,Others,entity_level,KL,22222.00,0.00,Adjustment,,service,Spreadsheet Template,,22222.00,,Trade Discount,,,,,,,,,,,,,,,,,0.000,,,
2023-12-05,,99381000002008082,,99381000011929300,CN-00113,Closed,Accounts Receivable,ACCURATE TRADE LINKS,Harish,Future Centre,Ottukuzhi Road,Trivandrum,Kerala,India,695001,9847141007,,Harish,Future Centre,Ottukuzhi Road,Trivandrum,Kerala,India,9847141007,695001,,NO,NO,99381000000114383,INR,1.00,false,425.00,0.00,0.00,,,,0.00,,,,,,,,,0.00,Other Charges,99381000003083031,Pushed,c20437d0b6bb4598de8c7285d4e6612b5c893d0679b9c2f1ca48e95e4913552e,,YES/23-24/2317,2023-11-15,0.000,,,,0.00,,,,,,,,,,,,,,,,true,Keypad,FALSE,0.00,0.0,45.00,,64.80,360.00,"YES/23-24/2664,YES/23-24/3411",Head Office,9.00,9.00,0.00,0.00,32.40,32.40,0.00,0.00,32.40,32.40,0.00,0.00,Sales Return,,,"{""SellerGstin"":""32AAFCI1950F1ZZ"",""BuyerGstin"":""32AHJPK1741Q1Z4"",""DocNo"":""CN-00113"",""DocTyp"":""CRN"",""DocDt"":""05/12/2023"",""TotInvVal"":425.0,""ItemCnt"":1,""MainHsnCode"":""84239020"",""Irn"":""c20437d0b6bb4598de8c7285d4e6612b5c893d0679b9c2f1ca48e95e4913552e"",""IrnDt"":""2023-12-05 11:29:00""}",eyJhbGciOiJSUzI1NiIsImtpZCI6IkI4RDYzRUNCNThFQTVFNkY0QUFDM0Q1MjQ1NDNCMjI0NjY2OUIwRjgiLCJ4NXQiOiJ1TlkteTFqcVhtOUtyRDFTUlVPeUpHWnBzUGciLCJ0eXAiOiJKV1QifQ.eyJkYXRhIjoie1wiU2VsbGVyR3N0aW5cIjpcIjMyQUFGQ0kxOTUwRjFaWlwiLFwiQnV5ZXJHc3RpblwiOlwiMzJBSEpQSzE3NDFRMVo0XCIsXCJEb2NOb1wiOlwiQ04tMDAxMTNcIixcIkRvY1R5cFwiOlwiQ1JOXCIsXCJEb2NEdFwiOlwiMDUvMTIvMjAyM1wiLFwiVG90SW52VmFsXCI6NDI1LjAsXCJJdGVtQ250XCI6MSxcIk1haW5Ic25Db2RlXCI6XCI4NDIzOTAyMFwiLFwiSXJuXCI6XCJjMjA0MzdkMGI2YmI0NTk4ZGU4YzcyODVkNGU2NjEyYjVjODkzZDA2NzliOWMyZjFjYTQ4ZTk1ZTQ5MTM1NTJlXCIsXCJJcm5EdFwiOlwiMjAyMy0xMi0wNSAxMToyOTowMFwifSIsImlzcyI6Ik5JQyJ9.CZjfPkbLSHsZEIXrbARJxSkhkiccx9Yyy6yoLkxNR4aH3UkbRzP_-ThQyzCjWwHgBDqdF_k5Q7Ro334bcuVNy9QdfnY_saQI61NttnE_0JXTHyLI2Au2lw1frWS0r9XKnjzrQB3KCs4bp8-LzoM9t_aekefsL-eejPGaUDJM_TgtBE-hrLbMvGur_NCgwLczdBUWXJ495xueptdEsoFA2B-PyUMti__1pfiWe7pUZwkWSRorne8ppfgEByt1bBkefADKX3TixWX85ODuUpTdjxJUFGSFJ5CwnAeR1Efg07WB123nV8T2dSLZl0SjdSVV73xC8cmiuJ5F7AMvW8FkuA,152316432966666,2023-12-05 11:29:00,,,,INTERWEIGHING PVT LTD,32AAFCI1950F1ZZ,"49/470 D1 ,3rd Floor",COCHIN,Kerala,India,683503,8803333444,admin@yesweigh.in,Taxable,99381000000006208,GST18,18.00,Tax Group,,,,,,0.000,,,32-Kerala,business_gst,32AHJPK1741Q1Z4,,,,Others,entity_level,KL,360.00,0.20,Adjustment,,goods,Spreadsheet Template,nos,8.00,84239020,Sales,,KEYPA1,,,,,,,,,,,,,,,0.000,Head Office,,
2023-12-05,,,,99381000011936895,CN-00114,Closed,Accounts Receivable,TAKYON SYSTEMS,Mr. Vijay Kumar,Pallisserickal,Sasthamcotta,Kollam,Kerala,India,690521,04762830884,,Mr. Vijay Kumar,"Alleppy Parcel Service 
Godown Delivery, Baranikkavu",,Kollam,Kerala,India,04762830884,691010,,NO,NO,99381000000154574,INR,1.00,false,13878.00,0.00,0.00,,,,0.00,,,,,,,,,0.00,,99381000000098082,Yet To Be Pushed,,,YES/23-24/2530,2023-12-05,0.000,,,,0.00,,,,,,,,,,,,,,,,true,,FALSE,0.00,0.0,1.00,Discount allowed,0.00,13878.00,YES/23-24/2530,Cochin,,,,,,,,,,,,,Post Sale Discount,,,,,,,,,,INTERWEIGHING PVT LTD,32AAFCI1950F1ZZ,3PL Warehouse : C/O LOGIWIZ LOGISTICS INDIA PVT LTD,COCHIN,Kerala,India,683503,8803333444,admin@yesweigh.in,Out of Scope,,,,,,,,,,0.000,,,32-Kerala,business_gst,32AANFT0176D1ZE,,,,Others,entity_level,KL,13878.00,0.00,Adjustment,,service,Spreadsheet Template,,13878.00,,Trade Discount,,,,,,,,,,,,,,,,,0.000,,,
2023-12-12,,,,99381000012015873,CN-00115,Closed,Accounts Receivable,GOODWILL ENGINEERS CORPORATION,,14/498,"22nd miles,",Manjeri,Kerala,India,676121,9895324056,,,14/498,"22nd miles,",Manjeri,Kerala,India,9895324056,676121,,NO,NO,99381000000385047,INR,1.00,false,11111.00,0.00,0.00,,,,0.00,,,,,,,,,0.00,,99381000000098082,Yet To Be Pushed,,,YES/23-24/2607,2023-12-11,0.000,,,,0.00,,,,,,,,,,,,,,,,true,,FALSE,0.00,0.0,1.00,Discount Allowed,0.00,11111.00,YES/23-24/2607,Cochin,,,,,,,,,,,,,Post Sale Discount,,,,,,,,,,INTERWEIGHING PVT LTD,32AAFCI1950F1ZZ,3PL Warehouse : C/O LOGIWIZ LOGISTICS INDIA PVT LTD,COCHIN,Kerala,India,683503,8803333444,admin@yesweigh.in,Out of Scope,,,,,,,,,,0.000,,,32-Kerala,business_gst,32AAKFG1445M1ZD,,,,Others,entity_level,KL,11111.00,0.00,Adjustment,,service,Spreadsheet Template,,11111.00,,Trade Discount,,,,,,,,,,,,,,,,,0.000,,,
2023-12-19,,99381000002008032,,99381000012147663,CN-00116,Closed,Accounts Receivable,ACCURATE TRADE LINKS,Harish,Future Centre,Ottukuzhi Road,Trivandrum,Kerala,India,695001,9847141007,,Harish,Future Centre,Ottukuzhi Road,Trivandrum,Kerala,India,9847141007,695001,,NO,NO,99381000000114383,INR,1.00,false,1499.00,0.00,0.00,,,,0.00,,,,,,,,,0.00,Other Charges,99381000003083031,Pushed,64a9054da47047be7c57cdb32deb6043dcd482326b99b2618d0b7e79f13eb060,,YES/23-24/2558,2023-12-07,0.000,,,,0.00,,,,,,,,,,,,,,,,true,AC Cord wire CPU Cord(3 yard),FALSE,0.00,0.0,20.00,,223.20,1240.00,YES/23-24/2664,Head Office,9.00,9.00,0.00,0.00,111.60,111.60,0.00,0.00,111.60,111.60,0.00,0.00,Sales Return,,,"{""SellerGstin"":""32AAFCI1950F1ZZ"",""BuyerGstin"":""32AHJPK1741Q1Z4"",""DocNo"":""CN-00116"",""DocTyp"":""CRN"",""DocDt"":""19/12/2023"",""TotInvVal"":1499.0,""ItemCnt"":2,""MainHsnCode"":""84239020"",""Irn"":""64a9054da47047be7c57cdb32deb6043dcd482326b99b2618d0b7e79f13eb060"",""IrnDt"":""2023-12-19 10:45:00""}",eyJhbGciOiJSUzI1NiIsImtpZCI6IkI4RDYzRUNCNThFQTVFNkY0QUFDM0Q1MjQ1NDNCMjI0NjY2OUIwRjgiLCJ4NXQiOiJ1TlkteTFqcVhtOUtyRDFTUlVPeUpHWnBzUGciLCJ0eXAiOiJKV1QifQ.eyJkYXRhIjoie1wiU2VsbGVyR3N0aW5cIjpcIjMyQUFGQ0kxOTUwRjFaWlwiLFwiQnV5ZXJHc3RpblwiOlwiMzJBSEpQSzE3NDFRMVo0XCIsXCJEb2NOb1wiOlwiQ04tMDAxMTZcIixcIkRvY1R5cFwiOlwiQ1JOXCIsXCJEb2NEdFwiOlwiMTkvMTIvMjAyM1wiLFwiVG90SW52VmFsXCI6MTQ5OS4wLFwiSXRlbUNudFwiOjIsXCJNYWluSHNuQ29kZVwiOlwiODQyMzkwMjBcIixcIklyblwiOlwiNjRhOTA1NGRhNDcwNDdiZTdjNTdjZGIzMmRlYjYwNDNkY2Q0ODIzMjZiOTliMjYxOGQwYjdlNzlmMTNlYjA2MFwiLFwiSXJuRHRcIjpcIjIwMjMtMTItMTkgMTA6NDU6MDBcIn0iLCJpc3MiOiJOSUMifQ.k7LpF9O30n7Z_scG_L-Q0k1Gt5yreP0-0ejmcgATTzzD4C1ZzXJb993V8KdPxaqPeeV0rLz_9oTqgTNKL3N1MJdKPB13j6iPMEAGdpM5Pown6IJDXUZv07fFOqjeYg4d3M3jrlRlGaxOYZPJ6w2vpcWS-5AzIP5fPgR4yuhPxwHA8BW2L0WU-IwUcMJBmD98VfUTKgZoaJmHz3HmSM98vemQtELuNzQaQYhpW8J7dBMXn0QPxkBE3x82s6Ix7VT16cPR8bVDn9sK56LqYZJG-zB4vSiNldgn94geGE0ZbpXzKCFlc8XFAmNCJRrrymkxWBUem888ILOBiKrp4ce30w,152316556567361,2023-12-19 10:45:00,,,,INTERWEIGHING PVT LTD,32AAFCI1950F1ZZ,"49/470 D1 ,3rd Floor",COCHIN,Kerala,India,683503,8803333444,admin@yesweigh.in,Taxable,99381000000006208,GST18,18.00,Tax Group,,,,,,0.000,,,32-Kerala,business_gst,32AHJPK1741Q1Z4,,,,Others,entity_level,KL,1270.00,0.40,Adjustment,,goods,Spreadsheet Template,nos,62.00,84239020,Sales,,CW3X3,,,,,,,,,,,,,,,0.000,Head Office,,
2023-12-19,,99381000003152296,,99381000012147663,CN-00116,Closed,Accounts Receivable,ACCURATE TRADE LINKS,Harish,Future Centre,Ottukuzhi Road,Trivandrum,Kerala,India,695001,9847141007,,Harish,Future Centre,Ottukuzhi Road,Trivandrum,Kerala,India,9847141007,695001,,NO,NO,99381000000114383,INR,1.00,false,1499.00,0.00,0.00,,,,0.00,,,,,,,,,0.00,Other Charges,99381000003083031,Pushed,64a9054da47047be7c57cdb32deb6043dcd482326b99b2618d0b7e79f13eb060,,YES/23-24/2558,2023-12-07,0.000,,,,0.00,,,,,,,,,,,,,,,,true,Freight,FALSE,0.00,0.0,1.00,,5.40,30.00,YES/23-24/2664,Head Office,9.00,9.00,0.00,0.00,2.70,2.70,0.00,0.00,2.70,2.70,0.00,0.00,Sales Return,,,"{""SellerGstin"":""32AAFCI1950F1ZZ"",""BuyerGstin"":""32AHJPK1741Q1Z4"",""DocNo"":""CN-00116"",""DocTyp"":""CRN"",""DocDt"":""19/12/2023"",""TotInvVal"":1499.0,""ItemCnt"":2,""MainHsnCode"":""84239020"",""Irn"":""64a9054da47047be7c57cdb32deb6043dcd482326b99b2618d0b7e79f13eb060"",""IrnDt"":""2023-12-19 10:45:00""}",eyJhbGciOiJSUzI1NiIsImtpZCI6IkI4RDYzRUNCNThFQTVFNkY0QUFDM0Q1MjQ1NDNCMjI0NjY2OUIwRjgiLCJ4NXQiOiJ1TlkteTFqcVhtOUtyRDFTUlVPeUpHWnBzUGciLCJ0eXAiOiJKV1QifQ.eyJkYXRhIjoie1wiU2VsbGVyR3N0aW5cIjpcIjMyQUFGQ0kxOTUwRjFaWlwiLFwiQnV5ZXJHc3RpblwiOlwiMzJBSEpQSzE3NDFRMVo0XCIsXCJEb2NOb1wiOlwiQ04tMDAxMTZcIixcIkRvY1R5cFwiOlwiQ1JOXCIsXCJEb2NEdFwiOlwiMTkvMTIvMjAyM1wiLFwiVG90SW52VmFsXCI6MTQ5OS4wLFwiSXRlbUNudFwiOjIsXCJNYWluSHNuQ29kZVwiOlwiODQyMzkwMjBcIixcIklyblwiOlwiNjRhOTA1NGRhNDcwNDdiZTdjNTdjZGIzMmRlYjYwNDNkY2Q0ODIzMjZiOTliMjYxOGQwYjdlNzlmMTNlYjA2MFwiLFwiSXJuRHRcIjpcIjIwMjMtMTItMTkgMTA6NDU6MDBcIn0iLCJpc3MiOiJOSUMifQ.k7LpF9O30n7Z_scG_L-Q0k1Gt5yreP0-0ejmcgATTzzD4C1ZzXJb993V8KdPxaqPeeV0rLz_9oTqgTNKL3N1MJdKPB13j6iPMEAGdpM5Pown6IJDXUZv07fFOqjeYg4d3M3jrlRlGaxOYZPJ6w2vpcWS-5AzIP5fPgR4yuhPxwHA8BW2L0WU-IwUcMJBmD98VfUTKgZoaJmHz3HmSM98vemQtELuNzQaQYhpW8J7dBMXn0QPxkBE3x82s6Ix7VT16cPR8bVDn9sK56LqYZJG-zB4vSiNldgn94geGE0ZbpXzKCFlc8XFAmNCJRrrymkxWBUem888ILOBiKrp4ce30w,152316556567361,2023-12-19 10:45:00,,,,INTERWEIGHING PVT LTD,32AAFCI1950F1ZZ,"49/470 D1 ,3rd Floor",COCHIN,Kerala,India,683503,8803333444,admin@yesweigh.in,Taxable,99381000000006208,GST18,18.00,Tax Group,,,,,,0.000,,,32-Kerala,business_gst,32AHJPK1741Q1Z4,,,,Others,entity_level,KL,1270.00,0.40,Adjustment,,service,Spreadsheet Template,Lumpsum,30.00,996819,Sales,,FREIGH,,,,,,,,,,,,,,,0.000,,,
2023-12-19,,,,99381000012175643,CN-00117,Closed,Accounts Receivable,Modern machines,,Pathirappally P.O.,,Alappuzha,Kerala,India,688521,9349139513,,,Pathirappally P.O.,,Alappuzha,Kerala,India,9349139513,688521,,NO,NO,99381000000036003,INR,1.00,false,11111.00,0.00,0.00,,,,0.00,,,,,,,,,0.00,,99381000000098082,Yet To Be Pushed,,,YES/23-24/2705,2023-12-19,0.000,,,,0.00,,,,,,,,,,,,,,,,true,,FALSE,0.00,0.0,1.00,Discount allowed,0.00,11111.00,YES/23-24/2705,Cochin,,,,,,,,,,,,,Post Sale Discount,,,,,,,,,,INTERWEIGHING PVT LTD,32AAFCI1950F1ZZ,3PL Warehouse : C/O LOGIWIZ LOGISTICS INDIA PVT LTD,COCHIN,Kerala,India,683503,8803333444,admin@yesweigh.in,Out of Scope,,,,,,,,,,0.000,,,32-Kerala,business_gst,32EMRPS6226K1ZF,,,,Others,entity_level,KL,11111.00,0.00,Adjustment,,service,Spreadsheet Template,,11111.00,,Trade Discount,,,,,,,,,,,,,,,,,0.000,,,
2024-01-17,,99381000002008253,,99381000012674028,CN-00118,Closed,Accounts Receivable,Victory Scales,,"M/s Victory Scales
CSI Ascension Square, Below ICICI Bank",Collectrate P.O,"Kottayam,",Kerala,India,686016,9447165493,,,"Manickathinal Building,",Perumbaikad P.O,"Kottayam,",Kerala,India,9447165493,686016,,NO,NO,99381000000231096,INR,1.00,false,12036.00,0.00,0.00,,,,0.00,,,,,,,,,0.00,,99381000003083031,Pushed,c78cc2fe0a1b1f758f7cb340ee44243f940be067d2efb8af2b6d54cd73ed1f10,,YES/23-24/2855,2024-01-02,0.000,,,,0.00,,,,,,,,,,,,,,,,true,ECS5W PRINTER ROLLER WITH HEAD,FALSE,0.00,0.0,3.00,,1836.00,10200.00,YES/23-24/2855,Head Office,9.00,9.00,0.00,0.00,918.00,918.00,0.00,0.00,918.00,918.00,0.00,0.00,Sales Return,,,"{""SellerGstin"":""32AAFCI1950F1ZZ"",""BuyerGstin"":""32AAAAV1247P1ZC"",""DocNo"":""CN-00118"",""DocTyp"":""CRN"",""DocDt"":""17/01/2024"",""TotInvVal"":12036.0,""ItemCnt"":1,""MainHsnCode"":""84239020"",""Irn"":""c78cc2fe0a1b1f758f7cb340ee44243f940be067d2efb8af2b6d54cd73ed1f10"",""IrnDt"":""2024-01-17 11:56:00""}",eyJhbGciOiJSUzI1NiIsImtpZCI6IkI4RDYzRUNCNThFQTVFNkY0QUFDM0Q1MjQ1NDNCMjI0NjY2OUIwRjgiLCJ4NXQiOiJ1TlkteTFqcVhtOUtyRDFTUlVPeUpHWnBzUGciLCJ0eXAiOiJKV1QifQ.eyJkYXRhIjoie1wiU2VsbGVyR3N0aW5cIjpcIjMyQUFGQ0kxOTUwRjFaWlwiLFwiQnV5ZXJHc3RpblwiOlwiMzJBQUFBVjEyNDdQMVpDXCIsXCJEb2NOb1wiOlwiQ04tMDAxMThcIixcIkRvY1R5cFwiOlwiQ1JOXCIsXCJEb2NEdFwiOlwiMTcvMDEvMjAyNFwiLFwiVG90SW52VmFsXCI6MTIwMzYuMCxcIkl0ZW1DbnRcIjoxLFwiTWFpbkhzbkNvZGVcIjpcIjg0MjM5MDIwXCIsXCJJcm5cIjpcImM3OGNjMmZlMGExYjFmNzU4ZjdjYjM0MGVlNDQyNDNmOTQwYmUwNjdkMmVmYjhhZjJiNmQ1NGNkNzNlZDFmMTBcIixcIklybkR0XCI6XCIyMDI0LTAxLTE3IDExOjU2OjAwXCJ9IiwiaXNzIjoiTklDIn0.ii6KI4TOP_LdcplyUQeoUBBtKKLM-16ENAuf8vyTGKM0FQ-MvycVn1BTQVjWSz_INM1QRn4PKEp-X7-RMD1OBwod2Ht_slV9XBPfl8EbQgToeXOg4b-uNw2lBvmH9TsnZXTLEVqZW3aiXn-Un9RsnVUm6qggkly3jqqcko7rmWWp9I-hypSDviAcrJXzNfs1WFJkGRUHDi91cA4O90qMbdA5SnWYCQhdzCNXRcwum31cPm7_GAYjz_RZS0S24KMBh49_N4mJCapf8b85Tzpb_Xn_3jTwsM0oVM49WZBHcw5gK_RqvJn_djhqDKJ9x_vrW9dQ4nt0ITSxv7RYqJb-5w,152416818057987,2024-01-17 11:56:00,,,,INTERWEIGHING PVT LTD,32AAFCI1950F1ZZ,"49/470 D1 ,3rd Floor",COCHIN,Kerala,India,683503,8803333444,admin@yesweigh.in,Taxable,99381000000006208,GST18,18.00,Tax Group,,,,,,0.000,,,32-Kerala,business_gst,32AAAAV1247P1ZC,,,,Others,entity_level,KL,10200.00,0.00,Adjustment,,goods,Spreadsheet Template,nos,3400.00,84239020,Sales,,ECS820,,,,,,,,,,,,,,,0.000,Head Office,,
2024-01-17,,99381000000306148,,99381000012674070,CN-00119,Closed,Accounts Receivable,Victory Scales,,"M/s Victory Scales
CSI Ascension Square, Below ICICI Bank",Collectrate P.O,"Kottayam,",Kerala,India,686016,9447165493,,,"Manickathinal Building,",Perumbaikad P.O,"Kottayam,",Kerala,India,9447165493,686016,,NO,NO,99381000000231096,INR,1.00,false,8850.00,0.00,0.00,,,,0.00,,,,,,,,,0.00,,99381000000098082,Pushed,7018c7d0beb830233a20813a852dfaa8e838a353dce0f7e352233a03eca15f94,,YES/23-24/2863,2024-01-02,0.000,,,,0.00,,,,,,,,,,,,,,,,true,ECS5W SMPS 7V,FALSE,0.00,0.0,10.00,,1350.00,7500.00,,Cochin,9.00,9.00,0.00,0.00,675.00,675.00,0.00,0.00,675.00,675.00,0.00,0.00,Sales Return,,,"{""SellerGstin"":""32AAFCI1950F1ZZ"",""BuyerGstin"":""32AAAAV1247P1ZC"",""DocNo"":""CN-00119"",""DocTyp"":""CRN"",""DocDt"":""17/01/2024"",""TotInvVal"":8850.0,""ItemCnt"":1,""MainHsnCode"":""84239020"",""Irn"":""7018c7d0beb830233a20813a852dfaa8e838a353dce0f7e352233a03eca15f94"",""IrnDt"":""2024-01-17 12:01:00""}",eyJhbGciOiJSUzI1NiIsImtpZCI6IkI4RDYzRUNCNThFQTVFNkY0QUFDM0Q1MjQ1NDNCMjI0NjY2OUIwRjgiLCJ4NXQiOiJ1TlkteTFqcVhtOUtyRDFTUlVPeUpHWnBzUGciLCJ0eXAiOiJKV1QifQ.eyJkYXRhIjoie1wiU2VsbGVyR3N0aW5cIjpcIjMyQUFGQ0kxOTUwRjFaWlwiLFwiQnV5ZXJHc3RpblwiOlwiMzJBQUFBVjEyNDdQMVpDXCIsXCJEb2NOb1wiOlwiQ04tMDAxMTlcIixcIkRvY1R5cFwiOlwiQ1JOXCIsXCJEb2NEdFwiOlwiMTcvMDEvMjAyNFwiLFwiVG90SW52VmFsXCI6ODg1MC4wLFwiSXRlbUNudFwiOjEsXCJNYWluSHNuQ29kZVwiOlwiODQyMzkwMjBcIixcIklyblwiOlwiNzAxOGM3ZDBiZWI4MzAyMzNhMjA4MTNhODUyZGZhYThlODM4YTM1M2RjZTBmN2UzNTIyMzNhMDNlY2ExNWY5NFwiLFwiSXJuRHRcIjpcIjIwMjQtMDEtMTcgMTI6MDE6MDBcIn0iLCJpc3MiOiJOSUMifQ.TZU42Bn0hxSyxYXcyQKSNG8T7Fro4V9TAMB3opjC3aHAgy0c4f9ldRWrCaORv9C755y1lRWJl3UCWhFvVtI_CHndCUPXh6xIoU5RIKGb9qZGF7ezY69wGDzriFwcS3LvRbVrUlzzkHtM2-C2jamwPaFxQKfsp9QnqEzqWCG_IW2r_VrvzL58mXlQd9rgClV58lKsrOpMZJCpb9J3W8lH_wIGegsAivsVvrTwlqV9NXOTc9xVOILDj7iaaZ6CsA68nSm-xQq53N9h0LcWz_9GH1kkREG555aDBbds9f9PHVMBrDPHOmfdgCQP9-Vx5xbTwDeuu3JUscN2OotKpmen4Q,152416818102542,2024-01-17 12:01:00,,,,INTERWEIGHING PVT LTD,32AAFCI1950F1ZZ,3PL Warehouse : C/O LOGIWIZ LOGISTICS INDIA PVT LTD,COCHIN,Kerala,India,683503,8803333444,admin@yesweigh.in,Taxable,99381000000006208,GST18,18.00,Tax Group,,,,,,0.000,,,32-Kerala,business_gst,32AAAAV1247P1ZC,,,,Others,entity_level,KL,7500.00,0.00,Adjustment,,goods,Spreadsheet Template,nos,750.00,84239020,Sales,,ECS817,,,,,,,,,,,,,,,0.000,Cochin,,
2024-02-24,,99381000009540231,,99381000013462478,CN-00120,Closed,Accounts Receivable,SAFE ELECTRONIC,,"Room No.28/548/4, Sha Complex, North Bus stand",,Thrissur,Kerala,India,680020,9747555743,,,"Room No.28/548/4, Sha Complex, North Bus stand",,Thrissur,Kerala,India,9747555743,680020,,NO,NO,99381000007024011,INR,1.00,false,31860.00,0.00,0.00,,,,0.00,,,,,,,,,0.00,,99381000000098082,Pushed,4b5a0b63c6575f24093ddd67ea3a7bc2ac2d6c62787ca690068479dd7883d9e7,,YES/23-24/3491,2024-02-22,0.000,,,,0.00,,,,,,,,,,,,,,,,true,Precision Balance JA603 (600g/0.001g),FALSE,0.00,0.0,1.00,Max : 600g Min : 100mg e: 1mg d : 1mg Class : I Model :YSA,4860.00,27000.00,YES/23-24/3527,Cochin,9.00,9.00,0.00,0.00,2430.00,2430.00,0.00,0.00,2430.00,2430.00,0.00,0.00,Sales Return,,,"{""SellerGstin"":""32AAFCI1950F1ZZ"",""BuyerGstin"":""32AJDPT1863E1ZE"",""DocNo"":""CN-00120"",""DocTyp"":""CRN"",""DocDt"":""24/02/2024"",""TotInvVal"":31860.0,""ItemCnt"":1,""MainHsnCode"":""84238190"",""Irn"":""4b5a0b63c6575f24093ddd67ea3a7bc2ac2d6c62787ca690068479dd7883d9e7"",""IrnDt"":""2024-02-24 13:53:00""}",eyJhbGciOiJSUzI1NiIsImtpZCI6IkI4RDYzRUNCNThFQTVFNkY0QUFDM0Q1MjQ1NDNCMjI0NjY2OUIwRjgiLCJ4NXQiOiJ1TlkteTFqcVhtOUtyRDFTUlVPeUpHWnBzUGciLCJ0eXAiOiJKV1QifQ.eyJkYXRhIjoie1wiU2VsbGVyR3N0aW5cIjpcIjMyQUFGQ0kxOTUwRjFaWlwiLFwiQnV5ZXJHc3RpblwiOlwiMzJBSkRQVDE4NjNFMVpFXCIsXCJEb2NOb1wiOlwiQ04tMDAxMjBcIixcIkRvY1R5cFwiOlwiQ1JOXCIsXCJEb2NEdFwiOlwiMjQvMDIvMjAyNFwiLFwiVG90SW52VmFsXCI6MzE4NjAuMCxcIkl0ZW1DbnRcIjoxLFwiTWFpbkhzbkNvZGVcIjpcIjg0MjM4MTkwXCIsXCJJcm5cIjpcIjRiNWEwYjYzYzY1NzVmMjQwOTNkZGQ2N2VhM2E3YmMyYWMyZDZjNjI3ODdjYTY5MDA2ODQ3OWRkNzg4M2Q5ZTdcIixcIklybkR0XCI6XCIyMDI0LTAyLTI0IDEzOjUzOjAwXCJ9IiwiaXNzIjoiTklDIn0.fez5kCFnbdI3CJ9CnVLu3VVE0hsY2dfjXU1vc_cBJkKYtTOb3GpgDGXzjoZsVHmHJnxxSude8Ry_-fLuVAnw0CSK2yn0igsoVlkgI8c5n2xWuLHqnMfjxNiLov9HY4cbDIHc9v06ove9LLRi_qEI-FMJphTOC3PdQDJF-B09s6va6HPtmxMax4D9dsxjFmNi_yYrtkdclUgWwpwhtHdMyIyN_Or2xOJIVBxZUeyUyeUhIbORujZvt986Gm-JzOjQVuZJdFkkA8cDJwqt_LTDX-4B4KqxYNdL34O4AbnXpscFhvLiIabmi_u-7csOiEJjmmqh8tt3KUFG8vw3fQN7YA,152417185980623,2024-02-24 13:53:00,,,,INTERWEIGHING PVT LTD,32AAFCI1950F1ZZ,3PL Warehouse : C/O LOGIWIZ LOGISTICS INDIA PVT LTD,COCHIN,Kerala,India,683503,8803333444,admin@yesweigh.in,Taxable,99381000000006208,GST18,18.00,Tax Group,,,,,,0.000,,,32-Kerala,business_gst,32AJDPT1863E1ZE,,,,Robin (inside kerala),entity_level,KL,27000.00,0.00,Adjustment,Registered,goods,Spreadsheet Template,nos,27000.00,84238190,Sales,,YSA603JA,,,,,,,,,,,,,,,0.000,Cochin,,
2024-03-05,,,,99381000013731705,CN-00121,Closed,Accounts Receivable,Victory Scales,,"M/s Victory Scales
CSI Ascension Square, Below ICICI Bank",Collectrate P.O,"Kottayam,",Kerala,India,686016,9447165493,,,"Manickathinal Building,",Perumbaikad P.O,"Kottayam,",Kerala,India,9447165493,686016,,NO,NO,99381000000231096,INR,1.00,false,11476.00,0.00,0.00,,,,0.00,,,,,,,,,0.00,,99381000000098082,Yet To Be Pushed,,,YES/23-24/3661,2024-03-05,0.000,,,,0.00,,,,,,,,,,,,,,,,true,,FALSE,0.00,0.0,1.00,Discount Allowed,0.00,11476.00,YES/23-24/3661,Cochin,,,,,,,,,,,,,Post Sale Discount,,,,,,,,,,INTERWEIGHING PVT LTD,32AAFCI1950F1ZZ,3PL Warehouse : C/O LOGIWIZ LOGISTICS INDIA PVT LTD,COCHIN,Kerala,India,683503,8803333444,admin@yesweigh.in,Out of Scope,,,,,,,,,,0.000,,,32-Kerala,business_gst,32AAAAV1247P1ZC,,,,Others,entity_level,KL,11476.00,0.00,Adjustment,,service,Spreadsheet Template,,11476.00,,Trade Discount,,,,,,,,,,,,,,,,,0.000,,,
2024-03-02,,,,99381000013731753,CN-00122,Closed,Accounts Receivable,MEEZAN ELECTRONIC SCALES PRIVATE LIMITED,Riyas,"8/308A Meezan Tower
Calicut Road, Manjeri",,Manjeri,Kerala,India,676121,9446157730,,Riyas,"8/308A Meezan Tower 
Calicut Road , Manjeri",,MANJERI,Kerala,India,9446157730,676121,,NO,NO,99381000000112170,INR,1.00,false,18396.00,0.00,0.00,,,,0.00,,,,,,,,,0.00,,99381000000098082,Yet To Be Pushed,,,YES/23-24/3633,2024-03-02,0.000,,,,0.00,,,,,,,,,,,,,,,,true,,FALSE,0.00,0.0,1.00,Discount Allowed,0.00,18396.00,YES/23-24/3633,Cochin,,,,,,,,,,,,,Others,,,,,,,,,,INTERWEIGHING PVT LTD,32AAFCI1950F1ZZ,3PL Warehouse : C/O LOGIWIZ LOGISTICS INDIA PVT LTD,COCHIN,Kerala,India,683503,8803333444,admin@yesweigh.in,Out of Scope,,,,,,,,,,0.000,,,32-Kerala,business_gst,32AAECM1277C1ZY,,,,Others,entity_level,KL,18396.00,0.00,Adjustment,,service,Spreadsheet Template,,18396.00,,Trade Discount,,,,,,,,,,,,,,,,,0.000,,,
2024-03-04,,,,99381000013731801,CN-00123,Closed,Accounts Receivable,MEEZAN ELECTRONIC SCALES PRIVATE LIMITED,Riyas,"8/308A Meezan Tower
Calicut Road, Manjeri",,Manjeri,Kerala,India,676121,9446157730,,Riyas,"8/308A Meezan Tower 
Calicut Road , Manjeri",,MANJERI,Kerala,India,9446157730,676121,,NO,NO,99381000000112170,INR,1.00,false,9202.00,0.00,0.00,,,,0.00,,,,,,,,,0.00,,99381000000098082,Yet To Be Pushed,,,YES/23-24/3648,2024-03-04,0.000,,,,0.00,,,,,,,,,,,,,,,,true,,FALSE,0.00,0.0,1.00,Discount Allowed,0.00,9202.00,YES/23-24/3648,Cochin,,,,,,,,,,,,,Post Sale Discount,,,,,,,,,,INTERWEIGHING PVT LTD,32AAFCI1950F1ZZ,3PL Warehouse : C/O LOGIWIZ LOGISTICS INDIA PVT LTD,COCHIN,Kerala,India,683503,8803333444,admin@yesweigh.in,Out of Scope,,,,,,,,,,0.000,,,32-Kerala,business_gst,32AAECM1277C1ZY,,,,Others,entity_level,KL,9202.00,0.00,Adjustment,,service,Spreadsheet Template,,9202.00,,Trade Discount,,,,,,,,,,,,,,,,,0.000,,,
2024-03-07,,,,99381000013731849,CN-00124,Closed,Accounts Receivable,MEEZAN ELECTRONIC SCALES PRIVATE LIMITED,Riyas,"8/308A Meezan Tower
Calicut Road, Manjeri",,Manjeri,Kerala,India,676121,9446157730,,Riyas,"8/308A Meezan Tower 
Calicut Road , Manjeri",,MANJERI,Kerala,India,9446157730,676121,,NO,NO,99381000000112170,INR,1.00,false,11476.00,0.00,0.00,,,,0.00,,,,,,,,,0.00,,99381000000098082,Yet To Be Pushed,,,YES/23-24/3662,2024-03-05,0.000,,,,0.00,,,,,,,,,,,,,,,,true,,FALSE,0.00,0.0,1.00,Discount Allowed,0.00,11476.00,YES/23-24/3662,Cochin,,,,,,,,,,,,,Post Sale Discount,,,,,,,,,,INTERWEIGHING PVT LTD,32AAFCI1950F1ZZ,3PL Warehouse : C/O LOGIWIZ LOGISTICS INDIA PVT LTD,COCHIN,Kerala,India,683503,8803333444,admin@yesweigh.in,Out of Scope,,,,,,,,,,0.000,,,32-Kerala,business_gst,32AAECM1277C1ZY,,,,Others,entity_level,KL,11476.00,0.00,Adjustment,,service,Spreadsheet Template,,11476.00,,Trade Discount,,,,,,,,,,,,,,,,,0.000,,,
2024-03-06,,,,99381000013736215,CN-00125,Closed,Accounts Receivable,ACCURATE TRADE LINKS,Harish,Future Centre,Ottukuzhi Road,Trivandrum,Kerala,India,695001,9847141007,,Harish,Future Centre,Ottukuzhi Road,Trivandrum,Kerala,India,9847141007,695001,,NO,NO,99381000000114383,INR,1.00,false,166339.00,0.00,0.00,,,,0.00,,,,,,,,,0.00,,99381000000098082,Yet To Be Pushed,,,YES/23-24/3682,2024-03-06,0.000,,,,0.00,,,,,,,,,,,,,,,,true,,FALSE,0.00,0.0,1.00,Discount Allowed,0.00,166339.00,YES/23-24/3682,Cochin,,,,,,,,,,,,,Post Sale Discount,,,,,,,,,,INTERWEIGHING PVT LTD,32AAFCI1950F1ZZ,3PL Warehouse : C/O LOGIWIZ LOGISTICS INDIA PVT LTD,COCHIN,Kerala,India,683503,8803333444,admin@yesweigh.in,Out of Scope,,,,,,,,,,0.000,,,32-Kerala,business_gst,32AHJPK1741Q1Z4,,,,Others,entity_level,KL,166339.00,0.00,Adjustment,,service,Spreadsheet Template,,166339.00,,Trade Discount,,,,,,,,,,,,,,,,,0.000,,,
2024-03-04,,,,99381000013756309,CN-00126,Closed,Accounts Receivable,ELMASS’ Weighing & Automation Pvt. Ltd,,"Souhruda Lane, Lissie Hospital Road, Ernakulam – 682018",,ERNAKULAM,Kerala,India,682018,7034030141,,,"Souhruda Lane, Lissie Hospital Road, Ernakulam – 682018",,ERNAKULAM,Kerala,India,7034030141,682018,,NO,NO,99381000005074017,INR,1.00,false,41123.00,0.00,0.00,,,,0.00,,,,,,,,,0.00,,99381000000098082,Yet To Be Pushed,,,YES/23-24/3644,2024-03-04,0.000,,,,0.00,,,,,,,,,,,,,,,,true,,FALSE,0.00,0.0,1.00,Discount Allowed,0.00,41123.00,YES/23-24/3644,Cochin,,,,,,,,,,,,,Post Sale Discount,,,,,,,,,,INTERWEIGHING PVT LTD,32AAFCI1950F1ZZ,3PL Warehouse : C/O LOGIWIZ LOGISTICS INDIA PVT LTD,COCHIN,Kerala,India,683503,8803333444,admin@yesweigh.in,Out of Scope,,,,,,,,,,0.000,,,32-Kerala,business_gst,32AAGCE7631N1ZF,,,,Others,entity_level,KL,41123.00,0.00,Adjustment,,service,Spreadsheet Template,,41123.00,,Trade Discount,,,,,,,,,,,,,,,,,0.000,,,
2024-03-04,,,,99381000013756355,CN-00127,Closed,Accounts Receivable,ELMASS’ Weighing & Automation Pvt. Ltd,,"Souhruda Lane, Lissie Hospital Road, Ernakulam – 682018",,ERNAKULAM,Kerala,India,682018,7034030141,,,"Souhruda Lane, Lissie Hospital Road, Ernakulam – 682018",,ERNAKULAM,Kerala,India,7034030141,682018,,NO,NO,99381000005074017,INR,1.00,false,14750.00,0.00,0.00,,,,0.00,,,,,,,,,0.00,,99381000000098082,Yet To Be Pushed,,,YES/23-24/3645,2024-03-04,0.000,,,,0.00,,,,,,,,,,,,,,,,true,,FALSE,0.00,0.0,1.00,Discount Allowed,0.00,14750.00,YES/23-24/3645,Cochin,,,,,,,,,,,,,Post Sale Discount,,,,,,,,,,INTERWEIGHING PVT LTD,32AAFCI1950F1ZZ,3PL Warehouse : C/O LOGIWIZ LOGISTICS INDIA PVT LTD,COCHIN,Kerala,India,683503,8803333444,admin@yesweigh.in,Out of Scope,,,,,,,,,,0.000,,,32-Kerala,business_gst,32AAGCE7631N1ZF,,,,Others,entity_level,KL,14750.00,0.00,Adjustment,,service,Spreadsheet Template,,14750.00,,Trade Discount,,,,,,,,,,,,,,,,,0.000,,,
2024-03-04,,,,99381000013756401,CN-00128,Closed,Accounts Receivable,ELMASS’ Weighing & Automation Pvt. Ltd,,"Souhruda Lane, Lissie Hospital Road, Ernakulam – 682018",,ERNAKULAM,Kerala,India,682018,7034030141,,,"Souhruda Lane, Lissie Hospital Road, Ernakulam – 682018",,ERNAKULAM,Kerala,India,7034030141,682018,,NO,NO,99381000005074017,INR,1.00,false,42488.00,0.00,0.00,,,,0.00,,,,,,,,,0.00,,99381000000098082,Yet To Be Pushed,,,YES/23-24/3646,2024-03-04,0.000,,,,0.00,,,,,,,,,,,,,,,,true,,FALSE,0.00,0.0,1.00,Discount Allowed,0.00,42488.00,YES/23-24/3646,Cochin,,,,,,,,,,,,,Post Sale Discount,,,,,,,,,,INTERWEIGHING PVT LTD,32AAFCI1950F1ZZ,3PL Warehouse : C/O LOGIWIZ LOGISTICS INDIA PVT LTD,COCHIN,Kerala,India,683503,8803333444,admin@yesweigh.in,Out of Scope,,,,,,,,,,0.000,,,32-Kerala,business_gst,32AAGCE7631N1ZF,,,,Others,entity_level,KL,42488.00,0.00,Adjustment,,service,Spreadsheet Template,,42488.00,,Trade Discount,,,,,,,,,,,,,,,,,0.000,,,
2024-03-06,,,,99381000013756549,CN-00129,Closed,Accounts Receivable,TAKYON SYSTEMS,Mr. Vijay Kumar,Pallisserickal,Sasthamcotta,Kollam,Kerala,India,690521,04762830884,,Mr. Vijay Kumar,"Alleppy Parcel Service 
Godown Delivery, Baranikkavu",,Kollam,Kerala,India,04762830884,691010,,NO,NO,99381000000154574,INR,1.00,false,30596.00,0.00,0.00,,,,0.00,,,,,,,,,0.00,,99381000000098082,Yet To Be Pushed,,,YES/23-24/3671,2024-03-06,0.000,,,,0.00,,,,,,,,,,,,,,,,true,,FALSE,0.00,0.0,1.00,Discount Alloed,0.00,30596.00,YES/23-24/3671,Cochin,,,,,,,,,,,,,Post Sale Discount,,,,,,,,,,INTERWEIGHING PVT LTD,32AAFCI1950F1ZZ,3PL Warehouse : C/O LOGIWIZ LOGISTICS INDIA PVT LTD,COCHIN,Kerala,India,683503,8803333444,admin@yesweigh.in,Out of Scope,,,,,,,,,,0.000,,,32-Kerala,business_gst,32AANFT0176D1ZE,,,,Others,entity_level,KL,30596.00,0.00,Adjustment,,service,Spreadsheet Template,,30596.00,,Trade Discount,,,,,,,,,,,,,,,,,0.000,,,
2024-03-06,,,,99381000013756597,CN-00130,Closed,Accounts Receivable,TAKYON SYSTEMS,Mr. Vijay Kumar,Pallisserickal,Sasthamcotta,Kollam,Kerala,India,690521,04762830884,,Mr. Vijay Kumar,"Alleppy Parcel Service 
Godown Delivery, Baranikkavu",,Kollam,Kerala,India,04762830884,691010,,NO,NO,99381000000154574,INR,1.00,false,20397.00,0.00,0.00,,,,0.00,,,,,,,,,0.00,,99381000000098082,Yet To Be Pushed,,,YES/23-24/3672,2024-03-06,0.000,,,,0.00,,,,,,,,,,,,,,,,true,,FALSE,0.00,0.0,1.00,Discount Alloed,0.00,20397.00,YES/23-24/3672,Cochin,,,,,,,,,,,,,Post Sale Discount,,,,,,,,,,INTERWEIGHING PVT LTD,32AAFCI1950F1ZZ,3PL Warehouse : C/O LOGIWIZ LOGISTICS INDIA PVT LTD,COCHIN,Kerala,India,683503,8803333444,admin@yesweigh.in,Out of Scope,,,,,,,,,,0.000,,,32-Kerala,business_gst,32AANFT0176D1ZE,,,,Others,entity_level,KL,20397.00,0.00,Adjustment,,service,Spreadsheet Template,,20397.00,,Trade Discount,,,,,,,,,,,,,,,,,0.000,,,
2024-03-06,,,,99381000013759055,CN-00131,Closed,Accounts Receivable,ACE ELECTRONICS,,"Akai tower ,
Near Tali Temple 
Thali ,Calicut",,Calicut,Kerala,India,673002,,,,"Akai tower ,
Near Tali Temple 
Thali ,Calicut",,Calicut,Kerala,India,,673002,,NO,NO,99381000000084508,INR,1.00,false,118000.00,0.00,0.00,,,,0.00,,,,,,,,,0.00,,99381000000098082,Yet To Be Pushed,,,YES/23-24/3678,2024-03-06,0.000,,,,0.00,,,,,,,,,,,,,,,,true,,FALSE,0.00,0.0,1.00,Discount Allowed,0.00,118000.00,YES/23-24/3678,Cochin,,,,,,,,,,,,,Post Sale Discount,,,,,,,,,,INTERWEIGHING PVT LTD,32AAFCI1950F1ZZ,3PL Warehouse : C/O LOGIWIZ LOGISTICS INDIA PVT LTD,COCHIN,Kerala,India,683503,8803333444,admin@yesweigh.in,Out of Scope,,,,,,,,,,0.000,,,32-Kerala,business_gst,32AAZFA3650P1ZV,,,,Others,entity_level,KL,118000.00,0.00,Adjustment,,service,Spreadsheet Template,,118000.00,,Trade Discount,,,,,,,,,,,,,,,,,0.000,,,
2024-03-09,,,,99381000013793604,CN-00132,Closed,Accounts Receivable,MEEZAN ELECTRONIC SCALES PRIVATE LIMITED,Riyas,"8/308A Meezan Tower
Calicut Road, Manjeri",,Manjeri,Kerala,India,676121,9446157730,,Riyas,"8/308A Meezan Tower 
Calicut Road , Manjeri",,MANJERI,Kerala,India,9446157730,676121,,NO,NO,99381000000112170,INR,1.00,false,35418.00,0.00,0.00,,,,0.00,,,,,,,,,0.00,,99381000000098082,Yet To Be Pushed,,,YES/23-24/3712,2024-03-09,0.000,,,,0.00,,,,,,,,,,,,,,,,true,,FALSE,0.00,0.0,1.00,Discount Allowed,0.00,35418.00,YES/23-24/3712,Cochin,,,,,,,,,,,,,Post Sale Discount,,,,,,,,,,INTERWEIGHING PVT LTD,32AAFCI1950F1ZZ,3PL Warehouse : C/O LOGIWIZ LOGISTICS INDIA PVT LTD,COCHIN,Kerala,India,683503,8803333444,admin@yesweigh.in,Out of Scope,,,,,,,,,,0.000,,,32-Kerala,business_gst,32AAECM1277C1ZY,,,,Others,entity_level,KL,35418.00,0.00,Adjustment,,service,Spreadsheet Template,,35418.00,,Trade Discount,,,,,,,,,,,,,,,,,0.000,,,
2024-03-11,,,,99381000013793652,CN-00133,Closed,Accounts Receivable,TAKYON SYSTEMS,Mr. Vijay Kumar,Pallisserickal,Sasthamcotta,Kollam,Kerala,India,690521,04762830884,,Mr. Vijay Kumar,"Alleppy Parcel Service 
Godown Delivery, Baranikkavu",,Kollam,Kerala,India,04762830884,691010,,NO,NO,99381000000154574,INR,1.00,false,11628.00,0.00,0.00,,,,0.00,,,,,,,,,0.00,,99381000000098082,Yet To Be Pushed,,,YES/23-24/3714,2024-03-09,0.000,,,,0.00,,,,,,,,,,,,,,,,true,,FALSE,0.00,0.0,1.00,Discount Alloed,0.00,11628.00,YES/23-24/3714,Cochin,,,,,,,,,,,,,Post Sale Discount,,,,,,,,,,INTERWEIGHING PVT LTD,32AAFCI1950F1ZZ,3PL Warehouse : C/O LOGIWIZ LOGISTICS INDIA PVT LTD,COCHIN,Kerala,India,683503,8803333444,admin@yesweigh.in,Out of Scope,,,,,,,,,,0.000,,,32-Kerala,business_gst,32AANFT0176D1ZE,,,,Others,entity_level,KL,11628.00,0.00,Adjustment,,service,Spreadsheet Template,,11628.00,,Trade Discount,,,,,,,,,,,,,,,,,0.000,,,
2024-03-11,,,,99381000013793700,CN-00134,Closed,Accounts Receivable,TAKYON SYSTEMS,Mr. Vijay Kumar,Pallisserickal,Sasthamcotta,Kollam,Kerala,India,690521,04762830884,,Mr. Vijay Kumar,"Alleppy Parcel Service 
Godown Delivery, Baranikkavu",,Kollam,Kerala,India,04762830884,691010,,NO,NO,99381000000154574,INR,1.00,false,15576.00,0.00,0.00,,,,0.00,,,,,,,,,0.00,,99381000003083031,Yet To Be Pushed,,,YES/23-24/3716,2024-03-09,0.000,,,,0.00,,,,,,,,,,,,,,,,true,,FALSE,0.00,0.0,1.00,Discount Allowed,0.00,15576.00,YES/23-24/3716,Head Office,,,,,,,,,,,,,Post Sale Discount,,,,,,,,,,INTERWEIGHING PVT LTD,32AAFCI1950F1ZZ,"49/470 D1 ,3rd Floor",COCHIN,Kerala,India,683503,8803333444,admin@yesweigh.in,Out of Scope,,,,,,,,,,0.000,,,32-Kerala,business_gst,32AANFT0176D1ZE,,,,Others,entity_level,KL,15576.00,0.00,Adjustment,,service,Spreadsheet Template,,15576.00,,Trade Discount,,,,,,,,,,,,,,,,,0.000,,,
2024-03-12,,,,99381000013818670,CN-00135,Closed,Accounts Receivable,MEEZAN ELECTRONIC SCALES PRIVATE LIMITED,Riyas,"8/308A Meezan Tower
Calicut Road, Manjeri",,Manjeri,Kerala,India,676121,9446157730,,Riyas,"8/308A Meezan Tower 
Calicut Road , Manjeri",,MANJERI,Kerala,India,9446157730,676121,,NO,NO,99381000000112170,INR,1.00,false,20857.00,0.00,0.00,,,,0.00,,,,,,,,,0.00,,99381000000098082,Yet To Be Pushed,,,YES/23-24/3732,2024-03-11,0.000,,,,0.00,,,,,,,,,,,,,,,,true,,FALSE,0.00,0.0,1.00,Discount Allowed,0.00,20857.00,YES/23-24/3732,Cochin,,,,,,,,,,,,,Post Sale Discount,,,,,,,,,,INTERWEIGHING PVT LTD,32AAFCI1950F1ZZ,3PL Warehouse : C/O LOGIWIZ LOGISTICS INDIA PVT LTD,COCHIN,Kerala,India,683503,8803333444,admin@yesweigh.in,Out of Scope,,,,,,,,,,0.000,,,32-Kerala,business_gst,32AAECM1277C1ZY,,,,Others,entity_level,KL,20857.00,0.00,Adjustment,,service,Spreadsheet Template,,20857.00,,Trade Discount,,,,,,,,,,,,,,,,,0.000,,,
2024-03-11,,,,99381000013818718,CN-00136,Closed,Accounts Receivable,TAKYON SYSTEMS,Mr. Vijay Kumar,Pallisserickal,Sasthamcotta,Kollam,Kerala,India,690521,04762830884,,Mr. Vijay Kumar,"Alleppy Parcel Service 
Godown Delivery, Baranikkavu",,Kollam,Kerala,India,04762830884,691010,,NO,NO,99381000000154574,INR,1.00,false,20164.00,0.00,0.00,,,,0.00,,,,,,,,,0.00,,99381000000098082,Yet To Be Pushed,,,YES/23-24/3737,2024-03-11,0.000,,,,0.00,,,,,,,,,,,,,,,,true,,FALSE,0.00,0.0,1.00,Discount allowed,0.00,20164.00,YES/23-24/3737,Cochin,,,,,,,,,,,,,Post Sale Discount,,,,,,,,,,INTERWEIGHING PVT LTD,32AAFCI1950F1ZZ,3PL Warehouse : C/O LOGIWIZ LOGISTICS INDIA PVT LTD,COCHIN,Kerala,India,683503,8803333444,admin@yesweigh.in,Out of Scope,,,,,,,,,,0.000,,,32-Kerala,business_gst,32AANFT0176D1ZE,,,,Others,entity_level,KL,20164.00,0.00,Adjustment,,service,Spreadsheet Template,,20164.00,,Trade Discount,,,,,,,,,,,,,,,,,0.000,,,
2024-03-12,,,,99381000013822005,CN-00137,Closed,Accounts Receivable,GOODWILL ENGINEERS CORPORATION,,14/498,"22nd miles,",Manjeri,Kerala,India,676121,9895324056,,,14/498,"22nd miles,",Manjeri,Kerala,India,9895324056,676121,,NO,NO,99381000000385047,INR,1.00,false,19672.00,0.00,0.00,,,,0.00,,,,,,,,,0.00,,99381000000098082,Yet To Be Pushed,,,YES/23-24/3729,2024-03-11,0.000,,,,0.00,,,,,,,,,,,,,,,,true,,FALSE,0.00,0.0,1.00,Discount allowed,0.00,19672.00,"YES/23-24/3729,YES/23-24/3730",Cochin,,,,,,,,,,,,,Post Sale Discount,,,,,,,,,,INTERWEIGHING PVT LTD,32AAFCI1950F1ZZ,3PL Warehouse : C/O LOGIWIZ LOGISTICS INDIA PVT LTD,COCHIN,Kerala,India,683503,8803333444,admin@yesweigh.in,Out of Scope,,,,,,,,,,0.000,,,32-Kerala,business_gst,32AAKFG1445M1ZD,,,,Others,entity_level,KL,19672.00,0.00,Adjustment,,service,Spreadsheet Template,,19672.00,,Trade Discount,,,,,,,,,,,,,,,,,0.000,,,
2024-03-12,,,,99381000013866413,CN-00138,Closed,Accounts Receivable,Venkatachalam,Prrestige,"No.590
Opp. B 1-Police Station
Vysial Street",,Coimbatore,Tamil Nadu,India,641001,9843889000,,Prrestige,"No.590
Opp. B 1-Police Station
Vysial Street",,Coimbatore,Tamil Nadu,India,9843889000,641001,,NO,NO,99381000000747828,INR,1.00,false,78689.00,0.00,0.00,,,,0.00,,,,,,,,,0.00,,99381000000098082,Yet To Be Pushed,,,YES/23-24/3745,2024-03-12,0.000,,,,0.00,,,,,,,,,,,,,,,,true,,FALSE,0.00,0.0,1.00,Discount allowed,0.00,78689.00,YES/23-24/3745,Cochin,,,,,,,,,,,,,Post Sale Discount,,,,,,,,,,INTERWEIGHING PVT LTD,32AAFCI1950F1ZZ,3PL Warehouse : C/O LOGIWIZ LOGISTICS INDIA PVT LTD,COCHIN,Kerala,India,683503,8803333444,admin@yesweigh.in,Out of Scope,,,,,,,,,,0.000,,,33-Tamil Nadu,business_gst,33AACPH9039A1Z8,,,,Others,entity_level,TN,78689.00,0.00,Adjustment,,service,Spreadsheet Template,,78689.00,,Trade Discount,,,,,,,,,,,,,,,,,0.000,,,
2024-03-12,,,,99381000013866541,CN-00139,Closed,Accounts Receivable,MEEZAN ELECTRONIC SCALES PRIVATE LIMITED,Riyas,"8/308A Meezan Tower
Calicut Road, Manjeri",,Manjeri,Kerala,India,676121,9446157730,,Riyas,"8/308A Meezan Tower 
Calicut Road , Manjeri",,MANJERI,Kerala,India,9446157730,676121,,NO,NO,99381000000112170,INR,1.00,false,9202.00,0.00,0.00,,,,0.00,,,,,,,,,0.00,,99381000000098082,Yet To Be Pushed,,,YES/23-24/3746,2024-03-12,0.000,,,,0.00,,,,,,,,,,,,,,,,true,,FALSE,0.00,0.0,1.00,Discount Allowed,0.00,9202.00,YES/23-24/3746,Cochin,,,,,,,,,,,,,Post Sale Discount,,,,,,,,,,INTERWEIGHING PVT LTD,32AAFCI1950F1ZZ,3PL Warehouse : C/O LOGIWIZ LOGISTICS INDIA PVT LTD,COCHIN,Kerala,India,683503,8803333444,admin@yesweigh.in,Out of Scope,,,,,,,,,,0.000,,,32-Kerala,business_gst,32AAECM1277C1ZY,,,,Others,entity_level,KL,9202.00,0.00,Adjustment,,service,Spreadsheet Template,,9202.00,,Trade Discount,,,,,,,,,,,,,,,,,0.000,,,
2024-03-14,,,,99381000013908050,CN-00140,Closed,Accounts Receivable,MEEZAN ELECTRONIC SCALES PRIVATE LIMITED,Riyas,"8/308A Meezan Tower
Calicut Road, Manjeri",,Manjeri,Kerala,India,676121,9446157730,,Riyas,"8/308A Meezan Tower 
Calicut Road , Manjeri",,MANJERI,Kerala,India,9446157730,676121,,NO,NO,99381000000112170,INR,1.00,false,11795.00,0.00,0.00,,,,0.00,,,,,,,,,0.00,,99381000000098082,Yet To Be Pushed,,,YES/23-24/3775,2024-03-13,0.000,,,,0.00,,,,,,,,,,,,,,,,true,,FALSE,0.00,0.0,1.00,Discount Allowed,0.00,11795.00,YES/23-24/3775,Cochin,,,,,,,,,,,,,Post Sale Discount,,,,,,,,,,INTERWEIGHING PVT LTD,32AAFCI1950F1ZZ,3PL Warehouse : C/O LOGIWIZ LOGISTICS INDIA PVT LTD,COCHIN,Kerala,India,683503,8803333444,admin@yesweigh.in,Out of Scope,,,,,,,,,,0.000,,,32-Kerala,business_gst,32AAECM1277C1ZY,,,,Others,entity_level,KL,11795.00,0.00,Adjustment,,service,Spreadsheet Template,,11795.00,,Trade Discount,,,,,,,,,,,,,,,,,0.000,,,
2024-03-15,,,,99381000013923257,CN-00141,Closed,Accounts Receivable,MEEZAN ELECTRONIC SCALES PRIVATE LIMITED,Riyas,"8/308A Meezan Tower
Calicut Road, Manjeri",,Manjeri,Kerala,India,676121,9446157730,,Riyas,"8/308A Meezan Tower 
Calicut Road , Manjeri",,MANJERI,Kerala,India,9446157730,676121,,NO,NO,99381000000112170,INR,1.00,false,593.00,0.00,0.00,,,,0.00,,,,,,,,,0.00,,99381000000098082,Yet To Be Pushed,,,YES/23-24/3805,2024-03-15,0.000,,,,0.00,,,,,,,,,,,,,,,,true,,FALSE,0.00,0.0,1.00,Discount Allowed,0.00,593.00,YES/23-24/3805,Cochin,,,,,,,,,,,,,Post Sale Discount,,,,,,,,,,INTERWEIGHING PVT LTD,32AAFCI1950F1ZZ,3PL Warehouse : C/O LOGIWIZ LOGISTICS INDIA PVT LTD,COCHIN,Kerala,India,683503,8803333444,admin@yesweigh.in,Out of Scope,,,,,,,,,,0.000,,,32-Kerala,business_gst,32AAECM1277C1ZY,,,,Others,entity_level,KL,593.00,0.00,Adjustment,,service,Spreadsheet Template,,593.00,,Trade Discount,,,,,,,,,,,,,,,,,0.000,,,
2024-03-15,,,,99381000013923595,CN-00142,Closed,Accounts Receivable,ALUVA SCALES INC,,XIII/228B,"SCALE TOWER,Desom -Chowara Road, East Desom",Aluva,Kerala,India,683102,9846145868,,,XIII/228B,"SCALE TOWER,Desom -Chowara Road, East Desom",Aluva,Kerala,India,9846145868,683102,,NO,NO,99381000000014794,INR,1.00,false,19672.00,0.00,0.00,,,,0.00,,,,,,,,,0.00,,99381000000098082,Yet To Be Pushed,,,YES/23-24/3807,2024-03-15,0.000,,,,0.00,,,,,,,,,,,,,,,,true,,FALSE,0.00,0.0,1.00,Discount allowed,0.00,19672.00,YES/23-24/3807,Cochin,,,,,,,,,,,,,Post Sale Discount,,,,,,,,,,INTERWEIGHING PVT LTD,32AAFCI1950F1ZZ,3PL Warehouse : C/O LOGIWIZ LOGISTICS INDIA PVT LTD,COCHIN,Kerala,India,683503,8803333444,admin@yesweigh.in,Out of Scope,,,,,,,,,,0.000,,,32-Kerala,business_gst,32AAZFA1454F1ZI,,,,Others,entity_level,KL,19672.00,0.00,Adjustment,,service,Spreadsheet Template,,19672.00,,Trade Discount,,,,,,,,,,,,,,,,,0.000,,,
2024-03-16,,,,99381000014008673,CN-00143,Closed,Accounts Receivable,Dynamic Enterprises,,ROOM NO.19/747,MARKET ROAD. IRINJALAKKUDA PO,THRISSUR,Kerala,India,680121,,,,ROOM NO.19/747,MARKET ROAD. IRINJALAKKUDA PO,THRISSUR,Kerala,India,,680121,,NO,NO,99381000000151001,INR,1.00,false,125902.00,0.00,0.00,,,,0.00,,,,,,,,,0.00,,99381000000098082,Yet To Be Pushed,,,YES/23-24/3816,2024-03-16,0.000,,,,0.00,,,,,,,,,,,,,,,,true,,FALSE,0.00,0.0,1.00,Discount allowed,0.00,125902.00,YES/23-24/3816,Cochin,,,,,,,,,,,,,Post Sale Discount,,,,,,,,,,INTERWEIGHING PVT LTD,32AAFCI1950F1ZZ,3PL Warehouse : C/O LOGIWIZ LOGISTICS INDIA PVT LTD,COCHIN,Kerala,India,683503,8803333444,admin@yesweigh.in,Out of Scope,,,,,,,,,,0.000,,,32-Kerala,business_gst,32ATJPS7075B1ZN,,,,Others,entity_level,KL,125902.00,0.00,Adjustment,,service,Spreadsheet Template,,125902.00,,Trade Discount,,,,,,,,,,,,,,,,,0.000,,,
2024-03-18,,,,99381000014008785,CN-00144,Closed,Accounts Receivable,KRAUS INSTRUMENTS,,"1,11/411/14, ABHCON CROWN,","AMBADY LANE, KOKKALAI","KOKKALAI, THRISSUR",Kerala,India,680001,99617020321,,,"1,11/411/14, ABHCON CROWN,","AMBADY LANE, KOKKALAI","KOKKALAI, THRISSUR",Kerala,India,99617020321,680001,,NO,NO,99381000000309611,INR,1.00,false,85629.00,0.00,0.00,,,,0.00,,,,,,,,,0.00,,99381000000098082,Yet To Be Pushed,,,YES/23-24/3833,2024-03-18,0.000,,,,0.00,,,,,,,,,,,,,,,,true,,FALSE,0.00,0.0,1.00,Discount Allowed,0.00,85629.00,YES/23-24/3833,Cochin,,,,,,,,,,,,,Post Sale Discount,,,,,,,,,,INTERWEIGHING PVT LTD,32AAFCI1950F1ZZ,3PL Warehouse : C/O LOGIWIZ LOGISTICS INDIA PVT LTD,COCHIN,Kerala,India,683503,8803333444,admin@yesweigh.in,Out of Scope,,,,,,,,,,0.000,,,32-Kerala,business_gst,32AASFK0676Q1ZM,,,,Others,entity_level,KL,85629.00,0.00,Adjustment,,service,Spreadsheet Template,,85629.00,,Trade Discount,,,,,,,,,,,,,,,,,0.000,,,
2024-03-20,,,,99381000014008833,CN-00145,Closed,Accounts Receivable,KRAUS INSTRUMENTS,,"1,11/411/14, ABHCON CROWN,","AMBADY LANE, KOKKALAI","KOKKALAI, THRISSUR",Kerala,India,680001,99617020321,,,"1,11/411/14, ABHCON CROWN,","AMBADY LANE, KOKKALAI","KOKKALAI, THRISSUR",Kerala,India,99617020321,680001,,NO,NO,99381000000309611,INR,1.00,false,12095.00,0.00,0.00,,,,0.00,,,,,,,,,0.00,,99381000000098082,Yet To Be Pushed,,,YES/23-24/3702,2024-03-08,0.000,,,,0.00,,,,,,,,,,,,,,,,true,,FALSE,0.00,0.0,1.00,Discount Allowed,0.00,12095.00,YES/23-24/3702,Cochin,,,,,,,,,,,,,Post Sale Discount,,,,,,,,,,INTERWEIGHING PVT LTD,32AAFCI1950F1ZZ,3PL Warehouse : C/O LOGIWIZ LOGISTICS INDIA PVT LTD,COCHIN,Kerala,India,683503,8803333444,admin@yesweigh.in,Out of Scope,,,,,,,,,,0.000,,,32-Kerala,business_gst,32AASFK0676Q1ZM,,,,Others,entity_level,KL,12095.00,0.00,Adjustment,,service,Spreadsheet Template,,12095.00,,Trade Discount,,,,,,,,,,,,,,,,,0.000,,,
2024-03-23,,,,99381000014069942,CN-00146,Closed,Accounts Receivable,ACE ELECTRONICS,,"Akai tower ,
Near Tali Temple 
Thali ,Calicut",,Calicut,Kerala,India,673002,,,,"Akai tower ,
Near Tali Temple 
Thali ,Calicut",,Calicut,Kerala,India,,673002,,NO,NO,99381000000084508,INR,1.00,false,3530.00,0.00,0.00,,,,0.00,,,,,,,,,0.00,,99381000000098082,Yet To Be Pushed,,,YES/23-24/3888,2024-03-23,0.000,,,,0.00,,,,,,,,,,,,,,,,true,,FALSE,0.00,0.0,1.00,Discount Allowed,0.00,3530.00,YES/23-24/3888,Cochin,,,,,,,,,,,,,Post Sale Discount,,,,,,,,,,INTERWEIGHING PVT LTD,32AAFCI1950F1ZZ,3PL Warehouse : C/O LOGIWIZ LOGISTICS INDIA PVT LTD,COCHIN,Kerala,India,683503,8803333444,admin@yesweigh.in,Out of Scope,,,,,,,,,,0.000,,,32-Kerala,business_gst,32AAZFA3650P1ZV,,,,Others,entity_level,KL,3530.00,0.00,Adjustment,,service,Spreadsheet Template,,3530.00,,Trade Discount,,,,,,,,,,,,,,,,,0.000,,,
2024-03-26,,,,99381000014095281,CN-00147,Closed,Accounts Receivable,KRAUS INSTRUMENTS,,"1,11/411/14, ABHCON CROWN,","AMBADY LANE, KOKKALAI","KOKKALAI, THRISSUR",Kerala,India,680001,99617020321,,,"1,11/411/14, ABHCON CROWN,","AMBADY LANE, KOKKALAI","KOKKALAI, THRISSUR",Kerala,India,99617020321,680001,,NO,NO,99381000000309611,INR,1.00,false,637.00,0.00,0.00,,,,0.00,,,,,,,,,0.00,,99381000000098082,Yet To Be Pushed,,,YES/23-24/3917,2024-03-26,0.000,,,,0.00,,,,,,,,,,,,,,,,true,,FALSE,0.00,0.0,1.00,Discount Allowed,0.00,637.00,YES/23-24/3917,Cochin,,,,,,,,,,,,,Post Sale Discount,,,,,,,,,,INTERWEIGHING PVT LTD,32AAFCI1950F1ZZ,3PL Warehouse : C/O LOGIWIZ LOGISTICS INDIA PVT LTD,COCHIN,Kerala,India,683503,8803333444,admin@yesweigh.in,Out of Scope,,,,,,,,,,0.000,,,32-Kerala,business_gst,32AASFK0676Q1ZM,,,,Others,entity_level,KL,637.00,0.00,Adjustment,,service,Spreadsheet Template,,637.00,,Trade Discount,,,,,,,,,,,,,,,,,0.000,,,
2024-03-30,,,,99381000014188633,CN-00148,Closed,Accounts Receivable,Victory Scales,,"M/s Victory Scales
CSI Ascension Square, Below ICICI Bank",Collectrate P.O,"Kottayam,",Kerala,India,686016,9447165493,,,"Manickathinal Building,",Perumbaikad P.O,"Kottayam,",Kerala,India,9447165493,686016,,NO,NO,99381000000231096,INR,1.00,false,13500.00,0.00,0.00,,,,0.00,,,,,,,,,0.00,,99381000000098082,Yet To Be Pushed,,,YES/23-24/2366,2023-11-18,0.000,,,,0.00,,,,,,,,,,,,,,,,true,,FALSE,0.00,0.0,1.00,Discount Allowed,0.00,13500.00,YES/23-24/2366,Cochin,,,,,,,,,,,,,Others,,,,,,,,,,INTERWEIGHING PVT LTD,32AAFCI1950F1ZZ,3PL Warehouse : C/O LOGIWIZ LOGISTICS INDIA PVT LTD,COCHIN,Kerala,India,683503,8803333444,admin@yesweigh.in,Out of Scope,,,,,,,,,,0.000,,,32-Kerala,business_gst,32AAAAV1247P1ZC,,,,,entity_level,KL,13500.00,0.00,Adjustment,,service,Spreadsheet Template,,13500.00,,Trade Discount,,,,,,,,,,,,,,,,,0.000,,,
2024-03-30,,,,99381000014188681,CN-00149,Closed,Accounts Receivable,Victory Scales,,"M/s Victory Scales
CSI Ascension Square, Below ICICI Bank",Collectrate P.O,"Kottayam,",Kerala,India,686016,9447165493,,,"Manickathinal Building,",Perumbaikad P.O,"Kottayam,",Kerala,India,9447165493,686016,,NO,NO,99381000000231096,INR,1.00,false,19440.00,0.00,0.00,,,,0.00,,,,,,,,,0.00,,99381000000098082,Yet To Be Pushed,,,YES/23-24/2364,2023-11-18,0.000,,,,0.00,,,,,,,,,,,,,,,,true,,FALSE,0.00,0.0,1.00,Discount Allowed,0.00,19440.00,YES/23-24/2364,Cochin,,,,,,,,,,,,,Others,,,,,,,,,,INTERWEIGHING PVT LTD,32AAFCI1950F1ZZ,3PL Warehouse : C/O LOGIWIZ LOGISTICS INDIA PVT LTD,COCHIN,Kerala,India,683503,8803333444,admin@yesweigh.in,Out of Scope,,,,,,,,,,0.000,,,32-Kerala,business_gst,32AAAAV1247P1ZC,,,,,entity_level,KL,19440.00,0.00,Adjustment,,service,Spreadsheet Template,,19440.00,,Trade Discount,,,,,,,,,,,,,,,,,0.000,,,
2024-03-27,,,,99381000014188729,CN-00150,Closed,Accounts Receivable,Victory Scales,,"M/s Victory Scales
CSI Ascension Square, Below ICICI Bank",Collectrate P.O,"Kottayam,",Kerala,India,686016,9447165493,,,"Manickathinal Building,",Perumbaikad P.O,"Kottayam,",Kerala,India,9447165493,686016,,NO,NO,99381000000231096,INR,1.00,false,64874.00,0.00,0.00,,,,0.00,,,,,,,,,0.00,,99381000000098082,Yet To Be Pushed,,,YES/23-24/3931,2024-03-27,0.000,,,,0.00,,,,,,,,,,,,,,,,true,,FALSE,0.00,0.0,1.00,Discount Allowed,0.00,64874.00,YES/23-24/3931,Cochin,,,,,,,,,,,,,Others,,,,,,,,,,INTERWEIGHING PVT LTD,32AAFCI1950F1ZZ,3PL Warehouse : C/O LOGIWIZ LOGISTICS INDIA PVT LTD,COCHIN,Kerala,India,683503,8803333444,admin@yesweigh.in,Out of Scope,,,,,,,,,,0.000,,,32-Kerala,business_gst,32AAAAV1247P1ZC,,,,,entity_level,KL,64874.00,0.00,Adjustment,,service,Spreadsheet Template,,64874.00,,Trade Discount,,,,,,,,,,,,,,,,,0.000,,,
2024-03-28,,,,99381000014194293,CN-00151,Closed,Accounts Receivable,Modern machines,,Pathirappally P.O.,,Alappuzha,Kerala,India,688521,9349139513,,,Pathirappally P.O.,,Alappuzha,Kerala,India,9349139513,688521,,NO,NO,99381000000036003,INR,1.00,false,19672.00,0.00,0.00,,,,0.00,,,,,,,,,0.00,,99381000000098082,Yet To Be Pushed,,,YES/23-24/3953,2024-03-28,0.000,,,,0.00,,,,,,,,,,,,,,,,true,,FALSE,0.00,0.0,1.00,Discount allowed,0.00,19672.00,YES/23-24/3953,Cochin,,,,,,,,,,,,,Post Sale Discount,,,,,,,,,,INTERWEIGHING PVT LTD,32AAFCI1950F1ZZ,3PL Warehouse : C/O LOGIWIZ LOGISTICS INDIA PVT LTD,COCHIN,Kerala,India,683503,8803333444,admin@yesweigh.in,Out of Scope,,,,,,,,,,0.000,,,32-Kerala,business_gst,32EMRPS6226K1ZF,,,,,entity_level,KL,19672.00,0.00,Adjustment,,service,Spreadsheet Template,,19672.00,,Trade Discount,,,,,,,,,,,,,,,,,0.000,,,
2024-06-13,,,,99381000015507290,CN-00152,Closed,Accounts Receivable,MEEZAN ELECTRONIC SCALES PRIVATE LIMITED,Riyas,"8/308A Meezan Tower
Calicut Road, Manjeri",,Manjeri,Kerala,India,676121,9446157730,,Riyas,"8/308A Meezan Tower 
Calicut Road , Manjeri",,MANJERI,Kerala,India,9446157730,676121,,NO,NO,99381000000112170,INR,1.00,false,1888.00,0.00,0.00,,,,0.00,,,,,,,,,0.00,,99381000003083031,Pushed,ae762f597f482099e1c5e9879de394d1ffd862f882b0878489cd4b6f72b8ecf2,,YES/24-25/0697,2024-06-10,0.000,,,,0.00,,,,,,,,,,,,,,,,true,,FALSE,0.00,0.0,1.00,Price Difference,288.00,1600.00,YES/24-25/0805,Head Office,9.00,9.00,0.00,0.00,144.00,144.00,0.00,0.00,144.00,144.00,0.00,0.00,Others,,,"{""SellerGstin"":""32AAFCI1950F1ZZ"",""BuyerGstin"":""32AAECM1277C1ZY"",""DocNo"":""CN-00152"",""DocTyp"":""CRN"",""DocDt"":""13/06/2024"",""TotInvVal"":1888.0,""ItemCnt"":1,""MainHsnCode"":""999792"",""Irn"":""ae762f597f482099e1c5e9879de394d1ffd862f882b0878489cd4b6f72b8ecf2"",""IrnDt"":""2024-06-13 12:53:00""}",eyJhbGciOiJSUzI1NiIsImtpZCI6IkI4RDYzRUNCNThFQTVFNkY0QUFDM0Q1MjQ1NDNCMjI0NjY2OUIwRjgiLCJ4NXQiOiJ1TlkteTFqcVhtOUtyRDFTUlVPeUpHWnBzUGciLCJ0eXAiOiJKV1QifQ.eyJkYXRhIjoie1wiU2VsbGVyR3N0aW5cIjpcIjMyQUFGQ0kxOTUwRjFaWlwiLFwiQnV5ZXJHc3RpblwiOlwiMzJBQUVDTTEyNzdDMVpZXCIsXCJEb2NOb1wiOlwiQ04tMDAxNTJcIixcIkRvY1R5cFwiOlwiQ1JOXCIsXCJEb2NEdFwiOlwiMTMvMDYvMjAyNFwiLFwiVG90SW52VmFsXCI6MTg4OC4wLFwiSXRlbUNudFwiOjEsXCJNYWluSHNuQ29kZVwiOlwiOTk5NzkyXCIsXCJJcm5cIjpcImFlNzYyZjU5N2Y0ODIwOTllMWM1ZTk4NzlkZTM5NGQxZmZkODYyZjg4MmIwODc4NDg5Y2Q0YjZmNzJiOGVjZjJcIixcIklybkR0XCI6XCIyMDI0LTA2LTEzIDEyOjUzOjAwXCJ9IiwiaXNzIjoiTklDIn0.GefkGYq6GU6dpnrdJ6bMxS53qRwW7qcUDBQnT_rEYPD_-l25BMNd-uDag7v1x3n-7374y-lPjWpJ1PCgbPi65EqXRia2xy_kgaQU7esNW8MJC12EvqMx8OYnjEWK1fM88XdFqjMhgBoo4DWr3tYfSVRRjFP-cy-cEFlD9EsZGsjjmhePzSW2acqH_Fw6UwQzxClb955TYFX9rPFJqKPwrEurKmln4Px_YLTa-1IP4LWW07UExPh0B3Qk8NbUhjOHRj1-edaffybmFnqDsOxq-TNYIV7haAeVtemVLGszjYEGNPlZyaPGrF4DAuecF9PBg1o_AjW6SA2S_e6u_IclYQ,152418284062005,2024-06-13 12:53:00,,,,INTERWEIGHING PVT LTD,32AAFCI1950F1ZZ,"49/470 D1 ,3rd Floor",COCHIN,Kerala,India,683503,8803333444,admin@yesweigh.in,Taxable,99381000000006208,GST18,18.00,Tax Group,,,,,,0.000,,,32-Kerala,business_gst,32AAECM1277C1ZY,,,,Others,entity_level,KL,1600.00,0.00,Adjustment,Registered,service,Spreadsheet Template,,1600.00,999792,Sales,,,,,,,,,,,,,,,,,0.000,,,
2024-06-13,,99381000002536240,,99381000015507328,CN-00153,Closed,Accounts Receivable,CENTRAL TRADERS,,"Court Road
Tirur",,Malappuram,Kerala,India,676101,9605841000,,,"Court Road
Tirur",,Malappuram,Kerala,India,9605841000,676101,,NO,NO,99381000001392083,INR,1.00,false,17110.00,0.00,0.00,,,,0.00,,,,,,,,,0.00,,99381000000098082,Pushed,7763760bd0c440a7c47971f6b980d184332b5c1b45161fc98c4ea5d8a9bb116d,,YES/24-25/0680,2024-06-07,0.000,,,,0.00,,,,,,,,,,,,,,,,true,Label Printing Scale Q9LBL,FALSE,0.00,0.0,1.00,Make:YESWEIGH  Model:YS-30   Max:30kg  e:5g  Min:100g  Class:III,2610.00,14500.00,YES/24-25/0737,Cochin,9.00,9.00,0.00,0.00,1305.00,1305.00,0.00,0.00,1305.00,1305.00,0.00,0.00,Sales Return,,,"{""SellerGstin"":""32AAFCI1950F1ZZ"",""BuyerGstin"":""32AFKPA2174A1Z9"",""DocNo"":""CN-00153"",""DocTyp"":""CRN"",""DocDt"":""13/06/2024"",""TotInvVal"":17110.0,""ItemCnt"":1,""MainHsnCode"":""84231000"",""Irn"":""7763760bd0c440a7c47971f6b980d184332b5c1b45161fc98c4ea5d8a9bb116d"",""IrnDt"":""2024-06-13 12:57:00""}",eyJhbGciOiJSUzI1NiIsImtpZCI6IkI4RDYzRUNCNThFQTVFNkY0QUFDM0Q1MjQ1NDNCMjI0NjY2OUIwRjgiLCJ4NXQiOiJ1TlkteTFqcVhtOUtyRDFTUlVPeUpHWnBzUGciLCJ0eXAiOiJKV1QifQ.eyJkYXRhIjoie1wiU2VsbGVyR3N0aW5cIjpcIjMyQUFGQ0kxOTUwRjFaWlwiLFwiQnV5ZXJHc3RpblwiOlwiMzJBRktQQTIxNzRBMVo5XCIsXCJEb2NOb1wiOlwiQ04tMDAxNTNcIixcIkRvY1R5cFwiOlwiQ1JOXCIsXCJEb2NEdFwiOlwiMTMvMDYvMjAyNFwiLFwiVG90SW52VmFsXCI6MTcxMTAuMCxcIkl0ZW1DbnRcIjoxLFwiTWFpbkhzbkNvZGVcIjpcIjg0MjMxMDAwXCIsXCJJcm5cIjpcIjc3NjM3NjBiZDBjNDQwYTdjNDc5NzFmNmI5ODBkMTg0MzMyYjVjMWI0NTE2MWZjOThjNGVhNWQ4YTliYjExNmRcIixcIklybkR0XCI6XCIyMDI0LTA2LTEzIDEyOjU3OjAwXCJ9IiwiaXNzIjoiTklDIn0.JYO4kl6BrwoAz2zHMtoYauK1JQmA0L8SIkkITwWKmfPnXO-G7MmO-Y2Xy3erKINCfHF6fcnx8TB05nPQ9qt_xR-DWfhup0VZIW_o25MxVY29vomxC2Qnnpodb2fpSDO_TJdyHPFbleLV5YpeOLmQJ4DKQ-SddA7EQXhweHsda9Pjz0zgLiQdT3lx9pj6VPU14z9PUIKHwgveIgyosI36Q-XTxKD0JMsFwuTyrVQJDz2MOINbbK8GNGTTcbxQOK5P9AaSYkb-OmSy6saqy574ahWIH0OrBffQ6KeYU0yrLRg8r9WFKPHjHQpCb829gDZJ86xk7IRAwoo_x6Jmc3uw9Q,152418284132146,2024-06-13 12:57:00,,,,INTERWEIGHING PVT LTD,32AAFCI1950F1ZZ,3PL Warehouse : C/O LOGIWIZ LOGISTICS INDIA PVT LTD,COCHIN,Kerala,India,683503,8803333444,admin@yesweigh.in,Taxable,99381000000006208,GST18,18.00,Tax Group,,,,,,0.000,,,32-Kerala,business_gst,32AFKPA2174A1Z9,,,,Binsha (Inside Kerala),entity_level,KL,14500.00,0.00,Adjustment,Registered,goods,Spreadsheet Template,nos,14500.00,84231000,Sales,,Q9LBL,,,,,,,,,,,,,,,0.000,Cochin,,1
2024-07-27,,,,99381000016369565,CN-00154,Closed,Accounts Receivable,PERFECT SCALES,,NEAR GOV .HSS.,"PERINTHALMANNA ROAD
MELEPATTAMBI",PALAKKAD,Kerala,India,679303,9895286067,,,"SABEENA SCALES
CHAMRAVATTOM JN",PONNANI,MALAPPURAM,Kerala,India,9895286067,679577,,NO,NO,99381000013051253,INR,1.00,false,15738.00,0.00,0.00,,,,0.00,,,,,,,,,0.00,,99381000000098082,Yet To Be Pushed,,,YES/24-25/1229,2024-07-26,0.000,,,,0.00,,,,,,,,,,,,,,,,true,,FALSE,0.00,0.0,1.00,Discount allowed,0.00,15738.00,YES/24-25/1229,Cochin,,,,,,,,,,,,,Post Sale Discount,,,,,,,,,,INTERWEIGHING PVT LTD,32AAFCI1950F1ZZ,3PL Warehouse : C/O LOGIWIZ LOGISTICS INDIA PVT LTD,COCHIN,Kerala,India,683503,8803333444,admin@yesweigh.in,Out of Scope,,,,,,,,,,0.000,,,32-Kerala,business_none,,,,,Others,entity_level,KL,15738.00,0.00,Adjustment,,service,Spreadsheet Template,,15738.00,,Trade Discount,,,,,,,,,,,,,,,,,0.000,,,
2024-08-06,,99381000005611792,,99381000016525628,CN-00155,Closed,Accounts Receivable,TRANSWORLD SCALES SERVICES,,Transworld Scales Services,Beach Road,Kollam,Kerala,India,691001,9446332381,,,Transworld Scales Services,Beach Road,Kollam,Kerala,India,9446332381,691001,,NO,NO,99381000000102001,INR,1.00,false,23718.00,0.00,0.00,,,,0.00,,,,,,,,,0.00,,99381000000098082,Pushed,4921ecb7333ac730e869c28c92cf988f24078d40177a4c961ff8b67d8376943f,,YES/24-25/1284,2024-07-31,0.000,,,,0.00,,,,,,,,,,,,,,,,true,Platform Weighing Scale-Normal Indicator,FALSE,0.00,0.0,3.00,"Make:YESWEIGH Model : YSP PC
Max : 100kg  e: 10g Min :200gm
Class: III",3618.00,20100.00,"YES/24-25/1345,YES/24-25/1329",Cochin,9.00,9.00,0.00,0.00,1809.00,1809.00,0.00,0.00,1809.00,1809.00,0.00,0.00,Sales Return,,,"{""SellerGstin"":""32AAFCI1950F1ZZ"",""BuyerGstin"":""32AWCPS0193C1ZX"",""DocNo"":""CN-00155"",""DocTyp"":""CRN"",""DocDt"":""06/08/2024"",""TotInvVal"":23718.0,""ItemCnt"":1,""MainHsnCode"":""84238290"",""Irn"":""4921ecb7333ac730e869c28c92cf988f24078d40177a4c961ff8b67d8376943f"",""IrnDt"":""2024-08-06 13:51:00""}",eyJhbGciOiJSUzI1NiIsImtpZCI6IkI4RDYzRUNCNThFQTVFNkY0QUFDM0Q1MjQ1NDNCMjI0NjY2OUIwRjgiLCJ4NXQiOiJ1TlkteTFqcVhtOUtyRDFTUlVPeUpHWnBzUGciLCJ0eXAiOiJKV1QifQ.eyJkYXRhIjoie1wiU2VsbGVyR3N0aW5cIjpcIjMyQUFGQ0kxOTUwRjFaWlwiLFwiQnV5ZXJHc3RpblwiOlwiMzJBV0NQUzAxOTNDMVpYXCIsXCJEb2NOb1wiOlwiQ04tMDAxNTVcIixcIkRvY1R5cFwiOlwiQ1JOXCIsXCJEb2NEdFwiOlwiMDYvMDgvMjAyNFwiLFwiVG90SW52VmFsXCI6MjM3MTguMCxcIkl0ZW1DbnRcIjoxLFwiTWFpbkhzbkNvZGVcIjpcIjg0MjM4MjkwXCIsXCJJcm5cIjpcIjQ5MjFlY2I3MzMzYWM3MzBlODY5YzI4YzkyY2Y5ODhmMjQwNzhkNDAxNzdhNGM5NjFmZjhiNjdkODM3Njk0M2ZcIixcIklybkR0XCI6XCIyMDI0LTA4LTA2IDEzOjUxOjAwXCJ9IiwiaXNzIjoiTklDIn0.wudoebORXC2SCsRb0y7682hovHN1nwSDnJYjMgS9j4JJ2woVxWidViNaMrYe1zzbJTjvc1bSWkls69y93Z3VAaOLCEeJMT07yc4NDJn3NH8apbB_B_o5IE97yX_uLp3PQQhjxpBDOE5iT7tT3fC_KLBD9hn8alyIah6RQy2abCMCm8DKGE11V9e3bHxRrqIs0ka6h4FzlgL74p0CO3HHrqKTCu_4je1GTcWs9zd3cMDNEV0xJf9hJnzOFQJnaY2nBRy7h_7-xhurFjM8gKnzLaBLT3074Ks33JJDbl_j8YzrkpdJZ6F57XaxrdxxRgCeVXNY1Ow6gqyhNzgM3k8pFA,152418834554390,2024-08-06 13:51:00,,,,INTERWEIGHING PVT LTD,32AAFCI1950F1ZZ,3PL Warehouse : C/O LOGIWIZ LOGISTICS INDIA PVT LTD,COCHIN,Kerala,India,683503,8803333444,admin@yesweigh.in,Taxable,99381000000006208,GST18,18.00,Tax Group,,,,,,0.000,,,32-Kerala,business_gst,32AWCPS0193C1ZX,,,,Biju B,entity_level,KL,20100.00,0.00,Adjustment,Registered,goods,Spreadsheet Template,nos,6700.00,84238290,Sales,,PF4050SS,,,,,,,,,,,,,,,0.000,Cochin,,1
2024-08-21,,99381000002536240,,99381000016785007,CN-00156,Closed,Accounts Receivable,ELMASS’ Weighing & Automation Pvt. Ltd,,"Souhruda Lane, Lissie Hospital Road, Ernakulam – 682018",,ERNAKULAM,Kerala,India,682018,7034030141,,,"Souhruda Lane, Lissie Hospital Road, Ernakulam – 682018",,ERNAKULAM,Kerala,India,7034030141,682018,,NO,NO,99381000005074017,INR,1.00,false,29500.00,0.00,0.00,,,,0.00,,,,,,,,,0.00,,99381000000098082,Pushed,bb4d4fc8df3ef60684f346162bcb5490953cb8abefce5487c9f8fa39e879eb78,,YES/24-25/1430,2024-08-17,0.000,,,,0.00,,,,,,,,,,,,,,,,true,Label Printing Scale Q9LBL,FALSE,0.00,0.0,2.00,Make:YESWEIGH  Model:YS-30   Max:30kg  e:5g  Min:100g  Class:III,4500.00,25000.00,YES/24-25/1454,Cochin,9.00,9.00,0.00,0.00,2250.00,2250.00,0.00,0.00,2250.00,2250.00,0.00,0.00,Sales Return,,,"{""SellerGstin"":""32AAFCI1950F1ZZ"",""BuyerGstin"":""32AAGCE7631N1ZF"",""DocNo"":""CN-00156"",""DocTyp"":""CRN"",""DocDt"":""21/08/2024"",""TotInvVal"":29500.0,""ItemCnt"":1,""MainHsnCode"":""84231000"",""Irn"":""bb4d4fc8df3ef60684f346162bcb5490953cb8abefce5487c9f8fa39e879eb78"",""IrnDt"":""2024-08-21 14:19:00""}",eyJhbGciOiJSUzI1NiIsImtpZCI6IkI4RDYzRUNCNThFQTVFNkY0QUFDM0Q1MjQ1NDNCMjI0NjY2OUIwRjgiLCJ4NXQiOiJ1TlkteTFqcVhtOUtyRDFTUlVPeUpHWnBzUGciLCJ0eXAiOiJKV1QifQ.eyJkYXRhIjoie1wiU2VsbGVyR3N0aW5cIjpcIjMyQUFGQ0kxOTUwRjFaWlwiLFwiQnV5ZXJHc3RpblwiOlwiMzJBQUdDRTc2MzFOMVpGXCIsXCJEb2NOb1wiOlwiQ04tMDAxNTZcIixcIkRvY1R5cFwiOlwiQ1JOXCIsXCJEb2NEdFwiOlwiMjEvMDgvMjAyNFwiLFwiVG90SW52VmFsXCI6Mjk1MDAuMCxcIkl0ZW1DbnRcIjoxLFwiTWFpbkhzbkNvZGVcIjpcIjg0MjMxMDAwXCIsXCJJcm5cIjpcImJiNGQ0ZmM4ZGYzZWY2MDY4NGYzNDYxNjJiY2I1NDkwOTUzY2I4YWJlZmNlNTQ4N2M5ZjhmYTM5ZTg3OWViNzhcIixcIklybkR0XCI6XCIyMDI0LTA4LTIxIDE0OjE5OjAwXCJ9IiwiaXNzIjoiTklDIn0.tavFl3VOrN9546Q43r38QQZRWaM0b5EtQrCLAUWTgdhJYq1P4DbMdmTAnforPKLvwKWqoakC2AJvm7WU3bUuGv4VYGYXULKOGj3tOzL7fAyVDEDiKr0gPBBZIKbyaHpNrY9omh83oHU9qzzcCHUwU4kw6uv9jxjhueU9hZdYheGk08WltpzNOCnVdurk8Xvyx6UmtqTadwkflGQR6nZdXwIwAMJzRNYoymnMNah4ji3P2rE-btwG7BUmgDs8om1CI5qnZjseIHNPf4Au1xJfeoHvQneu4ZqveL7KC1iAufvMp5Htg3J_oaJGrObpPNcYkfwnOh3Z3f2CJ3gg-pjGcA,152418979812681,2024-08-21 14:19:00,,,,INTERWEIGHING PVT LTD,32AAFCI1950F1ZZ,3PL Warehouse : C/O LOGIWIZ LOGISTICS INDIA PVT LTD,COCHIN,Kerala,India,683503,8803333444,admin@yesweigh.in,Taxable,99381000000006208,GST18,18.00,Tax Group,,,,,,0.000,,,32-Kerala,business_gst,32AAGCE7631N1ZF,,,,Others,entity_level,KL,25000.00,0.00,Adjustment,Registered,goods,Spreadsheet Template,nos,12500.00,84231000,Sales,,Q9LBL,,,,,,,,,,,,,,,0.000,Cochin,,1
2024-09-04,,99381000009552716,,99381000017010043,CN-00157,Closed,Accounts Receivable,Sanoft Technologies Pvt Ltd,,"2nd floor, KKM City Center
Vazhakkad Rd. Jn.
Areekode, Malappuram 673639",,Malappuram,Kerala,India,673639,,,,"2nd floor, KKM City Center
Vazhakkad Rd. Jn.
Areekode",,Malappuram,Kerala,India,9746393923,673639,,NO,NO,99381000009860101,INR,1.00,false,25370.00,0.00,0.00,,,,0.00,,,,,,,,,0.00,,99381000000098082,Pushed,271b2ef3339813b202cbf4d17a85520eb5b42f6f9dc06f8d085dc12c83168e86,,YES/24-25/0635,2024-06-01,0.000,,,,0.00,,,,,,,,,,,,,,,,true,"SCANGLE - POS TERMINAL SGT-668A 15.6""",FALSE,0.00,0.0,1.00,"SKU: 664A, RK3566/2GB/16GB DDR3, 15.6''  FRONT DISPLAY HD, CAPACITIVE TP, ANDROID 11 GOOGLE PLAY WIFI/BT, ALUMINIUM FOLDABLE BODY
",3870.00,21500.00,,Cochin,9.00,9.00,0.00,0.00,1935.00,1935.00,0.00,0.00,1935.00,1935.00,0.00,0.00,Sales Return,,,"{""SellerGstin"":""32AAFCI1950F1ZZ"",""BuyerGstin"":""32ABFCS0413E1Z1"",""DocNo"":""CN-00157"",""DocTyp"":""CRN"",""DocDt"":""04/09/2024"",""TotInvVal"":25370.0,""ItemCnt"":1,""MainHsnCode"":""84714190"",""Irn"":""271b2ef3339813b202cbf4d17a85520eb5b42f6f9dc06f8d085dc12c83168e86"",""IrnDt"":""2024-09-04 09:24:00""}",eyJhbGciOiJSUzI1NiIsImtpZCI6IkI4RDYzRUNCNThFQTVFNkY0QUFDM0Q1MjQ1NDNCMjI0NjY2OUIwRjgiLCJ4NXQiOiJ1TlkteTFqcVhtOUtyRDFTUlVPeUpHWnBzUGciLCJ0eXAiOiJKV1QifQ.eyJkYXRhIjoie1wiU2VsbGVyR3N0aW5cIjpcIjMyQUFGQ0kxOTUwRjFaWlwiLFwiQnV5ZXJHc3RpblwiOlwiMzJBQkZDUzA0MTNFMVoxXCIsXCJEb2NOb1wiOlwiQ04tMDAxNTdcIixcIkRvY1R5cFwiOlwiQ1JOXCIsXCJEb2NEdFwiOlwiMDQvMDkvMjAyNFwiLFwiVG90SW52VmFsXCI6MjUzNzAuMCxcIkl0ZW1DbnRcIjoxLFwiTWFpbkhzbkNvZGVcIjpcIjg0NzE0MTkwXCIsXCJJcm5cIjpcIjI3MWIyZWYzMzM5ODEzYjIwMmNiZjRkMTdhODU1MjBlYjViNDJmNmY5ZGMwNmY4ZDA4NWRjMTJjODMxNjhlODZcIixcIklybkR0XCI6XCIyMDI0LTA5LTA0IDA5OjI0OjAwXCJ9IiwiaXNzIjoiTklDIn0.I_uq1syTxZ9ho1rUaOqUZZqWuoOuwAc4mu-DTe24In3xoAXR-Clq6wL_s6Mo4xz5WwJ9XBJ-fGGIxlnWIKgqIqvXmDvJ2riEziHYeLabvyIm_WwxFI4tb8ewOSGAkQ1g38_Ar7PGeDvPlpBcsdBet99QwxMjLsjxDe_W6n7-SfK5M4yUZSLWhFrwYm-KXf81Qsy1xGm42E8HZzdv50EZnyVfdiYbORf__Ht-YbeW_UA-E-k7mKuJy56fjHXoIPHAVUHtpiIB8atihl3GKck6ZjTYWauW4Dk1zQr75z9kQHR7ge0FKSMh2zw0b8x82SgdkhU08L1IG8KjS4GruG9B1A,152419123683085,2024-09-04 09:24:00,,,,INTERWEIGHING PVT LTD,32AAFCI1950F1ZZ,3PL Warehouse : C/O LOGIWIZ LOGISTICS INDIA PVT LTD,COCHIN,Kerala,India,683503,8803333444,admin@yesweigh.in,Taxable,99381000000006208,GST18,18.00,Tax Group,,,,,,0.000,,,32-Kerala,business_gst,32ABFCS0413E1Z1,,,,Biju B,entity_level,KL,21500.00,0.00,Adjustment,Registered,goods,Spreadsheet Template,nos,21500.00,84714190,Sales,,668A156,,,,,,,,,,,,,,,0.000,Cochin,,
2024-09-04,,99381000008699736,,99381000017014779,CN-00158,Closed,Accounts Receivable,M/S RAMNATH,,RAMNTH,Kanhangad,Kasaragod,Kerala,India,671315,9895446379,,,RAMNTH,Kanhangad,Kasaragod,Kerala,India,9895446379,671315,,NO,NO,99381000011318204,INR,1.00,false,9086.00,0.00,0.00,,,,0.00,,,,,,,,,0.00,,99381000000098082,Pushed,0e99b1029e45183c87381e98c7331dfcdb22364c701f2464636531e1754b05e9,,YES/23-24/2126,2023-10-26,0.000,,,,0.00,,,,,,,,,,,,,,,,true,PLATFORM SCALE -BENCH (DUAL-AD),FALSE,0.00,0.0,2.00,Make: YESWEIGH Model:YSP-50 Max:50kg e:5g Min:100g Class:III Display : Dual,756.00,4200.00,YES/24-25/1579,Cochin,9.00,9.00,0.00,0.00,378.00,378.00,0.00,0.00,378.00,378.00,0.00,0.00,Sales Return,,,"{""SellerGstin"":""32AAFCI1950F1ZZ"",""BuyerGstin"":""32AJLPL8052F1Z9"",""DocNo"":""CN-00158"",""DocTyp"":""CRN"",""DocDt"":""04/09/2024"",""TotInvVal"":9086.0,""ItemCnt"":2,""MainHsnCode"":""84238290"",""Irn"":""0e99b1029e45183c87381e98c7331dfcdb22364c701f2464636531e1754b05e9"",""IrnDt"":""2024-09-04 12:15:00""}",eyJhbGciOiJSUzI1NiIsImtpZCI6IkI4RDYzRUNCNThFQTVFNkY0QUFDM0Q1MjQ1NDNCMjI0NjY2OUIwRjgiLCJ4NXQiOiJ1TlkteTFqcVhtOUtyRDFTUlVPeUpHWnBzUGciLCJ0eXAiOiJKV1QifQ.eyJkYXRhIjoie1wiU2VsbGVyR3N0aW5cIjpcIjMyQUFGQ0kxOTUwRjFaWlwiLFwiQnV5ZXJHc3RpblwiOlwiMzJBSkxQTDgwNTJGMVo5XCIsXCJEb2NOb1wiOlwiQ04tMDAxNThcIixcIkRvY1R5cFwiOlwiQ1JOXCIsXCJEb2NEdFwiOlwiMDQvMDkvMjAyNFwiLFwiVG90SW52VmFsXCI6OTA4Ni4wLFwiSXRlbUNudFwiOjIsXCJNYWluSHNuQ29kZVwiOlwiODQyMzgyOTBcIixcIklyblwiOlwiMGU5OWIxMDI5ZTQ1MTgzYzg3MzgxZTk4YzczMzFkZmNkYjIyMzY0YzcwMWYyNDY0NjM2NTMxZTE3NTRiMDVlOVwiLFwiSXJuRHRcIjpcIjIwMjQtMDktMDQgMTI6MTU6MDBcIn0iLCJpc3MiOiJOSUMifQ.GN-oSwnHyqQ8WIcwCgx3y-LLS5tshva4lWiFYApNKDkv-LcWgeVMspJt_rL6wkGwi8RaUy8V3RcDU-0lroLowIrh48gfLByIktZy2IGgghAuvp4bWh0guMAhnZEPWB0cgSjj7LW5tNhRylV7xo2KLm5vDt-I-WAcw5bJcM-5mW6l3R8nSe-HWSV8o6Jzvp7sRKElgDJLDyLn3MRLOo9BwLwet9msDfpc4CdsiE4weQx6pjK1Zq9FrsZx9E7MtFnuRjy4bc4Mk3OFf1HaPjXz7pklbOUKIfTOgO6O0NUqfCmjZTnlXB-PPAt1dEdbRBQSbE2vEgWFxqor5G-R0Y3OQA,152419126228250,2024-09-04 12:15:00,,,,INTERWEIGHING PVT LTD,32AAFCI1950F1ZZ,3PL Warehouse : C/O LOGIWIZ LOGISTICS INDIA PVT LTD,COCHIN,Kerala,India,683503,8803333444,admin@yesweigh.in,Taxable,99381000000006208,GST18,18.00,Tax Group,,,,,,0.000,,,32-Kerala,business_gst,32AJLPL8052F1Z9,,,,Others,entity_level,KL,7700.00,0.00,Adjustment,Registered,goods,Spreadsheet Template,nos,2100.00,84238290,Sales,,BPC50DAD2,,,,,,,,,,,,,,,0.000,Cochin,,
2024-09-04,,99381000008699757,,99381000017014779,CN-00158,Closed,Accounts Receivable,M/S RAMNATH,,RAMNTH,Kanhangad,Kasaragod,Kerala,India,671315,9895446379,,,RAMNTH,Kanhangad,Kasaragod,Kerala,India,9895446379,671315,,NO,NO,99381000011318204,INR,1.00,false,9086.00,0.00,0.00,,,,0.00,,,,,,,,,0.00,,99381000000098082,Pushed,0e99b1029e45183c87381e98c7331dfcdb22364c701f2464636531e1754b05e9,,YES/23-24/2126,2023-10-26,0.000,,,,0.00,,,,,,,,,,,,,,,,true,PRICE COMPUTING SCALE (DUAL-AD),FALSE,0.00,0.0,2.00,"Max: 30kg  Min : 100g e : 5g Class III
Display : Dual",630.00,3500.00,YES/24-25/1579,Cochin,9.00,9.00,0.00,0.00,315.00,315.00,0.00,0.00,315.00,315.00,0.00,0.00,Sales Return,,,"{""SellerGstin"":""32AAFCI1950F1ZZ"",""BuyerGstin"":""32AJLPL8052F1Z9"",""DocNo"":""CN-00158"",""DocTyp"":""CRN"",""DocDt"":""04/09/2024"",""TotInvVal"":9086.0,""ItemCnt"":2,""MainHsnCode"":""84238290"",""Irn"":""0e99b1029e45183c87381e98c7331dfcdb22364c701f2464636531e1754b05e9"",""IrnDt"":""2024-09-04 12:15:00""}",eyJhbGciOiJSUzI1NiIsImtpZCI6IkI4RDYzRUNCNThFQTVFNkY0QUFDM0Q1MjQ1NDNCMjI0NjY2OUIwRjgiLCJ4NXQiOiJ1TlkteTFqcVhtOUtyRDFTUlVPeUpHWnBzUGciLCJ0eXAiOiJKV1QifQ.eyJkYXRhIjoie1wiU2VsbGVyR3N0aW5cIjpcIjMyQUFGQ0kxOTUwRjFaWlwiLFwiQnV5ZXJHc3RpblwiOlwiMzJBSkxQTDgwNTJGMVo5XCIsXCJEb2NOb1wiOlwiQ04tMDAxNThcIixcIkRvY1R5cFwiOlwiQ1JOXCIsXCJEb2NEdFwiOlwiMDQvMDkvMjAyNFwiLFwiVG90SW52VmFsXCI6OTA4Ni4wLFwiSXRlbUNudFwiOjIsXCJNYWluSHNuQ29kZVwiOlwiODQyMzgyOTBcIixcIklyblwiOlwiMGU5OWIxMDI5ZTQ1MTgzYzg3MzgxZTk4YzczMzFkZmNkYjIyMzY0YzcwMWYyNDY0NjM2NTMxZTE3NTRiMDVlOVwiLFwiSXJuRHRcIjpcIjIwMjQtMDktMDQgMTI6MTU6MDBcIn0iLCJpc3MiOiJOSUMifQ.GN-oSwnHyqQ8WIcwCgx3y-LLS5tshva4lWiFYApNKDkv-LcWgeVMspJt_rL6wkGwi8RaUy8V3RcDU-0lroLowIrh48gfLByIktZy2IGgghAuvp4bWh0guMAhnZEPWB0cgSjj7LW5tNhRylV7xo2KLm5vDt-I-WAcw5bJcM-5mW6l3R8nSe-HWSV8o6Jzvp7sRKElgDJLDyLn3MRLOo9BwLwet9msDfpc4CdsiE4weQx6pjK1Zq9FrsZx9E7MtFnuRjy4bc4Mk3OFf1HaPjXz7pklbOUKIfTOgO6O0NUqfCmjZTnlXB-PPAt1dEdbRBQSbE2vEgWFxqor5G-R0Y3OQA,152419126228250,2024-09-04 12:15:00,,,,INTERWEIGHING PVT LTD,32AAFCI1950F1ZZ,3PL Warehouse : C/O LOGIWIZ LOGISTICS INDIA PVT LTD,COCHIN,Kerala,India,683503,8803333444,admin@yesweigh.in,Taxable,99381000000006208,GST18,18.00,Tax Group,,,,,,0.000,,,32-Kerala,business_gst,32AJLPL8052F1Z9,,,,Others,entity_level,KL,7700.00,0.00,Adjustment,Registered,goods,Spreadsheet Template,nos,1750.00,84238190,Sales,,ATM30DAD1,,,,,,,,,,,,,,,0.000,Cochin,,
2024-09-26,,99381000014429046,,99381000017517692,CN-00159,Closed,Accounts Receivable,ELMASS’ Weighing & Automation Pvt. Ltd,,"Souhruda Lane, Lissie Hospital Road, Ernakulam – 682018",,ERNAKULAM,Kerala,India,682018,7034030141,,,"Souhruda Lane, Lissie Hospital Road, Ernakulam – 682018",,ERNAKULAM,Kerala,India,7034030141,682018,,NO,NO,99381000005074017,INR,1.00,false,6490.00,0.00,0.00,,,,0.00,,,,,,,,,0.00,,99381000000098082,Pushed,60ed156c06c76f7b5c93d791ccd50dad1a283a677015822ac42b854167e87e9d,,YES/24-25/1753,2024-09-25,0.000,,,,0.00,,,,,,,,,,,,,,,,true,Platform Weighing Scale 400x500 FSS,FALSE,0.00,0.0,1.00,"Make : YESWEIGH Model:YSP
Max:300 kg e: 50gm Min:1kg Class III",990.00,5500.00,YES/24-25/1759,Cochin,9.00,9.00,0.00,0.00,495.00,495.00,0.00,0.00,495.00,495.00,0.00,0.00,Sales Return,,,"{""SellerGstin"":""32AAFCI1950F1ZZ"",""BuyerGstin"":""32AAGCE7631N1ZF"",""DocNo"":""CN-00159"",""DocTyp"":""CRN"",""DocDt"":""26/09/2024"",""TotInvVal"":6490.0,""ItemCnt"":1,""MainHsnCode"":""84238290"",""Irn"":""60ed156c06c76f7b5c93d791ccd50dad1a283a677015822ac42b854167e87e9d"",""IrnDt"":""2024-09-26 12:30:00""}",eyJhbGciOiJSUzI1NiIsImtpZCI6IjRERTE1NDRBRTY5NUJEQzg0RUM3QkMxMkYyRjU3RjgxM0Y0NEUzMDEiLCJ4NXQiOiJUZUZVU3VhVnZjaE94N3dTOHZWX2dUOUU0d0UiLCJ0eXAiOiJKV1QifQ.eyJkYXRhIjoie1wiU2VsbGVyR3N0aW5cIjpcIjMyQUFGQ0kxOTUwRjFaWlwiLFwiQnV5ZXJHc3RpblwiOlwiMzJBQUdDRTc2MzFOMVpGXCIsXCJEb2NOb1wiOlwiQ04tMDAxNTlcIixcIkRvY1R5cFwiOlwiQ1JOXCIsXCJEb2NEdFwiOlwiMjYvMDkvMjAyNFwiLFwiVG90SW52VmFsXCI6NjQ5MC4wLFwiSXRlbUNudFwiOjEsXCJNYWluSHNuQ29kZVwiOlwiODQyMzgyOTBcIixcIklyblwiOlwiNjBlZDE1NmMwNmM3NmY3YjVjOTNkNzkxY2NkNTBkYWQxYTI4M2E2NzcwMTU4MjJhYzQyYjg1NDE2N2U4N2U5ZFwiLFwiSXJuRHRcIjpcIjIwMjQtMDktMjYgMTI6MzA6MDBcIn0iLCJpc3MiOiJOSUMifQ.S7xmgt553WHMXA9xBDf6QxqSmCJddS1kLT-5DYzbPsIXZik4JB1VfuNiSnxvsWHrbYZgtcmH_zvkkFUi89BGpqxOGHfpUBw73cHpY8vtHbsjil8ecQ9rtMsnxgYzxWRcYu1SaLL0j2qci7SbpH52q0Fz_8YNzMXCUKSUHrFcDnSsOIIQo9FMD-vzV8o_90JPVjoAxlVwF8-I2nx3lZOei2Nfpn9ZhHoDhKp883JBxKH1Dn0RTrN8xHrjuYSXBwKmRpHuhVIvi9MdfU-QY7nsgeDePl4MdFTVYy_01PNF1GKTnKj1ZRMZPZ4Dh0D5V3Y93RTHavQ66lyjjXBkOuIvXg,152419339147676,2024-09-26 12:30:00,,,,INTERWEIGHING PVT LTD,32AAFCI1950F1ZZ,3PL Warehouse : C/O LOGIWIZ LOGISTICS INDIA PVT LTD,COCHIN,Kerala,India,683503,8803333444,admin@yesweigh.in,Taxable,99381000000006208,GST18,18.00,Tax Group,,,,,,0.000,,,32-Kerala,business_gst,32AAGCE7631N1ZF,,,,Eldho (Directors),entity_level,KL,5500.00,0.00,Adjustment,Registered,goods,Spreadsheet Template,nos,5500.00,84238290,Sales,,PFPC40X50DADFSS,,,,,,,,,,,,,,,0.000,Cochin,,1
2024-10-16,,99381000006175159,,99381000017838713,CN-00160,Closed,Accounts Receivable,CENTRAL TRADERS,,"Court Road
Tirur",,Malappuram,Kerala,India,676101,9605841000,,,"Court Road
Tirur",,Malappuram,Kerala,India,9605841000,676101,,NO,NO,99381000001392083,INR,1.00,false,2242.00,0.00,0.00,,,,0.00,,,,,,,,,0.00,,99381000000098082,Pushed,776e2aa29a5951ac435f5ff6df528146bc0f4297a85ab7c39c6e7f7b693d357b,,YES/24-25/1781,2024-09-30,0.000,,,,0.00,,,,,,,,,,,,,,,,true,ECONOMIC BENCH MS,FALSE,0.00,0.0,1.00,"Size : 30*34 Max: 50kg e: 5g
Dual display, LED RED display,Foldable platform",342.00,1900.00,YES/24-25/2833,Cochin,9.00,9.00,0.00,0.00,171.00,171.00,0.00,0.00,171.00,171.00,0.00,0.00,Sales Return,,,"{""SellerGstin"":""32AAFCI1950F1ZZ"",""BuyerGstin"":""32AFKPA2174A1Z9"",""DocNo"":""CN-00160"",""DocTyp"":""CRN"",""DocDt"":""16/10/2024"",""TotInvVal"":2242.0,""ItemCnt"":1,""MainHsnCode"":""84238290"",""Irn"":""776e2aa29a5951ac435f5ff6df528146bc0f4297a85ab7c39c6e7f7b693d357b"",""IrnDt"":""2024-10-16 16:50:00""}",eyJhbGciOiJSUzI1NiIsImtpZCI6IjRERTE1NDRBRTY5NUJEQzg0RUM3QkMxMkYyRjU3RjgxM0Y0NEUzMDEiLCJ4NXQiOiJUZUZVU3VhVnZjaE94N3dTOHZWX2dUOUU0d0UiLCJ0eXAiOiJKV1QifQ.eyJkYXRhIjoie1wiU2VsbGVyR3N0aW5cIjpcIjMyQUFGQ0kxOTUwRjFaWlwiLFwiQnV5ZXJHc3RpblwiOlwiMzJBRktQQTIxNzRBMVo5XCIsXCJEb2NOb1wiOlwiQ04tMDAxNjBcIixcIkRvY1R5cFwiOlwiQ1JOXCIsXCJEb2NEdFwiOlwiMTYvMTAvMjAyNFwiLFwiVG90SW52VmFsXCI6MjI0Mi4wLFwiSXRlbUNudFwiOjEsXCJNYWluSHNuQ29kZVwiOlwiODQyMzgyOTBcIixcIklyblwiOlwiNzc2ZTJhYTI5YTU5NTFhYzQzNWY1ZmY2ZGY1MjgxNDZiYzBmNDI5N2E4NWFiN2MzOWM2ZTdmN2I2OTNkMzU3YlwiLFwiSXJuRHRcIjpcIjIwMjQtMTAtMTYgMTY6NTA6MDBcIn0iLCJpc3MiOiJOSUMifQ.JEV1GTaVITDbR9gNQ8cUQerMQt4CSaG8jUFB6Z8q6RTMpJXmdmAVGQd3O6ziXtz2eES3gR9hQ6unqSGnZwrBAZUMJgHm4J1vXk6EZSO7mwVaA0hD9d9AtSl3f_B-9bKUyS1qSmtYx1GxswPibk95e1gwFfO3E63xzx7CIMgcZoOeis3g82aXlQauvbPoTzD76VDYDxCc6EU-ERSc7GSqBibIrweHADE8-EAjh3BUKPwRhPFsPmLPRmbPZHbubCM0AQKE27PrCs3BNvlssJuKrnu-W7doCnm5ldxJyT5BPIJ-mE7cY9aaH3RUK8cWVyxn-Ow-CfHPwArPMyFw_qRsdw,152419548506389,2024-10-16 16:50:00,,,,INTERWEIGHING PVT LTD,32AAFCI1950F1ZZ,3PL Warehouse : C/O LOGIWIZ LOGISTICS INDIA PVT LTD,COCHIN,Kerala,India,683503,8803333444,admin@yesweigh.in,Taxable,99381000000006208,GST18,18.00,Tax Group,,,,,,0.000,,,32-Kerala,business_gst,32AFKPA2174A1Z9,,,,Binsha (Inside Kerala),entity_level,KL,1900.00,0.00,Adjustment,Registered,goods,Spreadsheet Template,nos,1900.00,84238290,Sales,,BY5039,,,,,,,,,,,,,,,0.000,Cochin,,4
2024-11-30,,99381000002536240,,99381000018909764,CN-00161,Closed,Accounts Receivable,TAKYON SYSTEMS,Mr. Vijay Kumar,Pallisserickal,Sasthamcotta,Kollam,Kerala,India,690521,04762830884,,Mr. Vijay Kumar,"Alleppy Parcel Service 
Godown Delivery, Baranikkavu",,Kollam,Kerala,India,04762830884,691010,,NO,NO,99381000000154574,INR,1.00,false,44569.00,0.00,0.00,,,,0.00,,,,,,,,,0.00,Other Charges,99381000000098082,Pushed,5892e50aec65cfaab059c3b6d96e91ed045649833a103651002ac79c5bffbaba,,YES/24-25/2260,2024-11-21,0.000,,,,0.00,,,,,,,,,,,,,,,,true,Label Printing Scale Q9LBL,FALSE,0.00,0.0,3.00,Make:YESWEIGH  Model:YS-30   Max:30kg  e:5g  Min:100g  Class:III,6750.00,37500.00,"YES/24-25/2365,YES/24-25/2458,YES/24-25/3644,YES/25-26/0278,YES/25-26/1160",Cochin,9.00,9.00,0.00,0.00,3375.00,3375.00,0.00,0.00,3375.00,3375.00,0.00,0.00,Sales Return,,,"{""SellerGstin"":""32AAFCI1950F1ZZ"",""BuyerGstin"":""32AANFT0176D1ZE"",""DocNo"":""CN-00161"",""DocTyp"":""CRN"",""DocDt"":""30/11/2024"",""TotInvVal"":44569.0,""ItemCnt"":2,""MainHsnCode"":""84231000"",""Irn"":""5892e50aec65cfaab059c3b6d96e91ed045649833a103651002ac79c5bffbaba"",""IrnDt"":""2024-11-30 15:30:00""}",eyJhbGciOiJSUzI1NiIsImtpZCI6IjRERTE1NDRBRTY5NUJEQzg0RUM3QkMxMkYyRjU3RjgxM0Y0NEUzMDEiLCJ4NXQiOiJUZUZVU3VhVnZjaE94N3dTOHZWX2dUOUU0d0UiLCJ0eXAiOiJKV1QifQ.eyJpc3MiOiJOSUMiLCJkYXRhIjoie1wiU2VsbGVyR3N0aW5cIjpcIjMyQUFGQ0kxOTUwRjFaWlwiLFwiQnV5ZXJHc3RpblwiOlwiMzJBQU5GVDAxNzZEMVpFXCIsXCJEb2NOb1wiOlwiQ04tMDAxNjFcIixcIkRvY1R5cFwiOlwiQ1JOXCIsXCJEb2NEdFwiOlwiMzAvMTEvMjAyNFwiLFwiVG90SW52VmFsXCI6NDQ1NjkuMCxcIkl0ZW1DbnRcIjoyLFwiTWFpbkhzbkNvZGVcIjpcIjg0MjMxMDAwXCIsXCJJcm5cIjpcIjU4OTJlNTBhZWM2NWNmYWFiMDU5YzNiNmQ5NmU5MWVkMDQ1NjQ5ODMzYTEwMzY1MTAwMmFjNzljNWJmZmJhYmFcIixcIklybkR0XCI6XCIyMDI0LTExLTMwIDE1OjMwOjAwXCJ9In0.rg_ggg8MPBLMEe_svg_2izFlSrFwNNFpm82KpiGVk6dpr3z_ImUtzqoSe4KJSXS88aWfa3AZk5G5h6iUZzfvqSFvDJGz0x2XbHNnPC0gkGR4BdqdY2r9NP3BTSj_ppfmapv_4zCqHuNty8MfXudiMFq0aYzqyC--vyTm5f72K4Ql--brROzkdeHrpGwIwI1op61TMTeTTiYsRv1TTwA4wPzEfFKB__k-BoYzEwL_bT-YaaCsEJ5oFBuDRql_C0sn1sSAaKNMRxXO8BQLvzMESSoWSlmHa3rAlIJq9zyB6E6UpSbFuKJikq0HJ4ALlak6AlEHjLFrtaUrtZ_o80rJJg,152419991203529,2024-11-30 15:30:00,,,,INTERWEIGHING PVT LTD,32AAFCI1950F1ZZ,3PL Warehouse : C/O LOGIWIZ LOGISTICS INDIA PVT LTD,COCHIN,Kerala,India,683503,8803333444,admin@yesweigh.in,Taxable,99381000000006208,GST18,18.00,Tax Group,,,,,,0.000,,,32-Kerala,business_gst,32AANFT0176D1ZE,,,,Eldho (Directors),entity_level,KL,37770.00,0.40,Adjustment,Registered,goods,Spreadsheet Template,nos,12500.00,84231000,Sales,,Q9LBL,,,,,,,,,,,,,,,0.000,Cochin,,1
2024-11-30,,99381000000557009,,99381000018909764,CN-00161,Closed,Accounts Receivable,TAKYON SYSTEMS,Mr. Vijay Kumar,Pallisserickal,Sasthamcotta,Kollam,Kerala,India,690521,04762830884,,Mr. Vijay Kumar,"Alleppy Parcel Service 
Godown Delivery, Baranikkavu",,Kollam,Kerala,India,04762830884,691010,,NO,NO,99381000000154574,INR,1.00,false,44569.00,0.00,0.00,,,,0.00,,,,,,,,,0.00,Other Charges,99381000000098082,Pushed,5892e50aec65cfaab059c3b6d96e91ed045649833a103651002ac79c5bffbaba,,YES/24-25/2260,2024-11-21,0.000,,,,0.00,,,,,,,,,,,,,,,,true,Freight Charges,FALSE,0.00,0.0,30.00,,48.60,270.00,"YES/24-25/2365,YES/24-25/2458,YES/24-25/3644,YES/25-26/0278,YES/25-26/1160",Cochin,9.00,9.00,0.00,0.00,24.30,24.30,0.00,0.00,24.30,24.30,0.00,0.00,Sales Return,,,"{""SellerGstin"":""32AAFCI1950F1ZZ"",""BuyerGstin"":""32AANFT0176D1ZE"",""DocNo"":""CN-00161"",""DocTyp"":""CRN"",""DocDt"":""30/11/2024"",""TotInvVal"":44569.0,""ItemCnt"":2,""MainHsnCode"":""84231000"",""Irn"":""5892e50aec65cfaab059c3b6d96e91ed045649833a103651002ac79c5bffbaba"",""IrnDt"":""2024-11-30 15:30:00""}",eyJhbGciOiJSUzI1NiIsImtpZCI6IjRERTE1NDRBRTY5NUJEQzg0RUM3QkMxMkYyRjU3RjgxM0Y0NEUzMDEiLCJ4NXQiOiJUZUZVU3VhVnZjaE94N3dTOHZWX2dUOUU0d0UiLCJ0eXAiOiJKV1QifQ.eyJpc3MiOiJOSUMiLCJkYXRhIjoie1wiU2VsbGVyR3N0aW5cIjpcIjMyQUFGQ0kxOTUwRjFaWlwiLFwiQnV5ZXJHc3RpblwiOlwiMzJBQU5GVDAxNzZEMVpFXCIsXCJEb2NOb1wiOlwiQ04tMDAxNjFcIixcIkRvY1R5cFwiOlwiQ1JOXCIsXCJEb2NEdFwiOlwiMzAvMTEvMjAyNFwiLFwiVG90SW52VmFsXCI6NDQ1NjkuMCxcIkl0ZW1DbnRcIjoyLFwiTWFpbkhzbkNvZGVcIjpcIjg0MjMxMDAwXCIsXCJJcm5cIjpcIjU4OTJlNTBhZWM2NWNmYWFiMDU5YzNiNmQ5NmU5MWVkMDQ1NjQ5ODMzYTEwMzY1MTAwMmFjNzljNWJmZmJhYmFcIixcIklybkR0XCI6XCIyMDI0LTExLTMwIDE1OjMwOjAwXCJ9In0.rg_ggg8MPBLMEe_svg_2izFlSrFwNNFpm82KpiGVk6dpr3z_ImUtzqoSe4KJSXS88aWfa3AZk5G5h6iUZzfvqSFvDJGz0x2XbHNnPC0gkGR4BdqdY2r9NP3BTSj_ppfmapv_4zCqHuNty8MfXudiMFq0aYzqyC--vyTm5f72K4Ql--brROzkdeHrpGwIwI1op61TMTeTTiYsRv1TTwA4wPzEfFKB__k-BoYzEwL_bT-YaaCsEJ5oFBuDRql_C0sn1sSAaKNMRxXO8BQLvzMESSoWSlmHa3rAlIJq9zyB6E6UpSbFuKJikq0HJ4ALlak6AlEHjLFrtaUrtZ_o80rJJg,152419991203529,2024-11-30 15:30:00,,,,INTERWEIGHING PVT LTD,32AAFCI1950F1ZZ,3PL Warehouse : C/O LOGIWIZ LOGISTICS INDIA PVT LTD,COCHIN,Kerala,India,683503,8803333444,admin@yesweigh.in,Taxable,99381000000006208,GST18,18.00,Tax Group,,,,,,0.000,,,32-Kerala,business_gst,32AANFT0176D1ZE,,,,Eldho (Directors),entity_level,KL,37770.00,0.40,Adjustment,Registered,service,Spreadsheet Template,kg,9.00,996819,Sales,,COCS,,,,,,,,,,,,,,,0.000,,,
2024-12-02,,99381000011439709,,99381000018914998,CN-00162,Closed,Accounts Receivable,TAKYON SYSTEMS,Mr. Vijay Kumar,Pallisserickal,Sasthamcotta,Kollam,Kerala,India,690521,04762830884,,Mr. Vijay Kumar,"Alleppy Parcel Service 
Godown Delivery, Baranikkavu",,Kollam,Kerala,India,04762830884,691010,,NO,NO,99381000000154574,INR,1.00,false,110920.00,0.00,0.00,,,,0.00,,,,,,,,,0.00,,99381000000098082,Pushed,dd22945ad8298684dfd4ebec91413eceafa8f46a3262017d93d4997d3a3b8b3b,,YES/24-25/2355,2024-11-30,0.000,,,,0.00,,,,,,,,,,,,,,,,true,Bill Printing scale Q8POS (UB),FALSE,0.00,0.0,4.00,Make:YESWEIGH  Model:YS-30   Max:30kg  e:5g  Min:100g  Class:III,8460.00,47000.00,YES/24-25/2355,Cochin,9.00,9.00,0.00,0.00,4230.00,4230.00,0.00,0.00,4230.00,4230.00,0.00,0.00,Sales Return,,,"{""SellerGstin"":""32AAFCI1950F1ZZ"",""BuyerGstin"":""32AANFT0176D1ZE"",""DocNo"":""CN-00162"",""DocTyp"":""CRN"",""DocDt"":""02/12/2024"",""TotInvVal"":110920.0,""ItemCnt"":2,""MainHsnCode"":""84238190"",""Irn"":""dd22945ad8298684dfd4ebec91413eceafa8f46a3262017d93d4997d3a3b8b3b"",""IrnDt"":""2024-12-02 11:13:00""}",eyJhbGciOiJSUzI1NiIsImtpZCI6IjRERTE1NDRBRTY5NUJEQzg0RUM3QkMxMkYyRjU3RjgxM0Y0NEUzMDEiLCJ4NXQiOiJUZUZVU3VhVnZjaE94N3dTOHZWX2dUOUU0d0UiLCJ0eXAiOiJKV1QifQ.eyJpc3MiOiJOSUMiLCJkYXRhIjoie1wiU2VsbGVyR3N0aW5cIjpcIjMyQUFGQ0kxOTUwRjFaWlwiLFwiQnV5ZXJHc3RpblwiOlwiMzJBQU5GVDAxNzZEMVpFXCIsXCJEb2NOb1wiOlwiQ04tMDAxNjJcIixcIkRvY1R5cFwiOlwiQ1JOXCIsXCJEb2NEdFwiOlwiMDIvMTIvMjAyNFwiLFwiVG90SW52VmFsXCI6MTEwOTIwLjAsXCJJdGVtQ250XCI6MixcIk1haW5Ic25Db2RlXCI6XCI4NDIzODE5MFwiLFwiSXJuXCI6XCJkZDIyOTQ1YWQ4Mjk4Njg0ZGZkNGViZWM5MTQxM2VjZWFmYThmNDZhMzI2MjAxN2Q5M2Q0OTk3ZDNhM2I4YjNiXCIsXCJJcm5EdFwiOlwiMjAyNC0xMi0wMiAxMToxMzowMFwifSJ9.06potAnGus7B5v2c2fUrt9qb1YTCYLST7F0Dm4AXGX8sEH6FYG0ELjDWkSVADtBhJYEhPGsrHd0bkDYI-nmPhxy-uEoF0RB9WLCoPs2W5exF2PY5d3-lwbFa4s40s-5zaDCKz-FbHMtCI2E-vYm7HGqYJDT182c9zgokv3iS6u4VRxEJi_WFYa1bz4IyZ0LoMS_CgsC-I1qSgVaP-yc-2GyA2GRToL_DYoYEcC20_pzTr3d1M3KsbFamksna5U3-v0YZqT_MarGClGAt9euJqunjAsCpMBqeRYaGoy9cFDTgbNfcG5Q5W-f6KlxG-xGC_87uonlkPjxJx5IO_zKsAg,152420002095488,2024-12-02 11:13:00,,,,INTERWEIGHING PVT LTD,32AAFCI1950F1ZZ,3PL Warehouse : C/O LOGIWIZ LOGISTICS INDIA PVT LTD,COCHIN,Kerala,India,683503,8803333444,admin@yesweigh.in,Taxable,99381000000006208,GST18,18.00,Tax Group,,,,,,0.000,,,32-Kerala,business_gst,32AANFT0176D1ZE,,,,Eldho (Directors),entity_level,KL,94000.00,0.00,Adjustment,Registered,goods,Spreadsheet Template,nos,11750.00,84238190,Sales,,ECS5WW,,,,,,,,,,,,,,,0.000,Cochin,,2
2024-12-02,,99381000002536240,,99381000018914998,CN-00162,Closed,Accounts Receivable,TAKYON SYSTEMS,Mr. Vijay Kumar,Pallisserickal,Sasthamcotta,Kollam,Kerala,India,690521,04762830884,,Mr. Vijay Kumar,"Alleppy Parcel Service 
Godown Delivery, Baranikkavu",,Kollam,Kerala,India,04762830884,691010,,NO,NO,99381000000154574,INR,1.00,false,110920.00,0.00,0.00,,,,0.00,,,,,,,,,0.00,,99381000000098082,Pushed,dd22945ad8298684dfd4ebec91413eceafa8f46a3262017d93d4997d3a3b8b3b,,YES/24-25/2355,2024-11-30,0.000,,,,0.00,,,,,,,,,,,,,,,,true,Label Printing Scale Q9LBL,FALSE,0.00,0.0,4.00,Make:YESWEIGH  Model:YS-30   Max:30kg  e:5g  Min:100g  Class:III,8460.00,47000.00,YES/24-25/2355,Cochin,9.00,9.00,0.00,0.00,4230.00,4230.00,0.00,0.00,4230.00,4230.00,0.00,0.00,Sales Return,,,"{""SellerGstin"":""32AAFCI1950F1ZZ"",""BuyerGstin"":""32AANFT0176D1ZE"",""DocNo"":""CN-00162"",""DocTyp"":""CRN"",""DocDt"":""02/12/2024"",""TotInvVal"":110920.0,""ItemCnt"":2,""MainHsnCode"":""84238190"",""Irn"":""dd22945ad8298684dfd4ebec91413eceafa8f46a3262017d93d4997d3a3b8b3b"",""IrnDt"":""2024-12-02 11:13:00""}",eyJhbGciOiJSUzI1NiIsImtpZCI6IjRERTE1NDRBRTY5NUJEQzg0RUM3QkMxMkYyRjU3RjgxM0Y0NEUzMDEiLCJ4NXQiOiJUZUZVU3VhVnZjaE94N3dTOHZWX2dUOUU0d0UiLCJ0eXAiOiJKV1QifQ.eyJpc3MiOiJOSUMiLCJkYXRhIjoie1wiU2VsbGVyR3N0aW5cIjpcIjMyQUFGQ0kxOTUwRjFaWlwiLFwiQnV5ZXJHc3RpblwiOlwiMzJBQU5GVDAxNzZEMVpFXCIsXCJEb2NOb1wiOlwiQ04tMDAxNjJcIixcIkRvY1R5cFwiOlwiQ1JOXCIsXCJEb2NEdFwiOlwiMDIvMTIvMjAyNFwiLFwiVG90SW52VmFsXCI6MTEwOTIwLjAsXCJJdGVtQ250XCI6MixcIk1haW5Ic25Db2RlXCI6XCI4NDIzODE5MFwiLFwiSXJuXCI6XCJkZDIyOTQ1YWQ4Mjk4Njg0ZGZkNGViZWM5MTQxM2VjZWFmYThmNDZhMzI2MjAxN2Q5M2Q0OTk3ZDNhM2I4YjNiXCIsXCJJcm5EdFwiOlwiMjAyNC0xMi0wMiAxMToxMzowMFwifSJ9.06potAnGus7B5v2c2fUrt9qb1YTCYLST7F0Dm4AXGX8sEH6FYG0ELjDWkSVADtBhJYEhPGsrHd0bkDYI-nmPhxy-uEoF0RB9WLCoPs2W5exF2PY5d3-lwbFa4s40s-5zaDCKz-FbHMtCI2E-vYm7HGqYJDT182c9zgokv3iS6u4VRxEJi_WFYa1bz4IyZ0LoMS_CgsC-I1qSgVaP-yc-2GyA2GRToL_DYoYEcC20_pzTr3d1M3KsbFamksna5U3-v0YZqT_MarGClGAt9euJqunjAsCpMBqeRYaGoy9cFDTgbNfcG5Q5W-f6KlxG-xGC_87uonlkPjxJx5IO_zKsAg,152420002095488,2024-12-02 11:13:00,,,,INTERWEIGHING PVT LTD,32AAFCI1950F1ZZ,3PL Warehouse : C/O LOGIWIZ LOGISTICS INDIA PVT LTD,COCHIN,Kerala,India,683503,8803333444,admin@yesweigh.in,Taxable,99381000000006208,GST18,18.00,Tax Group,,,,,,0.000,,,32-Kerala,business_gst,32AANFT0176D1ZE,,,,Eldho (Directors),entity_level,KL,94000.00,0.00,Adjustment,Registered,goods,Spreadsheet Template,nos,11750.00,84231000,Sales,,Q9LBL,,,,,,,,,,,,,,,0.000,Cochin,,1
2024-12-04,,99381000001140770,,99381000018976475,CN-00163,Closed,Accounts Receivable,VENKATACHALAM & CO,,"590 ,VYSIAL STREET
OPPOSITE TO B1 POLICE STATION",,COIMBATORE,Tamil Nadu,India,641001,9655569000,,,"590 ,VYSIAL STREET
OPPOSITE TO B1 POLICE STATION",,COIMBATORE,Tamil Nadu,India,9655569000,641001,,NO,NO,99381000014693003,INR,1.00,false,1180.00,0.00,0.00,,,,0.00,,,,,,,,,0.00,,99381000003083031,Pushed,fd088562f39462bc2c4bdb838b5834fe48fa976f3ba0753677866a32a83feae8,,YES/24-25/2250,2024-11-20,0.000,,,,0.00,,,,,,,,,,,,,,,,true,PLATFORM LOAD CELL 400 KG,FALSE,0.00,0.0,2.00,,180.00,1000.00,"YES/24-25/2391,YES/24-25/3234,YES/25-26/3283",Head Office,0.00,0.00,18.00,0.00,0.00,0.00,180.00,0.00,0.00,0.00,180.00,0.00,Sales Return,,,"{""SellerGstin"":""32AAFCI1950F1ZZ"",""BuyerGstin"":""33AAUFV3958J1ZE"",""DocNo"":""CN-00163"",""DocTyp"":""CRN"",""DocDt"":""04/12/2024"",""TotInvVal"":1180.0,""ItemCnt"":1,""MainHsnCode"":""84239020"",""Irn"":""fd088562f39462bc2c4bdb838b5834fe48fa976f3ba0753677866a32a83feae8"",""IrnDt"":""2024-12-04 10:00:00""}",eyJhbGciOiJSUzI1NiIsImtpZCI6IjRERTE1NDRBRTY5NUJEQzg0RUM3QkMxMkYyRjU3RjgxM0Y0NEUzMDEiLCJ4NXQiOiJUZUZVU3VhVnZjaE94N3dTOHZWX2dUOUU0d0UiLCJ0eXAiOiJKV1QifQ.eyJpc3MiOiJOSUMiLCJkYXRhIjoie1wiU2VsbGVyR3N0aW5cIjpcIjMyQUFGQ0kxOTUwRjFaWlwiLFwiQnV5ZXJHc3RpblwiOlwiMzNBQVVGVjM5NThKMVpFXCIsXCJEb2NOb1wiOlwiQ04tMDAxNjNcIixcIkRvY1R5cFwiOlwiQ1JOXCIsXCJEb2NEdFwiOlwiMDQvMTIvMjAyNFwiLFwiVG90SW52VmFsXCI6MTE4MC4wLFwiSXRlbUNudFwiOjEsXCJNYWluSHNuQ29kZVwiOlwiODQyMzkwMjBcIixcIklyblwiOlwiZmQwODg1NjJmMzk0NjJiYzJjNGJkYjgzOGI1ODM0ZmU0OGZhOTc2ZjNiYTA3NTM2Nzc4NjZhMzJhODNmZWFlOFwiLFwiSXJuRHRcIjpcIjIwMjQtMTItMDQgMTA6MDA6MDBcIn0ifQ.19Y0TdKdvlzmQBNiVW_nY_sZkNAAVSjYGX9JWtRNy4JhpV9ibWzCP8AfHg4wWZpN4DXR1IfYrkehU0lJwyg1zMOs1-WtjhwR89u-ahe6AStqXRR5teXIKuNKCSASa2uYlE2Cl6dgtmCA91bTAZgZbd4Gc4WcQ_JmnX7V7SjriLmUhPpr2TQumvyU0JLNvJGnAo8WaWrIA-5ePZx_pfIh-Xg8AgTUYZNKDA9OTsvFIEop5QxIOfK76SG_ceJAd5GoRWtg0lNiilznoo1FlIX8CeXnoYBP9z7Su7FhHmPgetmntSEKvB_W2Dm61Fy2mkl_CPvZulk9ptjDUbT38VaTPQ,152420026715524,2024-12-04 10:00:00,,,,INTERWEIGHING PVT LTD,32AAFCI1950F1ZZ,"49/470 D1 ,3rd Floor",COCHIN,Kerala,India,683503,8803333444,admin@yesweigh.in,Taxable,99381000000006196,IGST18,18.00,ItemAmount,,,,,,0.000,,,33-Tamil Nadu,business_gst,33AAUFV3958J1ZE,,,,Shibin,entity_level,TN,1000.00,0.00,Adjustment,Registered,goods,Spreadsheet Template,nos,500.00,84239020,Sales,,PLCK40,,,,,,,,,,,,,,,0.000,Head Office,,
2024-12-04,,99381000001073039,,99381000018956244,CN-00164,Closed,Accounts Receivable,Venkatachalam,Prrestige,"No.590
Opp. B 1-Police Station
Vysial Street",,Coimbatore,Tamil Nadu,India,641001,9843889000,,Prrestige,"No.590
Opp. B 1-Police Station
Vysial Street",,Coimbatore,Tamil Nadu,India,9843889000,641001,,NO,NO,99381000000747828,INR,1.00,false,472.00,0.00,0.00,,,,0.00,,,,,,,,,0.00,,99381000003083031,Pushed,36182a321342e572d495dd88d09469abfef8397c8ef607a6fcd9eac856b002f2,,YES/24-25/2385,2024-12-03,0.000,,,,0.00,,,,,,,,,,,,,,,,true,PLATFORM Load Cell 200kg,FALSE,0.00,0.0,1.00,,72.00,400.00,YES/24-25/2385,Head Office,0.00,0.00,18.00,0.00,0.00,0.00,72.00,0.00,0.00,0.00,72.00,0.00,Sales Return,,,"{""SellerGstin"":""32AAFCI1950F1ZZ"",""BuyerGstin"":""33AACPH9039A1Z8"",""DocNo"":""CN-00164"",""DocTyp"":""CRN"",""DocDt"":""04/12/2024"",""TotInvVal"":472.0,""ItemCnt"":1,""MainHsnCode"":""84239020"",""Irn"":""36182a321342e572d495dd88d09469abfef8397c8ef607a6fcd9eac856b002f2"",""IrnDt"":""2024-12-04 10:04:00""}",eyJhbGciOiJSUzI1NiIsImtpZCI6IjRERTE1NDRBRTY5NUJEQzg0RUM3QkMxMkYyRjU3RjgxM0Y0NEUzMDEiLCJ4NXQiOiJUZUZVU3VhVnZjaE94N3dTOHZWX2dUOUU0d0UiLCJ0eXAiOiJKV1QifQ.eyJpc3MiOiJOSUMiLCJkYXRhIjoie1wiU2VsbGVyR3N0aW5cIjpcIjMyQUFGQ0kxOTUwRjFaWlwiLFwiQnV5ZXJHc3RpblwiOlwiMzNBQUNQSDkwMzlBMVo4XCIsXCJEb2NOb1wiOlwiQ04tMDAxNjRcIixcIkRvY1R5cFwiOlwiQ1JOXCIsXCJEb2NEdFwiOlwiMDQvMTIvMjAyNFwiLFwiVG90SW52VmFsXCI6NDcyLjAsXCJJdGVtQ250XCI6MSxcIk1haW5Ic25Db2RlXCI6XCI4NDIzOTAyMFwiLFwiSXJuXCI6XCIzNjE4MmEzMjEzNDJlNTcyZDQ5NWRkODhkMDk0NjlhYmZlZjgzOTdjOGVmNjA3YTZmY2Q5ZWFjODU2YjAwMmYyXCIsXCJJcm5EdFwiOlwiMjAyNC0xMi0wNCAxMDowNDowMFwifSJ9.qfGN_J6An6gjdl2whNX7BFCtVWH5Xy9hGSwfKWtNR_vy4qALY1H1P3orLASAW1xOFiTEPPlZgabpDQ2vsC_cbnFPkkjhhigAt-nvo4CikOUbxDg-XmNuh_EpAmB1IYoR5y9yZsppkqDdNk0uETtsi7WGGLHPY-i1AV35z7xV6DhqOWRI-pimSU2Autqna1a5nf_TVbq5koiuT93EgBGk6zq-gqSLanoeXUdY9LMPAy3AMMsRcx2yiASGbdzkZ1BHKL-JjgNc3QbsC9vviy0P6ALZG1ndflI56zvKmxSQcqzNPTkj3MuWHi2auQg5K7T8ZQ75Iik3A7u-ccugnwzonw,152420026777700,2024-12-04 10:04:00,,,,INTERWEIGHING PVT LTD,32AAFCI1950F1ZZ,"49/470 D1 ,3rd Floor",COCHIN,Kerala,India,683503,8803333444,admin@yesweigh.in,Taxable,99381000000006196,IGST18,18.00,ItemAmount,,,,,,0.000,,,33-Tamil Nadu,business_gst,33AACPH9039A1Z8,,,,Eldho - Spare,entity_level,TN,400.00,0.00,Adjustment,Registered,goods,Spreadsheet Template,nos,400.00,84239020,Sales,,PLC200,,,,,,,,,,,,,,,0.000,Head Office,,
2024-12-04,,99381000001073039,,99381000018956294,CN-00165,Closed,Accounts Receivable,Venkatachalam,Prrestige,"No.590
Opp. B 1-Police Station
Vysial Street",,Coimbatore,Tamil Nadu,India,641001,9843889000,,Prrestige,"No.590
Opp. B 1-Police Station
Vysial Street",,Coimbatore,Tamil Nadu,India,9843889000,641001,,NO,NO,99381000000747828,INR,1.00,false,649.00,0.00,0.00,,,,0.00,,,,,,,,,0.00,,99381000003083031,Pushed,32677dc70858480b6f7a036e5ed8d66129860520c45d449c37bb609e610f78df,,YES/24-25/2384,2024-12-03,0.000,,,,0.00,,,,,,,,,,,,,,,,true,PLATFORM Load Cell 200kg,FALSE,0.00,0.0,1.00,,72.00,400.00,YES/24-25/2384,Head Office,0.00,0.00,18.00,0.00,0.00,0.00,72.00,0.00,0.00,0.00,72.00,0.00,Sales Return,,,"{""SellerGstin"":""32AAFCI1950F1ZZ"",""BuyerGstin"":""33AACPH9039A1Z8"",""DocNo"":""CN-00165"",""DocTyp"":""CRN"",""DocDt"":""04/12/2024"",""TotInvVal"":649.0,""ItemCnt"":2,""MainHsnCode"":""84239020"",""Irn"":""32677dc70858480b6f7a036e5ed8d66129860520c45d449c37bb609e610f78df"",""IrnDt"":""2024-12-04 10:05:00""}",eyJhbGciOiJSUzI1NiIsImtpZCI6IjRERTE1NDRBRTY5NUJEQzg0RUM3QkMxMkYyRjU3RjgxM0Y0NEUzMDEiLCJ4NXQiOiJUZUZVU3VhVnZjaE94N3dTOHZWX2dUOUU0d0UiLCJ0eXAiOiJKV1QifQ.eyJpc3MiOiJOSUMiLCJkYXRhIjoie1wiU2VsbGVyR3N0aW5cIjpcIjMyQUFGQ0kxOTUwRjFaWlwiLFwiQnV5ZXJHc3RpblwiOlwiMzNBQUNQSDkwMzlBMVo4XCIsXCJEb2NOb1wiOlwiQ04tMDAxNjVcIixcIkRvY1R5cFwiOlwiQ1JOXCIsXCJEb2NEdFwiOlwiMDQvMTIvMjAyNFwiLFwiVG90SW52VmFsXCI6NjQ5LjAsXCJJdGVtQ250XCI6MixcIk1haW5Ic25Db2RlXCI6XCI4NDIzOTAyMFwiLFwiSXJuXCI6XCIzMjY3N2RjNzA4NTg0ODBiNmY3YTAzNmU1ZWQ4ZDY2MTI5ODYwNTIwYzQ1ZDQ0OWMzN2JiNjA5ZTYxMGY3OGRmXCIsXCJJcm5EdFwiOlwiMjAyNC0xMi0wNCAxMDowNTowMFwifSJ9.AfNTrl3W2Sv_uN_hqinG620n9gZeNhGPEqPVYOh3zI6MPKUMNMwH2zbDcTQU2ePn1u20K0slVnzEZEOQ8evXa_EPYbeGyAze0J15OluVp1a1IJHDSunBCBViRMO0BTVpicmtXRkYuhNixJXrOEZ8V5XtGRGTsVxuQEQeg1Z4xKqLo47MhA66_F88I-CEeFvicgbHeklAR-SJnJUhRLGH2-cEZblEJCOK52LF0XJN0FLGFkTZ3xYs3fk6gA9hMCttfAjIJShXv-ICjzAfhA0C98719XzT7gpaM58XiYYMyjSJMGBZFs1DjfUbkpQqYsl_Zd37ad8lrElNeZ4An1nEpQ,152420026788265,2024-12-04 10:05:00,,,,INTERWEIGHING PVT LTD,32AAFCI1950F1ZZ,"49/470 D1 ,3rd Floor",COCHIN,Kerala,India,683503,8803333444,admin@yesweigh.in,Taxable,99381000000006196,IGST18,18.00,ItemAmount,,,,,,0.000,,,33-Tamil Nadu,business_gst,33AACPH9039A1Z8,,,,Eldho - Spare,entity_level,TN,550.00,0.00,Adjustment,Registered,goods,Spreadsheet Template,nos,400.00,84239020,Sales,,PLC200,,,,,,,,,,,,,,,0.000,Head Office,,
2024-12-04,,99381000000557009,,99381000018956294,CN-00165,Closed,Accounts Receivable,Venkatachalam,Prrestige,"No.590
Opp. B 1-Police Station
Vysial Street",,Coimbatore,Tamil Nadu,India,641001,9843889000,,Prrestige,"No.590
Opp. B 1-Police Station
Vysial Street",,Coimbatore,Tamil Nadu,India,9843889000,641001,,NO,NO,99381000000747828,INR,1.00,false,649.00,0.00,0.00,,,,0.00,,,,,,,,,0.00,,99381000003083031,Pushed,32677dc70858480b6f7a036e5ed8d66129860520c45d449c37bb609e610f78df,,YES/24-25/2384,2024-12-03,0.000,,,,0.00,,,,,,,,,,,,,,,,true,Freight Charges,FALSE,0.00,0.0,1.00,,27.00,150.00,YES/24-25/2384,Head Office,0.00,0.00,18.00,0.00,0.00,0.00,27.00,0.00,0.00,0.00,27.00,0.00,Sales Return,,,"{""SellerGstin"":""32AAFCI1950F1ZZ"",""BuyerGstin"":""33AACPH9039A1Z8"",""DocNo"":""CN-00165"",""DocTyp"":""CRN"",""DocDt"":""04/12/2024"",""TotInvVal"":649.0,""ItemCnt"":2,""MainHsnCode"":""84239020"",""Irn"":""32677dc70858480b6f7a036e5ed8d66129860520c45d449c37bb609e610f78df"",""IrnDt"":""2024-12-04 10:05:00""}",eyJhbGciOiJSUzI1NiIsImtpZCI6IjRERTE1NDRBRTY5NUJEQzg0RUM3QkMxMkYyRjU3RjgxM0Y0NEUzMDEiLCJ4NXQiOiJUZUZVU3VhVnZjaE94N3dTOHZWX2dUOUU0d0UiLCJ0eXAiOiJKV1QifQ.eyJpc3MiOiJOSUMiLCJkYXRhIjoie1wiU2VsbGVyR3N0aW5cIjpcIjMyQUFGQ0kxOTUwRjFaWlwiLFwiQnV5ZXJHc3RpblwiOlwiMzNBQUNQSDkwMzlBMVo4XCIsXCJEb2NOb1wiOlwiQ04tMDAxNjVcIixcIkRvY1R5cFwiOlwiQ1JOXCIsXCJEb2NEdFwiOlwiMDQvMTIvMjAyNFwiLFwiVG90SW52VmFsXCI6NjQ5LjAsXCJJdGVtQ250XCI6MixcIk1haW5Ic25Db2RlXCI6XCI4NDIzOTAyMFwiLFwiSXJuXCI6XCIzMjY3N2RjNzA4NTg0ODBiNmY3YTAzNmU1ZWQ4ZDY2MTI5ODYwNTIwYzQ1ZDQ0OWMzN2JiNjA5ZTYxMGY3OGRmXCIsXCJJcm5EdFwiOlwiMjAyNC0xMi0wNCAxMDowNTowMFwifSJ9.AfNTrl3W2Sv_uN_hqinG620n9gZeNhGPEqPVYOh3zI6MPKUMNMwH2zbDcTQU2ePn1u20K0slVnzEZEOQ8evXa_EPYbeGyAze0J15OluVp1a1IJHDSunBCBViRMO0BTVpicmtXRkYuhNixJXrOEZ8V5XtGRGTsVxuQEQeg1Z4xKqLo47MhA66_F88I-CEeFvicgbHeklAR-SJnJUhRLGH2-cEZblEJCOK52LF0XJN0FLGFkTZ3xYs3fk6gA9hMCttfAjIJShXv-ICjzAfhA0C98719XzT7gpaM58XiYYMyjSJMGBZFs1DjfUbkpQqYsl_Zd37ad8lrElNeZ4An1nEpQ,152420026788265,2024-12-04 10:05:00,,,,INTERWEIGHING PVT LTD,32AAFCI1950F1ZZ,"49/470 D1 ,3rd Floor",COCHIN,Kerala,India,683503,8803333444,admin@yesweigh.in,Taxable,99381000000006196,IGST18,18.00,ItemAmount,,,,,,0.000,,,33-Tamil Nadu,business_gst,33AACPH9039A1Z8,,,,Eldho - Spare,entity_level,TN,550.00,0.00,Adjustment,Registered,service,Spreadsheet Template,kg,150.00,996819,Sales,,COCS,,,,,,,,,,,,,,,0.000,,,
2025-01-07,,99381000002001040,,99381000019747536,CN-00166,Closed,Accounts Receivable,ACCURATE TRADE LINKS,Harish,Future Centre,Ottukuzhi Road,Trivandrum,Kerala,India,695001,9847141007,,Harish,Future Centre,Ottukuzhi Road,Trivandrum,Kerala,India,9847141007,695001,,NO,NO,99381000000114383,INR,1.00,false,2124.00,0.00,0.00,,,,0.00,,,,,,,,,0.00,,99381000003083031,Pushed,cc0094bb6da805ba533141c359b4b0429b3f43395fe3ca060e06a741f14feeb9,,YES/24-25/2698,2025-01-04,0.000,,,,0.00,,,,,,,,,,,,,,,,true,Loadcell 80 kg:130mm,FALSE,0.00,0.0,10.00,,324.00,1800.00,YES/24-25/2761,Head Office,9.00,9.00,0.00,0.00,162.00,162.00,0.00,0.00,162.00,162.00,0.00,0.00,Sales Return,,,"{""SellerGstin"":""32AAFCI1950F1ZZ"",""BuyerGstin"":""32AHJPK1741Q1Z4"",""DocNo"":""CN-00166"",""DocTyp"":""CRN"",""DocDt"":""07/01/2025"",""TotInvVal"":2124.0,""ItemCnt"":1,""MainHsnCode"":""84239020"",""Irn"":""cc0094bb6da805ba533141c359b4b0429b3f43395fe3ca060e06a741f14feeb9"",""IrnDt"":""2025-01-07 10:21:00""}",eyJhbGciOiJSUzI1NiIsImtpZCI6IjRERTE1NDRBRTY5NUJEQzg0RUM3QkMxMkYyRjU3RjgxM0Y0NEUzMDEiLCJ4NXQiOiJUZUZVU3VhVnZjaE94N3dTOHZWX2dUOUU0d0UiLCJ0eXAiOiJKV1QifQ.eyJpc3MiOiJOSUMiLCJkYXRhIjoie1wiU2VsbGVyR3N0aW5cIjpcIjMyQUFGQ0kxOTUwRjFaWlwiLFwiQnV5ZXJHc3RpblwiOlwiMzJBSEpQSzE3NDFRMVo0XCIsXCJEb2NOb1wiOlwiQ04tMDAxNjZcIixcIkRvY1R5cFwiOlwiQ1JOXCIsXCJEb2NEdFwiOlwiMDcvMDEvMjAyNVwiLFwiVG90SW52VmFsXCI6MjEyNC4wLFwiSXRlbUNudFwiOjEsXCJNYWluSHNuQ29kZVwiOlwiODQyMzkwMjBcIixcIklyblwiOlwiY2MwMDk0YmI2ZGE4MDViYTUzMzE0MWMzNTliNGIwNDI5YjNmNDMzOTVmZTNjYTA2MGUwNmE3NDFmMTRmZWViOVwiLFwiSXJuRHRcIjpcIjIwMjUtMDEtMDcgMTA6MjE6MDBcIn0ifQ.TZ8q44Ja_J71ISFFbOx3ezsghRB37UFprEkHQ2--NgNoWykiwN5IaxjA5Eb_PfNMUVRXRP3oM0qo9W2P_lCXn4xSK2NkMkg5FE4LUptZwjcRuHlPtfSyPFgm5-IxpkYo5DKogbsp3BPbrEsQMIVWckqukTmMq7pQK4-OZ-0Lmh8VolTrxyAfdfq9twIf8A0u0e_7-tJfxeTjxZQ4ReFk1xs7E1X10AD00gixxyVWYPYbmxNWv7E8LET_KuikPFrYiKMijk0nWwx1uWJpcNt21pXrZ45ldgajRykk4NySlDLWijq4roPrgZinbEiG6mUjdcmMAbHOaKrkaolhlvXKsg,152520362266682,2025-01-07 10:21:00,,,,INTERWEIGHING PVT LTD,32AAFCI1950F1ZZ,"49/470 D1 ,3rd Floor",COCHIN,Kerala,India,683503,8803333444,admin@yesweigh.in,Taxable,99381000000006208,GST18,18.00,Tax Group,,,,,,0.000,,,32-Kerala,business_gst,32AHJPK1741Q1Z4,,,,Eldho - Spare,entity_level,KL,1800.00,0.00,Adjustment,Registered,goods,Spreadsheet Template,nos,180.00,84239020,Sales,,LK8013,,,,,,,,,,,,,,,0.000,Head Office,,
2025-02-07,,99381000006174179,,99381000020460812,CN-00167,Closed,Accounts Receivable,GOLDFIELD SCALE,,"Unit No:38, 2nd Floor","Dev Ashish ind. Premises,
Bharucha road,
Near Dahisar railway station,
Dahisar (E)",Mumbai,Maharashtra,India,400068,9029937316,,,"Unit No:38, 2nd Floor","Dev Ashish ind. Premises,
Bharucha road,
Near Dahisar railway station,
Dahisar (E)",Mumbai,Maharashtra,India,9029937316,400068,,NO,NO,99381000008748044,INR,1.00,false,31392.00,0.00,0.00,,,,0.00,,,,,,,,,0.00,Other Charges,99381000000098082,Pushed,1786d88b4ebd6da20e18862020abaeb21e5a754cb9f03b8b70cef8d79b22639b,,YES/24-25/3048,2025-02-01,0.000,,,,0.00,,,,,,,,,,,,,,,,true,PALLET SCALE,FALSE,0.00,0.0,1.00,"Capacity : 2.5T/0.5kg
Serial No ; YYB63821
(Product packed in dismantled conditions)",4500.00,25000.00,YES/24-25/3048,Cochin,0.00,0.00,18.00,0.00,0.00,0.00,4500.00,0.00,0.00,0.00,4500.00,0.00,Sales Return,,,"{""SellerGstin"":""32AAFCI1950F1ZZ"",""BuyerGstin"":""27AAKPS9045F1ZA"",""DocNo"":""CN-00167"",""DocTyp"":""CRN"",""DocDt"":""07/02/2025"",""TotInvVal"":31392.0,""ItemCnt"":2,""MainHsnCode"":""84238190"",""Irn"":""1786d88b4ebd6da20e18862020abaeb21e5a754cb9f03b8b70cef8d79b22639b"",""IrnDt"":""2025-02-07 15:08:00""}",eyJhbGciOiJSUzI1NiIsImtpZCI6IjRERTE1NDRBRTY5NUJEQzg0RUM3QkMxMkYyRjU3RjgxM0Y0NEUzMDEiLCJ4NXQiOiJUZUZVU3VhVnZjaE94N3dTOHZWX2dUOUU0d0UiLCJ0eXAiOiJKV1QifQ.eyJpc3MiOiJOSUMiLCJkYXRhIjoie1wiU2VsbGVyR3N0aW5cIjpcIjMyQUFGQ0kxOTUwRjFaWlwiLFwiQnV5ZXJHc3RpblwiOlwiMjdBQUtQUzkwNDVGMVpBXCIsXCJEb2NOb1wiOlwiQ04tMDAxNjdcIixcIkRvY1R5cFwiOlwiQ1JOXCIsXCJEb2NEdFwiOlwiMDcvMDIvMjAyNVwiLFwiVG90SW52VmFsXCI6MzEzOTIuMCxcIkl0ZW1DbnRcIjoyLFwiTWFpbkhzbkNvZGVcIjpcIjg0MjM4MTkwXCIsXCJJcm5cIjpcIjE3ODZkODhiNGViZDZkYTIwZTE4ODYyMDIwYWJhZWIyMWU1YTc1NGNiOWYwM2I4YjcwY2VmOGQ3OWIyMjYzOWJcIixcIklybkR0XCI6XCIyMDI1LTAyLTA3IDE1OjA4OjAwXCJ9In0.n8SFOUSD31U9a-nzP_McIE_PR3ok-TNmSkJ_MgzFUFBkdiNfZ42PHvXM3rJKRZ6Ner6C2OmxDLZBJuMbW9Utn3sbEsVrf4H8mtPZ-qvNZUMiN84G59pLa0oDrr4s1BbhHibrUIsQZ1jPuls36sHwr-Ts5gJkMVSOPYlmDPcnuaTvumVA5bhA35rHKi9ik25Og-kJzLGdnmcN2xANCHUxCprUKWo6k0ir3cf1EYRB65hdNNF1CYUfgIrmp5EequsmWFL_uQDok0oYuAinYk2iHk_2D8FKlpuxvXPk4UeUDtYTUWuQZ8K_xgJsL-H3WrFIXsJD4azJneb0VMPovIURTg,152520677096006,2025-02-07 15:08:00,,,,INTERWEIGHING PVT LTD,32AAFCI1950F1ZZ,3PL Warehouse : C/O LOGIWIZ LOGISTICS INDIA PVT LTD,COCHIN,Kerala,India,683503,8803333444,admin@yesweigh.in,Taxable,99381000000006196,IGST18,18.00,ItemAmount,,,,,,0.000,,,27-Maharashtra,business_gst,27AAKPS9045F1ZA,,,,,entity_level,MH,26603.00,0.46,Adjustment,Registered,goods,Spreadsheet Template,nos,25000.00,84238190,Sales,,PSC,,,,,,,,,,,,,,,0.000,Cochin,,1
2025-02-07,,99381000003152296,,99381000020460812,CN-00167,Closed,Accounts Receivable,GOLDFIELD SCALE,,"Unit No:38, 2nd Floor","Dev Ashish ind. Premises,
Bharucha road,
Near Dahisar railway station,
Dahisar (E)",Mumbai,Maharashtra,India,400068,9029937316,,,"Unit No:38, 2nd Floor","Dev Ashish ind. Premises,
Bharucha road,
Near Dahisar railway station,
Dahisar (E)",Mumbai,Maharashtra,India,9029937316,400068,,NO,NO,99381000008748044,INR,1.00,false,31392.00,0.00,0.00,,,,0.00,,,,,,,,,0.00,Other Charges,99381000000098082,Pushed,1786d88b4ebd6da20e18862020abaeb21e5a754cb9f03b8b70cef8d79b22639b,,YES/24-25/3048,2025-02-01,0.000,,,,0.00,,,,,,,,,,,,,,,,true,Freight,FALSE,0.00,0.0,1.00,,288.54,1603.00,YES/24-25/3048,Cochin,0.00,0.00,18.00,0.00,0.00,0.00,288.54,0.00,0.00,0.00,288.54,0.00,Sales Return,,,"{""SellerGstin"":""32AAFCI1950F1ZZ"",""BuyerGstin"":""27AAKPS9045F1ZA"",""DocNo"":""CN-00167"",""DocTyp"":""CRN"",""DocDt"":""07/02/2025"",""TotInvVal"":31392.0,""ItemCnt"":2,""MainHsnCode"":""84238190"",""Irn"":""1786d88b4ebd6da20e18862020abaeb21e5a754cb9f03b8b70cef8d79b22639b"",""IrnDt"":""2025-02-07 15:08:00""}",eyJhbGciOiJSUzI1NiIsImtpZCI6IjRERTE1NDRBRTY5NUJEQzg0RUM3QkMxMkYyRjU3RjgxM0Y0NEUzMDEiLCJ4NXQiOiJUZUZVU3VhVnZjaE94N3dTOHZWX2dUOUU0d0UiLCJ0eXAiOiJKV1QifQ.eyJpc3MiOiJOSUMiLCJkYXRhIjoie1wiU2VsbGVyR3N0aW5cIjpcIjMyQUFGQ0kxOTUwRjFaWlwiLFwiQnV5ZXJHc3RpblwiOlwiMjdBQUtQUzkwNDVGMVpBXCIsXCJEb2NOb1wiOlwiQ04tMDAxNjdcIixcIkRvY1R5cFwiOlwiQ1JOXCIsXCJEb2NEdFwiOlwiMDcvMDIvMjAyNVwiLFwiVG90SW52VmFsXCI6MzEzOTIuMCxcIkl0ZW1DbnRcIjoyLFwiTWFpbkhzbkNvZGVcIjpcIjg0MjM4MTkwXCIsXCJJcm5cIjpcIjE3ODZkODhiNGViZDZkYTIwZTE4ODYyMDIwYWJhZWIyMWU1YTc1NGNiOWYwM2I4YjcwY2VmOGQ3OWIyMjYzOWJcIixcIklybkR0XCI6XCIyMDI1LTAyLTA3IDE1OjA4OjAwXCJ9In0.n8SFOUSD31U9a-nzP_McIE_PR3ok-TNmSkJ_MgzFUFBkdiNfZ42PHvXM3rJKRZ6Ner6C2OmxDLZBJuMbW9Utn3sbEsVrf4H8mtPZ-qvNZUMiN84G59pLa0oDrr4s1BbhHibrUIsQZ1jPuls36sHwr-Ts5gJkMVSOPYlmDPcnuaTvumVA5bhA35rHKi9ik25Og-kJzLGdnmcN2xANCHUxCprUKWo6k0ir3cf1EYRB65hdNNF1CYUfgIrmp5EequsmWFL_uQDok0oYuAinYk2iHk_2D8FKlpuxvXPk4UeUDtYTUWuQZ8K_xgJsL-H3WrFIXsJD4azJneb0VMPovIURTg,152520677096006,2025-02-07 15:08:00,,,,INTERWEIGHING PVT LTD,32AAFCI1950F1ZZ,3PL Warehouse : C/O LOGIWIZ LOGISTICS INDIA PVT LTD,COCHIN,Kerala,India,683503,8803333444,admin@yesweigh.in,Taxable,99381000000006196,IGST18,18.00,ItemAmount,,,,,,0.000,,,27-Maharashtra,business_gst,27AAKPS9045F1ZA,,,,,entity_level,MH,26603.00,0.46,Adjustment,Registered,service,Spreadsheet Template,Lumpsum,1603.00,996819,Sales,,FREIGH,,,,,,,,,,,,,,,0.000,,,
2025-02-15,,99381000014429027,,99381000020627407,CN-00168,Closed,Accounts Receivable,CENTRAL SCALES,,"Dealers Of Weighing Equipments & Aluminium Anodising Materials,
Payyanagadi",,Tirur,Kerala,India,676101,9605841000,,,"Dealers Of Weighing Equipments & Aluminium Anodising Materials,
Payyanagadi",,Tirur,Kerala,India,9605841000,676101,,NO,NO,99381000001639413,INR,1.00,false,22347.00,0.00,0.00,,,,0.00,,,,,,,,,0.00,Other Charges,99381000000098082,Pushed,7ddced713c211b86f9a159aabfd89aaaadaabe119688114e821d754e97ad128f,,YES/24-25/3139,2025-02-11,0.000,,,,0.00,,,,,,,,,,,,,,,,true,Platform Scale Full SS -50AD,FALSE,0.00,0.0,4.00,"Capacity :50kg/5g Dual display(LED) Size 30*34 Full SS
Serial No : Y02036 - Y02039 (STAMPED)",3024.00,16800.00,YES/24-25/3139,Cochin,9.00,9.00,0.00,0.00,1512.00,1512.00,0.00,0.00,1512.00,1512.00,0.00,0.00,Correction in invoice,,,"{""SellerGstin"":""32AAFCI1950F1ZZ"",""BuyerGstin"":""32AAHFC7300G1ZZ"",""DocNo"":""CN-00168"",""DocTyp"":""CRN"",""DocDt"":""15/02/2025"",""TotInvVal"":22347.0,""ItemCnt"":3,""MainHsnCode"":""84238290"",""Irn"":""7ddced713c211b86f9a159aabfd89aaaadaabe119688114e821d754e97ad128f"",""IrnDt"":""2025-02-15 13:01:00""}",eyJhbGciOiJSUzI1NiIsImtpZCI6IjRERTE1NDRBRTY5NUJEQzg0RUM3QkMxMkYyRjU3RjgxM0Y0NEUzMDEiLCJ4NXQiOiJUZUZVU3VhVnZjaE94N3dTOHZWX2dUOUU0d0UiLCJ0eXAiOiJKV1QifQ.eyJpc3MiOiJOSUMiLCJkYXRhIjoie1wiU2VsbGVyR3N0aW5cIjpcIjMyQUFGQ0kxOTUwRjFaWlwiLFwiQnV5ZXJHc3RpblwiOlwiMzJBQUhGQzczMDBHMVpaXCIsXCJEb2NOb1wiOlwiQ04tMDAxNjhcIixcIkRvY1R5cFwiOlwiQ1JOXCIsXCJEb2NEdFwiOlwiMTUvMDIvMjAyNVwiLFwiVG90SW52VmFsXCI6MjIzNDcuMCxcIkl0ZW1DbnRcIjozLFwiTWFpbkhzbkNvZGVcIjpcIjg0MjM4MjkwXCIsXCJJcm5cIjpcIjdkZGNlZDcxM2MyMTFiODZmOWExNTlhYWJmZDg5YWFhYWRhYWJlMTE5Njg4MTE0ZTgyMWQ3NTRlOTdhZDEyOGZcIixcIklybkR0XCI6XCIyMDI1LTAyLTE1IDEzOjAxOjAwXCJ9In0.r6R2TS81NEApuXQ0K-c8gsuphODcLvFWvPfegIul0BDiWXJlcZu999DL1660w6-jc6b18ATUAQi_4OLZb-J1I3uJFkn9ueFovfw2JxWtXNaUDpd6_7IDblLfQrK_hqiNTxv0KAc0m5ZdsKLQ1n_ZENC4fCA12HpJkE0BcfYYHN72OXHUdHbKNJkjrNSD7vfhhuU1ExF4XVr2jIHMZ-IKWBlLHwcZgNVjmcFu2D6G2Z7Dgr6dHJlYRWn32aTG5Ke3FoZ_Vv8_7kLqYC_IUVnzt5_6CSdYnHm0rtmVEFU_oWtvwr7BRHgpYSMuaKKvV6GmVkvLM5_2LtW-tz9SArzCHw,152520756271201,2025-02-15 13:01:00,,,,INTERWEIGHING PVT LTD,32AAFCI1950F1ZZ,3PL Warehouse : C/O LOGIWIZ LOGISTICS INDIA PVT LTD,COCHIN,Kerala,India,683503,8803333444,admin@yesweigh.in,Taxable,99381000000006208,GST18,18.00,Tax Group,,,,,,0.000,,,32-Kerala,business_gst,32AAHFC7300G1ZZ,,,,,entity_level,KL,18938.00,0.16,Adjustment,Registered,goods,Spreadsheet Template,nos,4200.00,84238290,Sales,,BPCFSS,,,,,,,,,,,,,,,0.000,Cochin,,4
2025-02-15,,99381000000186036,,99381000020627407,CN-00168,Closed,Accounts Receivable,CENTRAL SCALES,,"Dealers Of Weighing Equipments & Aluminium Anodising Materials,
Payyanagadi",,Tirur,Kerala,India,676101,9605841000,,,"Dealers Of Weighing Equipments & Aluminium Anodising Materials,
Payyanagadi",,Tirur,Kerala,India,9605841000,676101,,NO,NO,99381000001639413,INR,1.00,false,22347.00,0.00,0.00,,,,0.00,,,,,,,,,0.00,Other Charges,99381000000098082,Pushed,7ddced713c211b86f9a159aabfd89aaaadaabe119688114e821d754e97ad128f,,YES/24-25/3139,2025-02-11,0.000,,,,0.00,,,,,,,,,,,,,,,,true,Government Stamping Fee / Expense for 50kg,FALSE,0.00,0.0,4.00,,349.20,1940.00,YES/24-25/3139,Cochin,9.00,9.00,0.00,0.00,174.60,174.60,0.00,0.00,174.60,174.60,0.00,0.00,Correction in invoice,,,"{""SellerGstin"":""32AAFCI1950F1ZZ"",""BuyerGstin"":""32AAHFC7300G1ZZ"",""DocNo"":""CN-00168"",""DocTyp"":""CRN"",""DocDt"":""15/02/2025"",""TotInvVal"":22347.0,""ItemCnt"":3,""MainHsnCode"":""84238290"",""Irn"":""7ddced713c211b86f9a159aabfd89aaaadaabe119688114e821d754e97ad128f"",""IrnDt"":""2025-02-15 13:01:00""}",eyJhbGciOiJSUzI1NiIsImtpZCI6IjRERTE1NDRBRTY5NUJEQzg0RUM3QkMxMkYyRjU3RjgxM0Y0NEUzMDEiLCJ4NXQiOiJUZUZVU3VhVnZjaE94N3dTOHZWX2dUOUU0d0UiLCJ0eXAiOiJKV1QifQ.eyJpc3MiOiJOSUMiLCJkYXRhIjoie1wiU2VsbGVyR3N0aW5cIjpcIjMyQUFGQ0kxOTUwRjFaWlwiLFwiQnV5ZXJHc3RpblwiOlwiMzJBQUhGQzczMDBHMVpaXCIsXCJEb2NOb1wiOlwiQ04tMDAxNjhcIixcIkRvY1R5cFwiOlwiQ1JOXCIsXCJEb2NEdFwiOlwiMTUvMDIvMjAyNVwiLFwiVG90SW52VmFsXCI6MjIzNDcuMCxcIkl0ZW1DbnRcIjozLFwiTWFpbkhzbkNvZGVcIjpcIjg0MjM4MjkwXCIsXCJJcm5cIjpcIjdkZGNlZDcxM2MyMTFiODZmOWExNTlhYWJmZDg5YWFhYWRhYWJlMTE5Njg4MTE0ZTgyMWQ3NTRlOTdhZDEyOGZcIixcIklybkR0XCI6XCIyMDI1LTAyLTE1IDEzOjAxOjAwXCJ9In0.r6R2TS81NEApuXQ0K-c8gsuphODcLvFWvPfegIul0BDiWXJlcZu999DL1660w6-jc6b18ATUAQi_4OLZb-J1I3uJFkn9ueFovfw2JxWtXNaUDpd6_7IDblLfQrK_hqiNTxv0KAc0m5ZdsKLQ1n_ZENC4fCA12HpJkE0BcfYYHN72OXHUdHbKNJkjrNSD7vfhhuU1ExF4XVr2jIHMZ-IKWBlLHwcZgNVjmcFu2D6G2Z7Dgr6dHJlYRWn32aTG5Ke3FoZ_Vv8_7kLqYC_IUVnzt5_6CSdYnHm0rtmVEFU_oWtvwr7BRHgpYSMuaKKvV6GmVkvLM5_2LtW-tz9SArzCHw,152520756271201,2025-02-15 13:01:00,,,,INTERWEIGHING PVT LTD,32AAFCI1950F1ZZ,3PL Warehouse : C/O LOGIWIZ LOGISTICS INDIA PVT LTD,COCHIN,Kerala,India,683503,8803333444,admin@yesweigh.in,Taxable,99381000000006208,GST18,18.00,Tax Group,,,,,,0.000,,,32-Kerala,business_gst,32AAHFC7300G1ZZ,,,,,entity_level,KL,18938.00,0.16,Adjustment,Registered,goods,Spreadsheet Template,nos,485.00,76061190,Sales,,SF50,,,,,,,,,,,,,,,0.000,Cochin,,
2025-02-15,,99381000000557009,,99381000020627407,CN-00168,Closed,Accounts Receivable,CENTRAL SCALES,,"Dealers Of Weighing Equipments & Aluminium Anodising Materials,
Payyanagadi",,Tirur,Kerala,India,676101,9605841000,,,"Dealers Of Weighing Equipments & Aluminium Anodising Materials,
Payyanagadi",,Tirur,Kerala,India,9605841000,676101,,NO,NO,99381000001639413,INR,1.00,false,22347.00,0.00,0.00,,,,0.00,,,,,,,,,0.00,Other Charges,99381000000098082,Pushed,7ddced713c211b86f9a159aabfd89aaaadaabe119688114e821d754e97ad128f,,YES/24-25/3139,2025-02-11,0.000,,,,0.00,,,,,,,,,,,,,,,,true,Freight Charges,FALSE,0.00,0.0,22.00,,35.64,198.00,YES/24-25/3139,Cochin,9.00,9.00,0.00,0.00,17.82,17.82,0.00,0.00,17.82,17.82,0.00,0.00,Correction in invoice,,,"{""SellerGstin"":""32AAFCI1950F1ZZ"",""BuyerGstin"":""32AAHFC7300G1ZZ"",""DocNo"":""CN-00168"",""DocTyp"":""CRN"",""DocDt"":""15/02/2025"",""TotInvVal"":22347.0,""ItemCnt"":3,""MainHsnCode"":""84238290"",""Irn"":""7ddced713c211b86f9a159aabfd89aaaadaabe119688114e821d754e97ad128f"",""IrnDt"":""2025-02-15 13:01:00""}",eyJhbGciOiJSUzI1NiIsImtpZCI6IjRERTE1NDRBRTY5NUJEQzg0RUM3QkMxMkYyRjU3RjgxM0Y0NEUzMDEiLCJ4NXQiOiJUZUZVU3VhVnZjaE94N3dTOHZWX2dUOUU0d0UiLCJ0eXAiOiJKV1QifQ.eyJpc3MiOiJOSUMiLCJkYXRhIjoie1wiU2VsbGVyR3N0aW5cIjpcIjMyQUFGQ0kxOTUwRjFaWlwiLFwiQnV5ZXJHc3RpblwiOlwiMzJBQUhGQzczMDBHMVpaXCIsXCJEb2NOb1wiOlwiQ04tMDAxNjhcIixcIkRvY1R5cFwiOlwiQ1JOXCIsXCJEb2NEdFwiOlwiMTUvMDIvMjAyNVwiLFwiVG90SW52VmFsXCI6MjIzNDcuMCxcIkl0ZW1DbnRcIjozLFwiTWFpbkhzbkNvZGVcIjpcIjg0MjM4MjkwXCIsXCJJcm5cIjpcIjdkZGNlZDcxM2MyMTFiODZmOWExNTlhYWJmZDg5YWFhYWRhYWJlMTE5Njg4MTE0ZTgyMWQ3NTRlOTdhZDEyOGZcIixcIklybkR0XCI6XCIyMDI1LTAyLTE1IDEzOjAxOjAwXCJ9In0.r6R2TS81NEApuXQ0K-c8gsuphODcLvFWvPfegIul0BDiWXJlcZu999DL1660w6-jc6b18ATUAQi_4OLZb-J1I3uJFkn9ueFovfw2JxWtXNaUDpd6_7IDblLfQrK_hqiNTxv0KAc0m5ZdsKLQ1n_ZENC4fCA12HpJkE0BcfYYHN72OXHUdHbKNJkjrNSD7vfhhuU1ExF4XVr2jIHMZ-IKWBlLHwcZgNVjmcFu2D6G2Z7Dgr6dHJlYRWn32aTG5Ke3FoZ_Vv8_7kLqYC_IUVnzt5_6CSdYnHm0rtmVEFU_oWtvwr7BRHgpYSMuaKKvV6GmVkvLM5_2LtW-tz9SArzCHw,152520756271201,2025-02-15 13:01:00,,,,INTERWEIGHING PVT LTD,32AAFCI1950F1ZZ,3PL Warehouse : C/O LOGIWIZ LOGISTICS INDIA PVT LTD,COCHIN,Kerala,India,683503,8803333444,admin@yesweigh.in,Taxable,99381000000006208,GST18,18.00,Tax Group,,,,,,0.000,,,32-Kerala,business_gst,32AAHFC7300G1ZZ,,,,,entity_level,KL,18938.00,0.16,Adjustment,Registered,service,Spreadsheet Template,kg,9.00,996819,Sales,,COCS,,,,,,,,,,,,,,,0.000,,,
2025-02-27,,99381000009552716,,99381000020812221,CN-00169,Closed,Accounts Receivable,MEEZAN ELECTRONIC SCALES PRIVATE LIMITED,Riyas,"8/308A Meezan Tower
Calicut Road, Manjeri",,Manjeri,Kerala,India,676121,9446157730,,Riyas,"8/308A Meezan Tower 
Calicut Road , Manjeri",,MANJERI,Kerala,India,9446157730,676121,,NO,NO,99381000000112170,INR,1.00,false,24774.00,0.00,0.00,,,,0.00,,,,,,,,,0.00,Other Charges,99381000000098082,Pushed,e223ac6b4a074421869e21e99940ba3d744d59275dee3a94c8b9ca2ea9a52b3a,,YES/24-25/3214,2025-02-19,0.000,,,,0.00,,,,,,,,,,,,,,,,true,"SCANGLE - POS TERMINAL SGT-668A 15.6""",FALSE,0.00,0.0,1.00,"SKU: 664A, RK3566/2GB/16GB DDR3, 15.6''  FRONT DISPLAY HD, CAPACITIVE TP, ANDROID 11 GOOGLE PLAY WIFI/BT, ALUMINIUM FOLDABLE BODY
",3779.10,20995.00,"YES/24-25/3284,YES/24-25/3291",Cochin,9.00,9.00,0.00,0.00,1889.55,1889.55,0.00,0.00,1889.55,1889.55,0.00,0.00,Sales Return,,,"{""SellerGstin"":""32AAFCI1950F1ZZ"",""BuyerGstin"":""32AAECM1277C1ZY"",""DocNo"":""CN-00169"",""DocTyp"":""CRN"",""DocDt"":""27/02/2025"",""TotInvVal"":24774.0,""ItemCnt"":1,""MainHsnCode"":""84714190"",""Irn"":""e223ac6b4a074421869e21e99940ba3d744d59275dee3a94c8b9ca2ea9a52b3a"",""IrnDt"":""2025-02-27 14:25:00""}",eyJhbGciOiJSUzI1NiIsImtpZCI6IjRERTE1NDRBRTY5NUJEQzg0RUM3QkMxMkYyRjU3RjgxM0Y0NEUzMDEiLCJ4NXQiOiJUZUZVU3VhVnZjaE94N3dTOHZWX2dUOUU0d0UiLCJ0eXAiOiJKV1QifQ.eyJpc3MiOiJOSUMiLCJkYXRhIjoie1wiU2VsbGVyR3N0aW5cIjpcIjMyQUFGQ0kxOTUwRjFaWlwiLFwiQnV5ZXJHc3RpblwiOlwiMzJBQUVDTTEyNzdDMVpZXCIsXCJEb2NOb1wiOlwiQ04tMDAxNjlcIixcIkRvY1R5cFwiOlwiQ1JOXCIsXCJEb2NEdFwiOlwiMjcvMDIvMjAyNVwiLFwiVG90SW52VmFsXCI6MjQ3NzQuMCxcIkl0ZW1DbnRcIjoxLFwiTWFpbkhzbkNvZGVcIjpcIjg0NzE0MTkwXCIsXCJJcm5cIjpcImUyMjNhYzZiNGEwNzQ0MjE4NjllMjFlOTk5NDBiYTNkNzQ0ZDU5Mjc1ZGVlM2E5NGM4YjljYTJlYTlhNTJiM2FcIixcIklybkR0XCI6XCIyMDI1LTAyLTI3IDE0OjI1OjAwXCJ9In0.Qi50_NiXAFH0fLLM_wVIApiIQM_fzPhEz9ek4QP9yIZiFr2ueBP2xiKbkUmn-sUgO09JQ3iPmzFZ4O4vwa51U1zGrhdgdliiu_GyyiBApq7CyA4e7hKWMQLR2kAFJsLCx5qWoY0eEBHSf6PpaxNsWGH1KxGakXRCdqPNAWPwE1REbvk6c3bI-tahAexsMb3wxR-vikK6lyTmWRxXbYm34pRWyD8X7Rjd8IINeO6Ngl2gPGgenBLFkPjNLp2rn5S4MamHOIGYXuKpkHvtlDi71ZaNqnckbiMdpWICBIUx0I3SO8m9nl32JGn6dd2bmAfZn2LLjI5yBRM94648eD4YXw,152520875290514,2025-02-27 14:25:00,,,,INTERWEIGHING PVT LTD,32AAFCI1950F1ZZ,3PL Warehouse : C/O LOGIWIZ LOGISTICS INDIA PVT LTD,COCHIN,Kerala,India,683503,8803333444,admin@yesweigh.in,Taxable,99381000000006208,GST18,18.00,Tax Group,,,,,,0.000,,,32-Kerala,business_gst,32AAECM1277C1ZY,,,,Eldho (Directors),entity_level,KL,20995.00,-0.10,Adjustment,Registered,goods,Spreadsheet Template,nos,20995.00,84714190,Sales,,668A156,,,,,,,,,,,,,,,0.000,Cochin,,
2025-03-01,,99381000019013465,,99381000020840932,CN-00170,Closed,Accounts Receivable,SMART WEIGHING SCALES,,"GROUND,1-7/2/8 SHOP NO 1,Shaik bangarammaComplex,Kothavalasa Road,Pendurthi",,Visakhapatnam,Andhra Pradesh,India,531173,9912786716,,,"GROUND,1-7/2/8 SHOP NO 1,Shaik bangarammaComplex,Kothavalasa Road,Pendurthi",,Visakhapatnam,Andhra Pradesh,India,9912786716,531173,,NO,NO,99381000005475340,INR,1.00,false,11242.00,0.00,0.00,,,,0.00,,,,,,,,,0.00,Other Charges,99381000000098082,Pushed,497a0e31a450b978a0c9d0e4f65cf4545d34f43621a39279afdd4897de81c13b,,YES/24-25/3239,2025-02-22,0.000,,,,0.00,,,,,,,,,,,,,,,,true,PLATFORM SCALE -BENCH (FG-AD1),FALSE,0.00,0.0,4.00,"Max:50kg e:5g Min:100g Class:III Display : Green
Serial No : YYB65012 - YYB65015
(Product packed in dismantled condition)",1656.00,9200.00,YES/24-25/3239,Cochin,0.00,0.00,18.00,0.00,0.00,0.00,1656.00,0.00,0.00,0.00,1656.00,0.00,Sales Return,,,"{""SellerGstin"":""32AAFCI1950F1ZZ"",""BuyerGstin"":""37IBRPS4964K1ZF"",""DocNo"":""CN-00170"",""DocTyp"":""CRN"",""DocDt"":""01/03/2025"",""TotInvVal"":11242.0,""ItemCnt"":2,""MainHsnCode"":""84238290"",""Irn"":""497a0e31a450b978a0c9d0e4f65cf4545d34f43621a39279afdd4897de81c13b"",""IrnDt"":""2025-03-01 10:28:00""}",eyJhbGciOiJSUzI1NiIsImtpZCI6IjRERTE1NDRBRTY5NUJEQzg0RUM3QkMxMkYyRjU3RjgxM0Y0NEUzMDEiLCJ4NXQiOiJUZUZVU3VhVnZjaE94N3dTOHZWX2dUOUU0d0UiLCJ0eXAiOiJKV1QifQ.eyJpc3MiOiJOSUMiLCJkYXRhIjoie1wiU2VsbGVyR3N0aW5cIjpcIjMyQUFGQ0kxOTUwRjFaWlwiLFwiQnV5ZXJHc3RpblwiOlwiMzdJQlJQUzQ5NjRLMVpGXCIsXCJEb2NOb1wiOlwiQ04tMDAxNzBcIixcIkRvY1R5cFwiOlwiQ1JOXCIsXCJEb2NEdFwiOlwiMDEvMDMvMjAyNVwiLFwiVG90SW52VmFsXCI6MTEyNDIuMCxcIkl0ZW1DbnRcIjoyLFwiTWFpbkhzbkNvZGVcIjpcIjg0MjM4MjkwXCIsXCJJcm5cIjpcIjQ5N2EwZTMxYTQ1MGI5NzhhMGM5ZDBlNGY2NWNmNDU0NWQzNGY0MzYyMWEzOTI3OWFmZGQ0ODk3ZGU4MWMxM2JcIixcIklybkR0XCI6XCIyMDI1LTAzLTAxIDEwOjI4OjAwXCJ9In0.iE12pKv81Mfi_j2XhAhaSRx-v9oXXBhe0e1GSgIyDQlHZUL3YYWfbu5Szhvjr03OjBmZM3d6f24z5_CVCOezTVxTwcFt3MbVwlAMjTBDCzMM1A4DGXtR2NzYrZPOZSWDbjkUoeP4xFvgeDqFy2kZqslxhFScbEQvz9wQotkaM0SD98Z1N1cV2S10QNQ2DPZANCiboG7xuIk-I7olzqO7pJDUtCX4kipjRbOCmhN49lpzr0dnR4YNR8UeEG5ojuoFqH7Zue286X8omSpelng3xQZ46t4fUdX3VfM8cF9E_Y5ASAMCgsaQ8KwZSdzX-UkbcCXbWIw4PFXW06foyXW6pQ,152520900558888,2025-03-01 10:28:00,,,,INTERWEIGHING PVT LTD,32AAFCI1950F1ZZ,3PL Warehouse : C/O LOGIWIZ LOGISTICS INDIA PVT LTD,COCHIN,Kerala,India,683503,8803333444,admin@yesweigh.in,Taxable,99381000000006196,IGST18,18.00,ItemAmount,,,,,,0.000,,,37-Andhra Pradesh,business_gst,37IBRPS4964K1ZF,,,,,entity_level,AD,9527.00,0.14,Adjustment,Registered,goods,Spreadsheet Template,nos,2300.00,84238290,Sales,,BPCGADF,,,,,,,,,,,,,,,0.000,Cochin,,
2025-03-01,,99381000003152296,,99381000020840932,CN-00170,Closed,Accounts Receivable,SMART WEIGHING SCALES,,"GROUND,1-7/2/8 SHOP NO 1,Shaik bangarammaComplex,Kothavalasa Road,Pendurthi",,Visakhapatnam,Andhra Pradesh,India,531173,9912786716,,,"GROUND,1-7/2/8 SHOP NO 1,Shaik bangarammaComplex,Kothavalasa Road,Pendurthi",,Visakhapatnam,Andhra Pradesh,India,9912786716,531173,,NO,NO,99381000005475340,INR,1.00,false,11242.00,0.00,0.00,,,,0.00,,,,,,,,,0.00,Other Charges,99381000000098082,Pushed,497a0e31a450b978a0c9d0e4f65cf4545d34f43621a39279afdd4897de81c13b,,YES/24-25/3239,2025-02-22,0.000,,,,0.00,,,,,,,,,,,,,,,,true,Freight,FALSE,0.00,0.0,1.00,,58.86,327.00,YES/24-25/3239,Cochin,0.00,0.00,18.00,0.00,0.00,0.00,58.86,0.00,0.00,0.00,58.86,0.00,Sales Return,,,"{""SellerGstin"":""32AAFCI1950F1ZZ"",""BuyerGstin"":""37IBRPS4964K1ZF"",""DocNo"":""CN-00170"",""DocTyp"":""CRN"",""DocDt"":""01/03/2025"",""TotInvVal"":11242.0,""ItemCnt"":2,""MainHsnCode"":""84238290"",""Irn"":""497a0e31a450b978a0c9d0e4f65cf4545d34f43621a39279afdd4897de81c13b"",""IrnDt"":""2025-03-01 10:28:00""}",eyJhbGciOiJSUzI1NiIsImtpZCI6IjRERTE1NDRBRTY5NUJEQzg0RUM3QkMxMkYyRjU3RjgxM0Y0NEUzMDEiLCJ4NXQiOiJUZUZVU3VhVnZjaE94N3dTOHZWX2dUOUU0d0UiLCJ0eXAiOiJKV1QifQ.eyJpc3MiOiJOSUMiLCJkYXRhIjoie1wiU2VsbGVyR3N0aW5cIjpcIjMyQUFGQ0kxOTUwRjFaWlwiLFwiQnV5ZXJHc3RpblwiOlwiMzdJQlJQUzQ5NjRLMVpGXCIsXCJEb2NOb1wiOlwiQ04tMDAxNzBcIixcIkRvY1R5cFwiOlwiQ1JOXCIsXCJEb2NEdFwiOlwiMDEvMDMvMjAyNVwiLFwiVG90SW52VmFsXCI6MTEyNDIuMCxcIkl0ZW1DbnRcIjoyLFwiTWFpbkhzbkNvZGVcIjpcIjg0MjM4MjkwXCIsXCJJcm5cIjpcIjQ5N2EwZTMxYTQ1MGI5NzhhMGM5ZDBlNGY2NWNmNDU0NWQzNGY0MzYyMWEzOTI3OWFmZGQ0ODk3ZGU4MWMxM2JcIixcIklybkR0XCI6XCIyMDI1LTAzLTAxIDEwOjI4OjAwXCJ9In0.iE12pKv81Mfi_j2XhAhaSRx-v9oXXBhe0e1GSgIyDQlHZUL3YYWfbu5Szhvjr03OjBmZM3d6f24z5_CVCOezTVxTwcFt3MbVwlAMjTBDCzMM1A4DGXtR2NzYrZPOZSWDbjkUoeP4xFvgeDqFy2kZqslxhFScbEQvz9wQotkaM0SD98Z1N1cV2S10QNQ2DPZANCiboG7xuIk-I7olzqO7pJDUtCX4kipjRbOCmhN49lpzr0dnR4YNR8UeEG5ojuoFqH7Zue286X8omSpelng3xQZ46t4fUdX3VfM8cF9E_Y5ASAMCgsaQ8KwZSdzX-UkbcCXbWIw4PFXW06foyXW6pQ,152520900558888,2025-03-01 10:28:00,,,,INTERWEIGHING PVT LTD,32AAFCI1950F1ZZ,3PL Warehouse : C/O LOGIWIZ LOGISTICS INDIA PVT LTD,COCHIN,Kerala,India,683503,8803333444,admin@yesweigh.in,Taxable,99381000000006196,IGST18,18.00,ItemAmount,,,,,,0.000,,,37-Andhra Pradesh,business_gst,37IBRPS4964K1ZF,,,,,entity_level,AD,9527.00,0.14,Adjustment,Registered,service,Spreadsheet Template,Lumpsum,327.00,996819,Sales,,FREIGH,,,,,,,,,,,,,,,0.000,,,
2025-03-17,,,,99381000021213421,CN-00171,Closed,Accounts Receivable,MEEZAN ELECTRONIC SCALES PRIVATE LIMITED,Riyas,"8/308A Meezan Tower
Calicut Road, Manjeri",,Manjeri,Kerala,India,676121,9446157730,,Riyas,"8/308A Meezan Tower 
Calicut Road , Manjeri",,MANJERI,Kerala,India,9446157730,676121,,NO,NO,99381000000112170,INR,1.00,false,14824.00,0.00,0.00,,,,0.00,,,,,,,,,0.00,,99381000000098082,Yet To Be Pushed,,,YES/24-25/3462,2025-03-17,0.000,,,,0.00,,,,,,,,,,,,,,,,true,,FALSE,0.00,0.0,1.00,Discount Allowed,0.00,14824.00,YES/24-25/3462,Cochin,,,,,,,,,,,,,Post Sale Discount,,,,,,,,,,INTERWEIGHING PVT LTD,32AAFCI1950F1ZZ,3PL Warehouse : C/O LOGIWIZ LOGISTICS INDIA PVT LTD,COCHIN,Kerala,India,683503,8803333444,admin@yesweigh.in,Out of Scope,,,,,,,,,,0.000,,,32-Kerala,business_gst,32AAECM1277C1ZY,,,,Eldho (Directors),entity_level,KL,14824.00,0.00,Adjustment,,service,Spreadsheet Template,,14824.00,,Trade Discount,,,,,,,,,,,,,,,,,0.000,,,
2025-03-18,,,,99381000021213481,CN-00172,Closed,Accounts Receivable,MEEZAN ELECTRONIC SCALES PRIVATE LIMITED,Riyas,"8/308A Meezan Tower
Calicut Road, Manjeri",,Manjeri,Kerala,India,676121,9446157730,,Riyas,"8/308A Meezan Tower 
Calicut Road , Manjeri",,MANJERI,Kerala,India,9446157730,676121,,NO,NO,99381000000112170,INR,1.00,false,54830.00,0.00,0.00,,,,0.00,,,,,,,,,0.00,,99381000000098082,Yet To Be Pushed,,,YES/24-25/3471,2025-03-18,0.000,,,,0.00,,,,,,,,,,,,,,,,true,,FALSE,0.00,0.0,1.00,Discount Allowed,0.00,54830.00,YES/24-25/3471,Cochin,,,,,,,,,,,,,Post Sale Discount,,,,,,,,,,INTERWEIGHING PVT LTD,32AAFCI1950F1ZZ,3PL Warehouse : C/O LOGIWIZ LOGISTICS INDIA PVT LTD,COCHIN,Kerala,India,683503,8803333444,admin@yesweigh.in,Out of Scope,,,,,,,,,,0.000,,,32-Kerala,business_gst,32AAECM1277C1ZY,,,,Eldho (Directors),entity_level,KL,54830.00,0.00,Adjustment,,service,Spreadsheet Template,,54830.00,,Trade Discount,,,,,,,,,,,,,,,,,0.000,,,
2025-03-18,,,,99381000021213612,CN-00173,Closed,Accounts Receivable,MEEZAN ELECTRONIC SCALES PRIVATE LIMITED,Riyas,"8/308A Meezan Tower
Calicut Road, Manjeri",,Manjeri,Kerala,India,676121,9446157730,,Riyas,"8/308A Meezan Tower 
Calicut Road , Manjeri",,MANJERI,Kerala,India,9446157730,676121,,NO,NO,99381000000112170,INR,1.00,false,2295.00,0.00,0.00,,,,0.00,,,,,,,,,0.00,,99381000000098082,Yet To Be Pushed,,,YES/24-25/3472,2025-03-18,0.000,,,,0.00,,,,,,,,,,,,,,,,true,,FALSE,0.00,0.0,1.00,Discount Allowed,0.00,2295.00,YES/24-25/3472,Cochin,,,,,,,,,,,,,Others,,,,,,,,,,INTERWEIGHING PVT LTD,32AAFCI1950F1ZZ,3PL Warehouse : C/O LOGIWIZ LOGISTICS INDIA PVT LTD,COCHIN,Kerala,India,683503,8803333444,admin@yesweigh.in,Out of Scope,,,,,,,,,,0.000,,,32-Kerala,business_gst,32AAECM1277C1ZY,,,,Others,entity_level,KL,2295.00,0.00,Adjustment,,service,Spreadsheet Template,,2295.00,,Trade Discount,,,,,,,,,,,,,,,,,0.000,,,
2025-03-18,,,,99381000021213672,CN-00174,Closed,Accounts Receivable,ELMASS’ Weighing & Automation Pvt. Ltd,,"Souhruda Lane, Lissie Hospital Road, Ernakulam – 682018",,ERNAKULAM,Kerala,India,682018,7034030141,,,"Souhruda Lane, Lissie Hospital Road, Ernakulam – 682018",,ERNAKULAM,Kerala,India,7034030141,682018,,NO,NO,99381000005074017,INR,1.00,false,64015.00,0.00,0.00,,,,0.00,,,,,,,,,0.00,,99381000000098082,Yet To Be Pushed,,,YES/24-25/3469,2025-03-18,0.000,,,,0.00,,,,,,,,,,,,,,,,true,,FALSE,0.00,0.0,1.00,Discount Allowed,0.00,64015.00,YES/24-25/3469,Cochin,,,,,,,,,,,,,Post Sale Discount,,,,,,,,,,INTERWEIGHING PVT LTD,32AAFCI1950F1ZZ,3PL Warehouse : C/O LOGIWIZ LOGISTICS INDIA PVT LTD,COCHIN,Kerala,India,683503,8803333444,admin@yesweigh.in,Out of Scope,,,,,,,,,,0.000,,,32-Kerala,business_gst,32AAGCE7631N1ZF,,,,Others,entity_level,KL,64015.00,0.00,Adjustment,,service,Spreadsheet Template,,64015.00,,Trade Discount,,,,,,,,,,,,,,,,,0.000,,,
2025-03-19,,,,99381000021213781,CN-00175,Closed,Accounts Receivable,ELMASS’ Weighing & Automation Pvt. Ltd,,"Souhruda Lane, Lissie Hospital Road, Ernakulam – 682018",,ERNAKULAM,Kerala,India,682018,7034030141,,,"Souhruda Lane, Lissie Hospital Road, Ernakulam – 682018",,ERNAKULAM,Kerala,India,7034030141,682018,,NO,NO,99381000005074017,INR,1.00,false,3764.00,0.00,0.00,,,,0.00,,,,,,,,,0.00,,99381000000098082,Yet To Be Pushed,,,YES/24-25/3476,2025-03-19,0.000,,,,0.00,,,,,,,,,,,,,,,,true,,FALSE,0.00,0.0,1.00,Discount Allowed,0.00,3764.00,YES/24-25/3476,Cochin,,,,,,,,,,,,,Post Sale Discount,,,,,,,,,,INTERWEIGHING PVT LTD,32AAFCI1950F1ZZ,3PL Warehouse : C/O LOGIWIZ LOGISTICS INDIA PVT LTD,COCHIN,Kerala,India,683503,8803333444,admin@yesweigh.in,Out of Scope,,,,,,,,,,0.000,,,32-Kerala,business_gst,32AAGCE7631N1ZF,,,,Others,entity_level,KL,3764.00,0.00,Adjustment,,service,Spreadsheet Template,,3764.00,,Trade Discount,,,,,,,,,,,,,,,,,0.000,,,
2025-03-19,,99381000008696613,,99381000021216064,CN-00176,Closed,Accounts Receivable,Vega scales,Vega scales,"11/803, Cheruvattom building","Moonupeedika, kaipamangalam.
9645665377",Thrissur,Kerala,India,680681,9526225540,,Vega scales,Edathirinji po,"Irinjalakuda, Thrissur",Thrissur,Kerala,India,9526225540,680122,,NO,NO,99381000021183036,INR,1.00,false,44571.00,0.00,0.00,,,,0.00,,,,,,,,,0.00,Other Charges,99381000000098082,Pushed,4296a2853a0ff8fd7947772474d0862b08657077734c4d26b68806c7630bcca4,,YES/24-25/3458,2025-03-17,0.000,,,,0.00,,,,,,,,,,,,,,,,true,PLATFORM SCALE-BENCH(GREEN-O),FALSE,0.00,0.0,16.00,"Make: YESWEIGH Model:YSP-50 Max:50kg e:5g Min:100g Class:III Display : Green
Serial No : YYC65712 - YYC65727
(Product packed in dismantled condition)",6624.00,36800.00,YES/24-25/3458,Cochin,9.00,9.00,0.00,0.00,3312.00,3312.00,0.00,0.00,3312.00,3312.00,0.00,0.00,Sales Return,,,"{""SellerGstin"":""32AAFCI1950F1ZZ"",""BuyerGstin"":""32BCFPM4683K1ZC"",""DocNo"":""CN-00176"",""DocTyp"":""CRN"",""DocDt"":""19/03/2025"",""TotInvVal"":44571.0,""ItemCnt"":2,""MainHsnCode"":""84238290"",""Irn"":""4296a2853a0ff8fd7947772474d0862b08657077734c4d26b68806c7630bcca4"",""IrnDt"":""2025-03-19 15:22:00""}",eyJhbGciOiJSUzI1NiIsImtpZCI6IjRERTE1NDRBRTY5NUJEQzg0RUM3QkMxMkYyRjU3RjgxM0Y0NEUzMDEiLCJ4NXQiOiJUZUZVU3VhVnZjaE94N3dTOHZWX2dUOUU0d0UiLCJ0eXAiOiJKV1QifQ.eyJpc3MiOiJOSUMiLCJkYXRhIjoie1wiU2VsbGVyR3N0aW5cIjpcIjMyQUFGQ0kxOTUwRjFaWlwiLFwiQnV5ZXJHc3RpblwiOlwiMzJCQ0ZQTTQ2ODNLMVpDXCIsXCJEb2NOb1wiOlwiQ04tMDAxNzZcIixcIkRvY1R5cFwiOlwiQ1JOXCIsXCJEb2NEdFwiOlwiMTkvMDMvMjAyNVwiLFwiVG90SW52VmFsXCI6NDQ1NzEuMCxcIkl0ZW1DbnRcIjoyLFwiTWFpbkhzbkNvZGVcIjpcIjg0MjM4MjkwXCIsXCJJcm5cIjpcIjQyOTZhMjg1M2EwZmY4ZmQ3OTQ3NzcyNDc0ZDA4NjJiMDg2NTcwNzc3MzRjNGQyNmI2ODgwNmM3NjMwYmNjYTRcIixcIklybkR0XCI6XCIyMDI1LTAzLTE5IDE1OjIyOjAwXCJ9In0.GPzxd_BRot1ORqk0y-zZIOJBYRMKoFDRMRx5oj-HnzU-JEF_gc9F9xQnR2mSxXddAAE5ZZFWg3gsmeqN7c_65mRrAhSVJnqWquIseHHKbYOFuO0ptWbSv0cyz-ECTq0i-RSYi_mizMKqhM6qNiyHAchq2vL4Rj09wrUkGuRdITS5dne_q2AO3M9UTnXgu3AYilhk34X113xP5ooAlFcq0ruSZdHO9C9fnPo_YE1sv5lbQBFJiJPs-NWY7EnlbR59Q5ausJdNHpu4F4TSHBpuEg88MLNatSx_X1kPeVHgiOxmdg3j5FIB2VfvmoV8O-p-p3sJWN3TjJQ9Bg7NiQ5paA,152521086846260,2025-03-19 15:22:00,,,,INTERWEIGHING PVT LTD,32AAFCI1950F1ZZ,3PL Warehouse : C/O LOGIWIZ LOGISTICS INDIA PVT LTD,COCHIN,Kerala,India,683503,8803333444,admin@yesweigh.in,Taxable,99381000000006208,GST18,18.00,Tax Group,,,,,,0.000,,,32-Kerala,business_registered_composition,32BCFPM4683K1ZC,,,,Others,entity_level,KL,37772.00,0.04,Adjustment,Registered,goods,Spreadsheet Template,nos,2300.00,84238290,Sales,,BPCG,,,,,,,,,,,,,,,0.000,Cochin,,
2025-03-19,,99381000000557009,,99381000021216064,CN-00176,Closed,Accounts Receivable,Vega scales,Vega scales,"11/803, Cheruvattom building","Moonupeedika, kaipamangalam.
9645665377",Thrissur,Kerala,India,680681,9526225540,,Vega scales,Edathirinji po,"Irinjalakuda, Thrissur",Thrissur,Kerala,India,9526225540,680122,,NO,NO,99381000021183036,INR,1.00,false,44571.00,0.00,0.00,,,,0.00,,,,,,,,,0.00,Other Charges,99381000000098082,Pushed,4296a2853a0ff8fd7947772474d0862b08657077734c4d26b68806c7630bcca4,,YES/24-25/3458,2025-03-17,0.000,,,,0.00,,,,,,,,,,,,,,,,true,Freight Charges,FALSE,0.00,0.0,108.00,,174.96,972.00,YES/24-25/3458,Cochin,9.00,9.00,0.00,0.00,87.48,87.48,0.00,0.00,87.48,87.48,0.00,0.00,Sales Return,,,"{""SellerGstin"":""32AAFCI1950F1ZZ"",""BuyerGstin"":""32BCFPM4683K1ZC"",""DocNo"":""CN-00176"",""DocTyp"":""CRN"",""DocDt"":""19/03/2025"",""TotInvVal"":44571.0,""ItemCnt"":2,""MainHsnCode"":""84238290"",""Irn"":""4296a2853a0ff8fd7947772474d0862b08657077734c4d26b68806c7630bcca4"",""IrnDt"":""2025-03-19 15:22:00""}",eyJhbGciOiJSUzI1NiIsImtpZCI6IjRERTE1NDRBRTY5NUJEQzg0RUM3QkMxMkYyRjU3RjgxM0Y0NEUzMDEiLCJ4NXQiOiJUZUZVU3VhVnZjaE94N3dTOHZWX2dUOUU0d0UiLCJ0eXAiOiJKV1QifQ.eyJpc3MiOiJOSUMiLCJkYXRhIjoie1wiU2VsbGVyR3N0aW5cIjpcIjMyQUFGQ0kxOTUwRjFaWlwiLFwiQnV5ZXJHc3RpblwiOlwiMzJCQ0ZQTTQ2ODNLMVpDXCIsXCJEb2NOb1wiOlwiQ04tMDAxNzZcIixcIkRvY1R5cFwiOlwiQ1JOXCIsXCJEb2NEdFwiOlwiMTkvMDMvMjAyNVwiLFwiVG90SW52VmFsXCI6NDQ1NzEuMCxcIkl0ZW1DbnRcIjoyLFwiTWFpbkhzbkNvZGVcIjpcIjg0MjM4MjkwXCIsXCJJcm5cIjpcIjQyOTZhMjg1M2EwZmY4ZmQ3OTQ3NzcyNDc0ZDA4NjJiMDg2NTcwNzc3MzRjNGQyNmI2ODgwNmM3NjMwYmNjYTRcIixcIklybkR0XCI6XCIyMDI1LTAzLTE5IDE1OjIyOjAwXCJ9In0.GPzxd_BRot1ORqk0y-zZIOJBYRMKoFDRMRx5oj-HnzU-JEF_gc9F9xQnR2mSxXddAAE5ZZFWg3gsmeqN7c_65mRrAhSVJnqWquIseHHKbYOFuO0ptWbSv0cyz-ECTq0i-RSYi_mizMKqhM6qNiyHAchq2vL4Rj09wrUkGuRdITS5dne_q2AO3M9UTnXgu3AYilhk34X113xP5ooAlFcq0ruSZdHO9C9fnPo_YE1sv5lbQBFJiJPs-NWY7EnlbR59Q5ausJdNHpu4F4TSHBpuEg88MLNatSx_X1kPeVHgiOxmdg3j5FIB2VfvmoV8O-p-p3sJWN3TjJQ9Bg7NiQ5paA,152521086846260,2025-03-19 15:22:00,,,,INTERWEIGHING PVT LTD,32AAFCI1950F1ZZ,3PL Warehouse : C/O LOGIWIZ LOGISTICS INDIA PVT LTD,COCHIN,Kerala,India,683503,8803333444,admin@yesweigh.in,Taxable,99381000000006208,GST18,18.00,Tax Group,,,,,,0.000,,,32-Kerala,business_registered_composition,32BCFPM4683K1ZC,,,,Others,entity_level,KL,37772.00,0.04,Adjustment,Registered,service,Spreadsheet Template,kg,9.00,996819,Sales,,COCS,,,,,,,,,,,,,,,0.000,,,
2025-03-22,,,,99381000021290971,CN-00177,Closed,Accounts Receivable,ACCURATE TRADE LINKS,Harish,Future Centre,Ottukuzhi Road,Trivandrum,Kerala,India,695001,9847141007,,Harish,Future Centre,Ottukuzhi Road,Trivandrum,Kerala,India,9847141007,695001,,NO,NO,99381000000114383,INR,1.00,false,33907.00,0.00,0.00,,,,0.00,,,,,,,,,0.00,,99381000000098082,Yet To Be Pushed,,,YES/24-25/3506,2025-03-22,0.000,,,,0.00,,,,,,,,,,,,,,,,true,,FALSE,0.00,0.0,1.00,Discount Allowed,0.00,33907.00,YES/24-25/3506,Cochin,,,,,,,,,,,,,Post Sale Discount,,,,,,,,,,INTERWEIGHING PVT LTD,32AAFCI1950F1ZZ,3PL Warehouse : C/O LOGIWIZ LOGISTICS INDIA PVT LTD,COCHIN,Kerala,India,683503,8803333444,admin@yesweigh.in,Out of Scope,,,,,,,,,,0.000,,,32-Kerala,business_gst,32AHJPK1741Q1Z4,,,,Others,entity_level,KL,33907.00,0.00,Adjustment,,service,Spreadsheet Template,,33907.00,,Trade Discount,,,,,,,,,,,,,,,,,0.000,,,
2025-03-22,,,,99381000021291031,CN-00178,Closed,Accounts Receivable,ACCURATE TRADE LINKS,Harish,Future Centre,Ottukuzhi Road,Trivandrum,Kerala,India,695001,9847141007,,Harish,Future Centre,Ottukuzhi Road,Trivandrum,Kerala,India,9847141007,695001,,NO,NO,99381000000114383,INR,1.00,false,40205.00,0.00,0.00,,,,0.00,,,,,,,,,0.00,,99381000000098082,Yet To Be Pushed,,,YES/24-25/3507,2025-03-22,0.000,,,,0.00,,,,,,,,,,,,,,,,true,,FALSE,0.00,0.0,1.00,Discount Allowed,0.00,40205.00,YES/24-25/3507,Cochin,,,,,,,,,,,,,Post Sale Discount,,,,,,,,,,INTERWEIGHING PVT LTD,32AAFCI1950F1ZZ,3PL Warehouse : C/O LOGIWIZ LOGISTICS INDIA PVT LTD,COCHIN,Kerala,India,683503,8803333444,admin@yesweigh.in,Out of Scope,,,,,,,,,,0.000,,,32-Kerala,business_gst,32AHJPK1741Q1Z4,,,,Others,entity_level,KL,40205.00,0.00,Adjustment,,service,Spreadsheet Template,,40205.00,,Trade Discount,,,,,,,,,,,,,,,,,0.000,,,
2025-03-22,,,,99381000021291343,CN-00179,Closed,Accounts Receivable,MEEZAN ELECTRONIC SCALES PRIVATE LIMITED,Riyas,"8/308A Meezan Tower
Calicut Road, Manjeri",,Manjeri,Kerala,India,676121,9446157730,,Riyas,"8/308A Meezan Tower 
Calicut Road , Manjeri",,MANJERI,Kerala,India,9446157730,676121,,NO,NO,99381000000112170,INR,1.00,false,17580.00,0.00,0.00,,,,0.00,,,,,,,,,0.00,,99381000000098082,Yet To Be Pushed,,,YES/24-25/3509,2025-03-22,0.000,,,,0.00,,,,,,,,,,,,,,,,true,,FALSE,0.00,0.0,1.00,Discount Allowed,0.00,17580.00,YES/24-25/3509,Cochin,,,,,,,,,,,,,Post Sale Discount,,,,,,,,,,INTERWEIGHING PVT LTD,32AAFCI1950F1ZZ,3PL Warehouse : C/O LOGIWIZ LOGISTICS INDIA PVT LTD,COCHIN,Kerala,India,683503,8803333444,admin@yesweigh.in,Out of Scope,,,,,,,,,,0.000,,,32-Kerala,business_gst,32AAECM1277C1ZY,,,,Eldho (Directors),entity_level,KL,17580.00,0.00,Adjustment,,service,Spreadsheet Template,,17580.00,,Trade Discount,,,,,,,,,,,,,,,,,0.000,,,
2025-03-24,,,,99381000021309084,CN-00180,Closed,Accounts Receivable,KRAUS INSTRUMENTS,,"1,11/411/14, ABHCON CROWN,","AMBADY LANE, KOKKALAI","KOKKALAI, THRISSUR",Kerala,India,680001,99617020321,,,"1,11/411/14, ABHCON CROWN,","AMBADY LANE, KOKKALAI","KOKKALAI, THRISSUR",Kerala,India,99617020321,680001,,NO,NO,99381000000309611,INR,1.00,false,48734.00,0.00,0.00,,,,0.00,,,,,,,,,0.00,,99381000000098082,Yet To Be Pushed,,,YES/24-25/3536,2025-03-24,0.000,,,,0.00,,,,,,,,,,,,,,,,true,,FALSE,0.00,0.0,1.00,Discount Allowed,0.00,48734.00,YES/24-25/3536,Cochin,,,,,,,,,,,,,Post Sale Discount,,,,,,,,,,INTERWEIGHING PVT LTD,32AAFCI1950F1ZZ,3PL Warehouse : C/O LOGIWIZ LOGISTICS INDIA PVT LTD,COCHIN,Kerala,India,683503,8803333444,admin@yesweigh.in,Out of Scope,,,,,,,,,,0.000,,,32-Kerala,business_gst,32AASFK0676Q1ZM,,,,Eldho (Directors),entity_level,KL,48734.00,0.00,Adjustment,,service,Spreadsheet Template,,48734.00,,Trade Discount,,,,,,,,,,,,,,,,,0.000,,,
2025-03-24,,,,99381000021309144,CN-00181,Closed,Accounts Receivable,KRAUS INSTRUMENTS,,"1,11/411/14, ABHCON CROWN,","AMBADY LANE, KOKKALAI","KOKKALAI, THRISSUR",Kerala,India,680001,99617020321,,,"1,11/411/14, ABHCON CROWN,","AMBADY LANE, KOKKALAI","KOKKALAI, THRISSUR",Kerala,India,99617020321,680001,,NO,NO,99381000000309611,INR,1.00,false,29810.00,0.00,0.00,,,,0.00,,,,,,,,,0.00,,99381000000098082,Yet To Be Pushed,,,YES/24-25/3541,2025-03-24,0.000,,,,0.00,,,,,,,,,,,,,,,,true,,FALSE,0.00,0.0,1.00,Discount Allowed,0.00,29810.00,YES/24-25/3541,Cochin,,,,,,,,,,,,,Post Sale Discount,,,,,,,,,,INTERWEIGHING PVT LTD,32AAFCI1950F1ZZ,3PL Warehouse : C/O LOGIWIZ LOGISTICS INDIA PVT LTD,COCHIN,Kerala,India,683503,8803333444,admin@yesweigh.in,Out of Scope,,,,,,,,,,0.000,,,32-Kerala,business_gst,32AASFK0676Q1ZM,,,,Eldho (Directors),entity_level,KL,29810.00,0.00,Adjustment,,service,Spreadsheet Template,,29810.00,,Trade Discount,,,,,,,,,,,,,,,,,0.000,,,
2025-03-25,,,,99381000021355663,CN-00182,Closed,Accounts Receivable,GOODWILL ENGINEERS CORPORATION,,14/498,"22nd miles,",Manjeri,Kerala,India,676121,9895324056,,,14/498,"22nd miles,",Manjeri,Kerala,India,9895324056,676121,,NO,NO,99381000000385047,INR,1.00,false,16129.00,0.00,0.00,,,,0.00,,,,,,,,,0.00,,99381000000098082,Yet To Be Pushed,,,YES/24-25/3563,2025-03-25,0.000,,,,0.00,,,,,,,,,,,,,,,,true,,FALSE,0.00,0.0,1.00,Discount Allowed,0.00,16129.00,YES/24-25/3563,Cochin,,,,,,,,,,,,,Post Sale Discount,,,,,,,,,,INTERWEIGHING PVT LTD,32AAFCI1950F1ZZ,3PL Warehouse : C/O LOGIWIZ LOGISTICS INDIA PVT LTD,COCHIN,Kerala,India,683503,8803333444,admin@yesweigh.in,Out of Scope,,,,,,,,,,0.000,,,32-Kerala,business_gst,32AAKFG1445M1ZD,,,,Others,entity_level,KL,16129.00,0.00,Adjustment,,service,Spreadsheet Template,,16129.00,,Trade Discount,,,,,,,,,,,,,,,,,0.000,,,
2025-03-27,,,,99381000021411651,CN-00183,Closed,Accounts Receivable,Victory Scales,,"M/s Victory Scales
CSI Ascension Square, Below ICICI Bank",Collectrate P.O,"Kottayam,",Kerala,India,686016,9447165493,,,"Manickathinal Building,",Perumbaikad P.O,"Kottayam,",Kerala,India,9447165493,686016,,NO,NO,99381000000231096,INR,1.00,false,35282.00,0.00,0.00,,,,0.00,,,,,,,,,0.00,,99381000000098082,Yet To Be Pushed,,,YES/24-25/3597,2025-03-27,0.000,,,,0.00,,,,,,,,,,,,,,,,true,,FALSE,0.00,0.0,1.00,Discount Allowed,0.00,35282.00,YES/24-25/3597,Cochin,,,,,,,,,,,,,Post Sale Discount,,,,,,,,,,INTERWEIGHING PVT LTD,32AAFCI1950F1ZZ,3PL Warehouse : C/O LOGIWIZ LOGISTICS INDIA PVT LTD,COCHIN,Kerala,India,683503,8803333444,admin@yesweigh.in,Out of Scope,,,,,,,,,,0.000,,,32-Kerala,business_gst,32AAAAV1247P1ZC,,,,Others,entity_level,KL,35282.00,0.00,Adjustment,,service,Spreadsheet Template,,35282.00,,Trade Discount,,,,,,,,,,,,,,,,,0.000,,,
2025-03-27,,,,99381000021411800,CN-00184,Closed,Accounts Receivable,VENKATACHALAM & CO,,"590 ,VYSIAL STREET
OPPOSITE TO B1 POLICE STATION",,COIMBATORE,Tamil Nadu,India,641001,9655569000,,,"590 ,VYSIAL STREET
OPPOSITE TO B1 POLICE STATION",,COIMBATORE,Tamil Nadu,India,9655569000,641001,,NO,NO,99381000014693003,INR,1.00,false,64516.00,0.00,0.00,,,,0.00,,,,,,,,,0.00,,99381000000098082,Yet To Be Pushed,,,YES/24-25/3596,2025-03-27,0.000,,,,0.00,,,,,,,,,,,,,,,,true,,FALSE,0.00,0.0,1.00,Discount Allowed,0.00,64516.00,YES/24-25/3596,Cochin,,,,,,,,,,,,,Post Sale Discount,,,,,,,,,,INTERWEIGHING PVT LTD,32AAFCI1950F1ZZ,3PL Warehouse : C/O LOGIWIZ LOGISTICS INDIA PVT LTD,COCHIN,Kerala,India,683503,8803333444,admin@yesweigh.in,Out of Scope,,,,,,,,,,0.000,,,33-Tamil Nadu,business_gst,33AAUFV3958J1ZE,,,,Others,entity_level,TN,64516.00,0.00,Adjustment,,service,Spreadsheet Template,,64516.00,,Trade Discount,,,,,,,,,,,,,,,,,0.000,,,
2025-03-27,,,,99381000021411941,CN-00185,Closed,Accounts Receivable,Modern machines,,Pathirappally P.O.,,Alappuzha,Kerala,India,688521,9349139513,,,Pathirappally P.O.,,Alappuzha,Kerala,India,9349139513,688521,,NO,NO,99381000000036003,INR,1.00,false,16129.00,0.00,0.00,,,,0.00,,,,,,,,,0.00,,99381000000098082,Yet To Be Pushed,,,YES/24-25/3591,2025-03-27,0.000,,,,0.00,,,,,,,,,,,,,,,,true,,FALSE,0.00,0.0,1.00,Discount Allowed,0.00,16129.00,YES/24-25/3591,Cochin,,,,,,,,,,,,,Post Sale Discount,,,,,,,,,,INTERWEIGHING PVT LTD,32AAFCI1950F1ZZ,3PL Warehouse : C/O LOGIWIZ LOGISTICS INDIA PVT LTD,COCHIN,Kerala,India,683503,8803333444,admin@yesweigh.in,Out of Scope,,,,,,,,,,0.000,,,32-Kerala,business_gst,32EMRPS6226K1ZF,,,,Others,entity_level,KL,16129.00,0.00,Adjustment,,service,Spreadsheet Template,,16129.00,,Trade Discount,,,,,,,,,,,,,,,,,0.000,,,
2025-03-28,,,,99381000021412194,CN-00186,Closed,Accounts Receivable,TAKYON SYSTEMS,Mr. Vijay Kumar,Pallisserickal,Sasthamcotta,Kollam,Kerala,India,690521,04762830884,,Mr. Vijay Kumar,"Alleppy Parcel Service 
Godown Delivery, Baranikkavu",,Kollam,Kerala,India,04762830884,691010,,NO,NO,99381000000154574,INR,1.00,false,24638.00,0.00,0.00,,,,0.00,,,,,,,,,0.00,,99381000000098082,Yet To Be Pushed,,,YES/24-25/3605,2025-03-28,0.000,,,,0.00,,,,,,,,,,,,,,,,true,,FALSE,0.00,0.0,1.00,Discount Allowed,0.00,24638.00,YES/24-25/3605,Cochin,,,,,,,,,,,,,Post Sale Discount,,,,,,,,,,INTERWEIGHING PVT LTD,32AAFCI1950F1ZZ,3PL Warehouse : C/O LOGIWIZ LOGISTICS INDIA PVT LTD,COCHIN,Kerala,India,683503,8803333444,admin@yesweigh.in,Out of Scope,,,,,,,,,,0.000,,,32-Kerala,business_gst,32AANFT0176D1ZE,,,,Others,entity_level,KL,24638.00,0.00,Adjustment,,service,Spreadsheet Template,,24638.00,,Trade Discount,,,,,,,,,,,,,,,,,0.000,,,
2025-03-29,,,,99381000021434173,CN-00187,Closed,Accounts Receivable,Victory Scales,,"M/s Victory Scales
CSI Ascension Square, Below ICICI Bank",Collectrate P.O,"Kottayam,",Kerala,India,686016,9447165493,,,"Manickathinal Building,",Perumbaikad P.O,"Kottayam,",Kerala,India,9447165493,686016,,NO,NO,99381000000231096,INR,1.00,false,32331.00,0.00,0.00,,,,0.00,,,,,,,,,0.00,,99381000000098082,Yet To Be Pushed,,,YES/24-25/3631,2025-03-29,0.000,,,,0.00,,,,,,,,,,,,,,,,true,,FALSE,0.00,0.0,1.00,Discount Allowed,0.00,32331.00,YES/24-25/3631,Cochin,,,,,,,,,,,,,Post Sale Discount,,,,,,,,,,INTERWEIGHING PVT LTD,32AAFCI1950F1ZZ,3PL Warehouse : C/O LOGIWIZ LOGISTICS INDIA PVT LTD,COCHIN,Kerala,India,683503,8803333444,admin@yesweigh.in,Out of Scope,,,,,,,,,,0.000,,,32-Kerala,business_gst,32AAAAV1247P1ZC,,,,Others,entity_level,KL,32331.00,0.00,Adjustment,,service,Spreadsheet Template,,32331.00,,Trade Discount,,,,,,,,,,,,,,,,,0.000,,,
2025-03-29,,,,99381000021434233,CN-00188,Closed,Accounts Receivable,Dynamic Enterprises,,ROOM NO.19/747,MARKET ROAD. IRINJALAKKUDA PO,THRISSUR,Kerala,India,680121,,,,ROOM NO.19/747,MARKET ROAD. IRINJALAKKUDA PO,THRISSUR,Kerala,India,,680121,,NO,NO,99381000000151001,INR,1.00,false,33178.00,0.00,0.00,,,,0.00,,,,,,,,,0.00,,99381000000098082,Yet To Be Pushed,,,YES/24-25/3629,2025-03-29,0.000,,,,0.00,,,,,,,,,,,,,,,,true,,FALSE,0.00,0.0,1.00,Discount Allowed,0.00,33178.00,YES/24-25/3629,Cochin,,,,,,,,,,,,,Post Sale Discount,,,,,,,,,,INTERWEIGHING PVT LTD,32AAFCI1950F1ZZ,3PL Warehouse : C/O LOGIWIZ LOGISTICS INDIA PVT LTD,COCHIN,Kerala,India,683503,8803333444,admin@yesweigh.in,Out of Scope,,,,,,,,,,0.000,,,32-Kerala,business_gst,32ATJPS7075B1ZN,,,,Others,entity_level,KL,33178.00,0.00,Adjustment,,service,Spreadsheet Template,,33178.00,,Trade Discount,,,,,,,,,,,,,,,,,0.000,,,
2025-03-29,,,,99381000021434293,CN-00189,Closed,Accounts Receivable,ACCURATE TRADE LINKS,Harish,Future Centre,Ottukuzhi Road,Trivandrum,Kerala,India,695001,9847141007,,Harish,Future Centre,Ottukuzhi Road,Trivandrum,Kerala,India,9847141007,695001,,NO,NO,99381000000114383,INR,1.00,false,13675.00,0.00,0.00,,,,0.00,,,,,,,,,0.00,,99381000000098082,Yet To Be Pushed,,,YES/24-25/3627,2025-03-29,0.000,,,,0.00,,,,,,,,,,,,,,,,true,,FALSE,0.00,0.0,1.00,Discount Allowed,0.00,13675.00,YES/24-25/3627,Cochin,,,,,,,,,,,,,Post Sale Discount,,,,,,,,,,INTERWEIGHING PVT LTD,32AAFCI1950F1ZZ,3PL Warehouse : C/O LOGIWIZ LOGISTICS INDIA PVT LTD,COCHIN,Kerala,India,683503,8803333444,admin@yesweigh.in,Out of Scope,,,,,,,,,,0.000,,,32-Kerala,business_gst,32AHJPK1741Q1Z4,,,,Others,entity_level,KL,13675.00,0.00,Adjustment,,service,Spreadsheet Template,,13675.00,,Trade Discount,,,,,,,,,,,,,,,,,0.000,,,
2025-03-29,,,,99381000021434353,CN-00190,Closed,Accounts Receivable,ACCURATE TRADE LINKS,Harish,Future Centre,Ottukuzhi Road,Trivandrum,Kerala,India,695001,9847141007,,Harish,Future Centre,Ottukuzhi Road,Trivandrum,Kerala,India,9847141007,695001,,NO,NO,99381000000114383,INR,1.00,false,27151.00,0.00,0.00,,,,0.00,,,,,,,,,0.00,,99381000000098082,Yet To Be Pushed,,,YES/24-25/3628,2025-03-29,0.000,,,,0.00,,,,,,,,,,,,,,,,true,,FALSE,0.00,0.0,1.00,Discount Allowed,0.00,27151.00,YES/24-25/3628,Cochin,,,,,,,,,,,,,Post Sale Discount,,,,,,,,,,INTERWEIGHING PVT LTD,32AAFCI1950F1ZZ,3PL Warehouse : C/O LOGIWIZ LOGISTICS INDIA PVT LTD,COCHIN,Kerala,India,683503,8803333444,admin@yesweigh.in,Out of Scope,,,,,,,,,,0.000,,,32-Kerala,business_gst,32AHJPK1741Q1Z4,,,,Others,entity_level,KL,27151.00,0.00,Adjustment,,service,Spreadsheet Template,,27151.00,,Trade Discount,,,,,,,,,,,,,,,,,0.000,,,
2025-03-29,,,,99381000021434533,CN-00191,Closed,Accounts Receivable,Dynamic Enterprises,,ROOM NO.19/747,MARKET ROAD. IRINJALAKKUDA PO,THRISSUR,Kerala,India,680121,,,,ROOM NO.19/747,MARKET ROAD. IRINJALAKKUDA PO,THRISSUR,Kerala,India,,680121,,NO,NO,99381000000151001,INR,1.00,false,9324.00,0.00,0.00,,,,0.00,,,,,,,,,0.00,,99381000000098082,Yet To Be Pushed,,,YES/24-25/3633,2025-03-29,0.000,,,,0.00,,,,,,,,,,,,,,,,true,,FALSE,0.00,0.0,1.00,Discount Allowed,0.00,9324.00,YES/24-25/3633,Cochin,,,,,,,,,,,,,Post Sale Discount,,,,,,,,,,INTERWEIGHING PVT LTD,32AAFCI1950F1ZZ,3PL Warehouse : C/O LOGIWIZ LOGISTICS INDIA PVT LTD,COCHIN,Kerala,India,683503,8803333444,admin@yesweigh.in,Out of Scope,,,,,,,,,,0.000,,,32-Kerala,business_gst,32ATJPS7075B1ZN,,,,Others,entity_level,KL,9324.00,0.00,Adjustment,,service,Spreadsheet Template,,9324.00,,Trade Discount,,,,,,,,,,,,,,,,,0.000,,,
2025-03-29,,,,99381000021436207,CN-00192,Closed,Accounts Receivable,ALUVA SCALES INC,,XIII/228B,"SCALE TOWER,Desom -Chowara Road, East Desom",Aluva,Kerala,India,683102,9846145868,,,XIII/228B,"SCALE TOWER,Desom -Chowara Road, East Desom",Aluva,Kerala,India,9846145868,683102,,NO,NO,99381000000014794,INR,1.00,false,16129.00,0.00,0.00,,,,0.00,,,,,,,,,0.00,,99381000000098082,Yet To Be Pushed,,,YES/24-25/3636,2025-03-29,0.000,,,,0.00,,,,,,,,,,,,,,,,true,,FALSE,0.00,0.0,1.00,Discount Allowed,0.00,16129.00,YES/24-25/3636,Cochin,,,,,,,,,,,,,Post Sale Discount,,,,,,,,,,INTERWEIGHING PVT LTD,32AAFCI1950F1ZZ,3PL Warehouse : C/O LOGIWIZ LOGISTICS INDIA PVT LTD,COCHIN,Kerala,India,683503,8803333444,admin@yesweigh.in,Out of Scope,,,,,,,,,,0.000,,,32-Kerala,business_gst,32AAZFA1454F1ZI,,,,Others,entity_level,KL,16129.00,0.00,Adjustment,,service,Spreadsheet Template,,16129.00,,Trade Discount,,,,,,,,,,,,,,,,,0.000,,,
2025-03-29,,,,99381000021436705,CN-00193,Closed,Accounts Receivable,ACE ELECTRONICS,,"Akai tower ,
Near Tali Temple 
Thali ,Calicut",,Calicut,Kerala,India,673002,,,,"Akai tower ,
Near Tali Temple 
Thali ,Calicut",,Calicut,Kerala,India,,673002,,NO,NO,99381000000084508,INR,1.00,false,35941.00,0.00,0.00,,,,0.00,,,,,,,,,0.00,,99381000000098082,Yet To Be Pushed,,,YES/24-25/3635,2025-03-29,0.000,,,,0.00,,,,,,,,,,,,,,,,true,,FALSE,0.00,0.0,1.00,Discount Allowed,0.00,35941.00,YES/24-25/3635,Cochin,,,,,,,,,,,,,Post Sale Discount,,,,,,,,,,INTERWEIGHING PVT LTD,32AAFCI1950F1ZZ,3PL Warehouse : C/O LOGIWIZ LOGISTICS INDIA PVT LTD,COCHIN,Kerala,India,683503,8803333444,admin@yesweigh.in,Out of Scope,,,,,,,,,,0.000,,,32-Kerala,business_gst,32AAZFA3650P1ZV,,,,Others,entity_level,KL,35941.00,0.00,Adjustment,,service,Spreadsheet Template,,35941.00,,Trade Discount,,,,,,,,,,,,,,,,,0.000,,,
2025-03-29,,,,99381000021436874,CN-00194,Closed,Accounts Receivable,ELMASS’ Weighing & Automation Pvt. Ltd,,"Souhruda Lane, Lissie Hospital Road, Ernakulam – 682018",,ERNAKULAM,Kerala,India,682018,7034030141,,,"Souhruda Lane, Lissie Hospital Road, Ernakulam – 682018",,ERNAKULAM,Kerala,India,7034030141,682018,,NO,NO,99381000005074017,INR,1.00,false,12903.00,0.00,0.00,,,Azhar,0.00,,,,,,,,,0.00,,99381000000098082,Yet To Be Pushed,,,YES/24-25/3638,2025-03-29,0.000,,,,0.00,,,,,,,,,,,,,,,,true,,FALSE,0.00,0.0,1.00,Discount Allowed,0.00,12903.00,YES/24-25/3638,Cochin,,,,,,,,,,,,,Post Sale Discount,,,,,,,,,,INTERWEIGHING PVT LTD,32AAFCI1950F1ZZ,3PL Warehouse : C/O LOGIWIZ LOGISTICS INDIA PVT LTD,COCHIN,Kerala,India,683503,8803333444,admin@yesweigh.in,Out of Scope,,,,,,,,,,0.000,,,32-Kerala,business_gst,32AAGCE7631N1ZF,,,,Others,entity_level,KL,12903.00,0.00,Adjustment,,service,Spreadsheet Template,,12903.00,,Trade Discount,,,,,,,,,,,,,,,,,0.000,,,
2025-03-31,,,,99381000021468125,CN-00195,Closed,Accounts Receivable,TAKYON SYSTEMS,Mr. Vijay Kumar,Pallisserickal,Sasthamcotta,Kollam,Kerala,India,690521,04762830884,,Mr. Vijay Kumar,"Alleppy Parcel Service 
Godown Delivery, Baranikkavu",,Kollam,Kerala,India,04762830884,691010,,NO,NO,99381000000154574,INR,1.00,false,11449.00,0.00,0.00,,,,0.00,,,,,,,,,0.00,,99381000000098082,Yet To Be Pushed,,,YES/24-25/3644,2025-03-31,0.000,,,,0.00,,,,,,,,,,,,,,,,true,,FALSE,0.00,0.0,1.00,Discount Allowed,0.00,11449.00,YES/24-25/3644,Cochin,,,,,,,,,,,,,Post Sale Discount,,,,,,,,,,INTERWEIGHING PVT LTD,32AAFCI1950F1ZZ,3PL Warehouse : C/O LOGIWIZ LOGISTICS INDIA PVT LTD,COCHIN,Kerala,India,683503,8803333444,admin@yesweigh.in,Out of Scope,,,,,,,,,,0.000,,,32-Kerala,business_gst,32AANFT0176D1ZE,,,,Others,entity_level,KL,11449.00,0.00,Adjustment,,service,Spreadsheet Template,,11449.00,,Trade Discount,,,,,,,,,,,,,,,,,0.000,,,
2025-03-31,,,,99381000021468952,CN-00196,Closed,Accounts Receivable,ACCURATE TRADE LINKS,Harish,Future Centre,Ottukuzhi Road,Trivandrum,Kerala,India,695001,9847141007,,Harish,Future Centre,Ottukuzhi Road,Trivandrum,Kerala,India,9847141007,695001,,NO,NO,99381000000114383,INR,1.00,false,6927.00,0.00,0.00,,,,0.00,,,,,,,,,0.00,,99381000000098082,Yet To Be Pushed,,,YES/24-25/3647,2025-03-31,0.000,,,,0.00,,,,,,,,,,,,,,,,true,,FALSE,0.00,0.0,1.00,Discount Allowed,0.00,6927.00,YES/24-25/3647,Cochin,,,,,,,,,,,,,Post Sale Discount,,,,,,,,,,INTERWEIGHING PVT LTD,32AAFCI1950F1ZZ,3PL Warehouse : C/O LOGIWIZ LOGISTICS INDIA PVT LTD,COCHIN,Kerala,India,683503,8803333444,admin@yesweigh.in,Out of Scope,,,,,,,,,,0.000,,,32-Kerala,business_gst,32AHJPK1741Q1Z4,,,,Others,entity_level,KL,6927.00,0.00,Adjustment,,service,Spreadsheet Template,,6927.00,,Trade Discount,,,,,,,,,,,,,,,,,0.000,,,
2025-04-04,,99381000011340661,,99381000021546039,CN-00197,Closed,Accounts Receivable,ELMASS’ Weighing & Automation Pvt. Ltd,,"Souhruda Lane, Lissie Hospital Road, Ernakulam – 682018",,ERNAKULAM,Kerala,India,682018,7034030141,,,"Souhruda Lane, Lissie Hospital Road, Ernakulam – 682018",,ERNAKULAM,Kerala,India,7034030141,682018,,NO,NO,99381000005074017,INR,1.00,false,28910.00,0.00,0.00,,,,0.00,,,,,,,,,0.00,,99381000000098082,Pushed,5158e1931da9a5d23fec6508a198b1dc418210412a1374468e47d018e223c5f1,,YES/24-25/3643,2025-03-29,0.000,,,,0.00,,,,,,,,,,,,,,,,true,"SCANGLE - POS TERMINAL SGT-665 i5 14""",FALSE,0.00,0.0,1.00,"SCANGLE  DESKTOP WINDOWS POS
INTEL i5 3RD GEN WINDOWS 10,4GB+128GB SSD, 14'' FRONT DISPLAY,ALUMINIUM ALLOY CASE,COLOUR: BLACK
",4410.00,24500.00,YES/25-26/0042,Cochin,9.00,9.00,0.00,0.00,2205.00,2205.00,0.00,0.00,2205.00,2205.00,0.00,0.00,Sales Return,,,"{""SellerGstin"":""32AAFCI1950F1ZZ"",""BuyerGstin"":""32AAGCE7631N1ZF"",""DocNo"":""CN-00197"",""DocTyp"":""CRN"",""DocDt"":""04/04/2025"",""TotInvVal"":28910.0,""ItemCnt"":1,""MainHsnCode"":""84705010"",""Irn"":""5158e1931da9a5d23fec6508a198b1dc418210412a1374468e47d018e223c5f1"",""IrnDt"":""2025-04-04 12:18:00""}",eyJhbGciOiJSUzI1NiIsImtpZCI6IjRERTE1NDRBRTY5NUJEQzg0RUM3QkMxMkYyRjU3RjgxM0Y0NEUzMDEiLCJ4NXQiOiJUZUZVU3VhVnZjaE94N3dTOHZWX2dUOUU0d0UiLCJ0eXAiOiJKV1QifQ.eyJpc3MiOiJOSUMiLCJkYXRhIjoie1wiU2VsbGVyR3N0aW5cIjpcIjMyQUFGQ0kxOTUwRjFaWlwiLFwiQnV5ZXJHc3RpblwiOlwiMzJBQUdDRTc2MzFOMVpGXCIsXCJEb2NOb1wiOlwiQ04tMDAxOTdcIixcIkRvY1R5cFwiOlwiQ1JOXCIsXCJEb2NEdFwiOlwiMDQvMDQvMjAyNVwiLFwiVG90SW52VmFsXCI6Mjg5MTAuMCxcIkl0ZW1DbnRcIjoxLFwiTWFpbkhzbkNvZGVcIjpcIjg0NzA1MDEwXCIsXCJJcm5cIjpcIjUxNThlMTkzMWRhOWE1ZDIzZmVjNjUwOGExOThiMWRjNDE4MjEwNDEyYTEzNzQ0NjhlNDdkMDE4ZTIyM2M1ZjFcIixcIklybkR0XCI6XCIyMDI1LTA0LTA0IDEyOjE4OjAwXCJ9In0.cz1pIfGesRx6_KIdqgsoJ-3YTzAZmp-G3w_J9tSDgDTGzIZLR1qWbCiMe4Gybmq2uVNzO84T4A_5v8Ym3PIs4CQFQbelvBcc9wqhAVB7O6l14iNFDQeOJiy9LdKzVRnwT8lAL_TvA8DRa6mRc0bqP5-pnkq3HoXefZPLIWmWZsoPHu_8gwK_M12zi1I_D1ugQVYDWmTbqurdSvKxkK_IGJ1a6vJ7g_5T0r2kQJfV_Y-zbyjfXMTYr2pG8Pe3eBGv2DB_J_XDVi-k-wP98JOZf3NMPKaM-_v2ReOWvBrMmAWSY5M6KpgmcXV72_9-Dupd1a1FUYIp6V5D2C4W4qOppg,152521259074719,2025-04-04 12:18:00,,,,INTERWEIGHING PVT LTD,32AAFCI1950F1ZZ,3PL Warehouse : C/O LOGIWIZ LOGISTICS INDIA PVT LTD,COCHIN,Kerala,India,683503,8803333444,admin@yesweigh.in,Taxable,99381000000006208,GST18,18.00,Tax Group,,,,,,0.000,,,32-Kerala,business_gst,32AAGCE7631N1ZF,,,,,entity_level,KL,24500.00,0.00,Adjustment,Registered,goods,Spreadsheet Template,nos,24500.00,84705010,Sales,,664W14,,,,,,,,,,,,,,,0.000,Cochin,,
2025-04-09,,99381000000306107,,99381000021654425,CN-00198,Closed,Accounts Receivable,ELMASS’ Weighing & Automation Pvt. Ltd,,"Souhruda Lane, Lissie Hospital Road, Ernakulam – 682018",,ERNAKULAM,Kerala,India,682018,7034030141,,,"Souhruda Lane, Lissie Hospital Road, Ernakulam – 682018",,ERNAKULAM,Kerala,India,7034030141,682018,,NO,NO,99381000005074017,INR,1.00,false,2124.00,0.00,0.00,,,,0.00,,,,,,,,,0.00,,99381000000098082,Pushed,b6a11b0dc0c760f0075e6924613a19217a554d3f46b75a8977128fd0c82880d8,,YES/25-26/0024,2025-04-02,0.000,,,,0.00,,,,,,,,,,,,,,,,true,Floor Scale Indicator,FALSE,0.00,0.0,1.00,,324.00,1800.00,"YES/25-26/0109,YES/25-26/1247",Cochin,9.00,9.00,0.00,0.00,162.00,162.00,0.00,0.00,162.00,162.00,0.00,0.00,Sales Return,,,"{""SellerGstin"":""32AAFCI1950F1ZZ"",""BuyerGstin"":""32AAGCE7631N1ZF"",""DocNo"":""CN-00198"",""DocTyp"":""CRN"",""DocDt"":""09/04/2025"",""TotInvVal"":2124.0,""ItemCnt"":1,""MainHsnCode"":""84239020"",""Irn"":""b6a11b0dc0c760f0075e6924613a19217a554d3f46b75a8977128fd0c82880d8"",""IrnDt"":""2025-04-09 16:32:00""}",eyJhbGciOiJSUzI1NiIsImtpZCI6IjRERTE1NDRBRTY5NUJEQzg0RUM3QkMxMkYyRjU3RjgxM0Y0NEUzMDEiLCJ4NXQiOiJUZUZVU3VhVnZjaE94N3dTOHZWX2dUOUU0d0UiLCJ0eXAiOiJKV1QifQ.eyJpc3MiOiJOSUMiLCJkYXRhIjoie1wiU2VsbGVyR3N0aW5cIjpcIjMyQUFGQ0kxOTUwRjFaWlwiLFwiQnV5ZXJHc3RpblwiOlwiMzJBQUdDRTc2MzFOMVpGXCIsXCJEb2NOb1wiOlwiQ04tMDAxOThcIixcIkRvY1R5cFwiOlwiQ1JOXCIsXCJEb2NEdFwiOlwiMDkvMDQvMjAyNVwiLFwiVG90SW52VmFsXCI6MjEyNC4wLFwiSXRlbUNudFwiOjEsXCJNYWluSHNuQ29kZVwiOlwiODQyMzkwMjBcIixcIklyblwiOlwiYjZhMTFiMGRjMGM3NjBmMDA3NWU2OTI0NjEzYTE5MjE3YTU1NGQzZjQ2Yjc1YTg5NzcxMjhmZDBjODI4ODBkOFwiLFwiSXJuRHRcIjpcIjIwMjUtMDQtMDkgMTY6MzI6MDBcIn0ifQ.nSRWO2XGON24GX6GDf5gzStxoebFXDqwz43mRFZnNCd621XPGtX9CYbiveuFPQpACjqJOOwFTLEpe5Gx1olFtFgllXCGLc1mvGL2967etDYWCOuIJehBDJBYNSuuA7gCv7ZEs0OsJeWQkdjGMNpDk1XMlI2p2MkpaPDf3qXTPrDKfKav-zJ3h1vLyM1D_s1oP0zmuJuncn9q3a1w4QT7nYVhzTfkejBroFLf8c48xmZcGDRdLme5a_OOrmCymWaHz_L9qx4R27v5xDIIdUP8pNZU8U8-MSz8AN00tLr2QuyLmoXiPBJoxClJm36SW1A4aJl75dL6NFNr9BGg4RyLRg,152521324953341,2025-04-09 16:32:00,,,,INTERWEIGHING PVT LTD,32AAFCI1950F1ZZ,3PL Warehouse : C/O LOGIWIZ LOGISTICS INDIA PVT LTD,COCHIN,Kerala,India,683503,8803333444,admin@yesweigh.in,Taxable,99381000000006208,GST18,18.00,Tax Group,,,,,,0.000,,,32-Kerala,business_gst,32AAGCE7631N1ZF,,,,Eldho (Directors),entity_level,KL,1800.00,0.00,Adjustment,Registered,goods,Spreadsheet Template,nos,1800.00,84239020,Sales,,FSIND,,,,,,,,,,,,,,,0.000,Cochin,,1
2025-06-14,,99381000002536240,,99381000022817791,CN-00199,Closed,Accounts Receivable,TRAAS TECH,,VYAPARABHAVAN,"KAPPALAM,thaliparamba
9496400258",Kannur,Kerala,India,670141,9847460630,,,VYAPARABHAVAN,"KAPPALAM,thaliparamba
9496400258",Kannur,Kerala,India,9847460630,670141,,NO,NO,99381000000364094,INR,1.00,false,17682.00,0.00,0.00,,,,0.00,,,,,,,,,0.00,Other Charges,99381000000098082,Pushed,c63a27d1ee1e8e0def12a51010aef365375ef72f903cc83a17ea9627ecf8ca47,,YES/25-26/0523,2025-05-30,0.000,,,,0.00,,,,,,,,,,,,,,,,true,Label Printing Scale Q9LBL,FALSE,0.00,0.0,1.00,"Make:YESWEIGH  Model:YS-30   Max:30kg  e:5g  Min:100g  Class:III
Serial No : Y09045 (STAMPED)",2610.00,14500.00,YES/25-26/0654,Cochin,9.00,9.00,0.00,0.00,1305.00,1305.00,0.00,0.00,1305.00,1305.00,0.00,0.00,Sales Return,,,"{""SellerGstin"":""32AAFCI1950F1ZZ"",""BuyerGstin"":""32AAPFT2527C1ZF"",""DocNo"":""CN-00199"",""DocTyp"":""CRN"",""DocDt"":""14/06/2025"",""TotInvVal"":17682.0,""ItemCnt"":2,""MainHsnCode"":""84231000"",""Irn"":""c63a27d1ee1e8e0def12a51010aef365375ef72f903cc83a17ea9627ecf8ca47"",""IrnDt"":""2025-06-14 15:01:00""}",eyJhbGciOiJSUzI1NiIsImtpZCI6IjRERTE1NDRBRTY5NUJEQzg0RUM3QkMxMkYyRjU3RjgxM0Y0NEUzMDEiLCJ4NXQiOiJUZUZVU3VhVnZjaE94N3dTOHZWX2dUOUU0d0UiLCJ0eXAiOiJKV1QifQ.eyJpc3MiOiJOSUMiLCJkYXRhIjoie1wiU2VsbGVyR3N0aW5cIjpcIjMyQUFGQ0kxOTUwRjFaWlwiLFwiQnV5ZXJHc3RpblwiOlwiMzJBQVBGVDI1MjdDMVpGXCIsXCJEb2NOb1wiOlwiQ04tMDAxOTlcIixcIkRvY1R5cFwiOlwiQ1JOXCIsXCJEb2NEdFwiOlwiMTQvMDYvMjAyNVwiLFwiVG90SW52VmFsXCI6MTc2ODIuMCxcIkl0ZW1DbnRcIjoyLFwiTWFpbkhzbkNvZGVcIjpcIjg0MjMxMDAwXCIsXCJJcm5cIjpcImM2M2EyN2QxZWUxZThlMGRlZjEyYTUxMDEwYWVmMzY1Mzc1ZWY3MmY5MDNjYzgzYTE3ZWE5NjI3ZWNmOGNhNDdcIixcIklybkR0XCI6XCIyMDI1LTA2LTE0IDE1OjAxOjAwXCJ9In0.G0EnaJSG-Wshgj9GFmV7sy5hbn22FdVF7yOVIa03G36eSa9YBssT4k-ntQbA_EdGe4cwXPrD3nSdxLxmVEh6Y7MSAJ4dPc9h0YRK0caFOSyJ0s--uZPQWEolnA9qGL5_f7tMyH9EYUeIvxfHBEGsfG14GXf3TDOib-6APbSrRymor5Mb4IYizvYDPuysJM7T_Tw8WrWgFxhjb1Bhx0VcDNFb5z7dhx1K5OSVeT_lt0a5-2_EVogR0cPmVvTx-CqdoigTOPYt2zZzcmXIuSj9Zyt3eeDrOfZvwUNzCHUqILEqVnJNVkQOID7QKIEz7QdBZY3-wz8UCXxhc3x5L4pvPQ,152522026050071,2025-06-14 15:01:00,,,,INTERWEIGHING PVT LTD,32AAFCI1950F1ZZ,3PL Warehouse : C/O LOGIWIZ LOGISTICS INDIA PVT LTD,COCHIN,Kerala,India,683503,8803333444,admin@yesweigh.in,Taxable,99381000000006208,GST18,18.00,Tax Group,,,,,,0.000,,,32-Kerala,business_gst,32AAPFT2527C1ZF,,,,Visakh - Inside kerala,entity_level,KL,14985.00,-0.30,Adjustment,Registered,goods,Spreadsheet Template,nos,14500.00,84231000,Sales,,Q9LBL,,,,,,,,,,,,,,,0.000,Cochin,,1
2025-06-14,,99381000000186027,,99381000022817791,CN-00199,Closed,Accounts Receivable,TRAAS TECH,,VYAPARABHAVAN,"KAPPALAM,thaliparamba
9496400258",Kannur,Kerala,India,670141,9847460630,,,VYAPARABHAVAN,"KAPPALAM,thaliparamba
9496400258",Kannur,Kerala,India,9847460630,670141,,NO,NO,99381000000364094,INR,1.00,false,17682.00,0.00,0.00,,,,0.00,,,,,,,,,0.00,Other Charges,99381000000098082,Pushed,c63a27d1ee1e8e0def12a51010aef365375ef72f903cc83a17ea9627ecf8ca47,,YES/25-26/0523,2025-05-30,0.000,,,,0.00,,,,,,,,,,,,,,,,true,Government Stamping Fee /Expense for 30 kg,FALSE,0.00,0.0,1.00,,87.30,485.00,YES/25-26/0654,Cochin,9.00,9.00,0.00,0.00,43.65,43.65,0.00,0.00,43.65,43.65,0.00,0.00,Sales Return,,,"{""SellerGstin"":""32AAFCI1950F1ZZ"",""BuyerGstin"":""32AAPFT2527C1ZF"",""DocNo"":""CN-00199"",""DocTyp"":""CRN"",""DocDt"":""14/06/2025"",""TotInvVal"":17682.0,""ItemCnt"":2,""MainHsnCode"":""84231000"",""Irn"":""c63a27d1ee1e8e0def12a51010aef365375ef72f903cc83a17ea9627ecf8ca47"",""IrnDt"":""2025-06-14 15:01:00""}",eyJhbGciOiJSUzI1NiIsImtpZCI6IjRERTE1NDRBRTY5NUJEQzg0RUM3QkMxMkYyRjU3RjgxM0Y0NEUzMDEiLCJ4NXQiOiJUZUZVU3VhVnZjaE94N3dTOHZWX2dUOUU0d0UiLCJ0eXAiOiJKV1QifQ.eyJpc3MiOiJOSUMiLCJkYXRhIjoie1wiU2VsbGVyR3N0aW5cIjpcIjMyQUFGQ0kxOTUwRjFaWlwiLFwiQnV5ZXJHc3RpblwiOlwiMzJBQVBGVDI1MjdDMVpGXCIsXCJEb2NOb1wiOlwiQ04tMDAxOTlcIixcIkRvY1R5cFwiOlwiQ1JOXCIsXCJEb2NEdFwiOlwiMTQvMDYvMjAyNVwiLFwiVG90SW52VmFsXCI6MTc2ODIuMCxcIkl0ZW1DbnRcIjoyLFwiTWFpbkhzbkNvZGVcIjpcIjg0MjMxMDAwXCIsXCJJcm5cIjpcImM2M2EyN2QxZWUxZThlMGRlZjEyYTUxMDEwYWVmMzY1Mzc1ZWY3MmY5MDNjYzgzYTE3ZWE5NjI3ZWNmOGNhNDdcIixcIklybkR0XCI6XCIyMDI1LTA2LTE0IDE1OjAxOjAwXCJ9In0.G0EnaJSG-Wshgj9GFmV7sy5hbn22FdVF7yOVIa03G36eSa9YBssT4k-ntQbA_EdGe4cwXPrD3nSdxLxmVEh6Y7MSAJ4dPc9h0YRK0caFOSyJ0s--uZPQWEolnA9qGL5_f7tMyH9EYUeIvxfHBEGsfG14GXf3TDOib-6APbSrRymor5Mb4IYizvYDPuysJM7T_Tw8WrWgFxhjb1Bhx0VcDNFb5z7dhx1K5OSVeT_lt0a5-2_EVogR0cPmVvTx-CqdoigTOPYt2zZzcmXIuSj9Zyt3eeDrOfZvwUNzCHUqILEqVnJNVkQOID7QKIEz7QdBZY3-wz8UCXxhc3x5L4pvPQ,152522026050071,2025-06-14 15:01:00,,,,INTERWEIGHING PVT LTD,32AAFCI1950F1ZZ,3PL Warehouse : C/O LOGIWIZ LOGISTICS INDIA PVT LTD,COCHIN,Kerala,India,683503,8803333444,admin@yesweigh.in,Taxable,99381000000006208,GST18,18.00,Tax Group,,,,,,0.000,,,32-Kerala,business_gst,32AAPFT2527C1ZF,,,,Visakh - Inside kerala,entity_level,KL,14985.00,-0.30,Adjustment,Registered,goods,Spreadsheet Template,nos,485.00,76061190,Sales,,SF30,,,,,,,,,,,,,,,0.000,Cochin,,
2025-07-03,,99381000020778202,,99381000023158593,CN-00200,Closed,Accounts Receivable,INFRATECH SOLUTIONS,INFRATECH SOLUTIONS,AYIKKATTU BUILDING,NEAR STATE WARE HOUSE KAYAMKULAM,KAYAMKULAM,Kerala,India,690502,9020243036,,INFRATECH SOLUTIONS,AYIKKATTU BUILDING,NEAR STATE WARE HOUSE KAYAMKULAM,KAYAMKULAM,Kerala,India,9020243036,690502,,NO,NO,99381000020838003,INR,1.00,false,32804.00,0.00,0.00,,,,0.00,,,,,,,,,0.00,,99381000000098082,Pushed,aa6451bd0de5d65c074712c5f2e19222168017da32e28562a4c26e3f27d8a581,,YES/25-26/0105,2025-04-10,0.000,,,,0.00,,,,,,,,,,,,,,,,true,"SCANGLE - POS TERMINAL SGT-664i5 15"" AFB",FALSE,0.00,0.0,1.00,"i5 5TH GEN 4+128GB SSD 15"" FRONT DISPLAY WINDOWS 10,ALUMINIUM AALOY

00 OE C4F2 B2 71
88 53 2E 2F 11 EB
88 53 2E 2F 11 E7",5004.00,27800.00,,Cochin,9.00,9.00,0.00,0.00,2502.00,2502.00,0.00,0.00,2502.00,2502.00,0.00,0.00,Sales Return,,,"{""SellerGstin"":""32AAFCI1950F1ZZ"",""BuyerGstin"":""32GNDPM4443K1ZW"",""DocNo"":""CN-00200"",""DocTyp"":""CRN"",""DocDt"":""03/07/2025"",""TotInvVal"":32804.0,""ItemCnt"":1,""MainHsnCode"":""84705010"",""Irn"":""aa6451bd0de5d65c074712c5f2e19222168017da32e28562a4c26e3f27d8a581"",""IrnDt"":""2025-07-03 09:38:00""}",eyJhbGciOiJSUzI1NiIsImtpZCI6IjRERTE1NDRBRTY5NUJEQzg0RUM3QkMxMkYyRjU3RjgxM0Y0NEUzMDEiLCJ4NXQiOiJUZUZVU3VhVnZjaE94N3dTOHZWX2dUOUU0d0UiLCJ0eXAiOiJKV1QifQ.eyJpc3MiOiJOSUMiLCJkYXRhIjoie1wiU2VsbGVyR3N0aW5cIjpcIjMyQUFGQ0kxOTUwRjFaWlwiLFwiQnV5ZXJHc3RpblwiOlwiMzJHTkRQTTQ0NDNLMVpXXCIsXCJEb2NOb1wiOlwiQ04tMDAyMDBcIixcIkRvY1R5cFwiOlwiQ1JOXCIsXCJEb2NEdFwiOlwiMDMvMDcvMjAyNVwiLFwiVG90SW52VmFsXCI6MzI4MDQuMCxcIkl0ZW1DbnRcIjoxLFwiTWFpbkhzbkNvZGVcIjpcIjg0NzA1MDEwXCIsXCJJcm5cIjpcImFhNjQ1MWJkMGRlNWQ2NWMwNzQ3MTJjNWYyZTE5MjIyMTY4MDE3ZGEzMmUyODU2MmE0YzI2ZTNmMjdkOGE1ODFcIixcIklybkR0XCI6XCIyMDI1LTA3LTAzIDA5OjM4OjAwXCJ9In0.5SYWKSh7CUijs7yvO9UcI0YW8s93wl77Ou-yINFZDLeKO9fvogMeqAM2z6Afb2W-pKrRmN6JK5IBJTTJrBOa21vkUS_-gB8B30CZrLYN91cA08krykGEIeW73pBdbqHU0907xx5Jck-qTjWHJ8nFUZ1mG8P3hYDrl6wkDEtewaOUgdJ_AMpObOogt6rowF__5Qb8qr3ffmdRcOl2wOakZah4GBcKlnIWVireKptY3Yg3fdIIaAW2ULn7ag1xMqzum-t6ulyHIJ15DbiXVT-y9ThhTODTCTY2bxbWY7x6lFZ26w8XUVcpzrDwVoRSdOBWKVjZH7oNAapsEfptpdn7mA,152522226988185,2025-07-03 09:38:00,,,,INTERWEIGHING PVT LTD,32AAFCI1950F1ZZ,3PL Warehouse : C/O LOGIWIZ LOGISTICS INDIA PVT LTD,COCHIN,Kerala,India,683503,8803333444,admin@yesweigh.in,Taxable,99381000000006208,GST18,18.00,Tax Group,,,,,,0.000,,,32-Kerala,business_registered_composition,32GNDPM4443K1ZW,,,,Visakh - Inside kerala,entity_level,KL,27800.00,0.00,Adjustment,Registered,goods,Spreadsheet Template,nos,27800.00,84705010,Sales,,AFB,,,,,,,,,,,,,,,0.000,Cochin,,
2025-08-04,,99381000016785236,,99381000023733964,CN-00201,Closed,Accounts Receivable,CENTRAL TRADERS,,"Court Road
Tirur",,Malappuram,Kerala,India,676101,7034181000,,,"Court Road
Tirur",,Malappuram,Kerala,India,7034181000,676101,,NO,NO,99381000001392083,INR,1.00,false,36610.00,0.00,0.00,,,,0.00,,,,,,,,,0.00,Other Charges,99381000000098082,Pushed,99cc7028273d8e479adc6d88db66e33c33f982c339ca94dfe7b1f6565e4185e6,,YES/25-26/0943,2025-07-18,0.000,,,,0.00,,,,,,,,,,,,,,,,true,TABLE TOP SCALE PC (RED-AD),FALSE,0.00,0.0,16.00,"Max: 20kg  Min : 40g e : 2g Class III
Display : Red
Serial No : Y07261 - Y07276 (STAMPED)",2448.00,13600.00,YES/25-26/0943,Cochin,9.00,9.00,0.00,0.00,1224.00,1224.00,0.00,0.00,1224.00,1224.00,0.00,0.00,Sales Return,,,"{""SellerGstin"":""32AAFCI1950F1ZZ"",""BuyerGstin"":""32AFKPA2174A1Z9"",""DocNo"":""CN-00201"",""DocTyp"":""CRN"",""DocDt"":""04/08/2025"",""TotInvVal"":36610.0,""ItemCnt"":5,""MainHsnCode"":""84238190"",""Irn"":""99cc7028273d8e479adc6d88db66e33c33f982c339ca94dfe7b1f6565e4185e6"",""IrnDt"":""2025-08-04 12:49:00""}",eyJhbGciOiJSUzI1NiIsImtpZCI6IjRERTE1NDRBRTY5NUJEQzg0RUM3QkMxMkYyRjU3RjgxM0Y0NEUzMDEiLCJ4NXQiOiJUZUZVU3VhVnZjaE94N3dTOHZWX2dUOUU0d0UiLCJ0eXAiOiJKV1QifQ.eyJpc3MiOiJOSUMiLCJkYXRhIjoie1wiU2VsbGVyR3N0aW5cIjpcIjMyQUFGQ0kxOTUwRjFaWlwiLFwiQnV5ZXJHc3RpblwiOlwiMzJBRktQQTIxNzRBMVo5XCIsXCJEb2NOb1wiOlwiQ04tMDAyMDFcIixcIkRvY1R5cFwiOlwiQ1JOXCIsXCJEb2NEdFwiOlwiMDQvMDgvMjAyNVwiLFwiVG90SW52VmFsXCI6MzY2MTAuMCxcIkl0ZW1DbnRcIjo1LFwiTWFpbkhzbkNvZGVcIjpcIjg0MjM4MTkwXCIsXCJJcm5cIjpcIjk5Y2M3MDI4MjczZDhlNDc5YWRjNmQ4OGRiNjZlMzNjMzNmOTgyYzMzOWNhOTRkZmU3YjFmNjU2NWU0MTg1ZTZcIixcIklybkR0XCI6XCIyMDI1LTA4LTA0IDEyOjQ5OjAwXCJ9In0.qbR-HaS8F-2j5WW8fmjjJljwWyLMgWNr_05rIrvMnjlRFVelL9j7E4ju-w9L0jZPkHCAEeZQ7UnyxOtytWGqiuYgMrRQVsMRz0d5V4WBTCW1D8CZj6PbmA1AOpNwBXaQMiHC0VPJ6FL8XJmDQ6xnLURT2KRcSeaooFtG4PPP-UNgCt3lv_55T-YoWopzK5k3H2dwhZ7XkCLEmfYCb4xgUrw2bgk9SQzkQ4KmDFix1iMPIP5_rHHjKM-LVzHKvdPsIcnRIwJ7jAvfXLl3UsYTywLz9a9n2pxYBTJz0FJcgksmimVic7LK2WOYfYDlNku7kvOYGRHVtSEiUEPUOq1Nvg,152522583521160,2025-08-04 12:49:00,,,,INTERWEIGHING PVT LTD,32AAFCI1950F1ZZ,3PL Warehouse : C/O LOGIWIZ LOGISTICS INDIA PVT LTD,COCHIN,Kerala,India,683503,8803333444,admin@yesweigh.in,Taxable,99381000000006208,GST18,18.00,Tax Group,,,,,,0.000,,,32-Kerala,business_gst,32AFKPA2174A1Z9,,,,Others,entity_level,KL,31025.00,0.50,Adjustment,Registered,goods,Spreadsheet Template,nos,850.00,84238190,Sales,,ATM30RAD,,,,,,,,,,,,,,,0.000,Cochin,,
2025-08-04,,99381000000172016,,99381000023733964,CN-00201,Closed,Accounts Receivable,CENTRAL TRADERS,,"Court Road
Tirur",,Malappuram,Kerala,India,676101,7034181000,,,"Court Road
Tirur",,Malappuram,Kerala,India,7034181000,676101,,NO,NO,99381000001392083,INR,1.00,false,36610.00,0.00,0.00,,,,0.00,,,,,,,,,0.00,Other Charges,99381000000098082,Pushed,99cc7028273d8e479adc6d88db66e33c33f982c339ca94dfe7b1f6565e4185e6,,YES/25-26/0943,2025-07-18,0.000,,,,0.00,,,,,,,,,,,,,,,,true,Government Stamping Fee / Expense for 20 KG,FALSE,0.00,0.0,16.00,,921.60,5120.00,YES/25-26/0943,Cochin,9.00,9.00,0.00,0.00,460.80,460.80,0.00,0.00,460.80,460.80,0.00,0.00,Sales Return,,,"{""SellerGstin"":""32AAFCI1950F1ZZ"",""BuyerGstin"":""32AFKPA2174A1Z9"",""DocNo"":""CN-00201"",""DocTyp"":""CRN"",""DocDt"":""04/08/2025"",""TotInvVal"":36610.0,""ItemCnt"":5,""MainHsnCode"":""84238190"",""Irn"":""99cc7028273d8e479adc6d88db66e33c33f982c339ca94dfe7b1f6565e4185e6"",""IrnDt"":""2025-08-04 12:49:00""}",eyJhbGciOiJSUzI1NiIsImtpZCI6IjRERTE1NDRBRTY5NUJEQzg0RUM3QkMxMkYyRjU3RjgxM0Y0NEUzMDEiLCJ4NXQiOiJUZUZVU3VhVnZjaE94N3dTOHZWX2dUOUU0d0UiLCJ0eXAiOiJKV1QifQ.eyJpc3MiOiJOSUMiLCJkYXRhIjoie1wiU2VsbGVyR3N0aW5cIjpcIjMyQUFGQ0kxOTUwRjFaWlwiLFwiQnV5ZXJHc3RpblwiOlwiMzJBRktQQTIxNzRBMVo5XCIsXCJEb2NOb1wiOlwiQ04tMDAyMDFcIixcIkRvY1R5cFwiOlwiQ1JOXCIsXCJEb2NEdFwiOlwiMDQvMDgvMjAyNVwiLFwiVG90SW52VmFsXCI6MzY2MTAuMCxcIkl0ZW1DbnRcIjo1LFwiTWFpbkhzbkNvZGVcIjpcIjg0MjM4MTkwXCIsXCJJcm5cIjpcIjk5Y2M3MDI4MjczZDhlNDc5YWRjNmQ4OGRiNjZlMzNjMzNmOTgyYzMzOWNhOTRkZmU3YjFmNjU2NWU0MTg1ZTZcIixcIklybkR0XCI6XCIyMDI1LTA4LTA0IDEyOjQ5OjAwXCJ9In0.qbR-HaS8F-2j5WW8fmjjJljwWyLMgWNr_05rIrvMnjlRFVelL9j7E4ju-w9L0jZPkHCAEeZQ7UnyxOtytWGqiuYgMrRQVsMRz0d5V4WBTCW1D8CZj6PbmA1AOpNwBXaQMiHC0VPJ6FL8XJmDQ6xnLURT2KRcSeaooFtG4PPP-UNgCt3lv_55T-YoWopzK5k3H2dwhZ7XkCLEmfYCb4xgUrw2bgk9SQzkQ4KmDFix1iMPIP5_rHHjKM-LVzHKvdPsIcnRIwJ7jAvfXLl3UsYTywLz9a9n2pxYBTJz0FJcgksmimVic7LK2WOYfYDlNku7kvOYGRHVtSEiUEPUOq1Nvg,152522583521160,2025-08-04 12:49:00,,,,INTERWEIGHING PVT LTD,32AAFCI1950F1ZZ,3PL Warehouse : C/O LOGIWIZ LOGISTICS INDIA PVT LTD,COCHIN,Kerala,India,683503,8803333444,admin@yesweigh.in,Taxable,99381000000006208,GST18,18.00,Tax Group,,,,,,0.000,,,32-Kerala,business_gst,32AFKPA2174A1Z9,,,,Others,entity_level,KL,31025.00,0.50,Adjustment,Registered,goods,Spreadsheet Template,nos,320.00,76061190,Sales,,SF20,,,,,,,,,,,,,,,0.000,Cochin,,
2025-08-04,,99381000012887614,,99381000023733964,CN-00201,Closed,Accounts Receivable,CENTRAL TRADERS,,"Court Road
Tirur",,Malappuram,Kerala,India,676101,7034181000,,,"Court Road
Tirur",,Malappuram,Kerala,India,7034181000,676101,,NO,NO,99381000001392083,INR,1.00,false,36610.00,0.00,0.00,,,,0.00,,,,,,,,,0.00,Other Charges,99381000000098082,Pushed,99cc7028273d8e479adc6d88db66e33c33f982c339ca94dfe7b1f6565e4185e6,,YES/25-26/0943,2025-07-18,0.000,,,,0.00,,,,,,,,,,,,,,,,true,PRICE COMPUTING SCALE FSS(DQZ),FALSE,0.00,0.0,4.00,"Make: YESWEIGH Model: YSP 30
Max:30kg e:5g Min:100g Class:III
Serial No : Y07295 - Y07298 (STAMPED)",1728.00,9600.00,YES/25-26/0943,Cochin,9.00,9.00,0.00,0.00,864.00,864.00,0.00,0.00,864.00,864.00,0.00,0.00,Sales Return,,,"{""SellerGstin"":""32AAFCI1950F1ZZ"",""BuyerGstin"":""32AFKPA2174A1Z9"",""DocNo"":""CN-00201"",""DocTyp"":""CRN"",""DocDt"":""04/08/2025"",""TotInvVal"":36610.0,""ItemCnt"":5,""MainHsnCode"":""84238190"",""Irn"":""99cc7028273d8e479adc6d88db66e33c33f982c339ca94dfe7b1f6565e4185e6"",""IrnDt"":""2025-08-04 12:49:00""}",eyJhbGciOiJSUzI1NiIsImtpZCI6IjRERTE1NDRBRTY5NUJEQzg0RUM3QkMxMkYyRjU3RjgxM0Y0NEUzMDEiLCJ4NXQiOiJUZUZVU3VhVnZjaE94N3dTOHZWX2dUOUU0d0UiLCJ0eXAiOiJKV1QifQ.eyJpc3MiOiJOSUMiLCJkYXRhIjoie1wiU2VsbGVyR3N0aW5cIjpcIjMyQUFGQ0kxOTUwRjFaWlwiLFwiQnV5ZXJHc3RpblwiOlwiMzJBRktQQTIxNzRBMVo5XCIsXCJEb2NOb1wiOlwiQ04tMDAyMDFcIixcIkRvY1R5cFwiOlwiQ1JOXCIsXCJEb2NEdFwiOlwiMDQvMDgvMjAyNVwiLFwiVG90SW52VmFsXCI6MzY2MTAuMCxcIkl0ZW1DbnRcIjo1LFwiTWFpbkhzbkNvZGVcIjpcIjg0MjM4MTkwXCIsXCJJcm5cIjpcIjk5Y2M3MDI4MjczZDhlNDc5YWRjNmQ4OGRiNjZlMzNjMzNmOTgyYzMzOWNhOTRkZmU3YjFmNjU2NWU0MTg1ZTZcIixcIklybkR0XCI6XCIyMDI1LTA4LTA0IDEyOjQ5OjAwXCJ9In0.qbR-HaS8F-2j5WW8fmjjJljwWyLMgWNr_05rIrvMnjlRFVelL9j7E4ju-w9L0jZPkHCAEeZQ7UnyxOtytWGqiuYgMrRQVsMRz0d5V4WBTCW1D8CZj6PbmA1AOpNwBXaQMiHC0VPJ6FL8XJmDQ6xnLURT2KRcSeaooFtG4PPP-UNgCt3lv_55T-YoWopzK5k3H2dwhZ7XkCLEmfYCb4xgUrw2bgk9SQzkQ4KmDFix1iMPIP5_rHHjKM-LVzHKvdPsIcnRIwJ7jAvfXLl3UsYTywLz9a9n2pxYBTJz0FJcgksmimVic7LK2WOYfYDlNku7kvOYGRHVtSEiUEPUOq1Nvg,152522583521160,2025-08-04 12:49:00,,,,INTERWEIGHING PVT LTD,32AAFCI1950F1ZZ,3PL Warehouse : C/O LOGIWIZ LOGISTICS INDIA PVT LTD,COCHIN,Kerala,India,683503,8803333444,admin@yesweigh.in,Taxable,99381000000006208,GST18,18.00,Tax Group,,,,,,0.000,,,32-Kerala,business_gst,32AFKPA2174A1Z9,,,,Others,entity_level,KL,31025.00,0.50,Adjustment,Registered,goods,Spreadsheet Template,nos,2400.00,84238190,Sales,,ATMFSS,,,,,,,,,,,,,,,0.000,Cochin,,
2025-08-04,,99381000000186027,,99381000023733964,CN-00201,Closed,Accounts Receivable,CENTRAL TRADERS,,"Court Road
Tirur",,Malappuram,Kerala,India,676101,7034181000,,,"Court Road
Tirur",,Malappuram,Kerala,India,7034181000,676101,,NO,NO,99381000001392083,INR,1.00,false,36610.00,0.00,0.00,,,,0.00,,,,,,,,,0.00,Other Charges,99381000000098082,Pushed,99cc7028273d8e479adc6d88db66e33c33f982c339ca94dfe7b1f6565e4185e6,,YES/25-26/0943,2025-07-18,0.000,,,,0.00,,,,,,,,,,,,,,,,true,Government Stamping Fee /Expense for 30 kg,FALSE,0.00,0.0,4.00,,349.20,1940.00,YES/25-26/0943,Cochin,9.00,9.00,0.00,0.00,174.60,174.60,0.00,0.00,174.60,174.60,0.00,0.00,Sales Return,,,"{""SellerGstin"":""32AAFCI1950F1ZZ"",""BuyerGstin"":""32AFKPA2174A1Z9"",""DocNo"":""CN-00201"",""DocTyp"":""CRN"",""DocDt"":""04/08/2025"",""TotInvVal"":36610.0,""ItemCnt"":5,""MainHsnCode"":""84238190"",""Irn"":""99cc7028273d8e479adc6d88db66e33c33f982c339ca94dfe7b1f6565e4185e6"",""IrnDt"":""2025-08-04 12:49:00""}",eyJhbGciOiJSUzI1NiIsImtpZCI6IjRERTE1NDRBRTY5NUJEQzg0RUM3QkMxMkYyRjU3RjgxM0Y0NEUzMDEiLCJ4NXQiOiJUZUZVU3VhVnZjaE94N3dTOHZWX2dUOUU0d0UiLCJ0eXAiOiJKV1QifQ.eyJpc3MiOiJOSUMiLCJkYXRhIjoie1wiU2VsbGVyR3N0aW5cIjpcIjMyQUFGQ0kxOTUwRjFaWlwiLFwiQnV5ZXJHc3RpblwiOlwiMzJBRktQQTIxNzRBMVo5XCIsXCJEb2NOb1wiOlwiQ04tMDAyMDFcIixcIkRvY1R5cFwiOlwiQ1JOXCIsXCJEb2NEdFwiOlwiMDQvMDgvMjAyNVwiLFwiVG90SW52VmFsXCI6MzY2MTAuMCxcIkl0ZW1DbnRcIjo1LFwiTWFpbkhzbkNvZGVcIjpcIjg0MjM4MTkwXCIsXCJJcm5cIjpcIjk5Y2M3MDI4MjczZDhlNDc5YWRjNmQ4OGRiNjZlMzNjMzNmOTgyYzMzOWNhOTRkZmU3YjFmNjU2NWU0MTg1ZTZcIixcIklybkR0XCI6XCIyMDI1LTA4LTA0IDEyOjQ5OjAwXCJ9In0.qbR-HaS8F-2j5WW8fmjjJljwWyLMgWNr_05rIrvMnjlRFVelL9j7E4ju-w9L0jZPkHCAEeZQ7UnyxOtytWGqiuYgMrRQVsMRz0d5V4WBTCW1D8CZj6PbmA1AOpNwBXaQMiHC0VPJ6FL8XJmDQ6xnLURT2KRcSeaooFtG4PPP-UNgCt3lv_55T-YoWopzK5k3H2dwhZ7XkCLEmfYCb4xgUrw2bgk9SQzkQ4KmDFix1iMPIP5_rHHjKM-LVzHKvdPsIcnRIwJ7jAvfXLl3UsYTywLz9a9n2pxYBTJz0FJcgksmimVic7LK2WOYfYDlNku7kvOYGRHVtSEiUEPUOq1Nvg,152522583521160,2025-08-04 12:49:00,,,,INTERWEIGHING PVT LTD,32AAFCI1950F1ZZ,3PL Warehouse : C/O LOGIWIZ LOGISTICS INDIA PVT LTD,COCHIN,Kerala,India,683503,8803333444,admin@yesweigh.in,Taxable,99381000000006208,GST18,18.00,Tax Group,,,,,,0.000,,,32-Kerala,business_gst,32AFKPA2174A1Z9,,,,Others,entity_level,KL,31025.00,0.50,Adjustment,Registered,goods,Spreadsheet Template,nos,485.00,76061190,Sales,,SF30,,,,,,,,,,,,,,,0.000,Cochin,,
2025-08-04,,99381000000557009,,99381000023733964,CN-00201,Closed,Accounts Receivable,CENTRAL TRADERS,,"Court Road
Tirur",,Malappuram,Kerala,India,676101,7034181000,,,"Court Road
Tirur",,Malappuram,Kerala,India,7034181000,676101,,NO,NO,99381000001392083,INR,1.00,false,36610.00,0.00,0.00,,,,0.00,,,,,,,,,0.00,Other Charges,99381000000098082,Pushed,99cc7028273d8e479adc6d88db66e33c33f982c339ca94dfe7b1f6565e4185e6,,YES/25-26/0943,2025-07-18,0.000,,,,0.00,,,,,,,,,,,,,,,,true,Freight Charges,FALSE,0.00,0.0,85.00,,137.70,765.00,YES/25-26/0943,Cochin,9.00,9.00,0.00,0.00,68.85,68.85,0.00,0.00,68.85,68.85,0.00,0.00,Sales Return,,,"{""SellerGstin"":""32AAFCI1950F1ZZ"",""BuyerGstin"":""32AFKPA2174A1Z9"",""DocNo"":""CN-00201"",""DocTyp"":""CRN"",""DocDt"":""04/08/2025"",""TotInvVal"":36610.0,""ItemCnt"":5,""MainHsnCode"":""84238190"",""Irn"":""99cc7028273d8e479adc6d88db66e33c33f982c339ca94dfe7b1f6565e4185e6"",""IrnDt"":""2025-08-04 12:49:00""}",eyJhbGciOiJSUzI1NiIsImtpZCI6IjRERTE1NDRBRTY5NUJEQzg0RUM3QkMxMkYyRjU3RjgxM0Y0NEUzMDEiLCJ4NXQiOiJUZUZVU3VhVnZjaE94N3dTOHZWX2dUOUU0d0UiLCJ0eXAiOiJKV1QifQ.eyJpc3MiOiJOSUMiLCJkYXRhIjoie1wiU2VsbGVyR3N0aW5cIjpcIjMyQUFGQ0kxOTUwRjFaWlwiLFwiQnV5ZXJHc3RpblwiOlwiMzJBRktQQTIxNzRBMVo5XCIsXCJEb2NOb1wiOlwiQ04tMDAyMDFcIixcIkRvY1R5cFwiOlwiQ1JOXCIsXCJEb2NEdFwiOlwiMDQvMDgvMjAyNVwiLFwiVG90SW52VmFsXCI6MzY2MTAuMCxcIkl0ZW1DbnRcIjo1LFwiTWFpbkhzbkNvZGVcIjpcIjg0MjM4MTkwXCIsXCJJcm5cIjpcIjk5Y2M3MDI4MjczZDhlNDc5YWRjNmQ4OGRiNjZlMzNjMzNmOTgyYzMzOWNhOTRkZmU3YjFmNjU2NWU0MTg1ZTZcIixcIklybkR0XCI6XCIyMDI1LTA4LTA0IDEyOjQ5OjAwXCJ9In0.qbR-HaS8F-2j5WW8fmjjJljwWyLMgWNr_05rIrvMnjlRFVelL9j7E4ju-w9L0jZPkHCAEeZQ7UnyxOtytWGqiuYgMrRQVsMRz0d5V4WBTCW1D8CZj6PbmA1AOpNwBXaQMiHC0VPJ6FL8XJmDQ6xnLURT2KRcSeaooFtG4PPP-UNgCt3lv_55T-YoWopzK5k3H2dwhZ7XkCLEmfYCb4xgUrw2bgk9SQzkQ4KmDFix1iMPIP5_rHHjKM-LVzHKvdPsIcnRIwJ7jAvfXLl3UsYTywLz9a9n2pxYBTJz0FJcgksmimVic7LK2WOYfYDlNku7kvOYGRHVtSEiUEPUOq1Nvg,152522583521160,2025-08-04 12:49:00,,,,INTERWEIGHING PVT LTD,32AAFCI1950F1ZZ,3PL Warehouse : C/O LOGIWIZ LOGISTICS INDIA PVT LTD,COCHIN,Kerala,India,683503,8803333444,admin@yesweigh.in,Taxable,99381000000006208,GST18,18.00,Tax Group,,,,,,0.000,,,32-Kerala,business_gst,32AFKPA2174A1Z9,,,,Others,entity_level,KL,31025.00,0.50,Adjustment,Registered,service,Spreadsheet Template,kg,9.00,996819,Sales,,COCS,,,,,,,,,,,,,,,0.000,,,
2025-08-04,,99381000016785236,,99381000023737121,CN-00202,Closed,Accounts Receivable,CENTRAL TRADERS,,"Court Road
Tirur",,Malappuram,Kerala,India,676101,7034181000,,,"Court Road
Tirur",,Malappuram,Kerala,India,7034181000,676101,,NO,NO,99381000001392083,INR,1.00,false,22727.00,0.00,0.00,,,,0.00,,,,,,,,,0.00,Other Charges,99381000000098082,Pushed,cac04dad85fded9d65847c41022508ef49bc2ea0a190db1b14d95b4b87804c28,,YES/25-26/0915,2025-07-15,0.000,,,,0.00,,,,,,,,,,,,,,,,true,TABLE TOP SCALE PC (RED-AD),FALSE,0.00,0.0,16.00,"Max: 20kg  Min : 40g e : 2g Class III
Display : Red
Serial No : Y07186 - Y07201 (STAMPED)",2448.00,13600.00,YES/25-26/0915,Cochin,9.00,9.00,0.00,0.00,1224.00,1224.00,0.00,0.00,1224.00,1224.00,0.00,0.00,Sales Return,,,"{""SellerGstin"":""32AAFCI1950F1ZZ"",""BuyerGstin"":""32AFKPA2174A1Z9"",""DocNo"":""CN-00202"",""DocTyp"":""CRN"",""DocDt"":""04/08/2025"",""TotInvVal"":22727.0,""ItemCnt"":3,""MainHsnCode"":""84238190"",""Irn"":""cac04dad85fded9d65847c41022508ef49bc2ea0a190db1b14d95b4b87804c28"",""IrnDt"":""2025-08-04 12:51:00""}",eyJhbGciOiJSUzI1NiIsImtpZCI6IjRERTE1NDRBRTY5NUJEQzg0RUM3QkMxMkYyRjU3RjgxM0Y0NEUzMDEiLCJ4NXQiOiJUZUZVU3VhVnZjaE94N3dTOHZWX2dUOUU0d0UiLCJ0eXAiOiJKV1QifQ.eyJpc3MiOiJOSUMiLCJkYXRhIjoie1wiU2VsbGVyR3N0aW5cIjpcIjMyQUFGQ0kxOTUwRjFaWlwiLFwiQnV5ZXJHc3RpblwiOlwiMzJBRktQQTIxNzRBMVo5XCIsXCJEb2NOb1wiOlwiQ04tMDAyMDJcIixcIkRvY1R5cFwiOlwiQ1JOXCIsXCJEb2NEdFwiOlwiMDQvMDgvMjAyNVwiLFwiVG90SW52VmFsXCI6MjI3MjcuMCxcIkl0ZW1DbnRcIjozLFwiTWFpbkhzbkNvZGVcIjpcIjg0MjM4MTkwXCIsXCJJcm5cIjpcImNhYzA0ZGFkODVmZGVkOWQ2NTg0N2M0MTAyMjUwOGVmNDliYzJlYTBhMTkwZGIxYjE0ZDk1YjRiODc4MDRjMjhcIixcIklybkR0XCI6XCIyMDI1LTA4LTA0IDEyOjUxOjAwXCJ9In0.jvX4KfwAzHC1iitXTWyvqOI_U56H2b_d7-24Pv9EBtcjvw5ofHDhyhyUP8rjvz1cghZBXbSqlhHl84TVBK8HWXFR8UXYfxE44pamYh9hF2YNoK0dXfrwGJxTOW4WPj2OWJWVQMpAIttVAxIYga07T3EGNbsZG-YNthSsNduDz0rEY7ct4NllTfg40Y_ZBGPjUd1KSdH5UQGubY8uUMs3nfjYFRqI3G-nw4QEpGpLMSzxq_uDMTfRcl7Ofx1Z5uWjWjOjW4l4z7G0B0aFZiArwBGpS9FOhlTZ5q6j7_McHtg70PsZCRMet8KNNW_LO0jESjwFoVvwFeq8sMdbmRQFdA,152522583558164,2025-08-04 12:51:00,,,,INTERWEIGHING PVT LTD,32AAFCI1950F1ZZ,3PL Warehouse : C/O LOGIWIZ LOGISTICS INDIA PVT LTD,COCHIN,Kerala,India,683503,8803333444,admin@yesweigh.in,Taxable,99381000000006208,GST18,18.00,Tax Group,,,,,,0.000,,,32-Kerala,business_gst,32AFKPA2174A1Z9,,,,Others,entity_level,KL,19260.00,0.20,Adjustment,Registered,goods,Spreadsheet Template,nos,850.00,84238190,Sales,,ATM30RAD,,,,,,,,,,,,,,,0.000,Cochin,,
2025-08-04,,99381000000172016,,99381000023737121,CN-00202,Closed,Accounts Receivable,CENTRAL TRADERS,,"Court Road
Tirur",,Malappuram,Kerala,India,676101,7034181000,,,"Court Road
Tirur",,Malappuram,Kerala,India,7034181000,676101,,NO,NO,99381000001392083,INR,1.00,false,22727.00,0.00,0.00,,,,0.00,,,,,,,,,0.00,Other Charges,99381000000098082,Pushed,cac04dad85fded9d65847c41022508ef49bc2ea0a190db1b14d95b4b87804c28,,YES/25-26/0915,2025-07-15,0.000,,,,0.00,,,,,,,,,,,,,,,,true,Government Stamping Fee / Expense for 20 KG,FALSE,0.00,0.0,16.00,,921.60,5120.00,YES/25-26/0915,Cochin,9.00,9.00,0.00,0.00,460.80,460.80,0.00,0.00,460.80,460.80,0.00,0.00,Sales Return,,,"{""SellerGstin"":""32AAFCI1950F1ZZ"",""BuyerGstin"":""32AFKPA2174A1Z9"",""DocNo"":""CN-00202"",""DocTyp"":""CRN"",""DocDt"":""04/08/2025"",""TotInvVal"":22727.0,""ItemCnt"":3,""MainHsnCode"":""84238190"",""Irn"":""cac04dad85fded9d65847c41022508ef49bc2ea0a190db1b14d95b4b87804c28"",""IrnDt"":""2025-08-04 12:51:00""}",eyJhbGciOiJSUzI1NiIsImtpZCI6IjRERTE1NDRBRTY5NUJEQzg0RUM3QkMxMkYyRjU3RjgxM0Y0NEUzMDEiLCJ4NXQiOiJUZUZVU3VhVnZjaE94N3dTOHZWX2dUOUU0d0UiLCJ0eXAiOiJKV1QifQ.eyJpc3MiOiJOSUMiLCJkYXRhIjoie1wiU2VsbGVyR3N0aW5cIjpcIjMyQUFGQ0kxOTUwRjFaWlwiLFwiQnV5ZXJHc3RpblwiOlwiMzJBRktQQTIxNzRBMVo5XCIsXCJEb2NOb1wiOlwiQ04tMDAyMDJcIixcIkRvY1R5cFwiOlwiQ1JOXCIsXCJEb2NEdFwiOlwiMDQvMDgvMjAyNVwiLFwiVG90SW52VmFsXCI6MjI3MjcuMCxcIkl0ZW1DbnRcIjozLFwiTWFpbkhzbkNvZGVcIjpcIjg0MjM4MTkwXCIsXCJJcm5cIjpcImNhYzA0ZGFkODVmZGVkOWQ2NTg0N2M0MTAyMjUwOGVmNDliYzJlYTBhMTkwZGIxYjE0ZDk1YjRiODc4MDRjMjhcIixcIklybkR0XCI6XCIyMDI1LTA4LTA0IDEyOjUxOjAwXCJ9In0.jvX4KfwAzHC1iitXTWyvqOI_U56H2b_d7-24Pv9EBtcjvw5ofHDhyhyUP8rjvz1cghZBXbSqlhHl84TVBK8HWXFR8UXYfxE44pamYh9hF2YNoK0dXfrwGJxTOW4WPj2OWJWVQMpAIttVAxIYga07T3EGNbsZG-YNthSsNduDz0rEY7ct4NllTfg40Y_ZBGPjUd1KSdH5UQGubY8uUMs3nfjYFRqI3G-nw4QEpGpLMSzxq_uDMTfRcl7Ofx1Z5uWjWjOjW4l4z7G0B0aFZiArwBGpS9FOhlTZ5q6j7_McHtg70PsZCRMet8KNNW_LO0jESjwFoVvwFeq8sMdbmRQFdA,152522583558164,2025-08-04 12:51:00,,,,INTERWEIGHING PVT LTD,32AAFCI1950F1ZZ,3PL Warehouse : C/O LOGIWIZ LOGISTICS INDIA PVT LTD,COCHIN,Kerala,India,683503,8803333444,admin@yesweigh.in,Taxable,99381000000006208,GST18,18.00,Tax Group,,,,,,0.000,,,32-Kerala,business_gst,32AFKPA2174A1Z9,,,,Others,entity_level,KL,19260.00,0.20,Adjustment,Registered,goods,Spreadsheet Template,nos,320.00,76061190,Sales,,SF20,,,,,,,,,,,,,,,0.000,Cochin,,
2025-08-04,,99381000000557009,,99381000023737121,CN-00202,Closed,Accounts Receivable,CENTRAL TRADERS,,"Court Road
Tirur",,Malappuram,Kerala,India,676101,7034181000,,,"Court Road
Tirur",,Malappuram,Kerala,India,7034181000,676101,,NO,NO,99381000001392083,INR,1.00,false,22727.00,0.00,0.00,,,,0.00,,,,,,,,,0.00,Other Charges,99381000000098082,Pushed,cac04dad85fded9d65847c41022508ef49bc2ea0a190db1b14d95b4b87804c28,,YES/25-26/0915,2025-07-15,0.000,,,,0.00,,,,,,,,,,,,,,,,true,Freight Charges,FALSE,0.00,0.0,60.00,,97.20,540.00,YES/25-26/0915,Cochin,9.00,9.00,0.00,0.00,48.60,48.60,0.00,0.00,48.60,48.60,0.00,0.00,Sales Return,,,"{""SellerGstin"":""32AAFCI1950F1ZZ"",""BuyerGstin"":""32AFKPA2174A1Z9"",""DocNo"":""CN-00202"",""DocTyp"":""CRN"",""DocDt"":""04/08/2025"",""TotInvVal"":22727.0,""ItemCnt"":3,""MainHsnCode"":""84238190"",""Irn"":""cac04dad85fded9d65847c41022508ef49bc2ea0a190db1b14d95b4b87804c28"",""IrnDt"":""2025-08-04 12:51:00""}",eyJhbGciOiJSUzI1NiIsImtpZCI6IjRERTE1NDRBRTY5NUJEQzg0RUM3QkMxMkYyRjU3RjgxM0Y0NEUzMDEiLCJ4NXQiOiJUZUZVU3VhVnZjaE94N3dTOHZWX2dUOUU0d0UiLCJ0eXAiOiJKV1QifQ.eyJpc3MiOiJOSUMiLCJkYXRhIjoie1wiU2VsbGVyR3N0aW5cIjpcIjMyQUFGQ0kxOTUwRjFaWlwiLFwiQnV5ZXJHc3RpblwiOlwiMzJBRktQQTIxNzRBMVo5XCIsXCJEb2NOb1wiOlwiQ04tMDAyMDJcIixcIkRvY1R5cFwiOlwiQ1JOXCIsXCJEb2NEdFwiOlwiMDQvMDgvMjAyNVwiLFwiVG90SW52VmFsXCI6MjI3MjcuMCxcIkl0ZW1DbnRcIjozLFwiTWFpbkhzbkNvZGVcIjpcIjg0MjM4MTkwXCIsXCJJcm5cIjpcImNhYzA0ZGFkODVmZGVkOWQ2NTg0N2M0MTAyMjUwOGVmNDliYzJlYTBhMTkwZGIxYjE0ZDk1YjRiODc4MDRjMjhcIixcIklybkR0XCI6XCIyMDI1LTA4LTA0IDEyOjUxOjAwXCJ9In0.jvX4KfwAzHC1iitXTWyvqOI_U56H2b_d7-24Pv9EBtcjvw5ofHDhyhyUP8rjvz1cghZBXbSqlhHl84TVBK8HWXFR8UXYfxE44pamYh9hF2YNoK0dXfrwGJxTOW4WPj2OWJWVQMpAIttVAxIYga07T3EGNbsZG-YNthSsNduDz0rEY7ct4NllTfg40Y_ZBGPjUd1KSdH5UQGubY8uUMs3nfjYFRqI3G-nw4QEpGpLMSzxq_uDMTfRcl7Ofx1Z5uWjWjOjW4l4z7G0B0aFZiArwBGpS9FOhlTZ5q6j7_McHtg70PsZCRMet8KNNW_LO0jESjwFoVvwFeq8sMdbmRQFdA,152522583558164,2025-08-04 12:51:00,,,,INTERWEIGHING PVT LTD,32AAFCI1950F1ZZ,3PL Warehouse : C/O LOGIWIZ LOGISTICS INDIA PVT LTD,COCHIN,Kerala,India,683503,8803333444,admin@yesweigh.in,Taxable,99381000000006208,GST18,18.00,Tax Group,,,,,,0.000,,,32-Kerala,business_gst,32AFKPA2174A1Z9,,,,Others,entity_level,KL,19260.00,0.20,Adjustment,Registered,service,Spreadsheet Template,kg,9.00,996819,Sales,,COCS,,,,,,,,,,,,,,,0.000,,,
2025-09-11,,99381000001663314,,99381000024524077,CN-00203,Closed,Accounts Receivable,GK electronics,,"SAFA COMPLEX,KONANCHERY","KOKKALLUR PO,BALUSSERY",KOZHIKODE,Kerala,India,673612,8086568201,,,"SAFA COMPLEX,KONANCHERY","KOKKALLUR PO,BALUSSERY",KOZHIKODE,Kerala,India,8086568201,673612,,NO,NO,99381000000161200,INR,1.00,false,2714.00,0.00,0.00,,,,0.00,,,,,,,,,0.00,,99381000003083031,Pushed,a585bcc8ce82f9a3ec8881bf0c52f620526dcc6f8429ed9140279f914d6aeea5,,YES/25-26/1260,2025-08-21,0.000,,,,0.00,,,,,,,,,,,,,,,,true,Q9LBL PRINT HEAD,FALSE,0.00,0.0,1.00,,414.00,2300.00,"YES/25-26/1464,YES/26-27/0634",Head Office,9.00,9.00,0.00,0.00,207.00,207.00,0.00,0.00,207.00,207.00,0.00,0.00,Sales Return,,,"{""SellerGstin"":""32AAFCI1950F1ZZ"",""BuyerGstin"":""32CPSPM4266B1ZV"",""DocNo"":""CN-00203"",""DocTyp"":""CRN"",""DocDt"":""11/09/2025"",""TotInvVal"":2714.0,""ItemCnt"":1,""MainHsnCode"":""84239020"",""Irn"":""a585bcc8ce82f9a3ec8881bf0c52f620526dcc6f8429ed9140279f914d6aeea5"",""IrnDt"":""2025-09-11 14:59:00""}",eyJhbGciOiJSUzI1NiIsImtpZCI6IjRERTE1NDRBRTY5NUJEQzg0RUM3QkMxMkYyRjU3RjgxM0Y0NEUzMDEiLCJ4NXQiOiJUZUZVU3VhVnZjaE94N3dTOHZWX2dUOUU0d0UiLCJ0eXAiOiJKV1QifQ.eyJpc3MiOiJOSUMiLCJkYXRhIjoie1wiU2VsbGVyR3N0aW5cIjpcIjMyQUFGQ0kxOTUwRjFaWlwiLFwiQnV5ZXJHc3RpblwiOlwiMzJDUFNQTTQyNjZCMVpWXCIsXCJEb2NOb1wiOlwiQ04tMDAyMDNcIixcIkRvY1R5cFwiOlwiQ1JOXCIsXCJEb2NEdFwiOlwiMTEvMDkvMjAyNVwiLFwiVG90SW52VmFsXCI6MjcxNC4wLFwiSXRlbUNudFwiOjEsXCJNYWluSHNuQ29kZVwiOlwiODQyMzkwMjBcIixcIklyblwiOlwiYTU4NWJjYzhjZTgyZjlhM2VjODg4MWJmMGM1MmY2MjA1MjZkY2M2Zjg0MjllZDkxNDAyNzlmOTE0ZDZhZWVhNVwiLFwiSXJuRHRcIjpcIjIwMjUtMDktMTEgMTQ6NTk6MDBcIn0ifQ.4zpLZDNEFRrGDunouTXyQ4tNdaM0r8wVAqCHza-9bOSbqeFxpMAyx_Y1QJyhjuhE6RUYQk6Iz-zhpbvvWBom9VlHijqeiNb4VY7-LuPlLXPAtbkFLqhzmQlba7nUE2D8WQSmfMuTbwZDN1jkldRW351e-60oDR1Nn864JGCyjrZGmkFuMd3K8noW13BW1ze--zyTZo952KCWzBKSO1UCp9Rtpe2FB5DdUfKRmg1F5wrCTqr2YPiOZKXsFNfiq-pPzzPbrl0tBtjrz8oMueVMvXE5OBn1E7b4vvpVPk6FvLb59pGOxtdYjd9kSTOMEoauSEqA2_rEfbND1FHYH88tUQ,152523002329503,2025-09-11 14:59:00,,,,INTERWEIGHING PVT LTD,32AAFCI1950F1ZZ,"49/470 D1 ,3rd Floor",COCHIN,Kerala,India,683503,8803333444,admin@yesweigh.in,Taxable,99381000000006208,GST18,18.00,Tax Group,,,,,,0.000,,,32-Kerala,business_gst,32CPSPM4266B1ZV,,,,Visakh - Spares,entity_level,KL,2300.00,0.00,Adjustment,Registered,goods,Spreadsheet Template,nos,2300.00,84239020,Sales,,Q9703,,,,,,,,,,,,,,,0.000,Head Office,,
2025-09-30,,,,99381000025104821,CN-00204,Closed,Accounts Receivable,Dynamic Enterprises,,ROOM NO.19/747,MARKET ROAD. IRINJALAKKUDA PO,THRISSUR,Kerala,India,680121,,,,ROOM NO.19/747,MARKET ROAD. IRINJALAKKUDA PO,THRISSUR,Kerala,India,,680121,,NO,NO,99381000000151001,INR,1.00,false,28840.00,0.00,0.00,,,,0.00,,,,,,,,,0.00,,99381000000098082,Yet To Be Pushed,,,,,0.000,,,,0.00,,,,,,,,,,,,,,,,true,,FALSE,0.00,0.0,1.00,Discount Allowed,0.00,28840.00,YES/25-26/1712,Cochin,,,,,,,,,,,,,Post Sale Discount,,,,,,,,,,INTERWEIGHING PVT LTD,32AAFCI1950F1ZZ,3PL Warehouse : C/O LOGIWIZ LOGISTICS INDIA PVT LTD,COCHIN,Kerala,India,683503,8803333444,admin@yesweigh.in,Out of Scope,,,,,,,,,,0.000,,,32-Kerala,business_gst,32ATJPS7075B1ZN,,,,Others,entity_level,KL,28840.00,0.00,Adjustment,Registered,service,Spreadsheet Template,,28840.00,,Trade Discount,,,,,,,,,,,,,,,,,0.000,,,
2025-09-30,,,,99381000025237503,CN-00205,Closed,Accounts Receivable,MEEZAN ELECTRONIC SCALES PRIVATE LIMITED,Riyas,"8/308A Meezan Tower
Calicut Road, Manjeri",,Manjeri,Kerala,India,676121,9446157730,,Riyas,"8/308A Meezan Tower 
Calicut Road , Manjeri",,MANJERI,Kerala,India,9446157730,676121,,NO,NO,99381000000112170,INR,1.00,false,133932.00,0.00,0.00,,,,0.00,,,,,,,,,0.00,,99381000000098082,Yet To Be Pushed,,,,,0.000,,,,0.00,,,,,,,,,,,,,,,,true,,FALSE,0.00,0.0,1.00,Discount Allowed,0.00,133932.00,"YES/25-26/1768,YES/25-26/1764,YES/25-26/1735,YES/25-26/1727,YES/25-26/1803",Cochin,,,,,,,,,,,,,Post Sale Discount,,,,,,,,,,INTERWEIGHING PVT LTD,32AAFCI1950F1ZZ,3PL Warehouse : C/O LOGIWIZ LOGISTICS INDIA PVT LTD,COCHIN,Kerala,India,683503,8803333444,admin@yesweigh.in,Out of Scope,,,,,,,,,,0.000,,,32-Kerala,business_gst,32AAECM1277C1ZY,,,,Others,entity_level,KL,133932.00,0.00,Adjustment,Registered,service,Spreadsheet Template,,133932.00,,Trade Discount,,,,,,,,,,,,,,,,,0.000,,,
2025-09-30,,,,99381000025237665,CN-00206,Closed,Accounts Receivable,ACCURATE TRADE LINKS,Harish,Future Centre,Ottukuzhi Road,Trivandrum,Kerala,India,695001,9847141007,,Harish,Future Centre,Ottukuzhi Road,Trivandrum,Kerala,India,9847141007,695001,,NO,NO,99381000000114383,INR,1.00,false,67064.00,0.00,0.00,,,,0.00,,,,,,,,,0.00,,99381000000098082,Yet To Be Pushed,,,,,0.000,,,,0.00,,,,,,,,,,,,,,,,true,,FALSE,0.00,0.0,1.00,Discount Allowed,0.00,67064.00,YES/25-26/1725,Cochin,,,,,,,,,,,,,Post Sale Discount,,,,,,,,,,INTERWEIGHING PVT LTD,32AAFCI1950F1ZZ,3PL Warehouse : C/O LOGIWIZ LOGISTICS INDIA PVT LTD,COCHIN,Kerala,India,683503,8803333444,admin@yesweigh.in,Out of Scope,,,,,,,,,,0.000,,,32-Kerala,business_gst,32AHJPK1741Q1Z4,,,,Others,entity_level,KL,67064.00,0.00,Adjustment,Registered,service,Spreadsheet Template,,67064.00,,Trade Discount,,,,,,,,,,,,,,,,,0.000,,,
2025-09-30,,,,99381000025237809,CN-00207,Closed,Accounts Receivable,Victory Scales,,"M/s Victory Scales
CSI Ascension Square, Below ICICI Bank",Collectrate P.O,"Kottayam,",Kerala,India,686016,9447165493,,,"Manickathinal Building,",Perumbaikad P.O,"Kottayam,",Kerala,India,9447165493,686016,,NO,NO,99381000000231096,INR,1.00,false,27177.00,0.00,0.00,,,,0.00,,,,,,,,,0.00,,99381000000098082,Yet To Be Pushed,,,,,0.000,,,,0.00,,,,,,,,,,,,,,,,true,,FALSE,0.00,0.0,1.00,Discount allowed,0.00,27177.00,"YES/25-26/1738,YES/25-26/1784",Cochin,,,,,,,,,,,,,Post Sale Discount,,,,,,,,,,INTERWEIGHING PVT LTD,32AAFCI1950F1ZZ,3PL Warehouse : C/O LOGIWIZ LOGISTICS INDIA PVT LTD,COCHIN,Kerala,India,683503,8803333444,admin@yesweigh.in,Out of Scope,,,,,,,,,,0.000,,,32-Kerala,business_gst,32AAAAV1247P1ZC,,,,Others,entity_level,KL,27177.00,0.00,Adjustment,Registered,service,Spreadsheet Template,,27177.00,,Trade Discount,,,,,,,,,,,,,,,,,0.000,,,
2025-09-30,,,,99381000025237829,CN-00208,Closed,Accounts Receivable,ELMASS’ Weighing & Automation Pvt. Ltd,,"Souhruda Lane, Lissie Hospital Road, Ernakulam – 682018",,ERNAKULAM,Kerala,India,682018,7034030141,,,"Souhruda Lane, Lissie Hospital Road, Ernakulam – 682018",,ERNAKULAM,Kerala,India,7034030141,682018,,NO,NO,99381000005074017,INR,1.00,false,19412.00,0.00,0.00,,,,0.00,,,,,,,,,0.00,,99381000000098082,Yet To Be Pushed,,,,,0.000,,,,0.00,,,,,,,,,,,,,,,,true,,FALSE,0.00,0.0,1.00,Discount allowed,0.00,19412.00,YES/25-26/1733,Cochin,,,,,,,,,,,,,Post Sale Discount,,,,,,,,,,INTERWEIGHING PVT LTD,32AAFCI1950F1ZZ,3PL Warehouse : C/O LOGIWIZ LOGISTICS INDIA PVT LTD,COCHIN,Kerala,India,683503,8803333444,admin@yesweigh.in,Out of Scope,,,,,,,,,,0.000,,,32-Kerala,business_gst,32AAGCE7631N1ZF,,,,Others,entity_level,KL,19412.00,0.00,Adjustment,Registered,service,Spreadsheet Template,,19412.00,,Trade Discount,,,,,,,,,,,,,,,,,0.000,,,
2025-09-30,,,,99381000025237849,CN-00209,Closed,Accounts Receivable,ACE ELECTRONICS,,"Akai tower ,
Near Tali Temple 
Thali ,Calicut",,Calicut,Kerala,India,673002,,,,"Akai tower ,
Near Tali Temple 
Thali ,Calicut",,Calicut,Kerala,India,,673002,,NO,NO,99381000000084508,INR,1.00,false,28841.00,0.00,0.00,,,,0.00,,,,,,,,,0.00,,99381000000098082,Yet To Be Pushed,,,,,0.000,,,,0.00,,,,,,,,,,,,,,,,true,,FALSE,0.00,0.0,1.00,Discount allowed,0.00,28841.00,"YES/25-26/1857,YES/25-26/1929",Cochin,,,,,,,,,,,,,Post Sale Discount,,,,,,,,,,INTERWEIGHING PVT LTD,32AAFCI1950F1ZZ,3PL Warehouse : C/O LOGIWIZ LOGISTICS INDIA PVT LTD,COCHIN,Kerala,India,683503,8803333444,admin@yesweigh.in,Out of Scope,,,,,,,,,,0.000,,,32-Kerala,business_gst,32AAZFA3650P1ZV,,,,Others,entity_level,KL,28841.00,0.00,Adjustment,Registered,service,Spreadsheet Template,,28841.00,,Trade Discount,,,,,,,,,,,,,,,,,0.000,,,
2025-09-30,,,,99381000025237869,CN-00210,Closed,Accounts Receivable,TAKYON SYSTEMS,Mr. Vijay Kumar,Pallisserickal,Sasthamcotta,Kollam,Kerala,India,690521,04762830884,,Mr. Vijay Kumar,"Alleppy Parcel Service 
Godown Delivery, Baranikkavu",,Kollam,Kerala,India,04762830884,691010,,NO,NO,99381000000154574,INR,1.00,false,22185.00,0.00,0.00,,,,0.00,,,,,,,,,0.00,,99381000000098082,Yet To Be Pushed,,,,,0.000,,,,0.00,,,,,,,,,,,,,,,,true,,FALSE,0.00,0.0,1.00,Discount allowed,0.00,22185.00,YES/25-26/1728,Cochin,,,,,,,,,,,,,Post Sale Discount,,,,,,,,,,INTERWEIGHING PVT LTD,32AAFCI1950F1ZZ,3PL Warehouse : C/O LOGIWIZ LOGISTICS INDIA PVT LTD,COCHIN,Kerala,India,683503,8803333444,admin@yesweigh.in,Out of Scope,,,,,,,,,,0.000,,,32-Kerala,business_gst,32AANFT0176D1ZE,,,,Others,entity_level,KL,22185.00,0.00,Adjustment,Registered,service,Spreadsheet Template,,22185.00,,Trade Discount,,,,,,,,,,,,,,,,,0.000,,,
2025-09-30,,,,99381000025237889,CN-00211,Void,Accounts Receivable,Dynamic Enterprises,,ROOM NO.19/747,MARKET ROAD. IRINJALAKKUDA PO,THRISSUR,Kerala,India,680121,,,,ROOM NO.19/747,MARKET ROAD. IRINJALAKKUDA PO,THRISSUR,Kerala,India,,680121,,NO,NO,99381000000151001,INR,1.00,false,28841.00,28841.00,0.00,,,,0.00,,,,,,,,,0.00,,99381000000098082,Yet To Be Pushed,,,,,0.000,,,,0.00,,,,,,,,,,,,,,,,true,,FALSE,0.00,0.0,1.00,Discount Allowed,0.00,28841.00,,Cochin,,,,,,,,,,,,,Post Sale Discount,,,,,,,,,,INTERWEIGHING PVT LTD,32AAFCI1950F1ZZ,3PL Warehouse : C/O LOGIWIZ LOGISTICS INDIA PVT LTD,COCHIN,Kerala,India,683503,8803333444,admin@yesweigh.in,Out of Scope,,,,,,,,,,0.000,,,32-Kerala,business_gst,32ATJPS7075B1ZN,,,,Others,entity_level,KL,28841.00,0.00,Adjustment,Registered,service,Spreadsheet Template,,28841.00,,Trade Discount,,,,,,,,,,,,,,,,,0.000,,,
2025-09-30,,,,99381000025237909,CN-00212,Closed,Accounts Receivable,VENKATACHALAM & CO,,"590 ,VYSIAL STREET
OPPOSITE TO B1 POLICE STATION",,COIMBATORE,Tamil Nadu,India,641001,9655569000,,,"590 ,VYSIAL STREET
OPPOSITE TO B1 POLICE STATION",,COIMBATORE,Tamil Nadu,India,9655569000,641001,,NO,NO,99381000014693003,INR,1.00,false,33962.00,0.00,0.00,,,,0.00,,,,,,,,,0.00,,99381000000098082,Yet To Be Pushed,,,,,0.000,,,,0.00,,,,,,,,,,,,,,,,true,,FALSE,0.00,0.0,1.00,Discount Allowed,0.00,33962.00,YES/25-26/1726,Cochin,,,,,,,,,,,,,Post Sale Discount,,,,,,,,,,INTERWEIGHING PVT LTD,32AAFCI1950F1ZZ,3PL Warehouse : C/O LOGIWIZ LOGISTICS INDIA PVT LTD,COCHIN,Kerala,India,683503,8803333444,admin@yesweigh.in,Out of Scope,,,,,,,,,,0.000,,,33-Tamil Nadu,business_gst,33AAUFV3958J1ZE,,,,Others,entity_level,TN,33962.00,0.00,Adjustment,Registered,service,Spreadsheet Template,,33962.00,,Trade Discount,,,,,,,,,,,,,,,,,0.000,,,
2025-09-30,,,,99381000025237929,CN-00213,Closed,Accounts Receivable,ALUVA SCALES INC,,XIII/228B,"SCALE TOWER,Desom -Chowara Road, East Desom",Aluva,Kerala,India,683102,9846145868,,,XIII/228B,"SCALE TOWER,Desom -Chowara Road, East Desom",Aluva,Kerala,India,9846145868,683102,,NO,NO,99381000000014794,INR,1.00,false,8491.00,0.00,0.00,,,,0.00,,,,,,,,,0.00,,99381000000098082,Yet To Be Pushed,,,,,0.000,,,,0.00,,,,,,,,,,,,,,,,true,,FALSE,0.00,0.0,1.00,Discount Allowed,0.00,8491.00,YES/25-26/1805,Cochin,,,,,,,,,,,,,Post Sale Discount,,,,,,,,,,INTERWEIGHING PVT LTD,32AAFCI1950F1ZZ,3PL Warehouse : C/O LOGIWIZ LOGISTICS INDIA PVT LTD,COCHIN,Kerala,India,683503,8803333444,admin@yesweigh.in,Out of Scope,,,,,,,,,,0.000,,,32-Kerala,business_gst,32AAZFA1454F1ZI,,,,Others,entity_level,KL,8491.00,0.00,Adjustment,Registered,service,Spreadsheet Template,,8491.00,,Trade Discount,,,,,,,,,,,,,,,,,0.000,,,
2025-09-30,,,,99381000025237949,CN-00214,Closed,Accounts Receivable,Modern machines,,Pathirappally P.O.,,Alappuzha,Kerala,India,688521,9349139513,,,Pathirappally P.O.,,Alappuzha,Kerala,India,9349139513,688521,,NO,NO,99381000000036003,INR,1.00,false,8491.00,0.00,0.00,,,,0.00,,,,,,,,,0.00,,99381000000098082,Yet To Be Pushed,,,,,0.000,,,,0.00,,,,,,,,,,,,,,,,true,,FALSE,0.00,0.0,1.00,Discount Allowed,0.00,8491.00,YES/25-26/2036,Cochin,,,,,,,,,,,,,Post Sale Discount,,,,,,,,,,INTERWEIGHING PVT LTD,32AAFCI1950F1ZZ,3PL Warehouse : C/O LOGIWIZ LOGISTICS INDIA PVT LTD,COCHIN,Kerala,India,683503,8803333444,admin@yesweigh.in,Out of Scope,,,,,,,,,,0.000,,,32-Kerala,business_gst,32EMRPS6226K1ZF,,,,Others,entity_level,KL,8491.00,0.00,Adjustment,Registered,service,Spreadsheet Template,,8491.00,,Trade Discount,,,,,,,,,,,,,,,,,0.000,,,
2025-09-30,,,,99381000025443114,CN-00215,Closed,Accounts Receivable,PERFECT SCALES,,NEAR GOV .HSS.,"PERINTHALMANNA ROAD
MELEPATTAMBI",PALAKKAD,Kerala,India,679303,9895286067,,,"SABEENA SCALES
CHAMRAVATTOM JN",PONNANI,MALAPPURAM,Kerala,India,9895286067,679577,,NO,NO,99381000013051253,INR,1.00,false,6792.00,0.00,0.00,,,,0.00,,,,,,,,,0.00,,99381000000098082,Yet To Be Pushed,,,,,0.000,,,,0.00,,,,,,,,,,,,,,,,true,,FALSE,0.00,0.0,1.00,Discount Allowed,0.00,6792.00,YES/25-26/1885,Cochin,,,,,,,,,,,,,Post Sale Discount,,,,,,,,,,INTERWEIGHING PVT LTD,32AAFCI1950F1ZZ,3PL Warehouse : C/O LOGIWIZ LOGISTICS INDIA PVT LTD,COCHIN,Kerala,India,683503,8803333444,admin@yesweigh.in,Out of Scope,,,,,,,,,,0.000,,,32-Kerala,business_none,,,,,Others,entity_level,KL,6792.00,0.00,Adjustment,B2C Others,service,Spreadsheet Template,,6792.00,,Trade Discount,,,,,,,,,,,,,,,,,0.000,,,
2025-11-11,,99381000002536240,,99381000025708120,CN-00216,Closed,Accounts Receivable,YESWEIGH SOLUTIONS LLP,,"KMC W 14/1481, 
Amoolya Building,","Opp. Kanhangad Head Post Office, Kanhangad Po.,",Kasargod,Kerala,India,671315,7043014130,,,"Ideal bake
Bandiyod plaza","Permude Road, Bandiyod",Uppala,Kerala,India,7043014130,671322,,NO,NO,99381000003493071,INR,1.00,false,33595.00,0.00,0.00,,,,0.00,,,,,,,,,0.00,Other Charges,99381000000098082,Pushed,1166b7508c41d24f7b2c19b1a627f29d0dac6d9c21cf24f6af2e421fefdf558c,,YES/25-26/1943,2025-11-01,0.000,,,,0.00,,,,,,,,,,,,,,,,true,Label Printing Scale Q9LBL,FALSE,0.00,0.0,2.00,"Make:YESWEIGH  Model:YS-30   Max:30kg  e:5g  Min:100g  Class:III
Serial No : Y07723 - Y07724 (STAMPED)",4950.00,27500.00,"YES/25-26/2049,YES/26-27/0037",Cochin,9.00,9.00,0.00,0.00,2475.00,2475.00,0.00,0.00,2475.00,2475.00,0.00,0.00,Sales Return,,,"{""SellerGstin"":""32AAFCI1950F1ZZ"",""BuyerGstin"":""32AACFY7757L1ZM"",""DocNo"":""CN-00216"",""DocTyp"":""CRN"",""DocDt"":""11/11/2025"",""TotInvVal"":33595.0,""ItemCnt"":2,""MainHsnCode"":""84231000"",""Irn"":""1166b7508c41d24f7b2c19b1a627f29d0dac6d9c21cf24f6af2e421fefdf558c"",""IrnDt"":""2025-11-11 14:30:00""}",eyJhbGciOiJSUzI1NiIsImtpZCI6IjRERTE1NDRBRTY5NUJEQzg0RUM3QkMxMkYyRjU3RjgxM0Y0NEUzMDEiLCJ4NXQiOiJUZUZVU3VhVnZjaE94N3dTOHZWX2dUOUU0d0UiLCJ0eXAiOiJKV1QifQ.eyJpc3MiOiJOSUMiLCJkYXRhIjoie1wiU2VsbGVyR3N0aW5cIjpcIjMyQUFGQ0kxOTUwRjFaWlwiLFwiQnV5ZXJHc3RpblwiOlwiMzJBQUNGWTc3NTdMMVpNXCIsXCJEb2NOb1wiOlwiQ04tMDAyMTZcIixcIkRvY1R5cFwiOlwiQ1JOXCIsXCJEb2NEdFwiOlwiMTEvMTEvMjAyNVwiLFwiVG90SW52VmFsXCI6MzM1OTUuMCxcIkl0ZW1DbnRcIjoyLFwiTWFpbkhzbkNvZGVcIjpcIjg0MjMxMDAwXCIsXCJJcm5cIjpcIjExNjZiNzUwOGM0MWQyNGY3YjJjMTliMWE2MjdmMjlkMGRhYzZkOWMyMWNmMjRmNmFmMmU0MjFmZWZkZjU1OGNcIixcIklybkR0XCI6XCIyMDI1LTExLTExIDE0OjMwOjAwXCJ9In0.lGlQX3AbkCarEsiPWOkLE3asyFGoZaInm6haYTdlvRy-O0oL2ntAvuKwItkMQu0-ccAGV_FbyUGn-N4JNpjktSBcF6AP86KV9s9hWJxQ9ci_uyLvFtr_l6GP5s2fEzipV1qvrOreCKnF0s9ayPeXJLcbv4MXcwgTinztWasLk68nyAb5mPiu3RipCHo5FVOWYtnQU4nG6J3djFsSf41i1AicBDLDlYwAZY5AvFqUwpkPll_zpPhl9iQ4JqwE6Dt9V-HPszmIzqC_4DAPjwgUBNQwbd63RIXgWuIZZWD7XA3uAjR8uPP2iNWElM3QQqs2tpwvBWJeR-zKB7Hp-CDFDw,152523670002467,2025-11-11 14:30:00,,,,INTERWEIGHING PVT LTD,32AAFCI1950F1ZZ,3PL Warehouse : C/O LOGIWIZ LOGISTICS INDIA PVT LTD,COCHIN,Kerala,India,683503,8803333444,admin@yesweigh.in,Taxable,99381000000006208,GST18,18.00,Tax Group,,,,,,0.000,,,32-Kerala,business_gst,32AACFY7757L1ZM,,,,Visakh - Inside kerala,entity_level,KL,28470.00,0.40,Adjustment,Registered,goods,Spreadsheet Template,nos,13750.00,84231000,Sales,,Q9LBL,,,,,,,,,,,,,,,0.000,Cochin,,1
2025-11-11,,99381000000186027,,99381000025708120,CN-00216,Closed,Accounts Receivable,YESWEIGH SOLUTIONS LLP,,"KMC W 14/1481, 
Amoolya Building,","Opp. Kanhangad Head Post Office, Kanhangad Po.,",Kasargod,Kerala,India,671315,7043014130,,,"Ideal bake
Bandiyod plaza","Permude Road, Bandiyod",Uppala,Kerala,India,7043014130,671322,,NO,NO,99381000003493071,INR,1.00,false,33595.00,0.00,0.00,,,,0.00,,,,,,,,,0.00,Other Charges,99381000000098082,Pushed,1166b7508c41d24f7b2c19b1a627f29d0dac6d9c21cf24f6af2e421fefdf558c,,YES/25-26/1943,2025-11-01,0.000,,,,0.00,,,,,,,,,,,,,,,,true,Government Stamping Fee /Expense for 30 kg,FALSE,0.00,0.0,2.00,,174.60,970.00,"YES/25-26/2049,YES/26-27/0037",Cochin,9.00,9.00,0.00,0.00,87.30,87.30,0.00,0.00,87.30,87.30,0.00,0.00,Sales Return,,,"{""SellerGstin"":""32AAFCI1950F1ZZ"",""BuyerGstin"":""32AACFY7757L1ZM"",""DocNo"":""CN-00216"",""DocTyp"":""CRN"",""DocDt"":""11/11/2025"",""TotInvVal"":33595.0,""ItemCnt"":2,""MainHsnCode"":""84231000"",""Irn"":""1166b7508c41d24f7b2c19b1a627f29d0dac6d9c21cf24f6af2e421fefdf558c"",""IrnDt"":""2025-11-11 14:30:00""}",eyJhbGciOiJSUzI1NiIsImtpZCI6IjRERTE1NDRBRTY5NUJEQzg0RUM3QkMxMkYyRjU3RjgxM0Y0NEUzMDEiLCJ4NXQiOiJUZUZVU3VhVnZjaE94N3dTOHZWX2dUOUU0d0UiLCJ0eXAiOiJKV1QifQ.eyJpc3MiOiJOSUMiLCJkYXRhIjoie1wiU2VsbGVyR3N0aW5cIjpcIjMyQUFGQ0kxOTUwRjFaWlwiLFwiQnV5ZXJHc3RpblwiOlwiMzJBQUNGWTc3NTdMMVpNXCIsXCJEb2NOb1wiOlwiQ04tMDAyMTZcIixcIkRvY1R5cFwiOlwiQ1JOXCIsXCJEb2NEdFwiOlwiMTEvMTEvMjAyNVwiLFwiVG90SW52VmFsXCI6MzM1OTUuMCxcIkl0ZW1DbnRcIjoyLFwiTWFpbkhzbkNvZGVcIjpcIjg0MjMxMDAwXCIsXCJJcm5cIjpcIjExNjZiNzUwOGM0MWQyNGY3YjJjMTliMWE2MjdmMjlkMGRhYzZkOWMyMWNmMjRmNmFmMmU0MjFmZWZkZjU1OGNcIixcIklybkR0XCI6XCIyMDI1LTExLTExIDE0OjMwOjAwXCJ9In0.lGlQX3AbkCarEsiPWOkLE3asyFGoZaInm6haYTdlvRy-O0oL2ntAvuKwItkMQu0-ccAGV_FbyUGn-N4JNpjktSBcF6AP86KV9s9hWJxQ9ci_uyLvFtr_l6GP5s2fEzipV1qvrOreCKnF0s9ayPeXJLcbv4MXcwgTinztWasLk68nyAb5mPiu3RipCHo5FVOWYtnQU4nG6J3djFsSf41i1AicBDLDlYwAZY5AvFqUwpkPll_zpPhl9iQ4JqwE6Dt9V-HPszmIzqC_4DAPjwgUBNQwbd63RIXgWuIZZWD7XA3uAjR8uPP2iNWElM3QQqs2tpwvBWJeR-zKB7Hp-CDFDw,152523670002467,2025-11-11 14:30:00,,,,INTERWEIGHING PVT LTD,32AAFCI1950F1ZZ,3PL Warehouse : C/O LOGIWIZ LOGISTICS INDIA PVT LTD,COCHIN,Kerala,India,683503,8803333444,admin@yesweigh.in,Taxable,99381000000006208,GST18,18.00,Tax Group,,,,,,0.000,,,32-Kerala,business_gst,32AACFY7757L1ZM,,,,Visakh - Inside kerala,entity_level,KL,28470.00,0.40,Adjustment,Registered,goods,Spreadsheet Template,nos,485.00,76061190,Sales,,SF30,,,,,,,,,,,,,,,0.000,Cochin,,
2025-11-12,,,,99381000026032193,CN-00217,Closed,Accounts Receivable,MEEZAN ELECTRONIC SCALES PRIVATE LIMITED,Riyas,"8/308A Meezan Tower
Calicut Road, Manjeri",,Manjeri,Kerala,India,676121,9446157730,,Riyas,"8/308A Meezan Tower 
Calicut Road , Manjeri",,MANJERI,Kerala,India,9446157730,676121,,NO,NO,99381000000112170,INR,1.00,false,85790.00,0.00,0.00,,,,0.00,,,,,,,,,0.00,,99381000000098082,Yet To Be Pushed,,,,,0.000,,,,0.00,,,,,,,,,,,,,,,,true,,FALSE,0.00,0.0,1.00,Discount allowed,0.00,85790.00,"YES/25-26/2067,YES/25-26/2079,YES/25-26/2084,YES/25-26/2093,YES/25-26/2111",Cochin,,,,,,,,,,,,,Post Sale Discount,,,,,,,,,,INTERWEIGHING PVT LTD,32AAFCI1950F1ZZ,3PL Warehouse : C/O LOGIWIZ LOGISTICS INDIA PVT LTD,COCHIN,Kerala,India,683503,8803333444,admin@yesweigh.in,Out of Scope,,,,,,,,,,0.000,,,32-Kerala,business_gst,32AAECM1277C1ZY,,,,Others,entity_level,KL,85790.00,0.00,Adjustment,Registered,service,Spreadsheet Template,,85790.00,,Trade Discount,,,,,,,,,,,,,,,,,0.000,,,
2025-12-01,,99381000024954874,,99381000026123996,CN-00218,Closed,Accounts Receivable,YELLOW SCALES & SYSTEMS,,"KUMBALAM JUNCTION
KUMBALAM
KOCHIN",,KOCHI,Kerala,India,682506,9447291424,,,"KUMBALAM JUNCTION
KUMBALAM
KOCHIN",,KOCHI,Kerala,India,9447291424,682506,,NO,NO,99381000019924810,INR,1.00,false,17346.00,0.00,0.00,,,,0.00,,,,,,,,,0.00,,99381000000098082,Pushed,577875f3cc5a4e4b1069c253d25e52a1d93ee74ed9ab83a6732db7822e2226ba,,YES/25-26/2231,2025-11-27,0.000,,,,0.00,,,,,,,,,,,,,,,,true,TABLE TOP CHOTTU (G),FALSE,0.00,0.0,10.00,"Model : YST-20
Max : 20kg e:2gm Min: 40g Class III
Display : Green
Serial No : 25040129 - 25040138 (STAMPED)",2340.00,13000.00,"YES/25-26/2248,YES/25-26/3477,YES/26-27/0643",Cochin,9.00,9.00,0.00,0.00,1170.00,1170.00,0.00,0.00,1170.00,1170.00,0.00,0.00,Sales Return,,,"{""SellerGstin"":""32AAFCI1950F1ZZ"",""BuyerGstin"":""32RKPPS4934F1ZG"",""DocNo"":""CN-00218"",""DocTyp"":""CRN"",""DocDt"":""01/12/2025"",""TotInvVal"":17346.0,""ItemCnt"":2,""MainHsnCode"":""84231000"",""Irn"":""577875f3cc5a4e4b1069c253d25e52a1d93ee74ed9ab83a6732db7822e2226ba"",""IrnDt"":""2025-12-01 11:36:00""}",eyJhbGciOiJSUzI1NiIsImtpZCI6IjRERTE1NDRBRTY5NUJEQzg0RUM3QkMxMkYyRjU3RjgxM0Y0NEUzMDEiLCJ4NXQiOiJUZUZVU3VhVnZjaE94N3dTOHZWX2dUOUU0d0UiLCJ0eXAiOiJKV1QifQ.eyJpc3MiOiJOSUMiLCJkYXRhIjoie1wiU2VsbGVyR3N0aW5cIjpcIjMyQUFGQ0kxOTUwRjFaWlwiLFwiQnV5ZXJHc3RpblwiOlwiMzJSS1BQUzQ5MzRGMVpHXCIsXCJEb2NOb1wiOlwiQ04tMDAyMThcIixcIkRvY1R5cFwiOlwiQ1JOXCIsXCJEb2NEdFwiOlwiMDEvMTIvMjAyNVwiLFwiVG90SW52VmFsXCI6MTczNDYuMCxcIkl0ZW1DbnRcIjoyLFwiTWFpbkhzbkNvZGVcIjpcIjg0MjMxMDAwXCIsXCJJcm5cIjpcIjU3Nzg3NWYzY2M1YTRlNGIxMDY5YzI1M2QyNWU1MmExZDkzZWU3NGVkOWFiODNhNjczMmRiNzgyMmUyMjI2YmFcIixcIklybkR0XCI6XCIyMDI1LTEyLTAxIDExOjM2OjAwXCJ9In0.PtFkF0guJRDF2fbVugOCLcNK-c2cFplu0L_HvVKCjuK8eqOLXxqJCTGlqsIGXoq410pxSWxomDniOg3THAnHcjEoDUXuc4YgbSlf4qJRtsq7h8Ka8a_DMyAy914ol-_8G-guc7Xgy2nFn50Uh1yvHA3VLRObDJsbKSMvg_h-CW76eebnwa5R-Ied-F_rKiwe9XI1mruKjQNL7pu2eEANtYRSgNFHWYRhBLEYGk2RN48OMHL7gy8r4QHiTTHtOEWsole3OFyvXaCsE0jI-wvJl0nQH4rfU6ClmLeB3N7c6chvCoDxnxqJinbWKs2TQ9QBYJx-drGT3ichL6bmAmzQlA,152523884965112,2025-12-01 11:36:00,,,,INTERWEIGHING PVT LTD,32AAFCI1950F1ZZ,3PL Warehouse : C/O LOGIWIZ LOGISTICS INDIA PVT LTD,COCHIN,Kerala,India,683503,8803333444,admin@yesweigh.in,Taxable,99381000000006208,GST18,18.00,Tax Group,,,,,,0.000,,,32-Kerala,business_gst,32RKPPS4934F1ZG,,,,Others,entity_level,KL,14700.00,0.00,Adjustment,Registered,goods,Spreadsheet Template,nos,1300.00,84231000,Sales,,CH6VSF,,,,,,,,,,,,,,,0.000,Cochin,,6
2025-12-01,,99381000025837117,,99381000026123996,CN-00218,Closed,Accounts Receivable,YELLOW SCALES & SYSTEMS,,"KUMBALAM JUNCTION
KUMBALAM
KOCHIN",,KOCHI,Kerala,India,682506,9447291424,,,"KUMBALAM JUNCTION
KUMBALAM
KOCHIN",,KOCHI,Kerala,India,9447291424,682506,,NO,NO,99381000019924810,INR,1.00,false,17346.00,0.00,0.00,,,,0.00,,,,,,,,,0.00,,99381000000098082,Pushed,577875f3cc5a4e4b1069c253d25e52a1d93ee74ed9ab83a6732db7822e2226ba,,YES/25-26/2231,2025-11-27,0.000,,,,0.00,,,,,,,,,,,,,,,,true,Gujarath Government Stamping Fee /Expense for 20 kg,FALSE,0.00,0.0,10.00,,306.00,1700.00,"YES/25-26/2248,YES/25-26/3477,YES/26-27/0643",Cochin,9.00,9.00,0.00,0.00,153.00,153.00,0.00,0.00,153.00,153.00,0.00,0.00,Sales Return,,,"{""SellerGstin"":""32AAFCI1950F1ZZ"",""BuyerGstin"":""32RKPPS4934F1ZG"",""DocNo"":""CN-00218"",""DocTyp"":""CRN"",""DocDt"":""01/12/2025"",""TotInvVal"":17346.0,""ItemCnt"":2,""MainHsnCode"":""84231000"",""Irn"":""577875f3cc5a4e4b1069c253d25e52a1d93ee74ed9ab83a6732db7822e2226ba"",""IrnDt"":""2025-12-01 11:36:00""}",eyJhbGciOiJSUzI1NiIsImtpZCI6IjRERTE1NDRBRTY5NUJEQzg0RUM3QkMxMkYyRjU3RjgxM0Y0NEUzMDEiLCJ4NXQiOiJUZUZVU3VhVnZjaE94N3dTOHZWX2dUOUU0d0UiLCJ0eXAiOiJKV1QifQ.eyJpc3MiOiJOSUMiLCJkYXRhIjoie1wiU2VsbGVyR3N0aW5cIjpcIjMyQUFGQ0kxOTUwRjFaWlwiLFwiQnV5ZXJHc3RpblwiOlwiMzJSS1BQUzQ5MzRGMVpHXCIsXCJEb2NOb1wiOlwiQ04tMDAyMThcIixcIkRvY1R5cFwiOlwiQ1JOXCIsXCJEb2NEdFwiOlwiMDEvMTIvMjAyNVwiLFwiVG90SW52VmFsXCI6MTczNDYuMCxcIkl0ZW1DbnRcIjoyLFwiTWFpbkhzbkNvZGVcIjpcIjg0MjMxMDAwXCIsXCJJcm5cIjpcIjU3Nzg3NWYzY2M1YTRlNGIxMDY5YzI1M2QyNWU1MmExZDkzZWU3NGVkOWFiODNhNjczMmRiNzgyMmUyMjI2YmFcIixcIklybkR0XCI6XCIyMDI1LTEyLTAxIDExOjM2OjAwXCJ9In0.PtFkF0guJRDF2fbVugOCLcNK-c2cFplu0L_HvVKCjuK8eqOLXxqJCTGlqsIGXoq410pxSWxomDniOg3THAnHcjEoDUXuc4YgbSlf4qJRtsq7h8Ka8a_DMyAy914ol-_8G-guc7Xgy2nFn50Uh1yvHA3VLRObDJsbKSMvg_h-CW76eebnwa5R-Ied-F_rKiwe9XI1mruKjQNL7pu2eEANtYRSgNFHWYRhBLEYGk2RN48OMHL7gy8r4QHiTTHtOEWsole3OFyvXaCsE0jI-wvJl0nQH4rfU6ClmLeB3N7c6chvCoDxnxqJinbWKs2TQ9QBYJx-drGT3ichL6bmAmzQlA,152523884965112,2025-12-01 11:36:00,,,,INTERWEIGHING PVT LTD,32AAFCI1950F1ZZ,3PL Warehouse : C/O LOGIWIZ LOGISTICS INDIA PVT LTD,COCHIN,Kerala,India,683503,8803333444,admin@yesweigh.in,Taxable,99381000000006208,GST18,18.00,Tax Group,,,,,,0.000,,,32-Kerala,business_gst,32RKPPS4934F1ZG,,,,Others,entity_level,KL,14700.00,0.00,Adjustment,Registered,goods,Spreadsheet Template,nos,170.00,76061190,Sales,,GSF20,,,,,,,,,,,,,,,0.000,Cochin,,
2025-12-05,,99381000019095020,,99381000026268312,CN-00219,Closed,Accounts Receivable,ASIAN SCALE INDUSTRIES,,"97/1,Andalpuram,KK nagar post",,Rajapalayam,Tamil Nadu,India,626108,9487052056,,,"97/1,Andalpuram,KK nagar post",,Rajapalayam,Tamil Nadu,India,9487052056,626108,,NO,NO,99381000015973001,INR,1.00,false,36816.00,0.00,0.00,,,,0.00,,,,,,,,,0.00,,99381000000098082,Pushed,d3b3bed9684bd1f7bf6013c02697b6ad944a8072233d10dd9fe690b936b3ca4c,,YES/25-26/0942,2025-07-18,0.000,,,,0.00,,,,,,,,,,,,,,,,true,SCANGLE-All IN ONE POS TERMINAL AI _ Scale,FALSE,0.00,0.0,1.00,"15.6 INCH ANDROID POS
 RK3566/2GB+ 32GB SSD
 80MM PRINTER
 ANDROID 11
 AI CAMERA
 WITH WEIGHING",5616.00,31200.00,YES/25-26/2302,Cochin,0.00,0.00,18.00,0.00,0.00,0.00,5616.00,0.00,0.00,0.00,5616.00,0.00,Sales Return,,,"{""SellerGstin"":""32AAFCI1950F1ZZ"",""BuyerGstin"":""33CDUPG2152E1ZR"",""DocNo"":""CN-00219"",""DocTyp"":""CRN"",""DocDt"":""05/12/2025"",""TotInvVal"":36816.0,""ItemCnt"":1,""MainHsnCode"":""84705010"",""Irn"":""d3b3bed9684bd1f7bf6013c02697b6ad944a8072233d10dd9fe690b936b3ca4c"",""IrnDt"":""2025-12-05 11:37:00""}",eyJhbGciOiJSUzI1NiIsImtpZCI6IjRERTE1NDRBRTY5NUJEQzg0RUM3QkMxMkYyRjU3RjgxM0Y0NEUzMDEiLCJ4NXQiOiJUZUZVU3VhVnZjaE94N3dTOHZWX2dUOUU0d0UiLCJ0eXAiOiJKV1QifQ.eyJpc3MiOiJOSUMiLCJkYXRhIjoie1wiU2VsbGVyR3N0aW5cIjpcIjMyQUFGQ0kxOTUwRjFaWlwiLFwiQnV5ZXJHc3RpblwiOlwiMzNDRFVQRzIxNTJFMVpSXCIsXCJEb2NOb1wiOlwiQ04tMDAyMTlcIixcIkRvY1R5cFwiOlwiQ1JOXCIsXCJEb2NEdFwiOlwiMDUvMTIvMjAyNVwiLFwiVG90SW52VmFsXCI6MzY4MTYuMCxcIkl0ZW1DbnRcIjoxLFwiTWFpbkhzbkNvZGVcIjpcIjg0NzA1MDEwXCIsXCJJcm5cIjpcImQzYjNiZWQ5Njg0YmQxZjdiZjYwMTNjMDI2OTdiNmFkOTQ0YTgwNzIyMzNkMTBkZDlmZTY5MGI5MzZiM2NhNGNcIixcIklybkR0XCI6XCIyMDI1LTEyLTA1IDExOjM3OjAwXCJ9In0.u4Qn-xOJZrRYBV_XUK-_3aQWTuxGV9x0xP2cLPJ3ZOwGEM6fJxlWLl-3FqcJfAucVufiUTwglXU8ZrwaRp6iJ6o0xhOmulxHE25PgX5qmHJETSAv1N0zekn_VH2K7B-N_CJrN1QSTJqpewudi8wNxF0rjczeFacr5YcPGAYtMLNnS2tUulbRPsSdAqmS2s-bzu7PdLfHMPn7x43MU5d9CALDmnPoDT4Yespotx0tNUqOkfuHS77ggSEdYn7PVEb9I8zrblA_LsD6gjdF6a_qYKBiYFVAHvBHX-9aAvUGvWwrcDWYES9rb67-6M_dzz1hVUEDeNPPTgwrS2QhF-R0tg,152523938232102,2025-12-05 11:37:00,,,,INTERWEIGHING PVT LTD,32AAFCI1950F1ZZ,3PL Warehouse : C/O LOGIWIZ LOGISTICS INDIA PVT LTD,COCHIN,Kerala,India,683503,8803333444,admin@yesweigh.in,Taxable,99381000000006196,IGST18,18.00,ItemAmount,,,,,,0.000,,,33-Tamil Nadu,business_gst,33CDUPG2152E1ZR,,,,Biju B,entity_level,TN,31200.00,0.00,Adjustment,Registered,goods,Spreadsheet Template,nos,31200.00,84705010,Sales,,AIPOS,,,,,,,,,,,,,,,0.000,Cochin,,
2025-12-13,,99381000000542134,,99381000026447141,CN-00220,Open,Accounts Receivable,SAFE ELECTRONIC,,"Room No.28/548/4, Sha Complex, North Bus stand",,Thrissur,Kerala,India,680020,9747555743,,,"Room No.28/548/4, Sha Complex, North Bus stand",,Thrissur,Kerala,India,9747555743,680020,,NO,NO,99381000007024011,INR,1.00,false,266.00,1.00,0.00,,,,0.00,,,,,,,,,0.00,Other Charges,99381000003083031,Pushed,e94750b5ab9aeda12e49e8840190296d14f62a1e4ba3d3883de6969fc9577a44,,YES/25-26/2251,2025-12-01,0.000,,,,0.00,,,,,,,,,,,,,,,,true,Bench PC Protection Dust Cover,FALSE,0.00,0.0,5.00,,40.50,225.00,YES/25-26/2340,Head Office,9.00,9.00,0.00,0.00,20.25,20.25,0.00,0.00,20.25,20.25,0.00,0.00,Others,,,"{""SellerGstin"":""32AAFCI1950F1ZZ"",""BuyerGstin"":""32AJDPT1863E1ZE"",""DocNo"":""CN-00220"",""DocTyp"":""CRN"",""DocDt"":""13/12/2025"",""TotInvVal"":266.0,""ItemCnt"":1,""MainHsnCode"":""84239020"",""Irn"":""e94750b5ab9aeda12e49e8840190296d14f62a1e4ba3d3883de6969fc9577a44"",""IrnDt"":""2025-12-13 15:09:00""}",eyJhbGciOiJSUzI1NiIsImtpZCI6IjRERTE1NDRBRTY5NUJEQzg0RUM3QkMxMkYyRjU3RjgxM0Y0NEUzMDEiLCJ4NXQiOiJUZUZVU3VhVnZjaE94N3dTOHZWX2dUOUU0d0UiLCJ0eXAiOiJKV1QifQ.eyJpc3MiOiJOSUMiLCJkYXRhIjoie1wiU2VsbGVyR3N0aW5cIjpcIjMyQUFGQ0kxOTUwRjFaWlwiLFwiQnV5ZXJHc3RpblwiOlwiMzJBSkRQVDE4NjNFMVpFXCIsXCJEb2NOb1wiOlwiQ04tMDAyMjBcIixcIkRvY1R5cFwiOlwiQ1JOXCIsXCJEb2NEdFwiOlwiMTMvMTIvMjAyNVwiLFwiVG90SW52VmFsXCI6MjY2LjAsXCJJdGVtQ250XCI6MSxcIk1haW5Ic25Db2RlXCI6XCI4NDIzOTAyMFwiLFwiSXJuXCI6XCJlOTQ3NTBiNWFiOWFlZGExMmU0OWU4ODQwMTkwMjk2ZDE0ZjYyYTFlNGJhM2QzODgzZGU2OTY5ZmM5NTc3YTQ0XCIsXCJJcm5EdFwiOlwiMjAyNS0xMi0xMyAxNTowOTowMFwifSJ9.O1rDyLquTRKkrG_EnnYSmDuXzt4-DubRD4VdNtqH5aTK57DKfgfxS9GSLP7XWSwO8fUgx8ucudSAQVov9JpOcEegS-HHfZWBlc3BbHUPdeXtqlYwtPWaV9zKpQPc9kDIDY8g4s0xvtzxa6XQy4CC-qa6BS3IlHA_hGBMIy80K44EkHAsCKoyhQnl8z1XQXfgiV_GRpnYGQlQyeEHpttgU_3UAMf6bAcxuMKc8c2MXC2dWQCeX3Z_zW1tQeidhMzmASoQ7JxrZ-G_QhJDEM5w72ikR3nKpJwJJ6ScpatZ8lxDOkRGY7F-MKWbPJHT93l_aR-YjT1WFaHjxGg2uys2OQ,152524029213554,2025-12-13 15:09:00,,,,INTERWEIGHING PVT LTD,32AAFCI1950F1ZZ,"49/470 D1 ,3rd Floor",COCHIN,Kerala,India,683503,8803333444,admin@yesweigh.in,Taxable,99381000000006208,GST18,18.00,Tax Group,,,,,,0.000,,,32-Kerala,business_gst,32AJDPT1863E1ZE,,,,Visakh - Spares,entity_level,KL,225.00,0.50,Adjustment,,goods,Spreadsheet Template,pcs,45.00,84239020,Sales,,BPC104,,,,,,,,,,,,,,,0.000,Head Office,,
2025-12-20,,99381000000343199,,99381000026559490,CN-00221,Closed,Accounts Receivable,VENKATACHALAM & CO,,"590 ,VYSIAL STREET
OPPOSITE TO B1 POLICE STATION",,COIMBATORE,Tamil Nadu,India,641001,9655569000,,,"590 ,VYSIAL STREET
OPPOSITE TO B1 POLICE STATION",,COIMBATORE,Tamil Nadu,India,9655569000,641001,,NO,NO,99381000014693003,INR,1.00,false,16992.00,0.00,0.00,,,,0.00,,,,,,,,,0.00,,99381000000098082,Pushed,f6ea759975457035f3507f537b6b220693fcb7ed950a4a289526914bfb7a9786,,YES/25-26/2434,2025-12-18,0.000,,,,0.00,,,,,,,,,,,,,,,,true,ECS Indicator,FALSE,0.00,0.0,1.00,,2592.00,14400.00,YES/25-26/2463,Cochin,0.00,0.00,18.00,0.00,0.00,0.00,2592.00,0.00,0.00,0.00,2592.00,0.00,Others,,,"{""SellerGstin"":""32AAFCI1950F1ZZ"",""BuyerGstin"":""33AAUFV3958J1ZE"",""DocNo"":""CN-00221"",""DocTyp"":""CRN"",""DocDt"":""20/12/2025"",""TotInvVal"":16992.0,""ItemCnt"":1,""MainHsnCode"":""84231000"",""Irn"":""f6ea759975457035f3507f537b6b220693fcb7ed950a4a289526914bfb7a9786"",""IrnDt"":""2025-12-20 14:58:00""}",eyJhbGciOiJSUzI1NiIsImtpZCI6IjRERTE1NDRBRTY5NUJEQzg0RUM3QkMxMkYyRjU3RjgxM0Y0NEUzMDEiLCJ4NXQiOiJUZUZVU3VhVnZjaE94N3dTOHZWX2dUOUU0d0UiLCJ0eXAiOiJKV1QifQ.eyJpc3MiOiJOSUMiLCJkYXRhIjoie1wiU2VsbGVyR3N0aW5cIjpcIjMyQUFGQ0kxOTUwRjFaWlwiLFwiQnV5ZXJHc3RpblwiOlwiMzNBQVVGVjM5NThKMVpFXCIsXCJEb2NOb1wiOlwiQ04tMDAyMjFcIixcIkRvY1R5cFwiOlwiQ1JOXCIsXCJEb2NEdFwiOlwiMjAvMTIvMjAyNVwiLFwiVG90SW52VmFsXCI6MTY5OTIuMCxcIkl0ZW1DbnRcIjoxLFwiTWFpbkhzbkNvZGVcIjpcIjg0MjMxMDAwXCIsXCJJcm5cIjpcImY2ZWE3NTk5NzU0NTcwMzVmMzUwN2Y1MzdiNmIyMjA2OTNmY2I3ZWQ5NTBhNGEyODk1MjY5MTRiZmI3YTk3ODZcIixcIklybkR0XCI6XCIyMDI1LTEyLTIwIDE0OjU4OjAwXCJ9In0.3XCqEMd33ljZtVFhoQDjusA_1zDo29rodx1C4Kju2kIhZ6uAAfx26Hw5LbUUVyvAg24uwOMEGDEFFGcNkUdBaRcGnNhpWav094hHTJAqn-ES7cIxKmas-TGXKHjr8pvMBAFPRmwxMt3gJPAXPPLotCpnZMchSqD9nuPr2kR1BRV6zFaOUowof_bceb1tNlHL1DoPaMjMayD4w80o6dYbcUyv5degMjSBi0uGl33itYuK3KJAn_921xCB9nxFyFnWB53TfRzw7U8srLlgbDVnqt7CpGP54lCNvreNR1KKi7uJE3mHH7GxVI5cZOpwdKr4ASe57W74oUMpXTvX-zWNqA,152524103365854,2025-12-20 14:58:00,,,,INTERWEIGHING PVT LTD,32AAFCI1950F1ZZ,3PL Warehouse : C/O LOGIWIZ LOGISTICS INDIA PVT LTD,COCHIN,Kerala,India,683503,8803333444,admin@yesweigh.in,Taxable,99381000000006196,IGST18,18.00,ItemAmount,,,,,,0.000,,,33-Tamil Nadu,business_gst,33AAUFV3958J1ZE,,,,Biju B,entity_level,TN,14400.00,0.00,Adjustment,,goods,Spreadsheet Template,nos,14400.00,84231000,Sales,,ECSIND,,,,,,,,,,,,,,,0.000,Cochin,,1
2026-01-21,,99381000009797715,,99381000027153401,CN-00222,Open,Accounts Receivable,S R VALUE THRASS AND ELECTRONICS,,"Opp Midhila Hitel
ERAMALLUR .P.O.",,CHERTHALA,Kerala,India,688537,7025252255,,,"Opp Midhila Hitel
ERAMALLUR .P.O.",,CHERTHALA,Kerala,India,7025252255,688537,,NO,NO,99381000014856027,INR,1.00,false,443.00,42.00,0.00,,,,0.00,,,,,,,,,0.00,Other Charges,99381000003083031,Yet To Be Pushed,,,YES/25-26/2708,2026-01-16,0.000,,,,0.00,,,,,,,,,,,,,,,,true,ATM30DAD1 Display front and back (dual LED),FALSE,0.00,0.0,1.00,,67.50,375.00,YES/25-26/2735,Head Office,9.00,9.00,0.00,0.00,33.75,33.75,0.00,0.00,33.75,33.75,0.00,0.00,Others,,,,,,,,,,INTERWEIGHING PVT LTD,32AAFCI1950F1ZZ,"49/470 D1 ,3rd Floor",COCHIN,Kerala,India,683503,8803333444,admin@yesweigh.in,Taxable,99381000000006208,GST18,18.00,Tax Group,,,,,,0.000,,,32-Kerala,business_gst,32FSXPS2785C1Z5,,,,Visakh - Spares,entity_level,KL,375.00,0.50,Adjustment,,goods,Spreadsheet Template,nos,375.00,84239020,Sales,,ADFABD,,,,,,,,,,,,,,,0.000,Head Office,,
2026-02-28,2026-02-28,99381000000735165,,99381000028109164,CN-00223,Closed,Accounts Receivable,EAGLE SCALES,,"Sf 280
Thiyagi Kumaran Street
Ganapathi",,Coimbatore,Tamil Nadu,India,641006,9345418851,,,"Sf 280
Thiyagi Kumaran Street
Ganapathi",,Coimbatore,Tamil Nadu,India,9345418851,641006,,NO,NO,99381000000959493,INR,1.00,false,18290.00,0.00,0.00,,,,0.00,,,,,,,,,0.00,,99381000000098082,Pushed,5b032b6b6215ed5e4fa56d00d99d715333baf57b86fd84774b529c0120105d29,,YES/25-26/2811,2026-01-29,0.000,,,,0.00,,,,,,,,,,,,,,,,true,Label Printing scale Q9,FALSE,0.00,0.0,1.00,"Make:YESWEIGH  Model:YS-30   Max:30kg  e:5g  Min:100g  Class:III
Serial No : YZA75705
(Product Packed in Dismantled Condition)",2790.00,15500.00,"YES/25-26/3259,YES/25-26/3260,YES/26-27/1407",Cochin,0.00,0.00,18.00,0.00,0.00,0.00,2790.00,0.00,0.00,0.00,2790.00,0.00,Others,,,"{""SellerGstin"":""32AAFCI1950F1ZZ"",""BuyerGstin"":""33BGOPP8764M1ZG"",""DocNo"":""CN-00223"",""DocTyp"":""CRN"",""DocDt"":""28/02/2026"",""TotInvVal"":18290.0,""ItemCnt"":1,""MainHsnCode"":""84231000"",""Irn"":""5b032b6b6215ed5e4fa56d00d99d715333baf57b86fd84774b529c0120105d29"",""IrnDt"":""2026-02-28 13:19:00""}",eyJhbGciOiJSUzI1NiIsImtpZCI6IjRERTE1NDRBRTY5NUJEQzg0RUM3QkMxMkYyRjU3RjgxM0Y0NEUzMDEiLCJ4NXQiOiJUZUZVU3VhVnZjaE94N3dTOHZWX2dUOUU0d0UiLCJ0eXAiOiJKV1QifQ.eyJpc3MiOiJOSUMiLCJkYXRhIjoie1wiU2VsbGVyR3N0aW5cIjpcIjMyQUFGQ0kxOTUwRjFaWlwiLFwiQnV5ZXJHc3RpblwiOlwiMzNCR09QUDg3NjRNMVpHXCIsXCJEb2NOb1wiOlwiQ04tMDAyMjNcIixcIkRvY1R5cFwiOlwiQ1JOXCIsXCJEb2NEdFwiOlwiMjgvMDIvMjAyNlwiLFwiVG90SW52VmFsXCI6MTgyOTAuMCxcIkl0ZW1DbnRcIjoxLFwiTWFpbkhzbkNvZGVcIjpcIjg0MjMxMDAwXCIsXCJJcm5cIjpcIjViMDMyYjZiNjIxNWVkNWU0ZmE1NmQwMGQ5OWQ3MTUzMzNiYWY1N2I4NmZkODQ3NzRiNTI5YzAxMjAxMDVkMjlcIixcIklybkR0XCI6XCIyMDI2LTAyLTI4IDEzOjE5OjAwXCJ9In0.DoA5BXwNgwvmJPOdBS7R6LwiYCebtwAMEmiGp9lR6Ksu_mGDhXNO3pZSKtk973yTvJqA2wtQknTdwDG8hATUcPEu50KdJYnS-voLhgLMgNksFsmuhMNYTSfVnll1DVYsPAoN1sCOYUneEIe2bhmt-0G4BMltlwubyFftog3lqiH_zRyYEdhHC64H5L3KXd0Pnw9ZmJ1gfizLPJJFLJrJhSdsp0Rf3MFzDEVuTGoMrIO_Dj1x5yp6C38toPc5Y6nW3E46YE3pRIRcWUQ6-cT7hDtACD5RYjWiibK5wKCGZ_9FAJH6hpVV8kgN5PvSJHU2oC-iVhktcl-vmxYSAhC8Og,152624879028822,2026-02-28 13:19:00,,,,INTERWEIGHING PVT LTD,32AAFCI1950F1ZZ,3PL Warehouse : C/O LOGIWIZ LOGISTICS INDIA PVT LTD,COCHIN,Kerala,India,683503,8803333444,admin@yesweigh.in,Taxable,99381000000006196,IGST18,18.00,ItemAmount,,,,,,0.000,,,33-Tamil Nadu,business_gst,33BGOPP8764M1ZG,,,,Biju B,entity_level,TN,15500.00,0.00,Adjustment,,goods,Spreadsheet Template,nos,15500.00,84231000,Sales,,TMAQ9,,,,,,,,,,,,,,,0.000,Cochin,,1
2026-02-28,2026-02-28,,,99381000028107372,CN-00224,Open,Accounts Receivable,ACCURATE TRADE LINKS,Harish,Future Centre,Ottukuzhi Road,Trivandrum,Kerala,India,695001,9847141007,,Harish,Future Centre,Ottukuzhi Road,Trivandrum,Kerala,India,9847141007,695001,,NO,NO,99381000000114383,INR,1.00,false,3068.00,2962.00,0.00,,,,0.00,,,,,,,,,0.00,,99381000000098082,Pushed,0312ecb08116cedc915077a29e90388daab213bdab95d94940384e39fe8a5e2a,,YES/25-26/3036,2026-02-16,0.000,,,,0.00,,,,,,,,,,,,,,,,true,,FALSE,0.00,0.0,52.00,Price Difference,468.00,2600.00,YES/25-26/3436,Cochin,9.00,9.00,0.00,0.00,234.00,234.00,0.00,0.00,234.00,234.00,0.00,0.00,Others,,,"{""SellerGstin"":""32AAFCI1950F1ZZ"",""BuyerGstin"":""32AHJPK1741Q1Z4"",""DocNo"":""CN-00224"",""DocTyp"":""CRN"",""DocDt"":""28/02/2026"",""TotInvVal"":3068.0,""ItemCnt"":1,""MainHsnCode"":""997113"",""Irn"":""0312ecb08116cedc915077a29e90388daab213bdab95d94940384e39fe8a5e2a"",""IrnDt"":""2026-02-28 17:01:00""}",eyJhbGciOiJSUzI1NiIsImtpZCI6IjRERTE1NDRBRTY5NUJEQzg0RUM3QkMxMkYyRjU3RjgxM0Y0NEUzMDEiLCJ4NXQiOiJUZUZVU3VhVnZjaE94N3dTOHZWX2dUOUU0d0UiLCJ0eXAiOiJKV1QifQ.eyJpc3MiOiJOSUMiLCJkYXRhIjoie1wiU2VsbGVyR3N0aW5cIjpcIjMyQUFGQ0kxOTUwRjFaWlwiLFwiQnV5ZXJHc3RpblwiOlwiMzJBSEpQSzE3NDFRMVo0XCIsXCJEb2NOb1wiOlwiQ04tMDAyMjRcIixcIkRvY1R5cFwiOlwiQ1JOXCIsXCJEb2NEdFwiOlwiMjgvMDIvMjAyNlwiLFwiVG90SW52VmFsXCI6MzA2OC4wLFwiSXRlbUNudFwiOjEsXCJNYWluSHNuQ29kZVwiOlwiOTk3MTEzXCIsXCJJcm5cIjpcIjAzMTJlY2IwODExNmNlZGM5MTUwNzdhMjllOTAzODhkYWFiMjEzYmRhYjk1ZDk0OTQwMzg0ZTM5ZmU4YTVlMmFcIixcIklybkR0XCI6XCIyMDI2LTAyLTI4IDE3OjAxOjAwXCJ9In0.aGb74OIfWZWaI0ADkZuREFLigLMMUAbb7X0ytgRDLsM5Q11WUrEYKy8S9cTp1PP0DiIYRXHZKEipxbwZlIIFKfKIokcvsmTp3tki-SjzUA1ZPduc73H0CJVx54scMrndjV-JZUkNwVben2Vh8Mql4iRDzBAs7Sb-IbBgAIHSKkpga45g1CSYoc7Ct_tJJKa_umDy2sz7PC4wUe6AyTeCOXjx813vgh2kvBSPeQzc6jtvYjF8aZXvX7L0F98HVKeIv31dFYhgbZQzriENL5yBfKaanvDmwYXBKlpTiZ-zgmF5w_hb0V8q_8fupjr8pnmlKBrO7gIy1Cz9VRXRzFEqxQ,152624884127002,2026-02-28 17:01:00,,,,INTERWEIGHING PVT LTD,32AAFCI1950F1ZZ,3PL Warehouse : C/O LOGIWIZ LOGISTICS INDIA PVT LTD,COCHIN,Kerala,India,683503,8803333444,admin@yesweigh.in,Taxable,99381000000006208,GST18,18.00,Tax Group,,,,,,0.000,,,32-Kerala,business_gst,32AHJPK1741Q1Z4,,,,Others,entity_level,KL,2600.00,0.00,Adjustment,Registered,service,Spreadsheet Template,,50.00,997113,Sales,,,,,,,,,,,,,,,,,0.000,,,
2026-03-11,2026-03-11,99381000025312118,,99381000028370974,CN-00225,Closed,Accounts Receivable,ACCURATE TRADE LINKS,Harish,Future Centre,Ottukuzhi Road,Trivandrum,Kerala,India,695001,9847141007,,Harish,"ACCURATE TRADE LINKS
Future Centre",Ottukuzhi Road,Trivandrum,Kerala,India,9847141007,695001,,NO,NO,99381000000114383,INR,1.00,false,11210.00,0.00,0.00,,,,0.00,,,,,,,,,0.00,,99381000000098082,Pushed,c5fc700d61f2039acf6f76fb743a4d9e758dbfe816ea077e800a90d0a6956a93,,YES/25-26/3255,2026-02-28,0.000,,,,0.00,,,,,,,,,,,,,,,,true,SCANGLE - BARCODE SERIAL SCANNER  1D HANDY,FALSE,0.00,0.0,10.00,"SCANGLE BARCODE SERIAL SCANNER
TYPE: CCD, INTERFACE: USB
",1710.00,9500.00,YES/25-26/3436,Cochin,9.00,9.00,0.00,0.00,855.00,855.00,0.00,0.00,855.00,855.00,0.00,0.00,Others,,,"{""SellerGstin"":""32AAFCI1950F1ZZ"",""BuyerGstin"":""32AHJPK1741Q1Z4"",""DocNo"":""CN-00225"",""DocTyp"":""CRN"",""DocDt"":""11/03/2026"",""TotInvVal"":11210.0,""ItemCnt"":1,""MainHsnCode"":""84716050"",""Irn"":""c5fc700d61f2039acf6f76fb743a4d9e758dbfe816ea077e800a90d0a6956a93"",""IrnDt"":""2026-03-11 17:11:00""}",eyJhbGciOiJSUzI1NiIsImtpZCI6IjRERTE1NDRBRTY5NUJEQzg0RUM3QkMxMkYyRjU3RjgxM0Y0NEUzMDEiLCJ4NXQiOiJUZUZVU3VhVnZjaE94N3dTOHZWX2dUOUU0d0UiLCJ0eXAiOiJKV1QifQ.eyJpc3MiOiJOSUMiLCJkYXRhIjoie1wiU2VsbGVyR3N0aW5cIjpcIjMyQUFGQ0kxOTUwRjFaWlwiLFwiQnV5ZXJHc3RpblwiOlwiMzJBSEpQSzE3NDFRMVo0XCIsXCJEb2NOb1wiOlwiQ04tMDAyMjVcIixcIkRvY1R5cFwiOlwiQ1JOXCIsXCJEb2NEdFwiOlwiMTEvMDMvMjAyNlwiLFwiVG90SW52VmFsXCI6MTEyMTAuMCxcIkl0ZW1DbnRcIjoxLFwiTWFpbkhzbkNvZGVcIjpcIjg0NzE2MDUwXCIsXCJJcm5cIjpcImM1ZmM3MDBkNjFmMjAzOWFjZjZmNzZmYjc0M2E0ZDllNzU4ZGJmZTgxNmVhMDc3ZTgwMGE5MGQwYTY5NTZhOTNcIixcIklybkR0XCI6XCIyMDI2LTAzLTExIDE3OjExOjAwXCJ9In0.bM0393GhMmlRu9EeopKxsRA2u_7JOYIVnPFW3rwvdaX0AWQpNym9WiKh4wxUnAWdTjqloBMO_OvHwRnDnflQ2uyZbgiOcw7uVlg4-IMHpi-DXOIK5Yq0m2C2tvnf0azXwzyIYTEbvSk8kHbuYj4B8X48HWIhwnT3JtCXsXQDtFP2XnAMv-8LOAu07o3Ql_1TjjyDJtMPHstNBRell9TNDGJ3oq-q7zO5XiTp9N7MPN4ZXzjVWJ_yRCRA9XRTJuEsthW01QbRBP2nRq4Q-C45UY6YRiNWFmFuVqT_Eru0-g8J1UsQ1hAhHzf2ZIzu5dDe0jr3t670nvUEbFhsFO91Ag,152625012069661,2026-03-11 17:11:00,,,,INTERWEIGHING PVT LTD,32AAFCI1950F1ZZ,3PL Warehouse : C/O LOGIWIZ LOGISTICS INDIA PVT LTD,COCHIN,Kerala,India,683503,8803333444,admin@yesweigh.in,Taxable,99381000000006208,GST18,18.00,Tax Group,,,,,,0.000,,,32-Kerala,business_gst,32AHJPK1741Q1Z4,,,,Others,entity_level,KL,9500.00,0.00,Adjustment,,goods,Spreadsheet Template,nos,950.00,84716050,Sales,,SERIALSCANNER,,,,,,,,,,,,,,,0.000,Cochin,,
2026-04-13,2026-04-13,99381000021769618,,99381000029068148,CN-00228,Closed,Accounts Receivable,KRAUS INSTRUMENTS,,"1,11/411/14, ABHCON CROWN,","AMBADY LANE, KOKKALAI","KOKKALAI, THRISSUR",Kerala,India,680001,99617020321,,,"KRAUS INSTRUMENTS
1,11/411/14, ABHCON CROWN,","AMBADY LANE, KOKKALAI","KOKKALAI, THRISSUR",Kerala,India,99617020321,680001,,NO,NO,99381000000309611,INR,1.00,false,8260.00,0.00,0.00,,,,0.00,,,,,,,,,0.00,,99381000000098082,Pushed,84d8fc9a77a77db7d55b4bc55102b63f1e9c04c5301b402bc75ccd6d429cb4f0,,YES/26-27/0074,2026-04-10,0.000,,,,0.00,,,,,,,,,,,,,,,,true,ELECTRONIC CASH REGISTER (BLACK),FALSE,0.00,0.0,1.00,,1260.00,7000.00,YES/26-27/0095,Cochin,9.00,9.00,0.00,0.00,630.00,630.00,0.00,0.00,630.00,630.00,0.00,0.00,Others,,,"{""SellerGstin"":""32AAFCI1950F1ZZ"",""BuyerGstin"":""32AASFK0676Q1ZM"",""DocNo"":""CN-00228"",""DocTyp"":""CRN"",""DocDt"":""13/04/2026"",""TotInvVal"":8260.0,""ItemCnt"":1,""MainHsnCode"":""84705010"",""Irn"":""84d8fc9a77a77db7d55b4bc55102b63f1e9c04c5301b402bc75ccd6d429cb4f0"",""IrnDt"":""2026-04-13 12:37:00""}",eyJhbGciOiJSUzI1NiIsImtpZCI6IjRERTE1NDRBRTY5NUJEQzg0RUM3QkMxMkYyRjU3RjgxM0Y0NEUzMDEiLCJ4NXQiOiJUZUZVU3VhVnZjaE94N3dTOHZWX2dUOUU0d0UiLCJ0eXAiOiJKV1QifQ.eyJpc3MiOiJOSUMiLCJkYXRhIjoie1wiU2VsbGVyR3N0aW5cIjpcIjMyQUFGQ0kxOTUwRjFaWlwiLFwiQnV5ZXJHc3RpblwiOlwiMzJBQVNGSzA2NzZRMVpNXCIsXCJEb2NOb1wiOlwiQ04tMDAyMjhcIixcIkRvY1R5cFwiOlwiQ1JOXCIsXCJEb2NEdFwiOlwiMTMvMDQvMjAyNlwiLFwiVG90SW52VmFsXCI6ODI2MC4wLFwiSXRlbUNudFwiOjEsXCJNYWluSHNuQ29kZVwiOlwiODQ3MDUwMTBcIixcIklyblwiOlwiODRkOGZjOWE3N2E3N2RiN2Q1NWI0YmM1NTEwMmI2M2YxZTljMDRjNTMwMWI0MDJiYzc1Y2NkNmQ0MjljYjRmMFwiLFwiSXJuRHRcIjpcIjIwMjYtMDQtMTMgMTI6Mzc6MDBcIn0ifQ.CFLfi__1E4eAafwpSQk0Cy0Ua-NV8020Nk8LJ6KgVlg0Gv-ozRuFcVUTDOunlv2XV9km5YsFDnovrIZ_TIqkkJ-0-aKIrVcVbN5yfnjWpem7Zg0KXwsa5wiZzIEiZxLbBA4Gs-7ZKBkj3tGQFbNJ_shQkPfr5fvcHifXXauD4s7vNN-HzSIeftBtFRVXlJRcEuvb_UESy6pGYyJYZTJM57kJr5jHIVUkquS3k_cvQc81vBrU32LfJDc10b3Yq_T2sXSekZNiR2WR90Qho7thZbQSDW1s33W0ytk86VvAkAr_m5gC2RJEECRLhxk3as54nnQhaYnXJ_SdRkixwemWpQ,152625380839404,2026-04-13 12:37:00,,,,INTERWEIGHING PVT LTD,32AAFCI1950F1ZZ,3PL Warehouse : C/O LOGIWIZ LOGISTICS INDIA PVT LTD,COCHIN,Kerala,India,683503,8803333444,admin@yesweigh.in,Taxable,99381000000006208,GST18,18.00,Tax Group,,,,,,0.000,,,32-Kerala,business_gst,32AASFK0676Q1ZM,,,,Others,entity_level,KL,7000.00,0.00,Adjustment,,goods,Spreadsheet Template,nos,7000.00,84705010,Sales,,ECRB,,,,,,,,,,,,,,,0.000,Cochin,,
2026-04-13,2026-04-13,99381000025769162,,99381000029061988,CN-00227,Open,Accounts Receivable,KRAUS INSTRUMENTS,,"1,11/411/14, ABHCON CROWN,","AMBADY LANE, KOKKALAI","KOKKALAI, THRISSUR",Kerala,India,680001,99617020321,,,"KRAUS INSTRUMENTS
1,11/411/14, ABHCON CROWN,","AMBADY LANE, KOKKALAI","KOKKALAI, THRISSUR",Kerala,India,99617020321,680001,,NO,NO,99381000000309611,INR,1.00,false,319.00,1.00,0.00,,,,0.00,,,,,,,,,0.00,Other Charges,99381000000098082,Pushed,b749afac357e35232c9e29dce2d7c3e5d6e25dabb25adbfd1ee69520c4e4fae0,,YES/26-27/0076,2026-04-10,0.000,,,,0.00,,,,,,,,,,,,,,,,true,Gujarath Government Stamping Fee /Expense for 30 kg,FALSE,0.00,0.0,1.00,,48.60,270.00,YES/26-27/0108,Cochin,9.00,9.00,0.00,0.00,24.30,24.30,0.00,0.00,24.30,24.30,0.00,0.00,Others,,,"{""SellerGstin"":""32AAFCI1950F1ZZ"",""BuyerGstin"":""32AASFK0676Q1ZM"",""DocNo"":""CN-00227"",""DocTyp"":""CRN"",""DocDt"":""13/04/2026"",""TotInvVal"":319.0,""ItemCnt"":1,""MainHsnCode"":""76061190"",""Irn"":""b749afac357e35232c9e29dce2d7c3e5d6e25dabb25adbfd1ee69520c4e4fae0"",""IrnDt"":""2026-04-13 12:32:00""}",eyJhbGciOiJSUzI1NiIsImtpZCI6IjRERTE1NDRBRTY5NUJEQzg0RUM3QkMxMkYyRjU3RjgxM0Y0NEUzMDEiLCJ4NXQiOiJUZUZVU3VhVnZjaE94N3dTOHZWX2dUOUU0d0UiLCJ0eXAiOiJKV1QifQ.eyJpc3MiOiJOSUMiLCJkYXRhIjoie1wiU2VsbGVyR3N0aW5cIjpcIjMyQUFGQ0kxOTUwRjFaWlwiLFwiQnV5ZXJHc3RpblwiOlwiMzJBQVNGSzA2NzZRMVpNXCIsXCJEb2NOb1wiOlwiQ04tMDAyMjdcIixcIkRvY1R5cFwiOlwiQ1JOXCIsXCJEb2NEdFwiOlwiMTMvMDQvMjAyNlwiLFwiVG90SW52VmFsXCI6MzE5LjAsXCJJdGVtQ250XCI6MSxcIk1haW5Ic25Db2RlXCI6XCI3NjA2MTE5MFwiLFwiSXJuXCI6XCJiNzQ5YWZhYzM1N2UzNTIzMmM5ZTI5ZGNlMmQ3YzNlNWQ2ZTI1ZGFiYjI1YWRiZmQxZWU2OTUyMGM0ZTRmYWUwXCIsXCJJcm5EdFwiOlwiMjAyNi0wNC0xMyAxMjozMjowMFwifSJ9.BSMnzS9QREvWkMfggXreGL__FZjgGsy4Gok2jB0x_1YpmFkxQVgVWOfZruh0VR2pm34MxHe5HPmA6cx5M2BztS3pS6QpylxHaksU-OGo3nhfTTOFOZesXhRmpU2M0XNrStoFWiaXsjwNZTWXtNpbCsBscCGV0RM80DeEWuKZWPeTPmnp4mXoaQBVr9-k50g-sdBJhCpTjiqG0A5P_Q8yk3jHrl4XVb8Dj8oF6W0gYhUiZXXc-nS_JvelI06kW1GhlFvzUUcPiXTPajaC_6q6gEcRzFbaEavzKr4-FPh0zfM0nBM1TjQNIES7CXX8SpJgZTyF4JCXOtvXgRUAEs9N3Q,152625380765242,2026-04-13 12:32:00,,,,INTERWEIGHING PVT LTD,32AAFCI1950F1ZZ,3PL Warehouse : C/O LOGIWIZ LOGISTICS INDIA PVT LTD,COCHIN,Kerala,India,683503,8803333444,admin@yesweigh.in,Taxable,99381000000006208,GST18,18.00,Tax Group,,,,,,0.000,,,32-Kerala,business_gst,32AASFK0676Q1ZM,,,,Others,entity_level,KL,270.00,0.40,Adjustment,,goods,Spreadsheet Template,nos,270.00,76061190,Sales,,GSF30,,,,,,,,,,,,,,,0.000,Cochin,,
2026-04-13,2026-04-13,99381000025769162,,99381000029061942,CN-00226,Closed,Accounts Receivable,KRAUS INSTRUMENTS,,"1,11/411/14, ABHCON CROWN,","AMBADY LANE, KOKKALAI","KOKKALAI, THRISSUR",Kerala,India,680001,99617020321,,,"KRAUS INSTRUMENTS
1,11/411/14, ABHCON CROWN,","AMBADY LANE, KOKKALAI","KOKKALAI, THRISSUR",Kerala,India,99617020321,680001,,NO,NO,99381000000309611,INR,1.00,false,319.00,0.00,0.00,,,,0.00,,,,,,,,,0.00,Other Charges,99381000000098082,Pushed,35ac321da07f2700e6a649a5a7d0e718edbc4fa72fa68af742749bb688c5c152,,YES/26-27/0074,2026-04-10,0.000,,,,0.00,,,,,,,,,,,,,,,,true,Gujarath Government Stamping Fee /Expense for 30 kg,FALSE,0.00,0.0,1.00,,48.60,270.00,YES/26-27/0108,Cochin,9.00,9.00,0.00,0.00,24.30,24.30,0.00,0.00,24.30,24.30,0.00,0.00,Others,,,"{""SellerGstin"":""32AAFCI1950F1ZZ"",""BuyerGstin"":""32AASFK0676Q1ZM"",""DocNo"":""CN-00226"",""DocTyp"":""CRN"",""DocDt"":""13/04/2026"",""TotInvVal"":319.0,""ItemCnt"":1,""MainHsnCode"":""76061190"",""Irn"":""35ac321da07f2700e6a649a5a7d0e718edbc4fa72fa68af742749bb688c5c152"",""IrnDt"":""2026-04-13 12:31:00""}",eyJhbGciOiJSUzI1NiIsImtpZCI6IjRERTE1NDRBRTY5NUJEQzg0RUM3QkMxMkYyRjU3RjgxM0Y0NEUzMDEiLCJ4NXQiOiJUZUZVU3VhVnZjaE94N3dTOHZWX2dUOUU0d0UiLCJ0eXAiOiJKV1QifQ.eyJpc3MiOiJOSUMiLCJkYXRhIjoie1wiU2VsbGVyR3N0aW5cIjpcIjMyQUFGQ0kxOTUwRjFaWlwiLFwiQnV5ZXJHc3RpblwiOlwiMzJBQVNGSzA2NzZRMVpNXCIsXCJEb2NOb1wiOlwiQ04tMDAyMjZcIixcIkRvY1R5cFwiOlwiQ1JOXCIsXCJEb2NEdFwiOlwiMTMvMDQvMjAyNlwiLFwiVG90SW52VmFsXCI6MzE5LjAsXCJJdGVtQ250XCI6MSxcIk1haW5Ic25Db2RlXCI6XCI3NjA2MTE5MFwiLFwiSXJuXCI6XCIzNWFjMzIxZGEwN2YyNzAwZTZhNjQ5YTVhN2QwZTcxOGVkYmM0ZmE3MmZhNjhhZjc0Mjc0OWJiNjg4YzVjMTUyXCIsXCJJcm5EdFwiOlwiMjAyNi0wNC0xMyAxMjozMTowMFwifSJ9.Xhq0uOxF35uVn41V0J82Zhd7yndbUEEfGRTBfwyuZZ1zDR1MxtjBciZJFrCfVBOeutDnn8CuviW2y8JAvmT9zGuEsqRKG8iUsdWNipp7eFXfID2x3Cwp4_eLjCAEnyfWjQ-tZtRpBL_EldjhNmaKtDO7C-Coc2xfBrYiGZdgt8B162nimreBXNGK_J7K_xFrH221k0OGQN9wznebEO5mHUz7wRvuyhlsMUWRisQOOUt5btQOkjK4EbMnswocy97FsxTUqWs8CLF75eDg-Jjk-82mH7qKSahKQtgHw683fPhpmlkrDTNzBpHv0hvy-DsPyZHcdOdwvuV71Gz4SoH-Rw,152625380728348,2026-04-13 12:31:00,,,,INTERWEIGHING PVT LTD,32AAFCI1950F1ZZ,3PL Warehouse : C/O LOGIWIZ LOGISTICS INDIA PVT LTD,COCHIN,Kerala,India,683503,8803333444,admin@yesweigh.in,Taxable,99381000000006208,GST18,18.00,Tax Group,,,,,,0.000,,,32-Kerala,business_gst,32AASFK0676Q1ZM,,,,Others,entity_level,KL,270.00,0.40,Adjustment,,goods,Spreadsheet Template,nos,270.00,76061190,Sales,,GSF30,,,,,,,,,,,,,,,0.000,Cochin,,
2026-04-21,2026-04-22,99381000009380900,,99381000029416100,CN-00229,Closed,Accounts Receivable,MEEZAN ELECTRONIC SCALES PRIVATE LIMITED,Riyas,"8/308A Meezan Tower
Calicut Road, Manjeri",,Manjeri,Kerala,India,676121,9446157730,,Riyas,MEEZAN ELECTRONIC SCALES PRIVATE LIMITED,"8/308A Meezan Tower 
Calicut Road , Manjeri",MANJERI,Kerala,India,9446157730,676121,,NO,NO,99381000000112170,INR,1.00,false,159.00,0.00,0.00,,,,0.00,,,,,,,,,0.00,Other Charges,99381000003083031,Pushed,215c51711a77f22cb86093857cf570fd7b221ef6bec06de6fe6083149414edae,,YES/26-27/0099,2026-04-11,0.000,,,,0.00,,,,,,,,,,,,,,,,true,APCPQ Pole Display case,FALSE,0.00,0.0,1.00,,24.30,135.00,YES/26-27/0216,Head Office,9.00,9.00,0.00,0.00,12.15,12.15,0.00,0.00,12.15,12.15,0.00,0.00,Others,,,"{""SellerGstin"":""32AAFCI1950F1ZZ"",""BuyerGstin"":""32AAECM1277C1ZY"",""DocNo"":""CN-00229"",""DocTyp"":""CRN"",""DocDt"":""21/04/2026"",""TotInvVal"":159.0,""ItemCnt"":1,""MainHsnCode"":""84239020"",""Irn"":""215c51711a77f22cb86093857cf570fd7b221ef6bec06de6fe6083149414edae"",""IrnDt"":""2026-04-21 17:23:00""}",eyJhbGciOiJSUzI1NiIsImtpZCI6IjRERTE1NDRBRTY5NUJEQzg0RUM3QkMxMkYyRjU3RjgxM0Y0NEUzMDEiLCJ4NXQiOiJUZUZVU3VhVnZjaE94N3dTOHZWX2dUOUU0d0UiLCJ0eXAiOiJKV1QifQ.eyJpc3MiOiJOSUMiLCJkYXRhIjoie1wiU2VsbGVyR3N0aW5cIjpcIjMyQUFGQ0kxOTUwRjFaWlwiLFwiQnV5ZXJHc3RpblwiOlwiMzJBQUVDTTEyNzdDMVpZXCIsXCJEb2NOb1wiOlwiQ04tMDAyMjlcIixcIkRvY1R5cFwiOlwiQ1JOXCIsXCJEb2NEdFwiOlwiMjEvMDQvMjAyNlwiLFwiVG90SW52VmFsXCI6MTU5LjAsXCJJdGVtQ250XCI6MSxcIk1haW5Ic25Db2RlXCI6XCI4NDIzOTAyMFwiLFwiSXJuXCI6XCIyMTVjNTE3MTFhNzdmMjJjYjg2MDkzODU3Y2Y1NzBmZDdiMjIxZWY2YmVjMDZkZTZmZTYwODMxNDk0MTRlZGFlXCIsXCJJcm5EdFwiOlwiMjAyNi0wNC0yMSAxNzoyMzowMFwifSJ9.ZmXu_bQ7x_4j3mTLRAseZ809gcUX5-JJ9rqRTlwf4UVpt1MxHrMLknI1roOvPtnmhBklH3Tjh1Bu1cBpk_7Xuq8bOarwBn5QxRay3JIxYoLg4zjGt0CVkhxUAf7Sx_hJG53TCj3vDMy5Yagh7ywtL9WgTvkFr3kYv5huYt-FoBSILv7hbzklIaOx1WeMqhugIGHLAKCEhM7dwMpzHsL9APqGYNwCXRD2Tm2RlNgEDbUJiEtr37jRVWnzfFHUzzKN848oeiF8Apqg0Lg3xkQmSuKtCrOtjlh4VPR9rJAZAdPN29dUs_Hsh6xafKshGjhnJRfj5tulZwXT_s8B982_Ww,152625467022321,2026-04-21 17:23:00,,,,INTERWEIGHING PVT LTD,32AAFCI1950F1ZZ,"49/470 D1 ,3rd Floor",COCHIN,Kerala,India,683503,8803333444,admin@yesweigh.in,Taxable,99381000000006208,GST18,18.00,Tax Group,,,,,,0.000,,,32-Kerala,business_gst,32AAECM1277C1ZY,,,,Others,entity_level,KL,135.00,-0.30,Adjustment,,goods,Spreadsheet Template,nos,135.00,84239020,Sales,,APDC,,,,,,,,,,,,,,,0.000,Head Office,,
2026-04-25,2026-04-25,99381000028829001,,99381000029476079,CN-00230,Closed,Accounts Receivable,E .G .TECH WEIGHING SYSTEMS,"Factory / Manufacturing, Retail Business, Service Provision, Recipient of Goods or Services","SHED NO 54/55, DEV INDUSTRIAL PARK, KUBADTHAL GAM ROAD",Ahmedabad,Ahmedabad,Gujarat,India,382433,7878282050,,DIGITAL SCALE,Digital Scale,"APB/232G
Bridge Bazar
Areekode, 9745204910",Malappuram,Kerala,India,'+91-9745204910,673639,,NO,NO,99381000029054936,INR,1.00,false,64428.00,0.00,0.00,,,,0.00,,,,,,,,,0.00,,99381000000098082,Pushed,cd06e54102c48189b60fe848d99e5eefb5d3902d2bea122f1c3ef1ee923ebc9a,,YES/26-27/0149,2026-04-16,0.000,,,,0.00,,,,,,,,,,,,,,,,true,TABLE TOP CHOTTU (G-EG),FALSE,0.00,0.0,52.00,"Model : YST-20
Max : 20kg e:2gm Min: 40g Class III
Display : Green
(Product packed in dismantled condition)",9828.00,54600.00,YES/26-27/0149,Cochin,0.00,0.00,18.00,0.00,0.00,0.00,9828.00,0.00,0.00,0.00,9828.00,0.00,Correction in invoice,,,"{""SellerGstin"":""32AAFCI1950F1ZZ"",""BuyerGstin"":""24ALXPS4805P1Z5"",""DocNo"":""CN-00230"",""DocTyp"":""CRN"",""DocDt"":""25/04/2026"",""TotInvVal"":64428.0,""ItemCnt"":1,""MainHsnCode"":""84231000"",""Irn"":""cd06e54102c48189b60fe848d99e5eefb5d3902d2bea122f1c3ef1ee923ebc9a"",""IrnDt"":""2026-04-25 09:46:00""}",eyJhbGciOiJSUzI1NiIsImtpZCI6IjRERTE1NDRBRTY5NUJEQzg0RUM3QkMxMkYyRjU3RjgxM0Y0NEUzMDEiLCJ4NXQiOiJUZUZVU3VhVnZjaE94N3dTOHZWX2dUOUU0d0UiLCJ0eXAiOiJKV1QifQ.eyJpc3MiOiJOSUMiLCJkYXRhIjoie1wiU2VsbGVyR3N0aW5cIjpcIjMyQUFGQ0kxOTUwRjFaWlwiLFwiQnV5ZXJHc3RpblwiOlwiMjRBTFhQUzQ4MDVQMVo1XCIsXCJEb2NOb1wiOlwiQ04tMDAyMzBcIixcIkRvY1R5cFwiOlwiQ1JOXCIsXCJEb2NEdFwiOlwiMjUvMDQvMjAyNlwiLFwiVG90SW52VmFsXCI6NjQ0MjguMCxcIkl0ZW1DbnRcIjoxLFwiTWFpbkhzbkNvZGVcIjpcIjg0MjMxMDAwXCIsXCJJcm5cIjpcImNkMDZlNTQxMDJjNDgxODliNjBmZTg0OGQ5OWU1ZWVmYjVkMzkwMmQyYmVhMTIyZjFjM2VmMWVlOTIzZWJjOWFcIixcIklybkR0XCI6XCIyMDI2LTA0LTI1IDA5OjQ2OjAwXCJ9In0.cutRMH20p9x90VIc3Lqo_8KWSHiHbDZ1oTvweNwTk-6yJHZa0MaP4QGjnsP_9sE7iwtebLN-tIAjos5got_CCKyeOY47plU8weNfmW5jU-ZLhkQ4Dunp_YhCs93mPRJOSuKmRg1gbYz6Kkvq6ArOgoP4WwKbG2nhptgF5C3TV3GyNV7TC2SpCo_fEM4UCjoHPthhwaa-VNkI2GonAxOnfCGtVqOdPshfbhJ-ep4Aecl9Uj__ziZIwZTxifreBzW_ifRx2CaRore5Zlh4g5LZvHzhxWpCCUJNtD9gfwcmaRH_M-fLjIv7o_XyTwrpnesX9b7pTkhgwJmApGOJnj_vRQ,152625503992317,2026-04-25 09:46:00,,,,INTERWEIGHING PVT LTD,32AAFCI1950F1ZZ,3PL Warehouse : C/O LOGIWIZ LOGISTICS INDIA PVT LTD,COCHIN,Kerala,India,683503,8803333444,admin@yesweigh.in,Taxable,99381000000006196,IGST18,18.00,ItemAmount,,,,,,0.000,,,24-Gujarat,business_gst,24ALXPS4805P1Z5,,,,Others,entity_level,GJ,54600.00,0.00,Adjustment,Registered,goods,Spreadsheet Template,nos,1050.00,84231000,Sales,,CH6VEG,,,,,,,,,,,,,,,0.000,Cochin,,6
2026-04-25,2026-04-25,99381000028829001,,99381000029476124,CN-00231,Closed,Accounts Receivable,E .G .TECH WEIGHING SYSTEMS,"Factory / Manufacturing, Retail Business, Service Provision, Recipient of Goods or Services","SHED NO 54/55, DEV INDUSTRIAL PARK, KUBADTHAL GAM ROAD",Ahmedabad,Ahmedabad,Gujarat,India,382433,7878282050,,,,,,,,,,,NO,NO,99381000029054936,INR,1.00,false,59472.00,0.00,0.00,,,,0.00,,,,,,,,,0.00,,99381000000098082,Pushed,2acf9b46e926778ee079e9a78629e63a8579220c10f6f1b3de289d045519afcc,,YES/26-27/0146,2026-04-16,0.000,,,,0.00,,,,,,,,,,,,,,,,true,TABLE TOP CHOTTU (G-EG),FALSE,0.00,0.0,48.00,"Model : YST-20
Max : 20kg e:2gm Min: 40g Class III
Display : Green
(Product packed in dismantled condition)",9072.00,50400.00,YES/26-27/0146,Cochin,0.00,0.00,18.00,0.00,0.00,0.00,9072.00,0.00,0.00,0.00,9072.00,0.00,Correction in invoice,,,"{""SellerGstin"":""32AAFCI1950F1ZZ"",""BuyerGstin"":""24ALXPS4805P1Z5"",""DocNo"":""CN-00231"",""DocTyp"":""CRN"",""DocDt"":""25/04/2026"",""TotInvVal"":59472.0,""ItemCnt"":1,""MainHsnCode"":""84231000"",""Irn"":""2acf9b46e926778ee079e9a78629e63a8579220c10f6f1b3de289d045519afcc"",""IrnDt"":""2026-04-25 09:47:00""}",eyJhbGciOiJSUzI1NiIsImtpZCI6IjRERTE1NDRBRTY5NUJEQzg0RUM3QkMxMkYyRjU3RjgxM0Y0NEUzMDEiLCJ4NXQiOiJUZUZVU3VhVnZjaE94N3dTOHZWX2dUOUU0d0UiLCJ0eXAiOiJKV1QifQ.eyJpc3MiOiJOSUMiLCJkYXRhIjoie1wiU2VsbGVyR3N0aW5cIjpcIjMyQUFGQ0kxOTUwRjFaWlwiLFwiQnV5ZXJHc3RpblwiOlwiMjRBTFhQUzQ4MDVQMVo1XCIsXCJEb2NOb1wiOlwiQ04tMDAyMzFcIixcIkRvY1R5cFwiOlwiQ1JOXCIsXCJEb2NEdFwiOlwiMjUvMDQvMjAyNlwiLFwiVG90SW52VmFsXCI6NTk0NzIuMCxcIkl0ZW1DbnRcIjoxLFwiTWFpbkhzbkNvZGVcIjpcIjg0MjMxMDAwXCIsXCJJcm5cIjpcIjJhY2Y5YjQ2ZTkyNjc3OGVlMDc5ZTlhNzg2MjllNjNhODU3OTIyMGMxMGY2ZjFiM2RlMjg5ZDA0NTUxOWFmY2NcIixcIklybkR0XCI6XCIyMDI2LTA0LTI1IDA5OjQ3OjAwXCJ9In0.t3UUGD873RtxmeqENooT0zFBB_zEK9EHqS-xyn6dZ2G5og-cg7pB4hX3Vim27kI045OiRzmMByw4rLZkvQHf5xItEEaxbHSu090GfZi6loWO9RGHeGOGtwVo7JFYOQwxVLZl4pSXnH31uPhFpiUBkF5vT7jTc0R1VP6A8nJyMBDyoouBrQpsIFQ0aDI7A8xRTyYjxe1zQyWvLJABJxc_l7CWs71MwSyY9-d4uszy66-zeTRW1pRt7SflLS___-6E7lb-uozxEs0wNLEhi5D-vKdjp7wjrpMyCAUey--38eMJ3dHVdor5CkIzKyhC_gD5-42Hx0ApGWnC8GQiRpp9MA,152625504004424,2026-04-25 09:47:00,,,,INTERWEIGHING PVT LTD,32AAFCI1950F1ZZ,3PL Warehouse : C/O LOGIWIZ LOGISTICS INDIA PVT LTD,COCHIN,Kerala,India,683503,8803333444,admin@yesweigh.in,Taxable,99381000000006196,IGST18,18.00,ItemAmount,,,,,,0.000,,,24-Gujarat,business_gst,24ALXPS4805P1Z5,,,,Others,entity_level,GJ,50400.00,0.00,Adjustment,Registered,goods,Spreadsheet Template,nos,1050.00,84231000,Sales,,CH6VEG,,,,,,,,,,,,,,,0.000,Cochin,,6
2026-06-02,2026-06-02,99381000020778202,,99381000030273697,CN-00232,Closed,Accounts Receivable,MEEZAN ELECTRONIC SCALES PRIVATE LIMITED,Riyas,"8/308A Meezan Tower
Calicut Road, Manjeri",,Manjeri,Kerala,India,676121,9446157730,,Riyas,"8/308A Meezan Tower
Calicut Road, Manjeri",,Manjeri,Kerala,India,9446157730,676121,,NO,NO,99381000000112170,INR,1.00,false,29176.00,0.00,0.00,,,,0.00,,,,,,,,,0.00,Other Charges,99381000000098082,Pushed,0bae4d39bf3cef2a15230737f38f746ae4b91a9219593c8956515c42f1227919,,YES/25-26/1364,2025-08-30,0.000,,,,0.00,,,,,,,,,,,,,,,,true,"SCANGLE - POS TERMINAL SGT-664i5 15"" AFB",FALSE,0.00,0.0,1.00,"i5 5TH GEN 4+128GB SSD 15"" FRONT DISPLAY WINDOWS 10,ALUMINIUM AALOY",4450.50,24725.00,YES/26-27/0695,Cochin,9.00,9.00,0.00,0.00,2225.25,2225.25,0.00,0.00,2225.25,2225.25,0.00,0.00,Others,,,"{""SellerGstin"":""32AAFCI1950F1ZZ"",""BuyerGstin"":""32AAECM1277C1ZY"",""DocNo"":""CN-00232"",""DocTyp"":""CRN"",""DocDt"":""02/06/2026"",""TotInvVal"":29176.0,""ItemCnt"":1,""MainHsnCode"":""84705010"",""Irn"":""0bae4d39bf3cef2a15230737f38f746ae4b91a9219593c8956515c42f1227919"",""IrnDt"":""2026-06-02 10:49:00""}",eyJhbGciOiJSUzI1NiIsImtpZCI6IjRERTE1NDRBRTY5NUJEQzg0RUM3QkMxMkYyRjU3RjgxM0Y0NEUzMDEiLCJ4NXQiOiJUZUZVU3VhVnZjaE94N3dTOHZWX2dUOUU0d0UiLCJ0eXAiOiJKV1QifQ.eyJpc3MiOiJOSUMiLCJkYXRhIjoie1wiU2VsbGVyR3N0aW5cIjpcIjMyQUFGQ0kxOTUwRjFaWlwiLFwiQnV5ZXJHc3RpblwiOlwiMzJBQUVDTTEyNzdDMVpZXCIsXCJEb2NOb1wiOlwiQ04tMDAyMzJcIixcIkRvY1R5cFwiOlwiQ1JOXCIsXCJEb2NEdFwiOlwiMDIvMDYvMjAyNlwiLFwiVG90SW52VmFsXCI6MjkxNzYuMCxcIkl0ZW1DbnRcIjoxLFwiTWFpbkhzbkNvZGVcIjpcIjg0NzA1MDEwXCIsXCJJcm5cIjpcIjBiYWU0ZDM5YmYzY2VmMmExNTIzMDczN2YzOGY3NDZhZTRiOTFhOTIxOTU5M2M4OTU2NTE1YzQyZjEyMjc5MTlcIixcIklybkR0XCI6XCIyMDI2LTA2LTAyIDEwOjQ5OjAwXCJ9In0.Wdswe7r3cxBnY05ZxXr9MBGj7AFibWwYvPAzSYFxWMDPV9oEbNjYIkHv-X9CoTZYINpsJ4BHMivYciPxe38VgX3LFYAAKA-EYDTJep8q50nrHoQ3xmRx-vJmEIQnU9zA3UCfUIZ7qU54sE9PeOkUYJLnnx2a46cASMbSWPfDm8udSROTWb7ayznUATMJNxBNekpAfoUVnBH_64P2y5ynUeDyqnzXSJyKZ7O3sRu_zOX-MzDA19AF6PpiQ5tHAuB1LB67NVxrlQTB1HF8byZXCPDBmkiSr2ZUXkFjKxxBRvfFa43Mgnz1a-cGHWB_NKtb5seOEIc0hBgKaN2T7svKOw,152625932466944,2026-06-02 10:49:00,,,,INTERWEIGHING PVT LTD,32AAFCI1950F1ZZ,3PL Warehouse : C/O LOGIWIZ LOGISTICS INDIA PVT LTD,COCHIN,Kerala,India,683503,8803333444,admin@yesweigh.in,Taxable,99381000000006208,GST18,18.00,Tax Group,,,,,,0.000,,,32-Kerala,business_gst,32AAECM1277C1ZY,,,,Eldho (Directors),entity_level,KL,24725.00,0.50,Adjustment,,goods,Spreadsheet Template,nos,24725.00,84705010,Sales,,AFB,,,,,,,,,,INR 36000.00,,,,,0.000,Cochin,,
2026-06-06,2026-06-06,99381000000306225,,99381000030400838,CN-00233,Closed,Accounts Receivable,Deepa weighing services,,"Deepa weighing services, L F Plaza","Pottakuzhi, Elamakkara. P.O 
KOCHI",Ernakulam,Kerala,India,682026,8593875050,,,"Deepa weighing services, L F Plaza","Pottakuzhi, Elamakkara. P.O 
KOCHI",Ernakulam,Kerala,India,8593875050,682026,,NO,NO,99381000002222998,INR,1.00,false,590.00,0.00,0.00,,,,0.00,,,,,,,,,0.00,,99381000003083031,Pushed,fd47bc429ee5f4362c7515d9b3798bd1b95a564fdffb06910b8220da3580576d,,YES/26-27/0730,2026-06-04,0.000,,,,0.00,,,,,,,,,,,,,,,,true,ECS5W POWER SUPPLY BOARD,FALSE,0.00,0.0,2.00,,90.00,500.00,YES/26-27/0753,Head Office,9.00,9.00,0.00,0.00,45.00,45.00,0.00,0.00,45.00,45.00,0.00,0.00,Others,,,"{""SellerGstin"":""32AAFCI1950F1ZZ"",""BuyerGstin"":""32AOJPG3528G1Z9"",""DocNo"":""CN-00233"",""DocTyp"":""CRN"",""DocDt"":""06/06/2026"",""TotInvVal"":590.0,""ItemCnt"":1,""MainHsnCode"":""84239020"",""Irn"":""fd47bc429ee5f4362c7515d9b3798bd1b95a564fdffb06910b8220da3580576d"",""IrnDt"":""2026-06-06 13:17:00""}",eyJhbGciOiJSUzI1NiIsImtpZCI6IkNEMDFBQzJCNkU3MjBDRjBCOUUwNDhGMUNDQkM3NTA5Qzc2NkFGNzgiLCJ4NXQiOiJ6UUdzSzI1eURQQzU0RWp4ekx4MUNjZG1yM2ciLCJ0eXAiOiJKV1QifQ.eyJpc3MiOiJOSUMiLCJkYXRhIjoie1wiU2VsbGVyR3N0aW5cIjpcIjMyQUFGQ0kxOTUwRjFaWlwiLFwiQnV5ZXJHc3RpblwiOlwiMzJBT0pQRzM1MjhHMVo5XCIsXCJEb2NOb1wiOlwiQ04tMDAyMzNcIixcIkRvY1R5cFwiOlwiQ1JOXCIsXCJEb2NEdFwiOlwiMDYvMDYvMjAyNlwiLFwiVG90SW52VmFsXCI6NTkwLjAsXCJJdGVtQ250XCI6MSxcIk1haW5Ic25Db2RlXCI6XCI4NDIzOTAyMFwiLFwiSXJuXCI6XCJmZDQ3YmM0MjllZTVmNDM2MmM3NTE1ZDliMzc5OGJkMWI5NWE1NjRmZGZmYjA2OTEwYjgyMjBkYTM1ODA1NzZkXCIsXCJJcm5EdFwiOlwiMjAyNi0wNi0wNiAxMzoxNzowMFwifSJ9.lk2bAclVuYKqgdJU3bboQgsJmJJtKFhEJwrbubzFZc2oLgxgpicNnAJYttRd6ZL1zb11DwLfK56aLlSZ2hUaYANIuUom148kovGDYQ_I6mIoOS7EgrTqRoN7Jm88nIBwKhD0k1WQf6Nl0YrkYocu2SoQvdrTxIm7ko-r66okQcX1_iU9ucct9TBN5c-2r1BE341SGi1-LWtw1idjss4tZXf3gR-6p8rretdUT51iHYlHGAowIkI66pPR9oF4aiz76YetU31soKwj-xfqa11NYEedHxWgRv35EARYhu9tHQ5UOuGW7v0yBjTr-1hP3gAnk-Tol7Kw2JCSs3IvdkPI8Q,152625989730445,2026-06-06 13:17:00,,,,INTERWEIGHING PVT LTD,32AAFCI1950F1ZZ,"49/470 D1 ,3rd Floor",COCHIN,Kerala,India,683503,8803333444,admin@yesweigh.in,Taxable,99381000000006208,GST18,18.00,Tax Group,,,,,,0.000,,,32-Kerala,business_gst,32AOJPG3528G1Z9,,,,Visakh - Spares,entity_level,KL,500.00,0.00,Adjustment,,goods,Spreadsheet Template,nos,250.00,84239020,Sales,,ECS816,,,,,,,,,,,,,,,0.000,Head Office,,
2026-06-27,2026-06-27,99381000025312118,,99381000030987379,CN-00234,Closed,Accounts Receivable,ELMASS’ Weighing & Automation Pvt. Ltd,,"Souhruda Lane, Lissie Hospital Road, Ernakulam – 682018",,ERNAKULAM,Kerala,India,682018,7034030141,,,"ELMASS’ Weighing & Automation Pvt. Ltd
Souhruda Lane, Lissie Hospital Road, Ernakulam – 682018",,ERNAKULAM,Kerala,India,7034030141,682018,,NO,NO,99381000005074017,INR,1.00,false,1156.00,0.00,0.00,,,,0.00,,,,,,,,,0.00,Other Charges,99381000000098082,Pushed,53f1c804e4a35d6a7d02c7ccf9df883ca5e325dd26b2f68aa0661fa3e2d7969a,,YES/26-27/1022,2026-06-25,0.000,,,,0.00,,,,,,,,,,,,,,,,true,SCANGLE - BARCODE SERIAL SCANNER  1D HANDY,FALSE,0.00,0.0,1.00,"SCANGLE BARCODE SERIAL SCANNER
TYPE: CCD, INTERFACE: USB
",176.40,980.00,YES/26-27/1022,Cochin,9.00,9.00,0.00,0.00,88.20,88.20,0.00,0.00,88.20,88.20,0.00,0.00,Others,,,"{""SellerGstin"":""32AAFCI1950F1ZZ"",""BuyerGstin"":""32AAGCE7631N1ZF"",""DocNo"":""CN-00234"",""DocTyp"":""CRN"",""DocDt"":""27/06/2026"",""TotInvVal"":1156.0,""ItemCnt"":1,""MainHsnCode"":""84716050"",""Irn"":""53f1c804e4a35d6a7d02c7ccf9df883ca5e325dd26b2f68aa0661fa3e2d7969a"",""IrnDt"":""2026-06-27 16:59:00""}",eyJhbGciOiJSUzI1NiIsImtpZCI6IkNEMDFBQzJCNkU3MjBDRjBCOUUwNDhGMUNDQkM3NTA5Qzc2NkFGNzgiLCJ4NXQiOiJ6UUdzSzI1eURQQzU0RWp4ekx4MUNjZG1yM2ciLCJ0eXAiOiJKV1QifQ.eyJpc3MiOiJOSUMiLCJkYXRhIjoie1wiU2VsbGVyR3N0aW5cIjpcIjMyQUFGQ0kxOTUwRjFaWlwiLFwiQnV5ZXJHc3RpblwiOlwiMzJBQUdDRTc2MzFOMVpGXCIsXCJEb2NOb1wiOlwiQ04tMDAyMzRcIixcIkRvY1R5cFwiOlwiQ1JOXCIsXCJEb2NEdFwiOlwiMjcvMDYvMjAyNlwiLFwiVG90SW52VmFsXCI6MTE1Ni4wLFwiSXRlbUNudFwiOjEsXCJNYWluSHNuQ29kZVwiOlwiODQ3MTYwNTBcIixcIklyblwiOlwiNTNmMWM4MDRlNGEzNWQ2YTdkMDJjN2NjZjlkZjg4M2NhNWUzMjVkZDI2YjJmNjhhYTA2NjFmYTNlMmQ3OTY5YVwiLFwiSXJuRHRcIjpcIjIwMjYtMDYtMjcgMTY6NTk6MDBcIn0ifQ.ppaHA4tFPPc3iOyy92SdzHzHG0c5H2nA96vW04-VijXSvEdBP9H7xXbuydoT320OhouDvFOPU7pm7U7DHdOPYNL3xAefjQvCJYiypuDqaxBEMB9n4GifjSsVUauIQN4OZehp80JkvzwKCRnhmIsYL9k_LXpf4Ct5SHiJGLhTXg542i9x4Rd5AiqbbVrC5mAM1gMIvpWEdRy1EfjjPn5aFSbYEDEjoWelmCdVQnRvkL6936hqpX9jaw3S6s3Jdu9jMIvwRfqshTzgP4GWhkhAAKVIHzJQHKZdTyFmamYqNffDoSPc8hhIaVc5Z0LRBSZpOFwgddUOOvCxcT6va70-aw,152626228503831,2026-06-27 16:59:00,,,,INTERWEIGHING PVT LTD,32AAFCI1950F1ZZ,3PL Warehouse : C/O LOGIWIZ LOGISTICS INDIA PVT LTD,COCHIN,Kerala,India,683503,8803333444,admin@yesweigh.in,Taxable,99381000000006208,GST18,18.00,Tax Group,,,,,,0.000,,,32-Kerala,business_gst,32AAGCE7631N1ZF,,,,Others,entity_level,KL,980.00,-0.40,Adjustment,,goods,Spreadsheet Template,nos,980.00,84716050,Sales,,SERIALSCANNER,,,,,,,,,,INR 2625.00,,,,,0.000,Cochin,,
2026-07-06,2026-07-06,99381000002008253,,99381000031199938,CN-00235,Closed,Accounts Receivable,ORBIT SCALES,ORBIT SCALES,"Op.Old RTO,Katty Comlex",MANNA - TALIPARAMBA,KANNUR,Kerala,India,670141,'+91-9496400258,,,"ORBIT SCALES
Op.Old RTO,Katty Comlex",MANNA - TALIPARAMBA,KANNUR,Kerala,India,'+91-9496400258,670141,,NO,NO,99381000029168032,INR,1.00,false,2336.00,0.00,0.00,,,,0.00,,,,,,,,,0.00,Other Charges,99381000003083031,Pushed,ab8cd5e4f6add8f71a72cbf8b653a8354e81b000eba6c5860187dd653d6f914c,,YES/26-27/1057,2026-06-27,0.000,,,,0.00,,,,,,,,,,,,,,,,true,ECS5W PRINTER ROLLER WITH HEAD,FALSE,0.00,0.0,1.00,,356.40,1980.00,YES/26-27/1164,Head Office,9.00,9.00,0.00,0.00,178.20,178.20,0.00,0.00,178.20,178.20,0.00,0.00,Others,,,"{""SellerGstin"":""32AAFCI1950F1ZZ"",""BuyerGstin"":""32AXSPP9711C1ZC"",""DocNo"":""CN-00235"",""DocTyp"":""CRN"",""DocDt"":""06/07/2026"",""TotInvVal"":2336.0,""ItemCnt"":1,""MainHsnCode"":""84239020"",""Irn"":""ab8cd5e4f6add8f71a72cbf8b653a8354e81b000eba6c5860187dd653d6f914c"",""IrnDt"":""2026-07-06 17:08:00""}",eyJhbGciOiJSUzI1NiIsImtpZCI6IkNEMDFBQzJCNkU3MjBDRjBCOUUwNDhGMUNDQkM3NTA5Qzc2NkFGNzgiLCJ4NXQiOiJ6UUdzSzI1eURQQzU0RWp4ekx4MUNjZG1yM2ciLCJ0eXAiOiJKV1QifQ.eyJpc3MiOiJOSUMiLCJkYXRhIjoie1wiU2VsbGVyR3N0aW5cIjpcIjMyQUFGQ0kxOTUwRjFaWlwiLFwiQnV5ZXJHc3RpblwiOlwiMzJBWFNQUDk3MTFDMVpDXCIsXCJEb2NOb1wiOlwiQ04tMDAyMzVcIixcIkRvY1R5cFwiOlwiQ1JOXCIsXCJEb2NEdFwiOlwiMDYvMDcvMjAyNlwiLFwiVG90SW52VmFsXCI6MjMzNi4wLFwiSXRlbUNudFwiOjEsXCJNYWluSHNuQ29kZVwiOlwiODQyMzkwMjBcIixcIklyblwiOlwiYWI4Y2Q1ZTRmNmFkZDhmNzFhNzJjYmY4YjY1M2E4MzU0ZTgxYjAwMGViYTZjNTg2MDE4N2RkNjUzZDZmOTE0Y1wiLFwiSXJuRHRcIjpcIjIwMjYtMDctMDYgMTc6MDg6MDBcIn0ifQ.G_wJsGU4saizt6gTOP8xnQUu-K_dj9NBDqrU0jLt9Jdk2GuZtRRD2QlhzGIuG5aHPdTdd1vckhENn7pSXhDWJyjQGMCVkWzkkEzHKrB66lwuUWwBY5Z3vv7zONv3SNEgLTPkrUQCqrPu_Vbundbiu-V9hwxeNJeyyu1_qfTLW5lgEPTptwD1OJLawSCB2Njv1F7ppugxLh-isdZHpVS8M87jo_scXYzthw5UrfJiVK3STIPTvbnJtdUnqXglgoHtj4f8RsqHO6CiCq35BNtYU-c2SLhksktdYQ837dKLmzyTImvfPpwnvFmfDWze8aI4V1quZ9IUhdTwm8kAQJQZYA,152626334317782,2026-07-06 17:08:00,,,,INTERWEIGHING PVT LTD,32AAFCI1950F1ZZ,"49/470 D1 ,3rd Floor",COCHIN,Kerala,India,683503,8803333444,admin@yesweigh.in,Taxable,99381000000006208,GST18,18.00,Tax Group,,,,,,0.000,,,32-Kerala,business_gst,32AXSPP9711C1ZC,,,,Visakh - Spares,entity_level,KL,1980.00,-0.40,Adjustment,,goods,Spreadsheet Template,nos,1980.00,84239020,Sales,,ECS820,,,,,,,,,,INR 4950.00,,,,,0.000,Head Office,,
2026-07-18,2026-07-18,99381000024474071,,99381000031431076,CN-00236,Open,Accounts Receivable,MEEZAN ELECTRONIC SCALES PRIVATE LIMITED,Riyas,"8/308A Meezan Tower
Calicut Road, Manjeri",,Manjeri,Kerala,India,676121,9446157730,,Riyas,"MEEZAN ELECTRONIC SCALES PRIVATE LIMITED
8/308A Meezan Tower
Calicut Road, Manjeri",,Manjeri,Kerala,India,9446157730,676121,,NO,NO,99381000000112170,INR,1.00,false,31754.00,31754.00,0.00,,,,0.00,,,,,,,,,0.00,Other Charges,99381000000098082,Pushed,5e5131d44217883e0c4887ad5f6b9f87ac2a8bc305feaaff909680fb6d2e7eca,,YES/26-27/0981,2026-06-23,0.000,,,,0.00,,,,,,,,,,,,,,,,true,"SCANGLE - POS TERMINAL SGT-664i5 15"" AFB (8GB)",FALSE,0.00,0.0,1.00,"i5 5TH GEN 8+256GB SSD 15"" FRONT DISPLAY WINDOWS 10,ALUMINIUM AALOY",4843.80,26910.00,,Cochin,9.00,9.00,0.00,0.00,2421.90,2421.90,0.00,0.00,2421.90,2421.90,0.00,0.00,Sales Return,,,"{""SellerGstin"":""32AAFCI1950F1ZZ"",""BuyerGstin"":""32AAECM1277C1ZY"",""DocNo"":""CN-00236"",""DocTyp"":""CRN"",""DocDt"":""18/07/2026"",""TotInvVal"":31754.0,""ItemCnt"":1,""MainHsnCode"":""84705010"",""Irn"":""5e5131d44217883e0c4887ad5f6b9f87ac2a8bc305feaaff909680fb6d2e7eca"",""IrnDt"":""2026-07-18 10:44:00""}",eyJhbGciOiJSUzI1NiIsImtpZCI6IkNEMDFBQzJCNkU3MjBDRjBCOUUwNDhGMUNDQkM3NTA5Qzc2NkFGNzgiLCJ4NXQiOiJ6UUdzSzI1eURQQzU0RWp4ekx4MUNjZG1yM2ciLCJ0eXAiOiJKV1QifQ.eyJpc3MiOiJOSUMiLCJkYXRhIjoie1wiU2VsbGVyR3N0aW5cIjpcIjMyQUFGQ0kxOTUwRjFaWlwiLFwiQnV5ZXJHc3RpblwiOlwiMzJBQUVDTTEyNzdDMVpZXCIsXCJEb2NOb1wiOlwiQ04tMDAyMzZcIixcIkRvY1R5cFwiOlwiQ1JOXCIsXCJEb2NEdFwiOlwiMTgvMDcvMjAyNlwiLFwiVG90SW52VmFsXCI6MzE3NTQuMCxcIkl0ZW1DbnRcIjoxLFwiTWFpbkhzbkNvZGVcIjpcIjg0NzA1MDEwXCIsXCJJcm5cIjpcIjVlNTEzMWQ0NDIxNzg4M2UwYzQ4ODdhZDVmNmI5Zjg3YWMyYThiYzMwNWZlYWFmZjkwOTY4MGZiNmQyZTdlY2FcIixcIklybkR0XCI6XCIyMDI2LTA3LTE4IDEwOjQ0OjAwXCJ9In0.Brj9tjk1xMR7pZiYQjEJTPm8usqrkGNBmDhrdOiGiOSEb_SOiOsJZSSFPJf_1VflEyaBII3uW5Ay5eG5P2KhXZGxp7G-8scynQDXAz6n3MJQx-RZTEZ4lXWxTJdZtn_Eu7BKLp5dgKs_oLiWptJJ3A7vuZqCbk406QUafVGLLI07R42nYuiT1zlLmEIC4T8pnRRYHVSXYvME2hHk3Sbk-OCTQ-BvajC6e0-oFIxZ4b_4orqyWa4HY0RilsaIwpEl4ySDRno2XXzX0cZnc_JFsy9EJ8g2mx4VHIS6YlDuTmoZdCm_uLhIDhE75aTBxjzQ1TnMF1Gfc9fZDiCmSwApBw,152626474043701,2026-07-18 10:44:00,,,,INTERWEIGHING PVT LTD,32AAFCI1950F1ZZ,3PL Warehouse : C/O LOGIWIZ LOGISTICS INDIA PVT LTD,COCHIN,Kerala,India,683503,8803333444,admin@yesweigh.in,Taxable,99381000000006208,GST18,18.00,Tax Group,,,,,,0.000,,,32-Kerala,business_gst,32AAECM1277C1ZY,,,,Others,entity_level,KL,26910.00,0.20,Adjustment,Registered,goods,Spreadsheet Template,nos,26910.00,84705010,Sales,,280F,,,,,,,,,,INR 37000.00,,,,,0.000,Cochin,,
2026-07-20,2026-07-20,99381000000194004,,99381000031410561,CN-00237,Closed,Accounts Receivable,EAGLE SCALES,,"Sf 280
Thiyagi Kumaran Street
Ganapathi",,Coimbatore,Tamil Nadu,India,641006,9345418851,,,"Sf 280
Thiyagi Kumaran Street
Ganapathi",,Coimbatore,Tamil Nadu,India,9345418851,641006,,NO,NO,99381000000959493,INR,1.00,false,13570.00,0.00,0.00,,,,0.00,,,,,,,,,0.00,,99381000000098082,Pushed,23c3db9e3b9062d03ea4274b421edcef8484a0db2b3124bdc6032a826b2b3489,,YES/26-27/0651,2026-05-29,0.000,,,,0.00,,,,,,,,,,,,,,,,true,Electronic cash register,FALSE,0.00,0.0,1.00,,2070.00,11500.00,YES/26-27/1407,Cochin,0.00,0.00,18.00,0.00,0.00,0.00,2070.00,0.00,0.00,0.00,2070.00,0.00,Others,,,"{""SellerGstin"":""32AAFCI1950F1ZZ"",""BuyerGstin"":""33BGOPP8764M1ZG"",""DocNo"":""CN-00237"",""DocTyp"":""CRN"",""DocDt"":""20/07/2026"",""TotInvVal"":13570.0,""ItemCnt"":1,""MainHsnCode"":""84705010"",""Irn"":""23c3db9e3b9062d03ea4274b421edcef8484a0db2b3124bdc6032a826b2b3489"",""IrnDt"":""2026-07-20 13:16:00""}",eyJhbGciOiJSUzI1NiIsImtpZCI6IkNEMDFBQzJCNkU3MjBDRjBCOUUwNDhGMUNDQkM3NTA5Qzc2NkFGNzgiLCJ4NXQiOiJ6UUdzSzI1eURQQzU0RWp4ekx4MUNjZG1yM2ciLCJ0eXAiOiJKV1QifQ.eyJpc3MiOiJOSUMiLCJkYXRhIjoie1wiU2VsbGVyR3N0aW5cIjpcIjMyQUFGQ0kxOTUwRjFaWlwiLFwiQnV5ZXJHc3RpblwiOlwiMzNCR09QUDg3NjRNMVpHXCIsXCJEb2NOb1wiOlwiQ04tMDAyMzdcIixcIkRvY1R5cFwiOlwiQ1JOXCIsXCJEb2NEdFwiOlwiMjAvMDcvMjAyNlwiLFwiVG90SW52VmFsXCI6MTM1NzAuMCxcIkl0ZW1DbnRcIjoxLFwiTWFpbkhzbkNvZGVcIjpcIjg0NzA1MDEwXCIsXCJJcm5cIjpcIjIzYzNkYjllM2I5MDYyZDAzZWE0Mjc0YjQyMWVkY2VmODQ4NGEwZGIyYjMxMjRiZGM2MDMyYTgyNmIyYjM0ODlcIixcIklybkR0XCI6XCIyMDI2LTA3LTIwIDEzOjE2OjAwXCJ9In0.I_R8_FZoJkf2SXc5nC7D3B33VU5P9fcJaN9--pO_Hz8N_HlG5asBcVUTZAxxHyMc5LvqdfhJ8bJS2S_ow3uF2s9Awf8DEOM9zG0fatkGEGBRhKOBuENn__Ev5bHfWDKgV4UPM2kqkNJ2d-lIA5d1PW-Jqe622fTIlOadazPKkt1bZjGYJPUwihFOltvMLg0ZXnDdAn6YmOI-cXZQMD_gECSnTB4_sCMh9QKmxrK8lfZS1G1SdhMNh4YyT4WoZ_cYnXxSPEj65_MtZnxcXvho2YHus6vbjepRdlJUrn6_s_9vCY0SuEpuU2qm33k8tLilVrJBTc2J1gejIy6S40DZ7A,152626490768606,2026-07-20 13:16:00,,,,INTERWEIGHING PVT LTD,32AAFCI1950F1ZZ,3PL Warehouse : C/O LOGIWIZ LOGISTICS INDIA PVT LTD,COCHIN,Kerala,India,683503,8803333444,admin@yesweigh.in,Taxable,99381000000006196,IGST18,18.00,ItemAmount,,,,,,0.000,,,33-Tamil Nadu,business_gst,33BGOPP8764M1ZG,,,,Biju B,entity_level,TN,11500.00,0.00,Adjustment,,goods,Spreadsheet Template,nos,11500.00,84705010,Sales,,ECR,,,,,,,,,,INR 20000.00,,,,,0.000,Cochin,,1
2026-07-20,2026-07-20,99381000003934056,,99381000031410598,CN-00238,Open,Accounts Receivable,C.Manikkam Chetty Son,,"135,(60) Fort Main Road",Shevapet,Salem,Tamil Nadu,India,636002,9843030126,,,"C.Manikkam Chetty Son
135,(60) Fort Main Road",Shevapet,Salem,Tamil Nadu,India,9843030126,636002,,NO,NO,99381000001907025,INR,1.00,false,51920.00,791.00,0.00,,,,0.00,,,,,,,,,0.00,,99381000000098082,Pushed,3bd1feb72f7557cae807e39acee971220e631a6e3e44c9cfad951216ece38567,,YES/26-27/0808,2026-06-11,0.000,,,,0.00,,,,,,,,,,,,,,,,true,Analytical Balance 200g/0.0001g -External,FALSE,0.00,0.0,2.00,"Model :YSA  SKU : YSA 2004E
Max :200g e:1mg d: 0.1mg Min:100mg
Serial No : YAC78995 - YAC78996
(Product packed in dismantled condition)",7920.00,44000.00,YES/26-27/1356,Cochin,0.00,0.00,18.00,0.00,0.00,0.00,7920.00,0.00,0.00,0.00,7920.00,0.00,Others,,,"{""SellerGstin"":""32AAFCI1950F1ZZ"",""BuyerGstin"":""33AEFPC3510G1ZA"",""DocNo"":""CN-00238"",""DocTyp"":""CRN"",""DocDt"":""20/07/2026"",""TotInvVal"":51920.0,""ItemCnt"":1,""MainHsnCode"":""90160020"",""Irn"":""3bd1feb72f7557cae807e39acee971220e631a6e3e44c9cfad951216ece38567"",""IrnDt"":""2026-07-20 13:19:00""}",eyJhbGciOiJSUzI1NiIsImtpZCI6IkNEMDFBQzJCNkU3MjBDRjBCOUUwNDhGMUNDQkM3NTA5Qzc2NkFGNzgiLCJ4NXQiOiJ6UUdzSzI1eURQQzU0RWp4ekx4MUNjZG1yM2ciLCJ0eXAiOiJKV1QifQ.eyJpc3MiOiJOSUMiLCJkYXRhIjoie1wiU2VsbGVyR3N0aW5cIjpcIjMyQUFGQ0kxOTUwRjFaWlwiLFwiQnV5ZXJHc3RpblwiOlwiMzNBRUZQQzM1MTBHMVpBXCIsXCJEb2NOb1wiOlwiQ04tMDAyMzhcIixcIkRvY1R5cFwiOlwiQ1JOXCIsXCJEb2NEdFwiOlwiMjAvMDcvMjAyNlwiLFwiVG90SW52VmFsXCI6NTE5MjAuMCxcIkl0ZW1DbnRcIjoxLFwiTWFpbkhzbkNvZGVcIjpcIjkwMTYwMDIwXCIsXCJJcm5cIjpcIjNiZDFmZWI3MmY3NTU3Y2FlODA3ZTM5YWNlZTk3MTIyMGU2MzFhNmUzZTQ0YzljZmFkOTUxMjE2ZWNlMzg1NjdcIixcIklybkR0XCI6XCIyMDI2LTA3LTIwIDEzOjE5OjAwXCJ9In0.YUnwZ3CngI31bY7xTTn2Xlk0_FmjOuU96DswPbJ_Wwuw3tjwOdt2OK1-RXgmYP9jKkOZcr-_jWcUawkxv959XDGriiOdDWCRiGexQnFrJLWfaEivK-lLoB85_Hp_T0GLTRevC6vU1wyzILZ2p4XvZNDPDeejEFv-JhxhGjnANla9tBOwOB9IM3qDq57ATyZeGysV3u8_pl9QW-l-gD63xldzF4zajJLS0r6_4UlNfmE9oVd0t6gYzA1pu41TBRvyM7kDZWlF5uVyZaJS0C72g_RoGzYtRnWz9srKCjezJn8wGE0v0E3uXqKl6cyq7Q1nEc43g8-r0YnUNcE06T6AVQ,152626490811962,2026-07-20 13:19:00,,,,INTERWEIGHING PVT LTD,32AAFCI1950F1ZZ,3PL Warehouse : C/O LOGIWIZ LOGISTICS INDIA PVT LTD,COCHIN,Kerala,India,683503,8803333444,admin@yesweigh.in,Taxable,99381000000006196,IGST18,18.00,ItemAmount,,,,,,0.000,,,33-Tamil Nadu,business_gst,33AEFPC3510G1ZA,,,,Biju B,entity_level,TN,44000.00,0.00,Adjustment,,goods,Spreadsheet Template,nos,22000.00,90160020,Sales,,YSA204E,,,,,,,,,,INR 45000.00,,,,,0.000,Cochin,,1
2026-07-23,2026-07-23,99381000024199057,,99381000031622475,CN-00239,Closed,Accounts Receivable,ALFA SYSTEMS-CHALAKKUDY,Kunjalan,"6/721B, Murikkingal Road, Pallikunnu,
Kodaly,","PADY PO, Kodakara",THRISSUR,Kerala,India,680699,,,Kunjalan,"ALFA SYSTEMS-CHALAKKUDY
APS Chalakkudy
6/721B, Murikkingal Road,
Pallikkunnu, Koday","PADY PO,",Kodakara,Kerala,India,9846500877,680699,,NO,NO,99381000000017088,INR,1.00,false,14160.00,0.00,0.00,,,,0.00,,,,,,,,,0.00,,99381000000098082,Pushed,11f8834512d7195274740efc56ad6f455042d2c981daa5a1f454719db93e0af8,,YES/26-27/1301,2026-07-16,0.000,,,,0.00,,,,,,,,,,,,,,,,true,BENCH Scale Qz1,FALSE,0.00,0.0,4.00,"Max:50kg e:5g Min:100g Class:III Display : Green
Serial No : YZ00207 - YZ00210 (STAMPED)",1548.00,8600.00,YES/26-27/1384,Cochin,9.00,9.00,0.00,0.00,774.00,774.00,0.00,0.00,774.00,774.00,0.00,0.00,Others,,,"{""SellerGstin"":""32AAFCI1950F1ZZ"",""BuyerGstin"":""32BSHPK8953L1Z8"",""DocNo"":""CN-00239"",""DocTyp"":""CRN"",""DocDt"":""23/07/2026"",""TotInvVal"":14160.0,""ItemCnt"":4,""MainHsnCode"":""84238290"",""Irn"":""11f8834512d7195274740efc56ad6f455042d2c981daa5a1f454719db93e0af8"",""IrnDt"":""2026-07-23 10:24:00""}",eyJhbGciOiJSUzI1NiIsImtpZCI6IkNEMDFBQzJCNkU3MjBDRjBCOUUwNDhGMUNDQkM3NTA5Qzc2NkFGNzgiLCJ4NXQiOiJ6UUdzSzI1eURQQzU0RWp4ekx4MUNjZG1yM2ciLCJ0eXAiOiJKV1QifQ.eyJpc3MiOiJOSUMiLCJkYXRhIjoie1wiU2VsbGVyR3N0aW5cIjpcIjMyQUFGQ0kxOTUwRjFaWlwiLFwiQnV5ZXJHc3RpblwiOlwiMzJCU0hQSzg5NTNMMVo4XCIsXCJEb2NOb1wiOlwiQ04tMDAyMzlcIixcIkRvY1R5cFwiOlwiQ1JOXCIsXCJEb2NEdFwiOlwiMjMvMDcvMjAyNlwiLFwiVG90SW52VmFsXCI6MTQxNjAuMCxcIkl0ZW1DbnRcIjo0LFwiTWFpbkhzbkNvZGVcIjpcIjg0MjM4MjkwXCIsXCJJcm5cIjpcIjExZjg4MzQ1MTJkNzE5NTI3NDc0MGVmYzU2YWQ2ZjQ1NTA0MmQyYzk4MWRhYTVhMWY0NTQ3MTlkYjkzZTBhZjhcIixcIklybkR0XCI6XCIyMDI2LTA3LTIzIDEwOjI0OjAwXCJ9In0.arHXFhwee_h3WlAWFKNtAUZcNOu9fEYBAn7_OEC47rIrTVJsl2RKQWAX3C3G0mX6fk8QkOQ2lvOwRNhKrJjcnTeQrMFazfeatk9jzNTQ2h0C-4wHCx0Qm_CWcBdl_xq-74wbysuJ8Xx35SfSeG5giYcc42n36APMqEBGra4ZTs5ObCplkVIRJkwk5qiMTBmXpf1qiwMJZHFNdDFRXnnroTgaP0VetZ5jIWcAYa6ny1JF_RhE83y26ZiOvUKkRNuewUWiiwAoNM1C8cruWibBqhMCylWcVUfV5rd_mzTvSoZwvI7YnMycUdOADbTeomZOzTKq9Uzc_KUVkXmaM9OoHQ,152626528338283,2026-07-23 10:24:00,,,,INTERWEIGHING PVT LTD,32AAFCI1950F1ZZ,3PL Warehouse : C/O LOGIWIZ LOGISTICS INDIA PVT LTD,COCHIN,Kerala,India,683503,8803333444,admin@yesweigh.in,Taxable,99381000000006208,GST18,18.00,Tax Group,,,,,,0.000,,,32-Kerala,business_gst,32BSHPK8953L1Z8,,,,Visakh - Inside kerala,entity_level,KL,12000.00,0.00,Adjustment,,goods,Spreadsheet Template,nos,2150.00,84238290,Sales,,BPCQZ1,,,,,,,,,,INR 5500.00,,,,,0.000,Cochin,,
2026-07-23,2026-07-23,99381000029001024,,99381000031622475,CN-00239,Closed,Accounts Receivable,ALFA SYSTEMS-CHALAKKUDY,Kunjalan,"6/721B, Murikkingal Road, Pallikunnu,
Kodaly,","PADY PO, Kodakara",THRISSUR,Kerala,India,680699,,,Kunjalan,"ALFA SYSTEMS-CHALAKKUDY
APS Chalakkudy
6/721B, Murikkingal Road,
Pallikkunnu, Koday","PADY PO,",Kodakara,Kerala,India,9846500877,680699,,NO,NO,99381000000017088,INR,1.00,false,14160.00,0.00,0.00,,,,0.00,,,,,,,,,0.00,,99381000000098082,Pushed,11f8834512d7195274740efc56ad6f455042d2c981daa5a1f454719db93e0af8,,YES/26-27/1301,2026-07-16,0.000,,,,0.00,,,,,,,,,,,,,,,,true,Stamping Fees above 20 kg,FALSE,0.00,0.0,4.00,,180.00,1000.00,YES/26-27/1384,Cochin,9.00,9.00,0.00,0.00,90.00,90.00,0.00,0.00,90.00,90.00,0.00,0.00,Others,,,"{""SellerGstin"":""32AAFCI1950F1ZZ"",""BuyerGstin"":""32BSHPK8953L1Z8"",""DocNo"":""CN-00239"",""DocTyp"":""CRN"",""DocDt"":""23/07/2026"",""TotInvVal"":14160.0,""ItemCnt"":4,""MainHsnCode"":""84238290"",""Irn"":""11f8834512d7195274740efc56ad6f455042d2c981daa5a1f454719db93e0af8"",""IrnDt"":""2026-07-23 10:24:00""}",eyJhbGciOiJSUzI1NiIsImtpZCI6IkNEMDFBQzJCNkU3MjBDRjBCOUUwNDhGMUNDQkM3NTA5Qzc2NkFGNzgiLCJ4NXQiOiJ6UUdzSzI1eURQQzU0RWp4ekx4MUNjZG1yM2ciLCJ0eXAiOiJKV1QifQ.eyJpc3MiOiJOSUMiLCJkYXRhIjoie1wiU2VsbGVyR3N0aW5cIjpcIjMyQUFGQ0kxOTUwRjFaWlwiLFwiQnV5ZXJHc3RpblwiOlwiMzJCU0hQSzg5NTNMMVo4XCIsXCJEb2NOb1wiOlwiQ04tMDAyMzlcIixcIkRvY1R5cFwiOlwiQ1JOXCIsXCJEb2NEdFwiOlwiMjMvMDcvMjAyNlwiLFwiVG90SW52VmFsXCI6MTQxNjAuMCxcIkl0ZW1DbnRcIjo0LFwiTWFpbkhzbkNvZGVcIjpcIjg0MjM4MjkwXCIsXCJJcm5cIjpcIjExZjg4MzQ1MTJkNzE5NTI3NDc0MGVmYzU2YWQ2ZjQ1NTA0MmQyYzk4MWRhYTVhMWY0NTQ3MTlkYjkzZTBhZjhcIixcIklybkR0XCI6XCIyMDI2LTA3LTIzIDEwOjI0OjAwXCJ9In0.arHXFhwee_h3WlAWFKNtAUZcNOu9fEYBAn7_OEC47rIrTVJsl2RKQWAX3C3G0mX6fk8QkOQ2lvOwRNhKrJjcnTeQrMFazfeatk9jzNTQ2h0C-4wHCx0Qm_CWcBdl_xq-74wbysuJ8Xx35SfSeG5giYcc42n36APMqEBGra4ZTs5ObCplkVIRJkwk5qiMTBmXpf1qiwMJZHFNdDFRXnnroTgaP0VetZ5jIWcAYa6ny1JF_RhE83y26ZiOvUKkRNuewUWiiwAoNM1C8cruWibBqhMCylWcVUfV5rd_mzTvSoZwvI7YnMycUdOADbTeomZOzTKq9Uzc_KUVkXmaM9OoHQ,152626528338283,2026-07-23 10:24:00,,,,INTERWEIGHING PVT LTD,32AAFCI1950F1ZZ,3PL Warehouse : C/O LOGIWIZ LOGISTICS INDIA PVT LTD,COCHIN,Kerala,India,683503,8803333444,admin@yesweigh.in,Taxable,99381000000006208,GST18,18.00,Tax Group,,,,,,0.000,,,32-Kerala,business_gst,32BSHPK8953L1Z8,,,,Visakh - Inside kerala,entity_level,KL,12000.00,0.00,Adjustment,,goods,Spreadsheet Template,nos,250.00,76061190,Sales,,GATC30,,,,,,,,,,INR 625.00,,,,,0.000,Cochin,,
2026-07-23,2026-07-23,99381000002951037,,99381000031622475,CN-00239,Closed,Accounts Receivable,ALFA SYSTEMS-CHALAKKUDY,Kunjalan,"6/721B, Murikkingal Road, Pallikunnu,
Kodaly,","PADY PO, Kodakara",THRISSUR,Kerala,India,680699,,,Kunjalan,"ALFA SYSTEMS-CHALAKKUDY
APS Chalakkudy
6/721B, Murikkingal Road,
Pallikkunnu, Koday","PADY PO,",Kodakara,Kerala,India,9846500877,680699,,NO,NO,99381000000017088,INR,1.00,false,14160.00,0.00,0.00,,,,0.00,,,,,,,,,0.00,,99381000000098082,Pushed,11f8834512d7195274740efc56ad6f455042d2c981daa5a1f454719db93e0af8,,YES/26-27/1301,2026-07-16,0.000,,,,0.00,,,,,,,,,,,,,,,,true,ATM PC Pole,FALSE,0.00,0.0,1.00,"Make :YESWEIGH Model: YSP -30 
 Max :30kg e :5g
Display :Green
Serial No : Y10108 (STAMPED)",387.00,2150.00,YES/26-27/1384,Cochin,9.00,9.00,0.00,0.00,193.50,193.50,0.00,0.00,193.50,193.50,0.00,0.00,Others,,,"{""SellerGstin"":""32AAFCI1950F1ZZ"",""BuyerGstin"":""32BSHPK8953L1Z8"",""DocNo"":""CN-00239"",""DocTyp"":""CRN"",""DocDt"":""23/07/2026"",""TotInvVal"":14160.0,""ItemCnt"":4,""MainHsnCode"":""84238290"",""Irn"":""11f8834512d7195274740efc56ad6f455042d2c981daa5a1f454719db93e0af8"",""IrnDt"":""2026-07-23 10:24:00""}",eyJhbGciOiJSUzI1NiIsImtpZCI6IkNEMDFBQzJCNkU3MjBDRjBCOUUwNDhGMUNDQkM3NTA5Qzc2NkFGNzgiLCJ4NXQiOiJ6UUdzSzI1eURQQzU0RWp4ekx4MUNjZG1yM2ciLCJ0eXAiOiJKV1QifQ.eyJpc3MiOiJOSUMiLCJkYXRhIjoie1wiU2VsbGVyR3N0aW5cIjpcIjMyQUFGQ0kxOTUwRjFaWlwiLFwiQnV5ZXJHc3RpblwiOlwiMzJCU0hQSzg5NTNMMVo4XCIsXCJEb2NOb1wiOlwiQ04tMDAyMzlcIixcIkRvY1R5cFwiOlwiQ1JOXCIsXCJEb2NEdFwiOlwiMjMvMDcvMjAyNlwiLFwiVG90SW52VmFsXCI6MTQxNjAuMCxcIkl0ZW1DbnRcIjo0LFwiTWFpbkhzbkNvZGVcIjpcIjg0MjM4MjkwXCIsXCJJcm5cIjpcIjExZjg4MzQ1MTJkNzE5NTI3NDc0MGVmYzU2YWQ2ZjQ1NTA0MmQyYzk4MWRhYTVhMWY0NTQ3MTlkYjkzZTBhZjhcIixcIklybkR0XCI6XCIyMDI2LTA3LTIzIDEwOjI0OjAwXCJ9In0.arHXFhwee_h3WlAWFKNtAUZcNOu9fEYBAn7_OEC47rIrTVJsl2RKQWAX3C3G0mX6fk8QkOQ2lvOwRNhKrJjcnTeQrMFazfeatk9jzNTQ2h0C-4wHCx0Qm_CWcBdl_xq-74wbysuJ8Xx35SfSeG5giYcc42n36APMqEBGra4ZTs5ObCplkVIRJkwk5qiMTBmXpf1qiwMJZHFNdDFRXnnroTgaP0VetZ5jIWcAYa6ny1JF_RhE83y26ZiOvUKkRNuewUWiiwAoNM1C8cruWibBqhMCylWcVUfV5rd_mzTvSoZwvI7YnMycUdOADbTeomZOzTKq9Uzc_KUVkXmaM9OoHQ,152626528338283,2026-07-23 10:24:00,,,,INTERWEIGHING PVT LTD,32AAFCI1950F1ZZ,3PL Warehouse : C/O LOGIWIZ LOGISTICS INDIA PVT LTD,COCHIN,Kerala,India,683503,8803333444,admin@yesweigh.in,Taxable,99381000000006208,GST18,18.00,Tax Group,,,,,,0.000,,,32-Kerala,business_gst,32BSHPK8953L1Z8,,,,Visakh - Inside kerala,entity_level,KL,12000.00,0.00,Adjustment,,goods,Spreadsheet Template,nos,2150.00,84231000,Sales,,APCPQ,,,,,,,,,,INR 4700.00,,,,,0.000,Cochin,,
2026-07-23,2026-07-23,99381000029001024,,99381000031622475,CN-00239,Closed,Accounts Receivable,ALFA SYSTEMS-CHALAKKUDY,Kunjalan,"6/721B, Murikkingal Road, Pallikunnu,
Kodaly,","PADY PO, Kodakara",THRISSUR,Kerala,India,680699,,,Kunjalan,"ALFA SYSTEMS-CHALAKKUDY
APS Chalakkudy
6/721B, Murikkingal Road,
Pallikkunnu, Koday","PADY PO,",Kodakara,Kerala,India,9846500877,680699,,NO,NO,99381000000017088,INR,1.00,false,14160.00,0.00,0.00,,,,0.00,,,,,,,,,0.00,,99381000000098082,Pushed,11f8834512d7195274740efc56ad6f455042d2c981daa5a1f454719db93e0af8,,YES/26-27/1301,2026-07-16,0.000,,,,0.00,,,,,,,,,,,,,,,,true,Stamping Fees above 20 kg,FALSE,0.00,0.0,1.00,,45.00,250.00,YES/26-27/1384,Cochin,9.00,9.00,0.00,0.00,22.50,22.50,0.00,0.00,22.50,22.50,0.00,0.00,Others,,,"{""SellerGstin"":""32AAFCI1950F1ZZ"",""BuyerGstin"":""32BSHPK8953L1Z8"",""DocNo"":""CN-00239"",""DocTyp"":""CRN"",""DocDt"":""23/07/2026"",""TotInvVal"":14160.0,""ItemCnt"":4,""MainHsnCode"":""84238290"",""Irn"":""11f8834512d7195274740efc56ad6f455042d2c981daa5a1f454719db93e0af8"",""IrnDt"":""2026-07-23 10:24:00""}",eyJhbGciOiJSUzI1NiIsImtpZCI6IkNEMDFBQzJCNkU3MjBDRjBCOUUwNDhGMUNDQkM3NTA5Qzc2NkFGNzgiLCJ4NXQiOiJ6UUdzSzI1eURQQzU0RWp4ekx4MUNjZG1yM2ciLCJ0eXAiOiJKV1QifQ.eyJpc3MiOiJOSUMiLCJkYXRhIjoie1wiU2VsbGVyR3N0aW5cIjpcIjMyQUFGQ0kxOTUwRjFaWlwiLFwiQnV5ZXJHc3RpblwiOlwiMzJCU0hQSzg5NTNMMVo4XCIsXCJEb2NOb1wiOlwiQ04tMDAyMzlcIixcIkRvY1R5cFwiOlwiQ1JOXCIsXCJEb2NEdFwiOlwiMjMvMDcvMjAyNlwiLFwiVG90SW52VmFsXCI6MTQxNjAuMCxcIkl0ZW1DbnRcIjo0LFwiTWFpbkhzbkNvZGVcIjpcIjg0MjM4MjkwXCIsXCJJcm5cIjpcIjExZjg4MzQ1MTJkNzE5NTI3NDc0MGVmYzU2YWQ2ZjQ1NTA0MmQyYzk4MWRhYTVhMWY0NTQ3MTlkYjkzZTBhZjhcIixcIklybkR0XCI6XCIyMDI2LTA3LTIzIDEwOjI0OjAwXCJ9In0.arHXFhwee_h3WlAWFKNtAUZcNOu9fEYBAn7_OEC47rIrTVJsl2RKQWAX3C3G0mX6fk8QkOQ2lvOwRNhKrJjcnTeQrMFazfeatk9jzNTQ2h0C-4wHCx0Qm_CWcBdl_xq-74wbysuJ8Xx35SfSeG5giYcc42n36APMqEBGra4ZTs5ObCplkVIRJkwk5qiMTBmXpf1qiwMJZHFNdDFRXnnroTgaP0VetZ5jIWcAYa6ny1JF_RhE83y26ZiOvUKkRNuewUWiiwAoNM1C8cruWibBqhMCylWcVUfV5rd_mzTvSoZwvI7YnMycUdOADbTeomZOzTKq9Uzc_KUVkXmaM9OoHQ,152626528338283,2026-07-23 10:24:00,,,,INTERWEIGHING PVT LTD,32AAFCI1950F1ZZ,3PL Warehouse : C/O LOGIWIZ LOGISTICS INDIA PVT LTD,COCHIN,Kerala,India,683503,8803333444,admin@yesweigh.in,Taxable,99381000000006208,GST18,18.00,Tax Group,,,,,,0.000,,,32-Kerala,business_gst,32BSHPK8953L1Z8,,,,Visakh - Inside kerala,entity_level,KL,12000.00,0.00,Adjustment,,goods,Spreadsheet Template,nos,250.00,76061190,Sales,,GATC30,,,,,,,,,,INR 625.00,,,,,0.000,Cochin,,
2026-07-23,2026-07-23,99381000031124003,,99381000031622738,CN-00240,Closed,Accounts Receivable,ORBIT SCALES,ORBIT SCALES,"Op.Old RTO,Katty Comlex",MANNA - TALIPARAMBA,KANNUR,Kerala,India,670141,'+91-9496400258,,,"ORBIT SCALES
Op.Old RTO,Katty Comlex",MANNA - TALIPARAMBA,KANNUR,Kerala,India,'+91-9496400258,670141,,NO,NO,99381000029168032,INR,1.00,false,5015.00,0.00,0.00,,,,0.00,,,,,,,,,0.00,,99381000000098082,Pushed,d20575f9aa16268336caa21c0ff9ffc95c131ba6b7187163ff1a80dc252cf152,,YES/26-27/1233,2026-07-11,0.000,,,,0.00,,,,,,,,,,,,,,,,true,ATM PC Red,FALSE,0.00,0.0,1.00,"Make : YESWEIGH Max:20kg e:2g  Class:III
Display Red
Serial No : Y10069 (STAMPED)",333.00,1850.00,YES/26-27/1385,Cochin,9.00,9.00,0.00,0.00,166.50,166.50,0.00,0.00,166.50,166.50,0.00,0.00,Others,,,"{""SellerGstin"":""32AAFCI1950F1ZZ"",""BuyerGstin"":""32AXSPP9711C1ZC"",""DocNo"":""CN-00240"",""DocTyp"":""CRN"",""DocDt"":""23/07/2026"",""TotInvVal"":5015.0,""ItemCnt"":4,""MainHsnCode"":""84231000"",""Irn"":""d20575f9aa16268336caa21c0ff9ffc95c131ba6b7187163ff1a80dc252cf152"",""IrnDt"":""2026-07-23 10:46:00""}",eyJhbGciOiJSUzI1NiIsImtpZCI6IkNEMDFBQzJCNkU3MjBDRjBCOUUwNDhGMUNDQkM3NTA5Qzc2NkFGNzgiLCJ4NXQiOiJ6UUdzSzI1eURQQzU0RWp4ekx4MUNjZG1yM2ciLCJ0eXAiOiJKV1QifQ.eyJpc3MiOiJOSUMiLCJkYXRhIjoie1wiU2VsbGVyR3N0aW5cIjpcIjMyQUFGQ0kxOTUwRjFaWlwiLFwiQnV5ZXJHc3RpblwiOlwiMzJBWFNQUDk3MTFDMVpDXCIsXCJEb2NOb1wiOlwiQ04tMDAyNDBcIixcIkRvY1R5cFwiOlwiQ1JOXCIsXCJEb2NEdFwiOlwiMjMvMDcvMjAyNlwiLFwiVG90SW52VmFsXCI6NTAxNS4wLFwiSXRlbUNudFwiOjQsXCJNYWluSHNuQ29kZVwiOlwiODQyMzEwMDBcIixcIklyblwiOlwiZDIwNTc1ZjlhYTE2MjY4MzM2Y2FhMjFjMGZmOWZmYzk1YzEzMWJhNmI3MTg3MTYzZmYxYTgwZGMyNTJjZjE1MlwiLFwiSXJuRHRcIjpcIjIwMjYtMDctMjMgMTA6NDY6MDBcIn0ifQ.P9wm1SPKPvBjxUX_XpF5HDGyt1Hq5cu6FBC6dEhsrCO_eD2nR1CdBSqJpzj09B99cUsGy5itzyJMr30v-KC3_5qQKZ351JG9-F8VC7xVgeaRit6sCMsKK5nX5yUEdKXwkMBjwZ6FdqXWUboyUjCOgz941gEBFpYIfLqqthNjro1y1UBfn621s9PPkHSzgVi2ZzCAUx_0OYMaHQ3KyrrV1-8aTN8d4Nou8Odnx5j5PnCkx2n0IHgLas0IQ7AaE0xKXUg5yQtYzUBA4Zn_1QDv38yvhSYGQOjDyKd__fCAd_AKzNtYcvH4shpZaSaQNC4db7GLA5G8gnG5IOAuapQQCw,152626528714915,2026-07-23 10:46:00,,,,INTERWEIGHING PVT LTD,32AAFCI1950F1ZZ,3PL Warehouse : C/O LOGIWIZ LOGISTICS INDIA PVT LTD,COCHIN,Kerala,India,683503,8803333444,admin@yesweigh.in,Taxable,99381000000006208,GST18,18.00,Tax Group,,,,,,0.000,,,32-Kerala,business_gst,32AXSPP9711C1ZC,,,,Visakh - Inside kerala,entity_level,KL,4250.00,0.00,Adjustment,,goods,Spreadsheet Template,nos,1850.00,84231000,Sales,,ATM30RJ,,,,,,,,,,INR 4200.00,,,,,0.000,Cochin,,
2026-07-23,2026-07-23,99381000029005441,,99381000031622738,CN-00240,Closed,Accounts Receivable,ORBIT SCALES,ORBIT SCALES,"Op.Old RTO,Katty Comlex",MANNA - TALIPARAMBA,KANNUR,Kerala,India,670141,'+91-9496400258,,,"ORBIT SCALES
Op.Old RTO,Katty Comlex",MANNA - TALIPARAMBA,KANNUR,Kerala,India,'+91-9496400258,670141,,NO,NO,99381000029168032,INR,1.00,false,5015.00,0.00,0.00,,,,0.00,,,,,,,,,0.00,,99381000000098082,Pushed,d20575f9aa16268336caa21c0ff9ffc95c131ba6b7187163ff1a80dc252cf152,,YES/26-27/1233,2026-07-11,0.000,,,,0.00,,,,,,,,,,,,,,,,true,Stamping Fees  upto 20 kg,FALSE,0.00,0.0,1.00,,27.00,150.00,YES/26-27/1385,Cochin,9.00,9.00,0.00,0.00,13.50,13.50,0.00,0.00,13.50,13.50,0.00,0.00,Others,,,"{""SellerGstin"":""32AAFCI1950F1ZZ"",""BuyerGstin"":""32AXSPP9711C1ZC"",""DocNo"":""CN-00240"",""DocTyp"":""CRN"",""DocDt"":""23/07/2026"",""TotInvVal"":5015.0,""ItemCnt"":4,""MainHsnCode"":""84231000"",""Irn"":""d20575f9aa16268336caa21c0ff9ffc95c131ba6b7187163ff1a80dc252cf152"",""IrnDt"":""2026-07-23 10:46:00""}",eyJhbGciOiJSUzI1NiIsImtpZCI6IkNEMDFBQzJCNkU3MjBDRjBCOUUwNDhGMUNDQkM3NTA5Qzc2NkFGNzgiLCJ4NXQiOiJ6UUdzSzI1eURQQzU0RWp4ekx4MUNjZG1yM2ciLCJ0eXAiOiJKV1QifQ.eyJpc3MiOiJOSUMiLCJkYXRhIjoie1wiU2VsbGVyR3N0aW5cIjpcIjMyQUFGQ0kxOTUwRjFaWlwiLFwiQnV5ZXJHc3RpblwiOlwiMzJBWFNQUDk3MTFDMVpDXCIsXCJEb2NOb1wiOlwiQ04tMDAyNDBcIixcIkRvY1R5cFwiOlwiQ1JOXCIsXCJEb2NEdFwiOlwiMjMvMDcvMjAyNlwiLFwiVG90SW52VmFsXCI6NTAxNS4wLFwiSXRlbUNudFwiOjQsXCJNYWluSHNuQ29kZVwiOlwiODQyMzEwMDBcIixcIklyblwiOlwiZDIwNTc1ZjlhYTE2MjY4MzM2Y2FhMjFjMGZmOWZmYzk1YzEzMWJhNmI3MTg3MTYzZmYxYTgwZGMyNTJjZjE1MlwiLFwiSXJuRHRcIjpcIjIwMjYtMDctMjMgMTA6NDY6MDBcIn0ifQ.P9wm1SPKPvBjxUX_XpF5HDGyt1Hq5cu6FBC6dEhsrCO_eD2nR1CdBSqJpzj09B99cUsGy5itzyJMr30v-KC3_5qQKZ351JG9-F8VC7xVgeaRit6sCMsKK5nX5yUEdKXwkMBjwZ6FdqXWUboyUjCOgz941gEBFpYIfLqqthNjro1y1UBfn621s9PPkHSzgVi2ZzCAUx_0OYMaHQ3KyrrV1-8aTN8d4Nou8Odnx5j5PnCkx2n0IHgLas0IQ7AaE0xKXUg5yQtYzUBA4Zn_1QDv38yvhSYGQOjDyKd__fCAd_AKzNtYcvH4shpZaSaQNC4db7GLA5G8gnG5IOAuapQQCw,152626528714915,2026-07-23 10:46:00,,,,INTERWEIGHING PVT LTD,32AAFCI1950F1ZZ,3PL Warehouse : C/O LOGIWIZ LOGISTICS INDIA PVT LTD,COCHIN,Kerala,India,683503,8803333444,admin@yesweigh.in,Taxable,99381000000006208,GST18,18.00,Tax Group,,,,,,0.000,,,32-Kerala,business_gst,32AXSPP9711C1ZC,,,,Visakh - Inside kerala,entity_level,KL,4250.00,0.00,Adjustment,,goods,Spreadsheet Template,nos,150.00,76061190,Sales,,GATC20,,,,,,,,,,INR 375.00,,,,,0.000,Cochin,,
2026-07-23,2026-07-23,99381000002951037,,99381000031622738,CN-00240,Closed,Accounts Receivable,ORBIT SCALES,ORBIT SCALES,"Op.Old RTO,Katty Comlex",MANNA - TALIPARAMBA,KANNUR,Kerala,India,670141,'+91-9496400258,,,"ORBIT SCALES
Op.Old RTO,Katty Comlex",MANNA - TALIPARAMBA,KANNUR,Kerala,India,'+91-9496400258,670141,,NO,NO,99381000029168032,INR,1.00,false,5015.00,0.00,0.00,,,,0.00,,,,,,,,,0.00,,99381000000098082,Pushed,d20575f9aa16268336caa21c0ff9ffc95c131ba6b7187163ff1a80dc252cf152,,YES/26-27/1233,2026-07-11,0.000,,,,0.00,,,,,,,,,,,,,,,,true,ATM PC Pole,FALSE,0.00,0.0,1.00,"Make :YESWEIGH Model: YSP -30 
 Max :30kg e :5g
Display :Green
Serial No : Y10070 (STAMPED)
Credit Note issued",360.00,2000.00,YES/26-27/1385,Cochin,9.00,9.00,0.00,0.00,180.00,180.00,0.00,0.00,180.00,180.00,0.00,0.00,Others,,,"{""SellerGstin"":""32AAFCI1950F1ZZ"",""BuyerGstin"":""32AXSPP9711C1ZC"",""DocNo"":""CN-00240"",""DocTyp"":""CRN"",""DocDt"":""23/07/2026"",""TotInvVal"":5015.0,""ItemCnt"":4,""MainHsnCode"":""84231000"",""Irn"":""d20575f9aa16268336caa21c0ff9ffc95c131ba6b7187163ff1a80dc252cf152"",""IrnDt"":""2026-07-23 10:46:00""}",eyJhbGciOiJSUzI1NiIsImtpZCI6IkNEMDFBQzJCNkU3MjBDRjBCOUUwNDhGMUNDQkM3NTA5Qzc2NkFGNzgiLCJ4NXQiOiJ6UUdzSzI1eURQQzU0RWp4ekx4MUNjZG1yM2ciLCJ0eXAiOiJKV1QifQ.eyJpc3MiOiJOSUMiLCJkYXRhIjoie1wiU2VsbGVyR3N0aW5cIjpcIjMyQUFGQ0kxOTUwRjFaWlwiLFwiQnV5ZXJHc3RpblwiOlwiMzJBWFNQUDk3MTFDMVpDXCIsXCJEb2NOb1wiOlwiQ04tMDAyNDBcIixcIkRvY1R5cFwiOlwiQ1JOXCIsXCJEb2NEdFwiOlwiMjMvMDcvMjAyNlwiLFwiVG90SW52VmFsXCI6NTAxNS4wLFwiSXRlbUNudFwiOjQsXCJNYWluSHNuQ29kZVwiOlwiODQyMzEwMDBcIixcIklyblwiOlwiZDIwNTc1ZjlhYTE2MjY4MzM2Y2FhMjFjMGZmOWZmYzk1YzEzMWJhNmI3MTg3MTYzZmYxYTgwZGMyNTJjZjE1MlwiLFwiSXJuRHRcIjpcIjIwMjYtMDctMjMgMTA6NDY6MDBcIn0ifQ.P9wm1SPKPvBjxUX_XpF5HDGyt1Hq5cu6FBC6dEhsrCO_eD2nR1CdBSqJpzj09B99cUsGy5itzyJMr30v-KC3_5qQKZ351JG9-F8VC7xVgeaRit6sCMsKK5nX5yUEdKXwkMBjwZ6FdqXWUboyUjCOgz941gEBFpYIfLqqthNjro1y1UBfn621s9PPkHSzgVi2ZzCAUx_0OYMaHQ3KyrrV1-8aTN8d4Nou8Odnx5j5PnCkx2n0IHgLas0IQ7AaE0xKXUg5yQtYzUBA4Zn_1QDv38yvhSYGQOjDyKd__fCAd_AKzNtYcvH4shpZaSaQNC4db7GLA5G8gnG5IOAuapQQCw,152626528714915,2026-07-23 10:46:00,,,,INTERWEIGHING PVT LTD,32AAFCI1950F1ZZ,3PL Warehouse : C/O LOGIWIZ LOGISTICS INDIA PVT LTD,COCHIN,Kerala,India,683503,8803333444,admin@yesweigh.in,Taxable,99381000000006208,GST18,18.00,Tax Group,,,,,,0.000,,,32-Kerala,business_gst,32AXSPP9711C1ZC,,,,Visakh - Inside kerala,entity_level,KL,4250.00,0.00,Adjustment,,goods,Spreadsheet Template,nos,2000.00,84231000,Sales,,APCPQ,,,,,,,,,,INR 4700.00,,,,,0.000,Cochin,,
2026-07-23,2026-07-23,99381000029001024,,99381000031622738,CN-00240,Closed,Accounts Receivable,ORBIT SCALES,ORBIT SCALES,"Op.Old RTO,Katty Comlex",MANNA - TALIPARAMBA,KANNUR,Kerala,India,670141,'+91-9496400258,,,"ORBIT SCALES
Op.Old RTO,Katty Comlex",MANNA - TALIPARAMBA,KANNUR,Kerala,India,'+91-9496400258,670141,,NO,NO,99381000029168032,INR,1.00,false,5015.00,0.00,0.00,,,,0.00,,,,,,,,,0.00,,99381000000098082,Pushed,d20575f9aa16268336caa21c0ff9ffc95c131ba6b7187163ff1a80dc252cf152,,YES/26-27/1233,2026-07-11,0.000,,,,0.00,,,,,,,,,,,,,,,,true,Stamping Fees above 20 kg,FALSE,0.00,0.0,1.00,,45.00,250.00,YES/26-27/1385,Cochin,9.00,9.00,0.00,0.00,22.50,22.50,0.00,0.00,22.50,22.50,0.00,0.00,Others,,,"{""SellerGstin"":""32AAFCI1950F1ZZ"",""BuyerGstin"":""32AXSPP9711C1ZC"",""DocNo"":""CN-00240"",""DocTyp"":""CRN"",""DocDt"":""23/07/2026"",""TotInvVal"":5015.0,""ItemCnt"":4,""MainHsnCode"":""84231000"",""Irn"":""d20575f9aa16268336caa21c0ff9ffc95c131ba6b7187163ff1a80dc252cf152"",""IrnDt"":""2026-07-23 10:46:00""}",eyJhbGciOiJSUzI1NiIsImtpZCI6IkNEMDFBQzJCNkU3MjBDRjBCOUUwNDhGMUNDQkM3NTA5Qzc2NkFGNzgiLCJ4NXQiOiJ6UUdzSzI1eURQQzU0RWp4ekx4MUNjZG1yM2ciLCJ0eXAiOiJKV1QifQ.eyJpc3MiOiJOSUMiLCJkYXRhIjoie1wiU2VsbGVyR3N0aW5cIjpcIjMyQUFGQ0kxOTUwRjFaWlwiLFwiQnV5ZXJHc3RpblwiOlwiMzJBWFNQUDk3MTFDMVpDXCIsXCJEb2NOb1wiOlwiQ04tMDAyNDBcIixcIkRvY1R5cFwiOlwiQ1JOXCIsXCJEb2NEdFwiOlwiMjMvMDcvMjAyNlwiLFwiVG90SW52VmFsXCI6NTAxNS4wLFwiSXRlbUNudFwiOjQsXCJNYWluSHNuQ29kZVwiOlwiODQyMzEwMDBcIixcIklyblwiOlwiZDIwNTc1ZjlhYTE2MjY4MzM2Y2FhMjFjMGZmOWZmYzk1YzEzMWJhNmI3MTg3MTYzZmYxYTgwZGMyNTJjZjE1MlwiLFwiSXJuRHRcIjpcIjIwMjYtMDctMjMgMTA6NDY6MDBcIn0ifQ.P9wm1SPKPvBjxUX_XpF5HDGyt1Hq5cu6FBC6dEhsrCO_eD2nR1CdBSqJpzj09B99cUsGy5itzyJMr30v-KC3_5qQKZ351JG9-F8VC7xVgeaRit6sCMsKK5nX5yUEdKXwkMBjwZ6FdqXWUboyUjCOgz941gEBFpYIfLqqthNjro1y1UBfn621s9PPkHSzgVi2ZzCAUx_0OYMaHQ3KyrrV1-8aTN8d4Nou8Odnx5j5PnCkx2n0IHgLas0IQ7AaE0xKXUg5yQtYzUBA4Zn_1QDv38yvhSYGQOjDyKd__fCAd_AKzNtYcvH4shpZaSaQNC4db7GLA5G8gnG5IOAuapQQCw,152626528714915,2026-07-23 10:46:00,,,,INTERWEIGHING PVT LTD,32AAFCI1950F1ZZ,3PL Warehouse : C/O LOGIWIZ LOGISTICS INDIA PVT LTD,COCHIN,Kerala,India,683503,8803333444,admin@yesweigh.in,Taxable,99381000000006208,GST18,18.00,Tax Group,,,,,,0.000,,,32-Kerala,business_gst,32AXSPP9711C1ZC,,,,Visakh - Inside kerala,entity_level,KL,4250.00,0.00,Adjustment,,goods,Spreadsheet Template,nos,250.00,76061190,Sales,,GATC30,,,,,,,,,,INR 625.00,,,,,0.000,Cochin,,
2026-07-24,2026-07-25,99381000031557085,,99381000031669862,CN-00241,Open,Accounts Receivable,ALUVA SCALES INC,,XIII/228B,"SCALE TOWER,Desom -Chowara Road, East Desom",Aluva,Kerala,India,683102,9846145868,,,XIII/228B,"SCALE TOWER,Desom -Chowara Road, East Desom",Aluva,Kerala,India,9846145868,683102,,NO,NO,99381000000014794,INR,1.00,false,17936.00,472.00,0.00,,,,0.00,,,,,,,,,0.00,,99381000000098082,Pushed,bfdde801d81f93c94c70202fedc211df879221dd8473157fe3e3115daae33f1d,,YES/26-27/1376,2026-07-22,0.000,,,,0.00,,,,,,,,,,,,,,,,true,ATM PC Green,FALSE,0.00,0.0,8.00,"Make : YESWEIGH Max:40kg e:5g  Class:III
Display Green
Serial No : YAD80020 - YAD80027
(Product packed in dismantled condition)",2736.00,15200.00,YES/26-27/1416,Cochin,9.00,9.00,0.00,0.00,1368.00,1368.00,0.00,0.00,1368.00,1368.00,0.00,0.00,Others,,,"{""SellerGstin"":""32AAFCI1950F1ZZ"",""BuyerGstin"":""32AAZFA1454F1ZI"",""DocNo"":""CN-00241"",""DocTyp"":""CRN"",""DocDt"":""24/07/2026"",""TotInvVal"":17936.0,""ItemCnt"":1,""MainHsnCode"":""84231000"",""Irn"":""bfdde801d81f93c94c70202fedc211df879221dd8473157fe3e3115daae33f1d"",""IrnDt"":""2026-07-24 15:28:00""}",eyJhbGciOiJSUzI1NiIsImtpZCI6IkNEMDFBQzJCNkU3MjBDRjBCOUUwNDhGMUNDQkM3NTA5Qzc2NkFGNzgiLCJ4NXQiOiJ6UUdzSzI1eURQQzU0RWp4ekx4MUNjZG1yM2ciLCJ0eXAiOiJKV1QifQ.eyJpc3MiOiJOSUMiLCJkYXRhIjoie1wiU2VsbGVyR3N0aW5cIjpcIjMyQUFGQ0kxOTUwRjFaWlwiLFwiQnV5ZXJHc3RpblwiOlwiMzJBQVpGQTE0NTRGMVpJXCIsXCJEb2NOb1wiOlwiQ04tMDAyNDFcIixcIkRvY1R5cFwiOlwiQ1JOXCIsXCJEb2NEdFwiOlwiMjQvMDcvMjAyNlwiLFwiVG90SW52VmFsXCI6MTc5MzYuMCxcIkl0ZW1DbnRcIjoxLFwiTWFpbkhzbkNvZGVcIjpcIjg0MjMxMDAwXCIsXCJJcm5cIjpcImJmZGRlODAxZDgxZjkzYzk0YzcwMjAyZmVkYzIxMWRmODc5MjIxZGQ4NDczMTU3ZmUzZTMxMTVkYWFlMzNmMWRcIixcIklybkR0XCI6XCIyMDI2LTA3LTI0IDE1OjI4OjAwXCJ9In0.vXGKkS5L_Z1Hd-UR1OvROR8m1qDrUOjzkkBITZnhSz8OYGccJlWoHWP2sI6SmqEzTC0VDZzs0RXGKu-W4vHz201Ro5M5zwgqusFTtZKEtRKuOstRkC13ziKR6-FlTb3mP6tWKg-XoL_9JvhD3xPhQA8-QyYRJRfJeAdNklxUmfZXOqbxUkR-CcJiLrau4F0t6qYvM1Bq5bMMx9S5IyueE8w2kdH3Qa0EMKrtidPSvhfssaH7ie27lGVzvl9bIhAzRR4N9bsou_3wGi77HzVq3c77tI81-sX9akqVqPR4Z3k1b4qTPMb74QqXAxFnWXeIKWwwZlLZlbDmvh9X8EgUfg,152626546543959,2026-07-24 15:28:00,,,,INTERWEIGHING PVT LTD,32AAFCI1950F1ZZ,3PL Warehouse : C/O LOGIWIZ LOGISTICS INDIA PVT LTD,COCHIN,Kerala,India,683503,8803333444,admin@yesweigh.in,Taxable,99381000000006208,GST18,18.00,Tax Group,,,,,,0.000,,,32-Kerala,business_gst,32AAZFA1454F1ZI,,,,Visakh - Inside kerala,entity_level,KL,15200.00,0.00,Adjustment,,goods,Spreadsheet Template,nos,1900.00,84231000,Sales,,ATM30GRJ,,,,,,,,,,INR 4200.00,,,,,0.000,Cochin,,
2026-07-25,2026-07-25,99381000000035362,,99381000031725958,CN-00242,Open,Accounts Receivable,ACCURATE TRADE LINKS,Harish,"Accurate Trdae Links
Future Centre",Ottukuzhi Road,Trivandrum,Kerala,India,695001,9847141007,,Harish,"Accurate Trdae Links
Future Centre",Ottukuzhi Road,Trivandrum,Kerala,India,9847141007,695001,,NO,NO,99381000000114383,INR,1.00,false,4248.00,4248.00,0.00,,,,0.00,,,,,,,,,0.00,,99381000000098082,Pushed,83a74e5db1bf99dc04fbf20dfd848f920bee2a9b3271df41fa0953843e6c160c,,YES/26-27/1295,2026-07-16,0.000,,,,0.00,,,,,,,,,,,,,,,,true,Price Computing Scale-T,FALSE,0.00,0.0,2.00,"Make: YESWEIGH Model:YSP-20  Max:20kg  e:2g  Min:40g  Class:III
Serial No : YAD79772 - YAD79776
(Product packed in dismantled condition)",648.00,3600.00,,Cochin,9.00,9.00,0.00,0.00,324.00,324.00,0.00,0.00,324.00,324.00,0.00,0.00,Others,,,"{""SellerGstin"":""32AAFCI1950F1ZZ"",""BuyerGstin"":""32AHJPK1741Q1Z4"",""DocNo"":""CN-00242"",""DocTyp"":""CRN"",""DocDt"":""25/07/2026"",""TotInvVal"":4248.0,""ItemCnt"":1,""MainHsnCode"":""84231000"",""Irn"":""83a74e5db1bf99dc04fbf20dfd848f920bee2a9b3271df41fa0953843e6c160c"",""IrnDt"":""2026-07-25 17:02:00""}",eyJhbGciOiJSUzI1NiIsImtpZCI6IkNEMDFBQzJCNkU3MjBDRjBCOUUwNDhGMUNDQkM3NTA5Qzc2NkFGNzgiLCJ4NXQiOiJ6UUdzSzI1eURQQzU0RWp4ekx4MUNjZG1yM2ciLCJ0eXAiOiJKV1QifQ.eyJpc3MiOiJOSUMiLCJkYXRhIjoie1wiU2VsbGVyR3N0aW5cIjpcIjMyQUFGQ0kxOTUwRjFaWlwiLFwiQnV5ZXJHc3RpblwiOlwiMzJBSEpQSzE3NDFRMVo0XCIsXCJEb2NOb1wiOlwiQ04tMDAyNDJcIixcIkRvY1R5cFwiOlwiQ1JOXCIsXCJEb2NEdFwiOlwiMjUvMDcvMjAyNlwiLFwiVG90SW52VmFsXCI6NDI0OC4wLFwiSXRlbUNudFwiOjEsXCJNYWluSHNuQ29kZVwiOlwiODQyMzEwMDBcIixcIklyblwiOlwiODNhNzRlNWRiMWJmOTlkYzA0ZmJmMjBkZmQ4NDhmOTIwYmVlMmE5YjMyNzFkZjQxZmEwOTUzODQzZTZjMTYwY1wiLFwiSXJuRHRcIjpcIjIwMjYtMDctMjUgMTc6MDI6MDBcIn0ifQ.JXAwxO528Ns9O-WFDdV0QqUftjDcMJk70IJYBoPBqm6YVSZJKmRzjeUXNrCXsv8RMUFoo7qmDFMpV4onpDRbhPuhGSsRQaxv8zlnDcVjm632t11rdit9mHsLjsOsk3-UPYJReygVPp0aJ5PeX0qklE85yqab1ynh4h1yvUTpg-C79KDQcEeJkUGtNneA6yguLgKlDJ_sXD0qFiy7u2ik7l70ZC-9ycG_vS0yO_1BU42LtWvmFGqozUjVhPWgZ9vzf51d1HP2ER-XZT0Czfu3pkubDOXapONcmny6sadQ5dmlbBPsW_eQTXEcaKf93k1zGnTxFwuFYZoeWaRaW2yWgg,152626561293604,2026-07-25 17:02:00,,,,INTERWEIGHING PVT LTD,32AAFCI1950F1ZZ,3PL Warehouse : C/O LOGIWIZ LOGISTICS INDIA PVT LTD,COCHIN,Kerala,India,683503,8803333444,admin@yesweigh.in,Taxable,99381000000006208,GST18,18.00,Tax Group,,,,,,0.000,,,32-Kerala,business_gst,32AHJPK1741Q1Z4,,,,Safna(Directors),entity_level,KL,3600.00,0.00,Adjustment,,goods,Spreadsheet Template,nos,1800.00,84231000,Sales,,ATMPCT,,,,,,,,,,INR 4875.00,,,,,0.000,Cochin,,5
