Delivery Challan ID,Challan Date,Delivery Challan Number,Challan Type,Status,Invoice Status,Branch ID,Branch Name,Customer ID,Customer Name,Place of Supply,GST Treatment,GST Identification Number (GSTIN),Is Inclusive Tax,Template Name,Currency Code,Exchange Rate,Discount Type,Is Discount Before Tax,Entity Discount Amount,Entity Discount Percent,Item Name,MRP,Product ID,SKU,Kit Combo Item Name,Account,Item Desc,QuantityOrdered,QuantityInvoiced,Usage unit,Item Price,Discount,Discount Amount,HSN/SAC,Is Tax Calculated on Label Price,Warehouse Name,Supply Type,Tax ID,Item Tax,Item Tax %,Item Tax Amount,Item Tax Type,Item Tax Authority,Item Tax Exemption Reason,Item Type,Loaction,Item Total,SubTotal,Total,Item.CF.No of pcs in Master carton,CF.Dispatched Through,CF.Tracking No,CF.Send By
99381000000116760,2019-07-05,DC-00002,Job Work,Delivered,Not Invoiced,99381000000098082,Cochin,99381000000116741,Aboo Shakir,KA,business_none,,false,Spreadsheet,INR,1.00,entity_level,true,0.000,0.00,Floor scale 1T 5mm 1000x1000 mm,,99381000000035236,PLT1000,,Sales,"1000x100mm, 5mm thickness
Color Silver Gray",1.00,0.00,nos,11500.00,0.00,0.0,84239020,FALSE,Cochin,Taxable,99381000000006196,IGST18,18.000000,2070.00,ItemAmount,INTD,,goods,,11500.00,27700.00,32686.00,,,,
99381000000116760,2019-07-05,DC-00002,Job Work,Delivered,Not Invoiced,99381000000098082,Cochin,99381000000116741,Aboo Shakir,KA,business_none,,false,Spreadsheet,INR,1.00,entity_level,true,0.000,0.00,"Weighing scale ECS , Cash register with Print",,99381000000011617,ECS5W,,Sales,"Model no : YS 30
Max: 30 Kg E: 5g Min : 100g Class III",1.00,0.00,nos,14500.00,0.00,0.0,84231000,FALSE,Cochin,Taxable,99381000000006196,IGST18,18.000000,2610.00,ItemAmount,INTD,,goods,,14500.00,27700.00,32686.00,,,,
99381000000116760,2019-07-05,DC-00002,Job Work,Delivered,Not Invoiced,99381000000098082,Cochin,99381000000116741,Aboo Shakir,KA,business_none,,false,Spreadsheet,INR,1.00,entity_level,true,0.000,0.00,Price Computing scale,,99381000000016031,ATMPC,,Sales,"Model no : YS 30
Max: 30 Kg E: 5g Min : 100g Class III",1.00,0.00,nos,1700.00,0.00,0.0,84231000,FALSE,Cochin,Taxable,99381000000006196,IGST18,18.000000,306.00,ItemAmount,INTD,,goods,,1700.00,27700.00,32686.00,,,,
99381000000116807,2019-07-05,DC-00003,Job Work,Delivered,Not Invoiced,99381000000098082,Cochin,99381000000116788,Interweighing Pvt Ltd,KL,business_gst,32AAFCI1950F1ZZ,false,Spreadsheet,INR,1.00,entity_level,true,0.000,0.00,Price Computing scale,,99381000000016031,ATMPC,,Sales,"Model no : YS 30
Max: 30 Kg E: 5g Min : 100g Class III",1.00,0.00,nos,1700.00,0.00,0.0,84231000,FALSE,Cochin,Taxable,99381000000006208,GST18,18.000000,306.00,Tax Group,,,goods,,1700.00,18150.00,21417.00,,,,
99381000000116807,2019-07-05,DC-00003,Job Work,Delivered,Not Invoiced,99381000000098082,Cochin,99381000000116788,Interweighing Pvt Ltd,KL,business_gst,32AAFCI1950F1ZZ,false,Spreadsheet,INR,1.00,entity_level,true,0.000,0.00,"Weighing scale ECS , Cash register with Print",,99381000000011617,ECS5W,,Sales,"Model no : YS 30
Max: 30 Kg E: 5g Min : 100g Class III",1.00,0.00,nos,14500.00,0.00,0.0,84231000,FALSE,Cochin,Taxable,99381000000006208,GST18,18.000000,2610.00,Tax Group,,,goods,,14500.00,18150.00,21417.00,,,,
99381000000116807,2019-07-05,DC-00003,Job Work,Delivered,Not Invoiced,99381000000098082,Cochin,99381000000116788,Interweighing Pvt Ltd,KL,business_gst,32AAFCI1950F1ZZ,false,Spreadsheet,INR,1.00,entity_level,true,0.000,0.00,Platform scale BN 3034,,99381000000016068,BENCHPC,,Sales,"Model no : YS 50 C
Max: 50 Kg E: 5g Min : 100g Class III",1.00,0.00,nos,1950.00,0.00,0.0,84231000,FALSE,Cochin,Taxable,99381000000006208,GST18,18.000000,351.00,Tax Group,,,goods,,1950.00,18150.00,21417.00,,,,
99381000000205199,2019-08-19,DC-00005,Job Work,Open,Not Invoiced,99381000000098082,Cochin,99381000000116788,Interweighing Pvt Ltd,KL,business_gst,32AAFCI1950F1ZZ,false,Spreadsheet,INR,1.00,entity_level,true,0.000,0.00,ECS with Printer,,99381000000011617,ECS5W,,Sales,Make: GMS  Model: GPC-30   Max:30kg  e:5g  Min:100g  Class:III,2.00,0.00,nos,14500.00,0.00,0.0,84231000,FALSE,Cochin,Taxable,99381000000006208,GST18,18.000000,5220.00,Tax Group,,,goods,,29000.00,29000.00,34220.00,,,,
99381000000208361,2019-08-20,DC-00006,Job Work,Open,Not Invoiced,99381000000098082,Cochin,99381000000116788,Interweighing Pvt Ltd,KL,business_gst,32AAFCI1950F1ZZ,false,Spreadsheet,INR,1.00,entity_level,true,0.000,0.00,Label Printing scale,,99381000000194633,Q8LBL,,Sales,Make: GMS  Model: GPC-30   Max:30kg  e:5g  Min:100g  Class:III,1.00,0.00,nos,16500.00,0.00,0.0,84231000,FALSE,Cochin,Taxable,99381000000006208,GST18,18.000000,2970.00,Tax Group,,,goods,,16500.00,16500.00,19470.00,,,,
99381000000238119,2019-09-04,DC-00004,Supply on Approval,Delivered,Invoiced,99381000000098082,Cochin,99381000000084733,ELMASS SYSTEMS & SERVICES,KL,business_gst,32AACFE8918M1Z7,false,Spreadsheet,INR,1.00,entity_level,true,0.000,0.00,Floor Scale 1.2mx1.2m,,99381000000035245,PLT1200,,Sales,"Make: SIFANG Model: TCS-1000
Max: 1000 Kg e: 100 gMin: 2 Kg 
Class : III",1.00,1.00,nos,0.00,0.00,0.0,84239020,FALSE,Cochin,Taxable,99381000000006208,GST18,18.000000,0.00,Tax Group,,,goods,,0.00,0.00,0.00,,,,
99381000000278671,2019-09-25,DC-00007,others,Draft,,99381000000098082,Cochin,99381000000011771,METRO ENTERPRISES,KL,business_gst,32BMVPM8572R2ZS,false,Spreadsheet,INR,1.00,entity_level,true,0.000,0.00,Platform scale,,99381000000016068,BENCHPC,,Sales,Make: SIFANG  Model: TCS-50   Max:50kg  e:5g  Min:100g  Class:III,2.00,0.00,nos,0.00,0.00,0.0,84231000,FALSE,Cochin,Taxable,99381000000006208,GST18,18.000000,0.00,Tax Group,,,goods,,0.00,0.00,0.00,,,,
99381000000278671,2019-09-25,DC-00007,others,Draft,,99381000000098082,Cochin,99381000000011771,METRO ENTERPRISES,KL,business_gst,32BMVPM8572R2ZS,false,Spreadsheet,INR,1.00,entity_level,true,0.000,0.00,Price Computing scale,,99381000000016031,ATMPC,,Sales,Make: GMS  Model: GPC-20   Max:20kg  e:2g  Min:40g  Class:III,3.00,0.00,nos,0.00,0.00,0.0,84231000,FALSE,Cochin,Taxable,99381000000006208,GST18,18.000000,0.00,Tax Group,,,goods,,0.00,0.00,0.00,,,,
99381000000278695,2019-09-25,DC-00008,others,Draft,,99381000000098082,Cochin,99381000000161200,GK electronics,KL,business_gst,32CPSPM4266B1ZV,false,Spreadsheet,INR,1.00,entity_level,true,0.000,0.00,Price Computing scale,,99381000000016031,ATMPC,,Sales,"Make: GMS  Model: GPC-20   Max:20kg  e:2g  Min:40g  Class:III
",5.00,0.00,nos,0.00,0.00,0.0,84231000,FALSE,Cochin,Taxable,99381000000006208,GST18,18.000000,0.00,Tax Group,,,goods,,0.00,0.00,0.00,,,,
99381000000279083,2019-09-26,DC-00009,others,Draft,,99381000000098082,Cochin,99381000000136578,DIGITAL SCALE,KL,business_gst,32AOLPN0287R2ZA,false,Spreadsheet,INR,1.00,entity_level,true,0.000,0.00,,,,,,Sales,"ATM PC & BENCH PC
CONTROLLER BOARD (CX-1.02-V1)",5.00,0.00,,0.00,0.00,0.0,,FALSE,,Taxable,99381000000006208,GST18,18.000000,0.00,Tax Group,,,service,,0.00,0.00,0.00,,,,
99381000000282006,2019-09-27,DC-00010,others,Draft,,99381000000098082,Cochin,99381000000136578,DIGITAL SCALE,KL,business_gst,32AOLPN0287R2ZA,false,Spreadsheet,INR,1.00,entity_level,true,0.000,0.00,,,,,,Sales,ATM PC PUSH BUTTON KEY PAD,1.00,0.00,,0.00,0.00,0.0,,FALSE,,Taxable,99381000000006208,GST18,18.000000,0.00,Tax Group,,,service,,0.00,0.00,0.00,,,,
99381000000282006,2019-09-27,DC-00010,others,Draft,,99381000000098082,Cochin,99381000000136578,DIGITAL SCALE,KL,business_gst,32AOLPN0287R2ZA,false,Spreadsheet,INR,1.00,entity_level,true,0.000,0.00,,,,,,Sales,LOAD CELL 40 KG,1.00,0.00,,0.00,0.00,0.0,,FALSE,,Taxable,99381000000006208,GST18,18.000000,0.00,Tax Group,,,service,,0.00,0.00,0.00,,,,
99381000000297001,2019-10-09,DC-00011,others,Open,Invoiced,99381000000098082,Cochin,99381000000151001,Dynamic Enterprises,KL,business_gst,32ATJPS7075B1ZN,false,Spreadsheet,INR,1.00,entity_level,true,0.000,0.00,ECS with Printer,,99381000000011617,ECS5W,,Sales,Make: GMS  Model: GPC-30   Max:30kg  e:5g  Min:100g  Class:III,6.00,6.00,nos,12500.00,0.00,0.0,84231000,FALSE,Cochin,Taxable,99381000000006208,GST18,18.000000,13500.00,Tax Group,,,goods,,75000.00,75000.00,88500.00,,,,
99381000000309666,2019-10-15,DC-00012,others,Draft,,99381000000098082,Cochin,99381000000309644,UNITED MARKETING AND SERVICES,KL,business_gst,32ADRPR5049Q1ZO,false,Spreadsheet,INR,1.00,entity_level,true,0.000,0.00,Shear Beam Loadcell 1000 kg,,99381000000309273,SBLI10,,Sales,,4.00,0.00,nos,0.00,0.00,0.0,9031,FALSE,Cochin,Taxable,99381000000006208,GST18,18.000000,0.00,Tax Group,,,goods,,0.00,0.00,0.00,,,,
99381000000319597,2019-10-18,DC-00013,others,Open,Not Invoiced,99381000000098082,Cochin,99381000000084733,ELMASS SYSTEMS & SERVICES,KL,business_gst,32AACFE8918M1Z7,false,Spreadsheet,INR,1.00,entity_level,true,0.000,0.00,KEYBOARD,,99381000000306324,ECS811,,Sales,,2.00,0.00,nos,1000.00,0.00,0.0,84239020,FALSE,Cochin,Taxable,99381000000006208,GST18,18.000000,360.00,Tax Group,,,goods,,2000.00,2000.00,2360.00,,,,
99381000000421657,2019-11-29,DC-00015,others,Draft,,99381000000098082,Cochin,99381000000136578,DIGITAL SCALE,KL,business_gst,32AOLPN0287R2ZA,false,Spreadsheet,INR,1.00,entity_level,true,0.000,0.00,DISPLAY SET FRONT,,99381000000306342,ECS808,,Sales,,1.00,0.00,nos,0.00,0.00,0.0,84239020,FALSE,Cochin,Taxable,99381000000006208,GST18,18.000000,0.00,Tax Group,,,goods,,0.00,0.00,0.00,,,,
99381000000421667,2019-11-29,DC-00016,others,Draft,,99381000000098082,Cochin,99381000000231096,Victory Scales,KL,business_gst,32AAAAV1247P1ZC,false,Spreadsheet,INR,1.00,entity_level,true,0.000,0.00,DISPLAY SET FRONT,,99381000000306342,ECS808,,Sales,,5.00,0.00,nos,0.00,0.00,0.0,84239020,FALSE,Cochin,Zero Rated,99381000000006152,GST0,0.000000,0.00,Tax Group,,,goods,,0.00,0.00,0.00,,,,
99381000000461065,2019-12-14,DC-00017,Job Work,Open,Not Invoiced,99381000000098082,Cochin,99381000000112170,MEEZAN ELECTRONIC SCALES PRIVATE LIMITED,KL,business_gst,32AAECM1277C1ZY,false,Spreadsheet,INR,1.00,entity_level,true,0.000,0.00,ECS with Printer,,99381000000011617,ECS5W,,Sales,Make: GMS  Model: GPC-30   Max:30kg  e:5g  Min:100g  Class:III,1.00,0.00,nos,14500.00,0.00,0.0,84231000,FALSE,Cochin,Taxable,99381000000006208,GST18,18.000000,2610.00,Tax Group,,,goods,,14500.00,14500.00,17110.00,,,,
99381000000483622,2019-12-23,DC-00018,others,Draft,,99381000000098082,Cochin,99381000000116788,Interweighing Pvt Ltd,KL,business_gst,32AAFCI1950F1ZZ,false,Spreadsheet,INR,1.00,entity_level,true,0.000,0.00,Label Printing scale,,99381000000194633,Q8LBL,,Sales,Make: GMS  Model: GPC-30   Max:30kg  e:5g  Min:100g  Class:III,2.00,0.00,nos,16500.00,0.00,0.0,84231000,FALSE,Cochin,Taxable,99381000000006208,GST18,18.000000,5940.00,Tax Group,,,goods,,33000.00,33000.00,38940.00,,,,
99381000000486472,2019-12-26,DC-00019,others,Draft,,99381000000098082,Cochin,99381000000151001,Dynamic Enterprises,KL,business_gst,32ATJPS7075B1ZN,false,Spreadsheet,INR,1.00,entity_level,true,0.000,0.00,DISPLAY SET FRONT,,99381000000306342,ECS808,,Sales,,1.00,0.00,nos,0.00,0.00,0.0,84239020,FALSE,Cochin,Taxable,99381000000006208,GST18,18.000000,0.00,Tax Group,,,goods,,0.00,0.00,0.00,,,,
99381000000499441,2019-12-30,DC-00020,others,Draft,,99381000000098082,Cochin,99381000000014010,SOUTHERN SCALE SERVICES,KL,business_gst,32AANFS5802P1ZR,false,Spreadsheet,INR,1.00,entity_level,true,0.000,0.00,PRINTER,,99381000000306297,ECS814,,Sales,,1.00,0.00,nos,0.00,0.00,0.0,84239020,FALSE,Cochin,Taxable,99381000000006208,GST18,18.000000,0.00,Tax Group,,,goods,,0.00,0.00,0.00,,,,
99381000000497382,2019-12-30,DC-00021,others,Draft,,99381000000098082,Cochin,99381000000116788,Interweighing Pvt Ltd,KL,business_gst,32AAFCI1950F1ZZ,false,Spreadsheet,INR,1.00,entity_level,true,0.000,0.00,ECS with Printer,,99381000000011617,ECS5W,,Sales,Make: GMS  Model: GPC-30   Max:30kg  e:5g  Min:100g  Class:III,4.00,0.00,nos,0.00,0.00,0.0,84231000,FALSE,Cochin,Taxable,99381000000006208,GST18,18.000000,0.00,Tax Group,,,goods,,0.00,0.00,0.00,,,,
99381000000497382,2019-12-30,DC-00021,others,Draft,,99381000000098082,Cochin,99381000000116788,Interweighing Pvt Ltd,KL,business_gst,32AAFCI1950F1ZZ,false,Spreadsheet,INR,1.00,entity_level,true,0.000,0.00,Electronic cash register,,99381000000194004,ECR,,Sales,,2.00,0.00,nos,0.00,0.00,0.0,84701000,FALSE,Cochin,Taxable,99381000000006208,GST18,18.000000,0.00,Tax Group,,,goods,,0.00,0.00,0.00,,,,
99381000000497382,2019-12-30,DC-00021,others,Draft,,99381000000098082,Cochin,99381000000116788,Interweighing Pvt Ltd,KL,business_gst,32AAFCI1950F1ZZ,false,Spreadsheet,INR,1.00,entity_level,true,0.000,0.00,ECS 12  4W Printing scale,,99381000000343190,ECS4W,,Sales,Make: GMS  Model: GPC-30   Max:30kg  e:5g  Min:100g  Class:III,2.00,0.00,nos,0.00,0.00,0.0,84231000,FALSE,Cochin,Taxable,99381000000006208,GST18,18.000000,0.00,Tax Group,,,goods,,0.00,0.00,0.00,,,,
99381000000501223,2020-01-02,DC-00022,others,Draft,,99381000000098082,Cochin,99381000000151001,Dynamic Enterprises,KL,business_gst,32ATJPS7075B1ZN,false,Spreadsheet,INR,1.00,entity_level,true,0.000,0.00,SMPS 7V,,99381000000306148,ECS817,,Sales,,1.00,0.00,nos,0.00,0.00,0.0,84239020,FALSE,Cochin,Taxable,99381000000006208,GST18,18.000000,0.00,Tax Group,,,goods,,0.00,0.00,0.00,,,,
99381000000505993,2020-01-04,DC-00023,others,Draft,,99381000000098082,Cochin,99381000000112170,MEEZAN ELECTRONIC SCALES PRIVATE LIMITED,KL,business_gst,32AAECM1277C1ZY,false,Spreadsheet,INR,1.00,entity_level,true,0.000,0.00,,,,,,Sales,SPARES BOX 1 OF 4,1.00,0.00,,0.00,0.00,0.0,,FALSE,,Taxable,99381000000006208,GST18,18.000000,0.00,Tax Group,,,service,,0.00,0.00,0.00,,,,
99381000000509003,2020-01-04,DC-00024,others,Draft,,99381000000098082,Cochin,99381000000116788,Interweighing Pvt Ltd,KL,business_gst,32AAFCI1950F1ZZ,false,Spreadsheet,INR,1.00,entity_level,true,0.000,0.00,,,,,,Sales,SPARES BOX,3.00,0.00,,0.00,0.00,0.0,,FALSE,,Taxable,99381000000006208,GST18,18.000000,0.00,Tax Group,,,service,,0.00,0.00,0.00,,,,
99381000000525559,2020-01-13,DC-00025,others,Draft,,99381000000098082,Cochin,99381000000014461,MASS TECHNOLOGY,KL,business_gst,32ATZPV7500Q1ZN,false,Spreadsheet,INR,1.00,entity_level,true,0.000,0.00,Platform scale,,99381000000016068,BENCHPC,,Sales,Make: SIFANG  Model: TCS-50   Max:50kg  e:5g  Min:100g  Class:III,1.00,0.00,nos,1950.00,0.00,0.0,84231000,FALSE,Cochin,Taxable,99381000000006208,GST18,18.000000,351.00,Tax Group,,,goods,,1950.00,4875.00,5752.50,,,,
99381000000525559,2020-01-13,DC-00025,others,Draft,,99381000000098082,Cochin,99381000000014461,MASS TECHNOLOGY,KL,business_gst,32ATZPV7500Q1ZN,false,Spreadsheet,INR,1.00,entity_level,true,0.000,0.00,Price Computing Scale-T,,99381000000035362,ATMPCT,,Sales,Make: GMS  Model: GPC-20   Max:20kg  e:2g  Min:40g  Class:III,1.00,0.00,nos,1950.00,0.00,0.0,84231000,FALSE,Cochin,Taxable,99381000000006208,GST18,18.000000,351.00,Tax Group,,,goods,,1950.00,4875.00,5752.50,,,,
99381000000525559,2020-01-13,DC-00025,others,Draft,,99381000000098082,Cochin,99381000000014461,MASS TECHNOLOGY,KL,business_gst,32ATZPV7500Q1ZN,false,Spreadsheet,INR,1.00,entity_level,true,0.000,0.00,Table Top Scale 220x170 ABS(20/2),,99381000000349058,CH4VSF,,Sales,"Model: Chottu
Max :20kg e:2gm Min: 40g Class III",1.00,0.00,nos,975.00,0.00,0.0,8423,FALSE,Cochin,Taxable,99381000000006208,GST18,18.000000,175.50,Tax Group,,,goods,,975.00,4875.00,5752.50,,,,
99381000000525735,2020-01-13,DC-00026,others,Draft,,99381000000098082,Cochin,99381000000116788,Interweighing Pvt Ltd,KL,business_gst,32AAFCI1950F1ZZ,false,Spreadsheet,INR,1.00,entity_level,true,0.000,0.00,Cash Box,,99381000000343208,ECSCD,,Sales,,1.00,0.00,nos,1710.00,0.00,0.0,84231000,FALSE,Cochin,Zero Rated,99381000000006152,GST0,0.000000,0.00,Tax Group,,,goods,,1710.00,44630.00,44630.00,,,,
99381000000525735,2020-01-13,DC-00026,others,Draft,,99381000000098082,Cochin,99381000000116788,Interweighing Pvt Ltd,KL,business_gst,32AAFCI1950F1ZZ,false,Spreadsheet,INR,1.00,entity_level,true,0.000,0.00,CCM  - Value Counting Machine,,99381000000302452,AL66,,Sales,,1.00,0.00,nos,5000.00,0.00,0.0,84729090,FALSE,Cochin,Zero Rated,99381000000006152,GST0,0.000000,0.00,Tax Group,,,goods,,5000.00,44630.00,44630.00,,,,
99381000000525735,2020-01-13,DC-00026,others,Draft,,99381000000098082,Cochin,99381000000116788,Interweighing Pvt Ltd,KL,business_gst,32AAFCI1950F1ZZ,false,Spreadsheet,INR,1.00,entity_level,true,0.000,0.00,Price Computing Scale-T,,99381000000035362,ATMPCT,,Sales,Make: GMS  Model: GPC-20   Max:20kg  e:2g  Min:40g  Class:III,1.00,0.00,nos,1300.00,0.00,0.0,84231000,FALSE,Cochin,Zero Rated,99381000000006152,GST0,0.000000,0.00,Tax Group,,,goods,,1300.00,44630.00,44630.00,,,,
99381000000525735,2020-01-13,DC-00026,others,Draft,,99381000000098082,Cochin,99381000000116788,Interweighing Pvt Ltd,KL,business_gst,32AAFCI1950F1ZZ,false,Spreadsheet,INR,1.00,entity_level,true,0.000,0.00,Table Top Scale 220x170 ABS (10/1),,99381000000349067,TTSS22,,Sales,"Model: Chottu
Max :10kg e:1gm Min: 40g Class III",1.00,0.00,nos,920.00,0.00,0.0,8423,FALSE,Cochin,Zero Rated,99381000000006152,GST0,0.000000,0.00,Tax Group,,,goods,,920.00,44630.00,44630.00,,,,
99381000000525735,2020-01-13,DC-00026,others,Draft,,99381000000098082,Cochin,99381000000116788,Interweighing Pvt Ltd,KL,business_gst,32AAFCI1950F1ZZ,false,Spreadsheet,INR,1.00,entity_level,true,0.000,0.00,Analytical Balance 220g/1 mg,,99381000000205935,BSM2203,,Sales,,1.00,0.00,nos,5000.00,0.00,0.0,84231000,FALSE,Cochin,Zero Rated,99381000000006152,GST0,0.000000,0.00,Tax Group,,,goods,,5000.00,44630.00,44630.00,,,,
99381000000525735,2020-01-13,DC-00026,others,Draft,,99381000000098082,Cochin,99381000000116788,Interweighing Pvt Ltd,KL,business_gst,32AAFCI1950F1ZZ,false,Spreadsheet,INR,1.00,entity_level,true,0.000,0.00,Analytical Balance 220g /0.1mg,,99381000000205926,BSM2204,,Sales,,1.00,0.00,nos,12500.00,0.00,0.0,84231000,FALSE,Cochin,Zero Rated,99381000000006152,GST0,0.000000,0.00,Tax Group,,,goods,,12500.00,44630.00,44630.00,,,,
99381000000525735,2020-01-13,DC-00026,others,Draft,,99381000000098082,Cochin,99381000000116788,Interweighing Pvt Ltd,KL,business_gst,32AAFCI1950F1ZZ,false,Spreadsheet,INR,1.00,entity_level,true,0.000,0.00,Platform Weighing Scale 500kg/50g,,99381000000326166,PF4560,,Sales,Make : SIFANG Model: TCS - 300 Max: 300 kg e: 50gm Min:1kg Class III,1.00,0.00,nos,2700.00,0.00,0.0,8423,FALSE,Cochin,Zero Rated,99381000000006152,GST0,0.000000,0.00,Tax Group,,,goods,,2700.00,44630.00,44630.00,,,,
99381000000525735,2020-01-13,DC-00026,others,Draft,,99381000000098082,Cochin,99381000000116788,Interweighing Pvt Ltd,KL,business_gst,32AAFCI1950F1ZZ,false,Spreadsheet,INR,1.00,entity_level,true,0.000,0.00,Platform Weighing Scale 300kgx20g,,99381000000326157,PFPC400X500SS,,Sales,"Make: SIFANG Model : TCS-200
Max : 200kg e: 20g Min :400gm Class: III
",1.00,0.00,nos,2300.00,0.00,0.0,8423,FALSE,Cochin,Zero Rated,99381000000006152,GST0,0.000000,0.00,Tax Group,,,goods,,2300.00,44630.00,44630.00,,,,
99381000000525735,2020-01-13,DC-00026,others,Draft,,99381000000098082,Cochin,99381000000116788,Interweighing Pvt Ltd,KL,business_gst,32AAFCI1950F1ZZ,false,Spreadsheet,INR,1.00,entity_level,true,0.000,0.00,Platform Weighing Scale 500kgx50g,,99381000000326175,PF60MS,,Sales,Make : SIFANG Model: TCS - 500 Max: 500 kg e: 50gm Min:1kg Class III,1.00,0.00,nos,2700.00,0.00,0.0,8423,FALSE,Cochin,Zero Rated,99381000000006152,GST0,0.000000,0.00,Tax Group,,,goods,,2700.00,44630.00,44630.00,,,,
99381000000525735,2020-01-13,DC-00026,others,Draft,,99381000000098082,Cochin,99381000000116788,Interweighing Pvt Ltd,KL,business_gst,32AAFCI1950F1ZZ,false,Spreadsheet,INR,1.00,entity_level,true,0.000,0.00,ECS Indicator,,99381000000343199,ECSIND,,Sales,,1.00,0.00,nos,10500.00,0.00,0.0,84231000,FALSE,Cochin,Zero Rated,99381000000006152,GST0,0.000000,0.00,Tax Group,,,goods,,10500.00,44630.00,44630.00,,,,
99381000000542001,2020-01-17,DC-00027,others,Draft,,99381000000098082,Cochin,99381000000014461,MASS TECHNOLOGY,KL,business_gst,32ATZPV7500Q1ZN,false,Spreadsheet,INR,1.00,entity_level,true,0.000,0.00,ATM PUSH BUTTON KEY PCB (ACS-189-AJ-V21),,99381000000313040,APC202,,Sales,,1.00,0.00,nos,0.00,0.00,0.0,84239020,FALSE,Cochin,Taxable,99381000000006208,GST18,18.000000,0.00,Tax Group,,,goods,,0.00,0.00,0.00,,,,
99381000000542446,2020-01-17,DC-00028,Job Work,Draft,,99381000000098082,Cochin,99381000000309611,KRAUS INSTRUMENTS,KL,business_gst,32AASFK0676Q1ZM,false,Spreadsheet,INR,1.00,entity_level,true,0.000,0.00,MOTHER BOARD,,99381000000306276,ECS815,,Sales,,1.00,0.00,pcs,7500.00,0.00,0.0,84239020,FALSE,Cochin,Taxable,99381000000006208,GST18,18.000000,1350.00,Tax Group,,,goods,,7500.00,7500.00,8850.00,,,,
99381000000550972,2020-01-20,DC-00029,others,Draft,,99381000000098082,Cochin,99381000000154574,TAKYON SYSTEMS,KL,business_gst,32AANFT0176D1ZE,false,Spreadsheet,INR,1.00,entity_level,true,0.000,0.00,DISPLAY BACK,,99381000000306351,ECS809,,Sales,,1.00,0.00,nos,0.00,0.00,0.0,84239020,FALSE,Cochin,Taxable,99381000000006208,GST18,18.000000,0.00,Tax Group,,,goods,,0.00,0.00,0.00,,,,
99381000000557278,2020-01-21,DC-00030,others,Draft,,99381000000098082,Cochin,99381000000114383,ACCURATE TRADE LINKS,KL,business_gst,32AHJPK1741Q1Z4,false,Spreadsheet,INR,1.00,entity_level,true,0.000,0.00,Touch Keypad ATM PC Touch,,99381000000542306,TPC302,,Sales,,4.00,0.00,pcs,0.00,0.00,0.0,84239020,FALSE,Cochin,Taxable,99381000000006208,GST18,18.000000,0.00,Tax Group,,,goods,,0.00,0.00,0.00,,,,
99381000000557294,2020-01-21,DC-00031,others,Draft,,99381000000098082,Cochin,99381000000309611,KRAUS INSTRUMENTS,KL,business_gst,32AASFK0676Q1ZM,false,Spreadsheet,INR,1.00,entity_level,true,0.000,0.00,MOTHER BOARD,,99381000000306276,ECS815,,Sales,,1.00,0.00,pcs,0.00,0.00,0.0,84239020,FALSE,Cochin,Taxable,99381000000006208,GST18,18.000000,0.00,Tax Group,,,goods,,0.00,0.00,0.00,,,,
99381000000573680,2020-01-24,DC-00032,others,Draft,,99381000000098082,Cochin,99381000000154574,TAKYON SYSTEMS,KL,business_gst,32AANFT0176D1ZE,false,Spreadsheet,INR,1.00,entity_level,true,0.000,0.00,MOTHER BOARD,,99381000000306276,ECS815,,Sales,,1.00,0.00,pcs,0.00,0.00,0.0,84239020,FALSE,Cochin,Taxable,99381000000006208,GST18,18.000000,0.00,Tax Group,,,goods,,0.00,0.00,0.00,,,,
99381000000590177,2020-01-28,DC-00033,others,Draft,,99381000000098082,Cochin,99381000000102001,TRANSWORLD SCALES SERVICES,KL,business_gst,32AWCPS0193C1ZX,false,Spreadsheet,INR,1.00,entity_level,true,0.000,0.00,PRINTER,,99381000000306297,ECS814,,Sales,,1.00,0.00,nos,0.00,0.00,0.0,84239020,FALSE,Cochin,Taxable,99381000000006208,GST18,18.000000,0.00,Tax Group,,,goods,,0.00,0.00,0.00,,,,
99381000000590225,2020-01-28,DC-00034,others,Delivered,Not Invoiced,99381000000098082,Cochin,99381000000014461,MASS TECHNOLOGY,KL,business_gst,32ATZPV7500Q1ZN,false,Spreadsheet,INR,1.00,entity_level,true,0.000,0.00,Load Cell 70kg Bench PC,,99381000000542215,BPC113,,Sales,,1.00,0.00,pcs,0.00,0.00,0.0,84239020,FALSE,Cochin,Taxable,99381000000006208,GST18,18.000000,0.00,Tax Group,,,goods,,0.00,0.00,0.00,,,,
99381000000590225,2020-01-28,DC-00034,others,Delivered,Not Invoiced,99381000000098082,Cochin,99381000000014461,MASS TECHNOLOGY,KL,business_gst,32ATZPV7500Q1ZN,false,Spreadsheet,INR,1.00,entity_level,true,0.000,0.00,Front Display Board Bench PC,,99381000000542197,BPC111,,Sales,,1.00,0.00,pcs,0.00,0.00,0.0,84239020,FALSE,Cochin,Taxable,99381000000006208,GST18,18.000000,0.00,Tax Group,,,goods,,0.00,0.00,0.00,,,,
99381000000603860,2020-01-31,DC-00035,others,Draft,,99381000000098082,Cochin,99381000000126001,YELLOW SCALES,KL,business_gst,32CPDPS6051P1ZG,false,Spreadsheet,INR,1.00,entity_level,true,0.000,0.00,DISPLAY SET FRONT,,99381000000306342,ECS808,,Sales,,1.00,0.00,nos,0.00,0.00,0.0,84239020,FALSE,Cochin,Taxable,99381000000006208,GST18,18.000000,0.00,Tax Group,,,goods,,0.00,0.00,0.00,,,,
99381000000663082,2020-02-20,DC-00036,others,Draft,,99381000000098082,Cochin,99381000000084733,ELMASS SYSTEMS & SERVICES,KL,business_gst,32AACFE8918M1Z7,false,Spreadsheet,INR,1.00,entity_level,true,0.000,0.00,Analytical Balance 220g/1 mg,,99381000000205935,BSM2203,,Sales,"Make : YES WEIGH Model : YSJ 50
",1.00,0.00,nos,7400.00,0.00,0.0,84231000,FALSE,Cochin,Taxable,99381000000006208,GST18,18.000000,1332.00,Tax Group,,,goods,,7400.00,7400.00,8732.00,,,,
99381000000690842,2020-02-26,DC-00037,others,Draft,,99381000000098082,Cochin,99381000000014794,ALUVA SCALES INC,KL,business_gst,32AAWFA5290Q1ZO,false,Spreadsheet,INR,1.00,entity_level,true,0.000,0.00,DISPLAY SET FRONT,,99381000000306342,ECS808,,Sales,,1.00,0.00,nos,0.00,0.00,0.0,84239020,FALSE,Cochin,Taxable,99381000000006208,GST18,18.000000,0.00,Tax Group,,,goods,,0.00,0.00,0.00,,,,
99381000000691238,2020-02-27,DC-00038,others,Draft,,99381000000098082,Cochin,99381000000136578,DIGITAL SCALE,KL,business_gst,32AOLPN0287R2ZA,false,Spreadsheet,INR,1.00,entity_level,true,0.000,0.00,Load Cell 40kg,,99381000000542288,APC208,,Sales,,1.00,0.00,pcs,0.00,0.00,0.0,84239020,FALSE,Cochin,Taxable,99381000000260052,GST18 & KFC,19.000000,0.00,Tax Group,,,goods,,0.00,0.00,0.00,,,,
99381000000691238,2020-02-27,DC-00038,others,Draft,,99381000000098082,Cochin,99381000000136578,DIGITAL SCALE,KL,business_gst,32AOLPN0287R2ZA,false,Spreadsheet,INR,1.00,entity_level,true,0.000,0.00,MOTHER BOARD ATM/BENCH PC,,99381000000313080,BPC114,,Sales,,1.00,0.00,nos,0.00,0.00,0.0,84239020,FALSE,Cochin,Taxable,99381000000260052,GST18 & KFC,19.000000,0.00,Tax Group,,,goods,,0.00,0.00,0.00,,,,
99381000000691238,2020-02-27,DC-00038,others,Draft,,99381000000098082,Cochin,99381000000136578,DIGITAL SCALE,KL,business_gst,32AOLPN0287R2ZA,false,Spreadsheet,INR,1.00,entity_level,true,0.000,0.00,ATM PC / BENCH PC BATTERY 4V  4.5AH,,99381000000691252,APC209,,Sales,,3.00,0.00,nos,0.00,0.00,0.0,85068090,FALSE,Cochin,Taxable,99381000000260052,GST18 & KFC,19.000000,0.00,Tax Group,,,goods,,0.00,0.00,0.00,,,,
99381000000691298,2020-02-27,DC-00039,Job Work,Draft,,99381000000098082,Cochin,99381000000116788,Interweighing Pvt Ltd,KL,business_gst,32AAFCI1950F1ZZ,false,Spreadsheet,INR,1.00,entity_level,true,0.000,0.00,ECS with Printer,,99381000000011617,ECS5W,,Sales,Make:YESWEIGH  Model:YS-30   Max:30kg  e:5g  Min:100g  Class:III,1.00,0.00,nos,10500.00,0.00,0.0,84231000,FALSE,Cochin,Taxable,99381000000006208,GST18,18.000000,1890.00,Tax Group,,,goods,,10500.00,39250.00,46315.00,,,,
99381000000691298,2020-02-27,DC-00039,Job Work,Draft,,99381000000098082,Cochin,99381000000116788,Interweighing Pvt Ltd,KL,business_gst,32AAFCI1950F1ZZ,false,Spreadsheet,INR,1.00,entity_level,true,0.000,0.00,Label Printing scale,,99381000000194633,Q8LBL,,Sales,Make:YESWEIGH  Model:YS-30   Max:30kg  e:5g  Min:100g  Class:III,1.00,0.00,nos,16500.00,0.00,0.0,84231000,FALSE,Cochin,Taxable,99381000000006208,GST18,18.000000,2970.00,Tax Group,,,goods,,16500.00,39250.00,46315.00,,,,
99381000000691298,2020-02-27,DC-00039,Job Work,Draft,,99381000000098082,Cochin,99381000000116788,Interweighing Pvt Ltd,KL,business_gst,32AAFCI1950F1ZZ,false,Spreadsheet,INR,1.00,entity_level,true,0.000,0.00,ECS Indicator,,99381000000343199,ECSIND,,Sales,,1.00,0.00,nos,10500.00,0.00,0.0,84231000,FALSE,Cochin,Taxable,99381000000006208,GST18,18.000000,1890.00,Tax Group,,,goods,,10500.00,39250.00,46315.00,,,,
99381000000691298,2020-02-27,DC-00039,Job Work,Draft,,99381000000098082,Cochin,99381000000116788,Interweighing Pvt Ltd,KL,business_gst,32AAFCI1950F1ZZ,false,Spreadsheet,INR,1.00,entity_level,true,0.000,0.00,BARCODE SCANNER PT - 198,,99381000000220093,PT198,,Sales,"1D Barcode scanner 
RS232 Serial Port ",1.00,0.00,nos,1750.00,0.00,0.0,84716050,FALSE,Cochin,Taxable,99381000000006208,GST18,18.000000,315.00,Tax Group,,,goods,,1750.00,39250.00,46315.00,,,,
99381000000691570,2020-02-27,DC-00040,others,Draft,,99381000000098082,Cochin,99381000000102001,TRANSWORLD SCALES SERVICES,KL,business_gst,32AWCPS0193C1ZX,false,Spreadsheet,INR,1.00,entity_level,true,0.000,0.00,Cash Box,,99381000000343208,ECSCD,,Sales,,1.00,0.00,nos,0.00,0.00,0.0,84231000,FALSE,Cochin,Taxable,99381000000006208,GST18,18.000000,0.00,Tax Group,,,goods,,0.00,0.00,0.00,,,,
99381000000691630,2020-02-28,DC-00041,others,Draft,,99381000000098082,Cochin,99381000000231096,Victory Scales,KL,business_gst,32AAAAV1247P1ZC,false,Spreadsheet,INR,1.00,entity_level,true,0.000,0.00,Price Computing scale,,99381000000016031,ATMPC,,Sales,Make: YESWEIGH  Model:YSP-30   Max:20kg  e:2g  Min:40g  Class:III,1.00,0.00,nos,0.00,0.00,0.0,84231000,FALSE,Cochin,Taxable,99381000000006208,GST18,18.000000,0.00,Tax Group,,,goods,,0.00,0.00,0.00,,,,
99381000000695596,2020-02-29,DC-00042,others,Draft,,99381000000098082,Cochin,99381000000036062,TRAVANCORE SCALES SERVICES,KL,business_gst,32APBPN7027C2ZD,false,Spreadsheet,INR,1.00,entity_level,true,0.000,0.00,DISPLAY SET FRONT,,99381000000306342,ECS808,,Sales,,1.00,0.00,nos,0.00,0.00,0.0,84239020,FALSE,Cochin,Taxable,99381000000006208,GST18,18.000000,0.00,Tax Group,,,goods,,0.00,0.00,0.00,,,,
99381000000706734,2020-03-04,DC-00043,others,Draft,,99381000000098082,Cochin,99381000000036062,TRAVANCORE SCALES SERVICES,KL,business_gst,32APBPN7027C2ZD,false,Spreadsheet,INR,1.00,entity_level,true,0.000,0.00,DISPLAY SET FRONT,,99381000000306342,ECS808,,Sales,,1.00,0.00,nos,0.00,0.00,0.0,84239020,FALSE,Cochin,Taxable,99381000000006208,GST18,18.000000,0.00,Tax Group,,,goods,,0.00,0.00,0.00,,,,
99381000000714044,2020-03-09,DC-00044,others,Draft,,99381000000098082,Cochin,99381000000084508,ACE ELECTRONICS,KL,business_gst,32AAZFA3650P1ZV,false,Spreadsheet,INR,1.00,entity_level,true,0.000,0.00,DISPLAY SET FRONT,,99381000000306342,ECS808,,Sales,,2.00,0.00,nos,0.00,0.00,0.0,84239020,FALSE,Cochin,Taxable,99381000000006208,GST18,18.000000,0.00,Tax Group,,,goods,,0.00,0.00,0.00,,,,
99381000000716001,2020-03-10,DC-00045,others,Draft,,99381000000098082,Cochin,99381000000084733,ELMASS SYSTEMS & SERVICES,KL,business_gst,32AACFE8918M1Z7,false,Spreadsheet,INR,1.00,entity_level,true,0.000,0.00,Label Printing scale,,99381000000194633,Q8LBL,,Sales,Make:YESWEIGH  Model:YS-30   Max:30kg  e:5g  Min:100g  Class:III,1.00,0.00,nos,0.00,0.00,0.0,84231000,FALSE,Cochin,Taxable,99381000000006208,GST18,18.000000,0.00,Tax Group,,,goods,,0.00,0.00,0.00,,,,
99381000000723107,2020-03-12,DC-00046,others,Draft,,99381000000098082,Cochin,99381000000102001,TRANSWORLD SCALES SERVICES,KL,business_gst,32AWCPS0193C1ZX,false,Spreadsheet,INR,1.00,entity_level,true,0.000,0.00,Analytical Balance 220g/1 mg,,99381000000205935,BSM2203,,Sales,"Make : YES WEIGH Model : YSJ 50
",1.00,0.00,nos,7400.00,0.00,0.0,84231000,FALSE,Cochin,Taxable,99381000000006208,GST18,18.000000,1332.00,Tax Group,,,goods,,7400.00,7400.00,8732.00,,,,
99381000000723209,2020-03-12,DC-00047,others,Draft,,99381000000098082,Cochin,99381000000154574,TAKYON SYSTEMS,KL,business_gst,32AANFT0176D1ZE,false,Spreadsheet,INR,1.00,entity_level,true,0.000,0.00,MOTHER BOARD ATM/BENCH PC,,99381000000313080,BPC114,,Sales,,1.00,0.00,nos,0.00,0.00,0.0,84239020,FALSE,Cochin,Taxable,99381000000006208,GST18,18.000000,0.00,Tax Group,,,goods,,0.00,0.00,0.00,,,,
99381000000723225,2020-03-12,DC-00048,others,Draft,,99381000000098082,Cochin,99381000000114383,ACCURATE TRADE LINKS,KL,business_gst,32AHJPK1741Q1Z4,false,Spreadsheet,INR,1.00,entity_level,true,0.000,0.00,Panel Overlay Sticker Bench PC,,99381000000542125,BPC103,,Sales,,1.00,0.00,pcs,0.00,0.00,0.0,84239020,FALSE,Cochin,Taxable,99381000000006208,GST18,18.000000,0.00,Tax Group,,,goods,,0.00,0.00,0.00,,,,
99381000000738031,2020-03-17,DC-00049,others,Draft,,99381000000098082,Cochin,99381000000116788,Interweighing Pvt Ltd,KL,business_gst,32AAFCI1950F1ZZ,false,Spreadsheet,INR,1.00,entity_level,true,0.000,0.00,Table Top 300X230 MS Pole 6v,,99381000000738002,TT300X230MSPOLE6V,,Sales,"Make : YESWEIGH Model:YST30
Max:30kg e:5g Min:100g",1.00,0.00,nos,1200.00,0.00,0.0,84231000,FALSE,Cochin,Taxable,99381000000006208,GST18,18.000000,216.00,Tax Group,,,goods,,1200.00,1200.00,1416.00,,,,
99381000000741005,2020-03-18,DC-00050,others,Draft,,99381000000098082,Cochin,99381000000084733,ELMASS SYSTEMS & SERVICES,KL,business_gst,32AACFE8918M1Z7,false,Spreadsheet,INR,1.00,entity_level,true,0.000,0.00,MOTHER BOARD,,99381000000306276,ECS815,,Sales,,1.00,0.00,pcs,0.00,0.00,0.0,84239020,FALSE,Cochin,Taxable,99381000000006208,GST18,18.000000,0.00,Tax Group,,,goods,,0.00,0.00,0.00,,,,
99381000000832033,2020-05-06,DC-00051,others,Draft,,99381000000098082,Cochin,99381000000102001,TRANSWORLD SCALES SERVICES,KL,business_gst,32AWCPS0193C1ZX,false,Spreadsheet,INR,1.00,entity_level,true,0.000,0.00,MOTHER BOARD,,99381000000306276,ECS815,,Sales,,1.00,0.00,pcs,0.00,0.00,0.0,84239020,FALSE,Cochin,Taxable,99381000000006208,GST18,18.000000,0.00,Tax Group,,,goods,,0.00,0.00,0.00,,,,
99381000000833080,2020-05-07,DC-00052,others,Draft,,99381000000098082,Cochin,99381000000126001,YELLOW SCALES,KL,business_gst,32CPDPS6051P1ZG,false,Spreadsheet,INR,1.00,entity_level,true,0.000,0.00,Motherboard ATM PC Waterproof,,99381000000542355,WPC402,,Sales,,1.00,0.00,pcs,0.00,0.00,0.0,84239020,FALSE,Cochin,Taxable,99381000000006208,GST18,18.000000,0.00,Tax Group,,,goods,,0.00,0.00,0.00,,,,
99381000000833080,2020-05-07,DC-00052,others,Draft,,99381000000098082,Cochin,99381000000126001,YELLOW SCALES,KL,business_gst,32CPDPS6051P1ZG,false,Spreadsheet,INR,1.00,entity_level,true,0.000,0.00,MOTHER BOARD ATM/BENCH PC,,99381000000313080,BPC114,,Sales,,1.00,0.00,nos,0.00,0.00,0.0,84239020,FALSE,Cochin,Taxable,99381000000006208,GST18,18.000000,0.00,Tax Group,,,goods,,0.00,0.00,0.00,,,,
99381000000835380,2020-05-08,DC-00053,others,Draft,,99381000000098082,Cochin,99381000000136578,DIGITAL SCALE,KL,business_gst,32AOLPN0287R2ZA,false,Spreadsheet,INR,1.00,entity_level,true,0.000,0.00,Touch Keypad ATM PC Touch,,99381000000542306,TPC302,,Sales,,5.00,0.00,pcs,0.00,0.00,0.0,84239020,FALSE,Cochin,Taxable,99381000000006208,GST18,18.000000,0.00,Tax Group,,,goods,,0.00,0.00,0.00,,,,
99381000000835380,2020-05-08,DC-00053,others,Draft,,99381000000098082,Cochin,99381000000136578,DIGITAL SCALE,KL,business_gst,32AOLPN0287R2ZA,false,Spreadsheet,INR,1.00,entity_level,true,0.000,0.00,AC/DC Adaptor,,99381000000542391,WPC406,,Sales,,5.00,0.00,pcs,0.00,0.00,0.0,84239020,FALSE,Cochin,Taxable,99381000000006208,GST18,18.000000,0.00,Tax Group,,,goods,,0.00,0.00,0.00,,,,
99381000000838048,2020-05-08,DC-00054,others,Draft,,99381000000098082,Cochin,99381000000151001,Dynamic Enterprises,KL,business_gst,32ATJPS7075B1ZN,false,Spreadsheet,INR,1.00,entity_level,true,0.000,0.00,DISPLAY SET FRONT,,99381000000306342,ECS808,,Sales,,1.00,0.00,nos,0.00,0.00,0.0,84239020,FALSE,Cochin,Taxable,99381000000006208,GST18,18.000000,0.00,Tax Group,,,goods,,0.00,0.00,0.00,,,,
99381000000929249,2020-05-29,DC-00057,others,Draft,,99381000000098082,Cochin,99381000000231096,Victory Scales,KL,business_gst,32AAAAV1247P1ZC,false,Spreadsheet,INR,1.00,entity_level,true,0.000,0.00,ECS with Printer,,99381000000011617,ECS5W,,Sales,"Make:YESWEIGH  Model:YS-30   Max:30kg  e:5g  Min:100g  Class:III
Serial No:TE8222 To TE8223",2.00,0.00,nos,10000.00,0.00,0.0,84231000,FALSE,Cochin,Taxable,99381000000006208,GST18,18.000000,3600.00,Tax Group,,,goods,,20000.00,20000.00,23600.00,,,,
99381000000940323,2020-06-03,DC-00058,others,Draft,,99381000000098082,Cochin,99381000000940238,INTERWEIGHING PVT. LTD.,KL,business_gst,32AAFCI1950F1ZZ,false,Spreadsheet,INR,1.00,entity_level,true,0.000,0.00,ECS with Printer,,99381000000011617,ECS5W,,Sales,Make:YESWEIGH  Model:YS-30   Max:30kg  e:5g  Min:100g  Class:III,6.00,0.00,nos,10000.00,0.00,0.0,84231000,FALSE,Cochin,Taxable,99381000000006208,GST18,18.000000,10800.00,Tax Group,,,goods,,60000.00,60000.00,70800.00,,,,
99381000000959853,2020-06-09,DC-00059,others,Draft,,99381000000098082,Cochin,99381000000364094,TRAAS TECH,KL,business_gst,32AAPFT2527C1ZF,false,Spreadsheet,INR,1.00,entity_level,true,0.000,0.00,MOTHER BOARD ATM/BENCH PC,,99381000000313080,BPC114,,Sales,,1.00,0.00,nos,130.00,0.00,0.0,84239020,FALSE,Cochin,Taxable,99381000000006208,GST18,18.000000,23.40,Tax Group,,,goods,,130.00,130.00,153.40,,,,
99381000000959863,2020-06-09,DC-00060,others,Draft,,99381000000098082,Cochin,99381000000151001,Dynamic Enterprises,KL,business_gst,32ATJPS7075B1ZN,false,Spreadsheet,INR,1.00,entity_level,true,0.000,0.00,Load Cell 70kg Bench PC,,99381000000542215,BPC113,,Sales,,4.00,0.00,pcs,220.00,0.00,0.0,84239020,FALSE,Cochin,Taxable,99381000000006208,GST18,18.000000,158.40,Tax Group,,,goods,,880.00,880.00,1038.40,,,,
99381000000985026,2020-06-15,DC-00061,others,Draft,,99381000000098082,Cochin,99381000000940238,INTERWEIGHING PVT. LTD.,KL,business_gst,32AAFCI1950F1ZZ,false,Spreadsheet,INR,1.00,entity_level,true,0.000,0.00,Price Computing scale,,99381000000016031,ATMPC,,Sales,"Make: YESWEIGH  Model:YSP-20
Max:20kg  e:2g  Min:40g  Class:III",50.00,0.00,nos,1880.00,0.00,0.0,84231000,FALSE,Cochin,Taxable,99381000000006208,GST18,18.000000,16920.00,Tax Group,,,goods,,94000.00,193840.00,228731.20,,,,
99381000000985026,2020-06-15,DC-00061,others,Draft,,99381000000098082,Cochin,99381000000940238,INTERWEIGHING PVT. LTD.,KL,business_gst,32AAFCI1950F1ZZ,false,Spreadsheet,INR,1.00,entity_level,true,0.000,0.00,Platform scale,,99381000000016068,BENCHPC,,Sales,"Make: YESWEIGH  Model:YSP-50
Max:50kg  e:5g  Min:100g  Class:III",48.00,0.00,nos,2080.00,0.00,0.0,84231000,FALSE,Cochin,Taxable,99381000000006208,GST18,18.000000,17971.20,Tax Group,,,goods,,99840.00,193840.00,228731.20,,,,
99381000001014121,2020-06-23,DC-00062,others,Draft,,99381000000098082,Cochin,99381000000940238,INTERWEIGHING PVT. LTD.,KL,business_gst,32AAFCI1950F1ZZ,false,Spreadsheet,INR,1.00,entity_level,true,0.000,0.00,Bill  Printing scale Q74W,,99381000000343190,ECS4W,,Sales,Make: YESWEIGH  Model:YS-30   Max:30kg  e:5g  Min:100g  Class:III,1.00,0.00,nos,9000.00,0.00,0.0,84231000,FALSE,Cochin,Taxable,99381000000006208,GST18,18.000000,1620.00,Tax Group,,,goods,,9000.00,9000.00,10620.00,,,,
99381000001014641,2020-06-23,DC-00063,others,Draft,,99381000000098082,Cochin,99381000000364094,TRAAS TECH,KL,business_gst,32AAPFT2527C1ZF,false,Spreadsheet,INR,1.00,entity_level,true,0.000,0.00,MOTHER BOARD ATM/BENCH PC,,99381000000313080,BPC114,,Sales,,1.00,0.00,nos,100.00,0.00,0.0,84239020,FALSE,Cochin,Taxable,99381000000006208,GST18,18.000000,18.00,Tax Group,,,goods,,100.00,200.00,236.00,,,,
99381000001014641,2020-06-23,DC-00063,others,Draft,,99381000000098082,Cochin,99381000000364094,TRAAS TECH,KL,business_gst,32AAPFT2527C1ZF,false,Spreadsheet,INR,1.00,entity_level,true,0.000,0.00,Load Cell 40kg,,99381000000542288,APC208,,Sales,,1.00,0.00,pcs,100.00,0.00,0.0,84239020,FALSE,Cochin,Taxable,99381000000006208,GST18,18.000000,18.00,Tax Group,,,goods,,100.00,200.00,236.00,,,,
99381000001029073,2020-06-26,DC-00064,others,Draft,,99381000000098082,Cochin,99381000000575003,YESWEIGH TECHNOLOGIES PRIVATE LIMITED,KL,business_gst,32AABCY1984H1Z9,false,Spreadsheet,INR,1.00,entity_level,true,0.000,0.00,KEYBOARD,,99381000000306324,ECS811,,Sales,,1.00,0.00,nos,10.00,0.00,0.0,84239020,FALSE,Cochin,Taxable,99381000000006208,GST18,18.000000,1.80,Tax Group,,,goods,,10.00,10.00,11.80,,,,
99381000001035007,2020-06-27,DC-00065,others,Draft,,99381000000098082,Cochin,99381000000309611,KRAUS INSTRUMENTS,KL,business_gst,32AASFK0676Q1ZM,false,Spreadsheet,INR,1.00,entity_level,true,0.000,0.00,DISPLAY SET FRONT,,99381000000306342,ECS808,,Sales,,2.00,0.00,nos,16.00,0.00,0.0,84239020,FALSE,Cochin,Taxable,99381000000006208,GST18,18.000000,5.76,Tax Group,,,goods,,32.00,32.00,37.76,,,,
99381000001036129,2020-06-29,DC-00066,others,Draft,,99381000000098082,Cochin,99381000000014010,SOUTHERN SCALE SERVICES,KL,business_gst,32AANFS5802P1ZR,false,Spreadsheet,INR,1.00,entity_level,true,0.000,0.00,Load Cell 70kg Bench PC,,99381000000542215,BPC113,,Sales,,1.00,0.00,pcs,20.00,0.00,0.0,84239020,FALSE,Cochin,Taxable,99381000000006208,GST18,18.000000,3.60,Tax Group,,,goods,,20.00,20.00,23.60,,,,
99381000001043060,2020-06-30,DC-00067,others,Draft,,99381000000098082,Cochin,99381000000821148,MUDRA SCALES-WAYANAD,KL,business_gst,32FUOPS1418D1ZO,false,Spreadsheet,INR,1.00,entity_level,true,0.000,0.00,AC/DC Adaptor,,99381000000542391,WPC406,,Sales,,1.00,0.00,pcs,10.00,0.00,0.0,84239020,FALSE,Cochin,Taxable,99381000000006208,GST18,18.000000,1.80,Tax Group,,,goods,,10.00,10.00,11.80,,,,
99381000001043118,2020-06-30,DC-00068,others,Draft,,99381000000098082,Cochin,99381000000114383,ACCURATE TRADE LINKS,KL,business_gst,32AHJPK1741Q1Z4,false,Spreadsheet,INR,1.00,entity_level,true,0.000,0.00,Front Display Board Bench PC,,99381000000542197,BPC111,,Sales,,1.00,0.00,pcs,13.00,0.00,0.0,84239020,FALSE,Cochin,Taxable,99381000000006208,GST18,18.000000,2.34,Tax Group,,,goods,,13.00,273.00,322.14,,,,
99381000001043118,2020-06-30,DC-00068,others,Draft,,99381000000098082,Cochin,99381000000114383,ACCURATE TRADE LINKS,KL,business_gst,32AHJPK1741Q1Z4,false,Spreadsheet,INR,1.00,entity_level,true,0.000,0.00,SMPS 7V,,99381000000306148,ECS817,,Sales,,1.00,0.00,nos,50.00,0.00,0.0,84239020,FALSE,Cochin,Taxable,99381000000006208,GST18,18.000000,9.00,Tax Group,,,goods,,50.00,273.00,322.14,,,,
99381000001043118,2020-06-30,DC-00068,others,Draft,,99381000000098082,Cochin,99381000000114383,ACCURATE TRADE LINKS,KL,business_gst,32AHJPK1741Q1Z4,false,Spreadsheet,INR,1.00,entity_level,true,0.000,0.00,FRONT DISPLAY BOARD ATM PC,,99381000000313049,APC206,,Sales,,1.00,0.00,nos,30.00,0.00,0.0,84239020,FALSE,Cochin,Taxable,99381000000006208,GST18,18.000000,5.40,Tax Group,,,goods,,30.00,273.00,322.14,,,,
99381000001043118,2020-06-30,DC-00068,others,Draft,,99381000000098082,Cochin,99381000000114383,ACCURATE TRADE LINKS,KL,business_gst,32AHJPK1741Q1Z4,false,Spreadsheet,INR,1.00,entity_level,true,0.000,0.00,Loadcell 40kg,,99381000000542400,WPC407,,Sales,,2.00,0.00,pcs,15.00,0.00,0.0,84239020,FALSE,Cochin,Taxable,99381000000006208,GST18,18.000000,5.40,Tax Group,,,goods,,30.00,273.00,322.14,,,,
99381000001043118,2020-06-30,DC-00068,others,Draft,,99381000000098082,Cochin,99381000000114383,ACCURATE TRADE LINKS,KL,business_gst,32AHJPK1741Q1Z4,false,Spreadsheet,INR,1.00,entity_level,true,0.000,0.00,AC/DC Adaptor,,99381000000542391,WPC406,,Sales,,1.00,0.00,pcs,90.00,0.00,0.0,84239020,FALSE,Cochin,Taxable,99381000000006208,GST18,18.000000,16.20,Tax Group,,,goods,,90.00,273.00,322.14,,,,
99381000001043118,2020-06-30,DC-00068,others,Draft,,99381000000098082,Cochin,99381000000114383,ACCURATE TRADE LINKS,KL,business_gst,32AHJPK1741Q1Z4,false,Spreadsheet,INR,1.00,entity_level,true,0.000,0.00,MOTHER BOARD ATM/BENCH PC,,99381000000313080,BPC114,,Sales,,1.00,0.00,nos,30.00,0.00,0.0,84239020,FALSE,Cochin,Taxable,99381000000006208,GST18,18.000000,5.40,Tax Group,,,goods,,30.00,273.00,322.14,,,,
99381000001043118,2020-06-30,DC-00068,others,Draft,,99381000000098082,Cochin,99381000000114383,ACCURATE TRADE LINKS,KL,business_gst,32AHJPK1741Q1Z4,false,Spreadsheet,INR,1.00,entity_level,true,0.000,0.00,Motherboard ATM PC Waterproof,,99381000000542355,WPC402,,Sales,,1.00,0.00,pcs,30.00,0.00,0.0,84239020,FALSE,Cochin,Taxable,99381000000006208,GST18,18.000000,5.40,Tax Group,,,goods,,30.00,273.00,322.14,,,,
99381000001049982,2020-07-01,DC-00069,others,Draft,,99381000000098082,Cochin,99381000000940238,INTERWEIGHING PVT. LTD.,KL,business_gst,32AAFCI1950F1ZZ,false,Spreadsheet,INR,1.00,entity_level,true,0.000,0.00,Bill  Printing scale Q74W,,99381000000343190,ECS4W,,Sales,Make: YESWEIGH  Model:YS-30   Max:30kg  e:5g  Min:100g  Class:III,2.00,0.00,nos,1000.00,0.00,0.0,84231000,FALSE,Cochin,Taxable,99381000000006208,GST18,18.000000,360.00,Tax Group,,,goods,,2000.00,4000.00,4720.00,,,,
99381000001049982,2020-07-01,DC-00069,others,Draft,,99381000000098082,Cochin,99381000000940238,INTERWEIGHING PVT. LTD.,KL,business_gst,32AAFCI1950F1ZZ,false,Spreadsheet,INR,1.00,entity_level,true,0.000,0.00,Bill Printing scale Q8POS,,99381000000011617,ECS5W,,Sales,Make:YESWEIGH  Model:YS-30   Max:30kg  e:5g  Min:100g  Class:III,2.00,0.00,nos,1000.00,0.00,0.0,84231000,FALSE,Cochin,Taxable,99381000000006208,GST18,18.000000,360.00,Tax Group,,,goods,,2000.00,4000.00,4720.00,,,,
99381000001064035,2020-07-03,DC-00070,others,Draft,,99381000000098082,Cochin,99381000000940238,INTERWEIGHING PVT. LTD.,KL,business_gst,32AAFCI1950F1ZZ,false,Spreadsheet,INR,1.00,entity_level,true,0.000,0.00,Table Top Scale  250x300 M,,99381000000562023,TTSTDM,,Sales,"Make : YESWEIGH Model : YST-30
Max: 30kg e: 5g  Min:100g Class III",75.00,0.00,nos,500.00,0.00,0.0,84231000,FALSE,Cochin,Taxable,99381000000006208,GST18,18.000000,6750.00,Tax Group,,,goods,,37500.00,37500.00,44250.00,,,,
99381000001074411,2020-07-06,DC-00071,others,Draft,,99381000000098082,Cochin,99381000000615001,LEO SCALES AND SERVICES,KL,business_gst,32AABFL3813F1ZW,false,Spreadsheet,INR,1.00,entity_level,true,0.000,0.00,Q8LBL Dot Matrix Display Set,,99381000001073021,Q8602,,Sales,,3.00,0.00,nos,1625.00,0.00,0.0,84239020,FALSE,Cochin,Taxable,99381000000006208,GST18,18.000000,877.50,Tax Group,,,goods,,4875.00,4875.00,5752.50,,,,
99381000001140785,2020-07-20,DC-00072,others,Draft,,99381000000098082,Cochin,99381000000017031,EXATA BALANCE CO,KL,business_gst,32AAGFE6830Q1Z4,false,Spreadsheet,INR,1.00,entity_level,true,0.000,0.00,Load Cell 200kg (Platform),,99381000001073039,PLC200,,Sales,,1.00,0.00,nos,40.00,0.00,0.0,84239020,FALSE,Cochin,Taxable,99381000000006208,GST18,18.000000,7.20,Tax Group,,,goods,,40.00,40.00,47.20,,,,
99381000001148693,2020-07-22,DC-00073,others,Draft,,99381000000098082,Cochin,99381000000011046,GLOBAL DIGITAL SYSTEM,KL,consumer,,false,Spreadsheet,INR,1.00,entity_level,true,0.000,0.00,MOTHER BOARD ATM/BENCH PC,,99381000000313080,BPC114,,Sales,,2.00,0.00,nos,130.00,0.00,0.0,84239020,FALSE,Cochin,Taxable,99381000000260052,GST18 & KFC,19.000000,49.40,Tax Group,,,goods,,260.00,260.00,309.40,,,,
99381000001148703,2020-07-22,DC-00074,others,Draft,,99381000000098082,Cochin,99381000000064003,UNITECH WEIGHING SYSTEM,KL,business_gst,32BPDPM6388A1Z2,false,Spreadsheet,INR,1.00,entity_level,true,0.000,0.00,DISPLAY SET FRONT,,99381000000306342,ECS808,,Sales,,3.00,0.00,nos,1600.00,0.00,0.0,84239020,FALSE,Cochin,Taxable,99381000000006208,GST18,18.000000,864.00,Tax Group,,,goods,,4800.00,4800.00,5664.00,,,,
99381000001152185,2020-07-23,DC-00075,others,Draft,,99381000000098082,Cochin,99381000000313441,Swen Technologies,TN,business_gst,33ADIFS2610P1ZW,false,Spreadsheet,INR,1.00,entity_level,true,0.000,0.00,Back Display Board ATM PC Waterproof,,99381000000542373,WPC404,,Sales,,1.00,0.00,pcs,110.00,0.00,0.0,84239020,FALSE,Cochin,Taxable,99381000000006196,IGST18,18.000000,19.80,ItemAmount,INTD,,goods,,110.00,110.00,129.80,,,,
99381000001169529,2020-07-28,DC-00076,others,Draft,,99381000000098082,Cochin,99381000000017031,EXATA BALANCE CO,KL,business_gst,32AAGFE6830Q1Z4,false,Spreadsheet,INR,1.00,entity_level,true,0.000,0.00,Q8LBL Dot Matrix Display Set,,99381000001073021,Q8602,,Sales,,1.00,0.00,nos,1625.00,0.00,0.0,84239020,FALSE,Cochin,Taxable,99381000000006208,GST18,18.000000,292.50,Tax Group,,,goods,,1625.00,1735.00,2047.30,,,,
99381000001169529,2020-07-28,DC-00076,others,Draft,,99381000000098082,Cochin,99381000000017031,EXATA BALANCE CO,KL,business_gst,32AAGFE6830Q1Z4,false,Spreadsheet,INR,1.00,entity_level,true,0.000,0.00,KEYPAD BOARD ATM PC,,99381000000313040,APC202,,Sales,,1.00,0.00,nos,110.00,0.00,0.0,84239020,FALSE,Cochin,Taxable,99381000000006208,GST18,18.000000,19.80,Tax Group,,,goods,,110.00,1735.00,2047.30,,,,
99381000001218400,2020-08-07,DC-00077,others,Draft,,99381000000098082,Cochin,99381000000940238,INTERWEIGHING PVT. LTD.,KL,business_gst,32AAFCI1950F1ZZ,false,Spreadsheet,INR,1.00,entity_level,true,0.000,0.00,Price Computing scale,,99381000000016031,ATMPC,,Sales,"Make: YESWEIGH  Model:YSP-20
Max:20kg  e:2g  Min:40g  Class:III",35.00,0.00,nos,180.00,0.00,0.0,84231000,FALSE,Cochin,Taxable,99381000000006208,GST18,18.000000,1134.00,Tax Group,,,goods,,6300.00,19252.00,22717.36,,,,
99381000001218400,2020-08-07,DC-00077,others,Draft,,99381000000098082,Cochin,99381000000940238,INTERWEIGHING PVT. LTD.,KL,business_gst,32AAFCI1950F1ZZ,false,Spreadsheet,INR,1.00,entity_level,true,0.000,0.00,Bill  Printing scale Q74W,,99381000000343190,ECS4W,,Sales,Make: YESWEIGH  Model:YS-30   Max:30kg  e:5g  Min:100g  Class:III,4.00,0.00,nos,950.00,0.00,0.0,84231000,FALSE,Cochin,Taxable,99381000000006208,GST18,18.000000,684.00,Tax Group,,,goods,,3800.00,19252.00,22717.36,,,,
99381000001218400,2020-08-07,DC-00077,others,Draft,,99381000000098082,Cochin,99381000000940238,INTERWEIGHING PVT. LTD.,KL,business_gst,32AAFCI1950F1ZZ,false,Spreadsheet,INR,1.00,entity_level,true,0.000,0.00,Platform scale,,99381000000016068,BENCHPC,,Sales,"Make: YESWEIGH  Model:YSP-50
Max:50kg  e:5g  Min:100g  Class:III",44.00,0.00,nos,208.00,0.00,0.0,84231000,FALSE,Cochin,Taxable,99381000000006208,GST18,18.000000,1647.36,Tax Group,,,goods,,9152.00,19252.00,22717.36,,,,
99381000001206374,2020-08-08,DC-00078,others,Draft,,99381000000098082,Cochin,99381000000940238,INTERWEIGHING PVT. LTD.,KL,business_gst,32AAFCI1950F1ZZ,false,Spreadsheet,INR,1.00,entity_level,true,0.000,0.00,Label Printing scale Q8LBL,,99381000000194633,Q8LBL,,Sales,Make:YESWEIGH  Model:YS-30   Max:30kg  e:5g  Min:100g  Class:III,1.00,0.00,nos,16500.00,0.00,0.0,84231000,FALSE,Cochin,Taxable,99381000000006208,GST18,18.000000,2970.00,Tax Group,,,goods,,16500.00,16500.00,19470.00,,,,
99381000001223001,2020-08-10,DC-00079,others,Draft,,99381000000098082,Cochin,99381000000553036,Gee Bee Instruments,KA,business_gst,29AXEPS2651Q1ZO,false,Spreadsheet,INR,1.00,entity_level,true,0.000,0.00,DISPLAY SET FRONT,,99381000000306342,ECS808,,Sales,,2.00,0.00,nos,1600.00,0.00,0.0,84239020,FALSE,Cochin,Taxable,99381000000006196,IGST18,18.000000,576.00,ItemAmount,INTD,,goods,,3200.00,3545.00,4183.10,,,,
99381000001223001,2020-08-10,DC-00079,others,Draft,,99381000000098082,Cochin,99381000000553036,Gee Bee Instruments,KA,business_gst,29AXEPS2651Q1ZO,false,Spreadsheet,INR,1.00,entity_level,true,0.000,0.00,Touch Keypad ATM PC Touch,,99381000000542306,TPC302,,Sales,,1.00,0.00,pcs,210.00,0.00,0.0,84239020,FALSE,Cochin,Taxable,99381000000006196,IGST18,18.000000,37.80,ItemAmount,INTD,,goods,,210.00,3545.00,4183.10,,,,
99381000001223001,2020-08-10,DC-00079,others,Draft,,99381000000098082,Cochin,99381000000553036,Gee Bee Instruments,KA,business_gst,29AXEPS2651Q1ZO,false,Spreadsheet,INR,1.00,entity_level,true,0.000,0.00,Panel Sticker With Keypad ATM PC Touch,,99381000000542297,TPC301,,Sales,,1.00,0.00,PCS,25.00,0.00,0.0,84239020,FALSE,Cochin,Taxable,99381000000006196,IGST18,18.000000,4.50,ItemAmount,INTD,,goods,,25.00,3545.00,4183.10,,,,
99381000001223001,2020-08-10,DC-00079,others,Draft,,99381000000098082,Cochin,99381000000553036,Gee Bee Instruments,KA,business_gst,29AXEPS2651Q1ZO,false,Spreadsheet,INR,1.00,entity_level,true,0.000,0.00,Back Display Board Bench PC,,99381000000542206,BPC112,,Sales,,1.00,0.00,pcs,110.00,0.00,0.0,84239020,FALSE,Cochin,Taxable,99381000000006196,IGST18,18.000000,19.80,ItemAmount,INTD,,goods,,110.00,3545.00,4183.10,,,,
99381000001283221,2020-08-21,DC-00080,others,Draft,,99381000000098082,Cochin,99381000000940238,INTERWEIGHING PVT. LTD.,KL,business_gst,32AAFCI1950F1ZZ,false,Spreadsheet,INR,1.00,entity_level,true,0.000,0.00,ATM JUNIOR YS669,,99381000001247038,YS669,,Sales,"Make : YESWEIGH Model : YSP-20
Max : 20kg e:2g Min:40g
Class : III",160.00,0.00,nos,110.00,0.00,0.0,84231000,FALSE,Cochin,Taxable,99381000000006208,GST18,18.000000,3168.00,Tax Group,,,goods,,17600.00,36700.00,43306.00,,,,
99381000001283221,2020-08-21,DC-00080,others,Draft,,99381000000098082,Cochin,99381000000940238,INTERWEIGHING PVT. LTD.,KL,business_gst,32AAFCI1950F1ZZ,false,Spreadsheet,INR,1.00,entity_level,true,0.000,0.00,Price Computing Scale-T,,99381000000035362,ATMPCT,,Sales,Make: YESWEIGH Model:YSP-20  Max:20kg  e:2g  Min:40g  Class:III,200.00,0.00,nos,90.00,0.00,0.0,84231000,FALSE,Cochin,Taxable,99381000000006208,GST18,18.000000,3240.00,Tax Group,,,goods,,18000.00,36700.00,43306.00,,,,
99381000001283221,2020-08-21,DC-00080,others,Draft,,99381000000098082,Cochin,99381000000940238,INTERWEIGHING PVT. LTD.,KL,business_gst,32AAFCI1950F1ZZ,false,Spreadsheet,INR,1.00,entity_level,true,0.000,0.00,Bill  Printing scale Q74W,,99381000000343190,ECS4W,,Sales,Make: YESWEIGH  Model:YS-30   Max:30kg  e:5g  Min:100g  Class:III,10.00,0.00,nos,110.00,0.00,0.0,84231000,FALSE,Cochin,Taxable,99381000000006208,GST18,18.000000,198.00,Tax Group,,,goods,,1100.00,36700.00,43306.00,,,,
99381000001299301,2020-08-25,DC-00081,others,Draft,,99381000000098082,Cochin,99381000000940238,INTERWEIGHING PVT. LTD.,KL,business_gst,32AAFCI1950F1ZZ,false,Spreadsheet,INR,1.00,entity_level,true,0.000,0.00,Bill Printing scale Q8POS,,99381000000011617,ECS5W,,Sales,Make:YESWEIGH  Model:YS-30   Max:30kg  e:5g  Min:100g  Class:III,2.00,0.00,nos,15500.00,0.00,0.0,84231000,FALSE,Cochin,Taxable,99381000000006208,GST18,18.000000,5580.00,Tax Group,,,goods,,31000.00,31000.00,36580.00,,,,
99381000001299323,2020-08-25,DC-00082,others,Draft,,99381000000098082,Cochin,99381000000940651,MUDRA SCALE-KOZHIKODE,KL,business_gst,32BMNPR6553F1ZS,false,Spreadsheet,INR,1.00,entity_level,true,0.000,0.00,MOTHER BOARD ATM/BENCH PC,,99381000000313080,BPC114,,Sales,,1.00,0.00,nos,130.00,0.00,0.0,84239020,FALSE,Cochin,Taxable,99381000000006208,GST18,18.000000,23.40,Tax Group,,,goods,,130.00,130.00,153.40,,,,
99381000001311107,2020-08-26,DC-00083,others,Draft,,99381000000098082,Cochin,99381000000940238,INTERWEIGHING PVT. LTD.,KL,business_gst,32AAFCI1950F1ZZ,false,Spreadsheet,INR,1.00,entity_level,true,0.000,0.00,Bill  Printing scale Q74W,,99381000000343190,ECS4W,,Sales,Make: YESWEIGH  Model:YS-30   Max:30kg  e:5g  Min:100g  Class:III,1.00,0.00,nos,9500.00,0.00,0.0,84231000,FALSE,Cochin,Taxable,99381000000006208,GST18,18.000000,1710.00,Tax Group,,,goods,,9500.00,9500.00,11210.00,,,,
99381000001313047,2020-08-27,DC-00084,others,Draft,,99381000000098082,Cochin,99381000000940238,INTERWEIGHING PVT. LTD.,KL,business_gst,32AAFCI1950F1ZZ,false,Spreadsheet,INR,1.00,entity_level,true,0.000,0.00,ATM JUNIOR YS669,,99381000001247038,YS669,,Sales,"Make : YESWEIGH Model : YSP-20
Max : 20kg e:2g Min:40g
Class : III",52.00,0.00,nos,170.00,0.00,0.0,84231000,FALSE,Cochin,Taxable,99381000000006208,GST18,18.000000,1591.20,Tax Group,,,goods,,8840.00,9464.00,11167.52,,,,
99381000001313047,2020-08-27,DC-00084,others,Draft,,99381000000098082,Cochin,99381000000940238,INTERWEIGHING PVT. LTD.,KL,business_gst,32AAFCI1950F1ZZ,false,Spreadsheet,INR,1.00,entity_level,true,0.000,0.00,Platform scale,,99381000000016068,BENCHPC,,Sales,"Make: YESWEIGH  Model:YSP-50
Max:50kg  e:5g  Min:100g  Class:III",3.00,0.00,nos,208.00,0.00,0.0,84231000,FALSE,Cochin,Taxable,99381000000006208,GST18,18.000000,112.32,Tax Group,,,goods,,624.00,9464.00,11167.52,,,,
99381000001316294,2020-08-29,DC-00085,others,Draft,,99381000000098082,Cochin,99381000000940238,INTERWEIGHING PVT. LTD.,KL,business_gst,32AAFCI1950F1ZZ,false,Spreadsheet,INR,1.00,entity_level,true,0.000,0.00,Bill  Printing scale Q74W,,99381000000343190,ECS4W,,Sales,Make: YESWEIGH  Model:YS-30   Max:30kg  e:5g  Min:100g  Class:III,13.00,0.00,nos,105.00,0.00,0.0,84231000,FALSE,Cochin,Taxable,99381000000006208,GST18,18.000000,245.70,Tax Group,,,goods,,1365.00,1365.00,1610.70,,,,
99381000001356409,2020-09-09,DC-00086,others,Draft,,99381000000098082,Cochin,99381000000084508,ACE ELECTRONICS,KL,business_gst,32AAZFA3650P1ZV,false,Spreadsheet,INR,1.00,entity_level,true,0.000,0.00,Bill Printing scale Q8POS,,99381000000011617,ECS5W,,Sales,Make:YESWEIGH  Model:YS-30   Max:30kg  e:5g  Min:100g  Class:III,12.00,0.00,nos,1500.00,0.00,0.0,84231000,FALSE,Cochin,Taxable,99381000000006208,GST18,18.000000,3240.00,Tax Group,,,goods,,18000.00,18000.00,21240.00,,,,
99381000001358577,2020-09-10,DC-00087,others,Draft,,99381000000098082,Cochin,99381000000940238,INTERWEIGHING PVT. LTD.,KL,business_gst,32AAFCI1950F1ZZ,false,Spreadsheet,INR,1.00,entity_level,true,0.000,0.00,Platform scale,,99381000000016068,BENCHPC,,Sales,"Make: YESWEIGH  Model:YSP-50
Max:50kg  e:5g  Min:100g  Class:III",2.00,0.00,nos,2080.00,0.00,0.0,84231000,FALSE,Cochin,Taxable,99381000000006208,GST18,18.000000,748.80,Tax Group,,,goods,,4160.00,4160.00,4908.80,,,,
99381000001364367,2020-09-11,DC-00088,others,Draft,,99381000000098082,Cochin,99381000000126001,YELLOW SCALES,KL,business_gst,32CPDPS6051P1ZG,false,Spreadsheet,INR,1.00,entity_level,true,0.000,0.00,INTERFACE BOARD,,99381000000306315,ECS812,,Sales,,1.00,0.00,nos,250.00,0.00,0.0,84239020,FALSE,Cochin,Taxable,99381000000006208,GST18,18.000000,45.00,Tax Group,,,goods,,250.00,250.00,295.00,,,,
99381000001373122,2020-09-12,DC-00089,others,Draft,,99381000000098082,Cochin,99381000000136578,DIGITAL SCALE,KL,business_gst,32AOLPN0287R2ZA,false,Spreadsheet,INR,1.00,entity_level,true,0.000,0.00,CCM  - Value Counting Machine,,99381000000302452,AL66,,Sales,,1.00,0.00,nos,6400.00,0.00,0.0,84729090,FALSE,Cochin,Taxable,99381000000006208,GST18,18.000000,1152.00,Tax Group,,,goods,,6400.00,6400.00,7552.00,,,,
99381000001363047,2020-09-12,DC-00090,others,Draft,,99381000000098082,Cochin,99381000000036062,TRAVANCORE SCALES SERVICES,KL,business_gst,32APBPN7027C2ZD,false,Spreadsheet,INR,1.00,entity_level,true,0.000,0.00,MOTHER BOARD,,99381000000306276,ECS815,,Sales,,1.00,0.00,pcs,7500.00,0.00,0.0,84239020,FALSE,Cochin,Taxable,99381000000006208,GST18,18.000000,1350.00,Tax Group,,,goods,,7500.00,7500.00,8850.00,,,,
99381000001363063,2020-09-12,DC-00091,others,Draft,,99381000000098082,Cochin,99381000000136578,DIGITAL SCALE,KL,business_gst,32AOLPN0287R2ZA,false,Spreadsheet,INR,1.00,entity_level,true,0.000,0.00,Motherboard ATM PC Waterproof,,99381000000542355,WPC402,,Sales,,1.00,0.00,pcs,130.00,0.00,0.0,84239020,FALSE,Cochin,Taxable,99381000000006208,GST18,18.000000,23.40,Tax Group,,,goods,,130.00,880.00,1038.40,,,,
99381000001363063,2020-09-12,DC-00091,others,Draft,,99381000000098082,Cochin,99381000000136578,DIGITAL SCALE,KL,business_gst,32AOLPN0287R2ZA,false,Spreadsheet,INR,1.00,entity_level,true,0.000,0.00,MOTHER BOARD ATM/BENCH PC,,99381000000313080,BPC114,,Sales,,1.00,0.00,nos,130.00,0.00,0.0,84239020,FALSE,Cochin,Taxable,99381000000006208,GST18,18.000000,23.40,Tax Group,,,goods,,130.00,880.00,1038.40,,,,
99381000001363063,2020-09-12,DC-00091,others,Draft,,99381000000098082,Cochin,99381000000136578,DIGITAL SCALE,KL,business_gst,32AOLPN0287R2ZA,false,Spreadsheet,INR,1.00,entity_level,true,0.000,0.00,Load Cell 70kg Bench PC,,99381000000542215,BPC113,,Sales,,2.00,0.00,pcs,220.00,0.00,0.0,84239020,FALSE,Cochin,Taxable,99381000000006208,GST18,18.000000,79.20,Tax Group,,,goods,,440.00,880.00,1038.40,,,,
99381000001363063,2020-09-12,DC-00091,others,Draft,,99381000000098082,Cochin,99381000000136578,DIGITAL SCALE,KL,business_gst,32AOLPN0287R2ZA,false,Spreadsheet,INR,1.00,entity_level,true,0.000,0.00,AC/DC Adaptor,,99381000000542391,WPC406,,Sales,,2.00,0.00,pcs,90.00,0.00,0.0,84239020,FALSE,Cochin,Taxable,99381000000006208,GST18,18.000000,32.40,Tax Group,,,goods,,180.00,880.00,1038.40,,,,
99381000001379527,2020-09-15,DC-00092,others,Draft,,99381000000098082,Cochin,99381000000940238,INTERWEIGHING PVT. LTD.,KL,business_gst,32AAFCI1950F1ZZ,false,Spreadsheet,INR,1.00,entity_level,true,0.000,0.00,Platform scale,,99381000000016068,BENCHPC,,Sales,"Make: YESWEIGH  Model:YSP-50
Max:50kg  e:5g  Min:100g  Class:III",20.00,0.00,nos,2080.00,0.00,0.0,84231000,FALSE,Cochin,Taxable,99381000000006208,GST18,18.000000,7488.00,Tax Group,,,goods,,41600.00,41600.00,49088.00,,,,
99381000001384205,2020-09-15,DC-00093,others,Draft,,99381000000098082,Cochin,99381000000126001,YELLOW SCALES,KL,business_gst,32CPDPS6051P1ZG,false,Spreadsheet,INR,1.00,entity_level,true,0.000,0.00,MOTHER BOARD,,99381000000306276,ECS815,,Sales,,1.00,0.00,pcs,7500.00,0.00,0.0,84239020,FALSE,Cochin,Taxable,99381000000006208,GST18,18.000000,1350.00,Tax Group,,,goods,,7500.00,9100.00,10738.00,,,,
99381000001384205,2020-09-15,DC-00093,others,Draft,,99381000000098082,Cochin,99381000000126001,YELLOW SCALES,KL,business_gst,32CPDPS6051P1ZG,false,Spreadsheet,INR,1.00,entity_level,true,0.000,0.00,DISPLAY SET FRONT,,99381000000306342,ECS808,,Sales,,1.00,0.00,nos,1600.00,0.00,0.0,84239020,FALSE,Cochin,Taxable,99381000000006208,GST18,18.000000,288.00,Tax Group,,,goods,,1600.00,9100.00,10738.00,,,,
99381000001384229,2020-09-15,DC-00094,others,Draft,,99381000000098082,Cochin,99381000000575003,YESWEIGH TECHNOLOGIES PRIVATE LIMITED,KL,business_gst,32AABCY1984H1Z9,false,Spreadsheet,INR,1.00,entity_level,true,0.000,0.00,DISPLAY SET FRONT,,99381000000306342,ECS808,,Sales,,1.00,0.00,nos,1600.00,0.00,0.0,84239020,FALSE,Cochin,Taxable,99381000000006208,GST18,18.000000,288.00,Tax Group,,,goods,,1600.00,1600.00,1888.00,,,,
99381000001384491,2020-09-15,DC-00095,others,Draft,,99381000000098082,Cochin,99381000000940238,INTERWEIGHING PVT. LTD.,KL,business_gst,32AAFCI1950F1ZZ,false,Spreadsheet,INR,1.00,entity_level,true,0.000,0.00,Platform scale,,99381000000016068,BENCHPC,,Sales,"Make: YESWEIGH  Model:YSP-50
Max:50kg  e:5g  Min:100g  Class:III",75.00,0.00,nos,208.00,0.00,0.0,84231000,FALSE,Cochin,Taxable,99381000000006208,GST18,18.000000,2808.00,Tax Group,,,goods,,15600.00,15600.00,18408.00,,,,
99381000001385015,2020-09-15,DC-00096,others,Draft,,99381000000098082,Cochin,99381000000014010,SOUTHERN SCALE SERVICES,KL,business_gst,32AANFS5802P1ZR,false,Spreadsheet,INR,1.00,entity_level,true,0.000,0.00,MOTHER BOARD,,99381000000306276,ECS815,,Sales,,1.00,0.00,pcs,7500.00,0.00,0.0,84239020,FALSE,Cochin,Taxable,99381000000006208,GST18,18.000000,1350.00,Tax Group,,,goods,,7500.00,9100.00,10738.00,,,,
99381000001385015,2020-09-15,DC-00096,others,Draft,,99381000000098082,Cochin,99381000000014010,SOUTHERN SCALE SERVICES,KL,business_gst,32AANFS5802P1ZR,false,Spreadsheet,INR,1.00,entity_level,true,0.000,0.00,DISPLAY SET FRONT,,99381000000306342,ECS808,,Sales,,1.00,0.00,nos,1600.00,0.00,0.0,84239020,FALSE,Cochin,Taxable,99381000000006208,GST18,18.000000,288.00,Tax Group,,,goods,,1600.00,9100.00,10738.00,,,,
99381000001392986,2020-09-16,DC-00097,others,Draft,,99381000000098082,Cochin,99381000000940238,INTERWEIGHING PVT. LTD.,KL,business_gst,32AAFCI1950F1ZZ,false,Spreadsheet,INR,1.00,entity_level,true,0.000,0.00,Platform scale,,99381000000016068,BENCHPC,,Sales,"Make: YESWEIGH  Model:YSP-50
Max:50kg  e:5g  Min:100g  Class:III",300.00,0.00,nos,100.00,0.00,0.0,84231000,FALSE,Cochin,Taxable,99381000000006208,GST18,18.000000,5400.00,Tax Group,,,goods,,30000.00,30000.00,35400.00,,,,
99381000001404520,2020-09-17,DC-00098,others,Draft,,99381000000098082,Cochin,99381000000064003,UNITECH WEIGHING SYSTEM,KL,business_gst,32BPDPM6388A1Z2,false,Spreadsheet,INR,1.00,entity_level,true,0.000,0.00,DISPLAY SET FRONT,,99381000000306342,ECS808,,Sales,,1.00,0.00,nos,1600.00,0.00,0.0,84239020,FALSE,Cochin,Taxable,99381000000006208,GST18,18.000000,288.00,Tax Group,,,goods,,1600.00,1600.00,1888.00,,,,
99381000001412713,2020-09-18,DC-00099,others,Draft,,99381000000098082,Cochin,99381000000309611,KRAUS INSTRUMENTS,KL,business_gst,32AASFK0676Q1ZM,false,Spreadsheet,INR,1.00,entity_level,true,0.000,0.00,SMPS 7V,,99381000000306148,ECS817,,Sales,,1.00,0.00,nos,950.00,0.00,0.0,84239020,FALSE,Cochin,Taxable,99381000000006208,GST18,18.000000,171.00,Tax Group,,,goods,,950.00,3350.00,3953.00,,,,
99381000001412713,2020-09-18,DC-00099,others,Draft,,99381000000098082,Cochin,99381000000309611,KRAUS INSTRUMENTS,KL,business_gst,32AASFK0676Q1ZM,false,Spreadsheet,INR,1.00,entity_level,true,0.000,0.00,DISPLAY BACK,,99381000000306351,ECS809,,Sales,,1.00,0.00,nos,800.00,0.00,0.0,84239020,FALSE,Cochin,Taxable,99381000000006208,GST18,18.000000,144.00,Tax Group,,,goods,,800.00,3350.00,3953.00,,,,
99381000001412713,2020-09-18,DC-00099,others,Draft,,99381000000098082,Cochin,99381000000309611,KRAUS INSTRUMENTS,KL,business_gst,32AASFK0676Q1ZM,false,Spreadsheet,INR,1.00,entity_level,true,0.000,0.00,DISPLAY SET FRONT,,99381000000306342,ECS808,,Sales,,1.00,0.00,nos,1600.00,0.00,0.0,84239020,FALSE,Cochin,Taxable,99381000000006208,GST18,18.000000,288.00,Tax Group,,,goods,,1600.00,3350.00,3953.00,,,,
99381000001412927,2020-09-18,DC-00100,others,Draft,,99381000000098082,Cochin,99381000000231096,Victory Scales,KL,business_gst,32AAAAV1247P1ZC,false,Spreadsheet,INR,1.00,entity_level,true,0.000,0.00,SMPS 7V,,99381000000306148,ECS817,,Sales,,2.00,0.00,nos,950.00,0.00,0.0,84239020,FALSE,Cochin,Taxable,99381000000006208,GST18,18.000000,342.00,Tax Group,,,goods,,1900.00,2010.00,2371.80,,,,
99381000001412927,2020-09-18,DC-00100,others,Draft,,99381000000098082,Cochin,99381000000231096,Victory Scales,KL,business_gst,32AAAAV1247P1ZC,false,Spreadsheet,INR,1.00,entity_level,true,0.000,0.00,Back Display Board ATM PC,,99381000000542279,APC207,,Sales,,1.00,0.00,nos,110.00,0.00,0.0,84239020,FALSE,Cochin,Taxable,99381000000006208,GST18,18.000000,19.80,Tax Group,,,goods,,110.00,2010.00,2371.80,,,,
99381000001419150,2020-09-21,DC-00101,others,Draft,,99381000000098082,Cochin,99381000000014010,SOUTHERN SCALE SERVICES,KL,business_gst,32AANFS5802P1ZR,false,Spreadsheet,INR,1.00,entity_level,true,0.000,0.00,MOTHER BOARD,,99381000000306276,ECS815,,Sales,,1.00,0.00,pcs,7500.00,0.00,0.0,84239020,FALSE,Cochin,Taxable,99381000000006208,GST18,18.000000,1350.00,Tax Group,,,goods,,7500.00,7500.00,8850.00,,,,
99381000001419160,2020-09-21,DC-00102,others,Draft,,99381000000098082,Cochin,99381000000112170,MEEZAN ELECTRONIC SCALES PRIVATE LIMITED,KL,business_gst,32AAECM1277C1ZY,false,Spreadsheet,INR,1.00,entity_level,true,0.000,0.00,LOAD CELL 400 KG,,99381000001140770,PLCK40,,Sales,,3.00,0.00,nos,220.00,0.00,0.0,84239020,FALSE,Cochin,Taxable,99381000000006208,GST18,18.000000,118.80,Tax Group,,,goods,,660.00,660.00,778.80,,,,
99381000001419170,2020-09-21,DC-00103,others,Draft,,99381000000098082,Cochin,99381000000114383,ACCURATE TRADE LINKS,KL,business_gst,32AHJPK1741Q1Z4,false,Spreadsheet,INR,1.00,entity_level,true,0.000,0.00,LOAD CELL 700 KG,,99381000001140751,PLCK70,,Sales,,3.00,0.00,nos,350.00,0.00,0.0,84239020,FALSE,Cochin,Taxable,99381000000006208,GST18,18.000000,189.00,Tax Group,,,goods,,1050.00,1050.00,1239.00,,,,
99381000001417912,2020-09-22,DC-00104,others,Draft,,99381000000098082,Cochin,99381000000064003,UNITECH WEIGHING SYSTEM,KL,business_gst,32BPDPM6388A1Z2,false,Spreadsheet,INR,1.00,entity_level,true,0.000,0.00,SMPS 7V,,99381000000306148,ECS817,,Sales,,1.00,0.00,nos,950.00,0.00,0.0,84239020,FALSE,Cochin,Taxable,99381000000006208,GST18,18.000000,171.00,Tax Group,,,goods,,950.00,950.00,1121.00,,,,
99381000001417980,2020-09-22,DC-00105,others,Draft,,99381000000098082,Cochin,99381000000126001,YELLOW SCALES,KL,business_gst,32CPDPS6051P1ZG,false,Spreadsheet,INR,1.00,entity_level,true,0.000,0.00,MOTHER BOARD,,99381000000306276,ECS815,,Sales,,1.00,0.00,pcs,7500.00,0.00,0.0,84239020,FALSE,Cochin,Taxable,99381000000006208,GST18,18.000000,1350.00,Tax Group,,,goods,,7500.00,8370.00,9876.60,,,,
99381000001417980,2020-09-22,DC-00105,others,Draft,,99381000000098082,Cochin,99381000000126001,YELLOW SCALES,KL,business_gst,32CPDPS6051P1ZG,false,Spreadsheet,INR,1.00,entity_level,true,0.000,0.00,Q8LBL LCD Display,,99381000001073030,Q8603,,Sales,,1.00,0.00,no,870.00,0.00,0.0,84239020,FALSE,Cochin,Taxable,99381000000006208,GST18,18.000000,156.60,Tax Group,,,goods,,870.00,8370.00,9876.60,,,,
99381000001429261,2020-09-23,DC-00106,others,Draft,,99381000000098082,Cochin,99381000000084508,ACE ELECTRONICS,KL,business_gst,32AAZFA3650P1ZV,false,Spreadsheet,INR,1.00,entity_level,true,0.000,0.00,FRONT DISPLAY BOARD ATM PC,,99381000000313049,APC206,,Sales,,1.00,0.00,nos,1.00,0.00,0.0,84239020,FALSE,Cochin,Taxable,99381000000006208,GST18,18.000000,0.18,Tax Group,,,goods,,1.00,9.00,10.62,,,,
99381000001429261,2020-09-23,DC-00106,others,Draft,,99381000000098082,Cochin,99381000000084508,ACE ELECTRONICS,KL,business_gst,32AAZFA3650P1ZV,false,Spreadsheet,INR,1.00,entity_level,true,0.000,0.00,SAFAL - 99MB 6V,,99381000001165607,CH602,,Sales,,4.00,0.00,nos,1.00,0.00,0.0,8423,FALSE,Cochin,Taxable,99381000000006208,GST18,18.000000,0.72,Tax Group,,,goods,,4.00,9.00,10.62,,,,
99381000001429261,2020-09-23,DC-00106,others,Draft,,99381000000098082,Cochin,99381000000084508,ACE ELECTRONICS,KL,business_gst,32AAZFA3650P1ZV,false,Spreadsheet,INR,1.00,entity_level,true,0.000,0.00,MOTHER BOARD ATM/BENCH PC,,99381000000313080,BPC114,,Sales,,1.00,0.00,nos,1.00,0.00,0.0,84239020,FALSE,Cochin,Taxable,99381000000006208,GST18,18.000000,0.18,Tax Group,,,goods,,1.00,9.00,10.62,,,,
99381000001429261,2020-09-23,DC-00106,others,Draft,,99381000000098082,Cochin,99381000000084508,ACE ELECTRONICS,KL,business_gst,32AAZFA3650P1ZV,false,Spreadsheet,INR,1.00,entity_level,true,0.000,0.00,Load Cell 70kg Bench PC,,99381000000542215,BPC113,,Sales,,3.00,0.00,pcs,1.00,0.00,0.0,84239020,FALSE,Cochin,Taxable,99381000000006208,GST18,18.000000,0.54,Tax Group,,,goods,,3.00,9.00,10.62,,,,
99381000001429371,2020-09-23,DC-00107,others,Draft,,99381000000098082,Cochin,99381000000114383,ACCURATE TRADE LINKS,KL,business_gst,32AHJPK1741Q1Z4,false,Spreadsheet,INR,1.00,entity_level,true,0.000,0.00,Back Display Board ATM PC,,99381000000542279,APC207,,Sales,,1.00,0.00,nos,110.00,0.00,0.0,84239020,FALSE,Cochin,Taxable,99381000000006208,GST18,18.000000,19.80,Tax Group,,,goods,,110.00,290.00,342.20,,,,
99381000001429371,2020-09-23,DC-00107,others,Draft,,99381000000098082,Cochin,99381000000114383,ACCURATE TRADE LINKS,KL,business_gst,32AHJPK1741Q1Z4,false,Spreadsheet,INR,1.00,entity_level,true,0.000,0.00,AC/DC Adaptor,,99381000000542391,WPC406,,Sales,,2.00,0.00,pcs,90.00,0.00,0.0,84239020,FALSE,Cochin,Taxable,99381000000006208,GST18,18.000000,32.40,Tax Group,,,goods,,180.00,290.00,342.20,,,,
99381000001441003,2020-09-24,DC-00108,others,Draft,,99381000000098082,Cochin,99381000000114383,ACCURATE TRADE LINKS,KL,business_gst,32AHJPK1741Q1Z4,false,Spreadsheet,INR,1.00,entity_level,true,0.000,0.00,BARCODE SCANNER PT - 198,,99381000000220093,PT198,,Sales,"1D Barcode scanner 
RS232 Serial Port ",1.00,0.00,nos,1750.00,0.00,0.0,84716050,FALSE,Cochin,Taxable,99381000000006208,GST18,18.000000,315.00,Tax Group,,,goods,,1750.00,1750.00,2065.00,,,,
99381000001441013,2020-09-24,DC-00109,others,Draft,,99381000000098082,Cochin,99381000000575003,YESWEIGH TECHNOLOGIES PRIVATE LIMITED,KL,business_gst,32AABCY1984H1Z9,false,Spreadsheet,INR,1.00,entity_level,true,0.000,0.00,BARCODE SCANNER PT - 198,,99381000000220093,PT198,,Sales,"1D Barcode scanner 
RS232 Serial Port ",1.00,0.00,nos,1750.00,0.00,0.0,84716050,FALSE,Cochin,Taxable,99381000000006208,GST18,18.000000,315.00,Tax Group,,,goods,,1750.00,1750.00,2065.00,,,,
99381000001441023,2020-09-24,DC-00110,others,Draft,,99381000000098082,Cochin,99381000000036062,TRAVANCORE SCALES SERVICES,KL,business_gst,32APBPN7027C2ZD,false,Spreadsheet,INR,1.00,entity_level,true,0.000,0.00,BARCODE SCANNER PT - 198,,99381000000220093,PT198,,Sales,"1D Barcode scanner 
RS232 Serial Port ",1.00,0.00,nos,1750.00,0.00,0.0,84716050,FALSE,Cochin,Taxable,99381000000006208,GST18,18.000000,315.00,Tax Group,,,goods,,1750.00,1750.00,2065.00,,,,
99381000001447357,2020-09-25,DC-00111,others,Draft,,99381000000098082,Cochin,99381000000084733,ELMASS SYSTEMS & SERVICES,KL,business_gst,32AACFE8918M1Z7,false,Spreadsheet,INR,1.00,entity_level,true,0.000,0.00,SMPS 7V,,99381000000306148,ECS817,,Sales,,1.00,0.00,nos,950.00,0.00,0.0,84239020,FALSE,Cochin,Taxable,99381000000006208,GST18,18.000000,171.00,Tax Group,,,goods,,950.00,1080.00,1274.40,,,,
99381000001447357,2020-09-25,DC-00111,others,Draft,,99381000000098082,Cochin,99381000000084733,ELMASS SYSTEMS & SERVICES,KL,business_gst,32AACFE8918M1Z7,false,Spreadsheet,INR,1.00,entity_level,true,0.000,0.00,MOTHER BOARD ATM/BENCH PC,,99381000000313080,BPC114,,Sales,,1.00,0.00,nos,130.00,0.00,0.0,84239020,FALSE,Cochin,Taxable,99381000000006208,GST18,18.000000,23.40,Tax Group,,,goods,,130.00,1080.00,1274.40,,,,
99381000001453943,2020-09-26,DC-00112,others,Draft,,99381000000098082,Cochin,99381000000940238,INTERWEIGHING PVT. LTD.,KL,business_gst,32AAFCI1950F1ZZ,false,Spreadsheet,INR,1.00,entity_level,true,0.000,0.00,Price Computing Scale-T,,99381000000035362,ATMPCT,,Sales,Make: YESWEIGH Model:YSP-20  Max:20kg  e:2g  Min:40g  Class:III,200.00,0.00,nos,1.00,0.00,0.0,84231000,FALSE,Cochin,Taxable,99381000000006208,GST18,18.000000,36.00,Tax Group,,,goods,,200.00,200.00,236.00,,,,
99381000001453953,2020-09-26,DC-00113,others,Draft,,99381000000098082,Cochin,99381000000940238,INTERWEIGHING PVT. LTD.,KL,business_gst,32AAFCI1950F1ZZ,false,Spreadsheet,INR,1.00,entity_level,true,0.000,0.00,CCM  - Value Counting Machine,,99381000000302452,AL66,,Sales,,1.00,0.00,nos,6400.00,0.00,0.0,84729090,FALSE,Cochin,Taxable,99381000000006208,GST18,18.000000,1152.00,Tax Group,,,goods,,6400.00,6400.00,7552.00,,,,
99381000001455556,2020-09-26,DC-00114,others,Draft,,99381000000098082,Cochin,99381000000112170,MEEZAN ELECTRONIC SCALES PRIVATE LIMITED,KL,business_gst,32AAECM1277C1ZY,false,Spreadsheet,INR,1.00,entity_level,true,0.000,0.00,Platform Weighing Scale 300kg/50g,,99381000000326166,PF4560,,Sales,"Make : YESWEIGH Model: YSP-5  
Max: 300 kg e: 50gm Min:1kg Class III",1.00,0.00,nos,4200.00,0.00,0.0,84231000,FALSE,Cochin,Taxable,99381000000006208,GST18,18.000000,756.00,Tax Group,,,goods,,4200.00,4200.00,4956.00,,,,
99381000001457382,2020-09-28,DC-00115,others,Draft,,99381000000098082,Cochin,99381000000112170,MEEZAN ELECTRONIC SCALES PRIVATE LIMITED,KL,business_gst,32AAECM1277C1ZY,false,Spreadsheet,INR,1.00,entity_level,true,0.000,0.00,MOTHER BOARD ATM/BENCH PC,,99381000000313080,BPC114,,Sales,,3.00,0.00,nos,130.00,0.00,0.0,84239020,FALSE,Cochin,Taxable,99381000000006208,GST18,18.000000,70.20,Tax Group,,,goods,,390.00,1350.00,1593.00,,,,
99381000001457382,2020-09-28,DC-00115,others,Draft,,99381000000098082,Cochin,99381000000112170,MEEZAN ELECTRONIC SCALES PRIVATE LIMITED,KL,business_gst,32AAECM1277C1ZY,false,Spreadsheet,INR,1.00,entity_level,true,0.000,0.00,LOAD CELL 700 KG,,99381000001140751,PLCK70,,Sales,,2.00,0.00,nos,350.00,0.00,0.0,84239020,FALSE,Cochin,Taxable,99381000000006208,GST18,18.000000,126.00,Tax Group,,,goods,,700.00,1350.00,1593.00,,,,
99381000001457382,2020-09-28,DC-00115,others,Draft,,99381000000098082,Cochin,99381000000112170,MEEZAN ELECTRONIC SCALES PRIVATE LIMITED,KL,business_gst,32AAECM1277C1ZY,false,Spreadsheet,INR,1.00,entity_level,true,0.000,0.00,Motherboard ATM PC Waterproof,,99381000000542355,WPC402,,Sales,,2.00,0.00,pcs,130.00,0.00,0.0,84239020,FALSE,Cochin,Taxable,99381000000006208,GST18,18.000000,46.80,Tax Group,,,goods,,260.00,1350.00,1593.00,,,,
99381000001457396,2020-09-28,DC-00116,others,Draft,,99381000000098082,Cochin,99381000000114383,ACCURATE TRADE LINKS,KL,business_gst,32AHJPK1741Q1Z4,false,Spreadsheet,INR,1.00,entity_level,true,0.000,0.00,Shear Beam Loadcell 1000 kg,,99381000000309273,SBLI10,,Sales,,4.00,0.00,nos,700.00,0.00,0.0,9031,FALSE,Cochin,Taxable,99381000000006208,GST18,18.000000,504.00,Tax Group,,,goods,,2800.00,2800.00,3304.00,,,,
99381000001476001,2020-09-29,DC-00117,others,Draft,,99381000000098082,Cochin,99381000000364094,TRAAS TECH,KL,business_gst,32AAPFT2527C1ZF,false,Spreadsheet,INR,1.00,entity_level,true,0.000,0.00,,,,,,Sales,FLOOR SCALE LCD INDICATOR,1.00,0.00,,1.00,0.00,0.0,,FALSE,,Taxable,99381000000006208,GST18,18.000000,0.18,Tax Group,,,service,,1.00,1.00,1.18,,,,
99381000001475040,2020-09-29,DC-00118,others,Draft,,99381000000098082,Cochin,99381000000014010,SOUTHERN SCALE SERVICES,KL,business_gst,32AANFS5802P1ZR,false,Spreadsheet,INR,1.00,entity_level,true,0.000,0.00,MOTHER BOARD,,99381000000306276,ECS815,,Sales,,1.00,0.00,pcs,7500.00,0.00,0.0,84239020,FALSE,Cochin,Taxable,99381000000006208,GST18,18.000000,1350.00,Tax Group,,,goods,,7500.00,7500.00,8850.00,,,,
99381000001476696,2020-09-29,DC-00119,others,Draft,,99381000000098082,Cochin,99381000000011046,GLOBAL DIGITAL SYSTEM,KL,consumer,,false,Spreadsheet,INR,1.00,entity_level,true,0.000,0.00,MOTHER BOARD ATM/BENCH PC,,99381000000313080,BPC114,,Sales,,2.00,0.00,nos,130.00,0.00,0.0,84239020,FALSE,Cochin,Taxable,99381000000260052,GST18 & KFC,19.000000,49.40,Tax Group,,,goods,,260.00,260.00,309.40,,,,
99381000001475064,2020-09-29,DC-00120,others,Draft,,99381000000098082,Cochin,99381000000036062,TRAVANCORE SCALES SERVICES,KL,business_gst,32APBPN7027C2ZD,false,Spreadsheet,INR,1.00,entity_level,true,0.000,0.00,MOTHER BOARD ATM/BENCH PC,,99381000000313080,BPC114,,Sales,,1.00,0.00,nos,130.00,0.00,0.0,84239020,FALSE,Cochin,Taxable,99381000000006208,GST18,18.000000,23.40,Tax Group,,,goods,,130.00,350.00,413.00,,,,
99381000001475064,2020-09-29,DC-00120,others,Draft,,99381000000098082,Cochin,99381000000036062,TRAVANCORE SCALES SERVICES,KL,business_gst,32APBPN7027C2ZD,false,Spreadsheet,INR,1.00,entity_level,true,0.000,0.00,Load Cell 70kg Bench PC,,99381000000542215,BPC113,,Sales,,1.00,0.00,pcs,220.00,0.00,0.0,84239020,FALSE,Cochin,Taxable,99381000000006208,GST18,18.000000,39.60,Tax Group,,,goods,,220.00,350.00,413.00,,,,
99381000001509555,2020-10-01,DC-00121,others,Draft,,99381000000098082,Cochin,99381000000036062,TRAVANCORE SCALES SERVICES,KL,business_gst,32APBPN7027C2ZD,false,Spreadsheet,INR,1.00,entity_level,true,0.000,0.00,MOTHER BOARD,,99381000000306276,ECS815,,Sales,,1.00,0.00,pcs,7500.00,0.00,0.0,84239020,FALSE,Cochin,Taxable,99381000000006208,GST18,18.000000,1350.00,Tax Group,,,goods,,7500.00,7500.00,8850.00,,,,
99381000001509565,2020-10-01,DC-00122,others,Draft,,99381000000098082,Cochin,99381000000126001,YELLOW SCALES,KL,business_gst,32CPDPS6051P1ZG,false,Spreadsheet,INR,1.00,entity_level,true,0.000,0.00,MOTHER BOARD,,99381000000306276,ECS815,,Sales,,1.00,0.00,pcs,7500.00,0.00,0.0,84239020,FALSE,Cochin,Taxable,99381000000006208,GST18,18.000000,1350.00,Tax Group,,,goods,,7500.00,7500.00,8850.00,,,,
99381000001509575,2020-10-01,DC-00123,others,Draft,,99381000000098082,Cochin,99381000000014010,SOUTHERN SCALE SERVICES,KL,business_gst,32AANFS5802P1ZR,false,Spreadsheet,INR,1.00,entity_level,true,0.000,0.00,MOTHER BOARD,,99381000000306276,ECS815,,Sales,,1.00,0.00,pcs,7500.00,0.00,0.0,84239020,FALSE,Cochin,Taxable,99381000000006208,GST18,18.000000,1350.00,Tax Group,,,goods,,7500.00,7500.00,8850.00,,,,
99381000001516422,2020-10-03,DC-00124,others,Draft,,99381000000098082,Cochin,99381000000064003,UNITECH WEIGHING SYSTEM,KL,business_gst,32BPDPM6388A1Z2,false,Spreadsheet,INR,1.00,entity_level,true,0.000,0.00,DISPLAY SET FRONT,,99381000000306342,ECS808,,Sales,,3.00,0.00,nos,1600.00,0.00,0.0,84239020,FALSE,Cochin,Taxable,99381000000006208,GST18,18.000000,864.00,Tax Group,,,goods,,4800.00,4800.00,5664.00,,,,
99381000001519041,2020-10-06,DC-00125,others,Draft,,99381000000098082,Cochin,99381000000747828,Venkatachalam,TN,business_gst,33AACPH9039A1Z8,false,Spreadsheet,INR,1.00,entity_level,true,0.000,0.00,Front Display Board Bench PC,,99381000000542197,BPC111,,Sales,,1.00,0.00,pcs,130.00,0.00,0.0,84239020,FALSE,Cochin,Taxable,99381000000006196,IGST18,18.000000,23.40,ItemAmount,INTD,,goods,,130.00,130.00,153.40,,,,
99381000001519051,2020-10-06,DC-00126,others,Draft,,99381000000098082,Cochin,99381000005496103,MALABAR SCALES- Thirssur,KL,business_gst,32AAWFM8788R1ZT,false,Spreadsheet,INR,1.00,entity_level,true,0.000,0.00,Load Cell 70kg Bench PC,,99381000000542215,BPC113,,Sales,,1.00,0.00,pcs,220.00,0.00,0.0,84239020,FALSE,Cochin,Taxable,99381000000006208,GST18,18.000000,39.60,Tax Group,,,goods,,220.00,640.00,755.20,,,,
99381000001519051,2020-10-06,DC-00126,others,Draft,,99381000000098082,Cochin,99381000005496103,MALABAR SCALES- Thirssur,KL,business_gst,32AAWFM8788R1ZT,false,Spreadsheet,INR,1.00,entity_level,true,0.000,0.00,Touch Keypad ATM PC Touch,,99381000000542306,TPC302,,Sales,,2.00,0.00,pcs,210.00,0.00,0.0,84239020,FALSE,Cochin,Taxable,99381000000006208,GST18,18.000000,75.60,Tax Group,,,goods,,420.00,640.00,755.20,,,,
99381000001520839,2020-10-06,DC-00127,others,Draft,,99381000000098082,Cochin,99381000000940238,INTERWEIGHING PVT. LTD.,KL,business_gst,32AAFCI1950F1ZZ,false,Spreadsheet,INR,1.00,entity_level,true,0.000,0.00,Table Top Scale  220x170 ABS 6 Volt,,99381000000562040,TTABS6V,,Sales,"Model : YST-20
Max : 20kg e:2gm Min: 40g Class III",6.00,0.00,nos,1300.00,0.00,0.0,84231000,FALSE,Cochin,Taxable,99381000000006208,GST18,18.000000,1404.00,Tax Group,,,goods,,7800.00,7800.00,9204.00,,,,
99381000001519253,2020-10-06,DC-00128,others,Draft,,99381000000098082,Cochin,99381000000575003,YESWEIGH TECHNOLOGIES PRIVATE LIMITED,KL,business_gst,32AABCY1984H1Z9,false,Spreadsheet,INR,1.00,entity_level,true,0.000,0.00,DISPLAY SET FRONT,,99381000000306342,ECS808,,Sales,,2.00,0.00,nos,1600.00,0.00,0.0,84239020,FALSE,Cochin,Taxable,99381000000006208,GST18,18.000000,576.00,Tax Group,,,goods,,3200.00,3200.00,3776.00,,,,
99381000001519263,2020-10-06,DC-00129,others,Draft,,99381000000098082,Cochin,99381000000036062,TRAVANCORE SCALES SERVICES,KL,business_gst,32APBPN7027C2ZD,false,Spreadsheet,INR,1.00,entity_level,true,0.000,0.00,DISPLAY SET FRONT,,99381000000306342,ECS808,,Sales,,1.00,0.00,nos,1600.00,0.00,0.0,84239020,FALSE,Cochin,Taxable,99381000000006208,GST18,18.000000,288.00,Tax Group,,,goods,,1600.00,1600.00,1888.00,,,,
99381000001519273,2020-10-06,DC-00130,others,Draft,,99381000000098082,Cochin,99381000000850389,Eva Scales,KL,business_gst,32BFKPT8939R1Z9,false,Spreadsheet,INR,1.00,entity_level,true,0.000,0.00,DISPLAY SET FRONT,,99381000000306342,ECS808,,Sales,,1.00,0.00,nos,1600.00,0.00,0.0,84239020,FALSE,Cochin,Taxable,99381000000006208,GST18,18.000000,288.00,Tax Group,,,goods,,1600.00,1600.00,1888.00,,,,
99381000001519299,2020-10-06,DC-00131,others,Draft,,99381000000098082,Cochin,99381000000231096,Victory Scales,KL,business_gst,32AAAAV1247P1ZC,false,Spreadsheet,INR,1.00,entity_level,true,0.000,0.00,DISPLAY SET FRONT,,99381000000306342,ECS808,,Sales,,1.00,0.00,nos,1600.00,0.00,0.0,84239020,FALSE,Cochin,Taxable,99381000000006208,GST18,18.000000,288.00,Tax Group,,,goods,,1600.00,1600.00,1888.00,,,,
99381000001519309,2020-10-06,DC-00132,others,Draft,,99381000000098082,Cochin,99381000000615001,LEO SCALES AND SERVICES,KL,business_gst,32AABFL3813F1ZW,false,Spreadsheet,INR,1.00,entity_level,true,0.000,0.00,Q8LBL Dot Matrix Display Set,,99381000001073021,Q8602,,Sales,,1.00,0.00,nos,1625.00,0.00,0.0,84239020,FALSE,Cochin,Taxable,99381000000006208,GST18,18.000000,292.50,Tax Group,,,goods,,1625.00,1625.00,1917.50,,,,
99381000001520849,2020-10-06,DC-00133,others,Draft,,99381000000098082,Cochin,99381000000114383,ACCURATE TRADE LINKS,KL,business_gst,32AHJPK1741Q1Z4,false,Spreadsheet,INR,1.00,entity_level,true,0.000,0.00,SMPS 20V,,99381000001455323,Q8604,,Sales,,1.00,0.00,nos,1900.00,0.00,0.0,84239020,FALSE,Cochin,Taxable,99381000000006208,GST18,18.000000,342.00,Tax Group,,,goods,,1900.00,3250.00,3835.00,,,,
99381000001520849,2020-10-06,DC-00133,others,Draft,,99381000000098082,Cochin,99381000000114383,ACCURATE TRADE LINKS,KL,business_gst,32AHJPK1741Q1Z4,false,Spreadsheet,INR,1.00,entity_level,true,0.000,0.00,SMPS 7V,,99381000000306148,ECS817,,Sales,,1.00,0.00,nos,950.00,0.00,0.0,84239020,FALSE,Cochin,Taxable,99381000000006208,GST18,18.000000,171.00,Tax Group,,,goods,,950.00,3250.00,3835.00,,,,
99381000001520849,2020-10-06,DC-00133,others,Draft,,99381000000098082,Cochin,99381000000114383,ACCURATE TRADE LINKS,KL,business_gst,32AHJPK1741Q1Z4,false,Spreadsheet,INR,1.00,entity_level,true,0.000,0.00,MOTHER BOARD ATM/BENCH PC,,99381000000313080,BPC114,,Sales,,2.00,0.00,nos,130.00,0.00,0.0,84239020,FALSE,Cochin,Taxable,99381000000006208,GST18,18.000000,46.80,Tax Group,,,goods,,260.00,3250.00,3835.00,,,,
99381000001520849,2020-10-06,DC-00133,others,Draft,,99381000000098082,Cochin,99381000000114383,ACCURATE TRADE LINKS,KL,business_gst,32AHJPK1741Q1Z4,false,Spreadsheet,INR,1.00,entity_level,true,0.000,0.00,Transformer Box Bench PC,,99381000000542179,BPC109,,Sales,,2.00,0.00,pcs,25.00,0.00,0.0,84239020,FALSE,Cochin,Taxable,99381000000006208,GST18,18.000000,9.00,Tax Group,,,goods,,50.00,3250.00,3835.00,,,,
99381000001520849,2020-10-06,DC-00133,others,Draft,,99381000000098082,Cochin,99381000000114383,ACCURATE TRADE LINKS,KL,business_gst,32AHJPK1741Q1Z4,false,Spreadsheet,INR,1.00,entity_level,true,0.000,0.00,AC/DC Adaptor,,99381000000542391,WPC406,,Sales,,1.00,0.00,pcs,90.00,0.00,0.0,84239020,FALSE,Cochin,Taxable,99381000000006208,GST18,18.000000,16.20,Tax Group,,,goods,,90.00,3250.00,3835.00,,,,
99381000001523005,2020-10-07,DC-00134,others,Draft,,99381000000098082,Cochin,99381000000126001,YELLOW SCALES,KL,business_gst,32CPDPS6051P1ZG,false,Spreadsheet,INR,1.00,entity_level,true,0.000,0.00,DISPLAY SET FRONT,,99381000000306342,ECS808,,Sales,,1.00,0.00,nos,1600.00,0.00,0.0,84239020,FALSE,Cochin,Taxable,99381000000006208,GST18,18.000000,288.00,Tax Group,,,goods,,1600.00,1600.00,1888.00,,,,
99381000001530001,2020-10-07,DC-00136,others,Draft,,99381000000098082,Cochin,99381000000084733,ELMASS SYSTEMS & SERVICES,KL,business_gst,32AACFE8918M1Z7,false,Spreadsheet,INR,1.00,entity_level,true,0.000,0.00,SMPS 7V,,99381000000306148,ECS817,,Sales,,1.00,0.00,nos,950.00,0.00,0.0,84239020,FALSE,Cochin,Taxable,99381000000006208,GST18,18.000000,171.00,Tax Group,,,goods,,950.00,950.00,1121.00,,,,
99381000001529709,2020-10-08,DC-00137,others,Draft,,99381000000098082,Cochin,99381000000940238,INTERWEIGHING PVT. LTD.,KL,business_gst,32AAFCI1950F1ZZ,false,Spreadsheet,INR,1.00,entity_level,true,0.000,0.00,Bill Printing scale Q8POS,,99381000000011617,ECS5W,,Sales,Make:YESWEIGH  Model:YS-30   Max:30kg  e:5g  Min:100g  Class:III,1.00,0.00,nos,15500.00,0.00,0.0,84231000,FALSE,Cochin,Taxable,99381000000006208,GST18,18.000000,2790.00,Tax Group,,,goods,,15500.00,21900.00,25842.00,,,,
99381000001529709,2020-10-08,DC-00137,others,Draft,,99381000000098082,Cochin,99381000000940238,INTERWEIGHING PVT. LTD.,KL,business_gst,32AAFCI1950F1ZZ,false,Spreadsheet,INR,1.00,entity_level,true,0.000,0.00,CCM  - Value Counting Machine,,99381000000302452,AL66,,Sales,,1.00,0.00,nos,6400.00,0.00,0.0,84729090,FALSE,Cochin,Taxable,99381000000006208,GST18,18.000000,1152.00,Tax Group,,,goods,,6400.00,21900.00,25842.00,,,,
99381000001536121,2020-10-09,DC-00138,others,Draft,,99381000000098082,Cochin,99381000000940238,INTERWEIGHING PVT. LTD.,KL,business_gst,32AAFCI1950F1ZZ,false,Spreadsheet,INR,1.00,entity_level,true,0.000,0.00,Price Computing scale,,99381000000016031,ATMPC,,Sales,"Make: YESWEIGH  Model:YSP-20
Max:20kg  e:2g  Min:40g  Class:III",5.00,0.00,nos,1880.00,0.00,0.0,84231000,FALSE,Cochin,Taxable,99381000000006208,GST18,18.000000,1692.00,Tax Group,,,goods,,9400.00,17720.00,20909.60,,,,
99381000001536121,2020-10-09,DC-00138,others,Draft,,99381000000098082,Cochin,99381000000940238,INTERWEIGHING PVT. LTD.,KL,business_gst,32AAFCI1950F1ZZ,false,Spreadsheet,INR,1.00,entity_level,true,0.000,0.00,Platform scale,,99381000000016068,BENCHPC,,Sales,"Make: YESWEIGH  Model:YSP-50
Max:50kg  e:5g  Min:100g  Class:III",4.00,0.00,nos,2080.00,0.00,0.0,84231000,FALSE,Cochin,Taxable,99381000000006208,GST18,18.000000,1497.60,Tax Group,,,goods,,8320.00,17720.00,20909.60,,,,
99381000001536809,2020-10-12,DC-00139,others,Draft,,99381000000098082,Cochin,99381000000615001,LEO SCALES AND SERVICES,KL,business_gst,32AABFL3813F1ZW,false,Spreadsheet,INR,1.00,entity_level,true,0.000,0.00,Label Printing scale Q8LBL,,99381000000194633,Q8LBL,,Sales,Make:YESWEIGH  Model:YS-30   Max:30kg  e:5g  Min:100g  Class:III,1.00,0.00,nos,16500.00,0.00,0.0,84231000,FALSE,Cochin,Taxable,99381000000006208,GST18,18.000000,2970.00,Tax Group,,,goods,,16500.00,16500.00,19470.00,,,,
99381000001543773,2020-10-12,DC-00140,others,Draft,,99381000000098082,Cochin,99381000000036062,TRAVANCORE SCALES SERVICES,KL,business_gst,32APBPN7027C2ZD,false,Spreadsheet,INR,1.00,entity_level,true,0.000,0.00,MOTHER BOARD,,99381000000306276,ECS815,,Sales,,1.00,0.00,pcs,7500.00,0.00,0.0,84239020,FALSE,Cochin,Taxable,99381000000006208,GST18,18.000000,1350.00,Tax Group,,,goods,,7500.00,7500.00,8850.00,,,,
99381000001559068,2020-10-15,DC-00141,Job Work,Draft,,99381000000098082,Cochin,99381000000940238,INTERWEIGHING PVT. LTD.,KL,business_gst,32AAFCI1950F1ZZ,false,Spreadsheet,INR,1.00,entity_level,true,0.000,0.00,Price Computing scale,,99381000000016031,ATMPC,,Sales,"Make: YESWEIGH  Model:YSP-20
Max:20kg  e:2g  Min:40g  Class:III",1.00,0.00,nos,1880.00,0.00,0.0,84231000,FALSE,Cochin,Taxable,99381000000006208,GST18,18.000000,338.40,Tax Group,,,goods,,1880.00,31660.00,37358.80,,,,
99381000001559068,2020-10-15,DC-00141,Job Work,Draft,,99381000000098082,Cochin,99381000000940238,INTERWEIGHING PVT. LTD.,KL,business_gst,32AAFCI1950F1ZZ,false,Spreadsheet,INR,1.00,entity_level,true,0.000,0.00,Platform scale,,99381000000016068,BENCHPC,,Sales,"Make: YESWEIGH  Model:YSP-50
Max:50kg  e:5g  Min:100g  Class:III",1.00,0.00,nos,2080.00,0.00,0.0,84231000,FALSE,Cochin,Taxable,99381000000006208,GST18,18.000000,374.40,Tax Group,,,goods,,2080.00,31660.00,37358.80,,,,
99381000001559068,2020-10-15,DC-00141,Job Work,Draft,,99381000000098082,Cochin,99381000000940238,INTERWEIGHING PVT. LTD.,KL,business_gst,32AAFCI1950F1ZZ,false,Spreadsheet,INR,1.00,entity_level,true,0.000,0.00,Table Top Scale  220x170 ABS 6 Volt,,99381000000562040,TTABS6V,,Sales,"Model : YST-20
Max : 20kg e:2gm Min: 40g Class III",1.00,0.00,nos,1300.00,0.00,0.0,84231000,FALSE,Cochin,Taxable,99381000000006208,GST18,18.000000,234.00,Tax Group,,,goods,,1300.00,31660.00,37358.80,,,,
99381000001559068,2020-10-15,DC-00141,Job Work,Draft,,99381000000098082,Cochin,99381000000940238,INTERWEIGHING PVT. LTD.,KL,business_gst,32AAFCI1950F1ZZ,false,Spreadsheet,INR,1.00,entity_level,true,0.000,0.00,Analytical Balance 220g /0.1mg,,99381000000205926,BSM2204,,Sales,Make : YES WEIGH Model : YSJ 50,1.00,0.00,nos,19000.00,0.00,0.0,84231000,FALSE,Cochin,Taxable,99381000000006208,GST18,18.000000,3420.00,Tax Group,,,goods,,19000.00,31660.00,37358.80,,,,
99381000001559068,2020-10-15,DC-00141,Job Work,Draft,,99381000000098082,Cochin,99381000000940238,INTERWEIGHING PVT. LTD.,KL,business_gst,32AAFCI1950F1ZZ,false,Spreadsheet,INR,1.00,entity_level,true,0.000,0.00,Analytical Balance 220g/1 mg,,99381000000205935,BSM2203,,Sales,"Make : YES WEIGH Model : YSJ 50
",1.00,0.00,nos,7400.00,0.00,0.0,84231000,FALSE,Cochin,Taxable,99381000000006208,GST18,18.000000,1332.00,Tax Group,,,goods,,7400.00,31660.00,37358.80,,,,
99381000001563001,2020-10-16,DC-00142,others,Draft,,99381000000098082,Cochin,99381000000161200,GK electronics,KL,business_gst,32CPSPM4266B1ZV,false,Spreadsheet,INR,1.00,entity_level,true,0.000,0.00,Q8LBL Dot Matrix Display Set,,99381000001073021,Q8602,,Sales,,1.00,0.00,nos,1625.00,0.00,0.0,84239020,FALSE,Cochin,Taxable,99381000000006208,GST18,18.000000,292.50,Tax Group,,,goods,,1625.00,1625.00,1917.50,,,,
99381000001569277,2020-10-17,DC-00143,others,Draft,,99381000000098082,Cochin,99381000000940238,INTERWEIGHING PVT. LTD.,KL,business_gst,32AAFCI1950F1ZZ,false,Spreadsheet,INR,1.00,entity_level,true,0.000,0.00,Platform Weighing Scale 200kg/20g,,99381000000326157,PFPC400X500SS,,Sales,"Make:YESWEIGH Model : YSP-200
Max : 200kg e: 20g Min :400gm 
Class: III
",1.00,0.00,nos,3500.00,0.00,0.0,84231000,FALSE,Cochin,Taxable,99381000000006208,GST18,18.000000,630.00,Tax Group,,,goods,,3500.00,6500.00,7670.00,,,,
99381000001569277,2020-10-17,DC-00143,others,Draft,,99381000000098082,Cochin,99381000000940238,INTERWEIGHING PVT. LTD.,KL,business_gst,32AAFCI1950F1ZZ,false,Spreadsheet,INR,1.00,entity_level,true,0.000,0.00,Plateform Weighing Scale 100kgx10g MS,,99381000001476013,PFPC400X400MS,,Sales,"Make : YESWEIGH Model:YSP-100
Max:100 kg e: 10gm Min:200g Class III",1.00,0.00,nos,3000.00,0.00,0.0,84239020,FALSE,Cochin,Taxable,99381000000006208,GST18,18.000000,540.00,Tax Group,,,goods,,3000.00,6500.00,7670.00,,,,
99381000001569289,2020-10-17,DC-00144,others,Draft,,99381000000098082,Cochin,99381000000940238,INTERWEIGHING PVT. LTD.,KL,business_gst,32AAFCI1950F1ZZ,false,Spreadsheet,INR,1.00,entity_level,true,0.000,0.00,Analytical Balance 220g /0.1mg,,99381000000205926,BSM2204,,Sales,Make : YES WEIGH Model : YSJ 50,1.00,0.00,nos,19000.00,0.00,0.0,84231000,FALSE,Cochin,Taxable,99381000000006208,GST18,18.000000,3420.00,Tax Group,,,goods,,19000.00,19000.00,22420.00,,,,
99381000001573335,2020-10-19,DC-00145,others,Draft,,99381000000098082,Cochin,99381000000126001,YELLOW SCALES,KL,business_gst,32CPDPS6051P1ZG,false,Spreadsheet,INR,1.00,entity_level,true,0.000,0.00,DISPLAY SET FRONT,,99381000000306342,ECS808,,Sales,,1.00,0.00,nos,1600.00,0.00,0.0,84239020,FALSE,Cochin,Taxable,99381000000006208,GST18,18.000000,288.00,Tax Group,,,goods,,1600.00,1600.00,1888.00,,,,
99381000001581032,2020-10-19,DC-00146,others,Draft,,99381000000098082,Cochin,99381000000940238,INTERWEIGHING PVT. LTD.,KL,business_gst,32AAFCI1950F1ZZ,false,Spreadsheet,INR,1.00,entity_level,true,0.000,0.00,Platform scale,,99381000000016068,BENCHPC,,Sales,"Make: YESWEIGH  Model:YSP-50
Max:50kg  e:5g  Min:100g  Class:III",114.00,0.00,nos,20.00,0.00,0.0,84231000,FALSE,Cochin,Taxable,99381000000006208,GST18,18.000000,410.40,Tax Group,,,goods,,2280.00,2331.00,2750.58,,,,
99381000001581032,2020-10-19,DC-00146,others,Draft,,99381000000098082,Cochin,99381000000940238,INTERWEIGHING PVT. LTD.,KL,business_gst,32AAFCI1950F1ZZ,false,Spreadsheet,INR,1.00,entity_level,true,0.000,0.00,Bill Printing scale Q8POS,,99381000000011617,ECS5W,,Sales,Make:YESWEIGH  Model:YS-30   Max:30kg  e:5g  Min:100g  Class:III,1.00,0.00,nos,15.00,0.00,0.0,84231000,FALSE,Cochin,Taxable,99381000000006208,GST18,18.000000,2.70,Tax Group,,,goods,,15.00,2331.00,2750.58,,,,
99381000001581032,2020-10-19,DC-00146,others,Draft,,99381000000098082,Cochin,99381000000940238,INTERWEIGHING PVT. LTD.,KL,business_gst,32AAFCI1950F1ZZ,false,Spreadsheet,INR,1.00,entity_level,true,0.000,0.00,Price Computing scale,,99381000000016031,ATMPC,,Sales,"Make: YESWEIGH  Model:YSP-20
Max:20kg  e:2g  Min:40g  Class:III",2.00,0.00,nos,18.00,0.00,0.0,84231000,FALSE,Cochin,Taxable,99381000000006208,GST18,18.000000,6.48,Tax Group,,,goods,,36.00,2331.00,2750.58,,,,
99381000001581920,2020-10-20,DC-00147,others,Draft,,99381000000098082,Cochin,99381000000084733,ELMASS SYSTEMS & SERVICES,KL,business_gst,32AACFE8918M1Z7,false,Spreadsheet,INR,1.00,entity_level,true,0.000,0.00,DISPLAY SET FRONT,,99381000000306342,ECS808,,Sales,,1.00,0.00,nos,1600.00,0.00,0.0,84239020,FALSE,Cochin,Taxable,99381000000006208,GST18,18.000000,288.00,Tax Group,,,goods,,1600.00,1600.00,1888.00,,,,
99381000001595874,2020-10-20,DC-00148,others,Draft,,99381000000098082,Cochin,99381000000940238,INTERWEIGHING PVT. LTD.,KL,business_gst,32AAFCI1950F1ZZ,false,Spreadsheet,INR,1.00,entity_level,true,0.000,0.00,ATM JUNIOR YS669,,99381000001247038,YS669,,Sales,"Make : YESWEIGH Model : YSP-20
Max : 20kg e:2g Min:40g
Class : III",115.00,0.00,nos,17.00,0.00,0.0,84231000,FALSE,Cochin,Taxable,99381000000006208,GST18,18.000000,351.90,Tax Group,,,goods,,1955.00,2390.00,2820.20,,,,
99381000001595874,2020-10-20,DC-00148,others,Draft,,99381000000098082,Cochin,99381000000940238,INTERWEIGHING PVT. LTD.,KL,business_gst,32AAFCI1950F1ZZ,false,Spreadsheet,INR,1.00,entity_level,true,0.000,0.00,CCM  - Value Counting Machine,,99381000000302452,AL66,,Sales,,1.00,0.00,nos,64.00,0.00,0.0,84729090,FALSE,Cochin,Taxable,99381000000006208,GST18,18.000000,11.52,Tax Group,,,goods,,64.00,2390.00,2820.20,,,,
99381000001595874,2020-10-20,DC-00148,others,Draft,,99381000000098082,Cochin,99381000000940238,INTERWEIGHING PVT. LTD.,KL,business_gst,32AAFCI1950F1ZZ,false,Spreadsheet,INR,1.00,entity_level,true,0.000,0.00,Table Top Scale 220x170 ABS 4 Volt,,99381000000349058,CH4VSF,,Sales,"Make  : YESWEIGH Model: YST-20
Max :20kg e:2gm Min: 40g Class III",29.00,0.00,nos,11.00,0.00,0.0,84231000,FALSE,Cochin,Taxable,99381000000006208,GST18,18.000000,57.42,Tax Group,,,goods,,319.00,2390.00,2820.20,,,,
99381000001595874,2020-10-20,DC-00148,others,Draft,,99381000000098082,Cochin,99381000000940238,INTERWEIGHING PVT. LTD.,KL,business_gst,32AAFCI1950F1ZZ,false,Spreadsheet,INR,1.00,entity_level,true,0.000,0.00,Table Top Scale  220x170 ABS 6 Volt,,99381000000562040,TTABS6V,,Sales,"Model : YST-20
Max : 20kg e:2gm Min: 40g Class III",4.00,0.00,nos,13.00,0.00,0.0,84231000,FALSE,Cochin,Taxable,99381000000006208,GST18,18.000000,9.36,Tax Group,,,goods,,52.00,2390.00,2820.20,,,,
99381000001610251,2020-10-22,DC-00149,others,Draft,,99381000000098082,Cochin,99381000000112170,MEEZAN ELECTRONIC SCALES PRIVATE LIMITED,KL,business_gst,32AAECM1277C1ZY,false,Spreadsheet,INR,1.00,entity_level,true,0.000,0.00,Shear Beam Loadcell 1.5T WITH FOOT,,99381000001523185,SHEARBEAM15T2,,Sales,,4.00,0.00,,420.00,0.00,0.0,84239020,FALSE,,Taxable,99381000000006208,GST18,18.000000,302.40,Tax Group,,,goods,,1680.00,3360.00,3964.80,,,,
99381000001610251,2020-10-22,DC-00149,others,Draft,,99381000000098082,Cochin,99381000000112170,MEEZAN ELECTRONIC SCALES PRIVATE LIMITED,KL,business_gst,32AAECM1277C1ZY,false,Spreadsheet,INR,1.00,entity_level,true,0.000,0.00,Shear Beam Loadcell 1000 kg,,99381000000309273,SBLI10,,Sales,,4.00,0.00,nos,420.00,0.00,0.0,84239020,FALSE,Cochin,Taxable,99381000000006208,GST18,18.000000,302.40,Tax Group,,,goods,,1680.00,3360.00,3964.80,,,,
99381000001618023,2020-10-23,DC-00150,others,Draft,,99381000000098082,Cochin,99381000000575003,YESWEIGH TECHNOLOGIES PRIVATE LIMITED,KL,business_gst,32AABCY1984H1Z9,false,Spreadsheet,INR,1.00,entity_level,true,0.000,0.00,LOAD CELL 700 KG,,99381000001140751,PLCK70,,Sales,,2.00,0.00,nos,350.00,0.00,0.0,84239020,FALSE,Cochin,Taxable,99381000000006208,GST18,18.000000,126.00,Tax Group,,,goods,,700.00,700.00,826.00,,,,
99381000001676252,2020-10-31,DC-00151,others,Draft,,99381000000098082,Cochin,99381000000850389,Eva Scales,KL,business_gst,32BFKPT8939R1Z9,false,Spreadsheet,INR,1.00,entity_level,true,0.000,0.00,DISPLAY SET FRONT,,99381000000306342,ECS808,,Sales,,1.00,0.00,nos,1600.00,0.00,0.0,84239020,FALSE,Cochin,Taxable,99381000000006208,GST18,18.000000,288.00,Tax Group,,,goods,,1600.00,1600.00,1888.00,,,,
99381000001676262,2020-10-31,DC-00152,others,Draft,,99381000000098082,Cochin,99381000000575003,YESWEIGH TECHNOLOGIES PRIVATE LIMITED,KL,business_gst,32AABCY1984H1Z9,false,Spreadsheet,INR,1.00,entity_level,true,0.000,0.00,DISPLAY SET FRONT,,99381000000306342,ECS808,,Sales,,1.00,0.00,nos,1600.00,0.00,0.0,84239020,FALSE,Cochin,Taxable,99381000000006208,GST18,18.000000,288.00,Tax Group,,,goods,,1600.00,1600.00,1888.00,,,,
99381000001676272,2020-10-31,DC-00153,others,Draft,,99381000000098082,Cochin,99381000000553036,Gee Bee Instruments,KA,business_gst,29AXEPS2651Q1ZO,false,Spreadsheet,INR,1.00,entity_level,true,0.000,0.00,DISPLAY SET FRONT,,99381000000306342,ECS808,,Sales,,1.00,0.00,nos,1600.00,0.00,0.0,84239020,FALSE,Cochin,Taxable,99381000000006196,IGST18,18.000000,288.00,ItemAmount,INTD,,goods,,1600.00,1600.00,1888.00,,,,
99381000001676282,2020-10-31,DC-00154,others,Draft,,99381000000098082,Cochin,99381000000231096,Victory Scales,KL,business_gst,32AAAAV1247P1ZC,false,Spreadsheet,INR,1.00,entity_level,true,0.000,0.00,DISPLAY SET FRONT,,99381000000306342,ECS808,,Sales,,1.00,0.00,nos,1600.00,0.00,0.0,84239020,FALSE,Cochin,Taxable,99381000000006208,GST18,18.000000,288.00,Tax Group,,,goods,,1600.00,1860.00,2194.80,,,,
99381000001676282,2020-10-31,DC-00154,others,Draft,,99381000000098082,Cochin,99381000000231096,Victory Scales,KL,business_gst,32AAAAV1247P1ZC,false,Spreadsheet,INR,1.00,entity_level,true,0.000,0.00,FRONT DISPLAY BOARD ATM PC,,99381000000313049,APC206,,Sales,,1.00,0.00,nos,130.00,0.00,0.0,84239020,FALSE,Cochin,Taxable,99381000000006208,GST18,18.000000,23.40,Tax Group,,,goods,,130.00,1860.00,2194.80,,,,
99381000001676282,2020-10-31,DC-00154,others,Draft,,99381000000098082,Cochin,99381000000231096,Victory Scales,KL,business_gst,32AAAAV1247P1ZC,false,Spreadsheet,INR,1.00,entity_level,true,0.000,0.00,Front Display Board Bench PC,,99381000000542197,BPC111,,Sales,,1.00,0.00,pcs,130.00,0.00,0.0,84239020,FALSE,Cochin,Taxable,99381000000006208,GST18,18.000000,23.40,Tax Group,,,goods,,130.00,1860.00,2194.80,,,,
99381000001691001,2020-11-03,DC-00155,others,Draft,,99381000000098082,Cochin,99381000001345032,ACCURATE SCALES,KL,business_gst,32BNEPM9609M1ZM,false,Spreadsheet,INR,1.00,entity_level,true,0.000,0.00,Keypad Board Bench PC,,99381000000542116,BPC102,,Sales,,1.00,0.00,pcs,130.00,0.00,0.0,84239020,FALSE,Cochin,Taxable,99381000000006208,GST18,18.000000,23.40,Tax Group,,,goods,,130.00,130.00,153.40,,,,
99381000001691037,2020-11-03,DC-00156,others,Draft,,99381000000098082,Cochin,99381000000154574,TAKYON SYSTEMS,KL,business_gst,32AANFT0176D1ZE,false,Spreadsheet,INR,1.00,entity_level,true,0.000,0.00,DISPLAY SET FRONT,,99381000000306342,ECS808,,Sales,,2.00,0.00,nos,1600.00,0.00,0.0,84239020,FALSE,Cochin,Taxable,99381000000006208,GST18,18.000000,576.00,Tax Group,,,goods,,3200.00,3200.00,3776.00,,,,
99381000001697271,2020-11-04,DC-00157,others,Draft,,99381000000098082,Cochin,99381000000940238,INTERWEIGHING PVT. LTD.,KL,business_gst,32AAFCI1950F1ZZ,false,Spreadsheet,INR,1.00,entity_level,true,0.000,0.00,Price Computing Scale-W,,99381000000035371,ATMPCW,,Sales,"Make: YESWEIGH Model: YSP-20
Max:20kg  e:2g  Min:40g  Class:III",2.00,0.00,nos,1950.00,0.00,0.0,84231000,FALSE,Cochin,Taxable,99381000000006208,GST18,18.000000,702.00,Tax Group,,,goods,,3900.00,3900.00,4602.00,,,,
99381000001703033,2020-11-04,DC-00158,others,Draft,,99381000000098082,Cochin,99381000000151001,Dynamic Enterprises,KL,business_gst,32ATJPS7075B1ZN,false,Spreadsheet,INR,1.00,entity_level,true,0.000,0.00,DISPLAY SET FRONT,,99381000000306342,ECS808,,Sales,,1.00,0.00,nos,1600.00,0.00,0.0,84239020,FALSE,Cochin,Taxable,99381000000006208,GST18,18.000000,288.00,Tax Group,,,goods,,1600.00,2550.00,3009.00,,,,
99381000001703033,2020-11-04,DC-00158,others,Draft,,99381000000098082,Cochin,99381000000151001,Dynamic Enterprises,KL,business_gst,32ATJPS7075B1ZN,false,Spreadsheet,INR,1.00,entity_level,true,0.000,0.00,SMPS 7V,,99381000000306148,ECS817,,Sales,,1.00,0.00,nos,950.00,0.00,0.0,84239020,FALSE,Cochin,Taxable,99381000000006208,GST18,18.000000,171.00,Tax Group,,,goods,,950.00,2550.00,3009.00,,,,
99381000001708094,2020-11-05,DC-00159,others,Draft,,99381000000098082,Cochin,99381000000940238,INTERWEIGHING PVT. LTD.,KL,business_gst,32AAFCI1950F1ZZ,false,Spreadsheet,INR,1.00,entity_level,true,0.000,0.00,Platform scale,,99381000000016068,BENCHPC,,Sales,"Make: YESWEIGH  Model:YSP-50
Max:50kg  e:5g  Min:100g  Class:III",6.00,0.00,nos,2080.00,0.00,0.0,84231000,FALSE,Cochin,Taxable,99381000000006208,GST18,18.000000,2246.40,Tax Group,,,goods,,12480.00,12480.00,14726.40,,,,
99381000001727051,2020-11-10,DC-00160,others,Draft,,99381000000098082,Cochin,99381000000940238,INTERWEIGHING PVT. LTD.,KL,business_gst,32AAFCI1950F1ZZ,false,Spreadsheet,INR,1.00,entity_level,true,0.000,0.00,ECS Indicator,,99381000000343199,ECSIND,,Sales,,1.00,0.00,nos,1450.00,0.00,0.0,84231000,FALSE,Cochin,Taxable,99381000000006208,GST18,18.000000,261.00,Tax Group,,,goods,,1450.00,4280.00,5050.40,,,,
99381000001727051,2020-11-10,DC-00160,others,Draft,,99381000000098082,Cochin,99381000000940238,INTERWEIGHING PVT. LTD.,KL,business_gst,32AAFCI1950F1ZZ,false,Spreadsheet,INR,1.00,entity_level,true,0.000,0.00,Label Printing scale Q8LBL,,99381000000194633,Q8LBL,,Sales,Make:YESWEIGH  Model:YS-30   Max:30kg  e:5g  Min:100g  Class:III,1.00,0.00,nos,1660.00,0.00,0.0,84231000,FALSE,Cochin,Taxable,99381000000006208,GST18,18.000000,298.80,Tax Group,,,goods,,1660.00,4280.00,5050.40,,,,
99381000001727051,2020-11-10,DC-00160,others,Draft,,99381000000098082,Cochin,99381000000940238,INTERWEIGHING PVT. LTD.,KL,business_gst,32AAFCI1950F1ZZ,false,Spreadsheet,INR,1.00,entity_level,true,0.000,0.00,Platform Weighing Scale 300kg/50g,,99381000000326166,PF4560,,Sales,"Make : YESWEIGH Model: YSP-5  
Max: 300 kg e: 50gm Min:1kg Class III",1.00,0.00,nos,430.00,0.00,0.0,84231000,FALSE,Cochin,Taxable,99381000000006208,GST18,18.000000,77.40,Tax Group,,,goods,,430.00,4280.00,5050.40,,,,
99381000001727051,2020-11-10,DC-00160,others,Draft,,99381000000098082,Cochin,99381000000940238,INTERWEIGHING PVT. LTD.,KL,business_gst,32AAFCI1950F1ZZ,false,Spreadsheet,INR,1.00,entity_level,true,0.000,0.00,Analytical Balance 220g/1 mg,,99381000000205935,BSM2203,,Sales,"Make : YES WEIGH Model : YSJ 50
",1.00,0.00,nos,740.00,0.00,0.0,84231000,FALSE,Cochin,Taxable,99381000000006208,GST18,18.000000,133.20,Tax Group,,,goods,,740.00,4280.00,5050.40,,,,
99381000001735075,2020-11-11,DC-00161,others,Draft,,99381000000098082,Cochin,99381000001735057,BIJU,KA,consumer,,false,Spreadsheet,INR,1.00,entity_level,true,0.000,0.00,Platform Weighing Scale 300kg/50g,,99381000000326166,PF4560,,Sales,"Make : YESWEIGH Model: YSP-5  
Max: 200 kg e: 20gm Min:1kg Class III",1.00,0.00,nos,4300.00,0.00,0.0,84231000,FALSE,Cochin,Taxable,99381000000006196,IGST18,18.000000,774.00,ItemAmount,INTD,,goods,,4300.00,42300.00,49914.00,,,,
99381000001735075,2020-11-11,DC-00161,others,Draft,,99381000000098082,Cochin,99381000001735057,BIJU,KA,consumer,,false,Spreadsheet,INR,1.00,entity_level,true,0.000,0.00,Label Printing scale Q8LBL,,99381000000194633,Q8LBL,,Sales,Make:YESWEIGH  Model:YS-30   Max:30kg  e:5g  Min:100g  Class:III,1.00,0.00,nos,10000.00,0.00,0.0,84231000,FALSE,Cochin,Taxable,99381000000006196,IGST18,18.000000,1800.00,ItemAmount,INTD,,goods,,10000.00,42300.00,49914.00,,,,
99381000001735075,2020-11-11,DC-00161,others,Draft,,99381000000098082,Cochin,99381000001735057,BIJU,KA,consumer,,false,Spreadsheet,INR,1.00,entity_level,true,0.000,0.00,ECS Indicator,,99381000000343199,ECSIND,,Sales,,1.00,0.00,nos,10000.00,0.00,0.0,84231000,FALSE,Cochin,Taxable,99381000000006196,IGST18,18.000000,1800.00,ItemAmount,INTD,,goods,,10000.00,42300.00,49914.00,,,,
99381000001735075,2020-11-11,DC-00161,others,Draft,,99381000000098082,Cochin,99381000001735057,BIJU,KA,consumer,,false,Spreadsheet,INR,1.00,entity_level,true,0.000,0.00,Analytical Balance 220g/1 mg,,99381000000205935,BSM2203,,Sales,"Make : YES WEIGH Model : YSJ 50
",1.00,0.00,nos,7100.00,0.00,0.0,84231000,FALSE,Cochin,Taxable,99381000000006196,IGST18,18.000000,1278.00,ItemAmount,INTD,,goods,,7100.00,42300.00,49914.00,,,,
99381000001735075,2020-11-11,DC-00161,others,Draft,,99381000000098082,Cochin,99381000001735057,BIJU,KA,consumer,,false,Spreadsheet,INR,1.00,entity_level,true,0.000,0.00,CHICKEN SCALE 200KG,,99381000001734065,YSC200,,Sales,,1.00,0.00,nos,4500.00,0.00,0.0,84231000,FALSE,Cochin,Taxable,99381000000006196,IGST18,18.000000,810.00,ItemAmount,INTD,,goods,,4500.00,42300.00,49914.00,,,,
99381000001735075,2020-11-11,DC-00161,others,Draft,,99381000000098082,Cochin,99381000001735057,BIJU,KA,consumer,,false,Spreadsheet,INR,1.00,entity_level,true,0.000,0.00,PERSONAL SCALE,,99381000001734074,YSB180,,Sales,,1.00,0.00,nos,2100.00,0.00,0.0,84231000,FALSE,Cochin,Taxable,99381000000006196,IGST18,18.000000,378.00,ItemAmount,INTD,,goods,,2100.00,42300.00,49914.00,,,,
99381000001735075,2020-11-11,DC-00161,others,Draft,,99381000000098082,Cochin,99381000001735057,BIJU,KA,consumer,,false,Spreadsheet,INR,1.00,entity_level,true,0.000,0.00,KITCHEN SCALE,,99381000001734083,YSK10,,Sales,,1.00,0.00,nos,1000.00,0.00,0.0,84231000,FALSE,Cochin,Taxable,99381000000006196,IGST18,18.000000,180.00,ItemAmount,INTD,,goods,,1000.00,42300.00,49914.00,,,,
99381000001735075,2020-11-11,DC-00161,others,Draft,,99381000000098082,Cochin,99381000001735057,BIJU,KA,consumer,,false,Spreadsheet,INR,1.00,entity_level,true,0.000,0.00,HANGING SCALE,,99381000001734092,YSH500,,Sales,,1.00,0.00,nos,3300.00,0.00,0.0,84231000,FALSE,Cochin,Taxable,99381000000006196,IGST18,18.000000,594.00,ItemAmount,INTD,,goods,,3300.00,42300.00,49914.00,,,,
99381000001773395,2020-11-14,DC-00162,others,Draft,,99381000000098082,Cochin,99381000000940238,INTERWEIGHING PVT. LTD.,KL,business_gst,32AAFCI1950F1ZZ,false,Spreadsheet,INR,1.00,entity_level,true,0.000,0.00,Platform Weighing Scale 100kgx10g SS,,99381000001476030,PFPC420X520SS,,Sales,"Make : YESWEIGH Model:YSP-100
Max:100 kg e: 10gm Min:200g Class III",1.00,0.00,nos,4800.00,0.00,0.0,84239020,FALSE,Cochin,Taxable,99381000000006208,GST18,18.000000,864.00,Tax Group,,,goods,,4800.00,22800.00,26904.00,,,,
99381000001773395,2020-11-14,DC-00162,others,Draft,,99381000000098082,Cochin,99381000000940238,INTERWEIGHING PVT. LTD.,KL,business_gst,32AAFCI1950F1ZZ,false,Spreadsheet,INR,1.00,entity_level,true,0.000,0.00,Platform Weighing Scale 200kg/20g,,99381000000326157,PFPC400X500SS,,Sales,"Make:YESWEIGH Model : YSP-200
Max : 200kg e: 20g Min :400gm 
Class: III
",5.00,0.00,nos,3600.00,0.00,0.0,84231000,FALSE,Cochin,Taxable,99381000000006208,GST18,18.000000,3240.00,Tax Group,,,goods,,18000.00,22800.00,26904.00,,,,
99381000001773407,2020-11-14,DC-00163,others,Draft,,99381000000098082,Cochin,99381000000940238,INTERWEIGHING PVT. LTD.,KL,business_gst,32AAFCI1950F1ZZ,false,Spreadsheet,INR,1.00,entity_level,true,0.000,0.00,Analytical Balance 220g /0.1mg,,99381000000205926,BSM2204,,Sales,Make : YES WEIGH Model : YSJ 50,1.00,0.00,nos,19000.00,0.00,0.0,84231000,FALSE,Cochin,Taxable,99381000000006208,GST18,18.000000,3420.00,Tax Group,,,goods,,19000.00,19000.00,22420.00,,,,
99381000001777203,2020-11-16,DC-00164,others,Draft,,99381000000098082,Cochin,99381000001777191,N VENUGOPAL,KL,business_none,,false,Spreadsheet,INR,1.00,entity_level,true,0.000,0.00,Bill Printing scale Q8POS,,99381000000011617,ECS5W,,Sales,Make:YESWEIGH  Model:YS-30   Max:30kg  e:5g  Min:100g  Class:III,1.00,0.00,nos,15600.00,0.00,0.0,84231000,FALSE,Cochin,Taxable,99381000000260052,GST18 & KFC,19.000000,2964.00,Tax Group,,,goods,,15600.00,17780.00,21158.20,,,,
99381000001777203,2020-11-16,DC-00164,others,Draft,,99381000000098082,Cochin,99381000001777191,N VENUGOPAL,KL,business_none,,false,Spreadsheet,INR,1.00,entity_level,true,0.000,0.00,Platform scale,,99381000000016068,BENCHPC,,Sales,"Make: YESWEIGH  Model:YSP-50
Max:50kg  e:5g  Min:100g  Class:III",1.00,0.00,nos,2180.00,0.00,0.0,84231000,FALSE,Cochin,Taxable,99381000000260052,GST18 & KFC,19.000000,414.20,Tax Group,,,goods,,2180.00,17780.00,21158.20,,,,
99381000001775295,2020-11-16,DC-00165,others,Draft,,99381000000098082,Cochin,99381000000036062,TRAVANCORE SCALES SERVICES,KL,business_gst,32APBPN7027C2ZD,false,Spreadsheet,INR,1.00,entity_level,true,0.000,0.00,BARCODE SCANNER PT - 198,,99381000000220093,PT198,,Sales,"1D Barcode scanner 
RS232 Serial Port ",1.00,0.00,nos,1750.00,0.00,0.0,84716050,FALSE,Cochin,Taxable,99381000000006208,GST18,18.000000,315.00,Tax Group,,,goods,,1750.00,1750.00,2065.00,,,,
99381000001775305,2020-11-16,DC-00166,others,Draft,,99381000000098082,Cochin,99381000000114383,ACCURATE TRADE LINKS,KL,business_gst,32AHJPK1741Q1Z4,false,Spreadsheet,INR,1.00,entity_level,true,0.000,0.00,BARCODE SCANNER PT - 198,,99381000000220093,PT198,,Sales,"1D Barcode scanner 
RS232 Serial Port ",1.00,0.00,nos,1750.00,0.00,0.0,84716050,FALSE,Cochin,Taxable,99381000000006208,GST18,18.000000,315.00,Tax Group,,,goods,,1750.00,1750.00,2065.00,,,,
99381000001776319,2020-11-16,DC-00167,others,Draft,,99381000000098082,Cochin,99381000000114383,ACCURATE TRADE LINKS,KL,business_gst,32AHJPK1741Q1Z4,false,Spreadsheet,INR,1.00,entity_level,true,0.000,0.00,DISPLAY BACK,,99381000000306351,ECS809,,Sales,,1.00,0.00,nos,800.00,0.00,0.0,84239020,FALSE,Cochin,Taxable,99381000000006208,GST18,18.000000,144.00,Tax Group,,,goods,,800.00,8800.00,10384.00,,,,
99381000001776319,2020-11-16,DC-00167,others,Draft,,99381000000098082,Cochin,99381000000114383,ACCURATE TRADE LINKS,KL,business_gst,32AHJPK1741Q1Z4,false,Spreadsheet,INR,1.00,entity_level,true,0.000,0.00,MOTHER BOARD,,99381000000306276,ECS815,,Sales,,1.00,0.00,pcs,7500.00,0.00,0.0,84239020,FALSE,Cochin,Taxable,99381000000006208,GST18,18.000000,1350.00,Tax Group,,,goods,,7500.00,8800.00,10384.00,,,,
99381000001776319,2020-11-16,DC-00167,others,Draft,,99381000000098082,Cochin,99381000000114383,ACCURATE TRADE LINKS,KL,business_gst,32AHJPK1741Q1Z4,false,Spreadsheet,INR,1.00,entity_level,true,0.000,0.00,MAGNETIC & DENOMINATION SENSOR WITH FRAME CCM,,99381000001577148,CCM111,,Sales,,1.00,0.00,nos,500.00,0.00,0.0,84239020,FALSE,Cochin,Taxable,99381000000006208,GST18,18.000000,90.00,Tax Group,,,goods,,500.00,8800.00,10384.00,,,,
99381000001802405,2020-11-19,DC-00168,others,Draft,,99381000000098082,Cochin,99381000000940238,INTERWEIGHING PVT. LTD.,KL,business_gst,32AAFCI1950F1ZZ,false,Spreadsheet,INR,1.00,entity_level,true,0.000,0.00,Table Top Scale SF 220x170  10kg/1g,,99381000000349067,TTSS22,,Sales,"Make : YESWEIGH Model: YST-20
Max :10kg e:1gm Min: 40g Class III",1.00,0.00,nos,1150.00,0.00,0.0,8423,FALSE,Cochin,Taxable,99381000000006208,GST18,18.000000,207.00,Tax Group,,,goods,,1150.00,10350.00,12213.00,,,,
99381000001802405,2020-11-19,DC-00168,others,Draft,,99381000000098082,Cochin,99381000000940238,INTERWEIGHING PVT. LTD.,KL,business_gst,32AAFCI1950F1ZZ,false,Spreadsheet,INR,1.00,entity_level,true,0.000,0.00,Table Top Scale  250x300 M,,99381000000562023,TTSTDM,,Sales,"Make : YESWEIGH Model : YST-30
Max: 30kg e: 5g  Min:100g Class III",1.00,0.00,nos,1700.00,0.00,0.0,84231000,FALSE,Cochin,Taxable,99381000000006208,GST18,18.000000,306.00,Tax Group,,,goods,,1700.00,10350.00,12213.00,,,,
99381000001802405,2020-11-19,DC-00168,others,Draft,,99381000000098082,Cochin,99381000000940238,INTERWEIGHING PVT. LTD.,KL,business_gst,32AAFCI1950F1ZZ,false,Spreadsheet,INR,1.00,entity_level,true,0.000,0.00,Plateform Weighing Scale 100kgx10g MS,,99381000001476013,PFPC400X400MS,,Sales,"Make : YESWEIGH Model:YSP-100
Max:100 kg e: 10gm Min:200g Class III",1.00,0.00,nos,3000.00,0.00,0.0,84239020,FALSE,Cochin,Taxable,99381000000006208,GST18,18.000000,540.00,Tax Group,,,goods,,3000.00,10350.00,12213.00,,,,
99381000001802405,2020-11-19,DC-00168,others,Draft,,99381000000098082,Cochin,99381000000940238,INTERWEIGHING PVT. LTD.,KL,business_gst,32AAFCI1950F1ZZ,false,Spreadsheet,INR,1.00,entity_level,true,0.000,0.00,Platform Weighing Scale 500kgx50g MS,,99381000000326175,PF60MS,,Sales,"Make : YESWEIGH Model:YSP-5
Max:500 kg e: 50gm Min:1kg Class III",1.00,0.00,nos,4500.00,0.00,0.0,84231000,FALSE,Cochin,Taxable,99381000000006208,GST18,18.000000,810.00,Tax Group,,,goods,,4500.00,10350.00,12213.00,,,,
99381000001824765,2020-11-21,DC-00169,others,Draft,,99381000000098082,Cochin,99381000000084508,ACE ELECTRONICS,KL,business_gst,32AAZFA3650P1ZV,false,Spreadsheet,INR,1.00,entity_level,true,0.000,0.00,Shear Beam Loadcell 1000 kg,,99381000000309273,SBLI10,,Sales,,4.00,0.00,nos,420.00,0.00,0.0,84239020,FALSE,Cochin,Taxable,99381000000006208,GST18,18.000000,302.40,Tax Group,,,goods,,1680.00,1680.00,1982.40,,,,
99381000001870256,2020-12-12,DC-00170,others,Draft,,99381000000098082,Cochin,99381000001735057,BIJU,KL,business_none,,false,Spreadsheet,INR,1.00,entity_level,true,0.000,0.00,Bill Printing scale Q8POS,,99381000000011617,ECS5W,,Sales,Make:YESWEIGH  Model:YS-30   Max:30kg  e:5g  Min:100g  Class:III,1.00,0.00,nos,15500.00,0.00,0.0,84231000,FALSE,Cochin,Taxable,99381000000260052,GST18 & KFC,19.000000,2945.00,Tax Group,,,goods,,15500.00,35970.00,42804.30,,,,
99381000001870256,2020-12-12,DC-00170,others,Draft,,99381000000098082,Cochin,99381000001735057,BIJU,KL,business_none,,false,Spreadsheet,INR,1.00,entity_level,true,0.000,0.00,Label Printing scale Q8LBL,,99381000000194633,Q8LBL,,Sales,Make:YESWEIGH  Model:YS-30   Max:30kg  e:5g  Min:100g  Class:III,1.00,0.00,nos,16600.00,0.00,0.0,84231000,FALSE,Cochin,Taxable,99381000000260052,GST18 & KFC,19.000000,3154.00,Tax Group,,,goods,,16600.00,35970.00,42804.30,,,,
99381000001870256,2020-12-12,DC-00170,others,Draft,,99381000000098082,Cochin,99381000001735057,BIJU,KL,business_none,,false,Spreadsheet,INR,1.00,entity_level,true,0.000,0.00,Platform scale,,99381000000016068,BENCHPC,,Sales,"Make: YESWEIGH  Model:YSP-50
Max:50kg  e:5g  Min:100g  Class:III",1.00,0.00,nos,2080.00,0.00,0.0,84231000,FALSE,Cochin,Taxable,99381000000260052,GST18 & KFC,19.000000,395.20,Tax Group,,,goods,,2080.00,35970.00,42804.30,,,,
99381000001870256,2020-12-12,DC-00170,others,Draft,,99381000000098082,Cochin,99381000001735057,BIJU,KL,business_none,,false,Spreadsheet,INR,1.00,entity_level,true,0.000,0.00,ATM JUNIOR YS669,,99381000001247038,YS669,,Sales,"Make : YESWEIGH Model : YSP-20
Max : 20kg e:2g Min:40g
Class : III",1.00,0.00,nos,1790.00,0.00,0.0,84231000,FALSE,Cochin,Taxable,99381000000260052,GST18 & KFC,19.000000,340.10,Tax Group,,,goods,,1790.00,35970.00,42804.30,,,,
99381000001862453,2020-11-28,DC-00171,others,Draft,,99381000000098082,Cochin,99381000000084508,ACE ELECTRONICS,KL,business_gst,32AAZFA3650P1ZV,false,Spreadsheet,INR,1.00,entity_level,true,450.000,0.00,CCM DISPLAY UNIT FRONT,,99381000001563105,CCM101,,Sales,,1.00,0.00,nos,450.00,0.00,0.0,84239020,FALSE,Cochin,Taxable,99381000000006208,GST18,18.000000,0.00,Tax Group,,,goods,,0.00,0.00,0.00,,,,
99381000001875205,2020-11-30,DC-00172,others,Draft,,99381000000098082,Cochin,99381000000114383,ACCURATE TRADE LINKS,KL,business_gst,32AHJPK1741Q1Z4,false,Spreadsheet,INR,1.00,entity_level,true,470.000,0.00,SAFAL - 99MB 4V,,99381000001165620,CH603,,Sales,,1.00,0.00,nos,160.00,0.00,0.0,8423,FALSE,Cochin,Taxable,99381000000006208,GST18,18.000000,0.00,Tax Group,,,goods,,0.00,0.00,0.00,,,,
99381000001875205,2020-11-30,DC-00172,others,Draft,,99381000000098082,Cochin,99381000000114383,ACCURATE TRADE LINKS,KL,business_gst,32AHJPK1741Q1Z4,false,Spreadsheet,INR,1.00,entity_level,true,470.000,0.00,AC/DC Adaptor,,99381000000542391,WPC406,,Sales,,1.00,0.00,pcs,90.00,0.00,0.0,84239020,FALSE,Cochin,Taxable,99381000000006208,GST18,18.000000,0.00,Tax Group,,,goods,,0.00,0.00,0.00,,,,
99381000001875205,2020-11-30,DC-00172,others,Draft,,99381000000098082,Cochin,99381000000114383,ACCURATE TRADE LINKS,KL,business_gst,32AHJPK1741Q1Z4,false,Spreadsheet,INR,1.00,entity_level,true,470.000,0.00,Load Cell 70kg Bench PC,,99381000000542215,BPC113,,Sales,,1.00,0.00,pcs,220.00,0.00,0.0,84239020,FALSE,Cochin,Taxable,99381000000006208,GST18,18.000000,0.00,Tax Group,,,goods,,0.00,0.00,0.00,,,,
99381000001907001,2020-12-03,DC-00173,others,Draft,,99381000000098082,Cochin,99381000000126001,YELLOW SCALES,KL,business_gst,32CPDPS6051P1ZG,false,Spreadsheet,INR,1.00,entity_level,true,800.000,0.00,DISPLAY BACK,,99381000000306351,ECS809,,Sales,,1.00,0.00,nos,800.00,0.00,0.0,84239020,FALSE,Cochin,Taxable,99381000000006208,GST18,18.000000,0.00,Tax Group,,,goods,,0.00,0.00,0.00,,,,
99381000001908005,2020-12-04,DC-00174,others,Draft,,99381000000098082,Cochin,99381000000114383,ACCURATE TRADE LINKS,KL,business_gst,32AHJPK1741Q1Z4,false,Spreadsheet,INR,1.00,entity_level,true,6400.000,0.00,CCM  - Value Counting Machine,,99381000000302452,AL66,,Sales,,1.00,0.00,nos,6400.00,0.00,0.0,84729090,FALSE,Cochin,Taxable,99381000000006208,GST18,18.000000,0.00,Tax Group,,,goods,,0.00,0.00,0.00,,,,
99381000001918828,2020-12-08,DC-00175,others,Draft,,99381000000098082,Cochin,99381000000940238,INTERWEIGHING PVT. LTD.,KL,business_gst,32AAFCI1950F1ZZ,false,Spreadsheet,INR,1.00,entity_level,true,35970.000,0.00,Bill Printing scale Q8POS,,99381000000011617,ECS5W,,Sales,Make:YESWEIGH  Model:YS-30   Max:30kg  e:5g  Min:100g  Class:III,1.00,0.00,nos,15500.00,0.00,0.0,84231000,FALSE,Cochin,Taxable,99381000000006208,GST18,18.000000,0.00,Tax Group,,,goods,,0.00,0.00,0.00,,,,
99381000001918828,2020-12-08,DC-00175,others,Draft,,99381000000098082,Cochin,99381000000940238,INTERWEIGHING PVT. LTD.,KL,business_gst,32AAFCI1950F1ZZ,false,Spreadsheet,INR,1.00,entity_level,true,35970.000,0.00,Platform scale,,99381000000016068,BENCHPC,,Sales,"Make: YESWEIGH  Model:YSP-50
Max:50kg  e:5g  Min:100g  Class:III",1.00,0.00,nos,2080.00,0.00,0.0,84231000,FALSE,Cochin,Taxable,99381000000006208,GST18,18.000000,0.00,Tax Group,,,goods,,0.00,0.00,0.00,,,,
99381000001918828,2020-12-08,DC-00175,others,Draft,,99381000000098082,Cochin,99381000000940238,INTERWEIGHING PVT. LTD.,KL,business_gst,32AAFCI1950F1ZZ,false,Spreadsheet,INR,1.00,entity_level,true,35970.000,0.00,Label Printing scale Q8LBL,,99381000000194633,Q8LBL,,Sales,Make:YESWEIGH  Model:YS-30   Max:30kg  e:5g  Min:100g  Class:III,1.00,0.00,nos,16600.00,0.00,0.0,84231000,FALSE,Cochin,Taxable,99381000000006208,GST18,18.000000,0.00,Tax Group,,,goods,,0.00,0.00,0.00,,,,
99381000001918828,2020-12-08,DC-00175,others,Draft,,99381000000098082,Cochin,99381000000940238,INTERWEIGHING PVT. LTD.,KL,business_gst,32AAFCI1950F1ZZ,false,Spreadsheet,INR,1.00,entity_level,true,35970.000,0.00,ATM JUNIOR YS669,,99381000001247038,YS669,,Sales,"Make : YESWEIGH Model : YSP-20
Max : 20kg e:2g Min:40g
Class : III",1.00,0.00,nos,1790.00,0.00,0.0,84231000,FALSE,Cochin,Taxable,99381000000006208,GST18,18.000000,0.00,Tax Group,,,goods,,0.00,0.00,0.00,,,,
99381000001941005,2020-12-11,DC-00176,others,Draft,,99381000000098082,Cochin,99381000000116459,SANIA SYSTEMS,KA,business_gst,29ABSFS3566Q1ZW,false,Spreadsheet,INR,1.00,entity_level,true,0.000,0.00,HANGING SCALE,,99381000001734092,YSH500,,Sales,,1.00,0.00,nos,7500.00,0.00,0.0,84231000,FALSE,Cochin,Taxable,99381000000006196,IGST18,18.000000,1350.00,ItemAmount,INTD,,goods,,7500.00,7500.00,8850.00,,,,
99381000001943359,2020-12-12,DC-00177,others,Draft,,99381000000098082,Cochin,99381000001735057,BIJU,KL,business_none,,false,Spreadsheet,INR,1.00,entity_level,true,0.000,0.00,Bill Printing scale Q8POS,,99381000000011617,ECS5W,,Sales,Make:YESWEIGH  Model:YS-30   Max:30kg  e:5g  Min:100g  Class:III,1.00,0.00,nos,15500.00,0.00,0.0,84231000,FALSE,Cochin,Taxable,99381000000260052,GST18 & KFC,19.000000,2945.00,Tax Group,,,goods,,15500.00,35970.00,42804.30,,,,
99381000001943359,2020-12-12,DC-00177,others,Draft,,99381000000098082,Cochin,99381000001735057,BIJU,KL,business_none,,false,Spreadsheet,INR,1.00,entity_level,true,0.000,0.00,Platform scale,,99381000000016068,BENCHPC,,Sales,"Make: YESWEIGH  Model:YSP-50
Max:50kg  e:5g  Min:100g  Class:III",1.00,0.00,nos,2080.00,0.00,0.0,84231000,FALSE,Cochin,Taxable,99381000000260052,GST18 & KFC,19.000000,395.20,Tax Group,,,goods,,2080.00,35970.00,42804.30,,,,
99381000001943359,2020-12-12,DC-00177,others,Draft,,99381000000098082,Cochin,99381000001735057,BIJU,KL,business_none,,false,Spreadsheet,INR,1.00,entity_level,true,0.000,0.00,Label Printing scale Q8LBL,,99381000000194633,Q8LBL,,Sales,Make:YESWEIGH  Model:YS-30   Max:30kg  e:5g  Min:100g  Class:III,1.00,0.00,nos,16600.00,0.00,0.0,84231000,FALSE,Cochin,Taxable,99381000000260052,GST18 & KFC,19.000000,3154.00,Tax Group,,,goods,,16600.00,35970.00,42804.30,,,,
99381000001943359,2020-12-12,DC-00177,others,Draft,,99381000000098082,Cochin,99381000001735057,BIJU,KL,business_none,,false,Spreadsheet,INR,1.00,entity_level,true,0.000,0.00,ATM JUNIOR YS669,,99381000001247038,YS669,,Sales,"Make : YESWEIGH Model : YSP-20
Max : 20kg e:2g Min:40g
Class : III",1.00,0.00,nos,1790.00,0.00,0.0,84231000,FALSE,Cochin,Taxable,99381000000260052,GST18 & KFC,19.000000,340.10,Tax Group,,,goods,,1790.00,35970.00,42804.30,,,,
99381000001982001,2020-12-16,DC-00178,others,Draft,,99381000000098082,Cochin,99381000000036062,TRAVANCORE SCALES SERVICES,KL,business_gst,32APBPN7027C2ZD,false,Spreadsheet,INR,1.00,entity_level,true,130.000,0.00,MOTHER BOARD ATM/BENCH PC,,99381000000313080,BPC114,,Sales,,1.00,0.00,nos,130.00,0.00,0.0,84239020,FALSE,Cochin,Taxable,99381000000006208,GST18,18.000000,0.00,Tax Group,,,goods,,0.00,0.00,0.00,,,,
99381000001982011,2020-12-16,DC-00179,others,Draft,,99381000000098082,Cochin,99381000000575003,YESWEIGH TECHNOLOGIES PRIVATE LIMITED,KL,business_gst,32AABCY1984H1Z9,false,Spreadsheet,INR,1.00,entity_level,true,300.000,0.00,K12 -MOTHER BOARD,,99381000001867233,K1201,,Sales,,1.00,0.00,,300.00,0.00,0.0,90319000,FALSE,Cochin,Taxable,99381000000006208,GST18,18.000000,0.00,Tax Group,,,goods,,0.00,0.00,0.00,,,,
99381000001982021,2020-12-16,DC-00180,others,Draft,,99381000000098082,Cochin,99381000000601025,E WAY SOLUTIONS,KL,business_gst,32BDLPA5497A1ZV,false,Spreadsheet,INR,1.00,entity_level,true,305.000,0.00,ATM PC / BENCH PC BATTERY 4V  4.5AH,,99381000000691252,APC209,,Sales,,1.00,0.00,nos,175.00,0.00,0.0,85068090,FALSE,Cochin,Taxable,99381000000006224,GST28,28.000000,0.00,Tax Group,,,goods,,0.00,0.00,0.00,,,,
99381000001982021,2020-12-16,DC-00180,others,Draft,,99381000000098082,Cochin,99381000000601025,E WAY SOLUTIONS,KL,business_gst,32BDLPA5497A1ZV,false,Spreadsheet,INR,1.00,entity_level,true,305.000,0.00,Front Display Board Bench PC,,99381000000542197,BPC111,,Sales,,1.00,0.00,pcs,130.00,0.00,0.0,84239020,FALSE,Cochin,Taxable,99381000000006208,GST18,18.000000,0.00,Tax Group,,,goods,,0.00,0.00,0.00,,,,
99381000001982033,2020-12-16,DC-00181,others,Draft,,99381000000098082,Cochin,99381000000837003,Hy-Tech Electronic Weighing System,KL,business_gst,32AMVPP9204A2Z2,false,Spreadsheet,INR,1.00,entity_level,true,0.000,0.00,ATM JUNIOR YS669,,99381000001247038,YS669,,Sales,"Make : YESWEIGH Model : YSP-20
Max : 20kg e:2g Min:40g
Class : III",1.00,0.00,nos,1790.00,0.00,0.0,84231000,FALSE,Cochin,Taxable,99381000000006208,GST18,18.000000,322.20,Tax Group,,,goods,,1790.00,1790.00,2112.20,,,,
99381000001991060,2020-12-17,DC-00182,others,Draft,,99381000000098082,Cochin,99381000001803347,DIAMOND SCALE CO.,TS,business_gst,36AHPPK7437D1Z4,false,Spreadsheet,INR,1.00,entity_level,true,0.000,0.00,ATM JUNIOR FRONT DISPLAY (BI COLOR),,99381000001991051,AJFDBC,,Sales,,12.00,0.00,nos,130.00,0.00,0.0,84239020,FALSE,Cochin,Taxable,99381000000006196,IGST18,18.000000,280.80,ItemAmount,INTD,,goods,,1560.00,1560.00,1840.80,,,,
99381000002016020,2020-12-21,DC-00183,others,Draft,,99381000000098082,Cochin,99381000000940238,INTERWEIGHING PVT. LTD.,KL,business_gst,32AAFCI1950F1ZZ,false,Spreadsheet,INR,1.00,entity_level,true,0.000,0.00,Label Printing scale Q8LBL,,99381000000194633,Q8LBL,,Sales,Make:YESWEIGH  Model:YS-30   Max:30kg  e:5g  Min:100g  Class:III,1.00,0.00,nos,16600.00,0.00,0.0,84231000,FALSE,Cochin,Taxable,99381000000006208,GST18,18.000000,2988.00,Tax Group,,,goods,,16600.00,35970.00,42444.60,,,,
99381000002016020,2020-12-21,DC-00183,others,Draft,,99381000000098082,Cochin,99381000000940238,INTERWEIGHING PVT. LTD.,KL,business_gst,32AAFCI1950F1ZZ,false,Spreadsheet,INR,1.00,entity_level,true,0.000,0.00,Bill Printing scale Q8POS,,99381000000011617,ECS5W,,Sales,Make:YESWEIGH  Model:YS-30   Max:30kg  e:5g  Min:100g  Class:III,1.00,0.00,nos,15500.00,0.00,0.0,84231000,FALSE,Cochin,Taxable,99381000000006208,GST18,18.000000,2790.00,Tax Group,,,goods,,15500.00,35970.00,42444.60,,,,
99381000002016020,2020-12-21,DC-00183,others,Draft,,99381000000098082,Cochin,99381000000940238,INTERWEIGHING PVT. LTD.,KL,business_gst,32AAFCI1950F1ZZ,false,Spreadsheet,INR,1.00,entity_level,true,0.000,0.00,ATM JUNIOR YS669,,99381000001247038,YS669,,Sales,"Make : YESWEIGH Model : YSP-20
Max : 20kg e:2g Min:40g
Class : III",1.00,0.00,nos,1790.00,0.00,0.0,84231000,FALSE,Cochin,Taxable,99381000000006208,GST18,18.000000,322.20,Tax Group,,,goods,,1790.00,35970.00,42444.60,,,,
99381000002016020,2020-12-21,DC-00183,others,Draft,,99381000000098082,Cochin,99381000000940238,INTERWEIGHING PVT. LTD.,KL,business_gst,32AAFCI1950F1ZZ,false,Spreadsheet,INR,1.00,entity_level,true,0.000,0.00,Platform scale,,99381000000016068,BENCHPC,,Sales,"Make: YESWEIGH  Model:YSP-50
Max:50kg  e:5g  Min:100g  Class:III",1.00,0.00,nos,2080.00,0.00,0.0,84231000,FALSE,Cochin,Taxable,99381000000006208,GST18,18.000000,374.40,Tax Group,,,goods,,2080.00,35970.00,42444.60,,,,
99381000002078787,2020-12-29,DC-00184,others,Draft,,99381000000098082,Cochin,99381000000584598,M.G. Scales,KL,business_gst,32ARDPJ4495Q1Z9,false,Spreadsheet,INR,1.00,entity_level,true,0.000,0.00,Back Display Board Bench PC,,99381000000542206,BPC112,,Sales,,1.00,0.00,pcs,110.00,0.00,0.0,84239020,FALSE,Cochin,Taxable,99381000000006208,GST18,18.000000,19.80,Tax Group,,,goods,,110.00,110.00,129.80,,,,
99381000002078797,2020-12-29,DC-00185,others,Draft,,99381000000098082,Cochin,99381000000601025,E WAY SOLUTIONS,KL,business_gst,32BDLPA5497A1ZV,false,Spreadsheet,INR,1.00,entity_level,true,0.000,0.00,ATM PC WEIGH PAN,,99381000001662121,APC214,,Sales,,1.00,0.00,nos,200.00,0.00,0.0,84239020,FALSE,Cochin,Taxable,99381000000006208,GST18,18.000000,36.00,Tax Group,,,goods,,200.00,200.00,236.00,,,,
99381000002126421,2021-01-04,DC-00186,others,Draft,,99381000000098082,Cochin,99381000000036062,TRAVANCORE SCALES SERVICES,KL,business_gst,32APBPN7027C2ZD,false,Spreadsheet,INR,1.00,entity_level,true,0.000,0.00,DISPLAY SET FRONT,,99381000000306342,ECS808,,Sales,,2.00,0.00,nos,1600.00,0.00,0.0,84239020,FALSE,Cochin,Taxable,99381000000006208,GST18,18.000000,576.00,Tax Group,,,goods,,3200.00,3200.00,3776.00,,,,
99381000002126443,2021-01-04,DC-00187,others,Draft,,99381000000098082,Cochin,99381000000151001,Dynamic Enterprises,KL,business_gst,32ATJPS7075B1ZN,false,Spreadsheet,INR,1.00,entity_level,true,0.000,0.00,DISPLAY SET FRONT,,99381000000306342,ECS808,,Sales,,3.00,0.00,nos,1600.00,0.00,0.0,84239020,FALSE,Cochin,Taxable,99381000000006208,GST18,18.000000,864.00,Tax Group,,,goods,,4800.00,8380.00,9888.40,,,,
99381000002126443,2021-01-04,DC-00187,others,Draft,,99381000000098082,Cochin,99381000000151001,Dynamic Enterprises,KL,business_gst,32ATJPS7075B1ZN,false,Spreadsheet,INR,1.00,entity_level,true,0.000,0.00,Shear Beam Loadcell 1.5T WITH FOOT,,99381000001523185,SHEARBEAM15T2,,Sales,,4.00,0.00,,420.00,0.00,0.0,84239020,FALSE,,Taxable,99381000000006208,GST18,18.000000,302.40,Tax Group,,,goods,,1680.00,8380.00,9888.40,,,,
99381000002126443,2021-01-04,DC-00187,others,Draft,,99381000000098082,Cochin,99381000000151001,Dynamic Enterprises,KL,business_gst,32ATJPS7075B1ZN,false,Spreadsheet,INR,1.00,entity_level,true,0.000,0.00,SMPS 20V,,99381000001455323,Q8604,,Sales,,1.00,0.00,nos,1900.00,0.00,0.0,84239020,FALSE,Cochin,Taxable,99381000000006208,GST18,18.000000,342.00,Tax Group,,,goods,,1900.00,8380.00,9888.40,,,,
99381000002126457,2021-01-04,DC-00188,others,Draft,,99381000000098082,Cochin,99381000000575003,YESWEIGH TECHNOLOGIES PRIVATE LIMITED,KL,business_gst,32AABCY1984H1Z9,false,Spreadsheet,INR,1.00,entity_level,true,0.000,0.00,DISPLAY SET FRONT,,99381000000306342,ECS808,,Sales,,1.00,0.00,nos,1600.00,0.00,0.0,84239020,FALSE,Cochin,Taxable,99381000000006208,GST18,18.000000,288.00,Tax Group,,,goods,,1600.00,1600.00,1888.00,,,,
99381000002126473,2021-01-04,DC-00189,others,Draft,,99381000000098082,Cochin,99381000000154574,TAKYON SYSTEMS,KL,business_gst,32AANFT0176D1ZE,false,Spreadsheet,INR,1.00,entity_level,true,0.000,0.00,DISPLAY SET FRONT,,99381000000306342,ECS808,,Sales,,2.00,0.00,nos,1600.00,0.00,0.0,84239020,FALSE,Cochin,Taxable,99381000000006208,GST18,18.000000,576.00,Tax Group,,,goods,,3200.00,3200.00,3776.00,,,,
99381000002126483,2021-01-04,DC-00190,others,Draft,,99381000000098082,Cochin,99381000000364094,TRAAS TECH,KL,business_gst,32AAPFT2527C1ZF,false,Spreadsheet,INR,1.00,entity_level,true,0.000,0.00,SMPS 7V,,99381000000306148,ECS817,,Sales,,1.00,0.00,nos,950.00,0.00,0.0,84239020,FALSE,Cochin,Taxable,99381000000006208,GST18,18.000000,171.00,Tax Group,,,goods,,950.00,2450.00,2891.00,,,,
99381000002126483,2021-01-04,DC-00190,others,Draft,,99381000000098082,Cochin,99381000000364094,TRAAS TECH,KL,business_gst,32AAPFT2527C1ZF,false,Spreadsheet,INR,1.00,entity_level,true,0.000,0.00,FLOOR SCALE INDICATOR WITH TRIPOLE STAND,,99381000001429925,K12IND,,Sales,,1.00,0.00,nos,1500.00,0.00,0.0,84239020,FALSE,Cochin,Taxable,99381000000006208,GST18,18.000000,270.00,Tax Group,,,goods,,1500.00,2450.00,2891.00,,,,
99381000002126495,2021-01-04,DC-00191,others,Draft,,99381000000098082,Cochin,99381000000114383,ACCURATE TRADE LINKS,KL,business_gst,32AHJPK1741Q1Z4,false,Spreadsheet,INR,1.00,entity_level,true,0.000,0.00,DISPLAY SET FRONT,,99381000000306342,ECS808,,Sales,,3.00,0.00,nos,1600.00,0.00,0.0,84239020,FALSE,Cochin,Taxable,99381000000006208,GST18,18.000000,864.00,Tax Group,,,goods,,4800.00,20750.00,24485.00,,,,
99381000002126495,2021-01-04,DC-00191,others,Draft,,99381000000098082,Cochin,99381000000114383,ACCURATE TRADE LINKS,KL,business_gst,32AHJPK1741Q1Z4,false,Spreadsheet,INR,1.00,entity_level,true,0.000,0.00,MOTHER BOARD,,99381000000306276,ECS815,,Sales,,2.00,0.00,pcs,7500.00,0.00,0.0,84239020,FALSE,Cochin,Taxable,99381000000006208,GST18,18.000000,2700.00,Tax Group,,,goods,,15000.00,20750.00,24485.00,,,,
99381000002126495,2021-01-04,DC-00191,others,Draft,,99381000000098082,Cochin,99381000000114383,ACCURATE TRADE LINKS,KL,business_gst,32AHJPK1741Q1Z4,false,Spreadsheet,INR,1.00,entity_level,true,0.000,0.00,SMPS 7V,,99381000000306148,ECS817,,Sales,,1.00,0.00,nos,950.00,0.00,0.0,84239020,FALSE,Cochin,Taxable,99381000000006208,GST18,18.000000,171.00,Tax Group,,,goods,,950.00,20750.00,24485.00,,,,
99381000002124152,2021-01-04,DC-00192,others,Draft,,99381000000098082,Cochin,99381000000201819,SAFAL ENTERPRISE PVT. LTD,GJ,business_gst,24AFSPP3726R1ZK,false,Spreadsheet,INR,1.00,entity_level,true,0.000,0.00,Shear Beam Loadcell 1000 kg,,99381000000309273,SBLI10,,Sales,,1.00,0.00,nos,420.00,0.00,0.0,84239020,FALSE,Cochin,Taxable,99381000000006196,IGST18,18.000000,75.60,ItemAmount,INTD,,goods,,420.00,420.00,495.60,,,,
99381000002137624,2021-01-05,DC-00193,others,Draft,,99381000000098082,Cochin,99381000000940238,INTERWEIGHING PVT. LTD.,KL,business_gst,32AAFCI1950F1ZZ,false,Spreadsheet,INR,1.00,entity_level,true,0.000,0.00,Analytical Balance 220g/1 mg,,99381000000205935,BSM2203,,Sales,"Make : YES WEIGH Model : YSJ 50
",1.00,0.00,nos,7400.00,0.00,0.0,84231000,FALSE,Cochin,Taxable,99381000000006208,GST18,18.000000,1332.00,Tax Group,,,goods,,7400.00,7400.00,8732.00,,,,
99381000002137634,2021-01-05,DC-00194,others,Draft,,99381000000098082,Cochin,99381000001505285,Shree Balaji Instruments,MP,business_gst,23BHQPS2334P1ZQ,false,Spreadsheet,INR,1.00,entity_level,true,0.000,0.00,Analytical Balance 220g/1 mg,,99381000000205935,BSM2203,,Sales,"Make : YES WEIGH Model : YSJ 50
",1.00,0.00,nos,7400.00,0.00,0.0,84231000,FALSE,Cochin,Taxable,99381000000006196,IGST18,18.000000,1332.00,ItemAmount,INTD,,goods,,7400.00,7400.00,8732.00,,,,
99381000002141009,2021-01-05,DC-00195,others,Draft,,99381000000098082,Cochin,99381000001735057,BIJU,KL,business_none,,false,Spreadsheet,INR,1.00,entity_level,true,0.000,0.00,Platform scale,,99381000000016068,BENCHPC,,Sales,"Make: YESWEIGH  Model:YSP-50
Max:50kg  e:5g  Min:100g  Class:III",5.00,0.00,nos,2000.00,0.00,0.0,84231000,FALSE,Cochin,Taxable,99381000000260052,GST18 & KFC,19.000000,1900.00,Tax Group,,,goods,,10000.00,42000.00,49980.00,,,,
99381000002141009,2021-01-05,DC-00195,others,Draft,,99381000000098082,Cochin,99381000001735057,BIJU,KL,business_none,,false,Spreadsheet,INR,1.00,entity_level,true,0.000,0.00,Bill Printing scale Q8POS,,99381000000011617,ECS5W,,Sales,Make:YESWEIGH  Model:YS-30   Max:30kg  e:5g  Min:100g  Class:III,1.00,0.00,nos,14000.00,0.00,0.0,84231000,FALSE,Cochin,Taxable,99381000000260052,GST18 & KFC,19.000000,2660.00,Tax Group,,,goods,,14000.00,42000.00,49980.00,,,,
99381000002141009,2021-01-05,DC-00195,others,Draft,,99381000000098082,Cochin,99381000001735057,BIJU,KL,business_none,,false,Spreadsheet,INR,1.00,entity_level,true,0.000,0.00,ATM JUNIOR YS669,,99381000001247038,YS669,,Sales,"Make : YESWEIGH Model : YSP-20
Max : 20kg e:2g Min:40g
Class : III",5.00,0.00,nos,1700.00,0.00,0.0,84231000,FALSE,Cochin,Taxable,99381000000260052,GST18 & KFC,19.000000,1615.00,Tax Group,,,goods,,8500.00,42000.00,49980.00,,,,
99381000002141009,2021-01-05,DC-00195,others,Draft,,99381000000098082,Cochin,99381000001735057,BIJU,KL,business_none,,false,Spreadsheet,INR,1.00,entity_level,true,0.000,0.00,Label Printing scale Q9,,99381000000735165,TMAQ9,,Sales,Make:YESWEIGH  Model:YS-30   Max:30kg  e:5g  Min:100g  Class:III,1.00,0.00,nos,9500.00,0.00,0.0,84231000,FALSE,Cochin,Taxable,99381000000260052,GST18 & KFC,19.000000,1805.00,Tax Group,,,goods,,9500.00,42000.00,49980.00,,,,
99381000002166057,2021-01-08,DC-00196,others,Draft,,99381000000098082,Cochin,99381000000309611,KRAUS INSTRUMENTS,KL,business_gst,32AASFK0676Q1ZM,false,Spreadsheet,INR,1.00,entity_level,true,0.000,0.00,DISPLAY SET FRONT,,99381000000306342,ECS808,,Sales,,20.00,0.00,nos,1600.00,0.00,0.0,84239020,FALSE,Cochin,Taxable,99381000000006208,GST18,18.000000,5760.00,Tax Group,,,goods,,32000.00,32000.00,37760.00,,,,
99381000002166067,2021-01-08,DC-00197,others,Draft,,99381000000098082,Cochin,99381000000364094,TRAAS TECH,KL,business_gst,32AAPFT2527C1ZF,false,Spreadsheet,INR,1.00,entity_level,true,0.000,0.00,ATM PC WEIGH PAN,,99381000001662121,APC214,,Sales,,1.00,0.00,nos,200.00,0.00,0.0,84239020,FALSE,Cochin,Taxable,99381000000006208,GST18,18.000000,36.00,Tax Group,,,goods,,200.00,200.00,236.00,,,,
99381000002166124,2021-01-08,DC-00198,others,Draft,,99381000000098082,Cochin,99381000000309611,KRAUS INSTRUMENTS,KL,business_gst,32AASFK0676Q1ZM,false,Spreadsheet,INR,1.00,entity_level,true,0.000,0.00,SMPS 7V,,99381000000306148,ECS817,,Sales,,10.00,0.00,nos,950.00,0.00,0.0,84239020,FALSE,Cochin,Taxable,99381000000006208,GST18,18.000000,1710.00,Tax Group,,,goods,,9500.00,18900.00,22302.00,,,,
99381000002166124,2021-01-08,DC-00198,others,Draft,,99381000000098082,Cochin,99381000000309611,KRAUS INSTRUMENTS,KL,business_gst,32AASFK0676Q1ZM,false,Spreadsheet,INR,1.00,entity_level,true,0.000,0.00,SMPS 20V,,99381000001455323,Q8604,,Sales,,1.00,0.00,nos,1900.00,0.00,0.0,84239020,FALSE,Cochin,Taxable,99381000000006208,GST18,18.000000,342.00,Tax Group,,,goods,,1900.00,18900.00,22302.00,,,,
99381000002166124,2021-01-08,DC-00198,others,Draft,,99381000000098082,Cochin,99381000000309611,KRAUS INSTRUMENTS,KL,business_gst,32AASFK0676Q1ZM,false,Spreadsheet,INR,1.00,entity_level,true,0.000,0.00,MOTHER BOARD,,99381000000306276,ECS815,,Sales,,1.00,0.00,pcs,7500.00,0.00,0.0,84239020,FALSE,Cochin,Taxable,99381000000006208,GST18,18.000000,1350.00,Tax Group,,,goods,,7500.00,18900.00,22302.00,,,,
99381000002219099,2021-01-19,DC-00199,others,Draft,,99381000000098082,Cochin,99381000000747828,Venkatachalam,TN,business_gst,33AACPH9039A1Z8,false,Spreadsheet,INR,1.00,entity_level,true,0.000,0.00,Front Display Board Bench PC,,99381000000542197,BPC111,,Sales,,1.00,0.00,pcs,130.00,0.00,0.0,84239020,FALSE,Cochin,Taxable,99381000000006196,IGST18,18.000000,23.40,ItemAmount,INTD,,goods,,130.00,130.00,153.40,,,,
99381000002219109,2021-01-19,DC-00200,others,Draft,,99381000000098082,Cochin,99381000001803364,MALABAR SCALES,KL,business_none,,false,Spreadsheet,INR,1.00,entity_level,true,0.000,0.00,Back Display Board Bench PC,,99381000000542206,BPC112,,Sales,,1.00,0.00,pcs,110.00,0.00,0.0,84239020,FALSE,Cochin,Taxable,99381000000260052,GST18 & KFC,19.000000,20.90,Tax Group,,,goods,,110.00,8130.00,9674.70,,,,
99381000002219109,2021-01-19,DC-00200,others,Draft,,99381000000098082,Cochin,99381000001803364,MALABAR SCALES,KL,business_none,,false,Spreadsheet,INR,1.00,entity_level,true,0.000,0.00,Front Dispaly Board ATM PC Waterproof,,99381000000542364,WPC403,,Sales,,1.00,0.00,nos,145.00,0.00,0.0,84239020,FALSE,Cochin,Taxable,99381000000260052,GST18 & KFC,19.000000,27.55,Tax Group,,,goods,,145.00,8130.00,9674.70,,,,
99381000002219109,2021-01-19,DC-00200,others,Draft,,99381000000098082,Cochin,99381000001803364,MALABAR SCALES,KL,business_none,,false,Spreadsheet,INR,1.00,entity_level,true,0.000,0.00,MOTHER BOARD,,99381000000306276,ECS815,,Sales,,1.00,0.00,pcs,7500.00,0.00,0.0,84239020,FALSE,Cochin,Taxable,99381000000260052,GST18 & KFC,19.000000,1425.00,Tax Group,,,goods,,7500.00,8130.00,9674.70,,,,
99381000002219109,2021-01-19,DC-00200,others,Draft,,99381000000098082,Cochin,99381000001803364,MALABAR SCALES,KL,business_none,,false,Spreadsheet,INR,1.00,entity_level,true,0.000,0.00,LOAD CELL,,99381000000306380,ECS805,,Sales,,1.00,0.00,nos,375.00,0.00,0.0,84239020,FALSE,Cochin,Taxable,99381000000260052,GST18 & KFC,19.000000,71.25,Tax Group,,,goods,,375.00,8130.00,9674.70,,,,
99381000002219125,2021-01-19,DC-00201,others,Draft,,99381000000098082,Cochin,99381000000102001,TRANSWORLD SCALES SERVICES,KL,business_gst,32AWCPS0193C1ZX,false,Spreadsheet,INR,1.00,entity_level,true,0.000,0.00,CCM DISPLAY UNIT FRONT,,99381000001563105,CCM101,,Sales,,1.00,0.00,nos,450.00,0.00,0.0,84239020,FALSE,Cochin,Taxable,99381000000006208,GST18,18.000000,81.00,Tax Group,,,goods,,450.00,8375.00,9882.50,,,,
99381000002219125,2021-01-19,DC-00201,others,Draft,,99381000000098082,Cochin,99381000000102001,TRANSWORLD SCALES SERVICES,KL,business_gst,32AWCPS0193C1ZX,false,Spreadsheet,INR,1.00,entity_level,true,0.000,0.00,MOTHER BOARD CCM,,99381000001577157,CCM112,,Sales,,1.00,0.00,nos,1500.00,0.00,0.0,84239020,FALSE,Cochin,Taxable,99381000000006208,GST18,18.000000,270.00,Tax Group,,,goods,,1500.00,8375.00,9882.50,,,,
99381000002219125,2021-01-19,DC-00201,others,Draft,,99381000000098082,Cochin,99381000000102001,TRANSWORLD SCALES SERVICES,KL,business_gst,32AWCPS0193C1ZX,false,Spreadsheet,INR,1.00,entity_level,true,0.000,0.00,CCM  - Value Counting Machine,,99381000000302452,AL66,,Sales,,1.00,0.00,nos,6400.00,0.00,0.0,84729090,FALSE,Cochin,Taxable,99381000000006208,GST18,18.000000,1152.00,Tax Group,,,goods,,6400.00,8375.00,9882.50,,,,
99381000002219125,2021-01-19,DC-00201,others,Draft,,99381000000098082,Cochin,99381000000102001,TRANSWORLD SCALES SERVICES,KL,business_gst,32AWCPS0193C1ZX,false,Spreadsheet,INR,1.00,entity_level,true,0.000,0.00,SIDE KEYPAD CCM,,99381000001577130,CCM109,,Sales,,1.00,0.00,nos,25.00,0.00,0.0,84239020,FALSE,Cochin,Taxable,99381000000006208,GST18,18.000000,4.50,Tax Group,,,goods,,25.00,8375.00,9882.50,,,,
99381000002219141,2021-01-19,DC-00202,others,Draft,,99381000000098082,Cochin,99381000000036062,TRAVANCORE SCALES SERVICES,KL,business_gst,32APBPN7027C2ZD,false,Spreadsheet,INR,1.00,entity_level,true,0.000,0.00,DISPLAY SET FRONT,,99381000000306342,ECS808,,Sales,,2.00,0.00,nos,1600.00,0.00,0.0,84239020,FALSE,Cochin,Taxable,99381000000006208,GST18,18.000000,576.00,Tax Group,,,goods,,3200.00,3200.00,3776.00,,,,
99381000002219160,2021-01-19,DC-00203,others,Draft,,99381000000098082,Cochin,99381000000231096,Victory Scales,KL,business_gst,32AAAAV1247P1ZC,false,Spreadsheet,INR,1.00,entity_level,true,0.000,0.00,SMPS 20V,,99381000001455323,Q8604,,Sales,,1.00,0.00,nos,1900.00,0.00,0.0,84239020,FALSE,Cochin,Taxable,99381000000006208,GST18,18.000000,342.00,Tax Group,,,goods,,1900.00,2065.00,2436.70,,,,
99381000002219160,2021-01-19,DC-00203,others,Draft,,99381000000098082,Cochin,99381000000231096,Victory Scales,KL,business_gst,32AAAAV1247P1ZC,false,Spreadsheet,INR,1.00,entity_level,true,0.000,0.00,Loadcell 40kg,,99381000000542400,WPC407,,Sales,,1.00,0.00,pcs,165.00,0.00,0.0,84239020,FALSE,Cochin,Taxable,99381000000006208,GST18,18.000000,29.70,Tax Group,,,goods,,165.00,2065.00,2436.70,,,,
99381000002233017,2021-01-20,DC-00204,others,Draft,,99381000000098082,Cochin,99381000000084733,ELMASS SYSTEMS & SERVICES,KL,business_gst,32AACFE8918M1Z7,false,Spreadsheet,INR,1.00,entity_level,true,0.000,0.00,PRINT HEAD Q9703,,99381000001663314,Q9703,,Sales,,1.00,0.00,nos,2500.00,0.00,0.0,84239020,FALSE,Cochin,Taxable,99381000000006208,GST18,18.000000,450.00,Tax Group,,,goods,,2500.00,2500.00,2950.00,,,,
99381000002233069,2021-01-20,DC-00205,others,Draft,,99381000000098082,Cochin,99381000001907505,Al Awwal International,JK,business_gst,01EHPPS4732F1Z9,false,Spreadsheet,INR,1.00,entity_level,true,0.000,0.00,ATM JUNIOR FRONT DISPLAY (BI COLOR),,99381000001991051,AJFDBC,,Sales,,1.00,0.00,nos,170.00,0.00,0.0,84239020,FALSE,Cochin,Taxable,99381000000006196,IGST18,18.000000,30.60,ItemAmount,INTD,,goods,,170.00,170.00,200.60,,,,
99381000002233079,2021-01-20,DC-00206,others,Draft,,99381000000098082,Cochin,99381000000615001,LEO SCALES AND SERVICES,KL,business_gst,32AABFL3813F1ZW,false,Spreadsheet,INR,1.00,entity_level,true,0.000,0.00,PRINT HEAD Q9703,,99381000001663314,Q9703,,Sales,,1.00,0.00,nos,2500.00,0.00,0.0,84239020,FALSE,Cochin,Taxable,99381000000006208,GST18,18.000000,450.00,Tax Group,,,goods,,2500.00,2550.00,3009.00,,,,
99381000002233079,2021-01-20,DC-00206,others,Draft,,99381000000098082,Cochin,99381000000615001,LEO SCALES AND SERVICES,KL,business_gst,32AABFL3813F1ZW,false,Spreadsheet,INR,1.00,entity_level,true,0.000,0.00,DISPLAY STICKER FRONT Q9710,,99381000001663368,Q9710,,Sales,,1.00,0.00,nos,50.00,0.00,0.0,84239020,FALSE,Cochin,Taxable,99381000000006208,GST18,18.000000,9.00,Tax Group,,,goods,,50.00,2550.00,3009.00,,,,
99381000002239737,2021-01-20,DC-00207,others,Draft,,99381000000098082,Cochin,99381000001277135,End To End Weighing Solutions,KA,business_gst,29AJUPN9105E1ZR,false,Spreadsheet,INR,1.00,entity_level,true,0.000,0.00,Electronic cash register,,99381000000194004,ECR,,Sales,,1.00,0.00,nos,9700.00,0.00,0.0,84701000,FALSE,Cochin,Taxable,99381000000006196,IGST18,18.000000,1746.00,ItemAmount,INTD,,goods,,9700.00,9700.00,11446.00,,,,
99381000002247013,2021-01-21,DC-00208,others,Draft,,99381000000098082,Cochin,99381000000575003,YESWEIGH TECHNOLOGIES PRIVATE LIMITED,KL,business_gst,32AABCY1984H1Z9,false,Spreadsheet,INR,1.00,entity_level,true,0.000,0.00,Load Cell 40kg,,99381000000542288,APC208,,Sales,,1.00,0.00,pcs,165.00,0.00,0.0,84239020,FALSE,Cochin,Taxable,99381000000006208,GST18,18.000000,29.70,Tax Group,,,goods,,165.00,165.00,194.70,,,,
99381000002246807,2021-01-22,DC-00209,others,Draft,,99381000000098082,Cochin,99381000000940238,INTERWEIGHING PVT. LTD.,KL,business_gst,32AAFCI1950F1ZZ,false,Spreadsheet,INR,1.00,entity_level,true,0.000,0.00,Electronic cash register,,99381000000194004,ECR,,Sales,,1.00,0.00,nos,9700.00,0.00,0.0,84701000,FALSE,Cochin,Taxable,99381000000260052,GST18 & KFC,19.000000,1843.00,Tax Group,,,goods,,9700.00,24600.00,29274.00,,,,
99381000002246807,2021-01-22,DC-00209,others,Draft,,99381000000098082,Cochin,99381000000940238,INTERWEIGHING PVT. LTD.,KL,business_gst,32AAFCI1950F1ZZ,false,Spreadsheet,INR,1.00,entity_level,true,0.000,0.00,Bill  Printing scale Q74W,,99381000000343190,ECS4W,,Sales,Make: YESWEIGH  Model:YS-30   Max:30kg  e:5g  Min:100g  Class:III,1.00,0.00,nos,10500.00,0.00,0.0,84231000,FALSE,Cochin,Taxable,99381000000260052,GST18 & KFC,19.000000,1995.00,Tax Group,,,goods,,10500.00,24600.00,29274.00,,,,
99381000002246807,2021-01-22,DC-00209,others,Draft,,99381000000098082,Cochin,99381000000940238,INTERWEIGHING PVT. LTD.,KL,business_gst,32AAFCI1950F1ZZ,false,Spreadsheet,INR,1.00,entity_level,true,0.000,0.00,Electronic weighing scale DJ600,,99381000000796329,DJ600,,Sales,Make:YESWEIGH  Model:YSJ-600   Max:600g  e:10mg    Class:II,1.00,0.00,nos,4400.00,0.00,0.0,84231000,FALSE,Cochin,Taxable,99381000000260060,KERALA FLOOD TAX,19.000000,836.00,Tax Group,,,goods,,4400.00,24600.00,29274.00,,,,
99381000002246841,2021-01-22,DC-00210,others,Draft,,99381000000098082,Cochin,99381000000940238,INTERWEIGHING PVT. LTD.,KL,business_gst,32AAFCI1950F1ZZ,false,Spreadsheet,INR,1.00,entity_level,true,0.000,0.00,Platform Weighing Scale 500kgx50g MS,,99381000000326175,PF60MS,,Sales,"Make : YESWEIGH Model:YSP-5
Max:500 kg e: 50gm Min:1kg Class III",1.00,0.00,nos,4900.00,0.00,0.0,84231000,FALSE,Cochin,Taxable,99381000000260052,GST18 & KFC,19.000000,931.00,Tax Group,,,goods,,4900.00,4900.00,5831.00,,,,
99381000002246851,2021-01-22,DC-00211,others,Draft,,99381000000098082,Cochin,99381000001969121,SCANGLE RETAIL PRIVATE LIMITED,KL,business_gst,32ABECS9205P1ZZ,false,Spreadsheet,INR,1.00,entity_level,true,0.000,0.00,Platform Weighing Scale 500kgx50g MS,,99381000000326175,PF60MS,,Sales,"Make : YESWEIGH Model:YSP-5
Max:500 kg e: 50gm Min:1kg Class III",1.00,0.00,nos,4900.00,0.00,0.0,84231000,FALSE,Cochin,Taxable,99381000000006208,GST18,18.000000,882.00,Tax Group,,,goods,,4900.00,4900.00,5782.00,,,,
99381000002246889,2021-01-22,DC-00212,others,Draft,,99381000000098082,Cochin,99381000000309611,KRAUS INSTRUMENTS,KL,business_gst,32AASFK0676Q1ZM,false,Spreadsheet,INR,1.00,entity_level,true,0.000,0.00,CCM  - Value Counting Machine,,99381000000302452,AL66,,Sales,,1.00,0.00,nos,6400.00,0.00,0.0,84729090,FALSE,Cochin,Taxable,99381000000006208,GST18,18.000000,1152.00,Tax Group,,,goods,,6400.00,6400.00,7552.00,,,,
99381000002261406,2021-01-25,DC-00213,others,Draft,,99381000000098082,Cochin,99381000001697017,PERFECT SCALES-MP,KL,business_none,,false,Spreadsheet,INR,1.00,entity_level,true,0.000,0.00,Loadcell 40kg,,99381000000542400,WPC407,,Sales,,1.00,0.00,pcs,165.00,0.00,0.0,84239020,FALSE,Cochin,Taxable,99381000000260052,GST18 & KFC,19.000000,31.35,Tax Group,,,goods,,165.00,165.00,196.35,,,,
99381000002261416,2021-01-25,DC-00214,others,Draft,,99381000000098082,Cochin,99381000000136578,DIGITAL SCALE,KL,business_gst,32AOLPN0287R2ZA,false,Spreadsheet,INR,1.00,entity_level,true,0.000,0.00,Step Down Tranformer (Output: 6.5v AC) ATM PC Touch,,99381000000542337,TPC305,,Sales,,10.00,0.00,pcs,90.00,0.00,0.0,84239020,FALSE,Cochin,Taxable,99381000000006208,GST18,18.000000,162.00,Tax Group,,,goods,,900.00,900.00,1062.00,,,,
99381000002261851,2021-01-27,DC-00215,others,Draft,,99381000000098082,Cochin,99381000000126001,YELLOW SCALES,KL,business_gst,32CPDPS6051P1ZG,false,Spreadsheet,INR,1.00,entity_level,true,0.000,0.00,DISPLAY SET FRONT,,99381000000306342,ECS808,,Sales,,2.00,0.00,nos,1600.00,0.00,0.0,84239020,FALSE,Cochin,Taxable,99381000000006208,GST18,18.000000,576.00,Tax Group,,,goods,,3200.00,3200.00,3776.00,,,,
99381000002276870,2021-01-28,DC-00216,others,Draft,,99381000000098082,Cochin,99381000002020003,S.R INSTRUMENTS,MH,business_gst,27BGPPP3486B1Z2,false,Spreadsheet,INR,1.00,entity_level,true,0.000,0.00,Platform scale,,99381000000016068,BENCHPC,,Sales,"Make: YESWEIGH  Model:YSP-50
Max:50kg  e:5g  Min:100g  Class:III",1.00,0.00,nos,2080.00,0.00,0.0,84231000,FALSE,Cochin,Taxable,99381000000006196,IGST18,18.000000,374.40,ItemAmount,INTD,,goods,,2080.00,17580.00,20744.40,,,,
99381000002276870,2021-01-28,DC-00216,others,Draft,,99381000000098082,Cochin,99381000002020003,S.R INSTRUMENTS,MH,business_gst,27BGPPP3486B1Z2,false,Spreadsheet,INR,1.00,entity_level,true,0.000,0.00,Bill Printing scale Q8POS,,99381000000011617,ECS5W,,Sales,Make:YESWEIGH  Model:YS-30   Max:30kg  e:5g  Min:100g  Class:III,1.00,0.00,nos,15500.00,0.00,0.0,84231000,FALSE,Cochin,Taxable,99381000000006196,IGST18,18.000000,2790.00,ItemAmount,INTD,,goods,,15500.00,17580.00,20744.40,,,,
99381000002280840,2021-01-29,DC-00217,others,Draft,,99381000000098082,Cochin,99381000001735057,BIJU,KL,business_none,,false,Spreadsheet,INR,1.00,entity_level,true,0.000,0.00,Bill Printing scale Q8POS,,99381000000011617,ECS5W,,Sales,Make:YESWEIGH  Model:YS-30   Max:30kg  e:5g  Min:100g  Class:III,1.00,0.00,nos,15500.00,0.00,0.0,84231000,FALSE,Cochin,Taxable,99381000000260052,GST18 & KFC,19.000000,2945.00,Tax Group,,,goods,,15500.00,15500.00,18445.00,,,,
99381000002299157,2021-01-30,DC-00219,others,Draft,,99381000000098082,Cochin,99381000000553036,Gee Bee Instruments,KA,business_gst,29AXEPS2651Q1ZO,false,Spreadsheet,INR,1.00,entity_level,true,0.000,0.00,DISPLAY SET FRONT,,99381000000306342,ECS808,,Sales,,1.00,0.00,nos,1600.00,0.00,0.0,84239020,FALSE,Cochin,Taxable,99381000000006196,IGST18,18.000000,288.00,ItemAmount,INTD,,goods,,1600.00,1765.00,2082.70,,,,
99381000002299157,2021-01-30,DC-00219,others,Draft,,99381000000098082,Cochin,99381000000553036,Gee Bee Instruments,KA,business_gst,29AXEPS2651Q1ZO,false,Spreadsheet,INR,1.00,entity_level,true,0.000,0.00,Load Cell 40kg,,99381000000542288,APC208,,Sales,,1.00,0.00,pcs,165.00,0.00,0.0,84239020,FALSE,Cochin,Taxable,99381000000006196,IGST18,18.000000,29.70,ItemAmount,INTD,,goods,,165.00,1765.00,2082.70,,,,
99381000002312318,2021-02-02,DC-00220,others,Draft,,99381000000098082,Cochin,99381000000940238,INTERWEIGHING PVT. LTD.,KL,business_gst,32AAFCI1950F1ZZ,false,Spreadsheet,INR,1.00,entity_level,true,0.000,0.00,ATM JUNIOR YS669,,99381000001247038,YS669,,Sales,"Make : YESWEIGH Model : YSP-20
Max : 20kg e:2g Min:40g
Class : III",1.00,0.00,nos,1790.00,0.00,0.0,84231000,FALSE,Cochin,Taxable,99381000000006208,GST18,18.000000,322.20,Tax Group,,,goods,,1790.00,27350.00,32273.00,,,,
99381000002312318,2021-02-02,DC-00220,others,Draft,,99381000000098082,Cochin,99381000000940238,INTERWEIGHING PVT. LTD.,KL,business_gst,32AAFCI1950F1ZZ,false,Spreadsheet,INR,1.00,entity_level,true,0.000,0.00,Price Computing scale,,99381000000016031,ATMPC,,Sales,"Make: YESWEIGH  Model:YSP-20
Max:20kg  e:2g  Min:40g  Class:III",1.00,0.00,nos,1880.00,0.00,0.0,84231000,FALSE,Cochin,Taxable,99381000000006208,GST18,18.000000,338.40,Tax Group,,,goods,,1880.00,27350.00,32273.00,,,,
99381000002312318,2021-02-02,DC-00220,others,Draft,,99381000000098082,Cochin,99381000000940238,INTERWEIGHING PVT. LTD.,KL,business_gst,32AAFCI1950F1ZZ,false,Spreadsheet,INR,1.00,entity_level,true,0.000,0.00,Price Computing Scale-T,,99381000000035362,ATMPCT,,Sales,Make: YESWEIGH Model:YSP-20  Max:20kg  e:2g  Min:40g  Class:III,1.00,0.00,nos,1950.00,0.00,0.0,84231000,FALSE,Cochin,Taxable,99381000000006208,GST18,18.000000,351.00,Tax Group,,,goods,,1950.00,27350.00,32273.00,,,,
99381000002312318,2021-02-02,DC-00220,others,Draft,,99381000000098082,Cochin,99381000000940238,INTERWEIGHING PVT. LTD.,KL,business_gst,32AAFCI1950F1ZZ,false,Spreadsheet,INR,1.00,entity_level,true,0.000,0.00,Platform scale,,99381000000016068,BENCHPC,,Sales,"Make: YESWEIGH  Model:YSP-50
Max:50kg  e:5g  Min:100g  Class:III",1.00,0.00,nos,2080.00,0.00,0.0,84231000,FALSE,Cochin,Taxable,99381000000006208,GST18,18.000000,374.40,Tax Group,,,goods,,2080.00,27350.00,32273.00,,,,
99381000002312318,2021-02-02,DC-00220,others,Draft,,99381000000098082,Cochin,99381000000940238,INTERWEIGHING PVT. LTD.,KL,business_gst,32AAFCI1950F1ZZ,false,Spreadsheet,INR,1.00,entity_level,true,0.000,0.00,Plateform Weighing Scale 100kgx10g MS,,99381000001476013,PFPC400X400MS,,Sales,"Make : YESWEIGH Model:YSP-100
Max:100 kg e: 10gm Min:200g Class III",1.00,0.00,nos,3200.00,0.00,0.0,84239020,FALSE,Cochin,Taxable,99381000000006208,GST18,18.000000,576.00,Tax Group,,,goods,,3200.00,27350.00,32273.00,,,,
99381000002312318,2021-02-02,DC-00220,others,Draft,,99381000000098082,Cochin,99381000000940238,INTERWEIGHING PVT. LTD.,KL,business_gst,32AAFCI1950F1ZZ,false,Spreadsheet,INR,1.00,entity_level,true,0.000,0.00,Platform Weighing Scale 200kg/20g,,99381000000326157,PFPC400X500SS,,Sales,"Make:YESWEIGH Model : YSP-200
Max : 200kg e: 20g Min :400gm 
Class: III
",1.00,0.00,nos,3600.00,0.00,0.0,84231000,FALSE,Cochin,Taxable,99381000000006208,GST18,18.000000,648.00,Tax Group,,,goods,,3600.00,27350.00,32273.00,,,,
99381000002312318,2021-02-02,DC-00220,others,Draft,,99381000000098082,Cochin,99381000000940238,INTERWEIGHING PVT. LTD.,KL,business_gst,32AAFCI1950F1ZZ,false,Spreadsheet,INR,1.00,entity_level,true,0.000,0.00,Platform Weighing Scale 300kg/50g,,99381000000326166,PF4560,,Sales,"Make : YESWEIGH Model: YSP-5  
Max: 300 kg e: 50gm Min:1kg Class III",1.00,0.00,nos,4350.00,0.00,0.0,84231000,FALSE,Cochin,Taxable,99381000000006208,GST18,18.000000,783.00,Tax Group,,,goods,,4350.00,27350.00,32273.00,,,,
99381000002312318,2021-02-02,DC-00220,others,Draft,,99381000000098082,Cochin,99381000000940238,INTERWEIGHING PVT. LTD.,KL,business_gst,32AAFCI1950F1ZZ,false,Spreadsheet,INR,1.00,entity_level,true,0.000,0.00,Electronic weighing scale DJ600,,99381000000796329,DJ600,,Sales,Make:YESWEIGH  Model:YSJ-600   Max:600g  e:10mg    Class:II,1.00,0.00,nos,4400.00,0.00,0.0,84231000,FALSE,Cochin,Taxable,99381000000006208,GST18,18.000000,792.00,Tax Group,,,goods,,4400.00,27350.00,32273.00,,,,
99381000002312318,2021-02-02,DC-00220,others,Draft,,99381000000098082,Cochin,99381000000940238,INTERWEIGHING PVT. LTD.,KL,business_gst,32AAFCI1950F1ZZ,false,Spreadsheet,INR,1.00,entity_level,true,0.000,0.00,Bill  Printing scale Q74W,,99381000000343190,ECS4W,,Sales,Make: YESWEIGH  Model:YS-30   Max:30kg  e:5g  Min:100g  Class:III,1.00,0.00,nos,1050.00,0.00,0.0,84231000,FALSE,Cochin,Taxable,99381000000006208,GST18,18.000000,189.00,Tax Group,,,goods,,1050.00,27350.00,32273.00,,,,
99381000002312318,2021-02-02,DC-00220,others,Draft,,99381000000098082,Cochin,99381000000940238,INTERWEIGHING PVT. LTD.,KL,business_gst,32AAFCI1950F1ZZ,false,Spreadsheet,INR,1.00,entity_level,true,0.000,0.00,Bill Printing scale Q8POS,,99381000000011617,ECS5W,,Sales,Make:YESWEIGH  Model:YS-30   Max:30kg  e:5g  Min:100g  Class:III,1.00,0.00,nos,1550.00,0.00,0.0,84231000,FALSE,Cochin,Taxable,99381000000006208,GST18,18.000000,279.00,Tax Group,,,goods,,1550.00,27350.00,32273.00,,,,
99381000002312318,2021-02-02,DC-00220,others,Draft,,99381000000098082,Cochin,99381000000940238,INTERWEIGHING PVT. LTD.,KL,business_gst,32AAFCI1950F1ZZ,false,Spreadsheet,INR,1.00,entity_level,true,0.000,0.00,Label Printing scale Q9,,99381000000735165,TMAQ9,,Sales,Make:YESWEIGH  Model:YS-30   Max:30kg  e:5g  Min:100g  Class:III,1.00,0.00,nos,1500.00,0.00,0.0,84231000,FALSE,Cochin,Taxable,99381000000006208,GST18,18.000000,270.00,Tax Group,,,goods,,1500.00,27350.00,32273.00,,,,
99381000002352547,2021-02-10,DC-00221,others,Draft,,99381000000098082,Cochin,99381000000114383,ACCURATE TRADE LINKS,KL,business_gst,32AHJPK1741Q1Z4,false,Spreadsheet,INR,1.00,entity_level,true,0.000,0.00,Load Cell 70kg Bench PC,,99381000000542215,BPC113,,Sales,,1.00,0.00,pcs,210.00,0.00,0.0,84239020,FALSE,Cochin,Taxable,99381000000006208,GST18,18.000000,37.80,Tax Group,,,goods,,210.00,955.00,1126.90,,,,
99381000002352547,2021-02-10,DC-00221,others,Draft,,99381000000098082,Cochin,99381000000114383,ACCURATE TRADE LINKS,KL,business_gst,32AHJPK1741Q1Z4,false,Spreadsheet,INR,1.00,entity_level,true,0.000,0.00,Load Cell 40kg,,99381000000542288,APC208,,Sales,,1.00,0.00,pcs,160.00,0.00,0.0,84239020,FALSE,Cochin,Taxable,99381000000006208,GST18,18.000000,28.80,Tax Group,,,goods,,160.00,955.00,1126.90,,,,
99381000002352547,2021-02-10,DC-00221,others,Draft,,99381000000098082,Cochin,99381000000114383,ACCURATE TRADE LINKS,KL,business_gst,32AHJPK1741Q1Z4,false,Spreadsheet,INR,1.00,entity_level,true,0.000,0.00,SAFAL - 99MB 4V,,99381000001165620,CH603,,Sales,,3.00,0.00,nos,195.00,0.00,0.0,8423,FALSE,Cochin,Taxable,99381000000006208,GST18,18.000000,105.30,Tax Group,,,goods,,585.00,955.00,1126.90,,,,
99381000002355582,2021-02-10,DC-00222,others,Draft,,99381000000098082,Cochin,99381000001144238,SREE TULSI SCALES,TS,business_gst,36ASIPR4204R1Z5,false,Spreadsheet,INR,1.00,entity_level,true,0.000,0.00,Front Display Board Bench PC,,99381000000542197,BPC111,,Sales,,1.00,0.00,pcs,130.00,0.00,0.0,84239020,FALSE,Cochin,Taxable,99381000000006196,IGST18,18.000000,23.40,ItemAmount,INTD,,goods,,130.00,130.00,153.40,,,,
99381000002355592,2021-02-10,DC-00223,others,Draft,,99381000000098082,Cochin,99381000000136578,DIGITAL SCALE,KL,business_gst,32AOLPN0287R2ZA,false,Spreadsheet,INR,1.00,entity_level,true,0.000,0.00,MOTHER BOARD ATM/BENCH PC,,99381000000313080,BPC114,,Sales,,1.00,0.00,nos,150.00,0.00,0.0,84239020,FALSE,Cochin,Taxable,99381000000006208,GST18,18.000000,27.00,Tax Group,,,goods,,150.00,260.00,306.80,,,,
99381000002355592,2021-02-10,DC-00223,others,Draft,,99381000000098082,Cochin,99381000000136578,DIGITAL SCALE,KL,business_gst,32AOLPN0287R2ZA,false,Spreadsheet,INR,1.00,entity_level,true,0.000,0.00,Back Display Board ATM PC,,99381000000542279,APC207,,Sales,,1.00,0.00,nos,110.00,0.00,0.0,84239020,FALSE,Cochin,Taxable,99381000000006208,GST18,18.000000,19.80,Tax Group,,,goods,,110.00,260.00,306.80,,,,
99381000002355615,2021-02-10,DC-00224,others,Draft,,99381000000098082,Cochin,99381000002124092,Jayantha Weighing Industries,CG,business_gst,22ALIPJ0419P1Z3,false,Spreadsheet,INR,1.00,entity_level,true,0.000,0.00,DISPLAY SET FRONT,,99381000000306342,ECS808,,Sales,,1.00,0.00,nos,1600.00,0.00,0.0,84239020,FALSE,Cochin,Taxable,99381000000006196,IGST18,18.000000,288.00,ItemAmount,INTD,,goods,,1600.00,1600.00,1888.00,,,,
99381000002369001,2021-02-10,DC-00225,others,Draft,,99381000000098082,Cochin,99381000000231096,Victory Scales,KL,business_gst,32AAAAV1247P1ZC,false,Spreadsheet,INR,1.00,entity_level,true,0.000,0.00,MOTHER BOARD,,99381000000306276,ECS815,,Sales,,1.00,0.00,pcs,7500.00,0.00,0.0,84239020,FALSE,Cochin,Taxable,99381000000006208,GST18,18.000000,1350.00,Tax Group,,,goods,,7500.00,7500.00,8850.00,,,,
99381000002376099,2021-02-11,DC-00226,others,Draft,,99381000000098082,Cochin,99381000000940238,INTERWEIGHING PVT. LTD.,KL,business_gst,32AAFCI1950F1ZZ,false,Spreadsheet,INR,1.00,entity_level,true,0.000,0.00,Analytical Balance 220g/1 mg,,99381000000205935,BSM2203,,Sales,"Make : YES WEIGH Model : YSJ 50
",1.00,0.00,nos,7400.00,0.00,0.0,84231000,FALSE,Cochin,Taxable,99381000000006208,GST18,18.000000,1332.00,Tax Group,,,goods,,7400.00,7400.00,8732.00,,,,
99381000002377595,2021-02-11,DC-00227,others,Draft,,99381000000098082,Cochin,99381000000126001,YELLOW SCALES,KL,business_gst,32CPDPS6051P1ZG,false,Spreadsheet,INR,1.00,entity_level,true,0.000,0.00,MOTHER BOARD,,99381000000306276,ECS815,,Sales,,1.00,0.00,pcs,7500.00,0.00,0.0,84239020,FALSE,Cochin,Taxable,99381000000006208,GST18,18.000000,1350.00,Tax Group,,,goods,,7500.00,7500.00,8850.00,,,,
99381000002377605,2021-02-11,DC-00228,others,Draft,,99381000000098082,Cochin,99381000000940238,INTERWEIGHING PVT. LTD.,KL,business_gst,32AAFCI1950F1ZZ,false,Spreadsheet,INR,1.00,entity_level,true,0.000,0.00,Label Printing scale Q8LBL,,99381000000194633,Q8LBL,,Sales,Make:YESWEIGH  Model:YS-30   Max:30kg  e:5g  Min:100g  Class:III,2.00,0.00,nos,16600.00,0.00,0.0,84231000,FALSE,Cochin,Taxable,99381000000006208,GST18,18.000000,5976.00,Tax Group,,,goods,,33200.00,33200.00,39176.00,,,,
99381000002388564,2021-02-13,DC-00229,others,Draft,,99381000000098082,Cochin,99381000002173957,SAI SYSTEM AND SERVICES,TN,business_gst,33ACCFS3099K1ZT,false,Spreadsheet,INR,1.00,entity_level,true,0.000,0.00,WEIGHING PAN,,99381000000306400,ECS803,,Sales,,1.00,0.00,nos,400.00,0.00,0.0,84239020,FALSE,Cochin,Taxable,99381000000006196,IGST18,18.000000,72.00,ItemAmount,INTD,,goods,,400.00,400.00,472.00,,,,
99381000002388924,2021-02-15,DC-00230,others,Draft,,99381000000098082,Cochin,99381000001820570,ACCESS TECHNOLOGIES,TS,business_gst,36AIWPR1944A1Z1,false,Spreadsheet,INR,1.00,entity_level,true,0.000,0.00,Back Display Board Bench PC,,99381000000542206,BPC112,,Sales,,1.00,0.00,pcs,110.00,0.00,0.0,84239020,FALSE,Cochin,Taxable,99381000000006196,IGST18,18.000000,19.80,ItemAmount,INTD,,goods,,110.00,110.00,129.80,,,,
99381000002407034,2021-02-18,DC-00231,others,Draft,,99381000000098082,Cochin,99381000000011046,GLOBAL DIGITAL SYSTEM,KL,consumer,,false,Spreadsheet,INR,1.00,entity_level,true,0.000,0.00,BARCODE SCANNER PT - 198,,99381000000220093,PT198,,Sales,"1D Barcode scanner 
RS232 Serial Port ",1.00,0.00,nos,1750.00,0.00,0.0,84716050,FALSE,Cochin,Taxable,99381000000260052,GST18 & KFC,19.000000,332.50,Tax Group,,,goods,,1750.00,1750.00,2082.50,,,,
99381000002407134,2021-02-18,DC-00232,others,Draft,,99381000000098082,Cochin,99381000000084508,ACE ELECTRONICS,KL,business_gst,32AAZFA3650P1ZV,false,Spreadsheet,INR,1.00,entity_level,true,0.000,0.00,MOTHER BOARD ATM/BENCH PC,,99381000000313080,BPC114,,Sales,,5.00,0.00,nos,150.00,0.00,0.0,84239020,FALSE,Cochin,Taxable,99381000000006208,GST18,18.000000,135.00,Tax Group,,,goods,,750.00,1010.00,1191.80,,,,
99381000002407134,2021-02-18,DC-00232,others,Draft,,99381000000098082,Cochin,99381000000084508,ACE ELECTRONICS,KL,business_gst,32AAZFA3650P1ZV,false,Spreadsheet,INR,1.00,entity_level,true,0.000,0.00,FRONT DISPLAY BOARD ATM PC,,99381000000313049,APC206,,Sales,,2.00,0.00,nos,130.00,0.00,0.0,84239020,FALSE,Cochin,Taxable,99381000000006208,GST18,18.000000,46.80,Tax Group,,,goods,,260.00,1010.00,1191.80,,,,
99381000002407146,2021-02-18,DC-00233,others,Draft,,99381000000098082,Cochin,99381000001725106,AMITY ENTERPRISE,WB,business_gst,19CHLPS2073P1ZF,false,Spreadsheet,INR,1.00,entity_level,true,0.000,0.00,MOTHER BOARD ATM/BENCH PC,,99381000000313080,BPC114,,Sales,,5.00,0.00,nos,150.00,0.00,0.0,84239020,FALSE,Cochin,Taxable,99381000000006196,IGST18,18.000000,135.00,ItemAmount,INTD,,goods,,750.00,750.00,885.00,,,,
99381000002407170,2021-02-18,DC-00234,others,Draft,,99381000000098082,Cochin,99381000000014073,ADWITHI AUTOMATION,KL,business_gst,32GUAPS3359J1ZC,false,Spreadsheet,INR,1.00,entity_level,true,0.000,0.00,DISPLAY SET FRONT,,99381000000306342,ECS808,,Sales,,1.00,0.00,nos,1600.00,0.00,0.0,84239020,FALSE,Cochin,Taxable,99381000000006208,GST18,18.000000,288.00,Tax Group,,,goods,,1600.00,1600.00,1888.00,,,,
99381000002420019,2021-02-20,DC-00235,others,Draft,,99381000000098082,Cochin,99381000000575003,YESWEIGH TECHNOLOGIES PRIVATE LIMITED,KL,business_gst,32AABCY1984H1Z9,false,Spreadsheet,INR,1.00,entity_level,true,0.000,0.00,PRINTER,,99381000000306297,ECS814,,Sales,,1.00,0.00,nos,3500.00,0.00,0.0,84239020,FALSE,Cochin,Taxable,99381000000006208,GST18,18.000000,630.00,Tax Group,,,goods,,3500.00,3500.00,4130.00,,,,
99381000002442148,2021-02-23,DC-00236,others,Draft,,99381000000098082,Cochin,99381000002173957,SAI SYSTEM AND SERVICES,TN,business_gst,33ACCFS3099K1ZT,false,Spreadsheet,INR,1.00,entity_level,true,0.000,0.00,DISPLAY SET FRONT,,99381000000306342,ECS808,,Sales,,1.00,0.00,nos,1600.00,0.00,0.0,84239020,FALSE,Cochin,Taxable,99381000000006196,IGST18,18.000000,288.00,ItemAmount,INTD,,goods,,1600.00,9100.00,10738.00,,,,
99381000002442148,2021-02-23,DC-00236,others,Draft,,99381000000098082,Cochin,99381000002173957,SAI SYSTEM AND SERVICES,TN,business_gst,33ACCFS3099K1ZT,false,Spreadsheet,INR,1.00,entity_level,true,0.000,0.00,MOTHER BOARD,,99381000000306276,ECS815,,Sales,,1.00,0.00,pcs,7500.00,0.00,0.0,84239020,FALSE,Cochin,Taxable,99381000000006196,IGST18,18.000000,1350.00,ItemAmount,INTD,,goods,,7500.00,9100.00,10738.00,,,,
99381000002458425,2021-02-25,DC-00237,others,Draft,,99381000000098082,Cochin,99381000002124092,Jayantha Weighing Industries,CG,business_gst,22ALIPJ0419P1Z3,false,Spreadsheet,INR,1.00,entity_level,true,0.000,0.00,DISPLAY SET FRONT,,99381000000306342,ECS808,,Sales,,1.00,0.00,nos,1600.00,0.00,0.0,84239020,FALSE,Cochin,Taxable,99381000000006196,IGST18,18.000000,288.00,ItemAmount,INTD,,goods,,1600.00,1600.00,1888.00,,,,
99381000002468001,2021-02-26,DC-00238,others,Draft,,99381000000098082,Cochin,99381000002222998,Deepa weighing services,KL,business_gst,32AOJPG3528G1Z9,false,Spreadsheet,INR,1.00,entity_level,true,0.000,0.00,FLOOR SCALE INDICATOR,,99381000001429925,K12IND,,Sales,,1.00,0.00,nos,1350.00,0.00,0.0,84239020,FALSE,Cochin,Taxable,99381000000006208,GST18,18.000000,243.00,Tax Group,,,goods,,1350.00,1350.00,1593.00,,,,
99381000002468011,2021-02-26,DC-00239,others,Draft,,99381000000098082,Cochin,99381000001357416,V K ELECTRONICS,KL,business_gst,32BOXPV4134E1ZN,false,Spreadsheet,INR,1.00,entity_level,true,0.000,0.00,,,,,,Sales,Gift,1.00,0.00,,0.00,0.00,0.0,,FALSE,,Taxable,99381000000006208,GST18,18.000000,0.00,Tax Group,,,service,,0.00,0.00,0.00,,,,
99381000002473208,2021-02-27,DC-00240,others,Draft,,99381000000098082,Cochin,99381000000151001,Dynamic Enterprises,KL,business_gst,32ATJPS7075B1ZN,false,Spreadsheet,INR,1.00,entity_level,true,0.000,0.00,SMPS 20V,,99381000001455323,Q8604,,Sales,,1.00,0.00,nos,1400.00,0.00,0.0,84239020,FALSE,Cochin,Taxable,99381000000006208,GST18,18.000000,252.00,Tax Group,,,goods,,1400.00,1400.00,1652.00,,,,
99381000002482218,2021-02-27,DC-00241,others,Draft,,99381000000098082,Cochin,99381000000940238,INTERWEIGHING PVT. LTD.,KL,business_gst,32AAFCI1950F1ZZ,false,Spreadsheet,INR,1.00,entity_level,true,0.000,0.00,Label Printing scale Q9,,99381000000735165,TMAQ9,,Sales,Make:YESWEIGH  Model:YS-30   Max:30kg  e:5g  Min:100g  Class:III,1.00,0.00,nos,14500.00,0.00,0.0,84231000,FALSE,Cochin,Taxable,99381000000006208,GST18,18.000000,2610.00,Tax Group,,,goods,,14500.00,14500.00,17110.00,,,,
99381000002536004,2021-03-08,DC-00242,others,Draft,,99381000000098082,Cochin,99381000000154574,TAKYON SYSTEMS,KL,business_gst,32AANFT0176D1ZE,false,Spreadsheet,INR,1.00,entity_level,true,0.000,0.00,SMPS 7V,,99381000000306148,ECS817,,Sales,,1.00,0.00,nos,950.00,0.00,0.0,84239020,FALSE,Cochin,Taxable,99381000000006208,GST18,18.000000,171.00,Tax Group,,,goods,,950.00,950.00,1121.00,,,,
99381000002536329,2021-03-08,DC-00243,others,Draft,,99381000000098082,Cochin,99381000002173957,SAI SYSTEM AND SERVICES,TN,business_gst,33ACCFS3099K1ZT,false,Spreadsheet,INR,1.00,entity_level,true,0.000,0.00,MOTHER BOARD,,99381000000306276,ECS815,,Sales,,1.00,0.00,pcs,7500.00,0.00,0.0,84239020,FALSE,Cochin,Taxable,99381000000006196,IGST18,18.000000,1350.00,ItemAmount,INTD,,goods,,7500.00,7500.00,8850.00,,,,
99381000002536339,2021-03-08,DC-00244,others,Draft,,99381000000098082,Cochin,99381000000832003,MANUKRISHNA SCALE AGENCY,TN,business_gst,33AFFPR2059J1ZC,false,Spreadsheet,INR,1.00,entity_level,true,0.000,0.00,MOTHER BOARD ATM/BENCH PC,,99381000000313080,BPC114,,Sales,,1.00,0.00,nos,150.00,0.00,0.0,84239020,FALSE,Cochin,Taxable,99381000000006196,IGST18,18.000000,27.00,ItemAmount,INTD,,goods,,150.00,150.00,177.00,,,,
99381000002536349,2021-03-08,DC-00245,others,Draft,,99381000000098082,Cochin,99381000000553036,Gee Bee Instruments,KA,business_gst,29AXEPS2651Q1ZO,false,Spreadsheet,INR,1.00,entity_level,true,0.000,0.00,DISPLAY SET FRONT,,99381000000306342,ECS808,,Sales,,1.00,0.00,nos,1600.00,0.00,0.0,84239020,FALSE,Cochin,Taxable,99381000000006196,IGST18,18.000000,288.00,ItemAmount,INTD,,goods,,1600.00,1600.00,1888.00,,,,
99381000002662619,2021-03-12,DC-00246,others,Draft,,99381000000098082,Cochin,99381000000084508,ACE ELECTRONICS,KL,business_gst,32AAZFA3650P1ZV,false,Spreadsheet,INR,1.00,entity_level,true,0.000,0.00,Step Down Tranformer (Output: 6.5v AC) ATM PC Touch,,99381000000542337,TPC305,,Sales,,1.00,0.00,pcs,90.00,0.00,0.0,84239020,FALSE,Cochin,Taxable,99381000000006208,GST18,18.000000,16.20,Tax Group,,,goods,,90.00,490.00,578.20,,,,
99381000002662619,2021-03-12,DC-00246,others,Draft,,99381000000098082,Cochin,99381000000084508,ACE ELECTRONICS,KL,business_gst,32AAZFA3650P1ZV,false,Spreadsheet,INR,1.00,entity_level,true,0.000,0.00,Load Cell 200kg (Platform),,99381000001073039,PLC200,,Sales,,1.00,0.00,nos,400.00,0.00,0.0,84239020,FALSE,Cochin,Taxable,99381000000006208,GST18,18.000000,72.00,Tax Group,,,goods,,400.00,490.00,578.20,,,,
99381000002663288,2021-03-13,DC-00247,others,Draft,,99381000000098082,Cochin,99381000000084508,ACE ELECTRONICS,KL,business_gst,32AAZFA3650P1ZV,false,Spreadsheet,INR,1.00,entity_level,true,0.000,0.00,POLE Q9707,,99381000001663341,Q9707,,Sales,,1.00,0.00,nos,750.00,0.00,0.0,84239020,FALSE,Cochin,Taxable,99381000000006208,GST18,18.000000,135.00,Tax Group,,,goods,,750.00,750.00,885.00,,,,
99381000002665196,2021-03-15,DC-00248,others,Draft,,99381000000098082,Cochin,99381000002352361,M/s.Meezan Enterprises,MH,business_gst,27AEQPC0479P1ZV,false,Spreadsheet,INR,1.00,entity_level,true,0.000,0.00,TROLLY WHEEL,,99381000002665187,TRLY101,,Sales,,1.00,0.00,nos,150.00,0.00,0.0,84239020,FALSE,Cochin,Taxable,99381000000006196,IGST18,18.000000,27.00,ItemAmount,INTD,,goods,,150.00,150.00,177.00,,,,
99381000002673035,2021-03-16,DC-00249,others,Draft,,99381000000098082,Cochin,99381000000014073,ADWITHI AUTOMATION,KL,business_gst,32GUAPS3359J1ZC,false,Spreadsheet,INR,1.00,entity_level,true,0.000,0.00,MOTHER BOARD ATM/BENCH PC,,99381000000313080,BPC114,,Sales,,2.00,0.00,nos,150.00,0.00,0.0,84239020,FALSE,Cochin,Taxable,99381000000006208,GST18,18.000000,54.00,Tax Group,,,goods,,300.00,300.00,354.00,,,,
99381000002685025,2021-03-17,DC-00250,others,Draft,,99381000000098082,Cochin,99381000000036062,TRAVANCORE SCALES SERVICES,KL,business_gst,32APBPN7027C2ZD,false,Spreadsheet,INR,1.00,entity_level,true,0.000,0.00,SMPS 7V,,99381000000306148,ECS817,,Sales,,1.00,0.00,nos,950.00,0.00,0.0,84239020,FALSE,Cochin,Taxable,99381000000006208,GST18,18.000000,171.00,Tax Group,,,goods,,950.00,950.00,1121.00,,,,
99381000002692045,2021-03-19,DC-00251,others,Draft,,99381000000098082,Cochin,99381000002174919,VARDHAMAN SAFE LOCKERS,KA,business_gst,29AFNPK8847H1ZP,false,Spreadsheet,INR,1.00,entity_level,true,0.000,0.00,DUST COVER,,99381000001523155,ECS819,,Sales,,1.00,0.00,nos,65.00,0.00,0.0,84239020,FALSE,Cochin,Taxable,99381000000006196,IGST18,18.000000,11.70,ItemAmount,INTD,,goods,,65.00,65.00,76.70,,,,
99381000002692055,2021-03-19,DC-00252,others,Draft,,99381000000098082,Cochin,99381000001907025,C.Manikkam Chetty Son,TN,business_gst,33AEFPC3510G1ZA,false,Spreadsheet,INR,1.00,entity_level,true,0.000,0.00,Back Display Board Bench PC,,99381000000542206,BPC112,,Sales,,1.00,0.00,pcs,110.00,0.00,0.0,84239020,FALSE,Cochin,Taxable,99381000000006196,IGST18,18.000000,19.80,ItemAmount,INTD,,goods,,110.00,110.00,129.80,,,,
99381000002699531,2021-03-23,DC-00253,others,Draft,,99381000000098082,Cochin,99381000000575003,YESWEIGH TECHNOLOGIES PRIVATE LIMITED,KL,business_gst,32AABCY1984H1Z9,false,Spreadsheet,INR,1.00,entity_level,true,0.000,0.00,Keypad Board Bench PC,,99381000000542116,BPC102,,Sales,,1.00,0.00,pcs,130.00,0.00,0.0,84239020,FALSE,Cochin,Taxable,99381000000006208,GST18,18.000000,23.40,Tax Group,,,goods,,130.00,130.00,153.40,,,,
99381000002721157,2021-03-25,DC-00254,others,Draft,,99381000000098082,Cochin,99381000000940238,INTERWEIGHING PVT. LTD.,KL,business_gst,32AAFCI1950F1ZZ,false,Spreadsheet,INR,1.00,entity_level,true,0.000,0.00,Electronic cash register,,99381000000194004,ECR,,Sales,,1.00,0.00,nos,9700.00,0.00,0.0,84701000,FALSE,Cochin,Taxable,99381000000006208,GST18,18.000000,1746.00,Tax Group,,,goods,,9700.00,9700.00,11446.00,,,,
99381000002726011,2021-03-26,DC-00255,others,Draft,,99381000000098082,Cochin,99381000002672003,Diamond Weighing Systems Private Limited,TS,business_gst,36AAICD2482N1Z7,false,Spreadsheet,INR,1.00,entity_level,true,0.000,0.00,POWER SUPPLY BOARD,,99381000000306225,ECS816,,Sales,,1.00,0.00,nos,250.00,0.00,0.0,84239020,FALSE,Cochin,Taxable,99381000000006196,IGST18,18.000000,45.00,ItemAmount,INTD,,goods,,250.00,250.00,295.00,,,,
99381000002731002,2021-03-26,DC-00256,others,Delivered,Not Invoiced,99381000000098082,Cochin,99381000002173957,SAI SYSTEM AND SERVICES,TN,business_gst,33ACCFS3099K1ZT,false,Spreadsheet,INR,1.00,entity_level,true,0.000,0.00,BODY SET ATM JUNIOR,,99381000001656758,BSAJ,,Sales,,1.00,0.00,nos,400.00,0.00,0.0,84239020,FALSE,Cochin,Taxable,99381000000006196,IGST18,18.000000,72.00,ItemAmount,INTD,,goods,,400.00,400.00,472.00,,,,
99381000002731016,2021-03-27,DC-00257,others,Draft,,99381000000098082,Cochin,99381000000940238,INTERWEIGHING PVT. LTD.,KL,business_gst,32AAFCI1950F1ZZ,false,Spreadsheet,INR,1.00,entity_level,true,0.000,0.00,Label Printing Scale Q9LBL,,99381000002536240,Q9LBL,,Sales,Make:YESWEIGH  Model:YS-30   Max:30kg  e:5g  Min:100g  Class:III,1.00,0.00,nos,14500.00,0.00,0.0,84231000,FALSE,Cochin,Taxable,99381000000006208,GST18,18.000000,2610.00,Tax Group,,,goods,,14500.00,14500.00,17110.00,,,,
99381000002744324,2021-03-29,DC-00258,others,Delivered,Not Invoiced,99381000000098082,Cochin,99381000002665012,F. K Electronics,AD,business_gst,37CUYPP0119FIZA,false,Spreadsheet,INR,1.00,entity_level,true,0.000,0.00,Front Display Board Bench PC,,99381000000542197,BPC111,,Sales,,1.00,0.00,pcs,130.00,0.00,0.0,84239020,FALSE,Cochin,Taxable,99381000000006196,IGST18,18.000000,23.40,ItemAmount,INTD,,goods,,130.00,130.00,153.40,,,,
99381000002785001,2021-04-03,DC-00259,others,Delivered,Not Invoiced,99381000000098082,Cochin,99381000002669186,Meghana Marketing,AD,business_gst,37BCAPK3386A1ZW,false,Spreadsheet,INR,1.00,entity_level,true,0.000,0.00,Platform Bicolor Display,,99381000002140001,PBBD,,Sales,,2.00,0.00,nos,150.00,0.00,0.0,84239020,FALSE,Cochin,Taxable,99381000000006196,IGST18,18.000000,54.00,ItemAmount,INTD,,goods,,300.00,300.00,354.00,,,,
99381000002785011,2021-04-03,DC-00260,others,Delivered,Not Invoiced,99381000000098082,Cochin,99381000000114383,ACCURATE TRADE LINKS,KL,business_gst,32AHJPK1741Q1Z4,false,Spreadsheet,INR,1.00,entity_level,true,0.000,0.00,SAFAL - 99MB 4V,,99381000001165620,CH603,,Sales,,7.00,0.00,nos,195.00,0.00,0.0,84239020,FALSE,Cochin,Taxable,99381000000006208,GST18,18.000000,245.70,Tax Group,,,goods,,1365.00,3627.00,4279.86,,,,
99381000002785011,2021-04-03,DC-00260,others,Delivered,Not Invoiced,99381000000098082,Cochin,99381000000114383,ACCURATE TRADE LINKS,KL,business_gst,32AHJPK1741Q1Z4,false,Spreadsheet,INR,1.00,entity_level,true,0.000,0.00,MOTHER BOARD ATM/BENCH PC,,99381000000313080,BPC114,,Sales,,1.00,0.00,nos,150.00,0.00,0.0,84239020,FALSE,Cochin,Taxable,99381000000006208,GST18,18.000000,27.00,Tax Group,,,goods,,150.00,3627.00,4279.86,,,,
99381000002785011,2021-04-03,DC-00260,others,Delivered,Not Invoiced,99381000000098082,Cochin,99381000000114383,ACCURATE TRADE LINKS,KL,business_gst,32AHJPK1741Q1Z4,false,Spreadsheet,INR,1.00,entity_level,true,0.000,0.00,AC Cord wire CPU Cord(3 yard),,99381000002008032,CW3X3,,Sales,,1.00,0.00,nos,62.00,0.00,0.0,84239020,FALSE,Cochin,Taxable,99381000000006208,GST18,18.000000,11.16,Tax Group,,,goods,,62.00,3627.00,4279.86,,,,
99381000002785011,2021-04-03,DC-00260,others,Delivered,Not Invoiced,99381000000098082,Cochin,99381000000114383,ACCURATE TRADE LINKS,KL,business_gst,32AHJPK1741Q1Z4,false,Spreadsheet,INR,1.00,entity_level,true,0.000,0.00,Loadcell 40KG 88mm,,99381000001991033,LC4088,,Sales,,1.00,0.00,nos,120.00,0.00,0.0,84239020,FALSE,Cochin,Taxable,99381000000006208,GST18,18.000000,21.60,Tax Group,,,goods,,120.00,3627.00,4279.86,,,,
99381000002785011,2021-04-03,DC-00260,others,Delivered,Not Invoiced,99381000000098082,Cochin,99381000000114383,ACCURATE TRADE LINKS,KL,business_gst,32AHJPK1741Q1Z4,false,Spreadsheet,INR,1.00,entity_level,true,0.000,0.00,Touch Keypad ATM PC Touch,,99381000000542306,TPC302,,Sales,,1.00,0.00,pcs,220.00,0.00,0.0,84239020,FALSE,Cochin,Taxable,99381000000006208,GST18,18.000000,39.60,Tax Group,,,goods,,220.00,3627.00,4279.86,,,,
99381000002785011,2021-04-03,DC-00260,others,Delivered,Not Invoiced,99381000000098082,Cochin,99381000000114383,ACCURATE TRADE LINKS,KL,business_gst,32AHJPK1741Q1Z4,false,Spreadsheet,INR,1.00,entity_level,true,0.000,0.00,Back Display Board ATM PC,,99381000000542279,APC207,,Sales,,1.00,0.00,nos,110.00,0.00,0.0,84239020,FALSE,Cochin,Taxable,99381000000006208,GST18,18.000000,19.80,Tax Group,,,goods,,110.00,3627.00,4279.86,,,,
99381000002785011,2021-04-03,DC-00260,others,Delivered,Not Invoiced,99381000000098082,Cochin,99381000000114383,ACCURATE TRADE LINKS,KL,business_gst,32AHJPK1741Q1Z4,false,Spreadsheet,INR,1.00,entity_level,true,0.000,0.00,DISPLAY SET FRONT,,99381000000306342,ECS808,,Sales,,1.00,0.00,nos,1600.00,0.00,0.0,84239020,FALSE,Cochin,Taxable,99381000000006208,GST18,18.000000,288.00,Tax Group,,,goods,,1600.00,3627.00,4279.86,,,,
99381000002794065,2021-04-05,DC-00261,others,Delivered,Not Invoiced,99381000000098082,Cochin,99381000001345032,ACCURATE SCALES,KL,business_gst,32BNEPM9609M1ZM,false,Spreadsheet,INR,1.00,entity_level,true,0.000,0.00,MOTHER BOARD ATM/BENCH PC,,99381000000313080,BPC114,,Sales,,1.00,0.00,nos,150.00,0.00,0.0,84239020,FALSE,Cochin,Taxable,99381000000006208,GST18,18.000000,27.00,Tax Group,,,goods,,150.00,150.00,177.00,,,,
99381000002794201,2021-04-07,DC-00262,others,Delivered,Not Invoiced,99381000000098082,Cochin,99381000000372006,ALUVA SCALES,KL,business_gst,32AAWFA5290Q1ZO,false,Spreadsheet,INR,1.00,entity_level,true,0.000,0.00,DISPLAY STICKER FRONT Q9710,,99381000001663368,Q9710,,Sales,,2.00,0.00,nos,125.00,0.00,0.0,84239020,FALSE,Cochin,Taxable,99381000000006208,GST18,18.000000,45.00,Tax Group,,,goods,,250.00,250.00,295.00,,,,
99381000002794364,2021-04-07,DC-00263,others,Draft,,99381000000098082,Cochin,99381000002794333,TULA BHAVAN,KL,business_gst,32AABFT3237F1ZM,false,Spreadsheet,INR,1.00,entity_level,true,0.000,0.00,Price Computing scale,,99381000000016031,ATMPC,,Sales,"Make: YESWEIGH  Model:YSP-20
Max:20kg  e:2g  Min:40g  Class:III",1.00,0.00,nos,1880.00,0.00,0.0,84231000,FALSE,Cochin,Taxable,99381000000006208,GST18,18.000000,338.40,Tax Group,,,goods,,1880.00,3670.00,4330.60,,,,
99381000002794364,2021-04-07,DC-00263,others,Draft,,99381000000098082,Cochin,99381000002794333,TULA BHAVAN,KL,business_gst,32AABFT3237F1ZM,false,Spreadsheet,INR,1.00,entity_level,true,0.000,0.00,ATM JUNIOR YS669,,99381000001247038,YS669,,Sales,"Make : YESWEIGH Model : YSP-20
Max : 20kg e:2g Min:40g
Class : III",1.00,0.00,nos,1790.00,0.00,0.0,84231000,FALSE,Cochin,Taxable,99381000000006208,GST18,18.000000,322.20,Tax Group,,,goods,,1790.00,3670.00,4330.60,,,,
99381000002812137,2021-04-09,DC-00264,others,Draft,,99381000000098082,Cochin,99381000000151001,Dynamic Enterprises,KL,business_gst,32ATJPS7075B1ZN,false,Spreadsheet,INR,1.00,entity_level,true,0.000,0.00,MOTHER BOARD,,99381000000306276,ECS815,,Sales,,1.00,0.00,pcs,7500.00,0.00,0.0,84239020,FALSE,Cochin,Taxable,99381000000006208,GST18,18.000000,1350.00,Tax Group,,,goods,,7500.00,7500.00,8850.00,,,,
99381000002812456,2021-04-10,DC-00265,others,Draft,,99381000000098082,Cochin,99381000000114383,ACCURATE TRADE LINKS,KL,business_gst,32AHJPK1741Q1Z4,false,Spreadsheet,INR,1.00,entity_level,true,0.000,0.00,TROLLY WHEEL (CASTER WHEEL),,99381000002812213,TRLY03,,Sales,CASTER WHEELS-SUPO-IV-J05-04-125-112,2.00,0.00,nos,545.00,0.00,0.0,871690,FALSE,Cochin,Taxable,99381000000006208,GST18,18.000000,196.20,Tax Group,,,goods,,1090.00,2510.00,2961.80,,,,
99381000002812456,2021-04-10,DC-00265,others,Draft,,99381000000098082,Cochin,99381000000114383,ACCURATE TRADE LINKS,KL,business_gst,32AHJPK1741Q1Z4,false,Spreadsheet,INR,1.00,entity_level,true,0.000,0.00,Trolly Wheel (Caster wheel-01D),,99381000002812201,TRLY02,,Sales,CASTER WHEELS-SUPO-IV-J05-01-125-112,2.00,0.00,nos,710.00,0.00,0.0,830220,FALSE,Cochin,Taxable,99381000000006208,GST18,18.000000,255.60,Tax Group,,,goods,,1420.00,2510.00,2961.80,,,,
99381000002814143,2021-04-10,DC-00266,others,Draft,,99381000000098082,Cochin,99381000000821148,MUDRA SCALES-WAYANAD,KL,business_gst,32FUOPS1418D1ZO,false,Spreadsheet,INR,1.00,entity_level,true,0.000,0.00,ATM PC WEIGH PAN,,99381000001662121,APC214,,Sales,,1.00,0.00,nos,160.00,0.00,0.0,84239020,FALSE,Cochin,Taxable,99381000000006208,GST18,18.000000,28.80,Tax Group,,,goods,,160.00,160.00,188.80,,,,
99381000002835063,2021-04-13,DC-00267,others,Open,Not Invoiced,99381000000098082,Cochin,99381000000940238,INTERWEIGHING PVT. LTD.,KL,business_gst,32AAFCI1950F1ZZ,false,Spreadsheet,INR,1.00,entity_level,true,0.000,0.00,Platform scale,,99381000000016068,BENCHPC,,Sales,"Make: YESWEIGH  Model:YSP-50
Max:50kg  e:5g  Min:100g  Class:III",1.00,0.00,nos,2080.00,0.00,0.0,84231000,FALSE,Cochin,Taxable,99381000000006208,GST18,18.000000,374.40,Tax Group,,,goods,,2080.00,11780.00,13900.40,,,,
99381000002835063,2021-04-13,DC-00267,others,Open,Not Invoiced,99381000000098082,Cochin,99381000000940238,INTERWEIGHING PVT. LTD.,KL,business_gst,32AAFCI1950F1ZZ,false,Spreadsheet,INR,1.00,entity_level,true,0.000,0.00,Electronic cash register,,99381000000194004,ECR,,Sales,,1.00,0.00,nos,9700.00,0.00,0.0,84701000,FALSE,Cochin,Taxable,99381000000006208,GST18,18.000000,1746.00,Tax Group,,,goods,,9700.00,11780.00,13900.40,,,,
99381000002838704,2021-04-15,DC-00268,others,Draft,,99381000000098082,Cochin,99381000000036062,TRAVANCORE SCALES SERVICES,KL,business_gst,32APBPN7027C2ZD,false,Spreadsheet,INR,1.00,entity_level,true,0.000,0.00,Load Cell 80 KG,,99381000001577049,BPC118,,Sales,,1.00,0.00,nos,220.00,0.00,0.0,84239020,FALSE,Cochin,Taxable,99381000000006208,GST18,18.000000,39.60,Tax Group,,,goods,,220.00,220.00,259.60,,,,
99381000002843635,2021-04-16,DC-00269,others,Draft,,99381000000098082,Cochin,99381000000940238,INTERWEIGHING PVT. LTD.,KL,business_gst,32AAFCI1950F1ZZ,false,Spreadsheet,INR,1.00,entity_level,true,0.000,0.00,Electronic weighing scale DJ600,,99381000000796329,DJ600,,Sales,Make:YESWEIGH  Model:YSJ-600   Max:620g  e:10mg    Class:II,1.00,0.00,nos,4400.00,0.00,0.0,84231000,FALSE,Cochin,Taxable,99381000000006208,GST18,18.000000,792.00,Tax Group,,,goods,,4400.00,4400.00,5192.00,,,,
99381000003055015,2021-05-11,DC-00270,others,Draft,,99381000000098082,Cochin,99381000000940238,INTERWEIGHING PVT. LTD.,KL,business_gst,32AAFCI1950F1ZZ,false,Spreadsheet,INR,1.00,entity_level,true,0.000,0.00,ATM JUNIOR YS669,,99381000001247038,YS669,,Sales,"Make : YESWEIGH Model : YSP-20
Max : 20kg e:2g Min:40g
Class : III",1.00,0.00,nos,1790.00,0.00,0.0,84231000,FALSE,Cochin,Taxable,99381000000006208,GST18,18.000000,322.20,Tax Group,,,goods,,1790.00,1790.00,2112.20,,,,
99381000003086067,2021-05-18,DC-00271,others,Draft,,99381000000098082,Cochin,99381000003086036,Mr.Roshan Kushwaha,JH,consumer,,false,Spreadsheet,INR,1.00,entity_level,true,0.000,0.00,Bill Printing scale Q8POS,,99381000000011617,ECS5W,,Sales,Make:YESWEIGH  Model:YS-30   Max:30kg  e:5g  Min:100g  Class:III,1.00,0.00,nos,26000.00,0.00,0.0,84231000,FALSE,Cochin,Taxable,99381000000006196,IGST18,18.000000,4680.00,ItemAmount,INTD,,goods,,26000.00,26000.00,30680.00,,,,
99381000003151065,2021-05-28,DC-00274,others,Draft,,99381000003083031,Head Office,99381000000084733,ELMASS SYSTEMS & SERVICES,KL,business_gst,32AACFE8918M1Z7,false,Spreadsheet,INR,1.00,entity_level,true,0.000,0.00,Envelope,,99381000003150801,EVV,,Sales,,1.00,0.00,,1.00,0.00,0.0,996812,FALSE,,Tax Exempted,,,,,,,GOVERMENT FEES,service,,1.00,1.00,1.00,,ST courier ,123456,Shalima KT
99381000003179048,2021-06-01,DC-00275,others,Draft,,99381000000098082,Cochin,99381000003086036,Mr.Roshan Kushwaha,JH,consumer,,false,Standard Template,INR,1.00,entity_level,true,0.000,0.00,ECS5W SMPS 7V,,99381000000306148,ECS817,,Sales,,1.00,0.00,nos,950.00,0.00,0.0,84239020,FALSE,Cochin,Taxable,99381000000006196,IGST18,18.000000,171.00,ItemAmount,INTD,,goods,,950.00,950.00,1121.00,,ST courier ,,Athira Sankar
99381000003472121,2021-07-13,DC-00277,others,Draft,,99381000000098082,Cochin,99381000000965086,ACCURATE DIGITAL SYSTEMS,KA,business_gst,29DPBPS3112C1Z7,false,Standard Template,INR,1.00,entity_level,true,0.000,0.00,CCM  - Value Counting Machine,,99381000000302452,AL66,,Sales,,1.00,0.00,nos,7200.00,0.00,0.0,84729090,FALSE,Cochin,Taxable,99381000000006196,IGST18,18.000000,1296.00,ItemAmount,INTD,,goods,,7200.00,7200.00,8496.00,,ST courier ,,Teslin
99381000003519912,2021-07-19,DC-00278,others,Draft,,99381000000098082,Cochin,99381000003444043,THRASSCO SOLUTIONS-TIRUR,KL,business_none,,false,Spreadsheet,INR,1.00,entity_level,true,0.000,0.00,Platform scale,,99381000000016068,BENCHPC,,Sales,"Make: YESWEIGH  Model:YSP-50
Max:50kg  e:5g  Min:100g  Class:III",4.00,0.00,nos,2080.00,0.00,0.0,84231000,FALSE,Cochin,Taxable,99381000000260052,GST18 & KFC,19.000000,1580.80,Tax Group,,,goods,,8320.00,8320.00,9901.00,,APS,,Shalima KT
99381000003526076,2021-07-20,DC-00279,others,Draft,,99381000000098082,Cochin,99381000000102001,TRANSWORLD SCALES SERVICES,KL,business_gst,32AWCPS0193C1ZX,false,Spreadsheet,INR,1.00,entity_level,true,0.000,0.00,ATM JUNIOR YS669,,99381000001247038,YS669,,Sales,"Make : YESWEIGH Model : YSP-20
Max : 20kg e:2g Min:40g
Class : III",5.00,0.00,nos,1790.00,0.00,0.0,84231000,FALSE,Cochin,Taxable,99381000000006208,GST18,18.000000,1611.00,Tax Group,,,goods,,8950.00,8950.00,10561.00,,APS,,Biju B
99381000003639119,2021-08-05,DC-00280,others,Draft,,99381000000098082,Cochin,99381000002549012,ROYAL SCALES,KL,business_gst,32AKPPJ6985N1ZA,false,Standard Template,INR,1.00,entity_level,true,0.000,0.00,CHICKEN SCALE 100 KG SS,,99381000001933001,CS300X300SS,,Sales,"Make : YESWEIGH Model : YSC
Max : 100kg e:10g Min:200g
Class : III
SERIAL NO: YUD9007 (STAMPED)",1.00,0.00,nos,2250.00,0.00,0.0,84239010,FALSE,Cochin,Taxable,99381000000006208,GST18,18.000000,405.00,Tax Group,,,goods,,2250.00,2250.00,2655.00,,ST courier ,,Eldho
99381000003633839,2021-08-05,DC-00281,others,Draft,,99381000000098082,Cochin,99381000000940238,INTERWEIGHING PVT. LTD.,KL,business_gst,32AAFCI1950F1ZZ,false,Standard Template,INR,1.00,entity_level,true,0.000,0.00,Price Computing Scale-W,,99381000000035371,ATMPCW,,Sales,"Make: YESWEIGH Model: YSP-20
Max:20kg  e:2g  Min:40g  Class:III",1.00,0.00,nos,2350.00,0.00,0.0,84231000,FALSE,Cochin,Taxable,99381000000006208,GST18,18.000000,423.00,Tax Group,,,goods,,2350.00,2350.00,2773.00,,Speed Post ,,Eldho
99381000003640374,2021-08-06,DC-00282,others,Draft,,99381000000098082,Cochin,99381000002697005,Katawala Electronics,UP,business_gst,09ACBPG3345D1Z2,false,Standard Template,INR,1.00,entity_level,true,0.000,0.00,Analytical Balance 220g/1 mg,,99381000000205935,BSM2203,,Sales,"Make : YES WEIGH Model : YSJ 50
",1.00,0.00,nos,7400.00,0.00,0.0,84231000,FALSE,Cochin,Taxable,99381000000006196,IGST18,18.000000,1332.00,ItemAmount,INTD,,goods,,7400.00,7400.00,8732.00,,Blue Dart,,Shalima KT
99381000003651011,2021-08-07,DC-00283,others,Draft,,99381000000098082,Cochin,99381000002549012,ROYAL SCALES,KL,business_gst,32AKPPJ6985N1ZA,false,Standard Template,INR,1.00,entity_level,true,0.000,0.00,Price Computing scale,,99381000000016031,ATMPC,,Sales,"Make: YESWEIGH  Model:YSP-20
Max:20kg  e:2g  Min:40g  Class:III",1.00,0.00,nos,1880.00,0.00,0.0,84231000,FALSE,Cochin,Taxable,99381000000006208,GST18,18.000000,338.40,Tax Group,,,goods,,1880.00,1880.00,2218.00,,ST courier ,,Eldho
99381000003655659,2021-08-07,DC-00284,others,Draft,,99381000000098082,Cochin,99381000002355008,JK Mistry,MP,business_gst,23ANBPK1518K1ZB,false,Spreadsheet,INR,1.00,entity_level,true,0.000,0.00,Price Computing Scale-T,,99381000000035362,ATMPCT,,Sales,Make: YESWEIGH Model:YSP-20  Max:20kg  e:2g  Min:40g  Class:III,1.00,0.00,nos,1950.00,0.00,0.0,84231000,FALSE,Cochin,Taxable,99381000000006196,IGST18,18.000000,351.00,ItemAmount,INTD,,goods,,1950.00,1950.00,2301.00,,ST courier ,,Teslin
99381000003726309,2021-08-13,DC-00285,others,Draft,,99381000000098082,Cochin,99381000000112170,MEEZAN ELECTRONIC SCALES PRIVATE LIMITED,KL,business_gst,32AAECM1277C1ZY,false,Spreadsheet,INR,1.00,entity_level,true,0.000,0.00,ECS5W DOT  MATRIX DISPLAY,,99381000001687432,ECS826,,Sales,,2.00,0.00,nos,750.00,0.00,0.0,84239020,FALSE,Cochin,Taxable,99381000000006208,GST18,18.000000,270.00,Tax Group,,,goods,,1500.00,1500.00,1770.00,,Amal Assosiate,,Eldho
99381000003818495,2021-08-19,DC-00286,others,Draft,,99381000000098082,Cochin,99381000000014010,SOUTHERN SCALE SERVICES,KL,business_gst,32AANFS5802P1ZR,false,Spreadsheet,INR,1.00,entity_level,true,0.000,0.00,BARCODE SCANNER PT - 198,,99381000000220093,PT198,,Sales,"1D Barcode scanner 
RS232 Serial Port ",1.00,0.00,nos,1750.00,0.00,0.0,84716050,FALSE,Cochin,Taxable,99381000000006208,GST18,18.000000,315.00,Tax Group,,,goods,,1750.00,1750.00,2065.00,,ST courier ,,Eldho
99381000003832651,2021-08-23,DC-00287,others,Draft,,99381000000098082,Cochin,99381000000084733,ELMASS SYSTEMS & SERVICES,KL,business_gst,32AACFE8918M1Z7,false,Spreadsheet,INR,1.00,entity_level,true,0.000,0.00,GLASS ELECTRONIC PERSONAL SCALE,,99381000003586659,EB8020,,Sales,"Make: YESWEIGH Model : YSB
Max :180kg e:100g Class : III",2.00,0.00,nos,660.00,0.00,0.0,84238190,FALSE,Cochin,Taxable,99381000000006208,GST18,18.000000,237.60,Tax Group,,,goods,,1320.00,1320.00,1558.00,,Speed Post ,,Eldho
99381000003881435,2021-08-30,DC-00288,others,Draft,,99381000000098082,Cochin,99381000002882050,Emm Emm Traders,HP,business_gst,02ABNPL2367F2ZS,false,Spreadsheet,INR,1.00,entity_level,true,0.000,0.00,ATM JUNIOR YS669,,99381000001247038,YS669,,Sales,"Make : YESWEIGH Model : YSP-20
Max : 20kg e:2g Min:40g
Class : III",1.00,0.00,nos,1790.00,0.00,0.0,84231000,FALSE,Cochin,Taxable,99381000000006196,IGST18,18.000000,322.20,ItemAmount,INTD,,goods,,1790.00,1790.00,2112.00,,Blue Dart,,Eldho
99381000003891418,2021-09-02,DC-00289,others,Draft,,99381000000098082,Cochin,99381000000309611,KRAUS INSTRUMENTS,KL,business_gst,32AASFK0676Q1ZM,false,Standard Template,INR,1.00,entity_level,true,0.000,0.00,ECS5W DOT  MATRIX DISPLAY,,99381000001687432,ECS826,,Sales,,19.00,0.00,nos,750.00,0.00,0.0,84239020,FALSE,Cochin,Taxable,99381000000006208,GST18,18.000000,2565.00,Tax Group,,,goods,,14250.00,56250.00,66375.00,,Amal Assosiate,,Teslin
99381000003891418,2021-09-02,DC-00289,others,Draft,,99381000000098082,Cochin,99381000000309611,KRAUS INSTRUMENTS,KL,business_gst,32AASFK0676Q1ZM,false,Standard Template,INR,1.00,entity_level,true,0.000,0.00,ECS5W DISPLAY SET FRONT,,99381000000306342,ECS808,,Sales,,19.00,0.00,nos,1600.00,0.00,0.0,84239020,FALSE,Cochin,Taxable,99381000000006208,GST18,18.000000,5472.00,Tax Group,,,goods,,30400.00,56250.00,66375.00,,Amal Assosiate,,Teslin
99381000003891418,2021-09-02,DC-00289,others,Draft,,99381000000098082,Cochin,99381000000309611,KRAUS INSTRUMENTS,KL,business_gst,32AASFK0676Q1ZM,false,Standard Template,INR,1.00,entity_level,true,0.000,0.00,Q8LBL Dot Matrix Display Set,,99381000001073021,Q8602,,Sales,,8.00,0.00,nos,1450.00,0.00,0.0,84239020,FALSE,Cochin,Taxable,99381000000006208,GST18,18.000000,2088.00,Tax Group,,,goods,,11600.00,56250.00,66375.00,,Amal Assosiate,,Teslin
99381000003905807,2021-09-03,DC-00290,others,Draft,,99381000000098082,Cochin,99381000000850389,Eva Scales,KL,business_gst,32BFKPT8939R1Z9,false,Standard Template,INR,1.00,entity_level,true,0.000,0.00,Platform Weighing Scale 450x600 SS,,99381000000326166,PF4560,,Sales,"Make : YESWEIGH Model: YSP-5  
Max: 300 kg e: 50gm Min:1kg Class III",1.00,0.00,nos,4600.00,0.00,0.0,84231000,FALSE,Cochin,Taxable,99381000000006208,GST18,18.000000,828.00,Tax Group,,,goods,,4600.00,4600.00,5428.00,,ST courier ,,Athira Sankar
99381000003928102,2021-09-08,DC-00292,others,Draft,,99381000000098082,Cochin,99381000001639413,CENTRAL SCALES,KL,business_gst,32AAHFC7300G1ZZ,false,Standard Template,INR,1.00,entity_level,true,0.000,0.00,,,,,,Sales,ATM Waterproof PAN Leg,4.00,0.00,,0.25,0.00,0.0,84239020,FALSE,,Taxable,99381000000006208,GST18,18.000000,0.18,Tax Group,,,service,,1.00,1.00,1.00,,Amal Assosiate,,Athira Sankar
99381000003940079,2021-09-10,DC-00293,others,Returned,Not Invoiced,99381000000098082,Cochin,99381000003422043,JOINTLINE ELECTRONICS,KA,business_gst,29ALFPM3627H1ZY,false,Spreadsheet,INR,1.00,entity_level,true,0.000,0.00,ECS5W DOT  MATRIX DISPLAY,,99381000001687432,ECS826,,Sales,,1.00,0.00,nos,750.00,0.00,0.0,84239020,FALSE,Cochin,Taxable,99381000000006196,IGST18,18.000000,135.00,ItemAmount,INTD,,goods,,750.00,750.00,885.00,,Amal Assosiate,,Biju B
99381000003938845,2021-09-10,DC-00294,others,Draft,,99381000000098082,Cochin,99381000000112170,MEEZAN ELECTRONIC SCALES PRIVATE LIMITED,KL,business_gst,32AAECM1277C1ZY,false,Spreadsheet,INR,1.00,entity_level,true,0.000,0.00,,,,,,Sales,ccm updation doggle,1.00,0.00,,200.00,0.00,0.0,365656,FALSE,,Taxable,99381000000006208,GST18,18.000000,36.00,Tax Group,,,service,,200.00,200.00,236.00,,Amal Assosiate,,Teslin
99381000003968171,2021-09-18,DC-00295,others,Draft,,99381000000098082,Cochin,99381000000940238,INTERWEIGHING PVT. LTD.,KL,business_gst,32AAFCI1950F1ZZ,false,Spreadsheet,INR,1.00,entity_level,true,0.000,0.00,Label Printing scale Q9,,99381000000735165,TMAQ9,,Sales,Make:YESWEIGH  Model:YS-30   Max:30kg  e:5g  Min:100g  Class:III,2.00,0.00,nos,14500.00,0.00,0.0,84231000,FALSE,Cochin,Taxable,99381000000006208,GST18,18.000000,5220.00,Tax Group,,,goods,,29000.00,30750.00,36285.00,,Customer Pick,,Shalima KT
99381000003968171,2021-09-18,DC-00295,others,Draft,,99381000000098082,Cochin,99381000000940238,INTERWEIGHING PVT. LTD.,KL,business_gst,32AAFCI1950F1ZZ,false,Spreadsheet,INR,1.00,entity_level,true,0.000,0.00,BARCODE SCANNER PT - 198,,99381000000220093,PT198,,Sales,"1D Barcode scanner 
RS232 Serial Port ",1.00,0.00,nos,1750.00,0.00,0.0,84716050,FALSE,Cochin,Taxable,99381000000006208,GST18,18.000000,315.00,Tax Group,,,goods,,1750.00,30750.00,36285.00,,Customer Pick,,Shalima KT
99381000003980485,2021-09-22,DC-00296,others,Draft,,99381000000098082,Cochin,99381000002549012,ROYAL SCALES,KL,business_gst,32AKPPJ6985N1ZA,false,Spreadsheet,INR,1.00,entity_level,true,0.000,0.00,CHICKEN SCALE 300KG SS,,99381000001933011,CS400X400SS,,Sales,"Make : YESWEIGH Model : YSC
Max : 300kg e:50g Min:1kg
Class : III",2.00,0.00,nos,3300.00,0.00,0.0,84239010,FALSE,Cochin,Taxable,99381000000006208,GST18,18.000000,1188.00,Tax Group,,,goods,,6600.00,6600.00,7788.00,,ST courier ,,Eldho
99381000003980495,2021-09-22,DC-00297,others,Draft,,99381000000098082,Cochin,99381000000084508,ACE ELECTRONICS,KL,business_gst,32AAZFA3650P1ZV,false,Spreadsheet,INR,1.00,entity_level,true,0.000,0.00,"Label Printing Scale - Smart 4.3""",,99381000002720027,LPS43,,Sales,"Smart - 4.3""
30Kg/5g",1.00,0.00,nos,23500.00,0.00,0.0,84238190,FALSE,Cochin,Taxable,99381000000006208,GST18,18.000000,4230.00,Tax Group,,,goods,,23500.00,23500.00,27730.00,,Amal Assosiate,,Shalima KT
99381000003997005,2021-09-25,DC-00298,others,Draft,,99381000000098082,Cochin,99381000000940238,INTERWEIGHING PVT. LTD.,KL,business_gst,32AAFCI1950F1ZZ,false,Standard Template,INR,1.00,entity_level,true,0.000,0.00,Label Printing scale Q9,,99381000000735165,TMAQ9,,Sales,Make:YESWEIGH  Model:YS-30   Max:30kg  e:5g  Min:100g  Class:III,1.00,0.00,nos,14500.00,0.00,0.0,84231000,FALSE,Cochin,Taxable,99381000000006208,GST18,18.000000,2610.00,Tax Group,,,goods,,14500.00,14500.00,17110.00,,Customer Pick,,Eldho
99381000004028005,2021-10-05,DC-00299,others,Draft,,99381000000098082,Cochin,99381000000017088,ALFA SYSTEMS-CHALAKKUDY,KL,business_gst,32BSHPK8953L1Z8,false,Spreadsheet,INR,1.00,entity_level,true,0.000,0.00,CHICKEN SCALE 100 KG SS,,99381000001933001,CS300X300SS,,Sales,"Make : YESWEIGH Model : YSC
Max : 100kg e:10g Min:200g
Class : III",1.00,0.00,nos,2250.00,0.00,0.0,84239010,FALSE,Cochin,Taxable,99381000000006208,GST18,18.000000,405.00,Tax Group,,,goods,,2250.00,2250.00,2655.00,,ST courier ,,Athira Sankar
99381000004135169,2021-10-21,DC-00300,others,Draft,,99381000000098082,Cochin,99381000000112170,MEEZAN ELECTRONIC SCALES PRIVATE LIMITED,KL,business_gst,32AAECM1277C1ZY,false,Spreadsheet,INR,1.00,entity_level,true,0.000,0.00,CCM  - Value Counting Machine,,99381000000302452,AL66,,Sales,,1.00,0.00,nos,7300.00,0.00,0.0,84729090,FALSE,Cochin,Taxable,99381000000006208,GST18,18.000000,1314.00,Tax Group,,,goods,,7300.00,7300.00,8614.00,,Amal Assosiate,,Biju B
99381000004130257,2021-10-22,DC-00301,others,Draft,,99381000000098082,Cochin,99381000000940238,INTERWEIGHING PVT. LTD.,KL,business_gst,32AAFCI1950F1ZZ,false,Spreadsheet,INR,1.00,entity_level,true,0.000,0.00,Analytical Balance 220g/1 mg,,99381000000205935,BSM2203,,Sales,"Make : YES WEIGH Model : YSJ 50
",1.00,0.00,nos,9400.00,0.00,0.0,84231000,FALSE,Cochin,Taxable,99381000000006208,GST18,18.000000,1692.00,Tax Group,,,goods,,9400.00,9400.00,11092.00,,Customer Pick,,Eldho
99381000004163619,2021-10-27,DC-00302,others,Draft,,99381000000098082,Cochin,99381000002090485,SOURABHA SCALES,KA,business_gst,29BARPM8210Q1ZS,false,Spreadsheet,INR,1.00,entity_level,true,0.000,0.00,CCM  - Value Counting Machine,,99381000000302452,AL66,,Sales,,1.00,0.00,nos,7300.00,0.00,0.0,84729090,FALSE,Cochin,Taxable,99381000000006196,IGST18,18.000000,1314.00,ItemAmount,INTD,,goods,,7300.00,7300.00,8614.00,,Amal Assosiate,,Biju B
99381000004209745,2021-11-03,DC-00303,others,Draft,,99381000000098082,Cochin,99381000002488001,S N TECHNOLOGY,UP,business_gst,09ADBFS0436J1Z2,false,Standard Template,INR,1.00,entity_level,true,0.000,0.00,Analytical Balance 220g /0.1mg,,99381000000205926,BSM2204,,Sales,Make : YES WEIGH Model : YSJ 50,1.00,0.00,nos,21500.00,0.00,0.0,84231000,FALSE,Cochin,Taxable,99381000000006196,IGST18,18.000000,3870.00,ItemAmount,INTD,,goods,,21500.00,21500.00,25370.00,,Customer Pick,,Eldho
99381000004236520,2021-11-08,DC-00304,others,Draft,,99381000000098082,Cochin,99381000000309611,KRAUS INSTRUMENTS,KL,business_gst,32AASFK0676Q1ZM,false,Spreadsheet,INR,1.00,entity_level,true,0.000,0.00,Label Printing Scale - Smart 7,,99381000002720036,LPS7,,Sales,"Smart - 7""
30Kg/50g",1.00,0.00,nos,28000.00,0.00,0.0,84238190,FALSE,Cochin,Taxable,99381000000006208,GST18,18.000000,5040.00,Tax Group,,,goods,,28000.00,28000.00,33040.00,,Customer Pick,,Eldho
99381000004249044,2021-11-10,DC-00305,others,Draft,,99381000000098082,Cochin,99381000002672003,Diamond Weighing Systems Private Limited,TS,business_gst,36AAICD2482N1Z7,false,Standard Template,INR,1.00,entity_level,true,0.000,0.00,Spare Parts,,99381000001847007,SPARE,,Sales,,1.00,0.00,box,3000.00,0.00,0.0,84239020,FALSE,Cochin,Taxable,99381000000006196,IGST18,18.000000,540.00,ItemAmount,INTD,,goods,,3000.00,3000.00,3540.00,,Amal Assosiate,,Athira Sankar
99381000004256495,2021-11-12,DC-00306,others,Draft,,99381000000098082,Cochin,99381000000940238,INTERWEIGHING PVT. LTD.,KL,business_gst,32AAFCI1950F1ZZ,false,Spreadsheet,INR,1.00,entity_level,true,0.000,0.00,ELECTRONIC PLATFORM SCALE-100kg,,99381000003880548,BEN30X40MSBR,,Sales,"Model : YSP PC Max : 100kg e :10g
Size : 30*40 cm, Display : LED(Red),With Back Rail",1.00,0.00,nos,2500.00,0.00,0.0,84238290,FALSE,Cochin,Taxable,99381000000006208,GST18,18.000000,450.00,Tax Group,,,goods,,2500.00,2500.00,2950.00,,Customer Pick,,Teslin
99381000004262772,2021-11-13,DC-00307,Job Work,Draft,,99381000000098082,Cochin,99381000001735057,BIJU,KL,business_none,,false,Standard Template,INR,1.00,entity_level,true,0.000,0.00,ELECTRONIC PLATFORM SCALE-100kg,,99381000003880548,BEN30X40MSBR,,Sales,"Model : YSP PC Max : 100kg e :10g
Size : 30*40 cm, Display : LED(Red),With Back Rail",1.00,0.00,nos,2500.00,0.00,0.0,84238290,FALSE,Cochin,Taxable,99381000000006208,GST18,18.000000,450.00,Tax Group,,,goods,,2500.00,5150.00,6077.00,,Customer Pick,,Shalima KT
99381000004262772,2021-11-13,DC-00307,Job Work,Draft,,99381000000098082,Cochin,99381000001735057,BIJU,KL,business_none,,false,Standard Template,INR,1.00,entity_level,true,0.000,0.00,Platform Scale,,99381000004079187,BENCHPCD,,Sales,"Make: YESWEIGH Model:YSP-50
Max:50kg e:5g Min:100g Class:III",1.00,0.00,nos,2650.00,0.00,0.0,84238290,FALSE,Cochin,Taxable,99381000000006208,GST18,18.000000,477.00,Tax Group,,,goods,,2650.00,5150.00,6077.00,,Customer Pick,,Shalima KT
99381000004256780,2021-11-16,DC-00308,others,Draft,,99381000000098082,Cochin,99381000000940238,INTERWEIGHING PVT. LTD.,KL,business_gst,32AAFCI1950F1ZZ,false,Spreadsheet,INR,1.00,entity_level,true,0.000,0.00,ELECTRONIC PLATFORM SCALE-100kg,,99381000003880548,BEN30X40MSBR,,Sales,"Model : YSP PC Max : 100kg e :10g
Size : 30*40 cm, Display : LED(Red),With Back Rail",1.00,0.00,nos,2500.00,0.00,0.0,84238290,FALSE,Cochin,Taxable,99381000000006208,GST18,18.000000,450.00,Tax Group,,,goods,,2500.00,2500.00,2950.00,,Customer Pick,,Eldho
99381000004269174,2021-11-16,DC-00309,Supply on Approval,Draft,,99381000000098082,Cochin,99381000004269153,Regional Reference Standard Laboratary,KL,business_none,,false,Spreadsheet,INR,1.00,entity_level,true,0.000,0.00,CHICKEN SCALE 50Kg/5g,,99381000003120323,SSCKNSCALE30X34,,Sales,,1.00,0.00,nos,3000.00,0.00,0.0,84238290,FALSE,Cochin,Taxable,99381000000006208,GST18,18.000000,540.00,Tax Group,,,goods,,3000.00,3000.00,3540.00,,Blue Dart,,Shalima KT
99381000004304049,2021-11-20,DC-00310,others,Draft,,99381000000098082,Cochin,99381000004135193,SCANGLE RETAIL PRIVATE LIMITED(KTM),KL,business_gst,32ABECS9205P3ZX,false,Spreadsheet,INR,1.00,entity_level,true,0.000,0.00,CCM  - Value Counting Machine,,99381000000302452,AL66,,Sales,,1.00,0.00,nos,7300.00,0.00,0.0,84729090,FALSE,Cochin,Taxable,99381000000006208,GST18,18.000000,1314.00,Tax Group,,,goods,,7300.00,7300.00,8614.00,,ST courier ,,Biju B
99381000004330366,2021-11-26,DC-00311,others,Draft,,99381000000098082,Cochin,99381000002222998,Deepa weighing services,KL,business_gst,32AOJPG3528G1Z9,false,Spreadsheet,INR,1.00,entity_level,true,0.000,0.00,Platform Scale,,99381000004079187,BENCHPCD,,Sales,"Make: YESWEIGH Model:YSP-50
Max:50kg e:5g Min:100g Class:III",1.00,0.00,nos,2650.00,0.00,0.0,84238290,FALSE,Cochin,Taxable,99381000000006208,GST18,18.000000,477.00,Tax Group,,,goods,,2650.00,2650.00,3127.00,,Customer Pick,,Eldho
99381000004402011,2021-12-07,DC-00312,others,Draft,,99381000000098082,Cochin,99381000000940238,INTERWEIGHING PVT. LTD.,KL,business_gst,32AAFCI1950F1ZZ,false,Standard Template,INR,1.00,entity_level,true,0.000,0.00,DIGITAL HEIGHT AND WEIGHT SCALE,,99381000004182473,BMISPARE,,Sales,,4.00,0.00,nos,4000.00,0.00,0.0,84239020,FALSE,Cochin,Taxable,99381000000006208,GST18,18.000000,2880.00,Tax Group,,,goods,,16000.00,16000.00,18880.00,,Customer Pick,,Eldho
99381000004406739,2021-12-08,DC-00313,others,Draft,,99381000000098082,Cochin,99381000002090485,SOURABHA SCALES,KA,business_gst,29BARPM8210Q1ZS,false,Spreadsheet,INR,1.00,entity_level,true,0.000,0.00,CCM  - Value Counting Machine,,99381000000302452,AL66,,Sales,,1.00,0.00,nos,6700.00,0.00,0.0,84729090,FALSE,Cochin,Taxable,99381000000006196,IGST18,18.000000,1206.00,ItemAmount,INTD,,goods,,6700.00,6700.00,7906.00,,VRL,,Biju B
99381000004431047,2021-12-13,DC-00314,Job Work,Draft,,99381000000098082,Cochin,99381000001735057,BIJU,KL,business_none,,false,Standard Template,INR,1.00,entity_level,true,0.000,0.00,ELECTRONIC PLATFORM SCALE-100kg,,99381000003880548,BEN30X40MSBR,,Sales,"Model : YSP PC Capacity :50kg/100kg e :5g/10g
Size : 30*40 cm, Accuracy : Dual Display :LED(Red),With Back Rail",1.00,0.00,nos,2500.00,0.00,0.0,84238290,FALSE,Cochin,Taxable,99381000000006208,GST18,18.000000,450.00,Tax Group,,,goods,,2500.00,4680.00,5522.00,,Customer Pick,,Biju B
99381000004431047,2021-12-13,DC-00314,Job Work,Draft,,99381000000098082,Cochin,99381000001735057,BIJU,KL,business_none,,false,Standard Template,INR,1.00,entity_level,true,0.000,0.00,Platform scale,,99381000000016068,BENCHPC,,Sales,"Make: YESWEIGH  Model:YSP-50
Max:50kg  e:5g  Min:100g  Class:III",1.00,0.00,nos,2180.00,0.00,0.0,84231000,FALSE,Cochin,Taxable,99381000000006208,GST18,18.000000,392.40,Tax Group,,,goods,,2180.00,4680.00,5522.00,,Customer Pick,,Biju B
99381000004445243,2021-12-16,DC-00315,others,Draft,,99381000000098082,Cochin,99381000000940238,INTERWEIGHING PVT. LTD.,KL,business_gst,32AAFCI1950F1ZZ,false,Standard Template,INR,1.00,entity_level,true,0.000,0.00,SPARES PARTS BMI 180,,99381000004182473,BMISPARE,,Sales,,2.00,0.00,nos,3900.00,0.00,0.0,84239020,FALSE,Cochin,Taxable,99381000000006208,GST18,18.000000,1404.00,Tax Group,,,goods,,7800.00,15100.00,17818.00,,Customer Pick,,Shalima KT
99381000004445243,2021-12-16,DC-00315,others,Draft,,99381000000098082,Cochin,99381000000940238,INTERWEIGHING PVT. LTD.,KL,business_gst,32AAFCI1950F1ZZ,false,Standard Template,INR,1.00,entity_level,true,0.000,0.00,CCM  - Value Counting Machine,,99381000000302452,AL66,,Sales,,1.00,0.00,nos,7300.00,0.00,0.0,84729090,FALSE,Cochin,Taxable,99381000000006208,GST18,18.000000,1314.00,Tax Group,,,goods,,7300.00,15100.00,17818.00,,Customer Pick,,Shalima KT
99381000004489869,2021-12-23,DC-00316,others,Draft,,99381000000098082,Cochin,99381000000940238,INTERWEIGHING PVT. LTD.,KL,business_gst,32AAFCI1950F1ZZ,false,Standard Template,INR,1.00,entity_level,true,0.000,0.00,ELECTRONIC PLATFORM SCALE,,99381000003880539,PLT4050,,Sales,"Model : YSP PC Capacity: 200kg/300kg e: 20g/50g Min : 1kg
Size : 40*50 cm, Display : LED (Red), With Back Rail",1.00,0.00,nos,3500.00,0.00,0.0,84238290,FALSE,Cochin,Taxable,99381000000006208,GST18,18.000000,630.00,Tax Group,,,goods,,3500.00,3500.00,4130.00,,Customer Pick,,Shalima KT
99381000004502410,2021-12-27,DC-00317,others,Draft,,99381000000098082,Cochin,99381000000940238,INTERWEIGHING PVT. LTD.,KL,business_gst,32AAFCI1950F1ZZ,false,Standard Template,INR,1.00,entity_level,true,0.000,0.00,Electronic Weighing balance 500g/.001g,,99381000004091075,BC08,,Sales,"Capacity : 500g/.001g
Display : Green",2.00,0.00,nos,3440.00,0.00,0.0,84238290,FALSE,Cochin,Taxable,99381000000006208,GST18,18.000000,1238.40,Tax Group,,,goods,,6880.00,6880.00,8118.00,,Customer Pick,,Shalima KT
99381000004519901,2021-12-29,DC-00318,others,Draft,,99381000000098082,Cochin,99381000000011046,GLOBAL DIGITAL SYSTEM,KL,consumer,,false,Standard Template,INR,1.00,entity_level,true,0.000,0.00,CHICKEN SCALE 100 KG SS,,99381000001933001,CS300X300SS,,Sales,"Make : YESWEIGH Model : YSC
Max : 100kg e:10g Min:200g
Class : III",1.00,0.00,nos,2250.00,0.00,0.0,84239010,FALSE,Cochin,Taxable,99381000000006208,GST18,18.000000,405.00,Tax Group,,,goods,,2250.00,2250.00,2655.00,,ST courier ,,Athira Sankar
99381000004584660,2022-01-12,DC-00319,others,Draft,,99381000000098082,Cochin,99381000000161200,GK electronics,KL,business_gst,32CPSPM4266B1ZV,false,Standard Template,INR,1.00,entity_level,true,0.000,0.00,BOTTOM CASE BENCH PC,,99381000001577058,BPC116,,Sales,,2.00,0.00,nos,190.00,0.00,0.0,84239020,FALSE,Cochin,Taxable,99381000000006208,GST18,18.000000,68.40,Tax Group,,,goods,,380.00,380.00,448.00,,ST courier ,,Teslin
99381000004618082,2022-01-18,DC-00320,others,Draft,,99381000000098082,Cochin,99381000004603154,AIMS DESIGENER HUB,GJ,business_gst,24AHVPB9160A1ZI,false,Standard Template,INR,1.00,entity_level,true,0.000,0.00,Sealing Machine,,99381000004091084,FR990,,Sales,,1.00,0.00,nos,9750.00,0.00,0.0,84238290,FALSE,Cochin,Taxable,99381000000006196,IGST18,18.000000,1755.00,ItemAmount,INTD,,goods,,9750.00,9750.00,11505.00,,VRL,,Biju B
99381000004685001,2022-02-02,DC-00321,others,Draft,,99381000000098082,Cochin,99381000000940238,INTERWEIGHING PVT. LTD.,KL,business_gst,32AAFCI1950F1ZZ,false,Standard Template,INR,1.00,entity_level,true,0.000,0.00,ELECTRONIC PLATFORM SCALE 50-100kg,,99381000004032287,BEN340,,Sales,"Model : YSP PC Capacity : 50kg/100kg e:5g/10g
Size : 30*40cm, Plate : SS, Display : LED (Red) Accuracy :Dual",2.00,0.00,nos,2500.00,0.00,0.0,84238290,FALSE,Cochin,Taxable,99381000000006208,GST18,18.000000,900.00,Tax Group,,,goods,,5000.00,68650.00,81007.00,,Customer Pick,,Eldho
99381000004685001,2022-02-02,DC-00321,others,Draft,,99381000000098082,Cochin,99381000000940238,INTERWEIGHING PVT. LTD.,KL,business_gst,32AAFCI1950F1ZZ,false,Standard Template,INR,1.00,entity_level,true,0.000,0.00,CHICKEN SCALE 50Kg/5g,,99381000003120323,SSCKNSCALE30X34,,Sales,"30x34cm Portable scale 50Kg/5g, 1901 single display indicator, Li battery inside, SS pan, with full plastic handle",1.00,0.00,nos,1950.00,0.00,0.0,84238290,FALSE,Cochin,Taxable,99381000000006208,GST18,18.000000,351.00,Tax Group,,,goods,,1950.00,68650.00,81007.00,,Customer Pick,,Eldho
99381000004685001,2022-02-02,DC-00321,others,Draft,,99381000000098082,Cochin,99381000000940238,INTERWEIGHING PVT. LTD.,KL,business_gst,32AAFCI1950F1ZZ,false,Standard Template,INR,1.00,entity_level,true,0.000,0.00,CHICKEN SCALE 300Kg/50g,,99381000003192114,MSCKNSCALE40X40,,Sales,40x40cm MS portable scale with SS chequred  plate ,1.00,0.00,nos,2650.00,0.00,0.0,84238290,FALSE,Cochin,Taxable,99381000000006208,GST18,18.000000,477.00,Tax Group,,,goods,,2650.00,68650.00,81007.00,,Customer Pick,,Eldho
99381000004685001,2022-02-02,DC-00321,others,Draft,,99381000000098082,Cochin,99381000000940238,INTERWEIGHING PVT. LTD.,KL,business_gst,32AAFCI1950F1ZZ,false,Standard Template,INR,1.00,entity_level,true,0.000,0.00,PLATFORM SCALE 40X40 SS (150kg/20g),,99381000003192139,PF4040,,Sales,"40X40CM Platform Scale, 150kg/20g, 1702 double display, green led indicator, AC Charger. 4V battery, SS pan, with SS back rail, SS pole, SS top platform, MS Frame",1.00,0.00,nos,3350.00,0.00,0.0,84239020,FALSE,Cochin,Taxable,99381000000006208,GST18,18.000000,603.00,Tax Group,,,goods,,3350.00,68650.00,81007.00,,Customer Pick,,Eldho
99381000004685001,2022-02-02,DC-00321,others,Draft,,99381000000098082,Cochin,99381000000940238,INTERWEIGHING PVT. LTD.,KL,business_gst,32AAFCI1950F1ZZ,false,Standard Template,INR,1.00,entity_level,true,0.000,0.00,Platform Weighing Scale 30x34 MS,,99381000003938861,PFPC30X34SS,,Sales,Max : 50kg  e: 5g Class III,1.00,0.00,nos,2200.00,0.00,0.0,84238290,FALSE,Cochin,Taxable,99381000000006208,GST18,18.000000,396.00,Tax Group,,,goods,,2200.00,68650.00,81007.00,,Customer Pick,,Eldho
99381000004685001,2022-02-02,DC-00321,others,Draft,,99381000000098082,Cochin,99381000000940238,INTERWEIGHING PVT. LTD.,KL,business_gst,32AAFCI1950F1ZZ,false,Standard Template,INR,1.00,entity_level,true,0.000,0.00,Analytical Scale 200g/0.0001g - Internal,,99381000003934065,YSA204I,,Sales,Model :YSA 2004IN  ,1.00,0.00,nos,27000.00,0.00,0.0,90160020,FALSE,Cochin,Taxable,99381000000006208,GST18,18.000000,4860.00,Tax Group,,,goods,,27000.00,68650.00,81007.00,,Customer Pick,,Eldho
99381000004685001,2022-02-02,DC-00321,others,Draft,,99381000000098082,Cochin,99381000000940238,INTERWEIGHING PVT. LTD.,KL,business_gst,32AAFCI1950F1ZZ,false,Standard Template,INR,1.00,entity_level,true,0.000,0.00,Analytical Scale 200g/0.0001g -External,,99381000003934056,YSA204E,,Sales,Model :YSA 2004E SKU : YSA 2004E,1.00,0.00,nos,23000.00,0.00,0.0,90160020,FALSE,Cochin,Taxable,99381000000006208,GST18,18.000000,4140.00,Tax Group,,,goods,,23000.00,68650.00,81007.00,,Customer Pick,,Eldho
99381000004685001,2022-02-02,DC-00321,others,Draft,,99381000000098082,Cochin,99381000000940238,INTERWEIGHING PVT. LTD.,KL,business_gst,32AAFCI1950F1ZZ,false,Standard Template,INR,1.00,entity_level,true,0.000,0.00,ELECTRONIC PLATFORM SCALE,,99381000003880539,PLT4050,,Sales,"Model : YSP PC Capacity: 200kg/300kg e: 20g/50g Min : 1kg
Size : 40*50 cm, Display : LED (Red), With Back Rail",1.00,0.00,nos,3500.00,0.00,0.0,84238290,FALSE,Cochin,Taxable,99381000000006208,GST18,18.000000,630.00,Tax Group,,,goods,,3500.00,68650.00,81007.00,,Customer Pick,,Eldho
99381000004727001,2022-02-09,DC-00322,Job Work,Draft,,99381000000098082,Cochin,99381000000309611,KRAUS INSTRUMENTS,KL,business_gst,32AASFK0676Q1ZM,false,Standard Template,INR,1.00,entity_level,true,0.000,0.00,Analytical Balance 220g /0.1mg,,99381000000205926,BSM2204,,Sales,"Make : YES WEIGH Model : YSA
e :1mg D: 0.1mg Min: 100mg",2.00,0.00,nos,21500.00,0.00,0.0,84231000,FALSE,Cochin,Taxable,99381000000006208,GST18,18.000000,7740.00,Tax Group,,,goods,,43000.00,43000.00,50740.00,,ST courier ,,Eldho
99381000004727021,2022-02-09,DC-00323,Supply on Approval,Draft,,99381000000098082,Cochin,99381000000309611,KRAUS INSTRUMENTS,KL,business_gst,32AASFK0676Q1ZM,false,Standard Template,INR,1.00,entity_level,true,0.000,0.00,Analytical Balance 200g/0.0001g -External,,99381000003934056,YSA204E,,Sales,Model :YSA  SKU : YSA 2004E,1.00,0.00,nos,23000.00,0.00,0.0,90160020,FALSE,Cochin,Taxable,99381000000006208,GST18,18.000000,4140.00,Tax Group,,,goods,,23000.00,23000.00,27140.00,,Customer Pick,,Eldho
99381000004743039,2022-02-12,DC-00324,others,Draft,,99381000000098082,Cochin,99381000000309611,KRAUS INSTRUMENTS,KL,business_gst,32AASFK0676Q1ZM,false,Standard Template,INR,1.00,entity_level,true,0.000,0.00,ECS5W MOTHER BOARD,,99381000000306276,ECS815,,Sales,,2.00,0.00,pcs,6900.00,0.00,0.0,84239020,FALSE,Cochin,Taxable,99381000000006208,GST18,18.000000,2484.00,Tax Group,,,goods,,13800.00,13800.00,16284.00,,Amal Assosiate,,Teslin
99381000004759373,2022-02-14,DC-00325,others,Draft,,99381000000098082,Cochin,99381000000940238,INTERWEIGHING PVT. LTD.,KL,business_gst,32AAFCI1950F1ZZ,false,Standard Template,INR,1.00,entity_level,true,0.000,0.00,Bill Printing scale Q8POS,,99381000000011617,ECS5W,,Sales,Make:YESWEIGH  Model:YS-30   Max:30kg  e:5g  Min:100g  Class:III,2.00,0.00,nos,15500.00,0.00,0.0,84231000,FALSE,Cochin,Taxable,99381000000006208,GST18,18.000000,5580.00,Tax Group,,,goods,,31000.00,31000.00,36580.00,,Customer Pick,,Shalima KT
99381000004778011,2022-02-16,DC-00326,others,Draft,,99381000000098082,Cochin,99381000000940238,INTERWEIGHING PVT. LTD.,KL,business_gst,32AAFCI1950F1ZZ,false,Standard Template,INR,1.00,entity_level,true,0.000,0.00,Electronic weighing scale DJ600,,99381000000796329,DJ600,,Sales,Make:YESWEIGH  Model:YSJ-50   Max:620.81g  e:10mg    Class:II,1.00,0.00,nos,4500.00,0.00,0.0,84231000,FALSE,Cochin,Taxable,99381000000006208,GST18,18.000000,810.00,Tax Group,,,goods,,4500.00,4500.00,5310.00,,Customer Pick,,Eldho
99381000004793486,2022-02-18,DC-00327,Job Work,Draft,,99381000000098082,Cochin,99381000002488001,S N TECHNOLOGY,UP,business_gst,09ADBFS0436J1Z2,false,Standard Template,INR,1.00,entity_level,true,0.000,0.00,Analytical Balance 220g /0.1mg,,99381000000205926,BSM2204,,Sales,"Make : YES WEIGH Model : YSA
e :1mg D: 0.1mg Min: 100mg",1.00,0.00,nos,21500.00,0.00,0.0,84231000,FALSE,Cochin,Taxable,99381000000006196,IGST18,18.000000,3870.00,ItemAmount,INTD,,goods,,21500.00,21500.00,25370.00,,Customer Pick,,Athira Sankar
99381000004802222,2022-02-18,DC-00328,others,Draft,,99381000000098082,Cochin,99381000000940238,INTERWEIGHING PVT. LTD.,KL,business_gst,32AAFCI1950F1ZZ,false,Standard Template,INR,1.00,entity_level,true,0.000,0.00,DIGITAL KITCHEN SCALE,,99381000003586686,EK6005,,Sales,"Make : YESWEIGH Model :YSK-5
Capacity : 5kg e : 0.1g
",1.00,0.00,nos,450.00,0.00,0.0,84238190,FALSE,Cochin,Taxable,99381000000006208,GST18,18.000000,81.00,Tax Group,,,goods,,450.00,450.00,531.00,,Customer Pick,,Shalima KT
99381000004812001,2022-02-19,DC-00329,others,Draft,,99381000000098082,Cochin,99381000000154169,LOGIWIZ LOGISTICS INDIA PVT LTD,KL,consumer,,false,Standard Template,INR,1.00,entity_level,true,0.000,0.00,DIGITAL KITCHEN SCALE -10Kg,,99381000003586695,EK6003,,Sales,"Make :YESWEIGH Model :YSK-10
Max : 10kg e: 1g",18.00,0.00,nos,450.00,0.00,0.0,84238190,FALSE,Cochin,Taxable,99381000000006208,GST18,18.000000,1458.00,Tax Group,,,goods,,8100.00,18000.00,21240.00,,Customer Pick,,Eldho
99381000004812001,2022-02-19,DC-00329,others,Draft,,99381000000098082,Cochin,99381000000154169,LOGIWIZ LOGISTICS INDIA PVT LTD,KL,consumer,,false,Standard Template,INR,1.00,entity_level,true,0.000,0.00,DIGITAL KITCHEN SCALE -10Kg,,99381000003586695,EK6003,,Sales,"Make :YESWEIGH Model :YSK-10
Max : 10kg e: 1g",16.00,0.00,nos,450.00,0.00,0.0,84238190,FALSE,Cochin,Taxable,99381000000006208,GST18,18.000000,1296.00,Tax Group,,,goods,,7200.00,18000.00,21240.00,,Customer Pick,,Eldho
99381000004812001,2022-02-19,DC-00329,others,Draft,,99381000000098082,Cochin,99381000000154169,LOGIWIZ LOGISTICS INDIA PVT LTD,KL,consumer,,false,Standard Template,INR,1.00,entity_level,true,0.000,0.00,MECHANICAL KITCHEN SCALE,,99381000003586668,MK2003,,Sales,Capacity : 5kg,6.00,0.00,nos,450.00,0.00,0.0,84238190,FALSE,Cochin,Taxable,99381000000006208,GST18,18.000000,486.00,Tax Group,,,goods,,2700.00,18000.00,21240.00,,Customer Pick,,Eldho
99381000004812015,2022-02-19,DC-00330,Job Work,Draft,,99381000000098082,Cochin,99381000002072057,Mathi Scales,TN,business_gst,33AANFM5279L1ZO,false,Standard Template,INR,1.00,entity_level,true,0.000,0.00,Platform Scale,,99381000004079187,BENCHPCD,,Sales,"Make: YESWEIGH Model:YSP-50
Max:50kg e:5g Min:100g Class:III",1.00,0.00,nos,2650.00,0.00,0.0,84238290,FALSE,Cochin,Taxable,99381000000006196,IGST18,18.000000,477.00,ItemAmount,INTD,,goods,,2650.00,7950.00,9381.00,,APS,,Biju B
99381000004812015,2022-02-19,DC-00330,Job Work,Draft,,99381000000098082,Cochin,99381000002072057,Mathi Scales,TN,business_gst,33AANFM5279L1ZO,false,Standard Template,INR,1.00,entity_level,true,0.000,0.00,PLATFORM SCALE,,99381000002790630,YS50GY,,Sales,"Make: YESWEIGH  Model:YSP-50
Max:50kg  e:5g  Min:100g  Class:III",2.00,0.00,nos,2650.00,0.00,0.0,84231000,FALSE,Cochin,Taxable,99381000000006196,IGST18,18.000000,954.00,ItemAmount,INTD,,goods,,5300.00,7950.00,9381.00,,APS,,Biju B
99381000004808122,2022-02-19,DC-00331,others,Draft,,99381000000098082,Cochin,99381000000011046,GLOBAL DIGITAL SYSTEM,KL,consumer,,false,Standard Template,INR,1.00,entity_level,true,0.000,0.00,ATM JUNIOR YS669,,99381000001247038,YS669,,Sales,"Make : YESWEIGH Model : YSP-20
Max : 20kg e:2g Min:40g
Class : III",1.00,0.00,nos,1790.00,0.00,0.0,84231000,FALSE,Cochin,Taxable,99381000000006208,GST18,18.000000,322.20,Tax Group,,,goods,,1790.00,1790.00,2112.00,,Amal Assosiate,,Teslin
99381000004825046,2022-02-22,DC-00332,others,Draft,,99381000000098082,Cochin,99381000000940238,INTERWEIGHING PVT. LTD.,KL,business_gst,32AAFCI1950F1ZZ,false,Standard Template,INR,1.00,entity_level,true,0.000,0.00,PLATFORM SCALE,,99381000002790630,YS50GY,,Sales,"Make: YESWEIGH  Model:YSP-50
Max:50kg  e:5g  Min:100g  Class:III",1.00,0.00,nos,2650.00,0.00,0.0,84231000,FALSE,Cochin,Taxable,99381000000006208,GST18,18.000000,477.00,Tax Group,,,goods,,2650.00,33550.00,39589.00,,Customer Pick,,Eldho
99381000004825046,2022-02-22,DC-00332,others,Draft,,99381000000098082,Cochin,99381000000940238,INTERWEIGHING PVT. LTD.,KL,business_gst,32AAFCI1950F1ZZ,false,Standard Template,INR,1.00,entity_level,true,0.000,0.00,Analytical Balance 220g /0.1mg,,99381000000205926,BSM2204,,Sales,"Make : YES WEIGH Model : YSA
e :1mg D: 0.1mg Min: 100mg",1.00,0.00,nos,21500.00,0.00,0.0,84231000,FALSE,Cochin,Taxable,99381000000006208,GST18,18.000000,3870.00,Tax Group,,,goods,,21500.00,33550.00,39589.00,,Customer Pick,,Eldho
99381000004825046,2022-02-22,DC-00332,others,Draft,,99381000000098082,Cochin,99381000000940238,INTERWEIGHING PVT. LTD.,KL,business_gst,32AAFCI1950F1ZZ,false,Standard Template,INR,1.00,entity_level,true,0.000,0.00,Analytical Balance 220g/1 mg,,99381000000205935,BSM2203,,Sales,"Make : YES WEIGH Model : YSJ 50
",1.00,0.00,nos,9400.00,0.00,0.0,84231000,FALSE,Cochin,Taxable,99381000000006208,GST18,18.000000,1692.00,Tax Group,,,goods,,9400.00,33550.00,39589.00,,Customer Pick,,Eldho
99381000004846201,2022-02-24,DC-00333,others,Draft,,99381000000098082,Cochin,99381000000114383,ACCURATE TRADE LINKS,KL,business_gst,32AHJPK1741Q1Z4,false,Standard Template,INR,1.00,entity_level,true,0.000,0.00,Floor Scale 1mx1m,,99381000000035236,PLT1000,,Sales,Make: YES WEIGH  Model:YSP-1000 Max:1000kg  e:100g  Min:2kg  Class:III,1.00,0.00,nos,12500.00,0.00,0.0,84239020,FALSE,Cochin,Taxable,99381000000006208,GST18,18.000000,2250.00,Tax Group,,,goods,,12500.00,14250.00,16815.00,,APS,,Shalima KT
99381000004846201,2022-02-24,DC-00333,others,Draft,,99381000000098082,Cochin,99381000000114383,ACCURATE TRADE LINKS,KL,business_gst,32AHJPK1741Q1Z4,false,Standard Template,INR,1.00,entity_level,true,0.000,0.00,FLOOR SCALE INDICATOR,,99381000001429925,K12IND,,Sales,,1.00,0.00,nos,1250.00,0.00,0.0,84239020,FALSE,Cochin,Taxable,99381000000006208,GST18,18.000000,225.00,Tax Group,,,goods,,1250.00,14250.00,16815.00,,APS,,Shalima KT
99381000004846201,2022-02-24,DC-00333,others,Draft,,99381000000098082,Cochin,99381000000114383,ACCURATE TRADE LINKS,KL,business_gst,32AHJPK1741Q1Z4,false,Standard Template,INR,1.00,entity_level,true,0.000,0.00,Spare Parts,,99381000001847007,SPARE,,Sales,,5.00,0.00,box,100.00,0.00,0.0,84239020,FALSE,Cochin,Taxable,99381000000006208,GST18,18.000000,90.00,Tax Group,,,goods,,500.00,14250.00,16815.00,,APS,,Shalima KT
99381000004864013,2022-03-01,DC-00334,others,Draft,,99381000000098082,Cochin,99381000000940238,INTERWEIGHING PVT. LTD.,KL,business_gst,32AAFCI1950F1ZZ,false,Standard Template,INR,1.00,entity_level,true,0.000,0.00,Platform scale,,99381000000016068,BENCHPC,,Sales,"Make: YESWEIGH  Model:YSP-50
Max:50kg  e:5g  Min:100g  Class:III",2.00,0.00,nos,2180.00,0.00,0.0,84231000,FALSE,Cochin,Taxable,99381000000006208,GST18,18.000000,784.80,Tax Group,,,goods,,4360.00,9660.00,11399.00,,Customer Pick,,Eldho
99381000004864013,2022-03-01,DC-00334,others,Draft,,99381000000098082,Cochin,99381000000940238,INTERWEIGHING PVT. LTD.,KL,business_gst,32AAFCI1950F1ZZ,false,Standard Template,INR,1.00,entity_level,true,0.000,0.00,Platform Scale,,99381000004079187,BENCHPCD,,Sales,"Make: YESWEIGH Model:YSP-50
Max:50kg e:5g Min:100g Class:III",1.00,0.00,nos,2650.00,0.00,0.0,84238290,FALSE,Cochin,Taxable,99381000000006208,GST18,18.000000,477.00,Tax Group,,,goods,,2650.00,9660.00,11399.00,,Customer Pick,,Eldho
99381000004864013,2022-03-01,DC-00334,others,Draft,,99381000000098082,Cochin,99381000000940238,INTERWEIGHING PVT. LTD.,KL,business_gst,32AAFCI1950F1ZZ,false,Standard Template,INR,1.00,entity_level,true,0.000,0.00,PLATFORM SCALE,,99381000002790630,YS50GY,,Sales,"Make: YESWEIGH  Model:YSP-50
Max:50kg  e:5g  Min:100g  Class:III",1.00,0.00,nos,2650.00,0.00,0.0,84231000,FALSE,Cochin,Taxable,99381000000006208,GST18,18.000000,477.00,Tax Group,,,goods,,2650.00,9660.00,11399.00,,Customer Pick,,Eldho
99381000004901001,2022-03-05,DC-00335,others,Open,Not Invoiced,99381000000098082,Cochin,99381000003216035,SOUTHERN SCALES COMPANY,MH,business_gst,27AIAPN0349P1ZY,false,Standard Template,INR,1.00,entity_level,true,0.000,0.00,Bill Printing scale Q8POS,,99381000000011617,ECS5W,,Sales,Make:YESWEIGH  Model:YS-30   Max:30kg  e:5g  Min:100g  Class:III,1.00,0.00,nos,16000.00,0.00,0.0,84231000,FALSE,Cochin,Taxable,99381000000006196,IGST18,18.000000,2880.00,ItemAmount,INTD,,goods,,16000.00,16000.00,18880.00,,VRL,,Athira Sankar
99381000004929011,2022-03-10,DC-00336,others,Draft,,99381000000098082,Cochin,99381000000154169,LOGIWIZ LOGISTICS INDIA PVT LTD,KL,consumer,,false,Standard Template,INR,1.00,entity_level,true,0.000,0.00,Platform Scale,,99381000004079187,BENCHPCD,,Sales,"Make: YESWEIGH Model:YSP-50
Max:50kg e:5g Min:100g Class:III",1.00,0.00,nos,2650.00,0.00,0.0,84238290,FALSE,Cochin,Taxable,99381000000006208,GST18,18.000000,477.00,Tax Group,,,goods,,2650.00,2650.00,3127.00,,Customer Pick,,Eldho
99381000004971021,2022-03-15,DC-00337,Supply on Approval,Draft,,99381000000098082,Cochin,99381000000151001,Dynamic Enterprises,KL,business_gst,32ATJPS7075B1ZN,false,Standard Template,INR,1.00,entity_level,true,0.000,0.00,DIGITAL KITCHEN SCALE,,99381000003586686,EK6005,,Sales,"Make : YESWEIGH Model :YSK-5
Capacity : 10kg e : 1g
",20.00,0.00,nos,450.00,0.00,0.0,84238190,FALSE,Cochin,Taxable,99381000000006208,GST18,18.000000,1620.00,Tax Group,,,goods,,9000.00,9000.00,10620.00,,Customer Pick,,Biju B
99381000004972667,2022-03-15,DC-00338,others,Draft,,99381000000098082,Cochin,99381000004750074,ROLLING BLOCKCHAIN PRIVATE LIMITED,HR,business_none,,false,Standard Template,INR,1.00,entity_level,true,0.000,0.00,Label Printing Scale Q9LBL,,99381000002536240,Q9LBL,,Sales,Make:YESWEIGH  Model:YS-30   Max:30kg  e:5g  Min:100g  Class:III,3.00,0.00,nos,14500.00,0.00,0.0,84231000,FALSE,Cochin,Taxable,99381000000006196,IGST18,18.000000,7830.00,ItemAmount,INTD,,goods,,43500.00,43500.00,51330.00,,SPOT ON,,Shalima KT
99381000004971671,2022-03-16,DC-00339,others,Draft,,99381000000098082,Cochin,99381000000036062,TRAVANCORE SCALES SERVICES,KL,business_gst,32APBPN7027C2ZD,false,Standard Template,INR,1.00,entity_level,true,0.000,0.00,Platform Weighing Scale 30x34 SS,,99381000003938861,PFPC30X34SS,,Sales,Max : 50kg  e: 5g Class III,10.00,0.00,nos,2200.00,0.00,0.0,84238290,FALSE,Cochin,Taxable,99381000000006208,GST18,18.000000,3960.00,Tax Group,,,goods,,22000.00,22450.00,26491.00,,ST courier ,,Shalima KT
99381000004971671,2022-03-16,DC-00339,others,Draft,,99381000000098082,Cochin,99381000000036062,TRAVANCORE SCALES SERVICES,KL,business_gst,32APBPN7027C2ZD,false,Standard Template,INR,1.00,entity_level,true,0.000,0.00,Freight Charges,,99381000000557009,COCS,,Sales,in kg,50.00,0.00,kg,9.00,0.00,0.0,996819,FALSE,,Taxable,99381000000006208,GST18,18.000000,81.00,Tax Group,,,service,,450.00,22450.00,26491.00,,ST courier ,,Shalima KT
99381000004971827,2022-03-17,DC-00340,others,Draft,,99381000000098082,Cochin,99381000000036062,TRAVANCORE SCALES SERVICES,KL,business_gst,32APBPN7027C2ZD,false,Standard Template,INR,1.00,entity_level,true,0.000,0.00,Platform Weighing Scale 30x34 SS,,99381000003938861,PFPC30X34SS,,Sales,Max : 50kg  e: 5g Class III,10.00,0.00,nos,2200.00,0.00,0.0,84238290,FALSE,Cochin,Taxable,99381000000006208,GST18,18.000000,3960.00,Tax Group,,,goods,,22000.00,22450.00,26491.00,,ST courier ,,Eldho
99381000004971827,2022-03-17,DC-00340,others,Draft,,99381000000098082,Cochin,99381000000036062,TRAVANCORE SCALES SERVICES,KL,business_gst,32APBPN7027C2ZD,false,Standard Template,INR,1.00,entity_level,true,0.000,0.00,Freight Charges,,99381000000557009,COCS,,Sales,,50.00,0.00,kg,9.00,0.00,0.0,996819,FALSE,,Taxable,99381000000006208,GST18,18.000000,81.00,Tax Group,,,service,,450.00,22450.00,26491.00,,ST courier ,,Eldho
99381000005055057,2022-04-02,DC-00341,others,Draft,,99381000000098082,Cochin,99381000000154169,LOGIWIZ LOGISTICS INDIA PVT LTD,KL,consumer,,false,Standard Template,INR,1.00,entity_level,true,0.000,0.00,Sealing Machine,,99381000004091084,FR990,,Sales,,1.00,0.00,nos,9750.00,0.00,0.0,84238290,FALSE,Cochin,Taxable,99381000000006208,GST18,18.000000,1755.00,Tax Group,,,goods,,9750.00,11750.00,13865.00,,,,
99381000005055057,2022-04-02,DC-00341,others,Draft,,99381000000098082,Cochin,99381000000154169,LOGIWIZ LOGISTICS INDIA PVT LTD,KL,consumer,,false,Standard Template,INR,1.00,entity_level,true,0.000,0.00,VERTICAL STAND,,99381000004089854,VSTAND,,Sales,,1.00,0.00,nos,2000.00,0.00,0.0,84239020,FALSE,Cochin,Taxable,99381000000006208,GST18,18.000000,360.00,Tax Group,,,goods,,2000.00,11750.00,13865.00,,,,
99381000005055087,2022-04-02,DC-00342,others,Draft,,99381000000098082,Cochin,99381000000014794,ALUVA SCALES INC,KL,business_gst,32AAZFA1454F1ZI,false,Standard Template,INR,1.00,entity_level,true,0.000,0.00,Sealing Machine,,99381000004091084,FR990,,Sales,,1.00,0.00,nos,9750.00,0.00,0.0,84238290,FALSE,Cochin,Taxable,99381000000006208,GST18,18.000000,1755.00,Tax Group,,,goods,,9750.00,11750.00,13865.00,,Customer Pick,,Shalima KT
99381000005055087,2022-04-02,DC-00342,others,Draft,,99381000000098082,Cochin,99381000000014794,ALUVA SCALES INC,KL,business_gst,32AAZFA1454F1ZI,false,Standard Template,INR,1.00,entity_level,true,0.000,0.00,VERTICAL STAND,,99381000004089854,VSTAND,,Sales,,1.00,0.00,nos,2000.00,0.00,0.0,84239020,FALSE,Cochin,Taxable,99381000000006208,GST18,18.000000,360.00,Tax Group,,,goods,,2000.00,11750.00,13865.00,,Customer Pick,,Shalima KT
99381000005099031,2022-04-08,DC-00343,Job Work,Draft,,99381000000098082,Cochin,99381000000940238,INTERWEIGHING PVT. LTD.,KL,business_gst,32AAFCI1950F1ZZ,false,Standard Template,INR,1.00,entity_level,true,0.000,0.00,ELECTRONIC PLATFORM SCALE 50-100kg,,99381000004032287,BEN340,,Sales,"Model : YSP PC Capacity : 50kg/100kg e:5g/10g
Size : 30*40cm, Plate : SS, Display : LED (Red) Accuracy :Dual",2.00,0.00,nos,2500.00,0.00,0.0,84238290,FALSE,Cochin,Taxable,99381000000006208,GST18,18.000000,900.00,Tax Group,,,goods,,5000.00,5000.00,5900.00,,Customer Pick,,Eldho
99381000005108908,2022-04-11,DC-00344,others,Draft,,99381000000098082,Cochin,99381000002314035,DEEPAK ELECTRONICS,HR,business_gst,06BBNPB1954K1ZK,false,Standard Template,INR,1.00,entity_level,true,0.000,0.00,Q9LBL PRINTER,,99381000001663305,Q9702,,Sales,,2.00,0.00,nos,6500.00,0.00,0.0,84239020,FALSE,Cochin,Taxable,99381000000006196,IGST18,18.000000,2340.00,ItemAmount,INTD,,goods,,13000.00,13000.00,15340.00,,Amal Assosiate,,Teslin
99381000005127117,2022-04-13,DC-00345,others,Draft,,99381000000098082,Cochin,99381000000154169,LOGIWIZ LOGISTICS INDIA PVT LTD,KL,consumer,,false,Standard Template,INR,1.00,entity_level,true,0.000,0.00,Sealing Machine,,99381000004091084,FR990,,Sales,,2.00,0.00,nos,9750.00,0.00,0.0,84238290,FALSE,Cochin,Taxable,99381000000006208,GST18,18.000000,3510.00,Tax Group,,,goods,,19500.00,21500.00,25370.00,,,,
99381000005127117,2022-04-13,DC-00345,others,Draft,,99381000000098082,Cochin,99381000000154169,LOGIWIZ LOGISTICS INDIA PVT LTD,KL,consumer,,false,Standard Template,INR,1.00,entity_level,true,0.000,0.00,VERTICAL STAND,,99381000004089854,VSTAND,,Sales,,1.00,0.00,nos,2000.00,0.00,0.0,84239020,FALSE,Cochin,Taxable,99381000000006208,GST18,18.000000,360.00,Tax Group,,,goods,,2000.00,21500.00,25370.00,,,,
99381000005152035,2022-04-16,DC-00346,others,Draft,,99381000000098082,Cochin,99381000000084508,ACE ELECTRONICS,KL,business_gst,32AAZFA3650P1ZV,false,Standard Template,INR,1.00,entity_level,true,0.000,0.00,Bench Green Motherboard,,99381000004929443,BGC203,,Sales,,3.00,0.00,nos,180.00,0.00,0.0,84239020,FALSE,Cochin,Taxable,99381000000006208,GST18,18.000000,97.20,Tax Group,,,goods,,540.00,960.00,1133.00,,Amal Assosiate,,Teslin
99381000005152035,2022-04-16,DC-00346,others,Draft,,99381000000098082,Cochin,99381000000084508,ACE ELECTRONICS,KL,business_gst,32AAZFA3650P1ZV,false,Standard Template,INR,1.00,entity_level,true,0.000,0.00,Bench Green Loadcell -130kg,,99381000004929434,BGC202,,Sales,,2.00,0.00,nos,210.00,0.00,0.0,84239020,FALSE,Cochin,Taxable,99381000000006208,GST18,18.000000,75.60,Tax Group,,,goods,,420.00,960.00,1133.00,,Amal Assosiate,,Teslin
99381000005152047,2022-04-16,DC-00347,others,Draft,,99381000000098082,Cochin,99381000000112170,MEEZAN ELECTRONIC SCALES PRIVATE LIMITED,KL,business_gst,32AAECM1277C1ZY,false,Standard Template,INR,1.00,entity_level,true,0.000,0.00,AC MOTOR CCM,,99381000001563114,CCM102,,Sales,,1.00,0.00,nos,600.00,0.00,0.0,84239020,FALSE,Cochin,Taxable,99381000000006208,GST18,18.000000,108.00,Tax Group,,,goods,,600.00,600.00,708.00,,ST courier ,,Teslin
99381000005154113,2022-04-16,DC-00348,others,Draft,,99381000000098082,Cochin,99381000000940238,INTERWEIGHING PVT. LTD.,KL,business_gst,32AAFCI1950F1ZZ,false,Standard Template,INR,1.00,entity_level,true,0.000,0.00,ELECTRONIC PLATFORM SCALE 50-100kg,,99381000004032287,BEN340,,Sales,"Model : YSP PC Capacity : 50kg/100kg e:5g/10g
Size : 30*40cm, Plate : SS, Display : LED (Red) Accuracy :Dual",2.00,0.00,nos,2500.00,0.00,0.0,84238290,FALSE,Cochin,Taxable,99381000000006208,GST18,18.000000,900.00,Tax Group,,,goods,,5000.00,8500.00,10030.00,,Customer Pick,,Shalima KT
99381000005154113,2022-04-16,DC-00348,others,Draft,,99381000000098082,Cochin,99381000000940238,INTERWEIGHING PVT. LTD.,KL,business_gst,32AAFCI1950F1ZZ,false,Standard Template,INR,1.00,entity_level,true,0.000,0.00,ELECTRONIC PLATFORM SCALE,,99381000003880539,PLT4050,,Sales,"Model : YSP PC Capacity: 200kg/300kg e: 20g/50g Min : 1kg
Size : 40*50 cm, Display : LED (Red), With Back Rail",1.00,0.00,nos,3500.00,0.00,0.0,84238290,FALSE,Cochin,Taxable,99381000000006208,GST18,18.000000,630.00,Tax Group,,,goods,,3500.00,8500.00,10030.00,,Customer Pick,,Shalima KT
99381000005152057,2022-04-16,DC-00349,Job Work,Draft,,99381000000098082,Cochin,99381000000940238,INTERWEIGHING PVT. LTD.,KL,business_gst,32AAFCI1950F1ZZ,false,Standard Template,INR,1.00,entity_level,true,0.000,0.00,Platform scale -Bench,,99381000004179810,DY5030,,Sales,"Size : 30*34 Max: 50kg e: 5g
Dual display, LED RED display
",1.00,0.00,nos,1000.00,0.00,0.0,84238290,FALSE,Cochin,Taxable,99381000000006208,GST18,18.000000,180.00,Tax Group,,,goods,,1000.00,1000.00,1180.00,,,,
99381000005174067,2022-04-19,DC-00350,others,Draft,,99381000000098082,Cochin,99381000002312117,DEV WEIGHING SOLUTIONS,HR,business_gst,06AIEPK0868L1Z1,false,Standard Template,INR,1.00,entity_level,true,0.000,0.00,ECS5W PRINTER ROLLER WITH HEAD,,99381000002008253,ECS820,,Sales,,1.00,0.00,nos,2200.00,0.00,0.0,84239020,FALSE,Cochin,Taxable,99381000000006196,IGST18,18.000000,396.00,ItemAmount,INTD,,goods,,2200.00,2200.00,2596.00,,Amal Assosiate,,Teslin
99381000005174077,2022-04-19,DC-00351,others,Draft,,99381000000098082,Cochin,99381000000151001,Dynamic Enterprises,KL,business_gst,32ATJPS7075B1ZN,false,Standard Template,INR,1.00,entity_level,true,0.000,0.00,,,,,,Sales,CCM  UPGRADING TOOL,1.00,0.00,,500.00,0.00,0.0,84239020,FALSE,,Taxable,99381000000006208,GST18,18.000000,90.00,Tax Group,,,service,,500.00,500.00,590.00,,Amal Assosiate,,Teslin
99381000005174087,2022-04-19,DC-00352,others,Draft,,99381000000098082,Cochin,99381000000114383,ACCURATE TRADE LINKS,KL,business_gst,32AHJPK1741Q1Z4,false,Standard Template,INR,1.00,entity_level,true,0.000,0.00,,,,,,Sales,CCM UPGARDING TOOL,1.00,0.00,,500.00,0.00,0.0,84239020,FALSE,,Taxable,99381000000006208,GST18,18.000000,90.00,Tax Group,,,service,,500.00,500.00,590.00,,Amal Assosiate,,Teslin
99381000005174097,2022-04-19,DC-00353,others,Draft,,99381000000098082,Cochin,99381000000112170,MEEZAN ELECTRONIC SCALES PRIVATE LIMITED,KL,business_gst,32AAECM1277C1ZY,false,Standard Template,INR,1.00,entity_level,true,0.000,0.00,,,,,,Sales,CCM UPGADING TOOL,1.00,0.00,,500.00,0.00,0.0,84239020,FALSE,,Taxable,99381000000006208,GST18,18.000000,90.00,Tax Group,,,service,,500.00,500.00,590.00,,Amal Assosiate,,Teslin
99381000005187357,2022-04-20,DC-00354,others,Draft,,99381000000098082,Cochin,99381000004803001,LUCKNOW TRADING COMPANY,UP,business_gst,09ASBPB0791N1ZL,false,Standard Template,INR,1.00,entity_level,true,0.000,0.00,Platform scale -Bench,,99381000004179810,DY5030,,Sales,"Size : 30*34 Max: 50kg e: 5g
Dual display, LED RED display
",1.00,0.00,nos,1000.00,0.00,0.0,84238290,FALSE,Cochin,Taxable,99381000000006196,IGST18,18.000000,180.00,ItemAmount,INTD,,goods,,1000.00,1000.00,1180.00,,Delhivery,,Shalima KT
99381000005211213,2022-04-22,DC-00355,others,Draft,,99381000000098082,Cochin,99381000001357095,Chipdot Enterprises,KL,business_gst,32DOVPK2733G1ZT,false,Standard Template,INR,1.00,entity_level,true,0.000,0.00,ATM/BENCH PC MOTHER BOARD,,99381000000313080,BPC114,,Sales,,2.00,0.00,nos,150.00,0.00,0.0,84239020,FALSE,Cochin,Taxable,99381000000006208,GST18,18.000000,54.00,Tax Group,,,goods,,300.00,300.00,354.00,,Amal Assosiate,,Teslin
99381000005211223,2022-04-22,DC-00356,others,Draft,,99381000000098082,Cochin,99381000000112170,MEEZAN ELECTRONIC SCALES PRIVATE LIMITED,KL,business_gst,32AAECM1277C1ZY,false,Standard Template,INR,1.00,entity_level,true,0.000,0.00,MOTHER BOARD CCM,,99381000001577157,CCM112,,Sales,,1.00,0.00,nos,1200.00,0.00,0.0,84239020,FALSE,Cochin,Taxable,99381000000006208,GST18,18.000000,216.00,Tax Group,,,goods,,1200.00,1200.00,1416.00,,Amal Assosiate,,Teslin
99381000005211235,2022-04-22,DC-00357,others,Draft,,99381000000098082,Cochin,99381000000260021,Sonic Weighing Systems,KA,business_gst,29ABXFS4266Q1ZS,false,Standard Template,INR,1.00,entity_level,true,0.000,0.00,ECS5W DOT  MATRIX DISPLAY,,99381000001687432,ECS826,,Sales,,1.00,0.00,nos,750.00,0.00,0.0,84239020,FALSE,Cochin,Taxable,99381000000006196,IGST18,18.000000,135.00,ItemAmount,INTD,,goods,,750.00,750.00,885.00,,Amal Assosiate,,Teslin
99381000005211245,2022-04-22,DC-00358,others,Draft,,99381000000098082,Cochin,99381000000136578,DIGITAL SCALE,KL,business_gst,32AOLPN0287R2ZA,false,Standard Template,INR,1.00,entity_level,true,0.000,0.00,ATM/BENCH PC MOTHER BOARD,,99381000000313080,BPC114,,Sales,,3.00,0.00,nos,150.00,0.00,0.0,84239020,FALSE,Cochin,Taxable,99381000000006208,GST18,18.000000,81.00,Tax Group,,,goods,,450.00,630.00,743.00,,Amal Assosiate,,Teslin
99381000005211245,2022-04-22,DC-00358,others,Draft,,99381000000098082,Cochin,99381000000136578,DIGITAL SCALE,KL,business_gst,32AOLPN0287R2ZA,false,Standard Template,INR,1.00,entity_level,true,0.000,0.00,Bench PC Step Down Transformer (Output: 6.5v AC),,99381000000542161,TRF6V,,Sales,,2.00,0.00,pcs,90.00,0.00,0.0,84239020,FALSE,Cochin,Taxable,99381000000006208,GST18,18.000000,32.40,Tax Group,,,goods,,180.00,630.00,743.00,,Amal Assosiate,,Teslin
99381000005221091,2022-04-26,DC-00359,others,Draft,,99381000000098082,Cochin,99381000000154169,LOGIWIZ LOGISTICS INDIA PVT LTD,KL,consumer,,false,Standard Template,INR,1.00,entity_level,true,0.000,0.00,Bench Green Keypad,,99381000005153781,BGC205,,Sales,,10.00,0.00,nos,130.00,0.00,0.0,84239020,FALSE,Cochin,Taxable,99381000000006208,GST18,18.000000,234.00,Tax Group,,,goods,,1300.00,3700.00,4366.00,,Customer Pick,,Teslin
99381000005221091,2022-04-26,DC-00359,others,Draft,,99381000000098082,Cochin,99381000000154169,LOGIWIZ LOGISTICS INDIA PVT LTD,KL,consumer,,false,Standard Template,INR,1.00,entity_level,true,0.000,0.00,Bench Green Front & Back Display,,99381000004929452,BGC204,,Sales,,5.00,0.00,nos,245.00,0.00,0.0,84239020,FALSE,Cochin,Taxable,99381000000006208,GST18,18.000000,220.50,Tax Group,,,goods,,1225.00,3700.00,4366.00,,Customer Pick,,Teslin
99381000005221091,2022-04-26,DC-00359,others,Draft,,99381000000098082,Cochin,99381000000154169,LOGIWIZ LOGISTICS INDIA PVT LTD,KL,consumer,,false,Standard Template,INR,1.00,entity_level,true,0.000,0.00,Bench PC Panel Overlay Sticker,,99381000000542125,BPC103,,Sales,Back ,5.00,0.00,pcs,25.00,0.00,0.0,84239020,FALSE,Cochin,Taxable,99381000000006208,GST18,18.000000,22.50,Tax Group,,,goods,,125.00,3700.00,4366.00,,Customer Pick,,Teslin
99381000005221091,2022-04-26,DC-00359,others,Draft,,99381000000098082,Cochin,99381000000154169,LOGIWIZ LOGISTICS INDIA PVT LTD,KL,consumer,,false,Standard Template,INR,1.00,entity_level,true,0.000,0.00,Bench PLT Battery,,99381000004416064,BATTER,,Sales,,1.00,0.00,nos,185.00,0.00,0.0,84239020,FALSE,Cochin,Taxable,99381000000006208,GST18,18.000000,33.30,Tax Group,,,goods,,185.00,3700.00,4366.00,,Customer Pick,,Teslin
99381000005221091,2022-04-26,DC-00359,others,Draft,,99381000000098082,Cochin,99381000000154169,LOGIWIZ LOGISTICS INDIA PVT LTD,KL,consumer,,false,Standard Template,INR,1.00,entity_level,true,0.000,0.00,Bench Green Motherboard,,99381000004929443,BGC203,,Sales,,1.00,0.00,nos,180.00,0.00,0.0,84239020,FALSE,Cochin,Taxable,99381000000006208,GST18,18.000000,32.40,Tax Group,,,goods,,180.00,3700.00,4366.00,,Customer Pick,,Teslin
99381000005221091,2022-04-26,DC-00359,others,Draft,,99381000000098082,Cochin,99381000000154169,LOGIWIZ LOGISTICS INDIA PVT LTD,KL,consumer,,false,Standard Template,INR,1.00,entity_level,true,0.000,0.00,ON/OFF SWITCH,,99381000002008051,SWITCH,,Sales,,48.00,0.00,nos,5.00,0.00,0.0,84239020,FALSE,Cochin,Taxable,99381000000006208,GST18,18.000000,43.20,Tax Group,,,goods,,240.00,3700.00,4366.00,,Customer Pick,,Teslin
99381000005221091,2022-04-26,DC-00359,others,Draft,,99381000000098082,Cochin,99381000000154169,LOGIWIZ LOGISTICS INDIA PVT LTD,KL,consumer,,false,Standard Template,INR,1.00,entity_level,true,0.000,0.00,Bench PC On/Off Switch,,99381000000542188,BPC110,,Sales,,5.00,0.00,,15.00,0.00,0.0,84239020,FALSE,Cochin,Taxable,99381000000006208,GST18,18.000000,13.50,Tax Group,,,goods,,75.00,3700.00,4366.00,,Customer Pick,,Teslin
99381000005221091,2022-04-26,DC-00359,others,Draft,,99381000000098082,Cochin,99381000000154169,LOGIWIZ LOGISTICS INDIA PVT LTD,KL,consumer,,false,Standard Template,INR,1.00,entity_level,true,0.000,0.00,Bench PC 3 Pin Power Cord Connector Port,,99381000000542143,BPC105,,Sales,,5.00,0.00,pcs,25.00,0.00,0.0,84239020,FALSE,Cochin,Taxable,99381000000006208,GST18,18.000000,22.50,Tax Group,,,goods,,125.00,3700.00,4366.00,,Customer Pick,,Teslin
99381000005221091,2022-04-26,DC-00359,others,Draft,,99381000000098082,Cochin,99381000000154169,LOGIWIZ LOGISTICS INDIA PVT LTD,KL,consumer,,false,Standard Template,INR,1.00,entity_level,true,0.000,0.00,Bench Green Front & Back Display,,99381000004929452,BGC204,,Sales,Red,1.00,0.00,nos,245.00,0.00,0.0,84239020,FALSE,Cochin,Taxable,99381000000006208,GST18,18.000000,44.10,Tax Group,,,goods,,245.00,3700.00,4366.00,,Customer Pick,,Teslin
99381000005221123,2022-04-26,DC-00360,others,Draft,,99381000000098082,Cochin,99381000000114383,ACCURATE TRADE LINKS,KL,business_gst,32AHJPK1741Q1Z4,false,Standard Template,INR,1.00,entity_level,true,0.000,0.00,ATM JUNIOR FRONT DISPLAY (BI COLOR),,99381000001991051,AJFDBC,,Sales,,2.00,0.00,nos,150.00,0.00,0.0,84239020,FALSE,Cochin,Taxable,99381000000006208,GST18,18.000000,54.00,Tax Group,,,goods,,300.00,560.00,661.00,,Amal Assosiate,,Teslin
99381000005221123,2022-04-26,DC-00360,others,Draft,,99381000000098082,Cochin,99381000000114383,ACCURATE TRADE LINKS,KL,business_gst,32AHJPK1741Q1Z4,false,Standard Template,INR,1.00,entity_level,true,0.000,0.00,ATM PC/JUNIOR Back Display Board,,99381000000542279,APC207,,Sales,,1.00,0.00,nos,110.00,0.00,0.0,84239020,FALSE,Cochin,Taxable,99381000000006208,GST18,18.000000,19.80,Tax Group,,,goods,,110.00,560.00,661.00,,Amal Assosiate,,Teslin
99381000005221123,2022-04-26,DC-00360,others,Draft,,99381000000098082,Cochin,99381000000114383,ACCURATE TRADE LINKS,KL,business_gst,32AHJPK1741Q1Z4,false,Standard Template,INR,1.00,entity_level,true,0.000,0.00,ATM/BENCH PC MOTHER BOARD,,99381000000313080,BPC114,,Sales,,1.00,0.00,nos,150.00,0.00,0.0,84239020,FALSE,Cochin,Taxable,99381000000006208,GST18,18.000000,27.00,Tax Group,,,goods,,150.00,560.00,661.00,,Amal Assosiate,,Teslin
99381000005221137,2022-04-26,DC-00361,others,Draft,,99381000000098082,Cochin,99381000000011046,GLOBAL DIGITAL SYSTEM,KL,consumer,,false,Standard Template,INR,1.00,entity_level,true,0.000,0.00,,,,,,Sales,ECS Indicator Motherboard,1.00,0.00,,7500.00,0.00,0.0,84239020,FALSE,,Taxable,99381000000006208,GST18,18.000000,1350.00,Tax Group,,,service,,7500.00,7500.00,8850.00,,Amal Assosiate,,Teslin
99381000005219227,2022-04-26,DC-00362,others,Draft,,99381000000098082,Cochin,99381000004618029,AMBA BHAWANI TRADERS,MH,business_gst,27HTOPS9257K1ZF,false,Standard Template,INR,1.00,entity_level,true,0.000,0.00,ATM/BENCH PC MOTHER BOARD,,99381000000313080,BPC114,,Sales,,1.00,0.00,nos,150.00,0.00,0.0,84239020,FALSE,Cochin,Taxable,99381000000006196,IGST18,18.000000,27.00,ItemAmount,INTD,,goods,,150.00,410.00,484.00,,Amal Assosiate,,Teslin
99381000005219227,2022-04-26,DC-00362,others,Draft,,99381000000098082,Cochin,99381000004618029,AMBA BHAWANI TRADERS,MH,business_gst,27HTOPS9257K1ZF,false,Standard Template,INR,1.00,entity_level,true,0.000,0.00,Platform/Bench Bicolor Display,,99381000002140001,PBBD,,Sales,,1.00,0.00,nos,150.00,0.00,0.0,84239020,FALSE,Cochin,Taxable,99381000000006196,IGST18,18.000000,27.00,ItemAmount,INTD,,goods,,150.00,410.00,484.00,,Amal Assosiate,,Teslin
99381000005219227,2022-04-26,DC-00362,others,Draft,,99381000000098082,Cochin,99381000004618029,AMBA BHAWANI TRADERS,MH,business_gst,27HTOPS9257K1ZF,false,Standard Template,INR,1.00,entity_level,true,0.000,0.00,Bench PC Back Display Board,,99381000000542206,BPC112,,Sales,,1.00,0.00,pcs,110.00,0.00,0.0,84239020,FALSE,Cochin,Taxable,99381000000006196,IGST18,18.000000,19.80,ItemAmount,INTD,,goods,,110.00,410.00,484.00,,Amal Assosiate,,Teslin
99381000005240069,2022-04-28,DC-00363,others,Draft,,99381000000098082,Cochin,99381000004584231,M/S JAI ANAND TRADERS,MN,business_gst,14HFLPS1330N1Z2,false,Standard Template,INR,1.00,entity_level,true,0.000,0.00,ATM JUNIOR FRONT DISPLAY (BI COLOR),,99381000001991051,AJFDBC,,Sales,,1.00,0.00,nos,150.00,0.00,0.0,84239020,FALSE,Cochin,Taxable,99381000000006196,IGST18,18.000000,27.00,ItemAmount,INTD,,goods,,150.00,830.00,979.00,,Amal Assosiate,,Teslin
99381000005240069,2022-04-28,DC-00363,others,Draft,,99381000000098082,Cochin,99381000004584231,M/S JAI ANAND TRADERS,MN,business_gst,14HFLPS1330N1Z2,false,Standard Template,INR,1.00,entity_level,true,0.000,0.00,KEYPAD BOARD ATM JUNIOR,,99381000001656767,KBAJ,,Sales,,1.00,0.00,nos,130.00,0.00,0.0,84239020,FALSE,Cochin,Taxable,99381000000006196,IGST18,18.000000,23.40,ItemAmount,INTD,,goods,,130.00,830.00,979.00,,Amal Assosiate,,Teslin
99381000005240069,2022-04-28,DC-00363,others,Draft,,99381000000098082,Cochin,99381000004584231,M/S JAI ANAND TRADERS,MN,business_gst,14HFLPS1330N1Z2,false,Standard Template,INR,1.00,entity_level,true,0.000,0.00,ATM PC KEYPAD BOARD,,99381000000313040,APC202,,Sales,,1.00,0.00,nos,120.00,0.00,0.0,84239020,FALSE,Cochin,Taxable,99381000000006196,IGST18,18.000000,21.60,ItemAmount,INTD,,goods,,120.00,830.00,979.00,,Amal Assosiate,,Teslin
99381000005240069,2022-04-28,DC-00363,others,Draft,,99381000000098082,Cochin,99381000004584231,M/S JAI ANAND TRADERS,MN,business_gst,14HFLPS1330N1Z2,false,Standard Template,INR,1.00,entity_level,true,0.000,0.00,ATM PC FRONT DISPLAY BOARD,,99381000000313049,APC206,,Sales,,1.00,0.00,nos,130.00,0.00,0.0,84239020,FALSE,Cochin,Taxable,99381000000006196,IGST18,18.000000,23.40,ItemAmount,INTD,,goods,,130.00,830.00,979.00,,Amal Assosiate,,Teslin
99381000005240069,2022-04-28,DC-00363,others,Draft,,99381000000098082,Cochin,99381000004584231,M/S JAI ANAND TRADERS,MN,business_gst,14HFLPS1330N1Z2,false,Standard Template,INR,1.00,entity_level,true,0.000,0.00,ATM/BENCH PC MOTHER BOARD,,99381000000313080,BPC114,,Sales,,2.00,0.00,nos,150.00,0.00,0.0,84239020,FALSE,Cochin,Taxable,99381000000006196,IGST18,18.000000,54.00,ItemAmount,INTD,,goods,,300.00,830.00,979.00,,Amal Assosiate,,Teslin
99381000005240087,2022-04-28,DC-00364,others,Draft,,99381000000098082,Cochin,99381000000084508,ACE ELECTRONICS,KL,business_gst,32AAZFA3650P1ZV,false,Standard Template,INR,1.00,entity_level,true,0.000,0.00,Bench PLT Display Front & Back,,99381000004416001,BPDFB,,Sales,,2.00,0.00,nos,245.00,0.00,0.0,84239020,FALSE,Cochin,Taxable,99381000000006208,GST18,18.000000,88.20,Tax Group,,,goods,,490.00,1040.00,1227.00,,Amal Assosiate,,Teslin
99381000005240087,2022-04-28,DC-00364,others,Draft,,99381000000098082,Cochin,99381000000084508,ACE ELECTRONICS,KL,business_gst,32AAZFA3650P1ZV,false,Standard Template,INR,1.00,entity_level,true,0.000,0.00,Bench PLT Motherboard,,99381000004416019,BENCHP,,Sales,,2.00,0.00,nos,230.00,0.00,0.0,84239020,FALSE,Cochin,Taxable,99381000000006208,GST18,18.000000,82.80,Tax Group,,,goods,,460.00,1040.00,1227.00,,Amal Assosiate,,Teslin
99381000005240087,2022-04-28,DC-00364,others,Draft,,99381000000098082,Cochin,99381000000084508,ACE ELECTRONICS,KL,business_gst,32AAZFA3650P1ZV,false,Standard Template,INR,1.00,entity_level,true,0.000,0.00,Bench PC Step Down Transformer (Output: 6.5v AC),,99381000000542161,TRF6V,,Sales,,1.00,0.00,pcs,90.00,0.00,0.0,84239020,FALSE,Cochin,Taxable,99381000000006208,GST18,18.000000,16.20,Tax Group,,,goods,,90.00,1040.00,1227.00,,Amal Assosiate,,Teslin
99381000005240101,2022-04-28,DC-00365,others,Open,Not Invoiced,99381000000098082,Cochin,99381000000126001,YELLOW SCALES,KL,business_gst,32CPDPS6051P1ZG,false,Standard Template,INR,1.00,entity_level,true,0.000,0.00,ECS5W PRINTER ROLLER WITH HEAD,,99381000002008253,ECS820,,Sales,,2.00,0.00,nos,2200.00,0.00,0.0,84239020,FALSE,Cochin,Taxable,99381000000006208,GST18,18.000000,792.00,Tax Group,,,goods,,4400.00,4400.00,5192.00,,Amal Assosiate,,Teslin
99381000005240171,2022-04-29,DC-00366,others,Delivered,Not Invoiced,99381000000098082,Cochin,99381000000036062,TRAVANCORE SCALES SERVICES,KL,business_gst,32APBPN7027C2ZD,false,Standard Template,INR,1.00,entity_level,true,0.000,0.00,ECS5W PRINTER ROLLER WITH HEAD,,99381000002008253,ECS820,,Sales,,2.00,0.00,nos,2200.00,0.00,0.0,84239020,FALSE,Cochin,Taxable,99381000000006208,GST18,18.000000,792.00,Tax Group,,,goods,,4400.00,4400.00,5192.00,,Amal Assosiate,,Teslin
99381000005262017,2022-04-30,DC-00367,others,Draft,,99381000000098082,Cochin,99381000002072057,Mathi Scales,TN,business_gst,33AANFM5279L1ZO,false,Standard Template,INR,1.00,entity_level,true,0.000,0.00,AC Cord wire CPU Cord(3 yard),,99381000002008032,CW3X3,,Sales,,2.00,0.00,nos,62.00,0.00,0.0,84239020,FALSE,Cochin,Taxable,99381000000006196,IGST18,18.000000,22.32,ItemAmount,INTD,,goods,,124.00,124.00,146.00,,Amal Assosiate,,Teslin
99381000005274021,2022-05-05,DC-00368,others,Draft,,99381000003083031,Head Office,99381000002173957,SAI SYSTEM AND SERVICES,TN,business_gst,33ACCFS3099K1ZT,false,Standard Template,INR,1.00,entity_level,true,0.000,0.00,ECS5W DOT  MATRIX DISPLAY,,99381000001687432,ECS826,,Sales,,1.00,0.00,nos,750.00,0.00,0.0,84239020,FALSE,Head Office,Taxable,99381000000006196,IGST18,18.000000,135.00,ItemAmount,INTD,,goods,,750.00,750.00,885.00,,Amal Assosiate,,Teslin
99381000005274031,2022-05-05,DC-00369,others,Draft,,99381000003083031,Head Office,99381000005236944,VAIYAPURI AND COMPANY,TN,business_gst,33AIDPV6890Q1ZA,false,Standard Template,INR,1.00,entity_level,true,0.000,0.00,Bench PLT Display Front & Back,,99381000004416001,BPDFB,,Sales,,1.00,0.00,nos,245.00,0.00,0.0,84239020,FALSE,Head Office,Taxable,99381000000006196,IGST18,18.000000,44.10,ItemAmount,INTD,,goods,,245.00,245.00,289.00,,Amal Assosiate,,Teslin
99381000005294059,2022-05-10,DC-00370,others,Draft,,99381000003083031,Head Office,99381000000036062,TRAVANCORE SCALES SERVICES,KL,business_gst,32APBPN7027C2ZD,false,Standard Template,INR,1.00,entity_level,true,0.000,0.00,ECS5W PRINTER ROLLER WITH HEAD,,99381000002008253,ECS820,,Sales,,1.00,0.00,nos,2200.00,0.00,0.0,84239020,FALSE,Head Office,Taxable,99381000000006208,GST18,18.000000,396.00,Tax Group,,,goods,,2200.00,3000.00,3540.00,,Amal Assosiate,,Teslin
99381000005294059,2022-05-10,DC-00370,others,Draft,,99381000003083031,Head Office,99381000000036062,TRAVANCORE SCALES SERVICES,KL,business_gst,32APBPN7027C2ZD,false,Standard Template,INR,1.00,entity_level,true,0.000,0.00,ECS5W DISPLAY BACK,,99381000000306351,ECS809,,Sales,,1.00,0.00,nos,800.00,0.00,0.0,84239020,FALSE,Head Office,Taxable,99381000000006208,GST18,18.000000,144.00,Tax Group,,,goods,,800.00,3000.00,3540.00,,Amal Assosiate,,Teslin
99381000005294073,2022-05-10,DC-00371,others,Draft,,99381000003083031,Head Office,99381000000309611,KRAUS INSTRUMENTS,KL,business_gst,32AASFK0676Q1ZM,false,Standard Template,INR,1.00,entity_level,true,0.000,0.00,Q9LBL PRINTER,,99381000001663305,Q9702,,Sales,,3.00,0.00,nos,6500.00,0.00,0.0,84239020,FALSE,Head Office,Taxable,99381000000006208,GST18,18.000000,3510.00,Tax Group,,,goods,,19500.00,19500.00,23010.00,,Amal Assosiate,,Teslin
99381000005304033,2022-05-12,DC-00372,Job Work,Draft,,99381000000098082,Cochin,99381000000112170,MEEZAN ELECTRONIC SCALES PRIVATE LIMITED,KL,business_gst,32AAECM1277C1ZY,false,Spreadsheet,INR,1.00,entity_level,true,0.000,0.00,DIGITAL KITCHEN SCALE,,99381000003586686,EK6005,,Sales,"Make : YESWEIGH Model :YSK-5
Capacity : 5kg e : 0.1g
",10.00,0.00,nos,450.00,0.00,0.0,84238190,FALSE,Cochin,Taxable,99381000000006208,GST18,18.000000,810.00,Tax Group,,,goods,,4500.00,8000.00,9440.00,,APS,,Eldho
99381000005304033,2022-05-12,DC-00372,Job Work,Draft,,99381000000098082,Cochin,99381000000112170,MEEZAN ELECTRONIC SCALES PRIVATE LIMITED,KL,business_gst,32AAECM1277C1ZY,false,Spreadsheet,INR,1.00,entity_level,true,0.000,0.00,ELECTRONIC PLATFORM SCALE,,99381000003880539,PLT4050,,Sales,"Model : YSP PC Capacity: 200kg/300kg e: 20g/50g Min : 1kg
Size : 40*50 cm, Display : LED (Red), With Back Rail",1.00,0.00,nos,3500.00,0.00,0.0,84238290,FALSE,Cochin,Taxable,99381000000006208,GST18,18.000000,630.00,Tax Group,,,goods,,3500.00,8000.00,9440.00,,APS,,Eldho
99381000005356027,2022-05-19,DC-00373,others,Draft,,99381000003083031,Head Office,99381000003416003,MASTER PACK & EQUIPMENTS,KL,business_gst,32AASFM6894L1ZE,false,Standard Template,INR,1.00,entity_level,true,0.000,0.00,K12 -MOTHER BOARD,,99381000001867233,K1201,,Sales,,1.00,0.00,,300.00,0.00,0.0,90319000,FALSE,Head Office,Taxable,99381000000006208,GST18,18.000000,54.00,Tax Group,,,goods,,300.00,300.00,354.00,,Amal Assosiate,,Teslin
99381000005356069,2022-05-19,DC-00374,others,Draft,,99381000003083031,Head Office,99381000000112170,MEEZAN ELECTRONIC SCALES PRIVATE LIMITED,KL,business_gst,32AAECM1277C1ZY,false,Standard Template,INR,1.00,entity_level,true,0.000,0.00,ATM/BENCH PC MOTHER BOARD,,99381000000313080,BPC114,,Sales,,1.00,0.00,nos,150.00,0.00,0.0,84239020,FALSE,Head Office,Taxable,99381000000006208,GST18,18.000000,27.00,Tax Group,,,goods,,150.00,150.00,177.00,,Amal Assosiate,,Teslin
99381000005381042,2022-05-23,DC-00375,others,Draft,,99381000000098082,Cochin,99381000000151001,Dynamic Enterprises,KL,business_gst,32ATJPS7075B1ZN,false,Spreadsheet,INR,1.00,entity_level,true,0.000,0.00,,,,,,Sales,DY5030 KEYPAD,24.00,0.00,,150.00,0.00,0.0,84239020,FALSE,,Taxable,99381000000006208,GST18,18.000000,648.00,Tax Group,,,service,,3600.00,7800.00,9204.00,,APS,,Eldho
99381000005381042,2022-05-23,DC-00375,others,Draft,,99381000000098082,Cochin,99381000000151001,Dynamic Enterprises,KL,business_gst,32ATJPS7075B1ZN,false,Spreadsheet,INR,1.00,entity_level,true,0.000,0.00,,,,,,Sales,DY5030 MOTHERBOARD,24.00,0.00,,175.00,0.00,0.0,84239020,FALSE,,Taxable,99381000000006208,GST18,18.000000,756.00,Tax Group,,,service,,4200.00,7800.00,9204.00,,APS,,Eldho
99381000005378127,2022-05-23,DC-00376,others,Draft,,99381000003083031,Head Office,99381000004727031,Archlight Instruments ,MH,business_gst,27DOAPK1249Q1ZJ,false,Standard Template,INR,1.00,entity_level,true,0.000,0.00,ECS5W DOT  MATRIX DISPLAY,,99381000001687432,ECS826,,Sales,,1.00,0.00,nos,750.00,0.00,0.0,84239020,FALSE,Head Office,Taxable,99381000000006196,IGST18,18.000000,135.00,ItemAmount,INTD,,goods,,750.00,750.00,885.00,,Amal Assosiate,,Teslin
99381000005413073,2022-05-27,DC-00377,others,Draft,,99381000003083031,Head Office,99381000000112170,MEEZAN ELECTRONIC SCALES PRIVATE LIMITED,KL,business_gst,32AAECM1277C1ZY,false,Standard Template,INR,1.00,entity_level,true,0.000,0.00,CHOTTU MOTHERBOARD - 99MB 6V,,99381000001165607,CH602,,Sales,,4.00,0.00,nos,210.00,0.00,0.0,84239020,FALSE,Head Office,Taxable,99381000000006208,GST18,18.000000,151.20,Tax Group,,,goods,,840.00,840.00,991.00,,Amal Assosiate,,Teslin
99381000005413083,2022-05-27,DC-00378,others,Draft,,99381000003083031,Head Office,99381000000084508,ACE ELECTRONICS,KL,business_gst,32AAZFA3650P1ZV,false,Standard Template,INR,1.00,entity_level,true,0.000,0.00,ECS5W MOTHER BOARD,,99381000000306276,ECS815,,Sales,,1.00,0.00,pcs,6900.00,0.00,0.0,84239020,FALSE,Head Office,Taxable,99381000000006208,GST18,18.000000,1242.00,Tax Group,,,goods,,6900.00,14100.00,16638.00,,Amal Assosiate,,Teslin
99381000005413083,2022-05-27,DC-00378,others,Draft,,99381000003083031,Head Office,99381000000084508,ACE ELECTRONICS,KL,business_gst,32AAZFA3650P1ZV,false,Standard Template,INR,1.00,entity_level,true,0.000,0.00,Q8LBL MOTHERBOARD,,99381000001687423,Q8622,,Sales,,1.00,0.00,nos,7200.00,0.00,0.0,84239020,FALSE,Head Office,Taxable,99381000000006208,GST18,18.000000,1296.00,Tax Group,,,goods,,7200.00,14100.00,16638.00,,Amal Assosiate,,Teslin
99381000005423009,2022-05-27,DC-00379,others,Draft,,99381000000098082,Cochin,99381000002721037,YES YES TECHNOLOGIES,TN,business_gst,33ALPPM6864J1ZH,false,Standard Template,INR,1.00,entity_level,true,0.000,0.00,ECS5W DOT  MATRIX DISPLAY,,99381000001687432,ECS826,,Sales,,1.00,0.00,nos,750.00,0.00,0.0,84239020,FALSE,Cochin,Taxable,99381000000006196,IGST18,18.000000,135.00,ItemAmount,INTD,,goods,,750.00,750.00,885.00,,Amal Assosiate,,Biju B
99381000005448554,2022-05-31,DC-00380,others,Draft,,99381000003083031,Head Office,99381000000116459,SANIA SYSTEMS,KA,business_gst,29ABSFS3566Q1ZW,false,Standard Template,INR,1.00,entity_level,true,0.000,0.00,Bench Green Front & Back Display,,99381000004929452,BGC204,,Sales,Red   Display,5.00,0.00,nos,245.00,0.00,0.0,84239020,FALSE,Head Office,Taxable,99381000000006196,IGST18,18.000000,220.50,ItemAmount,INTD,,goods,,1225.00,3025.00,3570.00,,ST courier ,,Teslin
99381000005448554,2022-05-31,DC-00380,others,Draft,,99381000003083031,Head Office,99381000000116459,SANIA SYSTEMS,KA,business_gst,29ABSFS3566Q1ZW,false,Standard Template,INR,1.00,entity_level,true,0.000,0.00,Bench Green Motherboard,,99381000004929443,BGC203,,Sales,,10.00,0.00,nos,180.00,0.00,0.0,84239020,FALSE,Head Office,Taxable,99381000000006196,IGST18,18.000000,324.00,ItemAmount,INTD,,goods,,1800.00,3025.00,3570.00,,ST courier ,,Teslin
99381000005448566,2022-05-31,DC-00381,others,Draft,,99381000003083031,Head Office,99381000003493071,YESWEIGH SOLUTIONS LLP,KL,business_gst,32AACFY7757L1ZM,false,Standard Template,INR,1.00,entity_level,true,0.000,0.00,Loadcell 500 kg 25 x25- 40 mm 4 HOLE,,99381000002001119,LC500,,Sales,,1.00,0.00,nos,410.00,0.00,0.0,84239020,FALSE,Head Office,Taxable,99381000000006208,GST18,18.000000,73.80,Tax Group,,,goods,,410.00,410.00,484.00,,ST courier ,,Teslin
99381000005455001,2022-05-31,DC-00382,Job Work,Draft,,99381000000098082,Cochin,99381000000832003,MANUKRISHNA SCALE AGENCY,TN,business_gst,33AFFPR2059J1ZC,false,Standard Template,INR,1.00,entity_level,true,0.000,0.00,Price Computing scale,,99381000000016031,ATMPC,,Sales,"Make: YESWEIGH  Model:YSP-20
Max:20kg  e:2g  Min:40g  Class:III",1.00,0.00,nos,1880.00,0.00,0.0,84231000,FALSE,Cochin,Taxable,99381000000006196,IGST18,18.000000,338.40,ItemAmount,INTD,,goods,,1880.00,1880.00,2218.00,,APS,,Biju B
99381000005459267,2022-06-01,DC-00383,others,Draft,,99381000000098082,Cochin,99381000004249003,ACCURATE SOLUTIONS,TN,business_gst,33AIDPA7375F1ZK,false,Standard Template,INR,1.00,entity_level,true,0.000,0.00,ECS5W PRINTER CASE,,99381000000306369,ECS806,,Sales,,1.00,0.00,nos,250.00,0.00,0.0,84239020,FALSE,Cochin,Taxable,99381000000006196,IGST18,18.000000,45.00,ItemAmount,INTD,,goods,,250.00,250.00,295.00,,ST courier ,,Teslin
99381000005459359,2022-06-01,DC-00384,others,Draft,,99381000000098082,Cochin,99381000002672003,Diamond Weighing Systems Private Limited,TS,business_gst,36AAICD2482N1Z7,false,Spreadsheet,INR,1.00,entity_level,true,0.000,0.00,,,,,,Sales,PaperRoll,10.00,0.00,,135.00,0.00,0.0,84239020,FALSE,,Taxable,99381000000006196,IGST18,18.000000,243.00,ItemAmount,INTD,,service,,1350.00,1350.00,1593.00,,Amal Assosiate,,Teslin
99381000005475499,2022-06-07,DC-00385,others,Draft,,99381000000098082,Cochin,99381000000084508,ACE ELECTRONICS,KL,business_gst,32AAZFA3650P1ZV,false,Standard Template,INR,1.00,entity_level,true,0.000,0.00,ATM/BENCH PC MOTHER BOARD,,99381000000313080,BPC114,,Sales,,2.00,0.00,nos,150.00,0.00,0.0,84239020,FALSE,Cochin,Taxable,99381000000006208,GST18,18.000000,54.00,Tax Group,,,goods,,300.00,300.00,354.00,,Amal Assosiate,,Teslin
99381000005489001,2022-06-07,DC-00386,others,Draft,,99381000000098082,Cochin,99381000005431005,Bhandarkar Equipments,GA,business_gst,30AAGFB9372G1ZL,false,Standard Template,INR,1.00,entity_level,true,0.000,0.00,ATM PC FRONT DISPLAY BOARD,,99381000000313049,APC206,,Sales,,1.00,0.00,nos,130.00,0.00,0.0,84239020,FALSE,Cochin,Taxable,99381000000006196,IGST18,18.000000,23.40,ItemAmount,INTD,,goods,,130.00,130.00,153.00,,Amal Assosiate,,Teslin
99381000005498001,2022-06-08,DC-00387,others,Draft,,99381000000098082,Cochin,99381000004224116,ARYA SCALES - CALICUT,KL,business_gst,32APXPS4495R1ZI,false,Standard Template,INR,1.00,entity_level,true,0.000,0.00,ATM JUNIOR FRONT DISPLAY (BI COLOR),,99381000001991051,AJFDBC,,Sales,,1.00,0.00,nos,150.00,0.00,0.0,84239020,FALSE,Cochin,Taxable,99381000000006208,GST18,18.000000,27.00,Tax Group,,,goods,,150.00,150.00,177.00,,,,
99381000005505091,2022-06-09,DC-00388,others,Draft,,99381000003083031,Head Office,99381000000116459,SANIA SYSTEMS,KA,business_gst,29ABSFS3566Q1ZW,false,Standard Template,INR,1.00,entity_level,true,0.000,0.00,ECS5W PRINTER ROLLER WITH HEAD,,99381000002008253,ECS820,,Sales,,1.00,0.00,nos,2200.00,0.00,0.0,84239020,FALSE,Head Office,Taxable,99381000000006196,IGST18,18.000000,396.00,ItemAmount,INTD,,goods,,2200.00,2200.00,2596.00,,Amal Assosiate,,Teslin
99381000005505101,2022-06-09,DC-00389,others,Draft,,99381000003083031,Head Office,99381000000309611,KRAUS INSTRUMENTS,KL,business_gst,32AASFK0676Q1ZM,false,Standard Template,INR,1.00,entity_level,true,0.000,0.00,Q8LBL MOTHERBOARD,,99381000001687423,Q8622,,Sales,,6.00,0.00,nos,0.00,0.00,0.0,84239020,FALSE,Head Office,Taxable,99381000000006208,GST18,18.000000,0.00,Tax Group,,,goods,,0.00,0.00,0.00,,Amal Assosiate,,Teslin
99381000005510521,2022-06-10,DC-00390,others,Draft,,99381000000098082,Cochin,99381000002549012,ROYAL SCALES,KL,business_none,,false,Standard Template,INR,1.00,entity_level,true,0.000,0.00,Electronic cash register,,99381000000194004,ECR,,Sales,,1.00,0.00,nos,600.00,0.00,0.0,84701000,FALSE,Cochin,Taxable,99381000000006208,GST18,18.000000,108.00,Tax Group,,,goods,,600.00,600.00,708.00,,APS,,Teslin
99381000005546027,2022-06-14,DC-00391,others,Draft,,99381000000098082,Cochin,99381000000940238,INTERWEIGHING PVT. LTD.,KL,business_gst,32AAFCI1950F1ZZ,false,Standard Template,INR,1.00,entity_level,true,0.000,0.00,Platform scale -Bench,,99381000004179810,DY5030,,Sales,"Size : 30*34 Max: 50kg e: 5g
Dual display, LED RED display
",1.00,0.00,nos,1000.00,0.00,0.0,84238290,FALSE,Cochin,Taxable,99381000000006208,GST18,18.000000,180.00,Tax Group,,,goods,,1000.00,1000.00,1180.00,,,,
99381000005549007,2022-06-15,DC-00392,others,Draft,,99381000003083031,Head Office,99381000001357152,Bharath Scale-Kasargod,KL,business_gst,32CXGPR5017M1Z8,false,Standard Template,INR,1.00,entity_level,true,0.000,0.00,Loadcell 500 kg 25 x25- 40 mm 4 HOLE,,99381000002001119,LC500,,Sales,,1.00,0.00,nos,410.00,0.00,0.0,84239020,FALSE,Head Office,Taxable,99381000000006208,GST18,18.000000,73.80,Tax Group,,,goods,,410.00,410.00,484.00,,Amal Assosiate,,Teslin
99381000005549027,2022-06-15,DC-00393,others,Draft,,99381000003083031,Head Office,99381000002020003,S.R INSTRUMENTS,MH,business_gst,27BGPPP3486B1Z2,false,Standard Template,INR,1.00,entity_level,true,0.000,0.00,,,,,,Sales,Platform 400x400 ss motherboard,1.00,0.00,,150.00,0.00,0.0,84239020,FALSE,,Taxable,99381000000006196,IGST18,18.000000,27.00,ItemAmount,INTD,,service,,150.00,150.00,177.00,,Amal Assosiate,,Teslin
99381000005563097,2022-06-17,DC-00394,others,Draft,,99381000003083031,Head Office,99381000000154574,TAKYON SYSTEMS,KL,business_gst,32AANFT0176D1ZE,false,Standard Template,INR,1.00,entity_level,true,0.000,0.00,Loadcell 40 kg: 130 mm,,99381000002001031,LKM401,,Sales,,100.00,0.00,nos,180.00,0.00,0.0,84239020,FALSE,Head Office,Taxable,99381000000006208,GST18,18.000000,3240.00,Tax Group,,,goods,,18000.00,36000.00,42480.00,,APS,,Teslin
99381000005563097,2022-06-17,DC-00394,others,Draft,,99381000003083031,Head Office,99381000000154574,TAKYON SYSTEMS,KL,business_gst,32AANFT0176D1ZE,false,Standard Template,INR,1.00,entity_level,true,0.000,0.00,Loadcell 80 kg:130mm,,99381000002001040,LK8013,,Sales,,100.00,0.00,nos,180.00,0.00,0.0,84239020,FALSE,Head Office,Taxable,99381000000006208,GST18,18.000000,3240.00,Tax Group,,,goods,,18000.00,36000.00,42480.00,,APS,,Teslin
99381000005573368,2022-06-20,DC-00395,others,Draft,,99381000003083031,Head Office,99381000000017031,EXATA BALANCE CO,KL,business_gst,32AAGFE6830Q1Z4,false,Standard Template,INR,1.00,entity_level,true,0.000,0.00,Bench Green Motherboard,,99381000004929443,BGC203,,Sales,,5.00,0.00,nos,180.00,0.00,0.0,84239020,FALSE,Head Office,Taxable,99381000000006208,GST18,18.000000,162.00,Tax Group,,,goods,,900.00,900.00,1062.00,,Amal Assosiate,,Teslin
99381000005619405,2022-06-27,DC-00396,others,Draft,,99381000000098082,Cochin,99381000000940238,INTERWEIGHING PVT. LTD.,KL,business_gst,32AAFCI1950F1ZZ,false,Standard Template,INR,1.00,entity_level,true,0.000,0.00,Platform Weighing Scale 40X50 SS,,99381000003938870,PFPC40X50SS,,Sales,"Make:YESWEIGH Model : YSP PC
Max : 100kg  e: 10g Min :200gm
Class: III",2.00,0.00,nos,6000.00,0.00,0.0,84238290,FALSE,Cochin,Taxable,99381000000006208,GST18,18.000000,2160.00,Tax Group,,,goods,,12000.00,12950.00,15281.00,,Customer Pick,,Shalima KT
99381000005619405,2022-06-27,DC-00396,others,Draft,,99381000000098082,Cochin,99381000000940238,INTERWEIGHING PVT. LTD.,KL,business_gst,32AAFCI1950F1ZZ,false,Standard Template,INR,1.00,entity_level,true,0.000,0.00,Indicator,,99381000005590121,IND202,,Sales,Display : Red ,1.00,0.00,nos,950.00,0.00,0.0,84239020,FALSE,Cochin,Taxable,99381000000006208,GST18,18.000000,171.00,Tax Group,,,goods,,950.00,12950.00,15281.00,,Customer Pick,,Shalima KT
99381000005621017,2022-06-27,DC-00397,Job Work,Draft,,99381000000098082,Cochin,99381000000114383,ACCURATE TRADE LINKS,KL,business_gst,32AHJPK1741Q1Z4,false,Standard Template,INR,1.00,entity_level,true,0.000,0.00,SIMPLE VALUE COUNTING MACHINE ECONOMIC,,99381000004261110,VALUECOUNTER,,Sales,,12.00,0.00,nos,3450.00,0.00,0.0,84729090,FALSE,Cochin,Taxable,99381000000006208,GST18,18.000000,7452.00,Tax Group,,,goods,,41400.00,41400.00,48852.00,,APS,,Eldho
99381000005619553,2022-06-27,DC-00398,others,Draft,,99381000000098082,Cochin,99381000002173957,SAI SYSTEM AND SERVICES,TN,business_gst,33ACCFS3099K1ZT,false,Standard Template,INR,1.00,entity_level,true,0.000,0.00,ECS5W DISPLAY BACK,,99381000000306351,ECS809,,Sales,,1.00,0.00,nos,800.00,0.00,0.0,84239020,FALSE,Cochin,Taxable,99381000000006196,IGST18,18.000000,144.00,ItemAmount,INTD,,goods,,800.00,800.00,944.00,,ST courier ,,Biju B
99381000005622048,2022-06-27,DC-00399,others,Draft,,99381000000098082,Cochin,99381000005622017,TULA BHAVAN,KL,business_gst,32AABFT3237F1ZM,false,Standard Template,INR,1.00,entity_level,true,0.000,0.00,Platform Weighing Scale 40X50 SS,,99381000003938870,PFPC40X50SS,,Sales,"Make:YESWEIGH Model : YSP PC
Max : 100kg  e: 10g Min :200gm
Class: III",1.00,0.00,nos,6750.00,0.00,0.0,84238290,FALSE,Cochin,Taxable,99381000000006208,GST18,18.000000,1215.00,Tax Group,,,goods,,6750.00,6750.00,7965.00,,Customer Pick,,Athira Sankar
99381000005619879,2022-06-27,DC-00400,others,Draft,,99381000000098082,Cochin,99381000005371005,M/S Sunati Enterprise,TR,business_gst,16ADWFS2154E1ZU,false,Standard Template,INR,1.00,entity_level,true,0.000,0.00,Bench Green Motherboard,,99381000004929443,BGC203,,Sales,,2.00,0.00,nos,180.00,0.00,0.0,84239020,FALSE,Cochin,Taxable,99381000000006196,IGST18,18.000000,64.80,ItemAmount,INTD,,goods,,360.00,360.00,425.00,,ST courier ,,Teslin
99381000005638021,2022-06-28,DC-00401,others,Draft,,99381000000098082,Cochin,99381000000114383,ACCURATE TRADE LINKS,KL,business_gst,32AHJPK1741Q1Z4,false,Spreadsheet,INR,1.00,entity_level,true,0.000,0.00,SIMPLE VALUE COUNTING MACHINE ECONOMIC,,99381000004261110,VALUECOUNTER,,Sales,,5.00,0.00,nos,3450.00,0.00,0.0,84729090,FALSE,Cochin,Taxable,99381000000006208,GST18,18.000000,3105.00,Tax Group,,,goods,,17250.00,17250.00,20355.00,,APS,,Eldho
99381000005655026,2022-06-30,DC-00402,Job Work,Draft,,99381000000098082,Cochin,99381000000114383,ACCURATE TRADE LINKS,KL,business_gst,32AHJPK1741Q1Z4,false,Spreadsheet,INR,1.00,entity_level,true,0.000,0.00,SIMPLE VALUE COUNTING MACHINE ECONOMIC,,99381000004261110,VALUECOUNTER,,Sales,,8.00,0.00,nos,3450.00,0.00,0.0,84729090,FALSE,Cochin,Taxable,99381000000006208,GST18,18.000000,4968.00,Tax Group,,,goods,,27600.00,27600.00,32568.00,,APS,,Eldho
99381000005655042,2022-06-30,DC-00403,Job Work,Draft,,99381000000098082,Cochin,99381000000151001,Dynamic Enterprises,KL,business_gst,32ATJPS7075B1ZN,false,Spreadsheet,INR,1.00,entity_level,true,0.000,0.00,,,,,,Sales,PLASTIC HOLDER,100.00,0.00,,50.00,0.00,0.0,84239020,FALSE,,Taxable,99381000000006208,GST18,18.000000,900.00,Tax Group,,,service,,5000.00,5000.00,5900.00,,APS,,Eldho
99381000005692055,2022-07-04,DC-00404,others,Draft,,99381000000098082,Cochin,99381000001405057,PRISM WEIGHING INSTRUMENTS,KL,business_gst,32AGKPC2008A1ZG,false,Standard Template,INR,1.00,entity_level,true,0.000,0.00,Loadcell 200KG 3 HOLE,,99381000002001079,LH2003,,Sales,,2.00,0.00,nos,280.00,0.00,0.0,84239020,FALSE,Cochin,Taxable,99381000000006208,GST18,18.000000,100.80,Tax Group,,,goods,,560.00,560.00,661.00,,Amal Assosiate,,Teslin
99381000005695102,2022-07-05,DC-00405,others,Draft,,99381000000098082,Cochin,99381000000017031,EXATA BALANCE CO,KL,business_gst,32AAGFE6830Q1Z4,false,Standard Template,INR,1.00,entity_level,true,0.000,0.00,,,,,,Sales,OEM Bench motherboard,30.00,0.00,,76.00,0.00,0.0,84238290,FALSE,,Taxable,99381000000006208,GST18,18.000000,410.40,Tax Group,,,service,,2280.00,2280.00,2690.00,,Amal Assosiate,,Biju B
99381000005692178,2022-07-05,DC-00406,others,Draft,,99381000000098082,Cochin,99381000000136578,DIGITAL SCALE,KL,business_gst,32AOLPN0287R2ZA,false,Standard Template,INR,1.00,entity_level,true,0.000,0.00,,,,,,Sales,OEM Bench Motherboard,50.00,0.00,,76.00,0.00,0.0,84238290,FALSE,,Taxable,99381000000006208,GST18,18.000000,684.00,Tax Group,,,service,,3800.00,3800.00,4484.00,,Amal Assosiate,,Athira Sankar
99381000005695112,2022-07-05,DC-00407,others,Draft,,99381000000098082,Cochin,99381000000011562,THRASCO SOLUTIONS,KL,consumer,,false,Standard Template,INR,1.00,entity_level,true,0.000,0.00,,,,,,Sales,OEM Bench Motherbard,25.00,0.00,,76.00,0.00,0.0,84239020,FALSE,,Taxable,99381000000006208,GST18,18.000000,342.00,Tax Group,,,service,,1900.00,1900.00,2242.00,,Amal Assosiate,,Biju B
99381000005695122,2022-07-05,DC-00408,others,Draft,,99381000000098082,Cochin,99381000001660179,NOVA SCALES,KA,business_gst,29BUEPS5447J1ZZ,false,Standard Template,INR,1.00,entity_level,true,0.000,0.00,,,,,,Sales,OEM Bench Motherboard,20.00,0.00,,76.00,0.00,0.0,84239020,FALSE,,Taxable,99381000000006196,IGST18,18.000000,273.60,ItemAmount,INTD,,service,,1520.00,1520.00,1794.00,,Amal Assosiate,,Biju B
99381000005692188,2022-07-05,DC-00409,others,Draft,,99381000000098082,Cochin,99381000000036062,TRAVANCORE SCALES SERVICES,KL,business_gst,32APBPN7027C2ZD,false,Standard Template,INR,1.00,entity_level,true,0.000,0.00,,,,,,Sales,OEM Motherboard Bench,10.00,0.00,,76.00,0.00,0.0,84238290,FALSE,,Taxable,99381000000006208,GST18,18.000000,136.80,Tax Group,,,service,,760.00,760.00,897.00,,Amal Assosiate,,Athira Sankar
99381000005692198,2022-07-05,DC-00410,others,Draft,,99381000000098082,Cochin,99381000000161200,GK electronics,KL,business_gst,32CPSPM4266B1ZV,false,Standard Template,INR,1.00,entity_level,true,0.000,0.00,,,,,,Sales,OEM Bench Motherboard,20.00,0.00,,76.00,0.00,0.0,84238290,FALSE,,Taxable,99381000000006208,GST18,18.000000,273.60,Tax Group,,,service,,1520.00,1520.00,1794.00,,Amal Assosiate,,Athira Sankar
99381000005692216,2022-07-05,DC-00411,others,Draft,,99381000000098082,Cochin,99381000002672003,Diamond Weighing Systems Private Limited,TS,business_gst,36AAICD2482N1Z7,false,Standard Template,INR,1.00,entity_level,true,0.000,0.00,,,,,,Sales,OEM Bench Motherboard,20.00,0.00,,76.00,0.00,0.0,84238290,FALSE,,Taxable,99381000000006196,IGST18,18.000000,273.60,ItemAmount,INTD,,service,,1520.00,1520.00,1794.00,,Amal Assosiate,,Athira Sankar
99381000005692226,2022-07-05,DC-00412,others,Draft,,99381000000098082,Cochin,99381000001820570,ACCESS TECHNOLOGIES,TS,business_gst,36AIWPR1944A1Z1,false,Standard Template,INR,1.00,entity_level,true,0.000,0.00,,,,,,Sales,Indicator Wi Fi Module,5.00,0.00,,750.00,0.00,0.0,84238290,FALSE,,Taxable,99381000000006196,IGST18,18.000000,675.00,ItemAmount,INTD,,service,,3750.00,3750.00,4425.00,,Amal Assosiate,,Athira Sankar
99381000005692236,2022-07-05,DC-00413,others,Draft,,99381000000098082,Cochin,99381000004229099,ACCURATE ELECTRONICS-COIMBATORE,TN,business_gst,33AQNPS9095E1Z9,false,Standard Template,INR,1.00,entity_level,true,0.000,0.00,,,,,,Sales,OEM Bench Motherboard,10.00,0.00,,76.00,0.00,0.0,84238290,FALSE,,Taxable,99381000000006196,IGST18,18.000000,136.80,ItemAmount,INTD,,service,,760.00,760.00,897.00,,Amal Assosiate,,Athira Sankar
99381000005692246,2022-07-05,DC-00414,others,Draft,,99381000000098082,Cochin,99381000000014794,ALUVA SCALES INC,KL,business_gst,32AAZFA1454F1ZI,false,Standard Template,INR,1.00,entity_level,true,0.000,0.00,,,,,,Sales,OEM Bench Motherboard,10.00,0.00,,76.00,0.00,0.0,84238290,FALSE,,Taxable,99381000000006208,GST18,18.000000,136.80,Tax Group,,,service,,760.00,760.00,897.00,,Amal Assosiate,,Athira Sankar
99381000005692290,2022-07-05,DC-00415,others,Draft,,99381000003083031,Head Office,99381000005470393,CS SCALE,KL,business_none,,false,Standard Template,INR,1.00,entity_level,true,0.000,0.00,Motherboard PF PC(Q),,99381000005650001,MPPQ,,Sales,,2.00,0.00,nos,150.00,0.00,0.0,84239020,FALSE,Head Office,Taxable,99381000000006208,GST18,18.000000,54.00,Tax Group,,,goods,,300.00,300.00,354.00,,Amal Assosiate,,Teslin
99381000005692300,2022-07-05,DC-00416,others,Draft,,99381000003083031,Head Office,99381000000126001,YELLOW SCALES,KL,business_gst,32CPDPS6051P1ZG,false,Standard Template,INR,1.00,entity_level,true,0.000,0.00,ECS5W SMPS 7V,,99381000000306148,ECS817,,Sales,,1.00,0.00,nos,950.00,0.00,0.0,84239020,FALSE,Head Office,Taxable,99381000000006208,GST18,18.000000,171.00,Tax Group,,,goods,,950.00,2550.00,3009.00,,Amal Assosiate,,Teslin
99381000005692300,2022-07-05,DC-00416,others,Draft,,99381000003083031,Head Office,99381000000126001,YELLOW SCALES,KL,business_gst,32CPDPS6051P1ZG,false,Standard Template,INR,1.00,entity_level,true,0.000,0.00,ECS5W DISPLAY SET FRONT,,99381000000306342,ECS808,,Sales,,1.00,0.00,nos,1600.00,0.00,0.0,84239020,FALSE,Head Office,Taxable,99381000000006208,GST18,18.000000,288.00,Tax Group,,,goods,,1600.00,2550.00,3009.00,,Amal Assosiate,,Teslin
99381000005692310,2022-07-05,DC-00417,others,Draft,,99381000003083031,Head Office,99381000000036062,TRAVANCORE SCALES SERVICES,KL,business_gst,32APBPN7027C2ZD,false,Standard Template,INR,1.00,entity_level,true,0.000,0.00,Q9LBL MOTHERBOARD WITH WIFI,,99381000005665050,Q8623,,Sales,,1.00,0.00,nos,7500.00,0.00,0.0,84239020,FALSE,Head Office,Taxable,99381000000006208,GST18,18.000000,1350.00,Tax Group,,,goods,,7500.00,7500.00,8850.00,,Amal Assosiate,,Teslin
99381000005692320,2022-07-05,DC-00418,others,Draft,,99381000003083031,Head Office,99381000000014794,ALUVA SCALES INC,KL,business_gst,32AAZFA1454F1ZI,false,Standard Template,INR,1.00,entity_level,true,0.000,0.00,ECS5W DISPLAY SET FRONT,,99381000000306342,ECS808,,Sales,,2.00,0.00,nos,1600.00,0.00,0.0,84239020,FALSE,Head Office,Taxable,99381000000006208,GST18,18.000000,576.00,Tax Group,,,goods,,3200.00,6400.00,7552.00,,Customer Pick,,Teslin
99381000005692320,2022-07-05,DC-00418,others,Draft,,99381000003083031,Head Office,99381000000014794,ALUVA SCALES INC,KL,business_gst,32AAZFA1454F1ZI,false,Standard Template,INR,1.00,entity_level,true,0.000,0.00,ECS5W PRINTER,,99381000000306297,ECS814,,Sales,,1.00,0.00,nos,3200.00,0.00,0.0,84239020,FALSE,Head Office,Taxable,99381000000006208,GST18,18.000000,576.00,Tax Group,,,goods,,3200.00,6400.00,7552.00,,Customer Pick,,Teslin
99381000005695132,2022-07-05,DC-00419,others,Draft,,99381000000098082,Cochin,99381000000584598,M.G. Scales,KL,business_gst,32ARDPJ4495Q1Z9,false,Standard Template,INR,1.00,entity_level,true,0.000,0.00,,,,,,Sales,OEM Bench Motherboard,10.00,0.00,,75.00,0.00,0.0,84239020,FALSE,,Taxable,99381000000006208,GST18,18.000000,135.00,Tax Group,,,service,,750.00,750.00,885.00,,Amal Assosiate,,Athira Sankar
99381000005707241,2022-07-07,DC-00420,others,Draft,,99381000000098082,Cochin,99381000000017031,EXATA BALANCE CO,KL,business_gst,32AAGFE6830Q1Z4,false,Standard Template,INR,1.00,entity_level,true,0.000,0.00,PRC CKN Display and Keypad Unit,,99381000005707114,PCDAKU,,Sales,,2.00,0.00,nos,255.00,0.00,0.0,84239020,FALSE,Cochin,Taxable,99381000000006208,GST18,18.000000,91.80,Tax Group,,,goods,,510.00,510.00,602.00,,Amal Assosiate,,Teslin
99381000005707251,2022-07-07,DC-00421,others,Draft,,99381000003083031,Head Office,99381000000151001,Dynamic Enterprises,KL,business_gst,32ATJPS7075B1ZN,false,Standard Template,INR,1.00,entity_level,true,0.000,0.00,PRC CKN Display and Keypad Unit,,99381000005707114,PCDAKU,,Sales,,2.00,0.00,nos,255.00,0.00,0.0,84239020,FALSE,Head Office,Taxable,99381000000006208,GST18,18.000000,91.80,Tax Group,,,goods,,510.00,510.00,602.00,,Amal Assosiate,,Teslin
99381000005735425,2022-07-08,DC-00422,others,Draft,,99381000000098082,Cochin,99381000000136578,DIGITAL SCALE,KL,business_gst,32AOLPN0287R2ZA,false,Standard Template,INR,1.00,entity_level,true,0.000,0.00,Loadcell 1000 kg 25 x35 4 HOLE,,99381000002001158,LC1000KG25X35,,Sales,,1.00,0.00,nos,2800.00,0.00,0.0,84239020,FALSE,Cochin,Taxable,99381000000006208,GST18,18.000000,504.00,Tax Group,,,goods,,2800.00,2800.00,3304.00,,APS,,Teslin
99381000005750082,2022-07-12,DC-00423,Supply on Approval,Draft,,99381000000098082,Cochin,99381000001091033,Electro Technologies,MH,business_gst,27BTXPB3804L1ZA,false,Spreadsheet,INR,1.00,entity_level,true,0.000,0.00,Platform Weighing Scale 30x34 SS,,99381000003938861,PFPC30X34SS,,Sales,Max : 50kg  e: 5g Class III,1.00,0.00,nos,2200.00,0.00,0.0,84238290,FALSE,Cochin,Taxable,99381000000006196,IGST18,18.000000,396.00,ItemAmount,INTD,,goods,,2200.00,26200.00,30916.00,,Delhivery,,Eldho
99381000005750082,2022-07-12,DC-00423,Supply on Approval,Draft,,99381000000098082,Cochin,99381000001091033,Electro Technologies,MH,business_gst,27BTXPB3804L1ZA,false,Spreadsheet,INR,1.00,entity_level,true,0.000,0.00,Platform scale -Bench,,99381000004179810,DY5030,,Sales,"Size : 30*34 Max: 50kg e: 5g
Dual display, LED RED display
",1.00,0.00,nos,1000.00,0.00,0.0,84238290,FALSE,Cochin,Taxable,99381000000006196,IGST18,18.000000,180.00,ItemAmount,INTD,,goods,,1000.00,26200.00,30916.00,,Delhivery,,Eldho
99381000005750082,2022-07-12,DC-00423,Supply on Approval,Draft,,99381000000098082,Cochin,99381000001091033,Electro Technologies,MH,business_gst,27BTXPB3804L1ZA,false,Spreadsheet,INR,1.00,entity_level,true,0.000,0.00,Analytical Balance 200g/0.0001g -External,,99381000003934056,YSA204E,,Sales,Model :YSA  SKU : YSA 2004E,1.00,0.00,nos,23000.00,0.00,0.0,90160020,FALSE,Cochin,Taxable,99381000000006196,IGST18,18.000000,4140.00,ItemAmount,INTD,,goods,,23000.00,26200.00,30916.00,,Delhivery,,Eldho
99381000005765067,2022-07-14,DC-00424,others,Draft,,99381000000098082,Cochin,99381000000747828,Venkatachalam,TN,business_gst,33AACPH9039A1Z8,false,Spreadsheet,INR,1.00,entity_level,true,0.000,0.00,Bill Printing scale Q8POS,,99381000000011617,ECS5W,,Sales,Make:YESWEIGH  Model:YS-30   Max:30kg  e:5g  Min:100g  Class:III,3.00,0.00,nos,16000.00,0.00,0.0,84231000,FALSE,Cochin,Taxable,99381000000006196,IGST18,18.000000,8640.00,ItemAmount,INTD,,goods,,48000.00,54850.00,64723.00,,Customer Pick,,Eldho
99381000005765067,2022-07-14,DC-00424,others,Draft,,99381000000098082,Cochin,99381000000747828,Venkatachalam,TN,business_gst,33AACPH9039A1Z8,false,Spreadsheet,INR,1.00,entity_level,true,0.000,0.00,Platform Weighing Scale-Normal Indicator,,99381000005611792,PF4050SS,,Sales,"Make:YESWEIGH Model : YSP PC
Max : 100kg  e: 10g Min :200gm
Class: III",1.00,0.00,nos,6850.00,0.00,0.0,84238290,FALSE,Cochin,Taxable,99381000000006196,IGST18,18.000000,1233.00,ItemAmount,INTD,,goods,,6850.00,54850.00,64723.00,,Customer Pick,,Eldho
99381000005765077,2022-07-14,DC-00425,others,Draft,,99381000000098082,Cochin,99381000000747828,Venkatachalam,TN,business_gst,33AACPH9039A1Z8,false,Standard Template,INR,1.00,entity_level,true,0.000,0.00,Bill Printing scale Q8POS,,99381000000011617,ECS5W,,Sales,Make:YESWEIGH  Model:YS-30   Max:30kg  e:5g  Min:100g  Class:III,3.00,0.00,nos,16000.00,0.00,0.0,84231000,FALSE,Cochin,Taxable,99381000000006196,IGST18,18.000000,8640.00,ItemAmount,INTD,,goods,,48000.00,79050.00,93279.00,,Customer Pick,,Eldho
99381000005765077,2022-07-14,DC-00425,others,Draft,,99381000000098082,Cochin,99381000000747828,Venkatachalam,TN,business_gst,33AACPH9039A1Z8,false,Standard Template,INR,1.00,entity_level,true,0.000,0.00,Label Printing scale Q9,,99381000000735165,TMAQ9,,Sales,Make:YESWEIGH  Model:YS-30   Max:30kg  e:5g  Min:100g  Class:III,1.00,0.00,nos,14500.00,0.00,0.0,84231000,FALSE,Cochin,Taxable,99381000000006196,IGST18,18.000000,2610.00,ItemAmount,INTD,,goods,,14500.00,79050.00,93279.00,,Customer Pick,,Eldho
99381000005765077,2022-07-14,DC-00425,others,Draft,,99381000000098082,Cochin,99381000000747828,Venkatachalam,TN,business_gst,33AACPH9039A1Z8,false,Standard Template,INR,1.00,entity_level,true,0.000,0.00,Electronic cash register,,99381000000194004,ECR,,Sales,,1.00,0.00,nos,9700.00,0.00,0.0,84701000,FALSE,Cochin,Taxable,99381000000006196,IGST18,18.000000,1746.00,ItemAmount,INTD,,goods,,9700.00,79050.00,93279.00,,Customer Pick,,Eldho
99381000005765077,2022-07-14,DC-00425,others,Draft,,99381000000098082,Cochin,99381000000747828,Venkatachalam,TN,business_gst,33AACPH9039A1Z8,false,Standard Template,INR,1.00,entity_level,true,0.000,0.00,Platform Weighing Scale-Normal Indicator,,99381000005611792,PF4050SS,,Sales,"Make:YESWEIGH Model : YSP PC
Max : 100kg  e: 10g Min :200gm
Class: III",1.00,0.00,nos,6850.00,0.00,0.0,84238290,FALSE,Cochin,Taxable,99381000000006196,IGST18,18.000000,1233.00,ItemAmount,INTD,,goods,,6850.00,79050.00,93279.00,,Customer Pick,,Eldho
99381000005765093,2022-07-14,DC-00426,others,Draft,,99381000000098082,Cochin,99381000000940238,INTERWEIGHING PVT. LTD.,KL,business_gst,32AAFCI1950F1ZZ,false,Standard Template,INR,1.00,entity_level,true,0.000,0.00,Platform Weighing Scale 40X50 SS,,99381000003938870,PFPC40X50SS,,Sales,"Make:YESWEIGH Model : YSP PC
Max : 100kg  e: 10g Min :200gm
Class: III",1.00,0.00,nos,6750.00,0.00,0.0,84238290,FALSE,Cochin,Taxable,99381000000006208,GST18,18.000000,1215.00,Tax Group,,,goods,,6750.00,7700.00,9086.00,,Customer Pick,,Eldho
99381000005765093,2022-07-14,DC-00426,others,Draft,,99381000000098082,Cochin,99381000000940238,INTERWEIGHING PVT. LTD.,KL,business_gst,32AAFCI1950F1ZZ,false,Standard Template,INR,1.00,entity_level,true,0.000,0.00,Indicator,,99381000005590121,IND202,,Sales,Display : Red ,1.00,0.00,nos,950.00,0.00,0.0,84238290,FALSE,Cochin,Taxable,99381000000006208,GST18,18.000000,171.00,Tax Group,,,goods,,950.00,7700.00,9086.00,,Customer Pick,,Eldho
99381000005850577,2022-07-23,DC-00427,others,Draft,,99381000003083031,Head Office,99381000000084508,ACE ELECTRONICS,KL,business_gst,32AAZFA3650P1ZV,false,Standard Template,INR,1.00,entity_level,true,0.000,0.00,Load Cell 40kg ATM PC/TOUCH/JUNIOR/WATERPROOF,,99381000000542288,APC208,,Sales,,2.00,0.00,pcs,160.00,0.00,0.0,84239020,FALSE,Head Office,Taxable,99381000000006208,GST18,18.000000,57.60,Tax Group,,,goods,,320.00,820.00,968.00,,Amal Assosiate,,Teslin
99381000005850577,2022-07-23,DC-00427,others,Draft,,99381000003083031,Head Office,99381000000084508,ACE ELECTRONICS,KL,business_gst,32AAZFA3650P1ZV,false,Standard Template,INR,1.00,entity_level,true,0.000,0.00,PLATFORM LOAD CELL 400 KG,,99381000001140770,PLCK40,,Sales,,1.00,0.00,nos,500.00,0.00,0.0,84239020,FALSE,Head Office,Taxable,99381000000006208,GST18,18.000000,90.00,Tax Group,,,goods,,500.00,820.00,968.00,,Amal Assosiate,,Teslin
99381000005867103,2022-07-26,DC-00428,others,Draft,,99381000000098082,Cochin,99381000002173957,SAI SYSTEM AND SERVICES,TN,business_gst,33ACCFS3099K1ZT,false,Standard Template,INR,1.00,entity_level,true,0.000,0.00,PLATFORM PRICE COMPUTING SCALE (GREEN),,99381000005432034,GG2204G,,Sales,"Make: YESWEIGH Model:YSP-50
Max:50kg e:5g Min:100g Class:III
Display : Green",1.00,0.00,nos,2350.00,0.00,0.0,84238290,FALSE,Cochin,Taxable,99381000000006196,IGST18,18.000000,423.00,ItemAmount,INTD,,goods,,2350.00,2350.00,2773.00,,ST courier ,,Biju B
99381000005884898,2022-07-28,DC-00429,others,Draft,,99381000000098082,Cochin,99381000002488001,S N TECHNOLOGY,UP,business_gst,09ADBFS0436J1Z2,false,Standard Template,INR,1.00,entity_level,true,0.000,0.00,Analytical Balance 220g /0.1mg,,99381000000205926,BSM2204,,Sales,"Make : YES WEIGH Model : YSA
e :1mg D: 0.1mg Min: 100mg",1.00,0.00,nos,19000.00,0.00,0.0,84231000,FALSE,Cochin,Taxable,99381000000006196,IGST18,18.000000,3420.00,ItemAmount,INTD,,goods,,19000.00,19000.00,22420.00,,Delhivery,,Shalima KT
99381000005886142,2022-07-29,DC-00430,others,Draft,,99381000000098082,Cochin,99381000000309611,KRAUS INSTRUMENTS,KL,business_gst,32AASFK0676Q1ZM,false,Standard Template,INR,1.00,entity_level,true,0.000,0.00,CCM DISPLAY UNIT FRONT,,99381000001563105,CCM101,,Sales,,1.00,0.00,nos,700.00,0.00,0.0,84239020,FALSE,Cochin,Taxable,99381000000006208,GST18,18.000000,126.00,Tax Group,,,goods,,700.00,8200.00,9676.00,,Amal Assosiate,,Teslin
99381000005886142,2022-07-29,DC-00430,others,Draft,,99381000000098082,Cochin,99381000000309611,KRAUS INSTRUMENTS,KL,business_gst,32AASFK0676Q1ZM,false,Standard Template,INR,1.00,entity_level,true,0.000,0.00,Q9LBL MOTHERBOARD WITH WIFI,,99381000005665050,Q8623,,Sales,,1.00,0.00,nos,7500.00,0.00,0.0,84239020,FALSE,Cochin,Taxable,99381000000006208,GST18,18.000000,1350.00,Tax Group,,,goods,,7500.00,8200.00,9676.00,,Amal Assosiate,,Teslin
99381000005901096,2022-07-30,DC-00431,others,Draft,,99381000003083031,Head Office,99381000000011046,GLOBAL DIGITAL SYSTEM,KL,consumer,,false,Standard Template,INR,1.00,entity_level,true,0.000,0.00,Loadcell 500 kg 25 x25- 40 mm 4 HOLE,,99381000002001119,LC500,,Sales,,1.00,0.00,nos,410.00,0.00,0.0,84239020,FALSE,Head Office,Taxable,99381000000006208,GST18,18.000000,73.80,Tax Group,,,goods,,410.00,911.00,1075.00,,Amal Assosiate,,Teslin
99381000005901096,2022-07-30,DC-00431,others,Draft,,99381000003083031,Head Office,99381000000011046,GLOBAL DIGITAL SYSTEM,KL,consumer,,false,Standard Template,INR,1.00,entity_level,true,0.000,0.00,PLATFORM LOAD CELL 400 KG,,99381000001140770,PLCK40,,Sales,,1.00,0.00,nos,500.00,0.00,0.0,84239020,FALSE,Head Office,Taxable,99381000000006208,GST18,18.000000,90.00,Tax Group,,,goods,,500.00,911.00,1075.00,,Amal Assosiate,,Teslin
99381000005901096,2022-07-30,DC-00431,others,Draft,,99381000003083031,Head Office,99381000000011046,GLOBAL DIGITAL SYSTEM,KL,consumer,,false,Standard Template,INR,1.00,entity_level,true,0.000,0.00,,,,,,Sales,Safal Motherboard,1.00,0.00,,1.00,0.00,0.0,84239020,FALSE,,Taxable,99381000000006208,GST18,18.000000,0.18,Tax Group,,,service,,1.00,911.00,1075.00,,Amal Assosiate,,Teslin
99381000005894279,2022-07-30,DC-00432,others,Draft,,99381000000098082,Cochin,99381000005894249,JHT ELECTRONICS,KL,business_none,,false,Spreadsheet,INR,1.00,entity_level,true,0.000,0.00,Indicator,,99381000005590121,IND202,,Sales,Display : Red ,1.00,0.00,nos,1200.00,0.00,0.0,84239021,FALSE,Cochin,Taxable,99381000000006208,GST18,18.000000,216.00,Tax Group,,,goods,,1200.00,1200.00,1416.00,,ST courier ,,Athira Sankar
99381000005929001,2022-08-03,DC-00433,Job Work,Draft,,99381000000098082,Cochin,99381000000154574,TAKYON SYSTEMS,KL,business_gst,32AANFT0176D1ZE,false,Standard Template,INR,1.00,entity_level,true,0.000,0.00,PLATFORM PRICE COMPUTING SCALE (GREEN),,99381000005432034,GG2204G,,Sales,"Make: YESWEIGH Model:YSP-50
Max:50kg e:5g Min:100g Class:III
Display : Green",16.00,0.00,nos,1150.00,0.00,0.0,84238290,FALSE,Cochin,Taxable,99381000000006208,GST18,18.000000,3312.00,Tax Group,,,goods,,18400.00,18400.00,21712.00,,Customer Pick,,Eldho
99381000005966001,2022-08-09,DC-00434,others,Draft,,99381000003083031,Head Office,99381000003949894,GK SCALES,KL,business_none,,false,Standard Template,INR,1.00,entity_level,true,0.000,0.00,Motherboard PF PC(Q),,99381000005650001,MPPQ,,Sales,,4.00,0.00,nos,150.00,0.00,0.0,84239020,FALSE,Head Office,Taxable,99381000000006208,GST18,18.000000,108.00,Tax Group,,,goods,,600.00,2035.00,2401.00,,Amal Assosiate,,Teslin
99381000005966001,2022-08-09,DC-00434,others,Draft,,99381000003083031,Head Office,99381000003949894,GK SCALES,KL,business_none,,false,Standard Template,INR,1.00,entity_level,true,0.000,0.00,PLATFORM Load Cell 200kg,,99381000001073039,PLC200,,Sales,,1.00,0.00,nos,400.00,0.00,0.0,84239020,FALSE,Head Office,Taxable,99381000000006208,GST18,18.000000,72.00,Tax Group,,,goods,,400.00,2035.00,2401.00,,Amal Assosiate,,Teslin
99381000005966001,2022-08-09,DC-00434,others,Draft,,99381000003083031,Head Office,99381000003949894,GK SCALES,KL,business_none,,false,Standard Template,INR,1.00,entity_level,true,0.000,0.00,Front and Back Display(Green) PFPC(Q),,99381000005707174,FABDGP,,Sales,,3.00,0.00,nos,345.00,0.00,0.0,84239020,FALSE,Head Office,Taxable,99381000000006208,GST18,18.000000,186.30,Tax Group,,,goods,,1035.00,2035.00,2401.00,,Amal Assosiate,,Teslin
99381000005975059,2022-08-10,DC-00435,others,Draft,,99381000003083031,Head Office,99381000000011046,GLOBAL DIGITAL SYSTEM,KL,consumer,,false,Standard Template,INR,1.00,entity_level,true,0.000,0.00,PLATFORM LOAD CELL 400 KG,,99381000001140770,PLCK40,,Sales,,1.00,0.00,nos,500.00,0.00,0.0,84239020,FALSE,Head Office,Taxable,99381000000006208,GST18,18.000000,90.00,Tax Group,,,goods,,500.00,910.00,1074.00,,Amal Assosiate,,Teslin
99381000005975059,2022-08-10,DC-00435,others,Draft,,99381000003083031,Head Office,99381000000011046,GLOBAL DIGITAL SYSTEM,KL,consumer,,false,Standard Template,INR,1.00,entity_level,true,0.000,0.00,Loadcell 500 kg 25 x25- 40 mm 4 HOLE,,99381000002001119,LC500,,Sales,,1.00,0.00,nos,410.00,0.00,0.0,84239020,FALSE,Head Office,Taxable,99381000000006208,GST18,18.000000,73.80,Tax Group,,,goods,,410.00,910.00,1074.00,,Amal Assosiate,,Teslin
99381000005986139,2022-08-12,DC-00436,others,Draft,,99381000003083031,Head Office,99381000002163337,THRASSITTY,KL,business_none,,false,Standard Template,INR,1.00,entity_level,true,0.000,0.00,Bench Green Motherboard,,99381000004929443,BGC203,,Sales,RED,4.00,0.00,nos,180.00,0.00,0.0,84239020,FALSE,Head Office,Taxable,99381000000006208,GST18,18.000000,129.60,Tax Group,,,goods,,720.00,2480.00,3004.00,,Amal Assosiate,,Teslin
99381000005986139,2022-08-12,DC-00436,others,Draft,,99381000003083031,Head Office,99381000002163337,THRASSITTY,KL,business_none,,false,Standard Template,INR,1.00,entity_level,true,0.000,0.00,Bench Green Front & Back Display,,99381000004929452,BGC204,,Sales,RED,4.00,0.00,nos,245.00,0.00,0.0,84239020,FALSE,Head Office,Taxable,99381000000006208,GST18,18.000000,176.40,Tax Group,,,goods,,980.00,2480.00,3004.00,,Amal Assosiate,,Teslin
99381000005986139,2022-08-12,DC-00436,others,Draft,,99381000003083031,Head Office,99381000002163337,THRASSITTY,KL,business_none,,false,Standard Template,INR,1.00,entity_level,true,0.000,0.00,ATM PC / BENCH PC BATTERY 4V  4.5AH,,99381000000691252,APC209,,Sales,,4.00,0.00,nos,195.00,0.00,0.0,85068090,FALSE,Head Office,Taxable,99381000000006224,GST28,28.000000,218.40,Tax Group,,,goods,,780.00,2480.00,3004.00,,Amal Assosiate,,Teslin
99381000005996057,2022-08-12,DC-00437,others,Draft,,99381000003083031,Head Office,99381000000126001,YELLOW SCALES,KL,business_gst,32CPDPS6051P1ZG,false,Standard Template,INR,1.00,entity_level,true,0.000,0.00,Loadcell 500 kg 25 x25- 40 mm 4 HOLE,,99381000002001119,LC500,,Sales,,1.00,0.00,nos,410.00,0.00,0.0,84239020,FALSE,Head Office,Taxable,99381000000006208,GST18,18.000000,73.80,Tax Group,,,goods,,410.00,560.00,661.00,,Customer Pick,,Teslin
99381000005996057,2022-08-12,DC-00437,others,Draft,,99381000003083031,Head Office,99381000000126001,YELLOW SCALES,KL,business_gst,32CPDPS6051P1ZG,false,Standard Template,INR,1.00,entity_level,true,0.000,0.00,ATM JUNIOR FRONT DISPLAY (BI COLOR),,99381000001991051,AJFDBC,,Sales,,1.00,0.00,nos,150.00,0.00,0.0,84239020,FALSE,Head Office,Taxable,99381000000006208,GST18,18.000000,27.00,Tax Group,,,goods,,150.00,560.00,661.00,,Customer Pick,,Teslin
99381000006005007,2022-08-13,DC-00438,others,Draft,,99381000003083031,Head Office,99381000000231096,Victory Scales,KL,business_gst,32AAAAV1247P1ZC,false,Standard Template,INR,1.00,entity_level,true,0.000,0.00,ECS5W DISPLAY SET FRONT,,99381000000306342,ECS808,,Sales,,2.00,0.00,nos,1600.00,0.00,0.0,84239020,FALSE,Head Office,Taxable,99381000000006208,GST18,18.000000,576.00,Tax Group,,,goods,,3200.00,3200.00,3776.00,,Customer Pick,,Teslin
99381000006005017,2022-08-13,DC-00439,others,Draft,,99381000003083031,Head Office,99381000000406011,VIRTUE SYSTEM & TECHNOLOGIES,KL,business_gst,32GXGPS8764A1Z8,false,Standard Template,INR,1.00,entity_level,true,0.000,0.00,ECS5W DISPLAY SET FRONT,,99381000000306342,ECS808,,Sales,,2.00,0.00,nos,1600.00,0.00,0.0,84239020,FALSE,Head Office,Taxable,99381000000006208,GST18,18.000000,576.00,Tax Group,,,goods,,3200.00,3200.00,3776.00,,Customer Pick,,Teslin
99381000006005027,2022-08-13,DC-00440,others,Draft,,99381000003083031,Head Office,99381000001357416,V K ELECTRONICS,KL,business_gst,32BOXPV4134E1ZN,false,Standard Template,INR,1.00,entity_level,true,0.000,0.00,Bench Green Motherboard,,99381000004929443,BGC203,,Sales,,5.00,0.00,nos,180.00,0.00,0.0,84239020,FALSE,Head Office,Taxable,99381000000006208,GST18,18.000000,162.00,Tax Group,,,goods,,900.00,1875.00,2310.00,,Amal Assosiate,,Teslin
99381000006005027,2022-08-13,DC-00440,others,Draft,,99381000003083031,Head Office,99381000001357416,V K ELECTRONICS,KL,business_gst,32BOXPV4134E1ZN,false,Standard Template,INR,1.00,entity_level,true,0.000,0.00,ATM PC / BENCH PC BATTERY 4V  4.5AH,,99381000000691252,APC209,,Sales,,5.00,0.00,nos,195.00,0.00,0.0,85068090,FALSE,Head Office,Taxable,99381000000006224,GST28,28.000000,273.00,Tax Group,,,goods,,975.00,1875.00,2310.00,,Amal Assosiate,,Teslin
99381000006016125,2022-08-16,DC-00441,others,Draft,,99381000003083031,Head Office,99381000005908005,RP Enterprises,HR,business_gst,06BATPK3296C1ZH,false,Standard Template,INR,1.00,entity_level,true,0.000,0.00,ATM/BENCH PC MOTHER BOARD,,99381000000313080,BPC114,,Sales,,2.00,0.00,nos,150.00,0.00,0.0,84239020,FALSE,Head Office,Taxable,99381000000006196,IGST18,18.000000,54.00,ItemAmount,INTD,,goods,,300.00,660.00,779.00,,VRL,,Teslin
99381000006016125,2022-08-16,DC-00441,others,Draft,,99381000003083031,Head Office,99381000005908005,RP Enterprises,HR,business_gst,06BATPK3296C1ZH,false,Standard Template,INR,1.00,entity_level,true,0.000,0.00,Bench PLT Motherboard,,99381000004416019,BENCHP,,Sales,,2.00,0.00,nos,180.00,0.00,0.0,84239020,FALSE,Head Office,Taxable,99381000000006196,IGST18,18.000000,64.80,ItemAmount,INTD,,goods,,360.00,660.00,779.00,,VRL,,Teslin
99381000006016137,2022-08-16,DC-00442,others,Draft,,99381000003083031,Head Office,99381000000940238,INTERWEIGHING PVT. LTD.,KL,business_gst,32AAFCI1950F1ZZ,false,Standard Template,INR,1.00,entity_level,true,0.000,0.00,Li Battery,,99381000005650035,LIBATT,,Sales,,3.00,0.00,nos,100.00,0.00,0.0,84239020,FALSE,Head Office,Taxable,99381000000006208,GST18,18.000000,54.00,Tax Group,,,goods,,300.00,1410.00,1664.00,,Customer Pick,,Teslin
99381000006016137,2022-08-16,DC-00442,others,Draft,,99381000003083031,Head Office,99381000000940238,INTERWEIGHING PVT. LTD.,KL,business_gst,32AAFCI1950F1ZZ,false,Standard Template,INR,1.00,entity_level,true,0.000,0.00,Motherboard PF PC(Q),,99381000005650001,MPPQ,,Sales,,3.00,0.00,nos,150.00,0.00,0.0,84239020,FALSE,Head Office,Taxable,99381000000006208,GST18,18.000000,81.00,Tax Group,,,goods,,450.00,1410.00,1664.00,,Customer Pick,,Teslin
99381000006016137,2022-08-16,DC-00442,others,Draft,,99381000003083031,Head Office,99381000000940238,INTERWEIGHING PVT. LTD.,KL,business_gst,32AAFCI1950F1ZZ,false,Standard Template,INR,1.00,entity_level,true,0.000,0.00,Load Cell 130 KG,,99381000001577049,BPC118,,Sales,,3.00,0.00,nos,220.00,0.00,0.0,84239020,FALSE,Head Office,Taxable,99381000000006208,GST18,18.000000,118.80,Tax Group,,,goods,,660.00,1410.00,1664.00,,Customer Pick,,Teslin
99381000006019023,2022-08-16,DC-00443,others,Draft,,99381000003083031,Head Office,99381000005639025,SCALES INDIA,KL,business_gst,32BDNPA9118A1Z3,false,Standard Template,INR,1.00,entity_level,true,0.000,0.00,Bench Green Front & Back Display,,99381000004929452,BGC204,,Sales,red,1.00,0.00,nos,245.00,0.00,0.0,84239020,FALSE,Head Office,Taxable,99381000000006208,GST18,18.000000,44.10,Tax Group,,,goods,,245.00,245.00,289.00,,Amal Assosiate,,Teslin
99381000006019033,2022-08-16,DC-00444,others,Draft,,99381000003083031,Head Office,99381000000639001,BEE N BEE SCALES AND MACHINES,KL,business_gst,32AWUPB4907B1ZW,false,Standard Template,INR,1.00,entity_level,true,0.000,0.00,Front and Back Display(Green) PFPC(Q),,99381000005707174,FABDGP,,Sales,,5.00,0.00,nos,345.00,0.00,0.0,84239020,FALSE,Head Office,Taxable,99381000000006208,GST18,18.000000,310.50,Tax Group,,,goods,,1725.00,1725.00,2036.00,,Amal Assosiate,,Teslin
99381000006019043,2022-08-16,DC-00445,others,Draft,,99381000003083031,Head Office,99381000001542136,Clarion Systems,KL,business_gst,32AMHPV4309C1ZB,false,Standard Template,INR,1.00,entity_level,true,0.000,0.00,Bench PLT Loadcell 350kg,,99381000004416046,PLC350,,Sales,,1.00,0.00,nos,360.00,0.00,0.0,84239020,FALSE,Head Office,Taxable,99381000000006208,GST18,18.000000,64.80,Tax Group,,,goods,,360.00,360.00,425.00,,Amal Assosiate,,Teslin
99381000006030011,2022-08-17,DC-00446,others,Draft,,99381000003083031,Head Office,99381000002163337,THRASSITTY,KL,business_none,,false,Standard Template,INR,1.00,entity_level,true,0.000,0.00,Bench Green Front & Back Display,,99381000004929452,BGC204,,Sales,red,1.00,0.00,nos,245.00,0.00,0.0,84239020,FALSE,Head Office,Taxable,99381000000006208,GST18,18.000000,44.10,Tax Group,,,goods,,245.00,1075.00,1308.00,,Amal Assosiate,,Teslin
99381000006030011,2022-08-17,DC-00446,others,Draft,,99381000003083031,Head Office,99381000002163337,THRASSITTY,KL,business_none,,false,Standard Template,INR,1.00,entity_level,true,0.000,0.00,ATM PC / BENCH PC BATTERY 4V  4.5AH,,99381000000691252,APC209,,Sales,,2.00,0.00,nos,195.00,0.00,0.0,85068090,FALSE,Head Office,Taxable,99381000000006224,GST28,28.000000,109.20,Tax Group,,,goods,,390.00,1075.00,1308.00,,Amal Assosiate,,Teslin
99381000006030011,2022-08-17,DC-00446,others,Draft,,99381000003083031,Head Office,99381000002163337,THRASSITTY,KL,business_none,,false,Standard Template,INR,1.00,entity_level,true,0.000,0.00,Load Cell 130 KG,,99381000001577049,BPC118,,Sales,,2.00,0.00,nos,220.00,0.00,0.0,84239020,FALSE,Head Office,Taxable,99381000000006208,GST18,18.000000,79.20,Tax Group,,,goods,,440.00,1075.00,1308.00,,Amal Assosiate,,Teslin
99381000006059073,2022-08-22,DC-00447,others,Draft,,99381000003083031,Head Office,99381000000116459,SANIA SYSTEMS,KA,business_gst,29ABSFS3566Q1ZW,false,Standard Template,INR,1.00,entity_level,true,0.000,0.00,ATM PC / BENCH PC BATTERY 4V  4.5AH,,99381000000691252,APC209,,Sales,,10.00,0.00,nos,195.00,0.00,0.0,85068090,FALSE,Head Office,Taxable,99381000000006212,IGST28,28.000000,546.00,ItemAmount,INTD,,goods,,1950.00,3585.00,4425.00,,Amal Assosiate,,Teslin
99381000006059073,2022-08-22,DC-00447,others,Draft,,99381000003083031,Head Office,99381000000116459,SANIA SYSTEMS,KA,business_gst,29ABSFS3566Q1ZW,false,Standard Template,INR,1.00,entity_level,true,0.000,0.00,Bench Green Motherboard,,99381000004929443,BGC203,,Sales,,5.00,0.00,nos,180.00,0.00,0.0,84239020,FALSE,Head Office,Taxable,99381000000006196,IGST18,18.000000,162.00,ItemAmount,INTD,,goods,,900.00,3585.00,4425.00,,Amal Assosiate,,Teslin
99381000006059073,2022-08-22,DC-00447,others,Draft,,99381000003083031,Head Office,99381000000116459,SANIA SYSTEMS,KA,business_gst,29ABSFS3566Q1ZW,false,Standard Template,INR,1.00,entity_level,true,0.000,0.00,Bench Green Front & Back Display,,99381000004929452,BGC204,,Sales,,3.00,0.00,nos,245.00,0.00,0.0,84239020,FALSE,Head Office,Taxable,99381000000006196,IGST18,18.000000,132.30,ItemAmount,INTD,,goods,,735.00,3585.00,4425.00,,Amal Assosiate,,Teslin
99381000006059177,2022-08-22,DC-00448,others,Draft,,99381000000098082,Cochin,99381000001485053,Pilot Scales & Hardwares,TN,business_gst,33ATJPN8487E1ZA,false,Standard Template,INR,1.00,entity_level,true,0.000,0.00,Shear Beam Loadcell(CH) 2 T With Foot,,99381000004298701,SBLI20,,Sales,,1.00,0.00,nos,500.00,0.00,0.0,84239020,FALSE,Cochin,Taxable,99381000000006196,IGST18,18.000000,90.00,ItemAmount,INTD,,goods,,500.00,500.00,590.00,,Amal Assosiate,,Teslin
99381000006084075,2022-08-24,DC-00449,others,Draft,,99381000003083031,Head Office,99381000002549012,ROYAL SCALES,KL,business_none,,false,Standard Template,INR,1.00,entity_level,true,0.000,0.00,ATM PC KEYPAD BOARD,,99381000000313040,APC202,,Sales,,1.00,0.00,nos,120.00,0.00,0.0,84239020,FALSE,Head Office,Taxable,99381000000006208,GST18,18.000000,21.60,Tax Group,,,goods,,120.00,270.00,319.00,,Amal Assosiate,,Teslin
99381000006084075,2022-08-24,DC-00449,others,Draft,,99381000003083031,Head Office,99381000002549012,ROYAL SCALES,KL,business_none,,false,Standard Template,INR,1.00,entity_level,true,0.000,0.00,ATM JUNIOR FRONT DISPLAY (BI COLOR),,99381000001991051,AJFDBC,,Sales,,1.00,0.00,nos,150.00,0.00,0.0,84239020,FALSE,Head Office,Taxable,99381000000006208,GST18,18.000000,27.00,Tax Group,,,goods,,150.00,270.00,319.00,,Amal Assosiate,,Teslin
99381000006149165,2022-08-31,DC-00450,others,Draft,,99381000003083031,Head Office,99381000003493071,YESWEIGH SOLUTIONS LLP,KL,business_gst,32AACFY7757L1ZM,false,Standard Template,INR,1.00,entity_level,true,0.000,0.00,Motherboard PF PC(Q),,99381000005650001,MPPQ,,Sales,,2.00,0.00,nos,150.00,0.00,0.0,84239020,FALSE,Head Office,Taxable,99381000000006208,GST18,18.000000,54.00,Tax Group,,,goods,,300.00,575.00,679.00,,Amal Assosiate,,Teslin
99381000006149165,2022-08-31,DC-00450,others,Draft,,99381000003083031,Head Office,99381000003493071,YESWEIGH SOLUTIONS LLP,KL,business_gst,32AACFY7757L1ZM,false,Standard Template,INR,1.00,entity_level,true,0.000,0.00,Front and Back Display((Red) PFPC(Q),,99381000005707129,FABDRP,,Sales,,1.00,0.00,nos,275.00,0.00,0.0,84239020,FALSE,Head Office,Taxable,99381000000006208,GST18,18.000000,49.50,Tax Group,,,goods,,275.00,575.00,679.00,,Amal Assosiate,,Teslin
99381000006149183,2022-08-31,DC-00451,others,Draft,,99381000003083031,Head Office,99381000003962053,MODERN BUSINESS EQUIPMENT & SERVICES PVT LTD.,HP,business_gst,02AAECM9272F1ZK,false,Standard Template,INR,1.00,entity_level,true,0.000,0.00,BODY SET ATM JUNIOR,,99381000001656758,BSAJ,,Sales,,1.00,0.00,nos,400.00,0.00,0.0,84239020,FALSE,Head Office,Taxable,99381000000006196,IGST18,18.000000,72.00,ItemAmount,INTD,,goods,,400.00,400.00,472.00,,Amal Assosiate,,Teslin
99381000006193099,2022-09-06,DC-00452,others,Draft,,99381000003083031,Head Office,99381000001043027,HI TECH ENTERPRISES,KL,business_gst,32AMFPR7983N1Z8,false,Standard Template,INR,1.00,entity_level,true,0.000,0.00,Loadcell 80 kg:130mm,,99381000002001040,LK8013,,Sales,,1.00,0.00,nos,180.00,0.00,0.0,84239020,FALSE,Head Office,Taxable,99381000000006208,GST18,18.000000,32.40,Tax Group,,,goods,,180.00,180.00,212.00,,Amal Assosiate,,Teslin
99381000006221079,2022-09-12,DC-00453,others,Draft,,99381000003083031,Head Office,99381000003216035,SOUTHERN SCALES COMPANY,MH,business_gst,27AIAPN0349P1ZY,false,Standard Template,INR,1.00,entity_level,true,0.000,0.00,Q8/Q9LBL KEYPAD BOARD,,99381000001663109,Q8605,,Sales,,1.00,0.00,nos,1100.00,0.00,0.0,84239020,FALSE,Head Office,Taxable,99381000000006196,IGST18,18.000000,198.00,ItemAmount,INTD,,goods,,1100.00,1100.00,1298.00,,Amal Assosiate,,Teslin
99381000006219447,2022-09-13,DC-00454,others,Draft,,99381000000098082,Cochin,99381000005559987,PIONEER WEIGHING MACHINE & TRADERS,MH,business_gst,27AANFP3838N1ZH,false,Standard Template,INR,1.00,entity_level,true,0.000,0.00,ATM PC / BENCH PC BATTERY 4V  4.5AH,,99381000000691252,APC209,,Sales,,2.00,0.00,nos,195.00,0.00,0.0,85068090,FALSE,Cochin,Taxable,99381000000006212,IGST28,28.000000,109.20,ItemAmount,INTD,,goods,,390.00,390.00,499.00,,Amal Assosiate,,Teslin
99381000006228031,2022-09-13,DC-00455,others,Draft,,99381000003083031,Head Office,99381000000126001,YELLOW SCALES,KL,business_gst,32CPDPS6051P1ZG,false,Standard Template,INR,1.00,entity_level,true,0.000,0.00,Motherboard PF PC(Q),,99381000005650001,MPPQ,,Sales,,2.00,0.00,nos,150.00,0.00,0.0,84239020,FALSE,Head Office,Taxable,99381000000006208,GST18,18.000000,54.00,Tax Group,,,goods,,300.00,300.00,354.00,,Amal Assosiate,,Teslin
99381000006228041,2022-09-13,DC-00456,others,Draft,,99381000003083031,Head Office,99381000004618029,AMBA BHAWANI TRADERS,MH,business_gst,27HTOPS9257K1ZF,false,Standard Template,INR,1.00,entity_level,true,0.000,0.00,PLATFORM LOAD CELL 400 KG,,99381000001140770,PLCK40,,Sales,,1.00,0.00,nos,500.00,0.00,0.0,84239020,FALSE,Head Office,Taxable,99381000000006196,IGST18,18.000000,90.00,ItemAmount,INTD,,goods,,500.00,500.00,590.00,,Amal Assosiate,,Teslin
99381000006233001,2022-09-14,DC-00457,others,Draft,,99381000000098082,Cochin,99381000002699599,MADHU MADHAV TRADER'S ,KA,business_gst,29ASKPS4345L1ZZ,false,Standard Template,INR,1.00,entity_level,true,0.000,0.00,ATM PC / BENCH PC BATTERY 4V  4.5AH,,99381000000691252,APC209,,Sales,,2.00,0.00,nos,195.00,0.00,0.0,85068090,FALSE,Cochin,Taxable,99381000000006212,IGST28,28.000000,109.20,ItemAmount,INTD,,goods,,390.00,390.00,499.00,,VRL,,Biju B
99381000006256740,2022-09-17,DC-00458,others,Draft,,99381000003083031,Head Office,99381000001575397,Erros Weighing Industries,TN,business_gst,33DCAPM7215J1ZP,false,Standard Template,INR,1.00,entity_level,true,0.000,0.00,Q8/Q9 LABEL SMPS 20V,,99381000001455323,Q8604,,Sales,,1.00,0.00,nos,1400.00,0.00,0.0,84239020,FALSE,Head Office,Taxable,99381000000006196,IGST18,18.000000,252.00,ItemAmount,INTD,,goods,,1400.00,1400.00,1652.00,,Amal Assosiate,,Biju B
99381000006246565,2022-09-17,DC-00459,others,Draft,,99381000003083031,Head Office,99381000001820570,ACCESS TECHNOLOGIES,TS,business_gst,36AIWPR1944A1Z1,false,Standard Template,INR,1.00,entity_level,true,0.000,0.00,ECS5W DOT  MATRIX DISPLAY,,99381000001687432,ECS826,,Sales,,5.00,0.00,nos,750.00,0.00,0.0,84239020,FALSE,Head Office,Taxable,99381000000006196,IGST18,18.000000,675.00,ItemAmount,INTD,,goods,,3750.00,3750.00,4425.00,,Amal Assosiate,,Teslin
99381000006279001,2022-09-21,DC-00460,others,Draft,,99381000000098082,Cochin,99381000002699599,MADHU MADHAV TRADER'S ,KA,business_gst,29ASKPS4345L1ZZ,false,Standard Template,INR,1.00,entity_level,true,0.000,0.00,PLATFORM LOAD CELL 400 KG,,99381000001140770,PLCK40,,Sales,,1.00,0.00,nos,500.00,0.00,0.0,84239020,FALSE,Cochin,Taxable,99381000000006196,IGST18,18.000000,90.00,ItemAmount,INTD,,goods,,500.00,500.00,590.00,,Amal Assosiate,,Teslin
99381000006279011,2022-09-21,DC-00461,others,Draft,,99381000000098082,Cochin,99381000002173957,SAI SYSTEM AND SERVICES,TN,business_gst,33ACCFS3099K1ZT,false,Standard Template,INR,1.00,entity_level,true,0.000,0.00,Bench PC Step Down Transformer (Output: 6.5v AC),,99381000000542161,TRF6V,,Sales,,2.00,0.00,pcs,90.00,0.00,0.0,84239020,FALSE,Cochin,Taxable,99381000000006196,IGST18,18.000000,32.40,ItemAmount,INTD,,goods,,180.00,180.00,212.00,,Amal Assosiate,,Teslin
99381000006282094,2022-09-22,DC-00462,others,Draft,,99381000003083031,Head Office,99381000000116459,SANIA SYSTEMS,KA,business_gst,29ABSFS3566Q1ZW,false,Standard Template,INR,1.00,entity_level,true,0.000,0.00,ECS5W DOT  MATRIX DISPLAY,,99381000001687432,ECS826,,Sales,,5.00,0.00,nos,750.00,0.00,0.0,84239020,FALSE,Head Office,Taxable,99381000000006196,IGST18,18.000000,675.00,ItemAmount,INTD,,goods,,3750.00,3750.00,4425.00,,Amal Assosiate,,Teslin
99381000006307041,2022-09-26,DC-00463,others,Draft,,99381000003083031,Head Office,99381000001907505,Al Awwal International,JK,business_gst,01EHPPS4732F1Z9,false,Standard Template,INR,1.00,entity_level,true,0.000,0.00,Shear Beam Loadcell(CH) 0.5T With Foot,,99381000004266331,SBLI50,,Sales,,4.00,0.00,nos,500.00,0.00,0.0,84239020,FALSE,Head Office,Taxable,99381000000006196,IGST18,18.000000,360.00,ItemAmount,INTD,,goods,,2000.00,2000.00,2360.00,,Amal Assosiate,,Teslin
99381000006307083,2022-09-26,DC-00464,others,Draft,,99381000003083031,Head Office,99381000000036062,TRAVANCORE SCALES SERVICES,KL,business_gst,32APBPN7027C2ZD,false,Standard Template,INR,1.00,entity_level,true,0.000,0.00,Shear Beam Loadcell(CH) 0.5T With Foot,,99381000004266331,SBLI50,,Sales,,4.00,0.00,nos,500.00,0.00,0.0,84239020,FALSE,Head Office,Taxable,99381000000006208,GST18,18.000000,360.00,Tax Group,,,goods,,2000.00,2000.00,2360.00,,Amal Assosiate,,Teslin
99381000006377023,2022-10-01,DC-00465,others,Draft,,99381000000098082,Cochin,99381000006104005,SANDEEP SCALE,MH,business_gst,27ASNPN7368M1ZQ,false,Standard Template,INR,1.00,entity_level,true,0.000,0.00,Body set ATM PC,,99381000001662112,APC211,,Sales,,1.00,0.00,nos,300.00,0.00,0.0,84239020,FALSE,Cochin,Taxable,99381000000006196,IGST18,18.000000,54.00,ItemAmount,INTD,,goods,,300.00,300.00,354.00,,Amal Assosiate,,Teslin
99381000006386101,2022-10-07,DC-00466,others,Draft,,99381000003083031,Head Office,99381000005559987,PIONEER WEIGHING MACHINE & TRADERS,MH,business_gst,27AANFP3838N1ZH,false,Standard Template,INR,1.00,entity_level,true,0.000,0.00,Bench PLT Keypad,,99381000004416010,BPLT002,,Sales,,1.00,0.00,nos,245.00,0.00,0.0,84239020,FALSE,Head Office,Taxable,99381000000006196,IGST18,18.000000,44.10,ItemAmount,INTD,,goods,,245.00,245.00,289.00,,ST courier ,,Teslin
99381000006386149,2022-10-08,DC-00467,others,Draft,,99381000003083031,Head Office,99381000002549012,ROYAL SCALES,KL,business_none,,false,Standard Template,INR,1.00,entity_level,true,0.000,0.00,Li Battery Adaptor,,99381000005650016,QPFPC010,,Sales,,1.00,0.00,nos,90.00,0.00,0.0,84239020,FALSE,Head Office,Taxable,99381000000006208,GST18,18.000000,16.20,Tax Group,,,goods,,90.00,90.00,106.00,,Amal Assosiate,,Teslin
99381000006392849,2022-10-11,DC-00468,Supply on Approval,Draft,,99381000000098082,Cochin,99381000000940238,INTERWEIGHING PVT. LTD.,KL,business_gst,32AAFCI1950F1ZZ,false,Standard Template,INR,1.00,entity_level,true,0.000,0.00,Platform Scale Full SS,,99381000004179819,YS5010SS,,Sales,Capacity :50kg/5g Double display(LED) Size 30*34 Full SS,1.00,0.00,nos,3750.00,0.00,0.0,84238290,FALSE,Cochin,Taxable,99381000000006208,GST18,18.000000,675.00,Tax Group,,,goods,,3750.00,34430.00,40627.00,,Customer Pick,,Eldho
99381000006392849,2022-10-11,DC-00468,Supply on Approval,Draft,,99381000000098082,Cochin,99381000000940238,INTERWEIGHING PVT. LTD.,KL,business_gst,32AAFCI1950F1ZZ,false,Standard Template,INR,1.00,entity_level,true,0.000,0.00,PLATFORM PRICE COMPUTING SCALE (RED),,99381000005432019,GR2204R,,Sales,"Make: YESWEIGH Model:YSP-50
Max:50kg e:5g Min:100g Class:III
Display : Red",1.00,0.00,nos,2300.00,0.00,0.0,84238290,FALSE,Cochin,Taxable,99381000000006208,GST18,18.000000,414.00,Tax Group,,,goods,,2300.00,34430.00,40627.00,,Customer Pick,,Eldho
99381000006392849,2022-10-11,DC-00468,Supply on Approval,Draft,,99381000000098082,Cochin,99381000000940238,INTERWEIGHING PVT. LTD.,KL,business_gst,32AAFCI1950F1ZZ,false,Standard Template,INR,1.00,entity_level,true,0.000,0.00,ECONOMIC BENCH MS,,99381000006175159,BY5039,,Sales,"Size : 30*34 Max: 50kg e: 5g
Dual display, LED RED display,Foldable platform",1.00,0.00,nos,1950.00,0.00,0.0,84238190,FALSE,Cochin,Taxable,99381000000006208,GST18,18.000000,351.00,Tax Group,,,goods,,1950.00,34430.00,40627.00,,Customer Pick,,Eldho
99381000006392849,2022-10-11,DC-00468,Supply on Approval,Draft,,99381000000098082,Cochin,99381000000940238,INTERWEIGHING PVT. LTD.,KL,business_gst,32AAFCI1950F1ZZ,false,Standard Template,INR,1.00,entity_level,true,0.000,0.00,Price Computing Scale with Pole-Green,,99381000005338212,ATMPCPBY828B,,Sales,Make :YESWEIGH  Capacity : 30kg/5g Display : Green,1.00,0.00,nos,2200.00,0.00,0.0,84238290,FALSE,Cochin,Taxable,99381000000006208,GST18,18.000000,396.00,Tax Group,,,goods,,2200.00,34430.00,40627.00,,Customer Pick,,Eldho
99381000006392849,2022-10-11,DC-00468,Supply on Approval,Draft,,99381000000098082,Cochin,99381000000940238,INTERWEIGHING PVT. LTD.,KL,business_gst,32AAFCI1950F1ZZ,false,Standard Template,INR,1.00,entity_level,true,0.000,0.00,Price Computing Scale-W,,99381000000035371,ATMPCW,,Sales,"Make: YESWEIGH Model: YSP-20
Max:20kg  e:2g  Min:40g  Class:III",1.00,0.00,nos,2500.00,0.00,0.0,84231000,FALSE,Cochin,Taxable,99381000000006208,GST18,18.000000,450.00,Tax Group,,,goods,,2500.00,34430.00,40627.00,,Customer Pick,,Eldho
99381000006392849,2022-10-11,DC-00468,Supply on Approval,Draft,,99381000000098082,Cochin,99381000000940238,INTERWEIGHING PVT. LTD.,KL,business_gst,32AAFCI1950F1ZZ,false,Standard Template,INR,1.00,entity_level,true,0.000,0.00,ELECTRONIC WEIGHING SCALE 600g/1mg,,99381000005907086,JW600,,Sales,Capacity : 600g/1mg Display : Green,1.00,0.00,nos,3300.00,0.00,0.0,84239020,FALSE,Cochin,Taxable,99381000000006208,GST18,18.000000,594.00,Tax Group,,,goods,,3300.00,34430.00,40627.00,,Customer Pick,,Eldho
99381000006392849,2022-10-11,DC-00468,Supply on Approval,Draft,,99381000000098082,Cochin,99381000000940238,INTERWEIGHING PVT. LTD.,KL,business_gst,32AAFCI1950F1ZZ,false,Standard Template,INR,1.00,entity_level,true,0.000,0.00,ELECTRONIC WEIGHING SCALE 2000g/1mg,,99381000005907101,JW2000,,Sales,Capacity : 2000g/1mg Display : Green,1.00,0.00,nos,4200.00,0.00,0.0,84239020,FALSE,Cochin,Taxable,99381000000006208,GST18,18.000000,756.00,Tax Group,,,goods,,4200.00,34430.00,40627.00,,Customer Pick,,Eldho
99381000006392849,2022-10-11,DC-00468,Supply on Approval,Draft,,99381000000098082,Cochin,99381000000940238,INTERWEIGHING PVT. LTD.,KL,business_gst,32AAFCI1950F1ZZ,false,Standard Template,INR,1.00,entity_level,true,0.000,0.00,IRON SEALING MACHINE 20CM,,99381000005907116,SM20,,Sales,,1.00,0.00,nos,1100.00,0.00,0.0,84239020,FALSE,Cochin,Taxable,99381000000006208,GST18,18.000000,198.00,Tax Group,,,goods,,1100.00,34430.00,40627.00,,Customer Pick,,Eldho
99381000006392849,2022-10-11,DC-00468,Supply on Approval,Draft,,99381000000098082,Cochin,99381000000940238,INTERWEIGHING PVT. LTD.,KL,business_gst,32AAFCI1950F1ZZ,false,Standard Template,INR,1.00,entity_level,true,0.000,0.00,IRON SEALING MACHINE 30CM,,99381000005907131,SM30,,Sales,,1.00,0.00,nos,1430.00,0.00,0.0,84239020,FALSE,Cochin,Taxable,99381000000006208,GST18,18.000000,257.40,Tax Group,,,goods,,1430.00,34430.00,40627.00,,Customer Pick,,Eldho
99381000006392849,2022-10-11,DC-00468,Supply on Approval,Draft,,99381000000098082,Cochin,99381000000940238,INTERWEIGHING PVT. LTD.,KL,business_gst,32AAFCI1950F1ZZ,false,Standard Template,INR,1.00,entity_level,true,0.000,0.00,FLOOR SCALE WITH INDICATOR,,99381000006175184,DY8037,,Sales,Make: YES WEIGH Model:YSP-1000 Max:1000kg e:100g Min:2kg Class:III,1.00,0.00,nos,11700.00,0.00,0.0,84239020,FALSE,Cochin,Taxable,99381000000006208,GST18,18.000000,2106.00,Tax Group,,,goods,,11700.00,34430.00,40627.00,,Customer Pick,,Eldho
99381000006409409,2022-10-11,DC-00469,others,Draft,,99381000000098082,Cochin,99381000000940238,INTERWEIGHING PVT. LTD.,KL,business_gst,32AAFCI1950F1ZZ,false,Standard Template,INR,1.00,entity_level,true,0.000,0.00,Spare Parts,,99381000001847007,SPARE,,Sales,,19.00,0.00,box,200.00,0.00,0.0,84239020,FALSE,Cochin,Taxable,99381000000006208,GST18,18.000000,684.00,Tax Group,,,goods,,3800.00,3800.00,4484.00,,Customer Pick,,Shalima KT
99381000006435011,2022-10-14,DC-00470,others,Draft,,99381000003083031,Head Office,99381000000747828,Venkatachalam,TN,business_gst,33AACPH9039A1Z8,false,Standard Template,INR,1.00,entity_level,true,0.000,0.00,ATM/BENCH PC MOTHER BOARD,,99381000000313080,BPC114,,Sales,,2.00,0.00,nos,150.00,0.00,0.0,84239020,FALSE,Head Office,Taxable,99381000000006196,IGST18,18.000000,54.00,ItemAmount,INTD,,goods,,300.00,560.00,661.00,,Amal Assosiate,,Teslin
99381000006435011,2022-10-14,DC-00470,others,Draft,,99381000003083031,Head Office,99381000000747828,Venkatachalam,TN,business_gst,33AACPH9039A1Z8,false,Standard Template,INR,1.00,entity_level,true,0.000,0.00,ATM PC FRONT DISPLAY BOARD,,99381000000313049,APC206,,Sales,,1.00,0.00,nos,130.00,0.00,0.0,84239020,FALSE,Head Office,Taxable,99381000000006196,IGST18,18.000000,23.40,ItemAmount,INTD,,goods,,130.00,560.00,661.00,,Amal Assosiate,,Teslin
99381000006435011,2022-10-14,DC-00470,others,Draft,,99381000003083031,Head Office,99381000000747828,Venkatachalam,TN,business_gst,33AACPH9039A1Z8,false,Standard Template,INR,1.00,entity_level,true,0.000,0.00,Bench PC Front Display Board,,99381000000542197,BPC111,,Sales,,1.00,0.00,pcs,130.00,0.00,0.0,84239020,FALSE,Head Office,Taxable,99381000000006196,IGST18,18.000000,23.40,ItemAmount,INTD,,goods,,130.00,560.00,661.00,,Amal Assosiate,,Teslin
99381000006435025,2022-10-14,DC-00471,others,Draft,,99381000003083031,Head Office,99381000002549012,ROYAL SCALES,KL,business_none,,false,Standard Template,INR,1.00,entity_level,true,0.000,0.00,ATM PC KEYPAD BOARD,,99381000000313040,APC202,,Sales,,1.00,0.00,nos,120.00,0.00,0.0,84239020,FALSE,Head Office,Taxable,99381000000006208,GST18,18.000000,21.60,Tax Group,,,goods,,120.00,120.00,142.00,,Amal Assosiate,,Teslin
99381000006435151,2022-10-15,DC-00472,others,Draft,,99381000003083031,Head Office,99381000003493071,YESWEIGH SOLUTIONS LLP,KL,business_gst,32AACFY7757L1ZM,false,Standard Template,INR,1.00,entity_level,true,0.000,0.00,Bench PLT Motherboard,,99381000004416019,BENCHP,,Sales,,1.00,0.00,nos,180.00,0.00,0.0,84239020,FALSE,Head Office,Taxable,99381000000006208,GST18,18.000000,32.40,Tax Group,,,goods,,180.00,390.00,460.00,,Amal Assosiate,,Teslin
99381000006435151,2022-10-15,DC-00472,others,Draft,,99381000003083031,Head Office,99381000003493071,YESWEIGH SOLUTIONS LLP,KL,business_gst,32AACFY7757L1ZM,false,Standard Template,INR,1.00,entity_level,true,0.000,0.00,CHOTTU MOTHERBOARD - 99MB 6V,,99381000001165607,CH602,,Sales,,1.00,0.00,nos,210.00,0.00,0.0,84239020,FALSE,Head Office,Taxable,99381000000006208,GST18,18.000000,37.80,Tax Group,,,goods,,210.00,390.00,460.00,,Amal Assosiate,,Teslin
99381000006441081,2022-10-15,DC-00473,others,Draft,,99381000003083031,Head Office,99381000000011046,GLOBAL DIGITAL SYSTEM,KL,consumer,,false,Standard Template,INR,1.00,entity_level,true,0.000,0.00,ATM/BENCH PC MOTHER BOARD,,99381000000313080,BPC114,,Sales,,5.00,0.00,nos,150.00,0.00,0.0,84239020,FALSE,Head Office,Taxable,99381000000006208,GST18,18.000000,135.00,Tax Group,,,goods,,750.00,1250.00,1475.00,,Amal Assosiate,,Teslin
99381000006441081,2022-10-15,DC-00473,others,Draft,,99381000003083031,Head Office,99381000000011046,GLOBAL DIGITAL SYSTEM,KL,consumer,,false,Standard Template,INR,1.00,entity_level,true,0.000,0.00,PLATFORM LOAD CELL 400 KG,,99381000001140770,PLCK40,,Sales,,1.00,0.00,nos,500.00,0.00,0.0,84239020,FALSE,Head Office,Taxable,99381000000006208,GST18,18.000000,90.00,Tax Group,,,goods,,500.00,1250.00,1475.00,,Amal Assosiate,,Teslin
99381000006441107,2022-10-17,DC-00474,others,Draft,,99381000000098082,Cochin,99381000003216035,SOUTHERN SCALES COMPANY,MH,business_gst,27AIAPN0349P1ZY,false,Standard Template,INR,1.00,entity_level,true,0.000,0.00,ECS5W MOTHER BOARD,,99381000000306276,ECS815,,Sales,,1.00,0.00,pcs,6900.00,0.00,0.0,84239020,FALSE,Cochin,Taxable,99381000000006196,IGST18,18.000000,1242.00,ItemAmount,INTD,,goods,,6900.00,6900.00,8142.00,,Amal Assosiate,,Teslin
99381000006458013,2022-10-19,DC-00475,others,Draft,,99381000000098082,Cochin,99381000000940238,INTERWEIGHING PVT. LTD.,KL,business_gst,32AAFCI1950F1ZZ,false,Standard Template,INR,1.00,entity_level,true,0.000,0.00,FLOOR SCALE WITH INDICATOR,,99381000006175184,DY8037,,Sales,Make: YES WEIGH Model:YSP-1000 Max:1000kg e:100g Min:2kg Class:III,1.00,0.00,nos,12800.00,0.00,0.0,84239020,FALSE,Cochin,Taxable,99381000000006208,GST18,18.000000,2304.00,Tax Group,,,goods,,12800.00,12800.00,15104.00,,,,
99381000006476121,2022-10-21,DC-00476,others,Draft,,99381000003083031,Head Office,99381000003588216,Simplisol Technologies Pvt. Ltd,GA,business_gst,30AAZCS2041P1ZW,false,Standard Template,INR,1.00,entity_level,true,0.000,0.00,Loadcell 40KG 88mm,,99381000001991033,LC4088,,Sales,,1.00,0.00,nos,120.00,0.00,0.0,84239020,FALSE,Head Office,Taxable,99381000000006196,IGST18,18.000000,21.60,ItemAmount,INTD,,goods,,120.00,120.00,142.00,,Customer Pick,,Teslin
99381000006476131,2022-10-21,DC-00477,others,Draft,,99381000003083031,Head Office,99381000000084508,ACE ELECTRONICS,KL,business_gst,32AAZFA3650P1ZV,false,Standard Template,INR,1.00,entity_level,true,0.000,0.00,ATM/BENCH PC MOTHER BOARD,,99381000000313080,BPC114,,Sales,,3.00,0.00,nos,150.00,0.00,0.0,84239020,FALSE,Head Office,Taxable,99381000000006208,GST18,18.000000,81.00,Tax Group,,,goods,,450.00,2380.00,2808.00,,Amal Assosiate,,Teslin
99381000006476131,2022-10-21,DC-00477,others,Draft,,99381000003083031,Head Office,99381000000084508,ACE ELECTRONICS,KL,business_gst,32AAZFA3650P1ZV,false,Standard Template,INR,1.00,entity_level,true,0.000,0.00,Load Cell 40kg ATM PC/TOUCH/JUNIOR/WATERPROOF,,99381000000542288,APC208,,Sales,,3.00,0.00,pcs,160.00,0.00,0.0,84239020,FALSE,Head Office,Taxable,99381000000006208,GST18,18.000000,86.40,Tax Group,,,goods,,480.00,2380.00,2808.00,,Amal Assosiate,,Teslin
99381000006476131,2022-10-21,DC-00477,others,Draft,,99381000003083031,Head Office,99381000000084508,ACE ELECTRONICS,KL,business_gst,32AAZFA3650P1ZV,false,Standard Template,INR,1.00,entity_level,true,0.000,0.00,Q8LBL Dot Matrix Display Set,,99381000001073021,Q8602,,Sales,,1.00,0.00,nos,1450.00,0.00,0.0,84239020,FALSE,Head Office,Taxable,99381000000006208,GST18,18.000000,261.00,Tax Group,,,goods,,1450.00,2380.00,2808.00,,Amal Assosiate,,Teslin
99381000006495011,2022-10-21,DC-00478,others,Draft,,99381000003083031,Head Office,99381000003349652,SCALE-TECH DIGITAL WEIGHING SYSTEM,KL,business_registered_composition,32BDCPH8641G1ZT,false,Standard Template,INR,1.00,entity_level,true,0.000,0.00,Bench Green Motherboard,,99381000004929443,BGC203,,Sales,,1.00,0.00,nos,180.00,0.00,0.0,84239020,FALSE,Head Office,Taxable,99381000000006208,GST18,18.000000,32.40,Tax Group,,,goods,,180.00,425.00,502.00,,Amal Assosiate,,Teslin
99381000006495011,2022-10-21,DC-00478,others,Draft,,99381000003083031,Head Office,99381000003349652,SCALE-TECH DIGITAL WEIGHING SYSTEM,KL,business_registered_composition,32BDCPH8641G1ZT,false,Standard Template,INR,1.00,entity_level,true,0.000,0.00,Bench Green Front & Back Display,,99381000004929452,BGC204,,Sales,,1.00,0.00,nos,245.00,0.00,0.0,84239020,FALSE,Head Office,Taxable,99381000000006208,GST18,18.000000,44.10,Tax Group,,,goods,,245.00,425.00,502.00,,Amal Assosiate,,Teslin
99381000006495106,2022-10-24,DC-00479,others,Draft,,99381000003083031,Head Office,99381000001275715,MINAR SCALES,KL,business_gst,32CIKPA7217F1ZO,false,Standard Template,INR,1.00,entity_level,true,0.000,0.00,Front and Back Display(Green) PFPC(Q),,99381000005707174,FABDGP,,Sales,,1.00,0.00,nos,345.00,0.00,0.0,84239020,FALSE,Head Office,Taxable,99381000000006208,GST18,18.000000,62.10,Tax Group,,,goods,,345.00,345.00,407.00,,Customer Pick,,Teslin
99381000006495116,2022-10-24,DC-00480,others,Draft,,99381000003083031,Head Office,99381000001275715,MINAR SCALES,KL,business_gst,32CIKPA7217F1ZO,false,Standard Template,INR,1.00,entity_level,true,0.000,0.00,Front and Back Display(Green) PFPC(Q),,99381000005707174,FABDGP,,Sales,,1.00,0.00,nos,345.00,0.00,0.0,84239020,FALSE,Head Office,Taxable,99381000000006208,GST18,18.000000,62.10,Tax Group,,,goods,,345.00,345.00,407.00,,Amal Assosiate,,Teslin
99381000006505062,2022-10-26,DC-00481,Job Work,Draft,,99381000000098082,Cochin,99381000000940238,INTERWEIGHING PVT. LTD.,KL,business_gst,32AAFCI1950F1ZZ,false,Standard Template,INR,1.00,entity_level,true,0.000,0.00,Bill Printing scale Q8POS,,99381000000011617,ECS5W,,Sales,Make:YESWEIGH  Model:YS-30   Max:30kg  e:5g  Min:100g  Class:III,1.00,0.00,nos,16000.00,0.00,0.0,84231000,FALSE,Cochin,Taxable,99381000000006208,GST18,18.000000,2880.00,Tax Group,,,goods,,16000.00,16000.00,18880.00,,Customer Pick,,Eldho
99381000006534062,2022-10-29,DC-00482,others,Draft,,99381000003083031,Head Office,99381000000136578,DIGITAL SCALE,KL,business_gst,32ADXPU1971G1Z1,false,Standard Template,INR,1.00,entity_level,true,0.000,0.00,BY Display Bench Front and Back (Red LED),,99381000006435178,BY002,,Sales,,13.00,0.00,nos,245.00,0.00,0.0,84239020,FALSE,Head Office,Taxable,99381000000006208,GST18,18.000000,573.30,Tax Group,,,goods,,3185.00,3815.00,4502.00,,Amal Assosiate,,Teslin
99381000006534062,2022-10-29,DC-00482,others,Draft,,99381000003083031,Head Office,99381000000136578,DIGITAL SCALE,KL,business_gst,32ADXPU1971G1Z1,false,Standard Template,INR,1.00,entity_level,true,0.000,0.00,K12 -MOTHER BOARD,,99381000001867233,K1201,,Sales,,1.00,0.00,,450.00,0.00,0.0,90319000,FALSE,Head Office,Taxable,99381000000006208,GST18,18.000000,81.00,Tax Group,,,goods,,450.00,3815.00,4502.00,,Amal Assosiate,,Teslin
99381000006534062,2022-10-29,DC-00482,others,Draft,,99381000003083031,Head Office,99381000000136578,DIGITAL SCALE,KL,business_gst,32ADXPU1971G1Z1,false,Standard Template,INR,1.00,entity_level,true,0.000,0.00,Bench Green Motherboard,,99381000004929443,BGC203,,Sales,,1.00,0.00,nos,180.00,0.00,0.0,84239020,FALSE,Head Office,Taxable,99381000000006208,GST18,18.000000,32.40,Tax Group,,,goods,,180.00,3815.00,4502.00,,Amal Assosiate,,Teslin
99381000006544709,2022-10-31,DC-00483,others,Draft,,99381000000098082,Cochin,99381000000161200,GK electronics,KL,business_gst,32CPSPM4266B1ZV,false,Standard Template,INR,1.00,entity_level,true,0.000,0.00,Platform scale -Bench,,99381000004179810,DY5030,,Sales,"Size : 30*34 Max: 50kg e: 5g
Dual display, LED RED display
",4.00,0.00,nos,2450.00,0.00,0.0,84238290,FALSE,Cochin,Taxable,99381000000006208,GST18,18.000000,1764.00,Tax Group,,,goods,,9800.00,9800.00,11564.00,,APS,,Athira Sankar
99381000006562056,2022-11-03,DC-00484,others,Draft,,99381000003083031,Head Office,99381000005371005,M/S Sunati Enterprise,TR,business_gst,16ADWFS2154E1ZU,false,Standard Template,INR,1.00,entity_level,true,0.000,0.00,BY Display Bench Front and Back (Green LED),,99381000006435163,BY001,,Sales,,1.00,0.00,nos,245.00,0.00,0.0,84239020,FALSE,Head Office,Taxable,99381000000006196,IGST18,18.000000,44.10,ItemAmount,INTD,,goods,,245.00,290.00,342.00,,Amal Assosiate,,Teslin
99381000006562056,2022-11-03,DC-00484,others,Draft,,99381000003083031,Head Office,99381000005371005,M/S Sunati Enterprise,TR,business_gst,16ADWFS2154E1ZU,false,Standard Template,INR,1.00,entity_level,true,0.000,0.00,Display Board Red ( 6  LED),,99381000002007001,DBRL6,,Sales,,1.00,0.00,nos,45.00,0.00,0.0,84239020,FALSE,Head Office,Taxable,99381000000006196,IGST18,18.000000,8.10,ItemAmount,INTD,,goods,,45.00,290.00,342.00,,Amal Assosiate,,Teslin
99381000006562068,2022-11-03,DC-00485,others,Draft,,99381000003083031,Head Office,99381000002314035,DEEPAK ELECTRONICS,HR,business_gst,06BBNPB1954K1ZK,false,Standard Template,INR,1.00,entity_level,true,0.000,0.00,ECS5W DISPLAY BACK,,99381000000306351,ECS809,,Sales,,3.00,0.00,nos,800.00,0.00,0.0,84239020,FALSE,Head Office,Taxable,99381000000006196,IGST18,18.000000,432.00,ItemAmount,INTD,,goods,,2400.00,2400.00,2832.00,,Amal Assosiate,,Teslin
99381000006598739,2022-11-07,DC-00486,others,Draft,,99381000000098082,Cochin,99381000000161200,GK electronics,KL,business_gst,32CPSPM4266B1ZV,false,Standard Template,INR,1.00,entity_level,true,0.000,0.00,Platform scale -Bench,,99381000004179810,DY5030,,Sales,"Size : 30*34 Max: 50kg e: 5g
Dual display, LED RED display
",8.00,0.00,nos,1500.00,0.00,0.0,84238290,FALSE,Cochin,Taxable,99381000000006208,GST18,18.000000,2160.00,Tax Group,,,goods,,12000.00,12000.00,14160.00,,APS,,Athira Sankar
99381000006613033,2022-11-08,DC-00487,others,Draft,,99381000003083031,Head Office,99381000000154169,LOGIWIZ LOGISTICS INDIA PVT LTD,KL,consumer,,false,Standard Template,INR,1.00,entity_level,true,0.000,0.00,Bench Green Front & Back Display,,99381000004929452,BGC204,,Sales,,10.00,0.00,nos,245.00,0.00,0.0,84239020,FALSE,Head Office,Taxable,99381000000006208,GST18,18.000000,441.00,Tax Group,,,goods,,2450.00,5900.00,6962.00,,Customer Pick,,Teslin
99381000006613033,2022-11-08,DC-00487,others,Draft,,99381000003083031,Head Office,99381000000154169,LOGIWIZ LOGISTICS INDIA PVT LTD,KL,consumer,,false,Standard Template,INR,1.00,entity_level,true,0.000,0.00,Front and Back Display(Green) PFPC(Q),,99381000005707174,FABDGP,,Sales,,10.00,0.00,nos,345.00,0.00,0.0,84239020,FALSE,Head Office,Taxable,99381000000006208,GST18,18.000000,621.00,Tax Group,,,goods,,3450.00,5900.00,6962.00,,Customer Pick,,Teslin
99381000006635015,2022-11-11,DC-00488,others,Draft,,99381000000098082,Cochin,99381000000940238,INTERWEIGHING PVT. LTD.,KL,business_gst,32AAFCI1950F1ZZ,false,Standard Template,INR,1.00,entity_level,true,0.000,0.00,Bill Printing scale Q8POS,,99381000000011617,ECS5W,,Sales,Make:YESWEIGH  Model:YS-30   Max:30kg  e:5g  Min:100g  Class:III,1.00,0.00,nos,16000.00,0.00,0.0,84231000,FALSE,Cochin,Taxable,99381000000006208,GST18,18.000000,2880.00,Tax Group,,,goods,,16000.00,16000.00,18880.00,,Customer Pick,,Eldho
99381000006642001,2022-11-11,DC-00489,others,Draft,,99381000003083031,Head Office,99381000003216035,SOUTHERN SCALES COMPANY,MH,business_gst,27AIAPN0349P1ZY,false,Standard Template,INR,1.00,entity_level,true,0.000,0.00,ECS5W MOTHER BOARD,,99381000000306276,ECS815,,Sales,,1.00,0.00,pcs,6900.00,0.00,0.0,84239020,FALSE,Head Office,Taxable,99381000000006196,IGST18,18.000000,1242.00,ItemAmount,INTD,,goods,,6900.00,6900.00,8142.00,,Amal Assosiate,,Teslin
99381000006687538,2022-11-17,DC-00490,others,Draft,,99381000000098082,Cochin,99381000000940238,INTERWEIGHING PVT. LTD.,KL,business_gst,32AAFCI1950F1ZZ,false,Standard Template,INR,1.00,entity_level,true,0.000,0.00,Label Printing Scale Q9LBL,,99381000002536240,Q9LBL,,Sales,Make:YESWEIGH  Model:YS-30   Max:30kg  e:5g  Min:100g  Class:III,1.00,0.00,nos,14500.00,0.00,0.0,84231000,FALSE,Cochin,Taxable,99381000000006208,GST18,18.000000,2610.00,Tax Group,,,goods,,14500.00,18850.00,22243.00,,Customer Pick,,Eldho
99381000006687538,2022-11-17,DC-00490,others,Draft,,99381000000098082,Cochin,99381000000940238,INTERWEIGHING PVT. LTD.,KL,business_gst,32AAFCI1950F1ZZ,false,Standard Template,INR,1.00,entity_level,true,0.000,0.00,PLATFORM SCALE-BENCH (G),,99381000002790630,YS50GY,,Sales,"Make: YESWEIGH  Model:YSP-50
Max:50kg  e:5g  Min:100g  Class:III",1.00,0.00,nos,2400.00,0.00,0.0,84231000,FALSE,Cochin,Taxable,99381000000006208,GST18,18.000000,432.00,Tax Group,,,goods,,2400.00,18850.00,22243.00,,Customer Pick,,Eldho
99381000006687538,2022-11-17,DC-00490,others,Draft,,99381000000098082,Cochin,99381000000940238,INTERWEIGHING PVT. LTD.,KL,business_gst,32AAFCI1950F1ZZ,false,Standard Template,INR,1.00,entity_level,true,0.000,0.00,PRICE COMPUTING SCALE - GOLD,,99381000006684037,ATMGL,,Sales,"Make: YESWEIGH Model:YSP-30
Max:20kg e:2g Min:40g Class:III",1.00,0.00,nos,1950.00,0.00,0.0,84238190,FALSE,Cochin,Taxable,99381000000006208,GST18,18.000000,351.00,Tax Group,,,goods,,1950.00,18850.00,22243.00,,Customer Pick,,Eldho
99381000006700001,2022-11-17,DC-00491,others,Draft,,99381000003083031,Head Office,99381000000084508,ACE ELECTRONICS,KL,business_gst,32AAZFA3650P1ZV,false,Standard Template,INR,1.00,entity_level,true,0.000,0.00,ECR Display set Front,,99381000002713265,ECR103,,Sales,,1.00,0.00,nos,1000.00,0.00,0.0,84239020,FALSE,Head Office,Taxable,99381000000006208,GST18,18.000000,180.00,Tax Group,,,goods,,1000.00,12150.00,14337.00,,Amal Assosiate,,Teslin
99381000006700001,2022-11-17,DC-00491,others,Draft,,99381000003083031,Head Office,99381000000084508,ACE ELECTRONICS,KL,business_gst,32AAZFA3650P1ZV,false,Standard Template,INR,1.00,entity_level,true,0.000,0.00,Q8LBL Dot Matrix Display Set,,99381000001073021,Q8602,,Sales,,1.00,0.00,nos,1450.00,0.00,0.0,84239020,FALSE,Head Office,Taxable,99381000000006208,GST18,18.000000,261.00,Tax Group,,,goods,,1450.00,12150.00,14337.00,,Amal Assosiate,,Teslin
99381000006700001,2022-11-17,DC-00491,others,Draft,,99381000003083031,Head Office,99381000000084508,ACE ELECTRONICS,KL,business_gst,32AAZFA3650P1ZV,false,Standard Template,INR,1.00,entity_level,true,0.000,0.00,Q9LBL MOTHERBOARD WITH WIFI,,99381000005665050,Q8623,,Sales,,1.00,0.00,nos,7500.00,0.00,0.0,84239020,FALSE,Head Office,Taxable,99381000000006208,GST18,18.000000,1350.00,Tax Group,,,goods,,7500.00,12150.00,14337.00,,Amal Assosiate,,Teslin
99381000006700001,2022-11-17,DC-00491,others,Draft,,99381000003083031,Head Office,99381000000084508,ACE ELECTRONICS,KL,business_gst,32AAZFA3650P1ZV,false,Standard Template,INR,1.00,entity_level,true,0.000,0.00,Q9LBL PRINT HEAD,,99381000001663314,Q9703,,Sales,,1.00,0.00,nos,2200.00,0.00,0.0,84239020,FALSE,Head Office,Taxable,99381000000006208,GST18,18.000000,396.00,Tax Group,,,goods,,2200.00,12150.00,14337.00,,Amal Assosiate,,Teslin
99381000006713001,2022-11-18,DC-00492,others,Draft,,99381000000098082,Cochin,99381000000940238,INTERWEIGHING PVT. LTD.,KL,business_gst,32AAFCI1950F1ZZ,false,Standard Template,INR,1.00,entity_level,true,0.000,0.00,Bill Printing scale Q8POS,,99381000000011617,ECS5W,,Sales,Make:YESWEIGH  Model:YS-30   Max:30kg  e:5g  Min:100g  Class:III,1.00,0.00,nos,15500.00,0.00,0.0,84231000,FALSE,Cochin,Taxable,99381000000006208,GST18,18.000000,2790.00,Tax Group,,,goods,,15500.00,103400.00,122012.00,,Customer Pick,,Eldho
99381000006713001,2022-11-18,DC-00492,others,Draft,,99381000000098082,Cochin,99381000000940238,INTERWEIGHING PVT. LTD.,KL,business_gst,32AAFCI1950F1ZZ,false,Standard Template,INR,1.00,entity_level,true,0.000,0.00,HANGING SCALE TMA,,99381000006174164,HGLBL,,Sales,Capacity : 30kg/5g,1.00,0.00,nos,32000.00,0.00,0.0,84238190,FALSE,Cochin,Taxable,99381000000006208,GST18,18.000000,5760.00,Tax Group,,,goods,,32000.00,103400.00,122012.00,,Customer Pick,,Eldho
99381000006713001,2022-11-18,DC-00492,others,Draft,,99381000000098082,Cochin,99381000000940238,INTERWEIGHING PVT. LTD.,KL,business_gst,32AAFCI1950F1ZZ,false,Standard Template,INR,1.00,entity_level,true,0.000,0.00,LABEL PRINTING SCALE Q10,,99381000006174108,Q10LBL,,Sales,"Make: YESWEIGH Model: YS LBL
Max: 30kg e:5g Min: 100g",1.00,0.00,nos,16500.00,0.00,0.0,84238190,FALSE,Cochin,Taxable,99381000000006208,GST18,18.000000,2970.00,Tax Group,,,goods,,16500.00,103400.00,122012.00,,Customer Pick,,Eldho
99381000006713001,2022-11-18,DC-00492,others,Draft,,99381000000098082,Cochin,99381000000940238,INTERWEIGHING PVT. LTD.,KL,business_gst,32AAFCI1950F1ZZ,false,Standard Template,INR,1.00,entity_level,true,0.000,0.00,Label Printing scale Q9,,99381000000735165,TMAQ9,,Sales,Make:YESWEIGH  Model:YS-30   Max:30kg  e:5g  Min:100g  Class:III,1.00,0.00,nos,14500.00,0.00,0.0,84231000,FALSE,Cochin,Taxable,99381000000006208,GST18,18.000000,2610.00,Tax Group,,,goods,,14500.00,103400.00,122012.00,,Customer Pick,,Eldho
99381000006713001,2022-11-18,DC-00492,others,Draft,,99381000000098082,Cochin,99381000000940238,INTERWEIGHING PVT. LTD.,KL,business_gst,32AAFCI1950F1ZZ,false,Standard Template,INR,1.00,entity_level,true,0.000,0.00,Analytical Balance 220g/1 mg,,99381000000205935,BSM2203,,Sales,"Make : YES WEIGH Model : YSJ 50
",1.00,0.00,nos,9400.00,0.00,0.0,84231000,FALSE,Cochin,Taxable,99381000000006208,GST18,18.000000,1692.00,Tax Group,,,goods,,9400.00,103400.00,122012.00,,Customer Pick,,Eldho
99381000006713001,2022-11-18,DC-00492,others,Draft,,99381000000098082,Cochin,99381000000940238,INTERWEIGHING PVT. LTD.,KL,business_gst,32AAFCI1950F1ZZ,false,Standard Template,INR,1.00,entity_level,true,0.000,0.00,Bill Printing scale Q10POS,,99381000006174123,ECSQ10,,Sales,Make:YESWEIGH Model:YS-30 Max:30kg e:5g Min:100g Class:III,1.00,0.00,nos,15500.00,0.00,0.0,84238190,FALSE,Cochin,Taxable,99381000000006208,GST18,18.000000,2790.00,Tax Group,,,goods,,15500.00,103400.00,122012.00,,Customer Pick,,Eldho
99381000006719039,2022-11-18,DC-00493,others,Draft,,99381000003083031,Head Office,99381000002721037,YES YES TECHNOLOGIES,TN,business_gst,33ALPPM6864J1ZH,false,Standard Template,INR,1.00,entity_level,true,0.000,0.00,Q9LBL MOTHERBOARD WITH WIFI,,99381000005665050,Q8623,,Sales,,1.00,0.00,nos,7500.00,0.00,0.0,84239020,FALSE,Head Office,Taxable,99381000000006196,IGST18,18.000000,1350.00,ItemAmount,INTD,,goods,,7500.00,7500.00,8850.00,,,,
99381000006746048,2022-11-22,DC-00494,others,Draft,,99381000003083031,Head Office,99381000006641023,ARMAAN SCALES,AD,business_gst,37BWBPT3183K1Z1,false,Standard Template,INR,1.00,entity_level,true,0.000,0.00,Front and Back Display(Green) PFPC(Q),,99381000005707174,FABDGP,,Sales,,2.00,0.00,nos,345.00,0.00,0.0,84239020,FALSE,Head Office,Taxable,99381000000006196,IGST18,18.000000,124.20,ItemAmount,INTD,,goods,,690.00,1000.00,1180.00,,Amal Assosiate,,Teslin
99381000006746048,2022-11-22,DC-00494,others,Draft,,99381000003083031,Head Office,99381000006641023,ARMAAN SCALES,AD,business_gst,37BWBPT3183K1Z1,false,Standard Template,INR,1.00,entity_level,true,0.000,0.00,BY Display ATMPCP Front and Back (Green LED),,99381000006435197,BY003,,Sales,,1.00,0.00,nos,310.00,0.00,0.0,84239020,FALSE,Head Office,Taxable,99381000000006196,IGST18,18.000000,55.80,ItemAmount,INTD,,goods,,310.00,1000.00,1180.00,,Amal Assosiate,,Teslin
99381000006798099,2022-11-26,DC-00495,others,Draft,,99381000000098082,Cochin,99381000001091033,Electro Technologies,MH,business_gst,27BTXPB3804L1ZA,false,Standard Template,INR,1.00,entity_level,true,0.000,0.00,Q9LBL PRINT HEAD,,99381000001663314,Q9703,,Sales,,1.00,0.00,nos,2200.00,0.00,0.0,84239020,FALSE,Cochin,Taxable,99381000000006196,IGST18,18.000000,396.00,ItemAmount,INTD,,goods,,2200.00,2200.00,2596.00,,Amal Assosiate,,Teslin
99381000006825499,2022-12-01,DC-00496,others,Draft,,99381000000098082,Cochin,99381000000154169,LOGIWIZ LOGISTICS INDIA PVT LTD,KL,consumer,,false,Standard Template,INR,1.00,entity_level,true,0.000,0.00,PRICE COMPUTING SCALE - GOLD,,99381000006684037,ATMGL,,Sales,"Make: YESWEIGH Model:YSP-30
Max:20kg e:2g Min:40g Class:III",1.00,0.00,nos,1950.00,0.00,0.0,84238190,FALSE,Cochin,Taxable,99381000000006208,GST18,18.000000,351.00,Tax Group,,,goods,,1950.00,38030.00,44875.00,,Customer Pick,,Athira Sankar
99381000006825499,2022-12-01,DC-00496,others,Draft,,99381000000098082,Cochin,99381000000154169,LOGIWIZ LOGISTICS INDIA PVT LTD,KL,consumer,,false,Standard Template,INR,1.00,entity_level,true,0.000,0.00,Price Computing Scale with Pole-Green,,99381000005338212,ATMPCPBY828B,,Sales,Make :YESWEIGH  Capacity : 30kg/5g Display : Green,1.00,0.00,nos,2200.00,0.00,0.0,84238290,FALSE,Cochin,Taxable,99381000000006208,GST18,18.000000,396.00,Tax Group,,,goods,,2200.00,38030.00,44875.00,,Customer Pick,,Athira Sankar
99381000006825499,2022-12-01,DC-00496,others,Draft,,99381000000098082,Cochin,99381000000154169,LOGIWIZ LOGISTICS INDIA PVT LTD,KL,consumer,,false,Standard Template,INR,1.00,entity_level,true,0.000,0.00,HANGING SCALE TMA,,99381000006174164,HGLBL,,Sales,Capacity : 30kg/5g,1.00,0.00,nos,32000.00,0.00,0.0,84238190,FALSE,Cochin,Taxable,99381000000006208,GST18,18.000000,5760.00,Tax Group,,,goods,,32000.00,38030.00,44875.00,,Customer Pick,,Athira Sankar
99381000006825499,2022-12-01,DC-00496,others,Draft,,99381000000098082,Cochin,99381000000154169,LOGIWIZ LOGISTICS INDIA PVT LTD,KL,consumer,,false,Standard Template,INR,1.00,entity_level,true,0.000,0.00,Price Computing scale,,99381000000016031,ATMPC,,Sales,"Make: YESWEIGH  Model:YSP-20
Max:20kg  e:2g  Min:40g  Class:III",1.00,0.00,nos,1880.00,0.00,0.0,84231000,FALSE,Cochin,Taxable,99381000000006208,GST18,18.000000,338.40,Tax Group,,,goods,,1880.00,38030.00,44875.00,,Customer Pick,,Athira Sankar
99381000006896063,2022-12-03,DC-00497,others,Draft,,99381000003083031,Head Office,99381000004330262,WELLWORTH ELECTRONICS,TN,business_gst,33AVMPS5356G1Z8,false,Standard Template,INR,1.00,entity_level,true,0.000,0.00,BODY SET PLATFORM SCALE,,99381000001656835,PFPC504,,Sales,,1.00,0.00,nos,360.00,0.00,0.0,84239020,FALSE,Head Office,Taxable,99381000000006196,IGST18,18.000000,64.80,ItemAmount,INTD,,goods,,360.00,360.00,425.00,,Amal Assosiate,,Biju B
99381000006904001,2022-12-03,DC-00498,others,Draft,,99381000003083031,Head Office,99381000001575397,Erros Weighing Industries,TN,business_gst,33DCAPM7215J1ZP,false,Standard Template,INR,1.00,entity_level,true,0.000,0.00,Bench Green Front & Back Display,,99381000004929452,BGC204,,Sales,,1.00,0.00,nos,245.00,0.00,0.0,84239020,FALSE,Head Office,Taxable,99381000000006196,IGST18,18.000000,44.10,ItemAmount,INTD,,goods,,245.00,245.00,289.00,,,,
99381000006936081,2022-12-07,DC-00499,others,Draft,,99381000003083031,Head Office,99381000000850389,Eva Scales,KL,business_gst,32BFKPT8939R1Z9,false,Standard Template,INR,1.00,entity_level,true,0.000,0.00,BY Motherboard Bench & ATMPCP,,99381000006435242,BY006,,Sales,,3.00,0.00,nos,150.00,0.00,0.0,84239020,FALSE,Head Office,Taxable,99381000000006208,GST18,18.000000,81.00,Tax Group,,,goods,,450.00,450.00,531.00,,Amal Assosiate,,Teslin
99381000006936091,2022-12-07,DC-00500,others,Draft,,99381000003083031,Head Office,99381000000014557,LULU SCALES CALICUT,KL,business_gst,32BFFPR1800G1ZX,false,Standard Template,INR,1.00,entity_level,true,0.000,0.00,BODY SET ATM JUNIOR,,99381000001656758,BSAJ,,Sales,,4.00,0.00,nos,400.00,0.00,0.0,84239020,FALSE,Head Office,Taxable,99381000000006208,GST18,18.000000,288.00,Tax Group,,,goods,,1600.00,1600.00,1888.00,,Amal Assosiate,,Teslin
99381000006948600,2022-12-09,DC-00501,others,Draft,,99381000003083031,Head Office,99381000002173957,SAI SYSTEM AND SERVICES,TN,business_gst,33ACCFS3099K1ZT,false,Standard Template,INR,1.00,entity_level,true,0.000,0.00,BODY SET ATM JUNIOR,,99381000001656758,BSAJ,,Sales,,5.00,0.00,nos,400.00,0.00,0.0,84239020,FALSE,Head Office,Taxable,99381000000006196,IGST18,18.000000,360.00,ItemAmount,INTD,,goods,,2000.00,2000.00,2360.00,,ST courier ,,Biju B
99381000007003054,2022-12-14,DC-00502,others,Draft,,99381000000098082,Cochin,99381000007003027,ENGI EXPO,GJ,business_none,,false,Standard Template,INR,1.00,entity_level,true,0.000,0.00,POS Kiosk,,99381000006999151,POSK,,Sales,,1.00,0.00,nos,6000.00,0.00,0.0,84231000,FALSE,,Taxable,99381000000006196,IGST18,18.000000,1080.00,ItemAmount,INTD,,goods,,6000.00,24500.00,28910.00,,Customer Pick,,Athira Sankar
99381000007003054,2022-12-14,DC-00502,others,Draft,,99381000000098082,Cochin,99381000007003027,ENGI EXPO,GJ,business_none,,false,Standard Template,INR,1.00,entity_level,true,0.000,0.00,POS Terminal SGT101,,99381000007001051,SGT101,,Sales,,1.00,0.00,nos,7000.00,0.00,0.0,84231000,FALSE,,Taxable,99381000000006196,IGST18,18.000000,1260.00,ItemAmount,INTD,,goods,,7000.00,24500.00,28910.00,,Customer Pick,,Athira Sankar
99381000007003054,2022-12-14,DC-00502,others,Draft,,99381000000098082,Cochin,99381000007003027,ENGI EXPO,GJ,business_none,,false,Standard Template,INR,1.00,entity_level,true,0.000,0.00,POS Terminal SGTA1,,99381000006999160,SGTA1,,Sales,,1.00,0.00,nos,3000.00,0.00,0.0,84231000,FALSE,,Taxable,99381000000006196,IGST18,18.000000,540.00,ItemAmount,INTD,,goods,,3000.00,24500.00,28910.00,,Customer Pick,,Athira Sankar
99381000007003054,2022-12-14,DC-00502,others,Draft,,99381000000098082,Cochin,99381000007003027,ENGI EXPO,GJ,business_none,,false,Standard Template,INR,1.00,entity_level,true,0.000,0.00,POS Terminal SGT668A,,99381000007001060,SGT668A,,Sales,,1.00,0.00,nos,4000.00,0.00,0.0,84231000,FALSE,Cochin,Taxable,99381000000006196,IGST18,18.000000,720.00,ItemAmount,INTD,,goods,,4000.00,24500.00,28910.00,,Customer Pick,,Athira Sankar
99381000007003054,2022-12-14,DC-00502,others,Draft,,99381000000098082,Cochin,99381000007003027,ENGI EXPO,GJ,business_none,,false,Standard Template,INR,1.00,entity_level,true,0.000,0.00,BARCODE SCANNER PT - 198,,99381000000220093,PT198,,Sales,"1D Barcode scanner 
RS232 Serial Port ",1.00,0.00,nos,1750.00,0.00,0.0,84716050,FALSE,Cochin,Taxable,99381000000006196,IGST18,18.000000,315.00,ItemAmount,INTD,,goods,,1750.00,24500.00,28910.00,,Customer Pick,,Athira Sankar
99381000007003054,2022-12-14,DC-00502,others,Draft,,99381000000098082,Cochin,99381000007003027,ENGI EXPO,GJ,business_none,,false,Standard Template,INR,1.00,entity_level,true,0.000,0.00,Printer Header,,99381000002713256,ECR102,,Sales,,1.00,0.00,nos,2750.00,0.00,0.0,84239020,FALSE,Cochin,Taxable,99381000000006196,IGST18,18.000000,495.00,ItemAmount,INTD,,goods,,2750.00,24500.00,28910.00,,Customer Pick,,Athira Sankar
99381000007022101,2022-12-17,DC-00503,others,Draft,,99381000003083031,Head Office,99381000000747828,Venkatachalam,TN,business_gst,33AACPH9039A1Z8,false,Standard Template,INR,1.00,entity_level,true,0.000,0.00,BODY SET ATM JUNIOR,,99381000001656758,BSAJ,,Sales,,2.00,0.00,nos,400.00,0.00,0.0,84239020,FALSE,Head Office,Taxable,99381000000006196,IGST18,18.000000,144.00,ItemAmount,INTD,,goods,,800.00,800.00,944.00,,ST courier ,,Biju B
99381000007049182,2022-12-21,DC-00504,others,Draft,,99381000003083031,Head Office,99381000000116459,SANIA SYSTEMS,KA,business_gst,29ABSFS3566Q1ZW,false,Standard Template,INR,1.00,entity_level,true,0.000,0.00,BENCH PC GREEN KEYPAD,,99381000006246943,BPGK,,Sales,,5.00,0.00,nos,130.00,0.00,0.0,84239020,FALSE,Head Office,Taxable,99381000000006196,IGST18,18.000000,117.00,ItemAmount,INTD,,goods,,650.00,3520.00,4154.00,,Amal Assosiate,,Teslin
99381000007049182,2022-12-21,DC-00504,others,Draft,,99381000003083031,Head Office,99381000000116459,SANIA SYSTEMS,KA,business_gst,29ABSFS3566Q1ZW,false,Standard Template,INR,1.00,entity_level,true,0.000,0.00,BENCH PC GREEN FRONT&BACK DISPLAY,,99381000006246879,BPGFBD,,Sales,,5.00,0.00,nos,260.00,0.00,0.0,84239020,FALSE,Head Office,Taxable,99381000000006196,IGST18,18.000000,234.00,ItemAmount,INTD,,goods,,1300.00,3520.00,4154.00,,Amal Assosiate,,Teslin
99381000007049182,2022-12-21,DC-00504,others,Draft,,99381000003083031,Head Office,99381000000116459,SANIA SYSTEMS,KA,business_gst,29ABSFS3566Q1ZW,false,Standard Template,INR,1.00,entity_level,true,0.000,0.00,BENCH PC GREEN MAIN BOARD,,99381000006246958,BPGMB,,Sales,,5.00,0.00,nos,160.00,0.00,0.0,84239020,FALSE,Head Office,Taxable,99381000000006196,IGST18,18.000000,144.00,ItemAmount,INTD,,goods,,800.00,3520.00,4154.00,,Amal Assosiate,,Teslin
99381000007049182,2022-12-21,DC-00504,others,Draft,,99381000003083031,Head Office,99381000000116459,SANIA SYSTEMS,KA,business_gst,29ABSFS3566Q1ZW,false,Standard Template,INR,1.00,entity_level,true,0.000,0.00,Bench PC Step Down Transformer (Output: 6.5v AC),,99381000000542161,TRF6V,,Sales,,5.00,0.00,pcs,90.00,0.00,0.0,84239020,FALSE,Head Office,Taxable,99381000000006196,IGST18,18.000000,81.00,ItemAmount,INTD,,goods,,450.00,3520.00,4154.00,,Amal Assosiate,,Teslin
99381000007049182,2022-12-21,DC-00504,others,Draft,,99381000003083031,Head Office,99381000000116459,SANIA SYSTEMS,KA,business_gst,29ABSFS3566Q1ZW,false,Standard Template,INR,1.00,entity_level,true,0.000,0.00,BENCH PC   GREEN INDICATOR TOP CASE,,99381000006246909,BPCG003,,Sales,,2.00,0.00,nos,160.00,0.00,0.0,84239020,FALSE,Head Office,Taxable,99381000000006196,IGST18,18.000000,57.60,ItemAmount,INTD,,goods,,320.00,3520.00,4154.00,,Amal Assosiate,,Teslin
99381000007082076,2022-12-26,DC-00505,others,Draft,,99381000003083031,Head Office,99381000000747828,Venkatachalam,TN,business_gst,33AACPH9039A1Z8,false,Standard Template,INR,1.00,entity_level,true,0.000,0.00,BODY SET ATM JUNIOR,,99381000001656758,BSAJ,,Sales,,8.00,0.00,nos,400.00,0.00,0.0,84239020,FALSE,Head Office,Taxable,99381000000006196,IGST18,18.000000,576.00,ItemAmount,INTD,,goods,,3200.00,3200.00,3776.00,,Amal Assosiate,,Teslin
99381000007082116,2022-12-26,DC-00506,others,Draft,,99381000003083031,Head Office,99381000005031136,EWAY SOLUTIONS,KL,business_registered_composition,32DPDPM1285L3ZP,false,Standard Template,INR,1.00,entity_level,true,0.000,0.00,Motherboard ATM PC Waterproof,,99381000000542355,WPC402,,Sales,,1.00,0.00,pcs,130.00,0.00,0.0,84239020,FALSE,Head Office,Taxable,99381000000006208,GST18,18.000000,23.40,Tax Group,,,goods,,130.00,130.00,153.00,,Amal Assosiate,,Teslin
99381000007082126,2022-12-26,DC-00507,others,Draft,,99381000003083031,Head Office,99381000005562648,NITHIN INDUSTRIES,TN,business_gst,33AKCPV9417C1Z7,false,Standard Template,INR,1.00,entity_level,true,0.000,0.00,BY Display Bench Front and Back (Green LED),,99381000006435163,BY001,,Sales,,1.00,0.00,nos,245.00,0.00,0.0,84239020,FALSE,Head Office,Taxable,99381000000006196,IGST18,18.000000,44.10,ItemAmount,INTD,,goods,,245.00,245.00,289.00,,Amal Assosiate,,Teslin
99381000007082146,2022-12-26,DC-00508,others,Draft,,99381000003083031,Head Office,99381000006666063,RAJ ENGG. INDUSTRIES,DL,business_gst,07AALPG1592N1ZA,false,Standard Template,INR,1.00,entity_level,true,0.000,0.00,BODY SET ATM JUNIOR,,99381000001656758,BSAJ,,Sales,,3.00,0.00,nos,400.00,0.00,0.0,84239020,FALSE,Head Office,Taxable,99381000000006196,IGST18,18.000000,216.00,ItemAmount,INTD,,goods,,1200.00,1200.00,1416.00,,Amal Assosiate,,Teslin
99381000007175211,2023-01-02,DC-00509,others,Draft,,99381000003083031,Head Office,99381000000114383,ACCURATE TRADE LINKS,KL,business_gst,32AHJPK1741Q1Z4,false,Standard Template,INR,1.00,entity_level,true,0.000,0.00,CHOTTU MOTHERBOARD - 99MB 4V,,99381000001165620,CH603,,Sales,,2.00,0.00,nos,205.00,0.00,0.0,84239020,FALSE,Head Office,Taxable,99381000000006208,GST18,18.000000,73.80,Tax Group,,,goods,,410.00,1435.00,1693.00,,Amal Assosiate,,Teslin
99381000007175211,2023-01-02,DC-00509,others,Draft,,99381000003083031,Head Office,99381000000114383,ACCURATE TRADE LINKS,KL,business_gst,32AHJPK1741Q1Z4,false,Standard Template,INR,1.00,entity_level,true,0.000,0.00,Load Cell 40kg ATM PC/TOUCH/JUNIOR/WATERPROOF,,99381000000542288,APC208,,Sales,,1.00,0.00,pcs,160.00,0.00,0.0,84239020,FALSE,Head Office,Taxable,99381000000006208,GST18,18.000000,28.80,Tax Group,,,goods,,160.00,1435.00,1693.00,,Amal Assosiate,,Teslin
99381000007175211,2023-01-02,DC-00509,others,Draft,,99381000003083031,Head Office,99381000000114383,ACCURATE TRADE LINKS,KL,business_gst,32AHJPK1741Q1Z4,false,Standard Template,INR,1.00,entity_level,true,0.000,0.00,Load Cell 130 KG,,99381000001577049,BPC118,,Sales,,2.00,0.00,nos,220.00,0.00,0.0,84239020,FALSE,Head Office,Taxable,99381000000006208,GST18,18.000000,79.20,Tax Group,,,goods,,440.00,1435.00,1693.00,,Amal Assosiate,,Teslin
99381000007175211,2023-01-02,DC-00509,others,Draft,,99381000003083031,Head Office,99381000000114383,ACCURATE TRADE LINKS,KL,business_gst,32AHJPK1741Q1Z4,false,Standard Template,INR,1.00,entity_level,true,0.000,0.00,Front and Back Display((Red) PFPC(Q),,99381000005707129,FABDRP,,Sales,,1.00,0.00,nos,275.00,0.00,0.0,84239020,FALSE,Head Office,Taxable,99381000000006208,GST18,18.000000,49.50,Tax Group,,,goods,,275.00,1435.00,1693.00,,Amal Assosiate,,Teslin
99381000007175211,2023-01-02,DC-00509,others,Draft,,99381000003083031,Head Office,99381000000114383,ACCURATE TRADE LINKS,KL,business_gst,32AHJPK1741Q1Z4,false,Standard Template,INR,1.00,entity_level,true,0.000,0.00,Motherboard PF PC(Q),,99381000005650001,MPPQ,,Sales,,1.00,0.00,nos,150.00,0.00,0.0,84239020,FALSE,Head Office,Taxable,99381000000006208,GST18,18.000000,27.00,Tax Group,,,goods,,150.00,1435.00,1693.00,,Amal Assosiate,,Teslin
99381000007201091,2023-01-04,DC-00510,others,Draft,,99381000003083031,Head Office,99381000005371005,M/S Sunati Enterprise,TR,business_gst,16ADWFS2154E1ZU,false,Standard Template,INR,1.00,entity_level,true,0.000,0.00,BODY SET ATM JUNIOR,,99381000001656758,BSAJ,,Sales,,4.00,0.00,nos,400.00,0.00,0.0,84239020,FALSE,Head Office,Taxable,99381000000006196,IGST18,18.000000,288.00,ItemAmount,INTD,,goods,,1600.00,1600.00,1888.00,,Delhivery,,Teslin
99381000007229001,2023-01-05,DC-00511,others,Draft,,99381000003083031,Head Office,99381000001660179,NOVA SCALES,KA,business_gst,29BUEPS5447J1ZZ,false,Standard Template,INR,1.00,entity_level,true,0.000,0.00,Bench Green Motherboard,,99381000004929443,BGC203,,Sales,,100.00,0.00,nos,180.00,0.00,0.0,84239020,FALSE,Head Office,Taxable,99381000000006196,IGST18,18.000000,3240.00,ItemAmount,INTD,,goods,,18000.00,24125.00,28468.00,,Delhivery,,Teslin
99381000007229001,2023-01-05,DC-00511,others,Draft,,99381000003083031,Head Office,99381000001660179,NOVA SCALES,KA,business_gst,29BUEPS5447J1ZZ,false,Standard Template,INR,1.00,entity_level,true,0.000,0.00,Bench Green Front & Back Display,,99381000004929452,BGC204,,Sales,,25.00,0.00,nos,245.00,0.00,0.0,84239020,FALSE,Head Office,Taxable,99381000000006196,IGST18,18.000000,1102.50,ItemAmount,INTD,,goods,,6125.00,24125.00,28468.00,,Delhivery,,Teslin
99381000007224002,2023-01-05,DC-00512,others,Draft,,99381000000098082,Cochin,99381000005031136,EWAY SOLUTIONS,KL,business_registered_composition,32DPDPM1285L3ZP,false,Standard Template,INR,1.00,entity_level,true,0.000,0.00,Price Computing scale -W,,99381000006409443,DY798,,Sales,"Make: YESWEIGH Model: YSP 30
Max:30kg e:5g Min:100g Class:III",1.00,0.00,nos,2450.00,0.00,0.0,84238290,FALSE,Cochin,Taxable,99381000000006208,GST18,18.000000,441.00,Tax Group,,,goods,,2450.00,2450.00,2891.00,,ST courier ,,Teslin
99381000007238235,2023-01-07,DC-00513,others,Draft,,99381000003083031,Head Office,99381000001357416,V K ELECTRONICS,KL,business_gst,32BOXPV4134E1ZN,false,Standard Template,INR,1.00,entity_level,true,0.000,0.00,BY Motherboard Bench & ATMPCP,,99381000006435242,BY006,,Sales,,5.00,0.00,nos,150.00,0.00,0.0,84239020,FALSE,Head Office,Taxable,99381000000006208,GST18,18.000000,135.00,Tax Group,,,goods,,750.00,2460.00,2903.00,,Amal Assosiate,,Teslin
99381000007238235,2023-01-07,DC-00513,others,Draft,,99381000003083031,Head Office,99381000001357416,V K ELECTRONICS,KL,business_gst,32BOXPV4134E1ZN,false,Standard Template,INR,1.00,entity_level,true,0.000,0.00,Q8LBL Dot Matrix Display Set,,99381000001073021,Q8602,,Sales,,1.00,0.00,nos,1450.00,0.00,0.0,84239020,FALSE,Head Office,Taxable,99381000000006208,GST18,18.000000,261.00,Tax Group,,,goods,,1450.00,2460.00,2903.00,,Amal Assosiate,,Teslin
99381000007238235,2023-01-07,DC-00513,others,Draft,,99381000003083031,Head Office,99381000001357416,V K ELECTRONICS,KL,business_gst,32BOXPV4134E1ZN,false,Standard Template,INR,1.00,entity_level,true,0.000,0.00,Bench PC Front Display Board,,99381000000542197,BPC111,,Sales,,2.00,0.00,pcs,130.00,0.00,0.0,84239020,FALSE,Head Office,Taxable,99381000000006208,GST18,18.000000,46.80,Tax Group,,,goods,,260.00,2460.00,2903.00,,Amal Assosiate,,Teslin
99381000007285001,2023-01-11,DC-00514,others,Draft,,99381000000098082,Cochin,99381000003962053,MODERN BUSINESS EQUIPMENT & SERVICES PVT LTD.,HP,business_gst,02AAECM9272F1ZK,false,Standard Template,INR,1.00,entity_level,true,0.000,0.00,BODY SET ATM JUNIOR,,99381000001656758,BSAJ,,Sales,,3.00,0.00,nos,400.00,0.00,0.0,84239020,FALSE,Cochin,Taxable,99381000000006196,IGST18,18.000000,216.00,ItemAmount,INTD,,goods,,1200.00,1200.00,1416.00,,Delhivery,,Teslin
99381000007288037,2023-01-12,DC-00515,others,Draft,,99381000003083031,Head Office,99381000003216035,SOUTHERN SCALES COMPANY,MH,business_gst,27AIAPN0349P1ZY,false,Standard Template,INR,1.00,entity_level,true,0.000,0.00,ECS5W MOTHER BOARD,,99381000000306276,ECS815,,Sales,,2.00,0.00,pcs,6900.00,0.00,0.0,84239020,FALSE,Head Office,Taxable,99381000000006196,IGST18,18.000000,2484.00,ItemAmount,INTD,,goods,,13800.00,13800.00,16284.00,,Amal Assosiate,,Teslin
99381000007306015,2023-01-13,DC-00516,others,Draft,,99381000003083031,Head Office,99381000001685033,WEIGHING TECH,KL,business_gst,32BQEPS1885C1ZX,false,Standard Template,INR,1.00,entity_level,true,0.000,0.00,Bench PLT Motherboard,,99381000004416019,BENCHP,,Sales,,1.00,0.00,nos,180.00,0.00,0.0,84239020,FALSE,Head Office,Taxable,99381000000006208,GST18,18.000000,32.40,Tax Group,,,goods,,180.00,180.00,212.00,,Amal Assosiate,,Teslin
99381000007320058,2023-01-14,DC-00517,others,Draft,,99381000003083031,Head Office,99381000004965219,Minar scales,KL,business_gst,32ALUPM3501D1ZF,false,Standard Template,INR,1.00,entity_level,true,0.000,0.00,ECS5W DISPLAY SET FRONT,,99381000000306342,ECS808,,Sales,,1.00,0.00,nos,1600.00,0.00,0.0,84239020,FALSE,Head Office,Taxable,99381000000006208,GST18,18.000000,288.00,Tax Group,,,goods,,1600.00,1600.00,1888.00,,Amal Assosiate,,Teslin
99381000007328185,2023-01-18,DC-00518,others,Draft,,99381000003083031,Head Office,99381000006666063,RAJ ENGG. INDUSTRIES,DL,business_gst,07AALPG1592N1ZA,false,Standard Template,INR,1.00,entity_level,true,0.000,0.00,BODY SET ATM PC WATER PROOF,,99381000001656745,WPC414,,Sales,,2.00,0.00,nos,400.00,0.00,0.0,84239020,FALSE,Head Office,Taxable,99381000000006196,IGST18,18.000000,144.00,ItemAmount,INTD,,goods,,800.00,800.00,944.00,,Delhivery,,Teslin
99381000007335027,2023-01-18,DC-00519,others,Draft,,99381000003083031,Head Office,99381000002072057,Mathi Scales,TN,business_gst,33AANFM5279L1ZO,false,Standard Template,INR,1.00,entity_level,true,0.000,0.00,BY Display ATMPCP Front and Back (Green LED),,99381000006435197,BY003,,Sales,,1.00,0.00,nos,310.00,0.00,0.0,84239020,FALSE,Head Office,Taxable,99381000000006196,IGST18,18.000000,55.80,ItemAmount,INTD,,goods,,310.00,310.00,366.00,,Amal Assosiate,,Teslin
99381000007346001,2023-01-18,DC-00520,others,Draft,,99381000000098082,Cochin,99381000000940238,INTERWEIGHING PVT. LTD.,KL,business_gst,32AAFCI1950F1ZZ,false,Standard Template,INR,1.00,entity_level,true,0.000,0.00,PRICE COMPUTING SCALE - GOLD,,99381000006684037,ATMGL,,Sales,"Make: YESWEIGH Model:YSP-30
Max:20kg e:2g Min:40g Class:III",1.00,0.00,nos,1950.00,0.00,0.0,84238190,FALSE,Cochin,Taxable,99381000000006208,GST18,18.000000,351.00,Tax Group,,,goods,,1950.00,209430.00,247127.00,,Customer Pick,,Eldho
99381000007346001,2023-01-18,DC-00520,others,Draft,,99381000000098082,Cochin,99381000000940238,INTERWEIGHING PVT. LTD.,KL,business_gst,32AAFCI1950F1ZZ,false,Standard Template,INR,1.00,entity_level,true,0.000,0.00,Price Computing scale,,99381000000016031,ATMPC,,Sales,"Make: YESWEIGH  Model:YSP-20
Max:20kg  e:2g  Min:40g  Class:III",1.00,0.00,nos,1880.00,0.00,0.0,84231000,FALSE,Cochin,Taxable,99381000000006208,GST18,18.000000,338.40,Tax Group,,,goods,,1880.00,209430.00,247127.00,,Customer Pick,,Eldho
99381000007346001,2023-01-18,DC-00520,others,Draft,,99381000000098082,Cochin,99381000000940238,INTERWEIGHING PVT. LTD.,KL,business_gst,32AAFCI1950F1ZZ,false,Standard Template,INR,1.00,entity_level,true,0.000,0.00,Analytical Balance 220g/1 mg,,99381000000205935,BSM2203,,Sales,"Make : YES WEIGH Model : YSJ 50
",1.00,0.00,nos,9900.00,0.00,0.0,84231000,FALSE,Cochin,Taxable,99381000000006208,GST18,18.000000,1782.00,Tax Group,,,goods,,9900.00,209430.00,247127.00,,Customer Pick,,Eldho
99381000007346001,2023-01-18,DC-00520,others,Draft,,99381000000098082,Cochin,99381000000940238,INTERWEIGHING PVT. LTD.,KL,business_gst,32AAFCI1950F1ZZ,false,Standard Template,INR,1.00,entity_level,true,0.000,0.00,ELECTRONICS SCALE - PLATFOM MS,,99381000003192114,MSCKNSCALE40X40,,Sales,"40x40cm MS portable scale with SS chequred  plate 
Capacity : 300kg/50g, 1901 single display indicator, Li battery",1.00,0.00,nos,2650.00,0.00,0.0,84238290,FALSE,Cochin,Taxable,99381000000006208,GST18,18.000000,477.00,Tax Group,,,goods,,2650.00,209430.00,247127.00,,Customer Pick,,Eldho
99381000007346001,2023-01-18,DC-00520,others,Draft,,99381000000098082,Cochin,99381000000940238,INTERWEIGHING PVT. LTD.,KL,business_gst,32AAFCI1950F1ZZ,false,Standard Template,INR,1.00,entity_level,true,0.000,0.00,Label Printing scale Q9,,99381000000735165,TMAQ9,,Sales,Make:YESWEIGH  Model:YS-30   Max:30kg  e:5g  Min:100g  Class:III,1.00,0.00,nos,14500.00,0.00,0.0,84231000,FALSE,Cochin,Taxable,99381000000006208,GST18,18.000000,2610.00,Tax Group,,,goods,,14500.00,209430.00,247127.00,,Customer Pick,,Eldho
99381000007346001,2023-01-18,DC-00520,others,Draft,,99381000000098082,Cochin,99381000000940238,INTERWEIGHING PVT. LTD.,KL,business_gst,32AAFCI1950F1ZZ,false,Standard Template,INR,1.00,entity_level,true,0.000,0.00,Electronic cash register,,99381000000194004,ECR,,Sales,,1.00,0.00,nos,10700.00,0.00,0.0,84701000,FALSE,Cochin,Taxable,99381000000006208,GST18,18.000000,1926.00,Tax Group,,,goods,,10700.00,209430.00,247127.00,,Customer Pick,,Eldho
99381000007346001,2023-01-18,DC-00520,others,Draft,,99381000000098082,Cochin,99381000000940238,INTERWEIGHING PVT. LTD.,KL,business_gst,32AAFCI1950F1ZZ,false,Standard Template,INR,1.00,entity_level,true,0.000,0.00,Analytical Balance 200g/0.0001g -External,,99381000003934056,YSA204E,,Sales,Model :YSA  SKU : YSA 2004E,1.00,0.00,nos,23000.00,0.00,0.0,90160020,FALSE,Cochin,Taxable,99381000000006208,GST18,18.000000,4140.00,Tax Group,,,goods,,23000.00,209430.00,247127.00,,Customer Pick,,Eldho
99381000007346001,2023-01-18,DC-00520,others,Draft,,99381000000098082,Cochin,99381000000940238,INTERWEIGHING PVT. LTD.,KL,business_gst,32AAFCI1950F1ZZ,false,Standard Template,INR,1.00,entity_level,true,0.000,0.00,ELECTRONIC PLATFORM SCALE-100kg,,99381000003880548,BEN30X40MSBR,,Sales,"Model : YSP PC Capacity :50kg/100kg e :5g/10g
Size : 30*40 cm, Accuracy : Dual Display :LED(Red),With Back Rail",1.00,0.00,nos,2500.00,0.00,0.0,84238290,FALSE,Cochin,Taxable,99381000000006208,GST18,18.000000,450.00,Tax Group,,,goods,,2500.00,209430.00,247127.00,,Customer Pick,,Eldho
99381000007346001,2023-01-18,DC-00520,others,Draft,,99381000000098082,Cochin,99381000000940238,INTERWEIGHING PVT. LTD.,KL,business_gst,32AAFCI1950F1ZZ,false,Standard Template,INR,1.00,entity_level,true,0.000,0.00,ELECTRONIC PLATFORM SCALE,,99381000003880539,PLT4050,,Sales,"Model : YSP PC Capacity: 200kg/300kg e: 20g/50g Min : 1kg
Size : 40*50 cm, Display : LED (Red), With Back Rail",1.00,0.00,nos,3500.00,0.00,0.0,84238290,FALSE,Cochin,Taxable,99381000000006208,GST18,18.000000,630.00,Tax Group,,,goods,,3500.00,209430.00,247127.00,,Customer Pick,,Eldho
99381000007346001,2023-01-18,DC-00520,others,Draft,,99381000000098082,Cochin,99381000000940238,INTERWEIGHING PVT. LTD.,KL,business_gst,32AAFCI1950F1ZZ,false,Standard Template,INR,1.00,entity_level,true,0.000,0.00,LABEL PRINTING SCALE Q10,,99381000006174108,Q10LBL,,Sales,"Make: YESWEIGH Model: YS LBL
Max: 30kg e:5g Min: 100g",1.00,0.00,nos,16500.00,0.00,0.0,84238190,FALSE,Cochin,Taxable,99381000000006208,GST18,18.000000,2970.00,Tax Group,,,goods,,16500.00,209430.00,247127.00,,Customer Pick,,Eldho
99381000007346001,2023-01-18,DC-00520,others,Draft,,99381000000098082,Cochin,99381000000940238,INTERWEIGHING PVT. LTD.,KL,business_gst,32AAFCI1950F1ZZ,false,Standard Template,INR,1.00,entity_level,true,0.000,0.00,Bill Printing scale Q10POS,,99381000006174123,ECSQ10,,Sales,Make:YESWEIGH Model:YS-30 Max:30kg e:5g Min:100g Class:III,1.00,0.00,nos,15500.00,0.00,0.0,84238190,FALSE,Cochin,Taxable,99381000000006208,GST18,18.000000,2790.00,Tax Group,,,goods,,15500.00,209430.00,247127.00,,Customer Pick,,Eldho
99381000007346001,2023-01-18,DC-00520,others,Draft,,99381000000098082,Cochin,99381000000940238,INTERWEIGHING PVT. LTD.,KL,business_gst,32AAFCI1950F1ZZ,false,Standard Template,INR,1.00,entity_level,true,0.000,0.00,Platform Weighing Scale-Normal Indicator,,99381000005611792,PF4050SS,,Sales,"Make:YESWEIGH Model : YSP PC
Max : 100kg  e: 10g Min :200gm
Class: III",1.00,0.00,nos,6850.00,0.00,0.0,84238290,FALSE,Cochin,Taxable,99381000000006208,GST18,18.000000,1233.00,Tax Group,,,goods,,6850.00,209430.00,247127.00,,Customer Pick,,Eldho
99381000007346001,2023-01-18,DC-00520,others,Draft,,99381000000098082,Cochin,99381000000940238,INTERWEIGHING PVT. LTD.,KL,business_gst,32AAFCI1950F1ZZ,false,Standard Template,INR,1.00,entity_level,true,0.000,0.00,HANGING SCALE TMA,,99381000006174164,HGLBL,,Sales,Capacity : 30kg/5g,1.00,0.00,nos,32500.00,0.00,0.0,84238190,FALSE,Cochin,Taxable,99381000000006208,GST18,18.000000,5850.00,Tax Group,,,goods,,32500.00,209430.00,247127.00,,Customer Pick,,Eldho
99381000007346001,2023-01-18,DC-00520,others,Draft,,99381000000098082,Cochin,99381000000940238,INTERWEIGHING PVT. LTD.,KL,business_gst,32AAFCI1950F1ZZ,false,Standard Template,INR,1.00,entity_level,true,0.000,0.00,Bill Printing scale Q8POS,,99381000000011617,ECS5W,,Sales,Make:YESWEIGH  Model:YS-30   Max:30kg  e:5g  Min:100g  Class:III,1.00,0.00,nos,15500.00,0.00,0.0,84231000,FALSE,Cochin,Taxable,99381000000006208,GST18,18.000000,2790.00,Tax Group,,,goods,,15500.00,209430.00,247127.00,,Customer Pick,,Eldho
99381000007346001,2023-01-18,DC-00520,others,Draft,,99381000000098082,Cochin,99381000000940238,INTERWEIGHING PVT. LTD.,KL,business_gst,32AAFCI1950F1ZZ,false,Standard Template,INR,1.00,entity_level,true,0.000,0.00,ELECTRONIC WEIGHING SCALE 600.81g/10mg,,99381000005907086,JW600,,Sales,Capacity : 600.81g/10mg Display : Green,1.00,0.00,nos,3400.00,0.00,0.0,84238190,FALSE,Cochin,Taxable,99381000000006208,GST18,18.000000,612.00,Tax Group,,,goods,,3400.00,209430.00,247127.00,,Customer Pick,,Eldho
99381000007346001,2023-01-18,DC-00520,others,Draft,,99381000000098082,Cochin,99381000000940238,INTERWEIGHING PVT. LTD.,KL,business_gst,32AAFCI1950F1ZZ,false,Standard Template,INR,1.00,entity_level,true,0.000,0.00,KITCHEN  SCALE,,99381000003586668,MK2003,,Sales,Capacity : 5kg,108.00,0.00,nos,450.00,0.00,0.0,84238190,FALSE,Cochin,Taxable,99381000000006208,GST18,18.000000,8748.00,Tax Group,,,goods,,48600.00,209430.00,247127.00,,Customer Pick,,Eldho
99381000007346047,2023-01-18,DC-00521,others,Draft,,99381000000098082,Cochin,99381000000940238,INTERWEIGHING PVT. LTD.,KL,business_gst,32AAFCI1950F1ZZ,false,Standard Template,INR,1.00,entity_level,true,0.000,0.00,SIMPLE VALUE COUNTING MACHINE ECONOMIC,,99381000004261110,VALUECOUNTER,,Sales,,1.00,0.00,nos,3450.00,0.00,0.0,84729090,FALSE,Cochin,Taxable,99381000000006208,GST18,18.000000,621.00,Tax Group,,,goods,,3450.00,3450.00,4071.00,,Customer Pick,,Eldho
99381000007327165,2023-01-19,DC-00522,others,Draft,,99381000000098082,Cochin,99381000006050120,METRO ELECTRONICS,KL,business_gst,32ALJPD6449E2ZB,false,Standard Template,INR,1.00,entity_level,true,0.000,0.00,Platform Weighing Scale 600x600 MS,,99381000000326175,PF60MS,,Sales,"Make : YESWEIGH Model:YSP-5
Max:500 kg e: 50gm Min:1kg Class III",1.00,0.00,nos,4900.00,0.00,0.0,84231000,FALSE,Cochin,Taxable,99381000000006208,GST18,18.000000,882.00,Tax Group,,,goods,,4900.00,4900.00,5782.00,,APS,,Teslin
99381000007455169,2023-01-27,DC-00523,others,Draft,,99381000003083031,Head Office,99381000000112170,MEEZAN ELECTRONIC SCALES PRIVATE LIMITED,KL,business_gst,32AAECM1277C1ZY,false,Standard Template,INR,1.00,entity_level,true,0.000,0.00,BY Motherboard Bench & ATMPCP,,99381000006435242,BY006,,Sales,,1.00,0.00,nos,150.00,0.00,0.0,84239020,FALSE,Head Office,Taxable,99381000000006208,GST18,18.000000,27.00,Tax Group,,,goods,,150.00,150.00,177.00,,Amal Assosiate,,Teslin
99381000007516069,2023-01-31,DC-00524,others,Draft,,99381000003083031,Head Office,99381000000036062,TRAVANCORE SCALES SERVICES,KL,business_gst,32APBPN7027C2ZD,false,Standard Template,INR,1.00,entity_level,true,0.000,0.00,PLATFORM LOAD CELL 400 KG,,99381000001140770,PLCK40,,Sales,,1.00,0.00,nos,500.00,0.00,0.0,84239020,FALSE,Head Office,Taxable,99381000000006208,GST18,18.000000,90.00,Tax Group,,,goods,,500.00,3660.00,4319.00,,Amal Assosiate,,Teslin
99381000007516069,2023-01-31,DC-00524,others,Draft,,99381000003083031,Head Office,99381000000036062,TRAVANCORE SCALES SERVICES,KL,business_gst,32APBPN7027C2ZD,false,Standard Template,INR,1.00,entity_level,true,0.000,0.00,BY Display ATMPCP Front and Back (Green LED),,99381000006435197,BY003,,Sales,,9.00,0.00,nos,310.00,0.00,0.0,84239020,FALSE,Head Office,Taxable,99381000000006208,GST18,18.000000,502.20,Tax Group,,,goods,,2790.00,3660.00,4319.00,,Amal Assosiate,,Teslin
99381000007516069,2023-01-31,DC-00524,others,Draft,,99381000003083031,Head Office,99381000000036062,TRAVANCORE SCALES SERVICES,KL,business_gst,32APBPN7027C2ZD,false,Standard Template,INR,1.00,entity_level,true,0.000,0.00,BY Motherboard Bench & ATMPCP,,99381000006435242,BY006,,Sales,,1.00,0.00,nos,150.00,0.00,0.0,84239020,FALSE,Head Office,Taxable,99381000000006208,GST18,18.000000,27.00,Tax Group,,,goods,,150.00,3660.00,4319.00,,Amal Assosiate,,Teslin
99381000007516069,2023-01-31,DC-00524,others,Draft,,99381000003083031,Head Office,99381000000036062,TRAVANCORE SCALES SERVICES,KL,business_gst,32APBPN7027C2ZD,false,Standard Template,INR,1.00,entity_level,true,0.000,0.00,Load Cell 130 KG,,99381000001577049,BPC118,,Sales,,1.00,0.00,nos,220.00,0.00,0.0,84239020,FALSE,Head Office,Taxable,99381000000006208,GST18,18.000000,39.60,Tax Group,,,goods,,220.00,3660.00,4319.00,,Amal Assosiate,,Teslin
99381000007538009,2023-02-01,DC-00525,others,Draft,,99381000003083031,Head Office,99381000004965219,Minar scales,KL,business_gst,32ALUPM3501D1ZF,false,Standard Template,INR,1.00,entity_level,true,0.000,0.00,Q8LBL Dot Matrix Display Set,,99381000001073021,Q8602,,Sales,,1.00,0.00,nos,1450.00,0.00,0.0,84239020,FALSE,Head Office,Taxable,99381000000006208,GST18,18.000000,261.00,Tax Group,,,goods,,1450.00,1450.00,1711.00,,Amal Assosiate,,Teslin
99381000007595001,2023-02-03,DC-00526,others,Draft,,99381000000098082,Cochin,99381000002457152,SAM ENTERPRISES,TN,business_gst,33BCYPB9679K1ZO,false,Standard Template,INR,1.00,entity_level,true,0.000,0.00,Electronic weighing scale DJ600,,99381000000796329,DJ600,,Sales,Make:YESWEIGH  Model:YSJ-50   Max:620.81g Min:500mg e:10mg    Class:II,1.00,0.00,nos,4500.00,0.00,0.0,84231000,FALSE,Cochin,Taxable,99381000000006196,IGST18,18.000000,810.00,ItemAmount,INTD,,goods,,4500.00,4500.00,5310.00,,Amal Assosiate,,Biju B
99381000007614089,2023-02-04,DC-00527,others,Draft,,99381000003083031,Head Office,99381000002439359,ADIMALI SCALES,KL,business_gst,32CAHPB2953E2Z7,false,Standard Template,INR,1.00,entity_level,true,0.000,0.00,Motherboard PF PC(Q),,99381000005650001,MPPQ,,Sales,,1.00,0.00,nos,150.00,0.00,0.0,84239020,FALSE,Head Office,Taxable,99381000000006208,GST18,18.000000,27.00,Tax Group,,,goods,,150.00,150.00,177.00,,Amal Assosiate,,Teslin
99381000007670026,2023-02-08,DC-00528,others,Draft,,99381000000098082,Cochin,99381000004638059,GOLDFIELD WEIGHING SOLUTIONS,MH,business_gst,27AAMFG3158R1ZM,false,Standard Template,INR,1.00,entity_level,true,0.000,0.00,BODY SET ATM PC WATER PROOF,,99381000001656745,WPC414,,Sales,,1.00,0.00,nos,400.00,0.00,0.0,84239020,FALSE,Cochin,Taxable,99381000000006196,IGST18,18.000000,72.00,ItemAmount,INTD,,goods,,400.00,660.00,779.00,,Amal Assosiate,,Teslin
99381000007670026,2023-02-08,DC-00528,others,Draft,,99381000000098082,Cochin,99381000004638059,GOLDFIELD WEIGHING SOLUTIONS,MH,business_gst,27AAMFG3158R1ZM,false,Standard Template,INR,1.00,entity_level,true,0.000,0.00,ATM PC WEIGH PAN,,99381000001662121,APC214,,Sales,,1.00,0.00,nos,260.00,0.00,0.0,84239020,FALSE,Cochin,Taxable,99381000000006196,IGST18,18.000000,46.80,ItemAmount,INTD,,goods,,260.00,660.00,779.00,,Amal Assosiate,,Teslin
99381000007710029,2023-02-10,DC-00529,Supply on Approval,Draft,,99381000000098082,Cochin,99381000000940238,INTERWEIGHING PVT. LTD.,KL,business_gst,32AAFCI1950F1ZZ,false,Standard Template,INR,1.00,entity_level,true,0.000,0.00,Price Computing scale,,99381000000016031,ATMPC,,Sales,"Make: YESWEIGH  Model:YSP-20
Max:20kg  e:2g  Min:40g  Class:III",1.00,0.00,nos,1950.00,0.00,0.0,84238190,FALSE,Cochin,Taxable,99381000000006208,GST18,18.000000,351.00,Tax Group,,,goods,,1950.00,3840.00,4531.00,5,Customer Pick,,Eldho
99381000007710029,2023-02-10,DC-00529,Supply on Approval,Draft,,99381000000098082,Cochin,99381000000940238,INTERWEIGHING PVT. LTD.,KL,business_gst,32AAFCI1950F1ZZ,false,Standard Template,INR,1.00,entity_level,true,0.000,0.00,PRICE COMPUTING SCALE - GOLD,,99381000006684037,ATMGL,,Sales,"Make: YESWEIGH Model:YSP-30
Max:20kg e:2g Min:40g Class:III",1.00,0.00,nos,1890.00,0.00,0.0,84238190,FALSE,Cochin,Taxable,99381000000006208,GST18,18.000000,340.20,Tax Group,,,goods,,1890.00,3840.00,4531.00,5,Customer Pick,,Eldho
99381000007713124,2023-02-10,DC-00530,others,Draft,,99381000003083031,Head Office,99381000000084508,ACE ELECTRONICS,KL,business_gst,32AAZFA3650P1ZV,false,Standard Template,INR,1.00,entity_level,true,0.000,0.00,ATM/BENCH PC MOTHER BOARD,,99381000000313080,BPC114,,Sales,,3.00,0.00,nos,150.00,0.00,0.0,84239020,FALSE,Head Office,Taxable,99381000000006208,GST18,18.000000,81.00,Tax Group,,,goods,,450.00,15650.00,18467.00,,APS,,Teslin
99381000007713124,2023-02-10,DC-00530,others,Draft,,99381000003083031,Head Office,99381000000084508,ACE ELECTRONICS,KL,business_gst,32AAZFA3650P1ZV,false,Standard Template,INR,1.00,entity_level,true,0.000,0.00,ECS5W MOTHER BOARD,,99381000000306276,ECS815,,Sales,,1.00,0.00,pcs,6900.00,0.00,0.0,84239020,FALSE,Head Office,Taxable,99381000000006208,GST18,18.000000,1242.00,Tax Group,,,goods,,6900.00,15650.00,18467.00,,APS,,Teslin
99381000007713124,2023-02-10,DC-00530,others,Draft,,99381000003083031,Head Office,99381000000084508,ACE ELECTRONICS,KL,business_gst,32AAZFA3650P1ZV,false,Standard Template,INR,1.00,entity_level,true,0.000,0.00,Q9LBL MOTHERBOARD WITH WIFI,,99381000005665050,Q8623,,Sales,,1.00,0.00,nos,7500.00,0.00,0.0,84239020,FALSE,Head Office,Taxable,99381000000006208,GST18,18.000000,1350.00,Tax Group,,,goods,,7500.00,15650.00,18467.00,,APS,,Teslin
99381000007713124,2023-02-10,DC-00530,others,Draft,,99381000003083031,Head Office,99381000000084508,ACE ELECTRONICS,KL,business_gst,32AAZFA3650P1ZV,false,Standard Template,INR,1.00,entity_level,true,0.000,0.00,ECS5W DISPLAY BACK,,99381000000306351,ECS809,,Sales,,1.00,0.00,nos,800.00,0.00,0.0,84239020,FALSE,Head Office,Taxable,99381000000006208,GST18,18.000000,144.00,Tax Group,,,goods,,800.00,15650.00,18467.00,,APS,,Teslin
99381000007739102,2023-02-13,DC-00531,others,Draft,,99381000000098082,Cochin,99381000002549012,ROYAL SCALES,KL,business_none,,false,Standard Template,INR,1.00,entity_level,true,0.000,0.00,KITCHEN  SCALE,,99381000003586668,MK2003,,Sales,Capacity : 5kg,3.00,0.00,nos,450.00,0.00,0.0,84238190,FALSE,Cochin,Taxable,99381000000006208,GST18,18.000000,243.00,Tax Group,,,goods,,1350.00,1350.00,1593.00,16,ST courier ,,Eldho
99381000007775063,2023-02-17,DC-00532,others,Draft,,99381000003083031,Head Office,99381000001697121,INDIAN SCALES,KL,business_gst,32ARMPB7099R1Z0,false,Standard Template,INR,1.00,entity_level,true,0.000,0.00,BY Motherboard Bench & ATMPCP,,99381000006435242,BY006,,Sales,,1.00,0.00,nos,150.00,0.00,0.0,84239020,FALSE,Head Office,Taxable,99381000000006208,GST18,18.000000,27.00,Tax Group,,,goods,,150.00,150.00,177.00,,Amal Assosiate,,Teslin
99381000007840018,2023-02-23,DC-00533,others,Draft,,99381000003083031,Head Office,99381000007811028,JAI MATA DI ENTERPRISES,BR,business_gst,10BRQPK4472E1ZW,false,Standard Template,INR,1.00,entity_level,true,0.000,0.00,ATM JUNIOR FRONT DISPLAY (BI COLOR),,99381000001991051,AJFDBC,,Sales,,1.00,0.00,nos,150.00,0.00,0.0,84239020,FALSE,Head Office,Taxable,99381000000006196,IGST18,18.000000,27.00,ItemAmount,INTD,,goods,,150.00,450.00,531.00,,Customer Pick,,Teslin
99381000007840018,2023-02-23,DC-00533,others,Draft,,99381000003083031,Head Office,99381000007811028,JAI MATA DI ENTERPRISES,BR,business_gst,10BRQPK4472E1ZW,false,Standard Template,INR,1.00,entity_level,true,0.000,0.00,ATM/BENCH PC MOTHER BOARD,,99381000000313080,BPC114,,Sales,,1.00,0.00,nos,150.00,0.00,0.0,84239020,FALSE,Head Office,Taxable,99381000000006196,IGST18,18.000000,27.00,ItemAmount,INTD,,goods,,150.00,450.00,531.00,,Customer Pick,,Teslin
99381000007840018,2023-02-23,DC-00533,others,Draft,,99381000003083031,Head Office,99381000007811028,JAI MATA DI ENTERPRISES,BR,business_gst,10BRQPK4472E1ZW,false,Standard Template,INR,1.00,entity_level,true,0.000,0.00,KEYPAD BOARD ATM JUNIOR,,99381000001656767,KBAJ,,Sales,,1.00,0.00,nos,150.00,0.00,0.0,84239020,FALSE,Head Office,Taxable,99381000000006196,IGST18,18.000000,27.00,ItemAmount,INTD,,goods,,150.00,450.00,531.00,,Customer Pick,,Teslin
99381000007865069,2023-02-24,DC-00534,others,Open,Not Invoiced,99381000003083031,Head Office,99381000001120067,SILCO ENTERPRISES,KA,business_gst,29AAGFS6793L1Z9,false,Standard Template,INR,1.00,entity_level,true,0.000,0.00,ATM PC JUNIOR PAN,,99381000001656780,APJP,,Sales,,1.00,0.00,nos,260.00,0.00,0.0,84239020,FALSE,Head Office,Taxable,99381000000006196,IGST18,18.000000,46.80,ItemAmount,INTD,,goods,,260.00,260.00,307.00,,Amal Assosiate,,Teslin
99381000007878021,2023-02-24,DC-00535,others,Draft,,99381000003083031,Head Office,99381000001357572,City Technologies,KL,business_gst,32BJOPV6603G1Z0,false,Standard Template,INR,1.00,entity_level,true,0.000,0.00,BODY SET ATM JUNIOR,,99381000001656758,BSAJ,,Sales,,5.00,0.00,nos,400.00,0.00,0.0,84239020,FALSE,Head Office,Taxable,99381000000006208,GST18,18.000000,360.00,Tax Group,,,goods,,2000.00,2000.00,2360.00,,Amal Assosiate,,Teslin
99381000007886024,2023-02-27,DC-00536,others,Draft,,99381000003083031,Head Office,99381000002072057,Mathi Scales,TN,business_gst,33AANFM5279L1ZO,false,Standard Template,INR,1.00,entity_level,true,0.000,0.00,BODY SET ATM JUNIOR,,99381000001656758,BSAJ,,Sales,,1.00,0.00,nos,400.00,0.00,0.0,84239020,FALSE,Head Office,Taxable,99381000000006196,IGST18,18.000000,72.00,ItemAmount,INTD,,goods,,400.00,400.00,472.00,,Amal Assosiate,,Teslin
99381000007913012,2023-02-28,DC-00537,others,Draft,,99381000000098082,Cochin,99381000000940238,INTERWEIGHING PVT. LTD.,KL,business_gst,32AAFCI1950F1ZZ,false,Standard Template,INR,1.00,entity_level,true,0.000,0.00,Indicator,,99381000005590121,IND202,,Sales,Display : Red ,5.00,0.00,nos,1200.00,0.00,0.0,84239020,FALSE,Cochin,Taxable,99381000000006208,GST18,18.000000,1080.00,Tax Group,,,goods,,6000.00,6000.00,7080.00,,Customer Pick,,Eldho
99381000007927161,2023-03-01,DC-00538,others,Draft,,99381000003083031,Head Office,99381000002549012,ROYAL SCALES,KL,business_none,,false,Standard Template,INR,1.00,entity_level,true,0.000,0.00,Front and Back Display((Red) PFPC(Q),,99381000005707129,FABDRP,,Sales,,1.00,0.00,nos,275.00,0.00,0.0,84239020,FALSE,Head Office,Taxable,99381000000006208,GST18,18.000000,49.50,Tax Group,,,goods,,275.00,575.00,679.00,,Amal Assosiate,,Teslin
99381000007927161,2023-03-01,DC-00538,others,Draft,,99381000003083031,Head Office,99381000002549012,ROYAL SCALES,KL,business_none,,false,Standard Template,INR,1.00,entity_level,true,0.000,0.00,Motherboard PF PC(Q),,99381000005650001,MPPQ,,Sales,,2.00,0.00,nos,150.00,0.00,0.0,84239020,FALSE,Head Office,Taxable,99381000000006208,GST18,18.000000,54.00,Tax Group,,,goods,,300.00,575.00,679.00,,Amal Assosiate,,Teslin
99381000007927227,2023-03-02,DC-00539,others,Draft,,99381000003083031,Head Office,99381000005371005,M/S Sunati Enterprise,TR,business_gst,16ADWFS2154E1ZU,false,Standard Template,INR,1.00,entity_level,true,0.000,0.00,BODY SET ATM JUNIOR,,99381000001656758,BSAJ,,Sales,,5.00,0.00,nos,400.00,0.00,0.0,84239020,FALSE,Head Office,Taxable,99381000000006196,IGST18,18.000000,360.00,ItemAmount,INTD,,goods,,2000.00,2000.00,2360.00,,Delhivery,,Teslin
99381000007997018,2023-03-06,DC-00540,others,Draft,,99381000003083031,Head Office,99381000000036003,Modern machines,KL,business_gst,32EMRPS6226K1ZF,false,Standard Template,INR,1.00,entity_level,true,0.000,0.00,BY Display ATMPCP Front and Back (Green LED),,99381000006435197,BY003,,Sales,,2.00,0.00,nos,310.00,0.00,0.0,84239020,FALSE,Head Office,Taxable,99381000000006208,GST18,18.000000,111.60,Tax Group,,,goods,,620.00,620.00,732.00,,Customer Pick,,Teslin
99381000008017269,2023-03-08,DC-00541,others,Draft,,99381000003083031,Head Office,99381000000309611,KRAUS INSTRUMENTS,KL,business_gst,32AASFK0676Q1ZM,false,Standard Template,INR,1.00,entity_level,true,0.000,0.00,ECS5W MOTHER BOARD,,99381000000306276,ECS815,,Sales,OLD,37.00,0.00,pcs,6900.00,0.00,0.0,84239020,FALSE,Head Office,Taxable,99381000000006208,GST18,18.000000,45954.00,Tax Group,,,goods,,255300.00,255300.00,301254.00,,Customer Pick,,Teslin
99381000008065049,2023-03-11,DC-00542,others,Draft,,99381000000098082,Cochin,99381000002672003,Diamond Weighing Systems Private Limited,TS,business_gst,36AAICD2482N1Z7,false,Standard Template,INR,1.00,entity_level,true,0.000,0.00,Electronic cash register,,99381000000194004,ECR,,Sales,,1.00,0.00,nos,10700.00,0.00,0.0,84701000,FALSE,Cochin,Taxable,99381000000006196,IGST18,18.000000,1926.00,ItemAmount,INTD,,goods,,10700.00,10700.00,12626.00,1,,,
99381000008146013,2023-03-16,DC-00543,others,Draft,,99381000000098082,Cochin,99381000005074017,ELMASS’ Weighing & Automation Pvt. Ltd,KL,business_gst,32AAGCE7631N1ZF,false,Standard Template,INR,1.00,entity_level,true,0.000,0.00,PLATFORM PRICE COMPUTING SCALE (RED),,99381000005432019,GR2204R,,Sales,"Make: YESWEIGH Model:YSP-50
Max:50kg e:5g Min:100g Class:III
Display : Red",1.00,0.00,nos,2100.00,0.00,0.0,84238290,FALSE,Cochin,Taxable,99381000000006208,GST18,18.000000,378.00,Tax Group,,,goods,,2100.00,2100.00,2478.00,4,Customer Pick,,Eldho
99381000008201413,2023-03-21,DC-00544,others,Draft,,99381000000098082,Cochin,99381000005496103,MALABAR SCALES- Thirssur,KL,business_registered_composition,32APLPM0458E2Z3,false,Standard Template,INR,1.00,entity_level,true,0.000,0.00,PLATFORM PRICE COMPUTING SCALE (RED),,99381000005432019,GR2204R,,Sales,"Make: YESWEIGH Model:YSP-50
Max:50kg e:5g Min:100g Class:III
Display : Red",20.00,0.00,nos,1400.00,0.00,0.0,84238290,FALSE,Cochin,Taxable,99381000000006208,GST18,18.000000,5040.00,Tax Group,,,goods,,28000.00,28000.00,33040.00,4,Customer Pick,,Shalima KT
99381000008201465,2023-03-21,DC-00545,others,Draft,,99381000000098082,Cochin,99381000000154169,LOGIWIZ LOGISTICS INDIA PVT LTD,KL,consumer,,false,Standard Template,INR,1.00,entity_level,true,0.000,0.00,Platform Weighing Scale 30x34 SS,,99381000003938861,PFPC30X34SS,,Sales,Max : 50kg  e: 5g Class III,20.00,0.00,nos,2100.00,0.00,0.0,84238290,FALSE,Cochin,Taxable,99381000000006208,GST18,18.000000,7560.00,Tax Group,,,goods,,42000.00,42000.00,49560.00,4,Customer Pick,,Eldho
99381000008244001,2023-03-23,DC-00546,others,Draft,,99381000000098082,Cochin,99381000005496103,MALABAR SCALES- Thirssur,KL,business_registered_composition,32APLPM0458E2Z3,false,Standard Template,INR,1.00,entity_level,true,0.000,0.00,PLATFORM PRICE COMPUTING SCALE (RED),,99381000005432019,GR2204R,,Sales,"Make: YESWEIGH Model:YSP-50
Max:50kg e:5g Min:100g Class:III
Display : Red",5.00,0.00,nos,1400.00,0.00,0.0,84238290,FALSE,Cochin,Taxable,99381000000006208,GST18,18.000000,1260.00,Tax Group,,,goods,,7000.00,7000.00,8260.00,4,Customer Pick,,Binsha
99381000008344152,2023-04-01,DC-00547,others,Draft,,99381000003083031,Head Office,99381000007689069,SHRI BALAJI TRADING COMPANY,CH,business_gst,04CNCPK5650F1ZA,false,Standard Template,INR,1.00,entity_level,true,0.000,0.00,Front and Back Display((Red) PFPC(Q),,99381000005707129,FABDRP,,Sales,,2.00,0.00,nos,275.00,0.00,0.0,84239020,FALSE,Head Office,Taxable,99381000000006196,IGST18,18.000000,99.00,ItemAmount,INTD,,goods,,550.00,550.00,649.00,,ST courier ,,Teslin
99381000008365009,2023-04-03,DC-00548,others,Draft,,99381000003083031,Head Office,99381000000231096,Victory Scales,KL,business_gst,32AAAAV1247P1ZC,false,Standard Template,INR,1.00,entity_level,true,0.000,0.00,BY Display Bench Front and Back (Red LED),,99381000006435178,BY002,,Sales,,3.00,0.00,nos,245.00,0.00,0.0,84239020,FALSE,Head Office,Taxable,99381000000006208,GST18,18.000000,132.30,Tax Group,,,goods,,735.00,1035.00,1221.00,,ST courier ,,Teslin
99381000008365009,2023-04-03,DC-00548,others,Draft,,99381000003083031,Head Office,99381000000231096,Victory Scales,KL,business_gst,32AAAAV1247P1ZC,false,Standard Template,INR,1.00,entity_level,true,0.000,0.00,BY Motherboard Bench & ATMPCP,,99381000006435242,BY006,,Sales,,2.00,0.00,nos,150.00,0.00,0.0,84239020,FALSE,Head Office,Taxable,99381000000006208,GST18,18.000000,54.00,Tax Group,,,goods,,300.00,1035.00,1221.00,,ST courier ,,Teslin
99381000008487001,2023-04-13,DC-00549,others,Draft,,99381000003083031,Head Office,99381000005031136,EWAY SOLUTIONS,KL,business_registered_composition,32DPDPM1285L3ZP,false,Standard Template,INR,1.00,entity_level,true,0.000,0.00,ATM/BENCH PC MOTHER BOARD,,99381000000313080,BPC114,,Sales,,1.00,0.00,nos,150.00,0.00,0.0,84239020,FALSE,Head Office,Taxable,99381000000006208,GST18,18.000000,27.00,Tax Group,,,goods,,150.00,150.00,177.00,,ST courier ,,Teslin
99381000008520105,2023-04-17,DC-00550,others,Draft,,99381000003083031,Head Office,99381000002072057,Mathi Scales,TN,business_gst,33AANFM5279L1ZO,false,Standard Template,INR,1.00,entity_level,true,0.000,0.00,BY Display ATMPCP Front and Back (Green LED),,99381000006435197,BY003,,Sales,,1.00,0.00,nos,310.00,0.00,0.0,84239020,FALSE,Head Office,Taxable,99381000000006196,IGST18,18.000000,55.80,ItemAmount,INTD,,goods,,310.00,310.00,366.00,,ST courier ,,Teslin
99381000008544002,2023-04-19,DC-00551,others,Draft,,99381000000098082,Cochin,99381000007327022,MATIN &  CO. ,UP,business_gst,09AJGPM9912J1ZQ,false,Standard Template,INR,1.00,entity_level,true,0.000,0.00,Analytical Balance 220g/1 mg,,99381000000205935,BSM2203,,Sales,"Make : YES WEIGH Model : YSJ 50
",1.00,0.00,nos,9900.00,0.00,0.0,84231000,FALSE,Cochin,Taxable,99381000000006196,IGST18,18.000000,1782.00,ItemAmount,INTD,,goods,,9900.00,9900.00,11682.00,1,Delhivery,,Biju B
99381000008656077,2023-04-27,DC-00552,others,Draft,,99381000003083031,Head Office,99381000000136578,DIGITAL SCALE,KL,business_gst,32ADXPU1971G1Z1,false,Standard Template,INR,1.00,entity_level,true,0.000,0.00,BY Display Bench Front and Back (Red LED),,99381000006435178,BY002,,Sales,,2.00,0.00,nos,245.00,0.00,0.0,84239020,FALSE,Head Office,Taxable,99381000000006208,GST18,18.000000,88.20,Tax Group,,,goods,,490.00,490.00,578.00,,APS,,Vishnu
99381000008656087,2023-04-27,DC-00553,others,Draft,,99381000003083031,Head Office,99381000003216035,SOUTHERN SCALES COMPANY,MH,business_gst,27AIAPN0349P1ZY,false,Standard Template,INR,1.00,entity_level,true,0.000,0.00,BARCODE SCANNER PT - 198,,99381000000220093,PT198,,Sales,"1D Barcode scanner 
RS232 Serial Port ",1.00,0.00,nos,1750.00,0.00,0.0,84716050,FALSE,Head Office,Taxable,99381000000006196,IGST18,18.000000,315.00,ItemAmount,INTD,,goods,,1750.00,1750.00,2065.00,,Amal Assosiate,,Teslin
99381000008726001,2023-05-01,DC-00554,others,Draft,,99381000000098082,Cochin,99381000000747828,Venkatachalam,TN,business_gst,33AACPH9039A1Z8,false,Standard Template,INR,1.00,entity_level,true,0.000,0.00,ELECTRONIC SCALE -PLATFORM SS,,99381000003120323,SSCKNSCALE30X34,,Sales,"30x34cm Portable scale 50Kg/5g, 1901 single display indicator, Li battery inside, SS pan, with full plastic handle",1.00,0.00,nos,1950.00,0.00,0.0,84238290,FALSE,Cochin,Taxable,99381000000006196,IGST18,18.000000,351.00,ItemAmount,INTD,,goods,,1950.00,5100.00,6018.00,4,Customer Pick,,Athira Sankar
99381000008726001,2023-05-01,DC-00554,others,Draft,,99381000000098082,Cochin,99381000000747828,Venkatachalam,TN,business_gst,33AACPH9039A1Z8,false,Standard Template,INR,1.00,entity_level,true,0.000,0.00,Price Computing scale,,99381000000016031,ATMPC,,Sales,"Make: YESWEIGH  Model:YSP-20
Max:20kg  e:2g  Min:40g  Class:III",1.00,0.00,nos,1950.00,0.00,0.0,84238190,FALSE,Cochin,Taxable,99381000000006196,IGST18,18.000000,351.00,ItemAmount,INTD,,goods,,1950.00,5100.00,6018.00,5,Customer Pick,,Athira Sankar
99381000008726001,2023-05-01,DC-00554,others,Draft,,99381000000098082,Cochin,99381000000747828,Venkatachalam,TN,business_gst,33AACPH9039A1Z8,false,Standard Template,INR,1.00,entity_level,true,0.000,0.00,Indicator,,99381000005590121,IND202,,Sales,Display : Red ,1.00,0.00,nos,1200.00,0.00,0.0,84238190,FALSE,Cochin,Taxable,99381000000006196,IGST18,18.000000,216.00,ItemAmount,INTD,,goods,,1200.00,5100.00,6018.00,,Customer Pick,,Athira Sankar
99381000008742002,2023-05-04,DC-00555,others,Draft,,99381000003083031,Head Office,99381000000112170,MEEZAN ELECTRONIC SCALES PRIVATE LIMITED,KL,business_gst,32AAECM1277C1ZY,false,Standard Template,INR,1.00,entity_level,true,0.000,0.00,Motherboard PF PC(Q),,99381000005650001,MPPQ,,Sales,,2.00,0.00,nos,150.00,0.00,0.0,84239020,FALSE,Head Office,Taxable,99381000000006208,GST18,18.000000,54.00,Tax Group,,,goods,,300.00,300.00,354.00,,,,
99381000008774001,2023-05-05,DC-00556,others,Draft,,99381000003083031,Head Office,99381000002854009,HAMDHA SCALES,KL,business_gst,32ANEPH3773N1ZT,false,Standard Template,INR,1.00,entity_level,true,0.000,0.00,CHOTTU MOTHERBOARD - 99MB 6V,,99381000001165607,CH602,,Sales,,2.00,0.00,nos,210.00,0.00,0.0,84239020,FALSE,Head Office,Taxable,99381000000006208,GST18,18.000000,75.60,Tax Group,,,goods,,420.00,420.00,496.00,,ST courier ,,Teslin
99381000008774011,2023-05-05,DC-00557,others,Draft,,99381000003083031,Head Office,99381000000084508,ACE ELECTRONICS,KL,business_gst,32AAZFA3650P1ZV,false,Standard Template,INR,1.00,entity_level,true,0.000,0.00,Q9LBL MOTHERBOARD WITH WIFI,,99381000005665050,Q8623,,Sales,,1.00,0.00,nos,7500.00,0.00,0.0,84239020,FALSE,Head Office,Taxable,99381000000006208,GST18,18.000000,1350.00,Tax Group,,,goods,,7500.00,14400.00,16992.00,,Amal Assosiate,,Teslin
99381000008774011,2023-05-05,DC-00557,others,Draft,,99381000003083031,Head Office,99381000000084508,ACE ELECTRONICS,KL,business_gst,32AAZFA3650P1ZV,false,Standard Template,INR,1.00,entity_level,true,0.000,0.00,ECS5W MOTHER BOARD,,99381000000306276,ECS815,,Sales,,1.00,0.00,pcs,6900.00,0.00,0.0,84239020,FALSE,Head Office,Taxable,99381000000006208,GST18,18.000000,1242.00,Tax Group,,,goods,,6900.00,14400.00,16992.00,,Amal Assosiate,,Teslin
99381000008774037,2023-05-06,DC-00558,others,Draft,,99381000000098082,Cochin,99381000000036003,Modern machines,KL,business_gst,32EMRPS6226K1ZF,false,Standard Template,INR,1.00,entity_level,true,0.000,0.00,Loadcell 40 kg: 130 mm,,99381000002001031,LKM401,,Sales,,20.00,0.00,nos,180.00,0.00,0.0,84239020,FALSE,Cochin,Taxable,99381000000006208,GST18,18.000000,648.00,Tax Group,,,goods,,3600.00,3600.00,4248.00,,ST courier ,,Vishnu
99381000008774047,2023-05-06,DC-00559,others,Draft,,99381000003083031,Head Office,99381000000161200,GK electronics,KL,business_gst,32CPSPM4266B1ZV,false,Standard Template,INR,1.00,entity_level,true,0.000,0.00,BODY SET ATM JUNIOR,,99381000001656758,BSAJ,,Sales,,2.00,0.00,nos,400.00,0.00,0.0,84239020,FALSE,Head Office,Taxable,99381000000006208,GST18,18.000000,144.00,Tax Group,,,goods,,800.00,800.00,944.00,,ST courier ,,Vishnu
99381000008787001,2023-05-06,DC-00560,others,Draft,,99381000003083031,Head Office,99381000000126001,YELLOW SCALES,KL,business_gst,32CPDPS6051P1ZG,false,Standard Template,INR,1.00,entity_level,true,0.000,0.00,ECS5W MOTHER BOARD,,99381000000306276,ECS815,,Sales,,1.00,0.00,pcs,6900.00,0.00,0.0,84239020,FALSE,Head Office,Taxable,99381000000006208,GST18,18.000000,1242.00,Tax Group,,,goods,,6900.00,6900.00,8142.00,,Amal Assosiate,,Teslin
99381000008786109,2023-05-06,DC-00561,others,Draft,,99381000000098082,Cochin,99381000000309611,KRAUS INSTRUMENTS,KL,business_gst,32AASFK0676Q1ZM,false,Standard Template,INR,1.00,entity_level,true,0.000,0.00,Analytical Balance 220g/1 mg,,99381000000205935,BSM2203,,Sales,"Make : YES WEIGH Model : YSJ 50
",1.00,0.00,nos,9900.00,0.00,0.0,84231000,FALSE,Cochin,Taxable,99381000000006208,GST18,18.000000,1782.00,Tax Group,,,goods,,9900.00,9900.00,11682.00,1,Customer Pick,,Eldho
99381000008810026,2023-05-09,DC-00562,others,Draft,,99381000000098082,Cochin,99381000001660179,NOVA SCALES,KA,business_gst,29BUEPS5447J1ZZ,false,Standard Template,INR,1.00,entity_level,true,0.000,0.00,Bench Green Motherboard,,99381000004929443,BGC203,,Sales,,50.00,0.00,nos,180.00,0.00,0.0,84239020,FALSE,Cochin,Taxable,99381000000006196,IGST18,18.000000,1620.00,ItemAmount,INTD,,goods,,9000.00,9000.00,10620.00,,Amal Assosiate,,Athira Sankar
99381000008838079,2023-05-10,DC-00563,others,Draft,,99381000000098082,Cochin,99381000000940238,INTERWEIGHING PVT. LTD.,KL,business_gst,32AAFCI1950F1ZZ,false,Standard Template,INR,1.00,entity_level,true,0.000,0.00,Label Printing Scale Q9LBL,,99381000002536240,Q9LBL,,Sales,Make:YESWEIGH  Model:YS-30   Max:30kg  e:5g  Min:100g  Class:III,1.00,0.00,nos,14500.00,0.00,0.0,84231000,FALSE,Cochin,Taxable,99381000000006208,GST18,18.000000,2610.00,Tax Group,,,goods,,14500.00,14500.00,17110.00,1,Customer Pick,,Eldho
99381000008838090,2023-05-10,DC-00564,others,Draft,,99381000003083031,Head Office,99381000000114383,ACCURATE TRADE LINKS,KL,business_gst,32AHJPK1741Q1Z4,false,Standard Template,INR,1.00,entity_level,true,0.000,0.00,ECS5W MOTHER BOARD,,99381000000306276,ECS815,,Sales,,2.00,0.00,pcs,6900.00,0.00,0.0,84239020,FALSE,Head Office,Taxable,99381000000006208,GST18,18.000000,2484.00,Tax Group,,,goods,,13800.00,13950.00,16461.00,,Customer Pick,,Teslin
99381000008838090,2023-05-10,DC-00564,others,Draft,,99381000003083031,Head Office,99381000000114383,ACCURATE TRADE LINKS,KL,business_gst,32AHJPK1741Q1Z4,false,Standard Template,INR,1.00,entity_level,true,0.000,0.00,Motherboard PF PC(Q),,99381000005650001,MPPQ,,Sales,,1.00,0.00,nos,150.00,0.00,0.0,84239020,FALSE,Head Office,Taxable,99381000000006208,GST18,18.000000,27.00,Tax Group,,,goods,,150.00,13950.00,16461.00,,Customer Pick,,Teslin
99381000008881001,2023-05-12,DC-00565,others,Draft,,99381000003083031,Head Office,99381000007927177,QUALITY THRASS,KL,business_gst,32AEHPR3891R1ZO,false,Standard Template,INR,1.00,entity_level,true,0.000,0.00,BY Display ATMPCP Front and Back (Green LED),,99381000006435197,BY003,,Sales,,1.00,0.00,nos,310.00,0.00,0.0,84239020,FALSE,Head Office,Taxable,99381000000006208,GST18,18.000000,55.80,Tax Group,,,goods,,310.00,570.00,673.00,,Customer Pick,,Eldho
99381000008881001,2023-05-12,DC-00565,others,Draft,,99381000003083031,Head Office,99381000007927177,QUALITY THRASS,KL,business_gst,32AEHPR3891R1ZO,false,Standard Template,INR,1.00,entity_level,true,0.000,0.00,BY Weighing PAN for ATMPCP & ATMPCW,,99381000006435351,BY013,,Sales,,1.00,0.00,nos,260.00,0.00,0.0,84239020,FALSE,Head Office,Taxable,99381000000006208,GST18,18.000000,46.80,Tax Group,,,goods,,260.00,570.00,673.00,,Customer Pick,,Eldho
99381000008882124,2023-05-15,DC-00566,others,Draft,,99381000003083031,Head Office,99381000008891058,ALFA SCALES CENTRE,AD,business_gst,37ABLPH5240H2ZN,false,Standard Template,INR,1.00,entity_level,true,0.000,0.00,BY Display Bench Front and Back (Green LED),,99381000006435163,BY001,,Sales,,4.00,0.00,nos,245.00,0.00,0.0,84239020,FALSE,Head Office,Taxable,99381000000006196,IGST18,18.000000,176.40,ItemAmount,INTD,,goods,,980.00,980.00,1156.00,,Customer Pick,,Eldho
99381000008882269,2023-05-16,DC-00567,others,Draft,,99381000000098082,Cochin,99381000003573113,Marvel Scales- Aluva,KL,business_gst,32ATVPJ2032M1ZI,false,Standard Template,INR,1.00,entity_level,true,0.000,0.00,Front and Back Display(Green) PFPC(Q),,99381000005707174,FABDGP,,Sales,,2.00,0.00,nos,345.00,0.00,0.0,84239020,FALSE,Cochin,Taxable,99381000000006208,GST18,18.000000,124.20,Tax Group,,,goods,,690.00,690.00,814.00,,Customer Pick,,Teslin
99381000008882322,2023-05-17,DC-00568,others,Draft,,99381000000098082,Cochin,99381000006050120,METRO ELECTRONICS,KL,business_gst,32ALJPD6449E2ZB,false,Standard Template,INR,1.00,entity_level,true,0.000,0.00,CHOTTU MOTHERBOARD - 99MB 6V,,99381000001165607,CH602,,Sales,,1.00,0.00,nos,210.00,0.00,0.0,84239020,FALSE,Cochin,Taxable,99381000000006208,GST18,18.000000,37.80,Tax Group,,,goods,,210.00,210.00,248.00,,ST courier ,,Eldho
99381000008882362,2023-05-17,DC-00569,others,Draft,,99381000003083031,Head Office,99381000000161200,GK electronics,KL,business_gst,32CPSPM4266B1ZV,false,Standard Template,INR,1.00,entity_level,true,0.000,0.00,BY Motherboard Bench & ATMPCP,,99381000006435242,BY006,,Sales,,3.00,0.00,nos,180.00,0.00,0.0,84239020,FALSE,Head Office,Taxable,99381000000006208,GST18,18.000000,97.20,Tax Group,,,goods,,540.00,1010.00,1192.00,,ST courier ,,Teslin
99381000008882362,2023-05-17,DC-00569,others,Draft,,99381000003083031,Head Office,99381000000161200,GK electronics,KL,business_gst,32CPSPM4266B1ZV,false,Standard Template,INR,1.00,entity_level,true,0.000,0.00,Bench Green Motherboard,,99381000004929443,BGC203,,Sales,,1.00,0.00,nos,180.00,0.00,0.0,84239020,FALSE,Head Office,Taxable,99381000000006208,GST18,18.000000,32.40,Tax Group,,,goods,,180.00,1010.00,1192.00,,ST courier ,,Teslin
99381000008882362,2023-05-17,DC-00569,others,Draft,,99381000003083031,Head Office,99381000000161200,GK electronics,KL,business_gst,32CPSPM4266B1ZV,false,Standard Template,INR,1.00,entity_level,true,0.000,0.00,ATM JUNIOR FRONT DISPLAY(GREEN),,99381000007894084,AJFDG,,Sales,,1.00,0.00,nos,180.00,0.00,0.0,84239020,FALSE,Head Office,Taxable,99381000000006208,GST18,18.000000,32.40,Tax Group,,,goods,,180.00,1010.00,1192.00,,ST courier ,,Teslin
99381000008882362,2023-05-17,DC-00569,others,Draft,,99381000003083031,Head Office,99381000000161200,GK electronics,KL,business_gst,32CPSPM4266B1ZV,false,Standard Template,INR,1.00,entity_level,true,0.000,0.00,ATM PC/JUNIOR Back Display Board,,99381000000542279,APC207,,Sales,,1.00,0.00,nos,110.00,0.00,0.0,84239020,FALSE,Head Office,Taxable,99381000000006208,GST18,18.000000,19.80,Tax Group,,,goods,,110.00,1010.00,1192.00,,ST courier ,,Teslin
99381000008908087,2023-05-18,DC-00570,others,Draft,,99381000003083031,Head Office,99381000001454106,Sumer Chand & Sons,HR,business_gst,06AFMPJ3877K1ZW,false,Standard Template,INR,1.00,entity_level,true,0.000,0.00,Front and Back Display(Green) PFPC(Q),,99381000005707174,FABDGP,,Sales,,5.00,0.00,nos,345.00,0.00,0.0,84239020,FALSE,Head Office,Taxable,99381000000006196,IGST18,18.000000,310.50,ItemAmount,INTD,,goods,,1725.00,1725.00,2036.00,,Delhivery,,Teslin
99381000008911065,2023-05-19,DC-00571,others,Draft,,99381000003083031,Head Office,99381000002667003,PATEL HARDWARE AGENCIES,TN,business_gst,33AAOFP0477E1Z9,false,Standard Template,INR,1.00,entity_level,true,0.000,0.00,BY Display Bench Front and Back (Green LED),,99381000006435163,BY001,,Sales,,4.00,0.00,nos,245.00,0.00,0.0,84239020,FALSE,Head Office,Taxable,99381000000006196,IGST18,18.000000,176.40,ItemAmount,INTD,,goods,,980.00,980.00,1156.00,,Customer Pick,,Teslin
99381000008935109,2023-05-22,DC-00572,others,Draft,,99381000003083031,Head Office,99381000007438003,BAIJNATH PREMNATH SCALES,UP,business_gst,09AAPPG3724J1ZG,false,Standard Template,INR,1.00,entity_level,true,0.000,0.00,Bench PLT Motherboard,,99381000004416019,BENCHP,,Sales,,1.00,0.00,nos,180.00,0.00,0.0,84239020,FALSE,Head Office,Taxable,99381000000006196,IGST18,18.000000,32.40,ItemAmount,INTD,,goods,,180.00,475.00,561.00,,Delhivery,,Eldho
99381000008935109,2023-05-22,DC-00572,others,Draft,,99381000003083031,Head Office,99381000007438003,BAIJNATH PREMNATH SCALES,UP,business_gst,09AAPPG3724J1ZG,false,Standard Template,INR,1.00,entity_level,true,0.000,0.00,Bench PLT Keypad,,99381000004416010,BPLT002,,Sales,,1.00,0.00,nos,245.00,0.00,0.0,84239020,FALSE,Head Office,Taxable,99381000000006196,IGST18,18.000000,44.10,ItemAmount,INTD,,goods,,245.00,475.00,561.00,,Delhivery,,Eldho
99381000008935109,2023-05-22,DC-00572,others,Draft,,99381000003083031,Head Office,99381000007438003,BAIJNATH PREMNATH SCALES,UP,business_gst,09AAPPG3724J1ZG,false,Standard Template,INR,1.00,entity_level,true,0.000,0.00,,,,,,Sales,Bench PLT front display sticker,1.00,0.00,,50.00,0.00,0.0,84239020,FALSE,,Taxable,99381000000006196,IGST18,18.000000,9.00,ItemAmount,INTD,,service,,50.00,475.00,561.00,,Delhivery,,Eldho
99381000009065025,2023-06-01,DC-00573,others,Draft,,99381000003083031,Head Office,99381000000231096,Victory Scales,KL,business_gst,32AAAAV1247P1ZC,false,Standard Template,INR,1.00,entity_level,true,0.000,0.00,ECS5W MOTHER BOARD,,99381000000306276,ECS815,,Sales,,1.00,0.00,pcs,6900.00,0.00,0.0,84239020,FALSE,Head Office,Taxable,99381000000006208,GST18,18.000000,1242.00,Tax Group,,,goods,,6900.00,6900.00,8142.00,,Customer Pick,,Teslin
99381000009082172,2023-06-05,DC-00574,others,Draft,,99381000000098082,Cochin,99381000000940238,INTERWEIGHING PVT. LTD.,KL,business_gst,32AAFCI1950F1ZZ,false,Standard Template,INR,1.00,entity_level,true,0.000,0.00,Price Computing Scale with Pole-Green,,99381000005338212,ATMPCPBY828B,,Sales,Make :YESWEIGH  Capacity : 30kg/5g Display : Green,1.00,0.00,nos,2200.00,0.00,0.0,84238290,FALSE,Cochin,Taxable,99381000000006208,GST18,18.000000,396.00,Tax Group,,,goods,,2200.00,27600.00,32568.00,4,Customer Pick,,Eldho
99381000009082172,2023-06-05,DC-00574,others,Draft,,99381000000098082,Cochin,99381000000940238,INTERWEIGHING PVT. LTD.,KL,business_gst,32AAFCI1950F1ZZ,false,Standard Template,INR,1.00,entity_level,true,0.000,0.00,PRICE COMPUTING SCALE - WHITE (AY),,99381000008696634,ATMPCWH,,Sales,Make: YESWEIGH Model: YSP 30 Max:20kg e:2g Min:40g Class:III,1.00,0.00,nos,1600.00,0.00,0.0,84238190,FALSE,Cochin,Taxable,99381000000006208,GST18,18.000000,288.00,Tax Group,,,goods,,1600.00,27600.00,32568.00,,Customer Pick,,Eldho
99381000009082172,2023-06-05,DC-00574,others,Draft,,99381000000098082,Cochin,99381000000940238,INTERWEIGHING PVT. LTD.,KL,business_gst,32AAFCI1950F1ZZ,false,Standard Template,INR,1.00,entity_level,true,0.000,0.00,PRICE COMPUTING SCALE WITH POLE-GREEN,,99381000002951037,APCPQ,,Sales,"Make :YESWEIGH Model: YSP -30 
 Max :30kg e :5g
Display :Green",1.00,0.00,nos,2100.00,0.00,0.0,84231000,FALSE,Cochin,Taxable,99381000000006208,GST18,18.000000,378.00,Tax Group,,,goods,,2100.00,27600.00,32568.00,,Customer Pick,,Eldho
99381000009082172,2023-06-05,DC-00574,others,Draft,,99381000000098082,Cochin,99381000000940238,INTERWEIGHING PVT. LTD.,KL,business_gst,32AAFCI1950F1ZZ,false,Standard Template,INR,1.00,entity_level,true,0.000,0.00,PLATFORM SCALE 500X550-SS,,99381000006252224,PF5055,,Sales,"Make : YESWEIGH Model:YSP PC
Max:300 kg e: 50gm Min:1kg Class III
Full SS,Green Display,Pan size : 500x500 mm 3pin CPU power cable, Loadcell protection cover",1.00,0.00,nos,4900.00,0.00,0.0,84238190,FALSE,Cochin,Taxable,99381000000006208,GST18,18.000000,882.00,Tax Group,,,goods,,4900.00,27600.00,32568.00,,Customer Pick,,Eldho
99381000009082172,2023-06-05,DC-00574,others,Draft,,99381000000098082,Cochin,99381000000940238,INTERWEIGHING PVT. LTD.,KL,business_gst,32AAFCI1950F1ZZ,false,Standard Template,INR,1.00,entity_level,true,0.000,0.00,PLATFORM SCALE-BENCH(GREEN-O),,99381000008696613,BPCG,,Sales,Make: YESWEIGH Model:YSP-50 Max:50kg e:5g Min:100g Class:III Display : Green,1.00,0.00,nos,2300.00,0.00,0.0,84238290,FALSE,Cochin,Taxable,99381000000006208,GST18,18.000000,414.00,Tax Group,,,goods,,2300.00,27600.00,32568.00,,Customer Pick,,Eldho
99381000009082172,2023-06-05,DC-00574,others,Draft,,99381000000098082,Cochin,99381000000940238,INTERWEIGHING PVT. LTD.,KL,business_gst,32AAFCI1950F1ZZ,false,Standard Template,INR,1.00,entity_level,true,0.000,0.00,Label Printing scale Q9,,99381000000735165,TMAQ9,,Sales,Make:YESWEIGH  Model:YS-30   Max:30kg  e:5g  Min:100g  Class:III,1.00,0.00,nos,14500.00,0.00,0.0,84231000,FALSE,Cochin,Taxable,99381000000006208,GST18,18.000000,2610.00,Tax Group,,,goods,,14500.00,27600.00,32568.00,1,Customer Pick,,Eldho
99381000009144876,2023-06-08,DC-00575,others,Draft,,99381000003083031,Head Office,99381000005031136,EWAY SOLUTIONS,KL,business_registered_composition,32DPDPM1285L3ZP,false,Standard Template,INR,1.00,entity_level,true,0.000,0.00,Trolley Loadcell,,99381000009052132,TRLY04,,Sales,,1.00,0.00,nos,2200.00,0.00,0.0,84239020,FALSE,Head Office,Taxable,99381000000006208,GST18,18.000000,396.00,Tax Group,,,goods,,2200.00,2200.00,2596.00,,ST courier ,,Eldho
99381000009195021,2023-06-10,DC-00576,others,Draft,,99381000003083031,Head Office,99381000000309611,KRAUS INSTRUMENTS,KL,business_gst,32AASFK0676Q1ZM,false,Standard Template,INR,1.00,entity_level,true,0.000,0.00,0.1MG Machine Base,,99381000004434442,MB01,,Sales,,2.00,0.00,nos,16500.00,0.00,0.0,84239020,FALSE,Head Office,Taxable,99381000000006208,GST18,18.000000,5940.00,Tax Group,,,goods,,33000.00,33000.00,38940.00,,ST courier ,,Teslin
99381000009255045,2023-06-14,DC-00577,Job Work,Draft,,99381000000098082,Cochin,99381000000940238,INTERWEIGHING PVT. LTD.,KL,business_gst,32AAFCI1950F1ZZ,false,Standard Template,INR,1.00,entity_level,true,0.000,0.00,Label Printing scale Q9,,99381000000735165,TMAQ9,,Sales,"Make:YESWEIGH  Model:YS-30   Max:30kg  e:5g  Min:100g  Class:III
Serial Number: Y06208",1.00,0.00,nos,14500.00,0.00,0.0,84231000,FALSE,Cochin,Taxable,99381000000006208,GST18,18.000000,2610.00,Tax Group,,,goods,,14500.00,14500.00,17110.00,1,Customer Pick,,Eldho
99381000009308204,2023-06-17,DC-00578,Job Work,Draft,,99381000000098082,Cochin,99381000000940238,INTERWEIGHING PVT. LTD.,KL,business_gst,32AAFCI1950F1ZZ,false,Standard Template,INR,1.00,entity_level,true,0.000,0.00,PLATFORM SCALE INDICATOR ABS XK3100-B3+,,99381000008072076,PFINDXK3100B3,,Sales,,1.00,0.00,nos,1200.00,0.00,0.0,84239020,FALSE,Cochin,Taxable,99381000000006208,GST18,18.000000,216.00,Tax Group,,,goods,,1200.00,1200.00,1416.00,,Customer Pick,,Eldho
99381000009302040,2023-06-17,DC-00579,others,Draft,,99381000003083031,Head Office,99381000000112170,MEEZAN ELECTRONIC SCALES PRIVATE LIMITED,KL,business_gst,32AAECM1277C1ZY,false,Standard Template,INR,1.00,entity_level,true,0.000,0.00,Q8LBL Dot Matrix Display Set,,99381000001073021,Q8602,,Sales,,1.00,0.00,nos,1450.00,0.00,0.0,84239020,FALSE,Head Office,Taxable,99381000000006208,GST18,18.000000,261.00,Tax Group,,,goods,,1450.00,1450.00,1711.00,,ST courier ,,Eldho
99381000009333062,2023-06-19,DC-00580,others,Draft,,99381000000098082,Cochin,99381000000940238,INTERWEIGHING PVT. LTD.,KL,business_gst,32AAFCI1950F1ZZ,false,Standard Template,INR,1.00,entity_level,true,0.000,0.00,PLATFORM SCALE INDICATOR ABS XK3100-B3+,,99381000008072076,PFINDXK3100B3,,Sales,,1.00,0.00,nos,1200.00,0.00,0.0,84239020,FALSE,Cochin,Taxable,99381000000006208,GST18,18.000000,216.00,Tax Group,,,goods,,1200.00,1200.00,1416.00,,Customer Pick,,Eldho
99381000009342101,2023-06-21,DC-00581,others,Draft,,99381000003083031,Head Office,99381000003962053,MODERN BUSINESS EQUIPMENT & SERVICES PVT LTD.,HP,business_gst,02AAECM9272F1ZK,false,Standard Template,INR,1.00,entity_level,true,0.000,0.00,BODY SET ATM JUNIOR,,99381000001656758,BSAJ,,Sales,,1.00,0.00,nos,400.00,0.00,0.0,84239020,FALSE,Head Office,Taxable,99381000000006196,IGST18,18.000000,72.00,ItemAmount,INTD,,goods,,400.00,400.00,472.00,,Delhivery,,Eldho
99381000009364069,2023-06-23,DC-00582,others,Draft,,99381000000098082,Cochin,99381000002694072,GOODWILL ELECTRONICS,KA,business_gst,29AECPC8444C1ZR,false,Standard Template,INR,1.00,entity_level,true,0.000,0.00,0.1MG Machine Base,,99381000004434442,MB01,,Sales,,1.00,0.00,nos,16500.00,0.00,0.0,84239020,FALSE,Cochin,Taxable,99381000000006196,IGST18,18.000000,2970.00,ItemAmount,INTD,,goods,,16500.00,16500.00,19470.00,,ST courier ,,Eldho
99381000009364079,2023-06-23,DC-00583,others,Draft,,99381000003083031,Head Office,99381000002694072,GOODWILL ELECTRONICS,KA,business_gst,29AECPC8444C1ZR,false,Standard Template,INR,1.00,entity_level,true,0.000,0.00,APCQ BottomFront Display,,99381000009380919,APCQBO,,Sales,,1.00,0.00,nos,130.00,0.00,0.0,84239020,FALSE,Head Office,Taxable,99381000000006196,IGST18,18.000000,23.40,ItemAmount,INTD,,goods,,130.00,130.00,153.00,,ST courier ,,Teslin
99381000009396175,2023-06-26,DC-00584,others,Draft,,99381000003083031,Head Office,99381000000959493,EAGLE SCALES,TN,business_gst,33BGOPP8764M1ZG,false,Standard Template,INR,1.00,entity_level,true,0.000,0.00,ECS5W DISPLAY SET FRONT,,99381000000306342,ECS808,,Sales,,1.00,0.00,nos,1600.00,0.00,0.0,84239020,FALSE,Head Office,Taxable,99381000000006196,IGST18,18.000000,288.00,ItemAmount,INTD,,goods,,1600.00,2400.00,2832.00,,ST courier ,,Teslin
99381000009396175,2023-06-26,DC-00584,others,Draft,,99381000003083031,Head Office,99381000000959493,EAGLE SCALES,TN,business_gst,33BGOPP8764M1ZG,false,Standard Template,INR,1.00,entity_level,true,0.000,0.00,ECS5W DISPLAY BACK,,99381000000306351,ECS809,,Sales,,1.00,0.00,nos,800.00,0.00,0.0,84239020,FALSE,Head Office,Taxable,99381000000006196,IGST18,18.000000,144.00,ItemAmount,INTD,,goods,,800.00,2400.00,2832.00,,ST courier ,,Teslin
99381000009396201,2023-06-26,DC-00585,others,Draft,,99381000003083031,Head Office,99381000006050120,METRO ELECTRONICS,KL,business_gst,32ALJPD6449E2ZB,false,Standard Template,INR,1.00,entity_level,true,0.000,0.00,BY Motherboard Bench & ATMPCP,,99381000006435242,BY006,,Sales,,1.00,0.00,nos,180.00,0.00,0.0,84239020,FALSE,Head Office,Taxable,99381000000006208,GST18,18.000000,32.40,Tax Group,,,goods,,180.00,180.00,212.00,,ST courier ,,Teslin
99381000009518083,2023-07-03,DC-00586,others,Draft,,99381000003083031,Head Office,99381000000161200,GK electronics,KL,business_gst,32CPSPM4266B1ZV,false,Standard Template,INR,1.00,entity_level,true,0.000,0.00,BENCH PC GREEN MAIN BOARD,,99381000006246958,BPGMB,,Sales,,2.00,0.00,nos,160.00,0.00,0.0,84239020,FALSE,Head Office,Taxable,99381000000006208,GST18,18.000000,57.60,Tax Group,,,goods,,320.00,580.00,684.00,,ST courier ,,Eldho
99381000009518083,2023-07-03,DC-00586,others,Draft,,99381000003083031,Head Office,99381000000161200,GK electronics,KL,business_gst,32CPSPM4266B1ZV,false,Standard Template,INR,1.00,entity_level,true,0.000,0.00,BENCH PC GREEN FRONT&BACK DISPLAY,,99381000006246879,BPGFBD,,Sales,,1.00,0.00,nos,260.00,0.00,0.0,84239020,FALSE,Head Office,Taxable,99381000000006208,GST18,18.000000,46.80,Tax Group,,,goods,,260.00,580.00,684.00,,ST courier ,,Eldho
99381000009518162,2023-07-04,DC-00587,others,Draft,,99381000000098082,Cochin,99381000001137001,AMANA INSTRUMENTS,KL,business_gst,32AVVPA5492J1Z7,false,Standard Template,INR,1.00,entity_level,true,0.000,0.00,YESWEIGH BAG,,99381000007897950,BAG,,Sales,,1.00,0.00,nos,0.00,0.00,0.0,42022210,FALSE,Cochin,Taxable,99381000000006208,GST18,18.000000,0.00,Tax Group,,,goods,,0.00,0.00,0.00,,ST courier ,,Eldho
99381000009570180,2023-07-07,DC-00588,others,Draft,,99381000003083031,Head Office,99381000001505642,Annanya Industrial Equipments,HR,business_gst,06AWIPS3770K1Z0,false,Standard Template,INR,1.00,entity_level,true,0.000,0.00,ECS5W MOTHER BOARD,,99381000000306276,ECS815,,Sales,,1.00,0.00,pcs,6900.00,0.00,0.0,84239020,FALSE,Head Office,Taxable,99381000000006196,IGST18,18.000000,1242.00,ItemAmount,INTD,,goods,,6900.00,6900.00,8142.00,,Delhivery,,Eldho
99381000009570630,2023-07-07,DC-00589,others,Draft,,99381000000098082,Cochin,99381000000940238,INTERWEIGHING PVT. LTD.,KL,business_gst,32AAFCI1950F1ZZ,false,Standard Template,INR,1.00,entity_level,true,0.000,0.00,PLATFORM SCALE -BENCH (DUAL-AD),,99381000008699736,BPC50DAD2,,Sales,Make: YESWEIGH Model:YSP-50 Max:50kg e:5g Min:100g Class:III Display : Dual,1.00,0.00,nos,2100.00,0.00,0.0,84238290,FALSE,Cochin,Taxable,99381000000006208,GST18,18.000000,378.00,Tax Group,,,goods,,2100.00,235750.00,278185.00,,Customer Pick,,Eldho
99381000009570630,2023-07-07,DC-00589,others,Draft,,99381000000098082,Cochin,99381000000940238,INTERWEIGHING PVT. LTD.,KL,business_gst,32AAFCI1950F1ZZ,false,Standard Template,INR,1.00,entity_level,true,0.000,0.00,PRICE COMPUTING SCALE (DUAL-AD),,99381000008699757,ATM30DAD1,,Sales,"Max: 30kg  Min : 100g e : 5g Class III
Display : Dual",1.00,0.00,nos,1750.00,0.00,0.0,84238190,FALSE,Cochin,Taxable,99381000000006208,GST18,18.000000,315.00,Tax Group,,,goods,,1750.00,235750.00,278185.00,,Customer Pick,,Eldho
99381000009570630,2023-07-07,DC-00589,others,Draft,,99381000000098082,Cochin,99381000000940238,INTERWEIGHING PVT. LTD.,KL,business_gst,32AAFCI1950F1ZZ,false,Standard Template,INR,1.00,entity_level,true,0.000,0.00,Precision Balance JA203P (210g/0.001g),,99381000009540124,YSA213P,,Sales,Max : 210g Min : 100mg e: 1mg d : 1mg  Class : I Model :YSA,1.00,0.00,nos,8000.00,0.00,0.0,84238190,FALSE,Cochin,Taxable,99381000000006208,GST18,18.000000,1440.00,Tax Group,,,goods,,8000.00,235750.00,278185.00,,Customer Pick,,Eldho
99381000009570630,2023-07-07,DC-00589,others,Draft,,99381000000098082,Cochin,99381000000940238,INTERWEIGHING PVT. LTD.,KL,business_gst,32AAFCI1950F1ZZ,false,Standard Template,INR,1.00,entity_level,true,0.000,0.00,Jwellery Scale XY600-2C (610g/0.01g),,99381000009540143,YSJ612C,,Sales,Max : 610g Min : 200mg e: 10mg d : 10mg Class : II Model :YSJ,1.00,0.00,nos,4000.00,0.00,0.0,84238190,FALSE,Cochin,Taxable,99381000000006208,GST18,18.000000,720.00,Tax Group,,,goods,,4000.00,235750.00,278185.00,,Customer Pick,,Eldho
99381000009570630,2023-07-07,DC-00589,others,Draft,,99381000000098082,Cochin,99381000000940238,INTERWEIGHING PVT. LTD.,KL,business_gst,32AAFCI1950F1ZZ,false,Standard Template,INR,1.00,entity_level,true,0.000,0.00,Jwellery Scale XY3000-2C (3100g/0.01g),,99381000009540162,YSJ3102C,,Sales,Max : 3100g Min : 200mg e: 10mg d : 10mg Class II Model :YSJ,1.00,0.00,nos,9500.00,0.00,0.0,84238190,FALSE,Cochin,Taxable,99381000000006208,GST18,18.000000,1710.00,Tax Group,,,goods,,9500.00,235750.00,278185.00,,Customer Pick,,Eldho
99381000009570630,2023-07-07,DC-00589,others,Draft,,99381000000098082,Cochin,99381000000940238,INTERWEIGHING PVT. LTD.,KL,business_gst,32AAFCI1950F1ZZ,false,Standard Template,INR,1.00,entity_level,true,0.000,0.00,"POS TERMINAL SGT- 664 i5 15.6""",,99381000009552528,SGT664HDD280,,Sales,"i5 3RD GEN, 4+128GB SSD, 15.6'' FRONT DISPLAY,WINDOWS 10, ALLUMINIUM FOLDABLE BODY
",1.00,0.00,nos,32000.00,0.00,0.0,84714190,FALSE,Cochin,Taxable,99381000000006208,GST18,18.000000,5760.00,Tax Group,,,goods,,32000.00,235750.00,278185.00,,Customer Pick,,Eldho
99381000009570630,2023-07-07,DC-00589,others,Draft,,99381000000098082,Cochin,99381000000940238,INTERWEIGHING PVT. LTD.,KL,business_gst,32AAFCI1950F1ZZ,false,Standard Template,INR,1.00,entity_level,true,0.000,0.00,"POS TERMINAL SGT-664 i3 15""",,99381000009552671,280FI3,,Sales,"PROCESSOR: INTEL i3 3RD GEN , 4GB +128 GB SSD, 15'' FRONT DISPLAY, ALUMINIUM ALLOY CASE,COLOUR: BLACK 
",1.00,0.00,nos,30500.00,0.00,0.0,84714190,FALSE,Cochin,Taxable,99381000000006208,GST18,18.000000,5490.00,Tax Group,,,goods,,30500.00,235750.00,278185.00,,Customer Pick,,Eldho
99381000009570630,2023-07-07,DC-00589,others,Draft,,99381000000098082,Cochin,99381000000940238,INTERWEIGHING PVT. LTD.,KL,business_gst,32AAFCI1950F1ZZ,false,Standard Template,INR,1.00,entity_level,true,0.000,0.00,"POS TERMINAL SGT-668A 15.6""",,99381000009552716,668A156,,Sales,"SKU: 664A, RK3566/2GB/16GB DDR3, 15.6''  FRONT DISPLAY HD, CAPACITIVE TP, ANDROID 11 GOOGLE PLAY WIFI/BT, ALUMINIUM FOLDABLE BODY
",1.00,0.00,nos,21500.00,0.00,0.0,84714190,FALSE,Cochin,Taxable,99381000000006208,GST18,18.000000,3870.00,Tax Group,,,goods,,21500.00,235750.00,278185.00,,Customer Pick,,Eldho
99381000009570630,2023-07-07,DC-00589,others,Draft,,99381000000098082,Cochin,99381000000940238,INTERWEIGHING PVT. LTD.,KL,business_gst,32AAFCI1950F1ZZ,false,Standard Template,INR,1.00,entity_level,true,0.000,0.00,"POS TERMINAL SGT-668A 14""",,99381000009552631,SGT665A14,,Sales,"RK3566/2GB/16GB DDR3, 14''  FRONT DISPLAY HD, CAPACITIVE TP, ANDROID 11, ALUMINIUM FOLDABLE BODY
",1.00,0.00,nos,18500.00,0.00,0.0,84702900,FALSE,Cochin,Taxable,99381000000006208,GST18,18.000000,3330.00,Tax Group,,,goods,,18500.00,235750.00,278185.00,,Customer Pick,,Eldho
99381000009570630,2023-07-07,DC-00589,others,Draft,,99381000000098082,Cochin,99381000000940238,INTERWEIGHING PVT. LTD.,KL,business_gst,32AAFCI1950F1ZZ,false,Standard Template,INR,1.00,entity_level,true,0.000,0.00,POS TERMINAL SGT-A7,,99381000009552612,SGTA714A12,,Sales,"SKU: 680P, RK3566QUAD CORE, 14'' IPS SCREEN, 2GB+16GB, 80MM THERMAL PRINTER AUTO, CUTTER, ANDROID 11
",1.00,0.00,nos,23750.00,0.00,0.0,84714190,FALSE,Cochin,Taxable,99381000000006208,GST18,18.000000,4275.00,Tax Group,,,goods,,23750.00,235750.00,278185.00,,Customer Pick,,Eldho
99381000009570630,2023-07-07,DC-00589,others,Draft,,99381000000098082,Cochin,99381000000940238,INTERWEIGHING PVT. LTD.,KL,business_gst,32AAFCI1950F1ZZ,false,Standard Template,INR,1.00,entity_level,true,0.000,0.00,POS TERMINAL SGT-101 (A12PRO),,99381000009552547,SGT101116,,Sales,"RK3566QUAD CORE, 11.6'' IPS SCREEN, 2GB+16GB, 80MM THERMAL PRINTER, 
",1.00,0.00,nos,20500.00,0.00,0.0,84714190,FALSE,Cochin,Taxable,99381000000006208,GST18,18.000000,3690.00,Tax Group,,,goods,,20500.00,235750.00,278185.00,,Customer Pick,,Eldho
99381000009570630,2023-07-07,DC-00589,others,Draft,,99381000000098082,Cochin,99381000000940238,INTERWEIGHING PVT. LTD.,KL,business_gst,32AAFCI1950F1ZZ,false,Standard Template,INR,1.00,entity_level,true,0.000,0.00,POS TERMINAL SGT-A1 Q6+NFC,,99381000009557042,Q6NFC,,Sales,"PROCESSOR: MTK6580(1.3GHz), 5'' IPS DISPLAY, RAM:2GB  ROM:16GB, PPRINTER: 58MM(2''), WIFI WITH 4G  NFC, ANDROID 11
",1.00,0.00,nos,14000.00,0.00,0.0,84714190,FALSE,Cochin,Taxable,99381000000006208,GST18,18.000000,2520.00,Tax Group,,,goods,,14000.00,235750.00,278185.00,,Customer Pick,,Eldho
99381000009570630,2023-07-07,DC-00589,others,Draft,,99381000000098082,Cochin,99381000000940238,INTERWEIGHING PVT. LTD.,KL,business_gst,32AAFCI1950F1ZZ,false,Standard Template,INR,1.00,entity_level,true,0.000,0.00,POS TERMINAL SGT-A1 Q6,,99381000009557023,Q6,,Sales,"PROCESSOR: MTK6580(1.3GHz), 5'' IPS DISPLAY, RAM:2GB  ROM:16GB, PPRINTER: 58MM(2''), WIFI WITH 4G , ANDROID 11
",1.00,0.00,nos,11500.00,0.00,0.0,84714190,FALSE,Cochin,Taxable,99381000000006208,GST18,18.000000,2070.00,Tax Group,,,goods,,11500.00,235750.00,278185.00,,Customer Pick,,Eldho
99381000009570630,2023-07-07,DC-00589,others,Draft,,99381000000098082,Cochin,99381000000940238,INTERWEIGHING PVT. LTD.,KL,business_gst,32AAFCI1950F1ZZ,false,Standard Template,INR,1.00,entity_level,true,0.000,0.00,POS TERMINAL SGT-A1 Q3,,99381000009552566,Q3,,Sales,"PROCESSOR: MTK6580(1.3GHz), 5'' IPS DISPLAY, RAM:1GB  ROM:8GB, PPRINTER: 58MM(2'')
",1.00,0.00,nos,10500.00,0.00,0.0,84714190,FALSE,Cochin,Taxable,99381000000006208,GST18,18.000000,1890.00,Tax Group,,,goods,,10500.00,235750.00,278185.00,,Customer Pick,,Eldho
99381000009570630,2023-07-07,DC-00589,others,Draft,,99381000000098082,Cochin,99381000000940238,INTERWEIGHING PVT. LTD.,KL,business_gst,32AAFCI1950F1ZZ,false,Standard Template,INR,1.00,entity_level,true,0.000,0.00,LABEL PRINTER THERMAL TRANSFER,,99381000009557082,XPTT426B,,Sales,,1.00,0.00,nos,8750.00,0.00,0.0,84433290,FALSE,Cochin,Taxable,99381000000006208,GST18,18.000000,1575.00,Tax Group,,,goods,,8750.00,235750.00,278185.00,,Customer Pick,,Eldho
99381000009570630,2023-07-07,DC-00589,others,Draft,,99381000000098082,Cochin,99381000000940238,INTERWEIGHING PVT. LTD.,KL,business_gst,32AAFCI1950F1ZZ,false,Standard Template,INR,1.00,entity_level,true,0.000,0.00,THERMAL PRINTER SGT-88IV(U+L),,99381000009552737,XP350BUL,,Sales,"USB+LAN
",1.00,0.00,nos,4200.00,0.00,0.0,84433290,FALSE,Cochin,Taxable,99381000000006208,GST18,18.000000,756.00,Tax Group,,,goods,,4200.00,235750.00,278185.00,,Customer Pick,,Eldho
99381000009570630,2023-07-07,DC-00589,others,Draft,,99381000000098082,Cochin,99381000000940238,INTERWEIGHING PVT. LTD.,KL,business_gst,32AAFCI1950F1ZZ,false,Standard Template,INR,1.00,entity_level,true,0.000,0.00,THERMAL PRINTER WITH WIFI,,99381000009552781,XP350BW,,Sales,,1.00,0.00,nos,4900.00,0.00,0.0,84433290,FALSE,Cochin,Taxable,99381000000006208,GST18,18.000000,882.00,Tax Group,,,goods,,4900.00,235750.00,278185.00,,Customer Pick,,Eldho
99381000009570630,2023-07-07,DC-00589,others,Draft,,99381000000098082,Cochin,99381000000940238,INTERWEIGHING PVT. LTD.,KL,business_gst,32AAFCI1950F1ZZ,false,Standard Template,INR,1.00,entity_level,true,0.000,0.00,BARCODE SCANNER EF10 1D HANDY,,99381000009552652,PT60SCR7,,Sales,"TYPE: CCD, INTERFACE: USB
",1.00,0.00,nos,1400.00,0.00,0.0,84706050,FALSE,Cochin,Taxable,99381000000006208,GST18,18.000000,252.00,Tax Group,,,goods,,1400.00,235750.00,278185.00,,Customer Pick,,Eldho
99381000009570630,2023-07-07,DC-00589,others,Draft,,99381000000098082,Cochin,99381000000940238,INTERWEIGHING PVT. LTD.,KL,business_gst,32AAFCI1950F1ZZ,false,Standard Template,INR,1.00,entity_level,true,0.000,0.00,BARCODE 2D SCANNER PT-138,,99381000009557063,PT138SCR88,,Sales,,1.00,0.00,nos,3600.00,0.00,0.0,84733099,FALSE,Cochin,Taxable,99381000000006208,GST18,18.000000,648.00,Tax Group,,,goods,,3600.00,235750.00,278185.00,,Customer Pick,,Eldho
99381000009570630,2023-07-07,DC-00589,others,Draft,,99381000000098082,Cochin,99381000000940238,INTERWEIGHING PVT. LTD.,KL,business_gst,32AAFCI1950F1ZZ,false,Standard Template,INR,1.00,entity_level,true,0.000,0.00,THERMAL PRINTER WITH BLUETOOTH,,99381000009552762,XP350BBT,,Sales,,1.00,0.00,nos,4800.00,0.00,0.0,84433290,FALSE,Cochin,Taxable,99381000000006208,GST18,18.000000,864.00,Tax Group,,,goods,,4800.00,235750.00,278185.00,,Customer Pick,,Eldho
99381000009570916,2023-07-10,DC-00590,others,Draft,,99381000003083031,Head Office,99381000000114383,ACCURATE TRADE LINKS,KL,business_gst,32AHJPK1741Q1Z4,false,Standard Template,INR,1.00,entity_level,true,0.000,0.00,,,,,,Sales,ECS5W PAN FULL SET ,1.00,0.00,,1000.00,0.00,0.0,84239020,FALSE,,Taxable,99381000000006208,GST18,18.000000,180.00,Tax Group,,,service,,1000.00,1000.00,1180.00,,ST courier ,,Teslin
99381000009570976,2023-07-10,DC-00591,others,Draft,,99381000000098082,Cochin,99381000005074017,ELMASS’ Weighing & Automation Pvt. Ltd,KL,business_gst,32AAGCE7631N1ZF,false,Standard Template,INR,1.00,entity_level,true,0.000,0.00,CHICKEN SCALE 300KG MS,,99381000001933021,CS400X400MS,,Sales,"Make : YESWEIGH Model : YSC
Max : 300kg e:50g Min:1kg
Class : III",2.00,0.00,nos,3600.00,0.00,0.0,84239010,FALSE,Cochin,Taxable,99381000000006208,GST18,18.000000,1296.00,Tax Group,,,goods,,7200.00,7200.00,8496.00,1,Customer Pick,,Eldho
99381000009595170,2023-07-11,DC-00592,others,Draft,,99381000003083031,Head Office,99381000007438003,BAIJNATH PREMNATH SCALES,UP,business_gst,09AAPPG3724J1ZG,false,Standard Template,INR,1.00,entity_level,true,0.000,0.00,Keypad PFPC(Q),,99381000005707144,KEYPA3,,Sales,,1.00,0.00,nos,120.00,0.00,0.0,84239020,FALSE,Head Office,Taxable,99381000000006196,IGST18,18.000000,21.60,ItemAmount,INTD,,goods,,120.00,270.00,319.00,,Delhivery,,Eldho
99381000009595170,2023-07-11,DC-00592,others,Draft,,99381000003083031,Head Office,99381000007438003,BAIJNATH PREMNATH SCALES,UP,business_gst,09AAPPG3724J1ZG,false,Standard Template,INR,1.00,entity_level,true,0.000,0.00,Motherboard PF PC(Q),,99381000005650001,MPPQ,,Sales,,1.00,0.00,nos,150.00,0.00,0.0,84239020,FALSE,Head Office,Taxable,99381000000006196,IGST18,18.000000,27.00,ItemAmount,INTD,,goods,,150.00,270.00,319.00,,Delhivery,,Eldho
99381000009615001,2023-07-12,DC-00593,others,Draft,,99381000000098082,Cochin,99381000000309611,KRAUS INSTRUMENTS,KL,business_gst,32AASFK0676Q1ZM,false,Standard Template,INR,1.00,entity_level,true,0.000,0.00,Analytical Balance 200g/0.0001g -External,,99381000003934056,YSA204E,,Sales,"Model :YSA  SKU : YSA 2004E
Max :205.008 g e:1mg d: 0.1mg Min :100mg",1.00,0.00,nos,14000.00,0.00,0.0,90160020,FALSE,Cochin,Taxable,99381000000006208,GST18,18.000000,2520.00,Tax Group,,,goods,,14000.00,69200.00,81656.00,1,ST courier ,,Eldho
99381000009615001,2023-07-12,DC-00593,others,Draft,,99381000000098082,Cochin,99381000000309611,KRAUS INSTRUMENTS,KL,business_gst,32AASFK0676Q1ZM,false,Standard Template,INR,1.00,entity_level,true,0.000,0.00,Moisture Analyzer  XY100MW (110g/0.001g),,99381000009540189,YSJ100MW,,Sales,"Max : 110g, Min : 100mg e: 1mg d: 1mg
Class : I",1.00,0.00,nos,46000.00,0.00,0.0,84238190,FALSE,Cochin,Taxable,99381000000006208,GST18,18.000000,8280.00,Tax Group,,,goods,,46000.00,69200.00,81656.00,,ST courier ,,Eldho
99381000009615001,2023-07-12,DC-00593,others,Draft,,99381000000098082,Cochin,99381000000309611,KRAUS INSTRUMENTS,KL,business_gst,32AASFK0676Q1ZM,false,Standard Template,INR,1.00,entity_level,true,0.000,0.00,Density Balance X600-2CM (610g/0.01g),,99381000009540208,YSJ612CM,,Sales,"Max : 610g, Min : 200mg e: 10mg d: 10mg Class : II",1.00,0.00,nos,9200.00,0.00,0.0,84238190,FALSE,Cochin,Taxable,99381000000006208,GST18,18.000000,1656.00,Tax Group,,,goods,,9200.00,69200.00,81656.00,,ST courier ,,Eldho
99381000009684261,2023-07-18,DC-00594,others,Draft,,99381000003083031,Head Office,99381000002950001,SURYA ELECTRONICS WEIGHING SCALES,KL,business_gst,32FJIPB8439L1ZX,false,Standard Template,INR,1.00,entity_level,true,0.000,0.00,BY ATMPCW Display Front and Back( Red LED),,99381000007334108,BY015,,Sales,,1.00,0.00,nos,195.00,0.00,0.0,84239020,FALSE,Head Office,Taxable,99381000000006208,GST18,18.000000,35.10,Tax Group,,,goods,,195.00,195.00,230.00,,Customer Pick,,Teslin
99381000009718035,2023-07-19,DC-00595,others,Draft,,99381000003083031,Head Office,99381000000154574,TAKYON SYSTEMS,KL,business_gst,32AANFT0176D1ZE,false,Standard Template,INR,1.00,entity_level,true,0.000,0.00,Q8LBL Dot Matrix Display Set,,99381000001073021,Q8602,,Sales,,1.00,0.00,nos,1450.00,0.00,0.0,84239020,FALSE,Head Office,Taxable,99381000000006208,GST18,18.000000,261.00,Tax Group,,,goods,,1450.00,1450.00,1711.00,,ST courier ,,Teslin
99381000009718045,2023-07-19,DC-00596,others,Draft,,99381000003083031,Head Office,99381000002173957,SAI SYSTEM AND SERVICES,TN,business_gst,33ACCFS3099K1ZT,false,Standard Template,INR,1.00,entity_level,true,0.000,0.00,BODY SET ATM JUNIOR,,99381000001656758,BSAJ,,Sales,,3.00,0.00,nos,400.00,0.00,0.0,84239020,FALSE,Head Office,Taxable,99381000000006196,IGST18,18.000000,216.00,ItemAmount,INTD,,goods,,1200.00,1200.00,1416.00,,ST courier ,,Teslin
99381000009718055,2023-07-19,DC-00597,others,Draft,,99381000003083031,Head Office,99381000001346003,S.P Electronics,WB,business_gst,19HFFPS0981M1ZL,false,Standard Template,INR,1.00,entity_level,true,0.000,0.00,BODY SET ATM JUNIOR,,99381000001656758,BSAJ,,Sales,,5.00,0.00,nos,400.00,0.00,0.0,84239020,FALSE,Head Office,Taxable,99381000000006196,IGST18,18.000000,360.00,ItemAmount,INTD,,goods,,2000.00,2000.00,2360.00,,ST courier ,,Eldho
99381000009794167,2023-07-22,DC-00598,others,Open,Not Invoiced,99381000000098082,Cochin,99381000005074017,ELMASS’ Weighing & Automation Pvt. Ltd,KL,business_gst,32AAGCE7631N1ZF,false,Standard Template,INR,1.00,entity_level,true,0.000,0.00,POS TERMINAL SGT-A1 Q6,,99381000009557023,Q6,,Sales,"PROCESSOR: MTK6580(1.3GHz), 5'' IPS DISPLAY, RAM:2GB  ROM:16GB, PPRINTER: 58MM(2''), WIFI WITH 4G , ANDROID 11
",2.00,0.00,nos,10500.00,0.00,0.0,84714190,FALSE,Cochin,Taxable,99381000000006208,GST18,18.000000,3780.00,Tax Group,,,goods,,21000.00,21000.00,24780.00,,Customer Pick,,Eldho
99381000009796098,2023-07-24,DC-00599,others,Draft,,99381000003083031,Head Office,99381000003573113,Marvel Scales- Aluva,KL,business_gst,32ATVPJ2032M1ZI,false,Standard Template,INR,1.00,entity_level,true,0.000,0.00,BY Display Bench Front and Back (Green LED),,99381000006435163,BY001,,Sales,,1.00,0.00,nos,245.00,0.00,0.0,84239020,FALSE,Head Office,Taxable,99381000000006208,GST18,18.000000,44.10,Tax Group,,,goods,,245.00,245.00,289.00,,Customer Pick,,Teslin
99381000009800077,2023-07-25,DC-00600,Supply on Approval,Draft,,99381000000098082,Cochin,99381000005074017,ELMASS’ Weighing & Automation Pvt. Ltd,KL,business_gst,32AAGCE7631N1ZF,false,Standard Template,INR,1.00,entity_level,true,0.000,0.00,Precision Balance JA203P (210g/0.001g),,99381000009540124,YSA213P,,Sales,Max : 210g Min : 100mg e: 1mg d : 1mg  Class : I Model :YSA,1.00,0.00,nos,8000.00,0.00,0.0,84238190,FALSE,Cochin,Taxable,99381000000006208,GST18,18.000000,1440.00,Tax Group,,,goods,,8000.00,8000.00,9440.00,,,,
99381000009804086,2023-07-26,DC-00601,others,Draft,,99381000003083031,Head Office,99381000007024011,SAFE ELECTRONIC,KL,business_gst,32AJDPT1863E1ZE,false,Standard Template,INR,1.00,entity_level,true,0.000,0.00,AC Cord wire CPU Cord(3 yard),,99381000002008032,CW3X3,,Sales,,2.00,0.00,nos,62.00,0.00,0.0,84239020,FALSE,Head Office,Taxable,99381000000006208,GST18,18.000000,22.32,Tax Group,,,goods,,124.00,284.00,335.00,,ST courier ,,Eldho
99381000009804086,2023-07-26,DC-00601,others,Draft,,99381000003083031,Head Office,99381000007024011,SAFE ELECTRONIC,KL,business_gst,32AJDPT1863E1ZE,false,Standard Template,INR,1.00,entity_level,true,0.000,0.00,,,,,,Sales,ATM WHITE LEG,8.00,0.00,,20.00,0.00,0.0,84239020,FALSE,,Taxable,99381000000006208,GST18,18.000000,28.80,Tax Group,,,service,,160.00,284.00,335.00,,ST courier ,,Eldho
99381000009853191,2023-07-28,DC-00602,others,Draft,,99381000000098082,Cochin,99381000000940238,INTERWEIGHING PVT. LTD.,KL,business_gst,32AAFCI1950F1ZZ,false,Standard Template,INR,1.00,entity_level,true,0.000,0.00,POS TERMINAL SGT-A1 Q3,,99381000009552566,Q3,,Sales,"PROCESSOR: MTK6580(1.3GHz), 5'' IPS DISPLAY, RAM:1GB  ROM:8GB, PPRINTER: 58MM(2'')
",1.00,0.00,nos,10500.00,0.00,0.0,84714190,FALSE,Cochin,Taxable,99381000000006208,GST18,18.000000,1890.00,Tax Group,,,goods,,10500.00,22000.00,25960.00,,Customer Pick,,Eldho
99381000009853191,2023-07-28,DC-00602,others,Draft,,99381000000098082,Cochin,99381000000940238,INTERWEIGHING PVT. LTD.,KL,business_gst,32AAFCI1950F1ZZ,false,Standard Template,INR,1.00,entity_level,true,0.000,0.00,POS TERMINAL SGT-A1 Q6,,99381000009557023,Q6,,Sales,"PROCESSOR: MTK6580(1.3GHz), 5'' IPS DISPLAY, RAM:2GB  ROM:16GB, PPRINTER: 58MM(2''), WIFI WITH 4G , ANDROID 11
",1.00,0.00,nos,11500.00,0.00,0.0,84714190,FALSE,Cochin,Taxable,99381000000006208,GST18,18.000000,2070.00,Tax Group,,,goods,,11500.00,22000.00,25960.00,,Customer Pick,,Eldho
99381000009867166,2023-07-28,DC-00603,others,Delivered,Not Invoiced,99381000003083031,Head Office,99381000000112170,MEEZAN ELECTRONIC SCALES PRIVATE LIMITED,KL,business_gst,32AAECM1277C1ZY,false,Standard Template,INR,1.00,entity_level,true,0.000,0.00,BY Motherboard Bench & ATMPCP,,99381000006435242,BY006,,Sales,,1.00,0.00,nos,180.00,0.00,0.0,84239020,FALSE,Head Office,Taxable,99381000000006208,GST18,18.000000,32.40,Tax Group,,,goods,,180.00,2380.00,2808.00,,ST courier ,,Teslin
99381000009867166,2023-07-28,DC-00603,others,Delivered,Not Invoiced,99381000003083031,Head Office,99381000000112170,MEEZAN ELECTRONIC SCALES PRIVATE LIMITED,KL,business_gst,32AAECM1277C1ZY,false,Standard Template,INR,1.00,entity_level,true,0.000,0.00,Q9LBL PRINT HEAD,,99381000001663314,Q9703,,Sales,,1.00,0.00,nos,2200.00,0.00,0.0,84239020,FALSE,Head Office,Taxable,99381000000006208,GST18,18.000000,396.00,Tax Group,,,goods,,2200.00,2380.00,2808.00,,ST courier ,,Teslin
99381000009860123,2023-07-29,DC-00604,Job Work,Draft,,99381000000098082,Cochin,99381000009860101,Sanoft Technologies Pvt Ltd,KL,business_none,,false,Standard Template,INR,1.00,entity_level,true,0.000,0.00,LABEL PRINTER THERMAL TRANSFER,,99381000009557082,XPTT426B,,Sales,,1.00,0.00,nos,8750.00,0.00,0.0,84433290,FALSE,Cochin,Taxable,99381000000006208,GST18,18.000000,1575.00,Tax Group,,,goods,,8750.00,8750.00,10325.00,,ST courier ,,Eldho
99381000009918120,2023-08-01,DC-00605,others,Draft,,99381000000098082,Cochin,99381000000940238,INTERWEIGHING PVT. LTD.,KL,business_gst,32AAFCI1950F1ZZ,false,Standard Template,INR,1.00,entity_level,true,0.000,0.00,Density Balance X600-2CM (610g/0.01g),,99381000009540208,YSJ612CM,,Sales,"Max : 610g, Min : 200mg e: 10mg d: 10mg Class : II",1.00,0.00,nos,14000.00,0.00,0.0,84238190,FALSE,Cochin,Taxable,99381000000006208,GST18,18.000000,2520.00,Tax Group,,,goods,,14000.00,86000.00,101480.00,,Customer Pick,,Eldho
99381000009918120,2023-08-01,DC-00605,others,Draft,,99381000000098082,Cochin,99381000000940238,INTERWEIGHING PVT. LTD.,KL,business_gst,32AAFCI1950F1ZZ,false,Standard Template,INR,1.00,entity_level,true,0.000,0.00,Moisture Analyzer  XY100MW (110g/0.001g),,99381000009540189,YSJ100MW,,Sales,"Max : 110g, Min : 100mg e: 1mg d: 1mg
Class : I",1.00,0.00,nos,72000.00,0.00,0.0,84238190,FALSE,Cochin,Taxable,99381000000006208,GST18,18.000000,12960.00,Tax Group,,,goods,,72000.00,86000.00,101480.00,,Customer Pick,,Eldho
99381000009969001,2023-08-02,DC-00606,others,Draft,,99381000003083031,Head Office,99381000002549012,ROYAL SCALES,KL,business_none,,false,Standard Template,INR,1.00,entity_level,true,0.000,0.00,BY Display Bench Front and Back (Red LED),,99381000006435178,BY002,,Sales,,1.00,0.00,nos,245.00,0.00,0.0,84239020,FALSE,Head Office,Taxable,99381000000006208,GST18,18.000000,44.10,Tax Group,,,goods,,245.00,965.00,1139.00,,ST courier ,,Teslin
99381000009969001,2023-08-02,DC-00606,others,Draft,,99381000003083031,Head Office,99381000002549012,ROYAL SCALES,KL,business_none,,false,Standard Template,INR,1.00,entity_level,true,0.000,0.00,Load Cell 130 KG,,99381000001577049,BPC118,,Sales,,1.00,0.00,nos,220.00,0.00,0.0,84239020,FALSE,Head Office,Taxable,99381000000006208,GST18,18.000000,39.60,Tax Group,,,goods,,220.00,965.00,1139.00,,ST courier ,,Teslin
99381000009969001,2023-08-02,DC-00606,others,Draft,,99381000003083031,Head Office,99381000002549012,ROYAL SCALES,KL,business_none,,false,Standard Template,INR,1.00,entity_level,true,0.000,0.00,PLATFORM LOAD CELL 400 KG,,99381000001140770,PLCK40,,Sales,,1.00,0.00,nos,500.00,0.00,0.0,84239020,FALSE,Head Office,Taxable,99381000000006208,GST18,18.000000,90.00,Tax Group,,,goods,,500.00,965.00,1139.00,,ST courier ,,Teslin
99381000010021114,2023-08-04,DC-00607,others,Draft,,99381000000098082,Cochin,99381000000940238,INTERWEIGHING PVT. LTD.,KL,business_gst,32AAFCI1950F1ZZ,false,Standard Template,INR,1.00,entity_level,true,0.000,0.00,POS TERMINAL SGT-101 (A12PRO),,99381000009552547,SGT101116,,Sales,"RK3566QUAD CORE, 11.6'' IPS SCREEN, 2GB+16GB, 80MM THERMAL PRINTER, 
",1.00,0.00,nos,20500.00,0.00,0.0,84714190,FALSE,Cochin,Taxable,99381000000006208,GST18,18.000000,3690.00,Tax Group,,,goods,,20500.00,24500.00,28910.00,,Customer Pick,,Eldho
99381000010021114,2023-08-04,DC-00607,others,Draft,,99381000000098082,Cochin,99381000000940238,INTERWEIGHING PVT. LTD.,KL,business_gst,32AAFCI1950F1ZZ,false,Standard Template,INR,1.00,entity_level,true,0.000,0.00,BARCODE SCANNER PT-138 2D,,99381000007202133,PT138,,Sales,,1.00,0.00,nos,4000.00,0.00,0.0,84716050,FALSE,Cochin,Taxable,99381000000006208,GST18,18.000000,720.00,Tax Group,,,goods,,4000.00,24500.00,28910.00,,Customer Pick,,Eldho
99381000010046001,2023-08-05,DC-00608,others,Draft,,99381000003083031,Head Office,99381000002549012,ROYAL SCALES,KL,business_none,,false,Standard Template,INR,1.00,entity_level,true,0.000,0.00,Bench PLT Loadcell 180kg,,99381000004416055,PLC180,,Sales,,1.00,0.00,nos,245.00,0.00,0.0,84239020,FALSE,Head Office,Taxable,99381000000006208,GST18,18.000000,44.10,Tax Group,,,goods,,245.00,245.00,289.00,,ST courier ,,Teslin
99381000010049001,2023-08-05,DC-00609,others,Draft,,99381000003083031,Head Office,99381000002696673,AFFAN ENTERPRISES,MH,business_gst,27DDTPA9576C1Z4,false,Standard Template,INR,1.00,entity_level,true,0.000,0.00,APCPQ Pole connector,,99381000010045245,APCPQ3,,Sales,,1.00,0.00,nos,60.00,0.00,0.0,84239020,FALSE,Head Office,Taxable,99381000000006196,IGST18,18.000000,10.80,ItemAmount,INTD,,goods,,60.00,220.00,260.00,,Delhivery,,Eldho
99381000010049001,2023-08-05,DC-00609,others,Draft,,99381000003083031,Head Office,99381000002696673,AFFAN ENTERPRISES,MH,business_gst,27DDTPA9576C1Z4,false,Standard Template,INR,1.00,entity_level,true,0.000,0.00,AY ATM PC-WH Weigh pan leg,,99381000009223084,AAPWWP,,Sales,,8.00,0.00,nos,20.00,0.00,0.0,84239020,FALSE,Head Office,Taxable,99381000000006196,IGST18,18.000000,28.80,ItemAmount,INTD,,goods,,160.00,220.00,260.00,,Delhivery,,Eldho
99381000010047074,2023-08-07,DC-00610,others,Draft,,99381000000098082,Cochin,99381000000940238,INTERWEIGHING PVT. LTD.,KL,business_gst,32AAFCI1950F1ZZ,false,Standard Template,INR,1.00,entity_level,true,0.000,0.00,PLATFORM SCALE,,99381000005898921,PLATFO,,Sales,"Make: YESWEIGH Model: YSP PC
Capacity :50kg/5g Size : 30*34 
Display : Green",1.00,0.00,nos,2400.00,0.00,0.0,84238290,FALSE,Cochin,Taxable,99381000000006208,GST18,18.000000,432.00,Tax Group,,,goods,,2400.00,2400.00,2832.00,,Customer Pick,,Eldho
99381000010068001,2023-08-08,DC-00611,others,Draft,,99381000003083031,Head Office,99381000002072057,Mathi Scales,TN,business_gst,33AANFM5279L1ZO,false,Standard Template,INR,1.00,entity_level,true,0.000,0.00,BY Display ATMPCP Front and Back (Green LED),,99381000006435197,BY003,,Sales,,1.00,0.00,nos,310.00,0.00,0.0,84239020,FALSE,Head Office,Taxable,99381000000006196,IGST18,18.000000,55.80,ItemAmount,INTD,,goods,,310.00,1210.00,1428.00,,ST courier ,,Teslin
99381000010068001,2023-08-08,DC-00611,others,Draft,,99381000003083031,Head Office,99381000002072057,Mathi Scales,TN,business_gst,33AANFM5279L1ZO,false,Standard Template,INR,1.00,entity_level,true,0.000,0.00,STEEL PAN (OEM BENCH),,99381000006107232,BGC212,,Sales,,3.00,0.00,nos,300.00,0.00,0.0,84239020,FALSE,Head Office,Taxable,99381000000006196,IGST18,18.000000,162.00,ItemAmount,INTD,,goods,,900.00,1210.00,1428.00,,ST courier ,,Teslin
99381000010068013,2023-08-08,DC-00612,others,Draft,,99381000003083031,Head Office,99381000007927177,QUALITY THRASS,KL,business_gst,32AEHPR3891R1ZO,false,Standard Template,INR,1.00,entity_level,true,0.000,0.00,BY Display ATMPCP Front and Back (Green LED),,99381000006435197,BY003,,Sales,,1.00,0.00,nos,310.00,0.00,0.0,84239020,FALSE,Head Office,Taxable,99381000000006208,GST18,18.000000,55.80,Tax Group,,,goods,,310.00,310.00,366.00,,ST courier ,,Teslin
99381000010075115,2023-08-09,DC-00613,others,Draft,,99381000003083031,Head Office,99381000005496103,MALABAR SCALES- Thirssur,KL,business_none,,false,Standard Template,INR,1.00,entity_level,true,0.000,0.00,Loadcell 500 kg 25 x25- 40 mm 4 HOLE,,99381000002001119,LC500,,Sales,,2.00,0.00,nos,410.00,0.00,0.0,84239020,FALSE,Head Office,Taxable,99381000000006208,GST18,18.000000,147.60,Tax Group,,,goods,,820.00,820.00,968.00,,ST courier ,,Teslin
99381000010075289,2023-08-09,DC-00614,others,Draft,,99381000003083031,Head Office,99381000000126001,YELLOW SCALES,KL,business_gst,32CPDPS6051P1ZG,false,Standard Template,INR,1.00,entity_level,true,0.000,0.00,ATM JUNIOR FRONT DISPLAY(GREEN),,99381000007894084,AJFDG,,Sales,,1.00,0.00,nos,180.00,0.00,0.0,84239020,FALSE,Head Office,Taxable,99381000000006208,GST18,18.000000,32.40,Tax Group,,,goods,,180.00,180.00,212.00,,Customer Pick,,Teslin
99381000010075299,2023-08-09,DC-00615,others,Draft,,99381000000098082,Cochin,99381000005894249,JHT ELECTRONICS,KL,business_gst,32AAMFJ4623J1ZC,false,Standard Template,INR,1.00,entity_level,true,0.000,0.00,,,,,,Sales,ben head,1.00,0.00,,200.00,0.00,0.0,84239020,FALSE,,Taxable,99381000000006208,GST18,18.000000,36.00,Tax Group,,,service,,200.00,200.00,236.00,,ST courier ,,Eldho
99381000010147039,2023-08-11,DC-00616,others,Draft,,99381000003083031,Head Office,99381000000201819,SAFAL ENTERPRISE PVT. LTD,GJ,business_gst,24ABFCS6034B1ZR,false,Standard Template,INR,1.00,entity_level,true,0.000,0.00,Loadcell 500 kg 25 x25- 40 mm 4 HOLE,,99381000002001119,LC500,,Sales,Spare   Spending   for Replacement,2.00,0.00,nos,410.00,0.00,0.0,84239020,FALSE,Head Office,Taxable,99381000000006196,IGST18,18.000000,147.60,ItemAmount,INTD,,goods,,820.00,820.00,968.00,,Delhivery,,Teslin
99381000010163001,2023-08-11,DC-00617,others,Draft,,99381000003083031,Head Office,99381000000114383,ACCURATE TRADE LINKS,KL,business_gst,32AHJPK1741Q1Z4,false,Standard Template,INR,1.00,entity_level,true,0.000,0.00,ECS5W MOTHER BOARD,,99381000000306276,ECS815,,Sales,,1.00,0.00,pcs,6900.00,0.00,0.0,84239020,FALSE,Head Office,Taxable,99381000000006208,GST18,18.000000,1242.00,Tax Group,,,goods,,6900.00,8290.00,9782.00,,,,
99381000010163001,2023-08-11,DC-00617,others,Draft,,99381000003083031,Head Office,99381000000114383,ACCURATE TRADE LINKS,KL,business_gst,32AHJPK1741Q1Z4,false,Standard Template,INR,1.00,entity_level,true,0.000,0.00,ECS5W PRINTER MAIN BOARD,,99381000000306360,ECS807,,Sales,,1.00,0.00,nos,350.00,0.00,0.0,84239020,FALSE,Head Office,Taxable,99381000000006208,GST18,18.000000,63.00,Tax Group,,,goods,,350.00,8290.00,9782.00,,,,
99381000010163001,2023-08-11,DC-00617,others,Draft,,99381000003083031,Head Office,99381000000114383,ACCURATE TRADE LINKS,KL,business_gst,32AHJPK1741Q1Z4,false,Standard Template,INR,1.00,entity_level,true,0.000,0.00,Q10 LBL BACK DISPLAY,,99381000006246644,QLBD10,,Sales,,1.00,0.00,nos,1040.00,0.00,0.0,84239020,FALSE,Head Office,Taxable,99381000000006208,GST18,18.000000,187.20,Tax Group,,,goods,,1040.00,8290.00,9782.00,,,,
99381000010212386,2023-08-16,DC-00618,others,Delivered,Not Invoiced,99381000003083031,Head Office,99381000000364094,TRAAS TECH,KL,business_gst,32AAPFT2527C1ZF,false,Standard Template,INR,1.00,entity_level,true,0.000,0.00,BY Motherboard Bench & ATMPCP,,99381000006435242,BY006,,Sales,,1.00,0.00,nos,180.00,0.00,0.0,84239020,FALSE,Head Office,Taxable,99381000000006208,GST18,18.000000,32.40,Tax Group,,,goods,,180.00,400.00,472.00,,ST courier ,,Teslin
99381000010212386,2023-08-16,DC-00618,others,Delivered,Not Invoiced,99381000003083031,Head Office,99381000000364094,TRAAS TECH,KL,business_gst,32AAPFT2527C1ZF,false,Standard Template,INR,1.00,entity_level,true,0.000,0.00,Load Cell 130 KG,,99381000001577049,BPC118,,Sales,,1.00,0.00,nos,220.00,0.00,0.0,84239020,FALSE,Head Office,Taxable,99381000000006208,GST18,18.000000,39.60,Tax Group,,,goods,,220.00,400.00,472.00,,ST courier ,,Teslin
99381000010212441,2023-08-16,DC-00619,others,Delivered,Not Invoiced,99381000003083031,Head Office,99381000000747828,Venkatachalam,TN,business_gst,33AACPH9039A1Z8,false,Standard Template,INR,1.00,entity_level,true,0.000,0.00,Q8LBL LABEL GAP SENSOR,,99381000001663215,Q8613,,Sales,,1.00,0.00,nos,90.00,0.00,0.0,84239020,FALSE,Head Office,Taxable,99381000000006196,IGST18,18.000000,16.20,ItemAmount,INTD,,goods,,90.00,90.00,106.00,,ST courier ,,Teslin
99381000010212537,2023-08-16,DC-00620,others,Delivered,Not Invoiced,99381000003083031,Head Office,99381000000036003,Modern machines,KL,business_gst,32EMRPS6226K1ZF,false,Standard Template,INR,1.00,entity_level,true,0.000,0.00,ECS5W / 4W/Q10 DISPLAY BACK,,99381000000306351,ECS809,,Sales,,1.00,0.00,nos,800.00,0.00,0.0,84239020,FALSE,Head Office,Taxable,99381000000006208,GST18,18.000000,144.00,Tax Group,,,goods,,800.00,2250.00,2655.00,,ST courier ,,Teslin
99381000010212537,2023-08-16,DC-00620,others,Delivered,Not Invoiced,99381000003083031,Head Office,99381000000036003,Modern machines,KL,business_gst,32EMRPS6226K1ZF,false,Standard Template,INR,1.00,entity_level,true,0.000,0.00,Q8LBL Dot Matrix Display Set,,99381000001073021,Q8602,,Sales,,1.00,0.00,nos,1450.00,0.00,0.0,84239020,FALSE,Head Office,Taxable,99381000000006208,GST18,18.000000,261.00,Tax Group,,,goods,,1450.00,2250.00,2655.00,,ST courier ,,Teslin
99381000010212549,2023-08-16,DC-00621,others,Delivered,Not Invoiced,99381000003083031,Head Office,99381000005562648,NITHIN INDUSTRIES,TN,business_gst,33AKCPV9417C1Z7,false,Standard Template,INR,1.00,entity_level,true,0.000,0.00,BY Display Bench Front and Back (Green LED),,99381000006435163,BY001,,Sales,,1.00,0.00,nos,245.00,0.00,0.0,84239020,FALSE,Head Office,Taxable,99381000000006196,IGST18,18.000000,44.10,ItemAmount,INTD,,goods,,245.00,245.00,289.00,,ST courier ,,Teslin
99381000010212559,2023-08-16,DC-00622,others,Delivered,Not Invoiced,99381000003083031,Head Office,99381000002171161,SUNDAR SCALES,TN,business_gst,33AYGPB2328E1Z3,false,Standard Template,INR,1.00,entity_level,true,0.000,0.00,BY Display Bench Front and Back (Green LED),,99381000006435163,BY001,,Sales,,3.00,0.00,nos,245.00,0.00,0.0,84239020,FALSE,Head Office,Taxable,99381000000006196,IGST18,18.000000,132.30,ItemAmount,INTD,,goods,,735.00,915.00,1080.00,,ST courier ,,Teslin
99381000010212559,2023-08-16,DC-00622,others,Delivered,Not Invoiced,99381000003083031,Head Office,99381000002171161,SUNDAR SCALES,TN,business_gst,33AYGPB2328E1Z3,false,Standard Template,INR,1.00,entity_level,true,0.000,0.00,BY Motherboard Bench & ATMPCP,,99381000006435242,BY006,,Sales,,1.00,0.00,nos,180.00,0.00,0.0,84239020,FALSE,Head Office,Taxable,99381000000006196,IGST18,18.000000,32.40,ItemAmount,INTD,,goods,,180.00,915.00,1080.00,,ST courier ,,Teslin
99381000010212605,2023-08-16,DC-00623,others,Delivered,Not Invoiced,99381000003083031,Head Office,99381000010206490,Preet Enterprise,GJ,business_gst,24AARPJ3422C1Z3,false,Standard Template,INR,1.00,entity_level,true,0.000,0.00,Q9LBL PRINTER,,99381000001663305,Q9702,,Sales,Printer received from customer,1.00,0.00,nos,7500.00,0.00,0.0,84239020,FALSE,Head Office,Taxable,99381000000006196,IGST18,18.000000,1350.00,ItemAmount,INTD,,goods,,7500.00,7500.00,8850.00,,ST courier ,,Teslin
99381000010212776,2023-08-17,DC-00624,others,Delivered,Not Invoiced,99381000003083031,Head Office,99381000002072057,Mathi Scales,TN,business_gst,33AANFM5279L1ZO,false,Standard Template,INR,1.00,entity_level,true,0.000,0.00,BY Motherboard Bench & ATMPCP,,99381000006435242,BY006,,Sales,,1.00,0.00,nos,180.00,0.00,0.0,84239020,FALSE,Head Office,Taxable,99381000000006196,IGST18,18.000000,32.40,ItemAmount,INTD,,goods,,180.00,180.00,212.00,,ST courier ,,Eldho
99381000010212786,2023-08-17,DC-00625,others,Delivered,Not Invoiced,99381000003083031,Head Office,99381000005894249,JHT ELECTRONICS,KL,business_gst,32AAMFJ4623J1ZC,false,Standard Template,INR,1.00,entity_level,true,0.000,0.00,BENCH PC GREEN MAIN BOARD,,99381000006246958,BPGMB,,Sales,,1.00,0.00,nos,160.00,0.00,0.0,84239020,FALSE,Head Office,Taxable,99381000000006208,GST18,18.000000,28.80,Tax Group,,,goods,,160.00,340.00,401.00,,ST courier ,,Teslin
99381000010212786,2023-08-17,DC-00625,others,Delivered,Not Invoiced,99381000003083031,Head Office,99381000005894249,JHT ELECTRONICS,KL,business_gst,32AAMFJ4623J1ZC,false,Standard Template,INR,1.00,entity_level,true,0.000,0.00,BY Motherboard Bench & ATMPCP,,99381000006435242,BY006,,Sales,,1.00,0.00,nos,180.00,0.00,0.0,84239020,FALSE,Head Office,Taxable,99381000000006208,GST18,18.000000,32.40,Tax Group,,,goods,,180.00,340.00,401.00,,ST courier ,,Teslin
99381000010248136,2023-08-18,DC-00626,others,Delivered,Not Invoiced,99381000003083031,Head Office,99381000001392083,CENTRAL TRADERS,KL,business_gst,32AFKPA2174A1Z9,false,Standard Template,INR,1.00,entity_level,true,0.000,0.00,ATM/BENCH PC MOTHER BOARD,,99381000000313080,BPC114,,Sales,,1.00,0.00,nos,150.00,0.00,0.0,84239020,FALSE,Head Office,Taxable,99381000000006208,GST18,18.000000,27.00,Tax Group,,,goods,,150.00,585.00,690.00,,Customer Pick,,Teslin
99381000010248136,2023-08-18,DC-00626,others,Delivered,Not Invoiced,99381000003083031,Head Office,99381000001392083,CENTRAL TRADERS,KL,business_gst,32AFKPA2174A1Z9,false,Standard Template,INR,1.00,entity_level,true,0.000,0.00,PRC CKN Display and Keypad Unit,,99381000005707114,PCDAKU,,Sales,,1.00,0.00,nos,255.00,0.00,0.0,84239020,FALSE,Head Office,Taxable,99381000000006208,GST18,18.000000,45.90,Tax Group,,,goods,,255.00,585.00,690.00,,Customer Pick,,Teslin
99381000010248136,2023-08-18,DC-00626,others,Delivered,Not Invoiced,99381000003083031,Head Office,99381000001392083,CENTRAL TRADERS,KL,business_gst,32AFKPA2174A1Z9,false,Standard Template,INR,1.00,entity_level,true,0.000,0.00,BY Motherboard Bench & ATMPCP,,99381000006435242,BY006,,Sales,,1.00,0.00,nos,180.00,0.00,0.0,84239020,FALSE,Head Office,Taxable,99381000000006208,GST18,18.000000,32.40,Tax Group,,,goods,,180.00,585.00,690.00,,Customer Pick,,Teslin
99381000010240025,2023-08-18,DC-00627,others,Delivered,Not Invoiced,99381000003083031,Head Office,99381000002699599,MADHU MADHAV TRADER'S ,KA,business_gst,29ASKPS4345L1ZZ,false,Standard Template,INR,1.00,entity_level,true,0.000,0.00,UPLUS BATTERY 4V 4.5AH,,99381000010253573,BU445,,Sales,,17.00,0.00,nos,195.00,0.00,0.0,85072000,FALSE,Head Office,Taxable,99381000000006212,IGST28,28.000000,928.20,ItemAmount,INTD,,goods,,3315.00,3315.00,4243.00,,Customer Pick,,Eldho
99381000010296099,2023-08-22,DC-00628,Job Work,Draft,,99381000000098082,Cochin,99381000009860101,Sanoft Technologies Pvt Ltd,KL,business_none,,false,Standard Template,INR,1.00,entity_level,true,0.000,0.00,POS TERMINAL SGT-A1 Q6+NFC,,99381000009557042,Q6NFC,,Sales,"PROCESSOR: MTK6580(1.3GHz), 5'' IPS DISPLAY, RAM:2GB  ROM:16GB, PPRINTER: 58MM(2''), WIFI WITH 4G  NFC, ANDROID 11
",1.00,0.00,nos,14000.00,0.00,0.0,84714190,FALSE,Cochin,Taxable,99381000000006208,GST18,18.000000,2520.00,Tax Group,,,goods,,14000.00,14000.00,16520.00,,Customer Pick,,Eldho
99381000010335173,2023-08-23,DC-00629,Supply on Approval,Draft,,99381000000098082,Cochin,99381000005074017,ELMASS’ Weighing & Automation Pvt. Ltd,KL,business_gst,32AAGCE7631N1ZF,false,Standard Template,INR,1.00,entity_level,true,0.000,0.00,Electronic cash register,,99381000000194004,ECR,,Sales,,10.00,0.00,nos,10700.00,0.00,0.0,84701000,FALSE,Cochin,Taxable,99381000000006208,GST18,18.000000,19260.00,Tax Group,,,goods,,107000.00,107000.00,126260.00,1,Customer Pick,,Eldho
99381000010573120,2023-09-04,DC-00630,others,Delivered,Not Invoiced,99381000003083031,Head Office,99381000010217110,VALLUVANAD SCALES,KL,business_gst,32EHDPA9161G1ZN,false,Standard Template,INR,1.00,entity_level,true,0.000,0.00,BY Keypad ATMPCP & ATMPCW,,99381000006435227,BY005,,Sales,,1.00,0.00,nos,130.00,0.00,0.0,84239020,FALSE,Head Office,Taxable,99381000000006208,GST18,18.000000,23.40,Tax Group,,,goods,,130.00,130.00,153.00,,ST courier ,,Teslin
99381000010573130,2023-09-04,DC-00631,others,Delivered,Not Invoiced,99381000003083031,Head Office,99381000002959098,SRI VARI SCALES,TN,business_gst,33AGTPT3190M1ZM,false,Standard Template,INR,1.00,entity_level,true,0.000,0.00,ECR Display set Front,,99381000002713265,ECR103,,Sales,,1.00,0.00,nos,1000.00,0.00,0.0,84239020,FALSE,Head Office,Taxable,99381000000006196,IGST18,18.000000,180.00,ItemAmount,INTD,,goods,,1000.00,1000.00,1180.00,,ST courier ,,Teslin
99381000010630019,2023-09-07,DC-00632,others,Delivered,Not Invoiced,99381000003083031,Head Office,99381000005894249,JHT ELECTRONICS,KL,business_gst,32AAMFJ4623J1ZC,false,Standard Template,INR,1.00,entity_level,true,0.000,0.00,BY Motherboard Bench & ATMPCP,,99381000006435242,BY006,,Sales,,1.00,0.00,nos,180.00,0.00,0.0,84239020,FALSE,Head Office,Taxable,99381000000006208,GST18,18.000000,32.40,Tax Group,,,goods,,180.00,180.00,212.00,,ST courier ,,Teslin
99381000010645001,2023-09-08,DC-00633,others,Open,Not Invoiced,99381000000098082,Cochin,99381000000940238,INTERWEIGHING PVT. LTD.,KL,business_gst,32AAFCI1950F1ZZ,false,Standard Template,INR,1.00,entity_level,true,0.000,0.00,POS TERMINAL SGT-A1 Q6+NFC,,99381000009557042,Q6NFC,,Sales,"PROCESSOR: MTK6580(1.3GHz), 5'' IPS DISPLAY, RAM:2GB  ROM:16GB, PPRINTER: 58MM(2''), WIFI WITH 4G  NFC, ANDROID 11
",1.00,0.00,nos,14000.00,0.00,0.0,84714190,FALSE,Cochin,Taxable,99381000000006208,GST18,18.000000,2520.00,Tax Group,,,goods,,14000.00,14000.00,16520.00,,Customer Pick,,Eldho
99381000010702071,2023-09-12,DC-00634,others,Delivered,Not Invoiced,99381000003083031,Head Office,99381000006147033,N-TECH WEIGHING SOLUTION,TN,business_gst,33AGSPN5546Q1ZH,false,Standard Template,INR,1.00,entity_level,true,0.000,0.00,BODY SET ATM JUNIOR,,99381000001656758,BSAJ,,Sales,,1.00,0.00,nos,400.00,0.00,0.0,84239020,FALSE,Head Office,Taxable,99381000000006196,IGST18,18.000000,72.00,ItemAmount,INTD,,goods,,400.00,710.00,838.00,,ST courier ,,Eldho
99381000010702071,2023-09-12,DC-00634,others,Delivered,Not Invoiced,99381000003083031,Head Office,99381000006147033,N-TECH WEIGHING SOLUTION,TN,business_gst,33AGSPN5546Q1ZH,false,Standard Template,INR,1.00,entity_level,true,0.000,0.00,BY Display ATMPCP Front and Back (Green LED),,99381000006435197,BY003,,Sales,,1.00,0.00,nos,310.00,0.00,0.0,84239020,FALSE,Head Office,Taxable,99381000000006196,IGST18,18.000000,55.80,ItemAmount,INTD,,goods,,310.00,710.00,838.00,,ST courier ,,Eldho
99381000010730045,2023-09-14,DC-00635,others,Delivered,Not Invoiced,99381000003083031,Head Office,99381000001969121,SCANGLE RETAIL PRIVATE LIMITED,KL,business_gst,32ABECS9205P1ZZ,false,Standard Template,INR,1.00,entity_level,true,0.000,0.00,Bench PLT Motherboard,,99381000004416019,BENCHP,,Sales,,1.00,0.00,nos,180.00,0.00,0.0,84239020,FALSE,Head Office,Taxable,99381000000006208,GST18,18.000000,32.40,Tax Group,,,goods,,180.00,180.00,212.00,,Customer Pick,,Eldho
99381000010768165,2023-09-16,DC-00636,others,Delivered,Not Invoiced,99381000003083031,Head Office,99381000000747828,Venkatachalam,TN,business_gst,33AACPH9039A1Z8,false,Standard Template,INR,1.00,entity_level,true,0.000,0.00,BODY SET ATM JUNIOR,,99381000001656758,BSAJ,,Sales,,11.00,0.00,nos,400.00,0.00,0.0,84239020,FALSE,Head Office,Taxable,99381000000006196,IGST18,18.000000,792.00,ItemAmount,INTD,,goods,,4400.00,4400.00,5192.00,,ST courier ,,Eldho
99381000010768175,2023-09-16,DC-00637,others,Delivered,Invoiced,99381000000098082,Cochin,99381000000309611,KRAUS INSTRUMENTS,KL,business_gst,32AASFK0676Q1ZM,false,Standard Template,INR,1.00,entity_level,true,0.000,0.00,POS TERMINAL SGT-101 (A12PRO),,99381000009552547,SGT101116,,Sales,"RK3566QUAD CORE, 11.6'' IPS SCREEN, 2GB+16GB, 80MM THERMAL PRINTER, 
",1.00,1.00,nos,20500.00,0.00,0.0,84714190,FALSE,Cochin,Taxable,99381000000006208,GST18,18.000000,3690.00,Tax Group,,,goods,,20500.00,20500.00,24190.00,,Customer Pick,,Eldho
99381000010820039,2023-09-20,DC-00638,others,Draft,,99381000003083031,Head Office,99381000000154169,LOGIWIZ LOGISTICS INDIA PVT LTD,KL,consumer,,false,Standard Template,INR,1.00,entity_level,true,0.000,0.00,BY Display ATMPCP Front and Back (Green LED),,99381000006435197,BY003,,Sales,,4.00,0.00,nos,310.00,0.00,0.0,84239020,FALSE,Head Office,Taxable,99381000000006208,GST18,18.000000,223.20,Tax Group,,,goods,,1240.00,1240.00,1463.00,,Customer Pick,,Eldho
99381000010868001,2023-09-22,DC-00639,others,Draft,,99381000003083031,Head Office,99381000000017031,EXATA BALANCE CO,KL,business_gst,32AAGFE6830Q1Z4,false,Standard Template,INR,1.00,entity_level,true,0.000,0.00,Q8/Q9LBL /Q10 KEYPAD BOARD,,99381000001663109,Q8605,,Sales,,1.00,0.00,nos,1100.00,0.00,0.0,84239020,FALSE,Head Office,Taxable,99381000000006208,GST18,18.000000,198.00,Tax Group,,,goods,,1100.00,1100.00,1298.00,,ST courier ,,Eldho
99381000010867076,2023-09-22,DC-00640,others,Draft,,99381000000098082,Cochin,99381000005619707,KINGLAB INSTRUMENTS PVT LTD,TN,business_gst,33AAHCK0721C1Z8,false,Standard Template,INR,1.00,entity_level,true,0.000,0.00,Analytical Balance 200g/0.0001g -External,,99381000003934056,YSA204E,,Sales,"Model :YSA  SKU : YSA 2004E
Max :200g e:1mg d: 0.1mg Min:100mg",1.00,0.00,nos,24000.00,0.00,0.0,90160020,FALSE,Cochin,Taxable,99381000000006196,IGST18,18.000000,4320.00,ItemAmount,INTD,,goods,,24000.00,24000.00,28320.00,1,ST courier ,,Biju B
99381000010883001,2023-09-22,DC-00641,others,Open,Not Invoiced,99381000003083031,Head Office,99381000003493071,YESWEIGH SOLUTIONS LLP,KL,business_gst,32AACFY7757L1ZM,false,Standard Template,INR,1.00,entity_level,true,0.000,0.00,Load Cell 130 KG,,99381000001577049,BPC118,,Sales,,1.00,0.00,nos,220.00,0.00,0.0,84239020,FALSE,Head Office,Taxable,99381000000006208,GST18,18.000000,39.60,Tax Group,,,goods,,220.00,220.00,260.00,,ST courier ,,Teslin
99381000010896302,2023-09-23,DC-00642,others,Delivered,Invoiced,99381000000098082,Cochin,99381000005074017,ELMASS’ Weighing & Automation Pvt. Ltd,KL,business_gst,32AAGCE7631N1ZF,false,Standard Template,INR,1.00,entity_level,true,0.000,0.00,Bill Printing scale Q8POS,,99381000000011617,ECS5W,,Sales,Make:YESWEIGH  Model:YS-30   Max:30kg  e:5g  Min:100g  Class:III,2.00,2.00,nos,12500.00,0.00,0.0,84231000,FALSE,Cochin,Taxable,99381000000006208,GST18,18.000000,4500.00,Tax Group,,,goods,,25000.00,25000.00,29500.00,2,,,
99381000010943001,2023-09-26,DC-00643,others,Delivered,Invoiced,99381000000098082,Cochin,99381000005074017,ELMASS’ Weighing & Automation Pvt. Ltd,KL,business_gst,32AAGCE7631N1ZF,false,Standard Template,INR,1.00,entity_level,true,0.000,0.00,Label Printing Scale Q9LBL,,99381000002536240,Q9LBL,,Sales,Make:YESWEIGH  Model:YS-30   Max:30kg  e:5g  Min:100g  Class:III,1.00,1.00,nos,12500.00,0.00,0.0,84231000,FALSE,Cochin,Taxable,99381000000006208,GST18,18.000000,2250.00,Tax Group,,,goods,,12500.00,12500.00,14750.00,1,Customer Pick,,Eldho
99381000011000001,2023-09-29,DC-00644,others,Delivered,Not Invoiced,99381000000098082,Cochin,99381000000747828,Venkatachalam,TN,business_gst,33AACPH9039A1Z8,false,Standard Template,INR,1.00,entity_level,true,0.000,0.00,Electronic cash register,,99381000000194004,ECR,,Sales,,1.00,0.00,nos,10700.00,0.00,0.0,84701000,FALSE,Cochin,Taxable,99381000000006196,IGST18,18.000000,1926.00,ItemAmount,INTD,,goods,,10700.00,10700.00,12626.00,1,ST courier ,,Eldho
99381000011011259,2023-09-30,DC-00645,others,Delivered,Not Invoiced,99381000003083031,Head Office,99381000009570795,EASY WEIGH,KL,business_gst,32CFVPN5458P1ZF,false,Standard Template,INR,1.00,entity_level,true,0.000,0.00,BY Display ATMPCP Front and Back (Green LED),,99381000006435197,BY003,,Sales,,13.00,0.00,nos,310.00,0.00,0.0,84239020,FALSE,Head Office,Taxable,99381000000006208,GST18,18.000000,725.40,Tax Group,,,goods,,4030.00,4670.00,5511.00,,ST courier ,,Eldho
99381000011011259,2023-09-30,DC-00645,others,Delivered,Not Invoiced,99381000003083031,Head Office,99381000009570795,EASY WEIGH,KL,business_gst,32CFVPN5458P1ZF,false,Standard Template,INR,1.00,entity_level,true,0.000,0.00,,,,,,Sales,AD WATERPROOF  FOR SERVICE,4.00,0.00,,5.00,0.00,0.0,84239020,FALSE,,Taxable,99381000000006208,GST18,18.000000,3.60,Tax Group,,,service,,20.00,4670.00,5511.00,,ST courier ,,Eldho
99381000011011259,2023-09-30,DC-00645,others,Delivered,Not Invoiced,99381000003083031,Head Office,99381000009570795,EASY WEIGH,KL,business_gst,32CFVPN5458P1ZF,false,Standard Template,INR,1.00,entity_level,true,0.000,0.00,BY Motherboard ATMPCW,,99381000006435257,BY007,,Sales,,4.00,0.00,nos,150.00,0.00,0.0,84239020,FALSE,Head Office,Taxable,99381000000006208,GST18,18.000000,108.00,Tax Group,,,goods,,600.00,4670.00,5511.00,,ST courier ,,Eldho
99381000011011259,2023-09-30,DC-00645,others,Delivered,Not Invoiced,99381000003083031,Head Office,99381000009570795,EASY WEIGH,KL,business_gst,32CFVPN5458P1ZF,false,Standard Template,INR,1.00,entity_level,true,0.000,0.00,,,,,,Sales,LBL PRINTER   FOR SERVICE ,1.00,0.00,,20.00,0.00,0.0,84239020,FALSE,,Taxable,99381000000006208,GST18,18.000000,3.60,Tax Group,,,service,,20.00,4670.00,5511.00,,ST courier ,,Eldho
99381000011016021,2023-09-30,DC-00646,others,Delivered,Invoiced,99381000000098082,Cochin,99381000005074017,ELMASS’ Weighing & Automation Pvt. Ltd,KL,business_gst,32AAGCE7631N1ZF,false,Standard Template,INR,1.00,entity_level,true,0.000,0.00,SCANGLE - POS TERMINAL SGT-A1 Q6,,99381000009557023,Q6,,Sales,"PROCESSOR: MTK6580(1.3GHz), 5'' IPS DISPLAY, RAM:2GB  ROM:16GB, PPRINTER: 58MM(2''), WIFI WITH 4G , ANDROID 11
",1.00,1.00,nos,11500.00,0.00,0.0,84714190,FALSE,Cochin,Taxable,99381000000006208,GST18,18.000000,2070.00,Tax Group,,,goods,,11500.00,11500.00,13570.00,,,,
99381000011007479,2023-10-04,DC-00647,others,Delivered,Not Invoiced,99381000003083031,Head Office,99381000000014358,MARVEL ELECTRONICS,KL,business_gst,32BQUPA8911M1ZH,false,Standard Template,INR,1.00,entity_level,true,0.000,0.00,BY Motherboard Bench & ATMPCP,,99381000006435242,BY006,,Sales,,1.00,0.00,nos,180.00,0.00,0.0,84239020,FALSE,Head Office,Taxable,99381000000006208,GST18,18.000000,32.40,Tax Group,,,goods,,180.00,180.00,212.00,,ST courier ,,Teslin
99381000011086001,2023-10-06,DC-00648,Job Work,Delivered,Not Invoiced,99381000000098082,Cochin,99381000000940238,INTERWEIGHING PVT. LTD.,KL,business_gst,32AAFCI1950F1ZZ,false,Standard Template,INR,1.00,entity_level,true,0.000,0.00,Electronic cash register,,99381000000194004,ECR,,Sales,,1.00,0.00,nos,10700.00,0.00,0.0,84701000,FALSE,Cochin,Taxable,99381000000006208,GST18,18.000000,1926.00,Tax Group,,,goods,,10700.00,77700.00,91686.00,1,Customer Pick,,Eldho
99381000011086001,2023-10-06,DC-00648,Job Work,Delivered,Not Invoiced,99381000000098082,Cochin,99381000000940238,INTERWEIGHING PVT. LTD.,KL,business_gst,32AAFCI1950F1ZZ,false,Standard Template,INR,1.00,entity_level,true,0.000,0.00,Bill Printing scale Q8POS,,99381000000011617,ECS5W,,Sales,Make:YESWEIGH  Model:YS-30   Max:30kg  e:5g  Min:100g  Class:III,1.00,0.00,nos,15500.00,0.00,0.0,84231000,FALSE,Cochin,Taxable,99381000000006208,GST18,18.000000,2790.00,Tax Group,,,goods,,15500.00,77700.00,91686.00,2,Customer Pick,,Eldho
99381000011086001,2023-10-06,DC-00648,Job Work,Delivered,Not Invoiced,99381000000098082,Cochin,99381000000940238,INTERWEIGHING PVT. LTD.,KL,business_gst,32AAFCI1950F1ZZ,false,Standard Template,INR,1.00,entity_level,true,0.000,0.00,Analytical Balance 200g/0.0001g - Internal,,99381000003934065,YSA204I,,Sales,Model :YSA    Max : 200g Min : 100mg e: 1mg   d : 0.1mg ,1.00,0.00,nos,27500.00,0.00,0.0,90160020,FALSE,Cochin,Taxable,99381000000006208,GST18,18.000000,4950.00,Tax Group,,,goods,,27500.00,77700.00,91686.00,1,Customer Pick,,Eldho
99381000011086001,2023-10-06,DC-00648,Job Work,Delivered,Not Invoiced,99381000000098082,Cochin,99381000000940238,INTERWEIGHING PVT. LTD.,KL,business_gst,32AAFCI1950F1ZZ,false,Standard Template,INR,1.00,entity_level,true,0.000,0.00,Analytical Balance 200g/0.0001g -External,,99381000003934056,YSA204E,,Sales,"Model :YSA  SKU : YSA 2004E
Max :200g e:1mg d: 0.1mg Min:100mg
RTN FROM KINGSLAB",1.00,0.00,nos,24000.00,0.00,0.0,90160020,FALSE,Cochin,Taxable,99381000000006208,GST18,18.000000,4320.00,Tax Group,,,goods,,24000.00,77700.00,91686.00,1,Customer Pick,,Eldho
99381000011091018,2023-10-07,DC-00649,others,Delivered,Not Invoiced,99381000003083031,Head Office,99381000001652003,M/S ANAND PRAKASH GUPTA AND SONS,UK,business_gst,05AGYPG9211F1ZA,false,Standard Template,INR,1.00,entity_level,true,0.000,0.00,BY Motherboard Bench & ATMPCP,,99381000006435242,BY006,,Sales,,1.00,0.00,nos,180.00,0.00,0.0,84239020,FALSE,Head Office,Taxable,99381000000006196,IGST18,18.000000,32.40,ItemAmount,INTD,,goods,,180.00,180.00,212.00,,Delhivery,,Teslin
99381000011125001,2023-10-10,DC-00650,others,Delivered,Invoiced,99381000000098082,Cochin,99381000000231096,Victory Scales,KL,business_gst,32AAAAV1247P1ZC,false,Standard Template,INR,1.00,entity_level,true,0.000,0.00,SCANGLE - POS TERMINAL SGT-101 (A12PRO),,99381000009552547,SGT101116,,Sales,"RK3566QUAD CORE, 11.6'' IPS SCREEN, 2GB+16GB, 80MM THERMAL PRINTER, 
",1.00,1.00,nos,20500.00,0.00,0.0,84714190,FALSE,Cochin,Taxable,99381000000006208,GST18,18.000000,3690.00,Tax Group,,,goods,,20500.00,20500.00,24190.00,,ST courier ,,Eldho
99381000011136001,2023-10-11,DC-00651,others,Delivered,Not Invoiced,99381000000098082,Cochin,99381000010870031,NARESH ENTERPRICE,TS,business_gst,36ABHPE2166R1Z9,false,Standard Template,INR,1.00,entity_level,true,0.000,0.00,"SCANGLE - POS TERMINAL SGT-668A 14""",,99381000009552631,SGT665A14,,Sales,"RK3566/2GB/16GB DDR3, 14''  FRONT DISPLAY HD, CAPACITIVE TP, ANDROID 11, ALUMINIUM FOLDABLE BODY
",1.00,0.00,nos,18500.00,0.00,0.0,84702900,FALSE,Cochin,Taxable,99381000000006196,IGST18,18.000000,3330.00,ItemAmount,INTD,,goods,,18500.00,18500.00,21830.00,,Delhivery,,Eldho
99381000011137001,2023-10-11,DC-00652,Supply on Approval,Delivered,Not Invoiced,99381000003083031,Head Office,99381000001660179,NOVA SCALES,KA,business_gst,29BUEPS5447J1ZZ,false,Standard Template,INR,1.00,entity_level,true,0.000,0.00,BY Motherboard Bench & ATMPCP,,99381000006435242,BY006,,Sales,,12.00,0.00,nos,180.00,0.00,0.0,84239020,FALSE,Head Office,Taxable,99381000000006196,IGST18,18.000000,388.80,ItemAmount,INTD,,goods,,2160.00,5100.00,6018.00,,Customer Pick,,Eldho
99381000011137001,2023-10-11,DC-00652,Supply on Approval,Delivered,Not Invoiced,99381000003083031,Head Office,99381000001660179,NOVA SCALES,KA,business_gst,29BUEPS5447J1ZZ,false,Standard Template,INR,1.00,entity_level,true,0.000,0.00,BY Display Bench Front and Back (Green LED),,99381000006435163,BY001,,Sales,,12.00,0.00,nos,245.00,0.00,0.0,84239020,FALSE,Head Office,Taxable,99381000000006196,IGST18,18.000000,529.20,ItemAmount,INTD,,goods,,2940.00,5100.00,6018.00,,Customer Pick,,Eldho
99381000011144001,2023-10-11,DC-00653,others,Delivered,Not Invoiced,99381000000098082,Cochin,99381000000747828,Venkatachalam,TN,business_gst,33AACPH9039A1Z8,false,Standard Template,INR,1.00,entity_level,true,0.000,0.00,SCANGLE - POS TERMINAL SGT-A7,,99381000009552612,SGTA714A12,,Sales,"SKU: 680P, RK3566QUAD CORE, 14'' IPS SCREEN, 2GB+16GB, 80MM THERMAL PRINTER AUTO, CUTTER, ANDROID 11
",1.00,0.00,nos,23750.00,0.00,0.0,84714190,FALSE,Cochin,Taxable,99381000000006196,IGST18,18.000000,4275.00,ItemAmount,INTD,,goods,,23750.00,23750.00,28025.00,,ST courier ,,Eldho
99381000011185001,2023-10-13,DC-00654,others,Delivered,Not Invoiced,99381000000098082,Cochin,99381000000112170,MEEZAN ELECTRONIC SCALES PRIVATE LIMITED,KL,business_gst,32AAECM1277C1ZY,false,Standard Template,INR,1.00,entity_level,true,0.000,0.00,SCANGLE - POS TERMINAL SGT-A7,,99381000009552612,SGTA714A12,,Sales,"SKU: 680P, RK3566QUAD CORE, 14'' IPS SCREEN, 2GB+16GB, 80MM THERMAL PRINTER AUTO, CUTTER, ANDROID 11
",1.00,0.00,nos,23750.00,0.00,0.0,84714190,FALSE,Cochin,Taxable,99381000000006208,GST18,18.000000,4275.00,Tax Group,,,goods,,23750.00,39150.00,46197.00,,Customer Pick,,Eldho
99381000011185001,2023-10-13,DC-00654,others,Delivered,Not Invoiced,99381000000098082,Cochin,99381000000112170,MEEZAN ELECTRONIC SCALES PRIVATE LIMITED,KL,business_gst,32AAECM1277C1ZY,false,Standard Template,INR,1.00,entity_level,true,0.000,0.00,SCANGLE - POS TERMINAL SGT-A1 Q3,,99381000009552566,Q3,,Sales,"PROCESSOR: MTK6580(1.3GHz), 5'' IPS DISPLAY, RAM:1GB  ROM:8GB, PPRINTER: 58MM(2'')
",1.00,0.00,nos,10500.00,0.00,0.0,84714190,FALSE,Cochin,Taxable,99381000000006208,GST18,18.000000,1890.00,Tax Group,,,goods,,10500.00,39150.00,46197.00,,Customer Pick,,Eldho
99381000011185001,2023-10-13,DC-00654,others,Delivered,Not Invoiced,99381000000098082,Cochin,99381000000112170,MEEZAN ELECTRONIC SCALES PRIVATE LIMITED,KL,business_gst,32AAECM1277C1ZY,false,Standard Template,INR,1.00,entity_level,true,0.000,0.00,SCANGLE - THERMAL PRINTER WITH WIFI,,99381000009552781,XP350BW,,Sales,,1.00,0.00,nos,4900.00,0.00,0.0,84433290,FALSE,Cochin,Taxable,99381000000006208,GST18,18.000000,882.00,Tax Group,,,goods,,4900.00,39150.00,46197.00,,Customer Pick,,Eldho
99381000011185013,2023-10-13,DC-00655,others,Delivered,Not Invoiced,99381000000098082,Cochin,99381000000112170,MEEZAN ELECTRONIC SCALES PRIVATE LIMITED,KL,business_gst,32AAECM1277C1ZY,false,Standard Template,INR,1.00,entity_level,true,0.000,0.00,SCANGLE - POS TERMINAL SGT-A7,,99381000009552612,SGTA714A12,,Sales,"SKU: 680P, RK3566QUAD CORE, 14'' IPS SCREEN, 2GB+16GB, 80MM THERMAL PRINTER AUTO, CUTTER, ANDROID 11
",1.00,0.00,nos,23750.00,0.00,0.0,84714190,FALSE,Cochin,Taxable,99381000000006208,GST18,18.000000,4275.00,Tax Group,,,goods,,23750.00,62750.00,74045.00,,Customer Pick,,Eldho
99381000011185013,2023-10-13,DC-00655,others,Delivered,Not Invoiced,99381000000098082,Cochin,99381000000112170,MEEZAN ELECTRONIC SCALES PRIVATE LIMITED,KL,business_gst,32AAECM1277C1ZY,false,Standard Template,INR,1.00,entity_level,true,0.000,0.00,"SCANGLE - POS TERMINAL SGT-668A 14""",,99381000009552631,SGT665A14,,Sales,"RK3566/2GB/16GB DDR3, 14''  FRONT DISPLAY HD, CAPACITIVE TP, ANDROID 11, ALUMINIUM FOLDABLE BODY
",1.00,0.00,nos,18500.00,0.00,0.0,84702900,FALSE,Cochin,Taxable,99381000000006208,GST18,18.000000,3330.00,Tax Group,,,goods,,18500.00,62750.00,74045.00,,Customer Pick,,Eldho
99381000011185013,2023-10-13,DC-00655,others,Delivered,Not Invoiced,99381000000098082,Cochin,99381000000112170,MEEZAN ELECTRONIC SCALES PRIVATE LIMITED,KL,business_gst,32AAECM1277C1ZY,false,Standard Template,INR,1.00,entity_level,true,0.000,0.00,SCANGLE - POS TERMINAL SGT-101 (A12PRO),,99381000009552547,SGT101116,,Sales,"RK3566QUAD CORE, 11.6'' IPS SCREEN, 2GB+16GB, 80MM THERMAL PRINTER, 
",1.00,0.00,nos,20500.00,0.00,0.0,84714190,FALSE,Cochin,Taxable,99381000000006208,GST18,18.000000,3690.00,Tax Group,,,goods,,20500.00,62750.00,74045.00,,Customer Pick,,Eldho
99381000011233120,2023-10-18,DC-00656,others,Delivered,Not Invoiced,99381000003083031,Head Office,99381000007327022,MATIN &  CO. ,UP,business_gst,09AJGPM9912J1ZQ,false,Standard Template,INR,1.00,entity_level,true,0.000,0.00,BY Motherboard ATMPCW,,99381000006435257,BY007,,Sales,,2.00,0.00,nos,150.00,0.00,0.0,84239020,FALSE,Head Office,Taxable,99381000000006196,IGST18,18.000000,54.00,ItemAmount,INTD,,goods,,300.00,300.00,354.00,,Delhivery,,Teslin
99381000011276001,2023-10-20,DC-00657,others,Delivered,Not Invoiced,99381000003083031,Head Office,99381000007927177,QUALITY THRASS,KL,business_gst,32AEHPR3891R1ZO,false,Standard Template,INR,1.00,entity_level,true,0.000,0.00,BY Motherboard Bench & ATMPCP,,99381000006435242,BY006,,Sales,,1.00,0.00,nos,180.00,0.00,0.0,84239020,FALSE,Head Office,Taxable,99381000000006208,GST18,18.000000,32.40,Tax Group,,,goods,,180.00,490.00,578.00,,,,
99381000011276001,2023-10-20,DC-00657,others,Delivered,Not Invoiced,99381000003083031,Head Office,99381000007927177,QUALITY THRASS,KL,business_gst,32AEHPR3891R1ZO,false,Standard Template,INR,1.00,entity_level,true,0.000,0.00,BY Display ATMPCP Front and Back (Green LED),,99381000006435197,BY003,,Sales,,1.00,0.00,nos,310.00,0.00,0.0,84239020,FALSE,Head Office,Taxable,99381000000006208,GST18,18.000000,55.80,Tax Group,,,goods,,310.00,490.00,578.00,,,,
99381000011359025,2023-10-26,DC-00658,others,Draft,,99381000000098082,Cochin,99381000000747828,Venkatachalam,TN,business_gst,33AACPH9039A1Z8,false,Standard Template,INR,1.00,entity_level,true,0.000,0.00,SCANGLE - POS TERMINAL SGT-A7,,99381000009552612,SGTA714A12,,Sales,"SCANGLE ALL IN ONE ANDROID POS
RK3566QUAD CORE ANDROID 11, 2GB+16GB,  14'' IPS SCREEN,80mm THERMAL PRINTER AUTO CUTTER",1.00,0.00,nos,23750.00,0.00,0.0,84714190,FALSE,Cochin,Taxable,99381000000006196,IGST18,18.000000,4275.00,ItemAmount,INTD,,goods,,23750.00,23750.00,28025.00,,,,
99381000011425080,2023-10-30,DC-00659,others,Delivered,Not Invoiced,99381000003083031,Head Office,99381000000112170,MEEZAN ELECTRONIC SCALES PRIVATE LIMITED,KL,business_gst,32AAECM1277C1ZY,false,Standard Template,INR,1.00,entity_level,true,0.000,0.00,ECS5W DISPLAY STICKER BACK,,99381000001663028,ECS824,,Sales,,1.00,0.00,nos,90.00,0.00,0.0,84239020,FALSE,Head Office,Taxable,99381000000006208,GST18,18.000000,16.20,Tax Group,,,goods,,90.00,180.00,212.00,,Customer Pick,,Eldho
99381000011425080,2023-10-30,DC-00659,others,Delivered,Not Invoiced,99381000003083031,Head Office,99381000000112170,MEEZAN ELECTRONIC SCALES PRIVATE LIMITED,KL,business_gst,32AAECM1277C1ZY,false,Standard Template,INR,1.00,entity_level,true,0.000,0.00,ECS5W DISPLAY STICKER FRONT,,99381000001663019,ECS823,,Sales,,1.00,0.00,nos,90.00,0.00,0.0,84239020,FALSE,Head Office,Taxable,99381000000006208,GST18,18.000000,16.20,Tax Group,,,goods,,90.00,180.00,212.00,,Customer Pick,,Eldho
99381000011430028,2023-10-30,DC-00660,Supply on Approval,Delivered,Not Invoiced,99381000000098082,Cochin,99381000000309611,KRAUS INSTRUMENTS,KL,business_gst,32AASFK0676Q1ZM,false,Standard Template,INR,1.00,entity_level,true,0.000,0.00,Analytical Balance 200g/0.0001g -External,,99381000003934056,YSA204E,,Sales,"Model :YSA  SKU : YSA 2004E
Max :200g e:1mg d: 0.1mg Min:100mg
base from KROY",1.00,0.00,nos,24000.00,0.00,0.0,90160020,FALSE,Cochin,Taxable,99381000000006208,GST18,18.000000,4320.00,Tax Group,,,goods,,24000.00,24000.00,28320.00,1,ST courier ,,Eldho
99381000011425264,2023-10-30,DC-00661,others,Delivered,Not Invoiced,99381000003083031,Head Office,99381000000136578,DIGITAL SCALE,KL,business_gst,32ADXPU1971G1Z1,false,Standard Template,INR,1.00,entity_level,true,0.000,0.00,BY Motherboard Bench & ATMPCP,,99381000006435242,BY006,,Sales,,1.00,0.00,nos,180.00,0.00,0.0,84239020,FALSE,Head Office,Taxable,99381000000006208,GST18,18.000000,32.40,Tax Group,,,goods,,180.00,180.00,212.00,,ST courier ,,Eldho
99381000011498053,2023-11-03,DC-00662,others,Delivered,Not Invoiced,99381000000098082,Cochin,99381000003339413,S R VALUE,KL,business_gst,32ADIFS8395K1ZE,false,Standard Template,INR,1.00,entity_level,true,0.000,0.00,ECS5W INTERFACE BOARD,,99381000000306315,ECS812,,Sales,,1.00,0.00,nos,250.00,0.00,0.0,84239020,FALSE,Cochin,Taxable,99381000000006208,GST18,18.000000,45.00,Tax Group,,,goods,,250.00,7750.00,9145.00,,ST courier ,,Teslin
99381000011498053,2023-11-03,DC-00662,others,Delivered,Not Invoiced,99381000000098082,Cochin,99381000003339413,S R VALUE,KL,business_gst,32ADIFS8395K1ZE,false,Standard Template,INR,1.00,entity_level,true,0.000,0.00,Q9LBL MOTHERBOARD WITH WIFI,,99381000005665050,Q8623,,Sales,,1.00,0.00,nos,7500.00,0.00,0.0,84239020,FALSE,Cochin,Taxable,99381000000006208,GST18,18.000000,1350.00,Tax Group,,,goods,,7500.00,7750.00,9145.00,,ST courier ,,Teslin
99381000011524131,2023-11-06,DC-00663,others,Delivered,Not Invoiced,99381000003083031,Head Office,99381000001702591,BEETA SCALES,KL,business_gst,32BTLPM0140A1ZG,false,Standard Template,INR,1.00,entity_level,true,0.000,0.00,BY Weighing PAN for ATMPCP & ATMPCW,,99381000006435351,BY013,,Sales,,1.00,0.00,nos,260.00,0.00,0.0,84239020,FALSE,Head Office,Taxable,99381000000006208,GST18,18.000000,46.80,Tax Group,,,goods,,260.00,260.00,307.00,,ST courier ,,Teslin
99381000011540001,2023-11-07,DC-00664,others,Delivered,Not Invoiced,99381000003083031,Head Office,99381000003962053,MODERN BUSINESS EQUIPMENT & SERVICES PVT LTD.,HP,business_gst,02AAECM9272F1ZK,false,Standard Template,INR,1.00,entity_level,true,0.000,0.00,ATM30DAD1 Display front and back (dual LED),,99381000009797715,ADFABD,,Sales,,1.00,0.00,nos,375.00,0.00,0.0,84239020,FALSE,Head Office,Taxable,99381000000006196,IGST18,18.000000,67.50,ItemAmount,INTD,,goods,,375.00,375.00,443.00,,ST courier ,,Teslin
99381000011538188,2023-11-07,DC-00665,Supply on Approval,Delivered,Not Invoiced,99381000000098082,Cochin,99381000000309611,KRAUS INSTRUMENTS,KL,business_gst,32AASFK0676Q1ZM,false,Standard Template,INR,1.00,entity_level,true,0.000,0.00,Analytical Balance 200g/0.0001g -External,,99381000003934056,YSA204E,,Sales,"Model :YSA  SKU : YSA 2004E
Max :200g e:1mg d: 0.1mg Min:100mg 
RETURN FROM KINGS LAB",1.00,0.00,nos,24000.00,0.00,0.0,90160020,FALSE,Cochin,Taxable,99381000000006208,GST18,18.000000,4320.00,Tax Group,,,goods,,24000.00,24000.00,28320.00,1,ST courier ,,Eldho
99381000011538265,2023-11-07,DC-00666,Job Work,Delivered,Not Invoiced,99381000000098082,Cochin,99381000005074017,ELMASS’ Weighing & Automation Pvt. Ltd,KL,business_gst,32AAGCE7631N1ZF,false,Standard Template,INR,1.00,entity_level,true,0.000,0.00,Platform Weighing Scale 30x34 SS,,99381000003938861,PFPC30X34SS,,Sales,Max : 50kg  e: 5g Class III,2.00,0.00,nos,2100.00,0.00,0.0,84238290,FALSE,Cochin,Taxable,99381000000006208,GST18,18.000000,756.00,Tax Group,,,goods,,4200.00,4200.00,4956.00,4,Customer Pick,,Eldho
99381000011552062,2023-11-08,DC-00667,Job Work,Delivered,Invoiced,99381000000098082,Cochin,99381000005074017,ELMASS’ Weighing & Automation Pvt. Ltd,KL,business_gst,32AAGCE7631N1ZF,false,Standard Template,INR,1.00,entity_level,true,0.000,0.00,Bill Printing scale Q8POS,,99381000000011617,ECS5W,,Sales,Make:YESWEIGH  Model:YS-30   Max:30kg  e:5g  Min:100g  Class:III,1.00,1.00,nos,12500.00,0.00,0.0,84231000,FALSE,Cochin,Taxable,99381000000006208,GST18,18.000000,2250.00,Tax Group,,,goods,,12500.00,12500.00,14750.00,2,Customer Pick,,Eldho
99381000011577039,2023-11-10,DC-00668,others,Delivered,Not Invoiced,99381000003083031,Head Office,99381000011454025,A-ONE TRADERS,PB,business_gst,03ERDPK4013H1ZA,false,Standard Template,INR,1.00,entity_level,true,0.000,0.00,Bench PC Back Display Board,,99381000000542206,BPC112,,Sales,green,1.00,0.00,pcs,110.00,0.00,0.0,84239020,FALSE,Head Office,Taxable,99381000000006196,IGST18,18.000000,19.80,ItemAmount,INTD,,goods,,110.00,110.00,130.00,,Customer Pick,,Teslin
99381000011601050,2023-11-14,DC-00669,others,Delivered,Not Invoiced,99381000003083031,Head Office,99381000005894249,JHT ELECTRONICS,KL,business_gst,32AAMFJ4623J1ZC,false,Standard Template,INR,1.00,entity_level,true,0.000,0.00,BENCH PC GREEN FRONT&BACK DISPLAY,,99381000006246879,BPGFBD,,Sales,,1.00,0.00,nos,260.00,0.00,0.0,84239020,FALSE,Head Office,Taxable,99381000000006208,GST18,18.000000,46.80,Tax Group,,,goods,,260.00,260.00,307.00,,,,
99381000011621086,2023-11-15,DC-00670,others,Draft,,99381000000098082,Cochin,99381000005074017,ELMASS’ Weighing & Automation Pvt. Ltd,KL,business_gst,32AAGCE7631N1ZF,false,Standard Template,INR,1.00,entity_level,true,0.000,0.00,B3P WEIGHING INDICATOR,,99381000010805630,B3PIND,,Sales,,1.00,0.00,nos,5200.00,0.00,0.0,84231000,FALSE,Cochin,Taxable,99381000000006208,GST18,18.000000,936.00,Tax Group,,,goods,,5200.00,5200.00,6136.00,,Customer Pick,,Eldho
99381000011635141,2023-11-16,DC-00671,others,Delivered,Not Invoiced,99381000000098082,Cochin,99381000008294039,K.ROY SCIENTIFIC INDUSTRIES PRIVATE LIMITED,WB,business_gst,19AAJCK4960H1Z5,false,Standard Template,INR,1.00,entity_level,true,0.000,0.00,Analytical Balance 200g/0.0001g -External,,99381000003934056,YSA204E,,Sales,"Model :YSA  SKU : YSA 2004E
Max :200g e:1mg d: 0.1mg Min:100mg",1.00,0.00,nos,24000.00,0.00,0.0,90160020,FALSE,Cochin,Taxable,99381000000006196,IGST18,18.000000,4320.00,ItemAmount,INTD,,goods,,24000.00,24000.00,28320.00,1,Delhivery,,Biju B
99381000011635152,2023-11-16,DC-00672,others,Delivered,Not Invoiced,99381000000098082,Cochin,99381000005619707,KINGLAB INSTRUMENTS PVT LTD,TN,business_gst,33AAHCK0721C1Z8,false,Standard Template,INR,1.00,entity_level,true,0.000,0.00,Analytical Balance 200g/0.0001g -External,,99381000003934056,YSA204E,,Sales,"Model :YSA  SKU : YSA 2004E
Max :200g e:1mg d: 0.1mg Min:100mg",1.00,0.00,nos,24000.00,0.00,0.0,90160020,FALSE,Cochin,Taxable,99381000000006196,IGST18,18.000000,4320.00,ItemAmount,INTD,,goods,,24000.00,24000.00,28320.00,1,Delhivery,,Biju B
99381000011635470,2023-11-16,DC-00673,others,Delivered,Not Invoiced,99381000000098082,Cochin,99381000000231096,Victory Scales,KL,business_gst,32AAAAV1247P1ZC,false,Standard Template,INR,1.00,entity_level,true,0.000,0.00,SCANGLE - POS TERMINAL SGT-101 (A12PRO),,99381000009552547,SGT101116,,Sales,"SCANGLE ALL IN ONE ANDROID POS
RK3566QUAD CORE ANDROID 11, 2GB+16GB, 11.6'' IPS SCREEN, 80mm THERMAL PRINTER",1.00,0.00,nos,20500.00,0.00,0.0,84714190,FALSE,Cochin,Taxable,99381000000006208,GST18,18.000000,3690.00,Tax Group,,,goods,,20500.00,20500.00,24190.00,,ST courier ,,Biju B
99381000011621263,2023-11-16,DC-00674,others,Draft,,99381000003083031,Head Office,99381000000112170,MEEZAN ELECTRONIC SCALES PRIVATE LIMITED,KL,business_gst,32AAECM1277C1ZY,false,Standard Template,INR,1.00,entity_level,true,0.000,0.00,SCANGLE - POS TERMINAL SGT-101 (A12PRO),,99381000009552547,SGT101116,,Sales,"SCANGLE ALL IN ONE ANDROID POS
RK3566QUAD CORE ANDROID 11, 2GB+16GB, 11.6'' IPS SCREEN, 80mm THERMAL PRINTER",1.00,0.00,nos,20500.00,0.00,0.0,84714190,FALSE,Head Office,Taxable,99381000000006208,GST18,18.000000,3690.00,Tax Group,,,goods,,20500.00,20500.00,24190.00,,ST courier ,,Teslin
99381000011634020,2023-11-16,DC-00675,others,Delivered,Not Invoiced,99381000000098082,Cochin,99381000000940238,INTERWEIGHING PVT. LTD.,KL,business_gst,32AAFCI1950F1ZZ,false,Standard Template,INR,1.00,entity_level,true,0.000,0.00,Cash Box,,99381000000343208,ECSCD,,Sales,,1.00,0.00,nos,2800.00,0.00,0.0,84239020,FALSE,Cochin,Taxable,99381000000006208,GST18,18.000000,504.00,Tax Group,,,goods,,2800.00,5700.00,6726.00,3,Customer Pick,,Eldho
99381000011634020,2023-11-16,DC-00675,others,Delivered,Not Invoiced,99381000000098082,Cochin,99381000000940238,INTERWEIGHING PVT. LTD.,KL,business_gst,32AAFCI1950F1ZZ,false,Standard Template,INR,1.00,entity_level,true,0.000,0.00,SCANGLE - CASH DRAWER 5 CONTAINER POS,,99381000009552593,CASHDRAWERPOS,,Sales,"DIMENSION: 420(W)*410(D)*100(H), BILLS: 5 BILLS, COINS: 5 COINS ,INTERFACE: RJ11/USB/RS232
",1.00,0.00,nos,2900.00,0.00,0.0,83030000,FALSE,Cochin,Taxable,99381000000006208,GST18,18.000000,522.00,Tax Group,,,goods,,2900.00,5700.00,6726.00,,Customer Pick,,Eldho
99381000011660063,2023-11-17,DC-00676,others,Draft,,99381000003083031,Head Office,99381000009570795,EASY WEIGH,KL,business_gst,32CFVPN5458P1ZF,false,Standard Template,INR,1.00,entity_level,true,0.000,0.00,BY Display ATMPCP Front and Back (Green LED),,99381000006435197,BY003,,Sales,,51.00,0.00,nos,310.00,0.00,0.0,84239020,FALSE,Head Office,Taxable,99381000000006208,GST18,18.000000,2845.80,Tax Group,,,goods,,15810.00,26840.00,31671.00,,Customer Pick,,Teslin
99381000011660063,2023-11-17,DC-00676,others,Draft,,99381000003083031,Head Office,99381000009570795,EASY WEIGH,KL,business_gst,32CFVPN5458P1ZF,false,Standard Template,INR,1.00,entity_level,true,0.000,0.00,ECS5W DOT  MATRIX DISPLAY,,99381000001687432,ECS826,,Sales,,4.00,0.00,nos,750.00,0.00,0.0,84239020,FALSE,Head Office,Taxable,99381000000006208,GST18,18.000000,540.00,Tax Group,,,goods,,3000.00,26840.00,31671.00,,Customer Pick,,Teslin
99381000011660063,2023-11-17,DC-00676,others,Draft,,99381000003083031,Head Office,99381000009570795,EASY WEIGH,KL,business_gst,32CFVPN5458P1ZF,false,Standard Template,INR,1.00,entity_level,true,0.000,0.00,BY Motherboard Bench & ATMPCP,,99381000006435242,BY006,,Sales,,1.00,0.00,nos,180.00,0.00,0.0,84239020,FALSE,Head Office,Taxable,99381000000006208,GST18,18.000000,32.40,Tax Group,,,goods,,180.00,26840.00,31671.00,,Customer Pick,,Teslin
99381000011660063,2023-11-17,DC-00676,others,Draft,,99381000003083031,Head Office,99381000009570795,EASY WEIGH,KL,business_gst,32CFVPN5458P1ZF,false,Standard Template,INR,1.00,entity_level,true,0.000,0.00,ECS5W SMPS 7V,,99381000000306148,ECS817,,Sales,,1.00,0.00,nos,950.00,0.00,0.0,84239020,FALSE,Head Office,Taxable,99381000000006208,GST18,18.000000,171.00,Tax Group,,,goods,,950.00,26840.00,31671.00,,Customer Pick,,Teslin
99381000011660063,2023-11-17,DC-00676,others,Draft,,99381000003083031,Head Office,99381000009570795,EASY WEIGH,KL,business_gst,32CFVPN5458P1ZF,false,Standard Template,INR,1.00,entity_level,true,0.000,0.00,ECS5W MOTHER BOARD,,99381000000306276,ECS815,,Sales,refurbished,1.00,0.00,pcs,6900.00,0.00,0.0,84239020,FALSE,Head Office,Taxable,99381000000006208,GST18,18.000000,1242.00,Tax Group,,,goods,,6900.00,26840.00,31671.00,,Customer Pick,,Teslin
99381000011660101,2023-11-17,DC-00677,others,Delivered,Not Invoiced,99381000003083031,Head Office,99381000006441194,M/S Balance Tech International,WB,business_gst,19ABSFM5010F1Z7,false,Standard Template,INR,1.00,entity_level,true,0.000,0.00,0.1MG Windshield,,99381000004434433,WINDSH,,Sales,YSA  windshelld  one side .  broken during transport,1.00,0.00,nos,2500.00,0.00,0.0,84239020,FALSE,Head Office,Taxable,99381000000006196,IGST18,18.000000,450.00,ItemAmount,INTD,,goods,,2500.00,2500.00,2950.00,,ST courier ,,Teslin
99381000011657077,2023-11-17,DC-00678,others,Delivered,Not Invoiced,99381000000098082,Cochin,99381000000940238,INTERWEIGHING PVT. LTD.,KL,business_gst,32AAFCI1950F1ZZ,false,Standard Template,INR,1.00,entity_level,true,0.000,0.00,Analytical Balance 200g/0.0001g - Internal,,99381000003934065,YSA204I,,Sales,Model :YSA    Max : 200g Min : 100mg e: 1mg   d : 0.1mg ,1.00,0.00,nos,27500.00,0.00,0.0,90160020,FALSE,Cochin,Taxable,99381000000006208,GST18,18.000000,4950.00,Tax Group,,,goods,,27500.00,27500.00,32450.00,1,Customer Pick,,Eldho
99381000011685070,2023-11-18,DC-00679,others,Delivered,Not Invoiced,99381000003083031,Head Office,99381000000372006,ALUVA SCALES,KL,business_gst,32AAWFA5290Q1ZO,false,Standard Template,INR,1.00,entity_level,true,0.000,0.00,ATM30DAD1 Body set top case,,99381000009797658,ABSTC3,,Sales,,1.00,0.00,nos,320.00,0.00,0.0,84239020,FALSE,Head Office,Taxable,99381000000006208,GST18,18.000000,57.60,Tax Group,,,goods,,320.00,320.00,378.00,,ST courier ,,Eldho
99381000011725041,2023-11-21,DC-00680,others,Delivered,Not Invoiced,99381000003083031,Head Office,99381000000372006,ALUVA SCALES,KL,business_gst,32AAWFA5290Q1ZO,false,Standard Template,INR,1.00,entity_level,true,0.000,0.00,BY Motherboard Bench & ATMPCP,,99381000006435242,BY006,,Sales,,1.00,0.00,nos,180.00,0.00,0.0,84239020,FALSE,Head Office,Taxable,99381000000006208,GST18,18.000000,32.40,Tax Group,,,goods,,180.00,180.00,212.00,,Customer Pick,,Eldho
99381000011725069,2023-11-21,DC-00681,others,Draft,,99381000000098082,Cochin,99381000000112170,MEEZAN ELECTRONIC SCALES PRIVATE LIMITED,KL,business_gst,32AAECM1277C1ZY,false,Standard Template,INR,1.00,entity_level,true,0.000,0.00,,,,,,Sales,Android POS Adapter,1.00,0.00,,1000.00,0.00,0.0,84733099,FALSE,,Taxable,99381000000006208,GST18,18.000000,180.00,Tax Group,,,service,,1000.00,1000.00,1180.00,,ST courier ,,Teslin
99381000011730149,2023-11-21,DC-00682,others,Draft,,99381000000098082,Cochin,99381000000112170,MEEZAN ELECTRONIC SCALES PRIVATE LIMITED,KL,business_gst,32AAECM1277C1ZY,false,Standard Template,INR,1.00,entity_level,true,0.000,0.00,SCANGLE - POS TERMINAL SGT-101 (A12PRO),,99381000009552547,SGT101116,,Sales,"SCANGLE ALL IN ONE ANDROID POS
RK3566QUAD CORE ANDROID 11, 2GB+16GB, 11.6'' IPS SCREEN, 80mm THERMAL PRINTER",1.00,0.00,nos,20500.00,0.00,0.0,84714190,FALSE,Cochin,Taxable,99381000000006208,GST18,18.000000,3690.00,Tax Group,,,goods,,20500.00,20500.00,24190.00,,ST courier ,,Eldho
99381000011730646,2023-11-21,DC-00683,others,Draft,,99381000000098082,Cochin,99381000000114383,ACCURATE TRADE LINKS,KL,business_gst,32AHJPK1741Q1Z4,false,Standard Template,INR,1.00,entity_level,true,0.000,0.00,CCM  - Value Counting Machine,,99381000000302452,AL66,,Sales,,7.00,0.00,nos,3000.00,0.00,0.0,84729090,FALSE,Cochin,Taxable,99381000000006208,GST18,18.000000,3780.00,Tax Group,,,goods,,21000.00,21000.00,24780.00,,ST courier ,,Eldho
99381000011725139,2023-11-21,DC-00684,others,Delivered,Not Invoiced,99381000003083031,Head Office,99381000000154169,LOGIWIZ LOGISTICS INDIA PVT LTD,KL,consumer,,false,Standard Template,INR,1.00,entity_level,true,0.000,0.00,ECS5W SMPS 7V,,99381000000306148,ECS817,,Sales,,1.00,0.00,nos,950.00,0.00,0.0,84239020,FALSE,Head Office,Taxable,99381000000006208,GST18,18.000000,171.00,Tax Group,,,goods,,950.00,8045.00,9513.00,,Customer Pick,,Eldho
99381000011725139,2023-11-21,DC-00684,others,Delivered,Not Invoiced,99381000003083031,Head Office,99381000000154169,LOGIWIZ LOGISTICS INDIA PVT LTD,KL,consumer,,false,Standard Template,INR,1.00,entity_level,true,0.000,0.00,ATM PC / BENCH PC BATTERY 4V  4.5AH,,99381000000691252,APC209,,Sales,,1.00,0.00,nos,195.00,0.00,0.0,85068090,FALSE,Head Office,Taxable,99381000000006224,GST28,28.000000,54.60,Tax Group,,,goods,,195.00,8045.00,9513.00,4,Customer Pick,,Eldho
99381000011725139,2023-11-21,DC-00684,others,Delivered,Not Invoiced,99381000003083031,Head Office,99381000000154169,LOGIWIZ LOGISTICS INDIA PVT LTD,KL,consumer,,false,Standard Template,INR,1.00,entity_level,true,0.000,0.00,ECS5W MOTHER BOARD,,99381000000306276,ECS815,,Sales,,1.00,0.00,pcs,6900.00,0.00,0.0,84239020,FALSE,Head Office,Taxable,99381000000006208,GST18,18.000000,1242.00,Tax Group,,,goods,,6900.00,8045.00,9513.00,,Customer Pick,,Eldho
99381000011740001,2023-11-22,DC-00685,others,Delivered,Not Invoiced,99381000003083031,Head Office,99381000011612711,NIRUTHA WEIGHING SYSTEMS,KA,business_gst,29DQXPA8309C1ZK,false,Standard Template,INR,1.00,entity_level,true,0.000,0.00,ECS5W POWER SUPPLY BOARD,,99381000000306225,ECS816,,Sales,,2.00,0.00,nos,250.00,0.00,0.0,84239020,FALSE,Head Office,Taxable,99381000000006196,IGST18,18.000000,90.00,ItemAmount,INTD,,goods,,500.00,500.00,590.00,,,,
99381000011752001,2023-11-22,DC-00686,others,Delivered,Not Invoiced,99381000003083031,Head Office,99381000001392083,CENTRAL TRADERS,KL,business_gst,32AFKPA2174A1Z9,false,Standard Template,INR,1.00,entity_level,true,0.000,0.00,BPC50DAD2 Machine Leg,,99381000009819421,BPCLEG,,Sales,,8.00,0.00,nos,20.00,0.00,0.0,84239020,FALSE,Head Office,Taxable,99381000000006208,GST18,18.000000,28.80,Tax Group,,,goods,,160.00,160.00,189.00,,ST courier ,,Eldho
99381000011749084,2023-11-23,DC-00687,others,Delivered,Not Invoiced,99381000000098082,Cochin,99381000000747828,Venkatachalam,TN,business_gst,33AACPH9039A1Z8,false,Standard Template,INR,1.00,entity_level,true,0.000,0.00,SCANGLE - THERMAL PRINTER SGT-88IV(USB),,99381000009561730,EC8004L,,Sales,"USB printer for android pos
",1.00,0.00,nos,3900.00,0.00,0.0,84433210,FALSE,Cochin,Taxable,99381000000006196,IGST18,18.000000,702.00,ItemAmount,INTD,,goods,,3900.00,24400.00,28792.00,,ST courier ,,Teslin
99381000011749084,2023-11-23,DC-00687,others,Delivered,Not Invoiced,99381000000098082,Cochin,99381000000747828,Venkatachalam,TN,business_gst,33AACPH9039A1Z8,false,Standard Template,INR,1.00,entity_level,true,0.000,0.00,SCANGLE - POS TERMINAL SGT-101 (A12PRO),,99381000009552547,SGT101116,,Sales,"SCANGLE ALL IN ONE ANDROID POS
RK3566QUAD CORE ANDROID 11, 2GB+16GB, 11.6'' IPS SCREEN, 80mm THERMAL PRINTER",1.00,0.00,nos,20500.00,0.00,0.0,84714190,FALSE,Cochin,Taxable,99381000000006196,IGST18,18.000000,3690.00,ItemAmount,INTD,,goods,,20500.00,24400.00,28792.00,,ST courier ,,Teslin
99381000011749096,2023-11-23,DC-00688,others,Delivered,Not Invoiced,99381000000098082,Cochin,99381000000309611,KRAUS INSTRUMENTS,KL,business_gst,32AASFK0676Q1ZM,false,Standard Template,INR,1.00,entity_level,true,0.000,0.00,SCANGLE - POS TERMINAL SGT-101 (A12PRO),,99381000009552547,SGT101116,,Sales,"SCANGLE ALL IN ONE ANDROID POS
RK3566QUAD CORE ANDROID 11, 2GB+16GB, 11.6'' IPS SCREEN, 80mm THERMAL PRINTER",1.00,0.00,nos,20500.00,0.00,0.0,84714190,FALSE,Cochin,Taxable,99381000000006208,GST18,18.000000,3690.00,Tax Group,,,goods,,20500.00,20500.00,24190.00,,ST courier ,,Teslin
99381000011761985,2023-11-23,DC-00689,Supply on Approval,Draft,,99381000003083031,Head Office,99381000009570795,EASY WEIGH,KL,business_gst,32CFVPN5458P1ZF,false,Standard Template,INR,1.00,entity_level,true,0.000,0.00,DIGIT WITH DECIMAL,,99381000006107202,BGC210,,Sales,,30.00,0.00,nos,10.00,0.00,0.0,84239020,FALSE,Head Office,Taxable,99381000000006208,GST18,18.000000,54.00,Tax Group,,,goods,,300.00,540.00,637.00,,Customer Pick,,Eldho
99381000011761985,2023-11-23,DC-00689,Supply on Approval,Draft,,99381000003083031,Head Office,99381000009570795,EASY WEIGH,KL,business_gst,32CFVPN5458P1ZF,false,Standard Template,INR,1.00,entity_level,true,0.000,0.00,DIGIT WITHOUT DECIMAL DECIMAL (GREEN),,99381000006107217,BGC211,,Sales,,30.00,0.00,nos,8.00,0.00,0.0,84239020,FALSE,Head Office,Taxable,99381000000006208,GST18,18.000000,43.20,Tax Group,,,goods,,240.00,540.00,637.00,,Customer Pick,,Eldho
99381000011773033,2023-11-24,DC-00690,others,Delivered,Not Invoiced,99381000003083031,Head Office,99381000000231096,Victory Scales,KL,business_gst,32AAAAV1247P1ZC,false,Standard Template,INR,1.00,entity_level,true,0.000,0.00,Transformer,,99381000002007028,TR12V,,Sales,,4.00,0.00,nos,95.00,0.00,0.0,84239020,FALSE,Head Office,Taxable,99381000000006208,GST18,18.000000,68.40,Tax Group,,,goods,,380.00,8470.00,9995.00,,ST courier ,,Teslin
99381000011773033,2023-11-24,DC-00690,others,Delivered,Not Invoiced,99381000003083031,Head Office,99381000000231096,Victory Scales,KL,business_gst,32AAAAV1247P1ZC,false,Standard Template,INR,1.00,entity_level,true,0.000,0.00,ECS5W PRINTER MAIN BOARD,,99381000000306360,ECS807,,Sales,,2.00,0.00,nos,350.00,0.00,0.0,84239020,FALSE,Head Office,Taxable,99381000000006208,GST18,18.000000,126.00,Tax Group,,,goods,,700.00,8470.00,9995.00,,ST courier ,,Teslin
99381000011773033,2023-11-24,DC-00690,others,Delivered,Not Invoiced,99381000003083031,Head Office,99381000000231096,Victory Scales,KL,business_gst,32AAAAV1247P1ZC,false,Standard Template,INR,1.00,entity_level,true,0.000,0.00,BY Display Bench Front and Back (Red LED),,99381000006435178,BY002,,Sales,,2.00,0.00,nos,245.00,0.00,0.0,84239020,FALSE,Head Office,Taxable,99381000000006208,GST18,18.000000,88.20,Tax Group,,,goods,,490.00,8470.00,9995.00,,ST courier ,,Teslin
99381000011773033,2023-11-24,DC-00690,others,Delivered,Not Invoiced,99381000003083031,Head Office,99381000000231096,Victory Scales,KL,business_gst,32AAAAV1247P1ZC,false,Standard Template,INR,1.00,entity_level,true,0.000,0.00,ECS5W MOTHER BOARD,,99381000000306276,ECS815,,Sales,,1.00,0.00,pcs,6900.00,0.00,0.0,84239020,FALSE,Head Office,Taxable,99381000000006208,GST18,18.000000,1242.00,Tax Group,,,goods,,6900.00,8470.00,9995.00,,ST courier ,,Teslin
99381000011773065,2023-11-24,DC-00691,others,Delivered,Not Invoiced,99381000003083031,Head Office,99381000000112170,MEEZAN ELECTRONIC SCALES PRIVATE LIMITED,KL,business_gst,32AAECM1277C1ZY,false,Standard Template,INR,1.00,entity_level,true,0.000,0.00,Q9LBL PRINT HEAD,,99381000001663314,Q9703,,Sales,,1.00,0.00,nos,2300.00,0.00,0.0,84239020,FALSE,Head Office,Taxable,99381000000006208,GST18,18.000000,414.00,Tax Group,,,goods,,2300.00,2300.00,2714.00,,ST courier ,,Teslin
99381000011773075,2023-11-24,DC-00692,others,Delivered,Not Invoiced,99381000003083031,Head Office,99381000000114383,ACCURATE TRADE LINKS,KL,business_gst,32AHJPK1741Q1Z4,false,Standard Template,INR,1.00,entity_level,true,0.000,0.00,Q10 ECS/LBL FRONT DISPLAY SET,,99381000006246614,QELFD1,,Sales,,1.00,0.00,nos,3120.00,0.00,0.0,84239020,FALSE,Head Office,Taxable,99381000000006208,GST18,18.000000,561.60,Tax Group,,,goods,,3120.00,3120.00,3682.00,,ST courier ,,Teslin
99381000011803111,2023-11-27,DC-00693,others,Delivered,Not Invoiced,99381000000098082,Cochin,99381000000940238,INTERWEIGHING PVT. LTD.,KL,business_gst,32AAFCI1950F1ZZ,false,Standard Template,INR,1.00,entity_level,true,0.000,0.00,B3P WEIGHING INDICATOR,,99381000010805630,B3PIND,,Sales,,1.00,0.00,nos,5800.00,0.00,0.0,84231000,FALSE,Cochin,Taxable,99381000000006208,GST18,18.000000,1044.00,Tax Group,,,goods,,5800.00,5800.00,6844.00,,Customer Pick,,Eldho
99381000011804057,2023-11-27,DC-00694,others,Delivered,Not Invoiced,99381000003083031,Head Office,99381000000112170,MEEZAN ELECTRONIC SCALES PRIVATE LIMITED,KL,business_gst,32AAECM1277C1ZY,false,Standard Template,INR,1.00,entity_level,true,0.000,0.00,Q9LBL PRINT HEAD,,99381000001663314,Q9703,,Sales,,1.00,0.00,nos,2300.00,0.00,0.0,84239020,FALSE,Head Office,Taxable,99381000000006208,GST18,18.000000,414.00,Tax Group,,,goods,,2300.00,2300.00,2714.00,,,,
99381000011802050,2023-11-27,DC-00695,others,Delivered,Not Invoiced,99381000003083031,Head Office,99381000000112170,MEEZAN ELECTRONIC SCALES PRIVATE LIMITED,KL,business_gst,32AAECM1277C1ZY,false,Standard Template,INR,1.00,entity_level,true,0.000,0.00,ECR KEYPAD,,99381000004096388,ECR105,,Sales,,1.00,0.00,nos,1400.00,0.00,0.0,84239020,FALSE,Head Office,Taxable,99381000000006208,GST18,18.000000,252.00,Tax Group,,,goods,,1400.00,2400.00,2832.00,,ST courier ,,Teslin
99381000011802050,2023-11-27,DC-00695,others,Delivered,Not Invoiced,99381000003083031,Head Office,99381000000112170,MEEZAN ELECTRONIC SCALES PRIVATE LIMITED,KL,business_gst,32AAECM1277C1ZY,false,Standard Template,INR,1.00,entity_level,true,0.000,0.00,ECR Display set Front,,99381000002713265,ECR103,,Sales,,1.00,0.00,nos,1000.00,0.00,0.0,84239020,FALSE,Head Office,Taxable,99381000000006208,GST18,18.000000,180.00,Tax Group,,,goods,,1000.00,2400.00,2832.00,,ST courier ,,Teslin
99381000011816027,2023-11-27,DC-00696,others,Delivered,Not Invoiced,99381000003083031,Head Office,99381000002072057,Mathi Scales,TN,business_gst,33AANFM5279L1ZO,false,Standard Template,INR,1.00,entity_level,true,0.000,0.00,BY Weighing PAN for ATMPCP & ATMPCW,,99381000006435351,BY013,,Sales,,1.00,0.00,nos,260.00,0.00,0.0,84239020,FALSE,Head Office,Taxable,99381000000006196,IGST18,18.000000,46.80,ItemAmount,INTD,,goods,,260.00,260.00,307.00,,,,
99381000011799124,2023-11-27,DC-00697,others,Draft,,99381000000098082,Cochin,99381000000309611,KRAUS INSTRUMENTS,KL,business_gst,32AASFK0676Q1ZM,false,Standard Template,INR,1.00,entity_level,true,0.000,0.00,ECS5W MOTHER BOARD,,99381000000306276,ECS815,,Sales,,3.00,0.00,pcs,6900.00,0.00,0.0,84239020,FALSE,Cochin,Taxable,99381000000006208,GST18,18.000000,3726.00,Tax Group,,,goods,,20700.00,43200.00,50976.00,,ST courier ,,Teslin
99381000011799124,2023-11-27,DC-00697,others,Draft,,99381000000098082,Cochin,99381000000309611,KRAUS INSTRUMENTS,KL,business_gst,32AASFK0676Q1ZM,false,Standard Template,INR,1.00,entity_level,true,0.000,0.00,Q9LBL MOTHERBOARD WITH WIFI,,99381000005665050,Q8623,,Sales,,3.00,0.00,nos,7500.00,0.00,0.0,84239020,FALSE,Cochin,Taxable,99381000000006208,GST18,18.000000,4050.00,Tax Group,,,goods,,22500.00,43200.00,50976.00,,ST courier ,,Teslin
99381000011835015,2023-11-28,DC-00698,others,Delivered,Not Invoiced,99381000000098082,Cochin,99381000005894249,JHT ELECTRONICS,KL,business_gst,32AAMFJ4623J1ZC,false,Standard Template,INR,1.00,entity_level,true,0.000,0.00,BENCH PC GREEN MAIN BOARD,,99381000006246958,BPGMB,,Sales,,1.00,0.00,nos,180.00,0.00,0.0,84239020,FALSE,Cochin,Taxable,99381000000006208,GST18,18.000000,32.40,Tax Group,,,goods,,180.00,620.00,732.00,,ST courier ,,Teslin
99381000011835015,2023-11-28,DC-00698,others,Delivered,Not Invoiced,99381000000098082,Cochin,99381000005894249,JHT ELECTRONICS,KL,business_gst,32AAMFJ4623J1ZC,false,Standard Template,INR,1.00,entity_level,true,0.000,0.00,Load Cell 130 KG,,99381000001577049,BPC118,,Sales,,2.00,0.00,nos,220.00,0.00,0.0,84239020,FALSE,Cochin,Taxable,99381000000006208,GST18,18.000000,79.20,Tax Group,,,goods,,440.00,620.00,732.00,,ST courier ,,Teslin
99381000011835027,2023-11-28,DC-00699,others,Delivered,Not Invoiced,99381000003083031,Head Office,99381000000231096,Victory Scales,KL,business_gst,32AAAAV1247P1ZC,false,Standard Template,INR,1.00,entity_level,true,0.000,0.00,ECS5W DOT  MATRIX DISPLAY,,99381000001687432,ECS826,,Sales,,1.00,0.00,nos,750.00,0.00,0.0,84239020,FALSE,Head Office,Taxable,99381000000006208,GST18,18.000000,135.00,Tax Group,,,goods,,750.00,750.00,885.00,,ST courier ,,Teslin
99381000011870511,2023-11-30,DC-00700,others,Delivered,Not Invoiced,99381000003083031,Head Office,99381000004229099,ACCURATE ELECTRONICS-COIMBATORE,TN,business_gst,33AQNPS9095E1Z9,false,Standard Template,INR,1.00,entity_level,true,0.000,0.00,Load Cell 130 KG,,99381000001577049,BPC118,,Sales,,11.00,0.00,nos,220.00,0.00,0.0,84239020,FALSE,Head Office,Taxable,99381000000006196,IGST18,18.000000,435.60,ItemAmount,INTD,,goods,,2420.00,2420.00,2856.00,,ST courier ,,Teslin
99381000011910043,2023-12-02,DC-00701,others,Delivered,Not Invoiced,99381000003083031,Head Office,99381000006598025,RUBY SCALES,KL,business_gst,32CICPS9602N1ZW,false,Standard Template,INR,1.00,entity_level,true,0.000,0.00,BY Motherboard Bench & ATMPCP,,99381000006435242,BY006,,Sales,,1.00,0.00,nos,180.00,0.00,0.0,84239020,FALSE,Head Office,Taxable,99381000000006208,GST18,18.000000,32.40,Tax Group,,,goods,,180.00,180.00,212.00,,ST courier ,,Eldho
99381000011919086,2023-12-05,DC-00702,others,Delivered,Not Invoiced,99381000000098082,Cochin,99381000000154169,LOGIWIZ LOGISTICS INDIA PVT LTD,KL,consumer,,false,Standard Template,INR,1.00,entity_level,true,0.000,0.00,ELECTRONIC PLATFORM SCALE 50-100kg,,99381000004032287,BEN340,,Sales,"Model : YSP PC Capacity : 50kg/100kg e:5g/10g
Size : 30*40cm, Plate : SS, Display : LED (Red) Accuracy :Dual",8.00,0.00,nos,2500.00,0.00,0.0,84238290,FALSE,Cochin,Taxable,99381000000006208,GST18,18.000000,3600.00,Tax Group,,,goods,,20000.00,20000.00,23600.00,2,Customer Pick,,Eldho
99381000011905234,2023-12-05,DC-00703,others,Delivered,Not Invoiced,99381000003083031,Head Office,99381000006824013,S. KHADER BAIG SAHEB & CO.,KA,business_gst,29AAMPA9169Q1ZQ,false,Standard Template,INR,1.00,entity_level,true,0.000,0.00,BY Display Bench Front and Back (Green LED),,99381000006435163,BY001,,Sales,,1.00,0.00,nos,245.00,0.00,0.0,84239020,FALSE,Head Office,Taxable,99381000000006196,IGST18,18.000000,44.10,ItemAmount,INTD,,goods,,245.00,605.00,714.00,,,,
99381000011905234,2023-12-05,DC-00703,others,Delivered,Not Invoiced,99381000003083031,Head Office,99381000006824013,S. KHADER BAIG SAHEB & CO.,KA,business_gst,29AAMPA9169Q1ZQ,false,Standard Template,INR,1.00,entity_level,true,0.000,0.00,BY Motherboard Bench & ATMPCP,,99381000006435242,BY006,,Sales,,1.00,0.00,nos,180.00,0.00,0.0,84239020,FALSE,Head Office,Taxable,99381000000006196,IGST18,18.000000,32.40,ItemAmount,INTD,,goods,,180.00,605.00,714.00,,,,
99381000011905234,2023-12-05,DC-00703,others,Delivered,Not Invoiced,99381000003083031,Head Office,99381000006824013,S. KHADER BAIG SAHEB & CO.,KA,business_gst,29AAMPA9169Q1ZQ,false,Standard Template,INR,1.00,entity_level,true,0.000,0.00,BENCH PC GREEN MAIN BOARD,,99381000006246958,BPGMB,,Sales,,1.00,0.00,nos,180.00,0.00,0.0,84239020,FALSE,Head Office,Taxable,99381000000006196,IGST18,18.000000,32.40,ItemAmount,INTD,,goods,,180.00,605.00,714.00,,,,
99381000011942001,2023-12-06,DC-00704,others,Delivered,Not Invoiced,99381000003083031,Head Office,99381000000154574,TAKYON SYSTEMS,KL,business_gst,32AANFT0176D1ZE,false,Standard Template,INR,1.00,entity_level,true,0.000,0.00,Motherboard PMS 63,,99381000002007019,MP63,,Sales,REPLACEMENT FROM SUPPLIER . NOT IN STOCK,15.00,0.00,nos,240.00,0.00,0.0,84239020,FALSE,Head Office,Taxable,99381000000006208,GST18,18.000000,648.00,Tax Group,,,goods,,3600.00,3600.00,4248.00,,ST courier ,,Teslin
99381000011942011,2023-12-06,DC-00705,others,Delivered,Not Invoiced,99381000003083031,Head Office,99381000007246189,Yogi Electronics Weighing Scale,HR,business_gst,06CNKPM7738Q1Z0,false,Standard Template,INR,1.00,entity_level,true,0.000,0.00,Indicator,,99381000005590121,IND202,,Sales,SINGLE DISPLAY GREEN  INDICATOR,1.00,0.00,nos,1200.00,0.00,0.0,84239020,FALSE,Head Office,Taxable,99381000000006196,IGST18,18.000000,216.00,ItemAmount,INTD,,goods,,1200.00,1200.00,1416.00,,ST courier ,,Teslin
99381000011956093,2023-12-07,DC-00706,others,Delivered,Not Invoiced,99381000003083031,Head Office,99381000003128788,S M INDUSTRIES,TS,business_gst,36AIGPM7031H1ZA,false,Standard Template,INR,1.00,entity_level,true,0.000,0.00,ATM30DAD1 Body set top case,,99381000009797658,ABSTC3,,Sales,,1.00,0.00,nos,320.00,0.00,0.0,84239020,FALSE,Head Office,Taxable,99381000000006196,IGST18,18.000000,57.60,ItemAmount,INTD,,goods,,320.00,320.00,378.00,,ST courier ,,Teslin
99381000011973041,2023-12-08,DC-00707,others,Delivered,Not Invoiced,99381000003083031,Head Office,99381000003573113,Marvel Scales- Aluva,KL,business_gst,32ATVPJ2032M1ZI,false,Standard Template,INR,1.00,entity_level,true,0.000,0.00,ATM JUNIOR FRONT DISPLAY(GREEN),,99381000007894084,AJFDG,,Sales,,1.00,0.00,nos,180.00,0.00,0.0,84239020,FALSE,Head Office,Taxable,99381000000006208,GST18,18.000000,32.40,Tax Group,,,goods,,180.00,180.00,212.00,,Customer Pick,,Eldho
99381000011973051,2023-12-08,DC-00708,others,Delivered,Not Invoiced,99381000000098082,Cochin,99381000011971133,INTERWEIGHING PRIVATE LIMITED,KL,business_gst,32AAFCI1950F1ZZ,false,Standard Template,INR,1.00,entity_level,true,0.000,0.00,SCANGLE - POS TERMINAL SGT-A1 Q6,,99381000009557023,Q6,,Sales,"SCANGLE HAND HELD ANDROID POS
MTK6580(1.3GHz) ANDROID 11,2GB+16GB,       5'' IPS DISPLAY,  58mm(2'') THERMAL PRINTER  , WIFI WITH 4G
S/N: SGTPOS20230511087

",1.00,0.00,nos,11500.00,0.00,0.0,84714190,FALSE,Cochin,Taxable,99381000000006208,GST18,18.000000,2070.00,Tax Group,,,goods,,11500.00,11500.00,13570.00,,ST courier ,,Teslin
99381000011990019,2023-12-09,DC-00709,others,Delivered,Not Invoiced,99381000000098082,Cochin,99381000000114383,ACCURATE TRADE LINKS,KL,business_gst,32AHJPK1741Q1Z4,false,Standard Template,INR,1.00,entity_level,true,0.000,0.00,SCANGLE - POS TERMINAL SGT-A1 Q6,,99381000009557023,Q6,,Sales,"SCANGLE HAND HELD ANDROID POS
MTK6580(1.3GHz) ANDROID 11,2GB+16GB,       5'' IPS DISPLAY,  58mm(2'') THERMAL PRINTER  , WIFI WITH 4G
",1.00,0.00,nos,11500.00,0.00,0.0,84714190,FALSE,Cochin,Taxable,99381000000006208,GST18,18.000000,2070.00,Tax Group,,,goods,,11500.00,11500.00,13570.00,,Amal Assosiate,,Teslin
99381000012002197,2023-12-11,DC-00710,others,Delivered,Not Invoiced,99381000003083031,Head Office,99381000002549012,ROYAL SCALES,KL,business_none,,false,Standard Template,INR,1.00,entity_level,true,0.000,0.00,ATM/BENCH PC MOTHER BOARD,,99381000000313080,BPC114,,Sales,,1.00,0.00,nos,160.00,0.00,0.0,84239020,FALSE,Head Office,Taxable,99381000000006208,GST18,18.000000,28.80,Tax Group,,,goods,,160.00,160.00,189.00,,ST courier ,,Teslin
99381000012002261,2023-12-11,DC-00711,others,Delivered,Not Invoiced,99381000003083031,Head Office,99381000000084508,ACE ELECTRONICS,KL,business_gst,32AAZFA3650P1ZV,false,Standard Template,INR,1.00,entity_level,true,0.000,0.00,Q9LBL MOTHERBOARD WITH WIFI,,99381000005665050,Q8623,,Sales,,1.00,0.00,nos,7500.00,0.00,0.0,84239020,FALSE,Head Office,Taxable,99381000000006208,GST18,18.000000,1350.00,Tax Group,,,goods,,7500.00,7500.00,8850.00,,ST courier ,,Teslin
99381000012055003,2023-12-13,DC-00712,others,Delivered,Not Invoiced,99381000000098082,Cochin,99381000000114383,ACCURATE TRADE LINKS,KL,business_gst,32AHJPK1741Q1Z4,false,Standard Template,INR,1.00,entity_level,true,0.000,0.00,AY ATM PC-WH Weigh pan leg,,99381000009223084,AAPWWP,,Sales,,4.00,0.00,nos,20.00,0.00,0.0,84239020,FALSE,Cochin,Taxable,99381000000006208,GST18,18.000000,14.40,Tax Group,,,goods,,80.00,230.00,271.00,,APS,,Eldho
99381000012055003,2023-12-13,DC-00712,others,Delivered,Not Invoiced,99381000000098082,Cochin,99381000000114383,ACCURATE TRADE LINKS,KL,business_gst,32AHJPK1741Q1Z4,false,Standard Template,INR,1.00,entity_level,true,0.000,0.00,,,,,,Sales,ATM PC WH PAN ,1.00,0.00,,150.00,0.00,0.0,939020,FALSE,,Taxable,99381000000006208,GST18,18.000000,27.00,Tax Group,,,service,,150.00,230.00,271.00,,APS,,Eldho
99381000012083025,2023-12-14,DC-00713,others,Draft,,99381000003083031,Head Office,99381000000309611,KRAUS INSTRUMENTS,KL,business_gst,32AASFK0676Q1ZM,false,Standard Template,INR,1.00,entity_level,true,0.000,0.00,U4 8720 CHIP,,99381000012074915,UC4872,,Sales,,10.00,0.00,nos,250.00,0.00,0.0,84239020,FALSE,Head Office,Taxable,99381000000006208,GST18,18.000000,450.00,Tax Group,,,goods,,2500.00,7500.00,8850.00,,,,
99381000012083025,2023-12-14,DC-00713,others,Draft,,99381000003083031,Head Office,99381000000309611,KRAUS INSTRUMENTS,KL,business_gst,32AASFK0676Q1ZM,false,Standard Template,INR,1.00,entity_level,true,0.000,0.00,U9/U1O 53R/50,,99381000012074942,UU9153,,Sales,,20.00,0.00,nos,250.00,0.00,0.0,84239020,FALSE,Head Office,Taxable,99381000000006208,GST18,18.000000,900.00,Tax Group,,,goods,,5000.00,7500.00,8850.00,,,,
99381000012095031,2023-12-15,DC-00714,others,Delivered,Not Invoiced,99381000000098082,Cochin,99381000000126001,YELLOW SCALES,KL,business_gst,32CPDPS6051P1ZG,false,Standard Template,INR,1.00,entity_level,true,0.000,0.00,Bill Printing scale Q8POS,,99381000000011617,ECS5W,,Sales,Make:YESWEIGH  Model:YS-30   Max:30kg  e:5g  Min:100g  Class:III,1.00,0.00,nos,15500.00,0.00,0.0,84231000,FALSE,Cochin,Taxable,99381000000006208,GST18,18.000000,2790.00,Tax Group,,,goods,,15500.00,15500.00,18290.00,2,Customer Pick,,Biju B
99381000012099001,2023-12-15,DC-00715,others,Delivered,Not Invoiced,99381000000098082,Cochin,99381000003962053,MODERN BUSINESS EQUIPMENT & SERVICES PVT LTD.,HP,business_gst,02AAECM9272F1ZK,false,Standard Template,INR,1.00,entity_level,true,0.000,0.00,BODY SET ATM JUNIOR,,99381000001656758,BSAJ,,Sales,,1.00,0.00,nos,400.00,0.00,0.0,84239020,FALSE,Cochin,Taxable,99381000000006196,IGST18,18.000000,72.00,ItemAmount,INTD,,goods,,400.00,400.00,472.00,,,,
99381000012098265,2023-12-15,DC-00716,others,Delivered,Not Invoiced,99381000000098082,Cochin,99381000000940238,INTERWEIGHING PVT. LTD.,KL,business_gst,32AAFCI1950F1ZZ,false,Standard Template,INR,1.00,entity_level,true,0.000,0.00,ECONOMIC BENCH MS,,99381000006175159,BY5039,,Sales,"Size : 30*34 Max: 50kg e: 5g
Dual display, LED RED display,Foldable platform",1.00,0.00,nos,1950.00,0.00,0.0,84238190,FALSE,Cochin,Taxable,99381000000006208,GST18,18.000000,351.00,Tax Group,,,goods,,1950.00,4400.00,5192.00,4,Customer Pick,,Eldho
99381000012098265,2023-12-15,DC-00716,others,Delivered,Not Invoiced,99381000000098082,Cochin,99381000000940238,INTERWEIGHING PVT. LTD.,KL,business_gst,32AAFCI1950F1ZZ,false,Standard Template,INR,1.00,entity_level,true,0.000,0.00,Price Computing scale -W,,99381000006409443,DY798,,Sales,"Make: YESWEIGH Model: YSP 30
Max:30kg e:5g Min:100g Class:III",1.00,0.00,nos,2450.00,0.00,0.0,84238290,FALSE,Cochin,Taxable,99381000000006208,GST18,18.000000,441.00,Tax Group,,,goods,,2450.00,4400.00,5192.00,5,Customer Pick,,Eldho
99381000012095292,2023-12-16,DC-00717,others,Delivered,Not Invoiced,99381000000098082,Cochin,99381000000114383,ACCURATE TRADE LINKS,KL,business_gst,32AHJPK1741Q1Z4,false,Standard Template,INR,1.00,entity_level,true,0.000,0.00,SCANGLE - POS TERMINAL SGT-A1 Q3,,99381000009552566,Q3,,Sales,"PROCESSOR: MTK6580(1.3GHz), 5'' IPS DISPLAY, RAM:1GB  ROM:8GB, PPRINTER: 58MM(2'')
S/N : SGTPOS230511054, SGTPOS230511059
",2.00,0.00,nos,10500.00,0.00,0.0,84714190,FALSE,Cochin,Taxable,99381000000006208,GST18,18.000000,3780.00,Tax Group,,,goods,,21000.00,21000.00,24780.00,,ST courier ,,Teslin
99381000012095582,2023-12-18,DC-00718,others,Draft,,99381000000098082,Cochin,99381000004249003,ACCURATE SOLUTIONS,TN,business_gst,33AIDPA7375F1ZK,false,Standard Template,INR,1.00,entity_level,true,0.000,0.00,SCANGLE - POS TERMINAL SGT-101 (A12PRO),,99381000009552547,SGT101116,,Sales,"SCANGLE ALL IN ONE ANDROID POS
RK3566QUAD CORE ANDROID 11, 2GB+16GB, 11.6'' IPS SCREEN, 80mm THERMAL PRINTER",1.00,0.00,nos,20500.00,0.00,0.0,84714190,FALSE,Cochin,Taxable,99381000000006196,IGST18,18.000000,3690.00,ItemAmount,INTD,,goods,,20500.00,91300.00,107734.00,,Amal Assosiate,,Biju B
99381000012095582,2023-12-18,DC-00718,others,Draft,,99381000000098082,Cochin,99381000004249003,ACCURATE SOLUTIONS,TN,business_gst,33AIDPA7375F1ZK,false,Standard Template,INR,1.00,entity_level,true,0.000,0.00,"SCANGLE - POS TERMINAL SGT-668A 14""",,99381000009552631,SGT665A14,,Sales,"RK3566/2GB/16GB DDR3, 14''  FRONT DISPLAY HD, CAPACITIVE TP, ANDROID 11, ALUMINIUM FOLDABLE BODY
",1.00,0.00,nos,18500.00,0.00,0.0,84702900,FALSE,Cochin,Taxable,99381000000006196,IGST18,18.000000,3330.00,ItemAmount,INTD,,goods,,18500.00,91300.00,107734.00,,Amal Assosiate,,Biju B
99381000012095582,2023-12-18,DC-00718,others,Draft,,99381000000098082,Cochin,99381000004249003,ACCURATE SOLUTIONS,TN,business_gst,33AIDPA7375F1ZK,false,Standard Template,INR,1.00,entity_level,true,0.000,0.00,"SCANGLE -POS TERMINAL SGT-664 i3 15""",,99381000009552671,280FI3,,Sales,"PROCESSOR: INTEL i3 3RD GEN , 4GB +128 GB SSD, 15'' FRONT DISPLAY, ALUMINIUM ALLOY CASE,COLOUR: BLACK 
",1.00,0.00,nos,30500.00,0.00,0.0,84714190,FALSE,Cochin,Taxable,99381000000006196,IGST18,18.000000,5490.00,ItemAmount,INTD,,goods,,30500.00,91300.00,107734.00,,Amal Assosiate,,Biju B
99381000012095582,2023-12-18,DC-00718,others,Draft,,99381000000098082,Cochin,99381000004249003,ACCURATE SOLUTIONS,TN,business_gst,33AIDPA7375F1ZK,false,Standard Template,INR,1.00,entity_level,true,0.000,0.00,SCANGLE - CASH DRAWER 5 CONTAINER POS,,99381000009552593,CASHDRAWERPOS,,Sales,"DIMENSION: 420(W)*410(D)*100(H), BILLS: 5 BILLS, COINS: 5 COINS ,INTERFACE: RJ11/USB/RS232
",1.00,0.00,nos,2900.00,0.00,0.0,83030000,FALSE,Cochin,Taxable,99381000000006196,IGST18,18.000000,522.00,ItemAmount,INTD,,goods,,2900.00,91300.00,107734.00,,Amal Assosiate,,Biju B
99381000012095582,2023-12-18,DC-00718,others,Draft,,99381000000098082,Cochin,99381000004249003,ACCURATE SOLUTIONS,TN,business_gst,33AIDPA7375F1ZK,false,Standard Template,INR,1.00,entity_level,true,0.000,0.00,SCANGLE - BARCODE 2D SCANNER PT-138,,99381000009557063,PT138SCR88,,Sales,,1.00,0.00,nos,3600.00,0.00,0.0,84733099,FALSE,Cochin,Taxable,99381000000006196,IGST18,18.000000,648.00,ItemAmount,INTD,,goods,,3600.00,91300.00,107734.00,,Amal Assosiate,,Biju B
99381000012095582,2023-12-18,DC-00718,others,Draft,,99381000000098082,Cochin,99381000004249003,ACCURATE SOLUTIONS,TN,business_gst,33AIDPA7375F1ZK,false,Standard Template,INR,1.00,entity_level,true,0.000,0.00,SCANGLE - THERMAL PRINTER WITH BLUETOOTH,,99381000009552762,XP350BBT,,Sales,"SCANGLE THERMAL PRINER
INTERFACE : USB+BLUETOOTH,PRINTER : 80mm",1.00,0.00,nos,4800.00,0.00,0.0,84433290,FALSE,Cochin,Taxable,99381000000006196,IGST18,18.000000,864.00,ItemAmount,INTD,,goods,,4800.00,91300.00,107734.00,,Amal Assosiate,,Biju B
99381000012095582,2023-12-18,DC-00718,others,Draft,,99381000000098082,Cochin,99381000004249003,ACCURATE SOLUTIONS,TN,business_gst,33AIDPA7375F1ZK,false,Standard Template,INR,1.00,entity_level,true,0.000,0.00,SCANGLE - POS TERMINAL SGT-A1 Q3,,99381000009552566,Q3,,Sales,"PROCESSOR: MTK6580(1.3GHz), 5'' IPS DISPLAY, RAM:1GB  ROM:8GB, PPRINTER: 58MM(2'')
",1.00,0.00,nos,10500.00,0.00,0.0,84714190,FALSE,Cochin,Taxable,99381000000006196,IGST18,18.000000,1890.00,ItemAmount,INTD,,goods,,10500.00,91300.00,107734.00,,Amal Assosiate,,Biju B
99381000012180001,2023-12-20,DC-00719,others,Draft,,99381000000098082,Cochin,99381000007246189,Yogi Electronics Weighing Scale,HR,business_gst,06CNKPM7738Q1Z0,false,Standard Template,INR,1.00,entity_level,true,0.000,0.00,,,,,,Sales,Display of  indicator (PFG555SSQ),1.00,0.00,,500.00,0.00,0.0,84239020,FALSE,,Taxable,99381000000006196,IGST18,18.000000,90.00,ItemAmount,INTD,,service,,500.00,500.00,590.00,,Amal Assosiate,,Teslin
99381000012208942,2023-12-21,DC-00720,others,Delivered,Not Invoiced,99381000003083031,Head Office,99381000001392083,CENTRAL TRADERS,KL,business_gst,32AFKPA2174A1Z9,false,Standard Template,INR,1.00,entity_level,true,0.000,0.00,BY Motherboard Bench & ATMPCP,,99381000006435242,BY006,,Sales,,1.00,0.00,nos,180.00,0.00,0.0,84239020,FALSE,Head Office,Taxable,99381000000006208,GST18,18.000000,32.40,Tax Group,,,goods,,180.00,180.00,212.00,,ST courier ,,Eldho
99381000012265007,2023-12-23,DC-00721,others,Delivered,Not Invoiced,99381000000098082,Cochin,99381000000154169,LOGIWIZ LOGISTICS INDIA PVT LTD,KL,consumer,,false,Spreadsheet,INR,1.00,entity_level,true,0.000,0.00,SCANGLE - POS TERMINAL SGT-A1 Q3,,99381000009552566,Q3,,Sales,"PROCESSOR: MTK6580(1.3GHz), 5'' IPS DISPLAY, RAM:1GB  ROM:8GB, PPRINTER: 58MM(2'')
SGTPOS230511017
SGTPOS230511026
",2.00,0.00,nos,10500.00,0.00,0.0,84714190,FALSE,Cochin,Taxable,99381000000006208,GST18,18.000000,3780.00,Tax Group,,,goods,,21000.00,21000.00,24780.00,,Customer Pick,,Eldho
99381000012285677,2023-12-26,DC-00722,others,Delivered,Not Invoiced,99381000000098082,Cochin,99381000000154169,LOGIWIZ LOGISTICS INDIA PVT LTD,KL,consumer,,false,Standard Template,INR,1.00,entity_level,true,0.000,0.00,Table Top Scale 220x170 ABS 4 Volt,,99381000000349058,CH4VSF,,Sales,"Make  : YESWEIGH Model: YST-20
Max :20kg e:2gm Min: 40g Class III",60.00,0.00,nos,1100.00,0.00,0.0,84231000,FALSE,Cochin,Taxable,99381000000006208,GST18,18.000000,11880.00,Tax Group,,,goods,,66000.00,106000.00,125080.00,6,Customer Pick,,Shalima KT
99381000012285677,2023-12-26,DC-00722,others,Delivered,Not Invoiced,99381000000098082,Cochin,99381000000154169,LOGIWIZ LOGISTICS INDIA PVT LTD,KL,consumer,,false,Standard Template,INR,1.00,entity_level,true,0.000,0.00,Table Top Scale  220x170 ABS 6 Volt,,99381000000562040,TTABS6V,,Sales,"Model : YST-20
Max : 20kg e:2gm Min: 40g Class III",40.00,0.00,nos,1000.00,0.00,0.0,84231000,FALSE,Cochin,Taxable,99381000000006208,GST18,18.000000,7200.00,Tax Group,,,goods,,40000.00,106000.00,125080.00,6,Customer Pick,,Shalima KT
99381000012291021,2023-12-26,DC-00723,others,Delivered,Not Invoiced,99381000000098082,Cochin,99381000005562648,NITHIN INDUSTRIES,TN,business_gst,33AKCPV9417C1Z7,false,Standard Template,INR,1.00,entity_level,true,0.000,0.00,BY Motherboard Bench & ATMPCP,,99381000006435242,BY006,,Sales,,1.00,0.00,nos,180.00,0.00,0.0,84239020,FALSE,Cochin,Taxable,99381000000006196,IGST18,18.000000,32.40,ItemAmount,INTD,,goods,,180.00,425.00,502.00,,ST courier ,,Eldho
99381000012291021,2023-12-26,DC-00723,others,Delivered,Not Invoiced,99381000000098082,Cochin,99381000005562648,NITHIN INDUSTRIES,TN,business_gst,33AKCPV9417C1Z7,false,Standard Template,INR,1.00,entity_level,true,0.000,0.00,BY Display Bench Front and Back (Red LED),,99381000006435178,BY002,,Sales,,1.00,0.00,nos,245.00,0.00,0.0,84239020,FALSE,Cochin,Taxable,99381000000006196,IGST18,18.000000,44.10,ItemAmount,INTD,,goods,,245.00,425.00,502.00,,ST courier ,,Eldho
99381000012343051,2023-12-28,DC-00724,others,Delivered,Not Invoiced,99381000000098082,Cochin,99381000000084508,ACE ELECTRONICS,KL,business_gst,32AAZFA3650P1ZV,false,Standard Template,INR,1.00,entity_level,true,0.000,0.00,SCANGLE - POS TERMINAL SGT-A1 Q3,,99381000009552566,Q3,,Sales,"PROCESSOR: MTK6580(1.3GHz), 5'' IPS DISPLAY, RAM:1GB  ROM:8GB, PPRINTER: 58MM(2'')
S/N: SGTPOS230511006, SGTPOS230511058
SGTPOS230511004

",3.00,0.00,nos,10500.00,0.00,0.0,84714190,FALSE,Cochin,Taxable,99381000000006208,GST18,18.000000,5670.00,Tax Group,,,goods,,31500.00,31500.00,37170.00,,ST courier ,,Eldho
99381000012343061,2023-12-28,DC-00725,others,Delivered,Not Invoiced,99381000000098082,Cochin,99381000000112170,MEEZAN ELECTRONIC SCALES PRIVATE LIMITED,KL,business_gst,32AAECM1277C1ZY,false,Standard Template,INR,1.00,entity_level,true,0.000,0.00,Q9LBL PRINTER MOTHERBOARD,,99381000008802067,Q9719,,Sales,,1.00,0.00,nos,400.00,0.00,0.0,84239020,FALSE,Cochin,Taxable,99381000000006208,GST18,18.000000,72.00,Tax Group,,,goods,,400.00,400.00,472.00,,Customer Pick,,Eldho
99381000012391077,2023-12-30,DC-00726,others,Draft,,99381000000098082,Cochin,99381000002672003,Diamond Weighing Systems Private Limited,TS,business_gst,36AAICD2482N1Z7,false,Standard Template,INR,1.00,entity_level,true,0.000,0.00,ECONOMIC BENCH MS,,99381000006175159,BY5039,,Sales,"Size : 30*34 Max: 50kg e: 5g
Dual display, LED RED display,Foldable platform",1.00,0.00,nos,1950.00,0.00,0.0,84238290,FALSE,Cochin,Taxable,99381000000006196,IGST18,18.000000,351.00,ItemAmount,INTD,,goods,,1950.00,1950.00,2301.00,4,Customer Pick,,Biju B
99381000012420022,2024-01-03,DC-00727,others,Draft,,99381000000098082,Cochin,99381000000112170,MEEZAN ELECTRONIC SCALES PRIVATE LIMITED,KL,business_gst,32AAECM1277C1ZY,false,Standard Template,INR,1.00,entity_level,true,0.000,0.00,SCANGLE - POS TERMINAL SGT-A1 Q3,,99381000009552566,Q3,,Sales,"PROCESSOR: MTK6580(1.3GHz), 5'' IPS DISPLAY, RAM:1GB  ROM:8GB, PPRINTER: 58MM(2'')
SGTPOS230511030, SGTPOS230511025
",2.00,0.00,nos,9500.00,0.00,0.0,84714190,FALSE,Cochin,Taxable,99381000000006208,GST18,18.000000,3420.00,Tax Group,,,goods,,19000.00,40400.00,47672.00,,ST courier ,,Eldho
99381000012420022,2024-01-03,DC-00727,others,Draft,,99381000000098082,Cochin,99381000000112170,MEEZAN ELECTRONIC SCALES PRIVATE LIMITED,KL,business_gst,32AAECM1277C1ZY,false,Standard Template,INR,1.00,entity_level,true,0.000,0.00,Electronic cash register,,99381000000194004,ECR,,Sales,,2.00,0.00,nos,10700.00,0.00,0.0,84701000,FALSE,Cochin,Taxable,99381000000006208,GST18,18.000000,3852.00,Tax Group,,,goods,,21400.00,40400.00,47672.00,1,ST courier ,,Eldho
99381000012420041,2024-01-03,DC-00728,others,Delivered,Not Invoiced,99381000000098082,Cochin,99381000004224116,ARYA SCALES - CALICUT,KL,business_gst,32APXPS4495R1ZI,false,Standard Template,INR,1.00,entity_level,true,0.000,0.00,BY Motherboard Bench & ATMPCP,,99381000006435242,BY006,,Sales,,1.00,0.00,nos,180.00,0.00,0.0,84239020,FALSE,Cochin,Taxable,99381000000006208,GST18,18.000000,32.40,Tax Group,,,goods,,180.00,180.00,212.00,,ST courier ,,Eldho
99381000012420051,2024-01-03,DC-00729,others,Delivered,Not Invoiced,99381000003083031,Head Office,99381000003928174,YP Enterprises ,CG,business_gst,22BNAPS8102B1ZM,false,Standard Template,INR,1.00,entity_level,true,0.000,0.00,PORTABLE SCALE 30X40 BACK DISPLAY,,99381000012407744,PSDGQ001,,Sales,,1.00,0.00,nos,370.00,0.00,0.0,84239020,FALSE,Head Office,Taxable,99381000000006196,IGST18,18.000000,66.60,ItemAmount,INTD,,goods,,370.00,370.00,437.00,,Delhivery,,Eldho
99381000012536524,2024-01-10,DC-00730,others,Delivered,Not Invoiced,99381000000098082,Cochin,99381000003573113,Marvel Scales- Aluva,KL,business_gst,32ATVPJ2032M1ZI,false,Standard Template,INR,1.00,entity_level,true,0.000,0.00,Front and Back Display(Green) PFPC(Q),,99381000005707174,FABDGP,,Sales,,2.00,0.00,nos,345.00,0.00,0.0,84239020,FALSE,Cochin,Taxable,99381000000006208,GST18,18.000000,124.20,Tax Group,,,goods,,690.00,690.00,814.00,,Customer Pick,,Eldho
99381000012651143,2024-01-16,DC-00731,others,Delivered,Not Invoiced,99381000000098082,Cochin,99381000000014358,MARVEL ELECTRONICS,KL,business_gst,32BQUPA8911M1ZH,false,Standard Template,INR,1.00,entity_level,true,0.000,0.00,Motherboard PF PC(Q),,99381000005650001,MPPQ,,Sales,,1.00,0.00,nos,180.00,0.00,0.0,84239020,FALSE,Cochin,Taxable,99381000000006208,GST18,18.000000,32.40,Tax Group,,,goods,,180.00,180.00,212.00,,ST courier ,,Eldho
99381000012651153,2024-01-16,DC-00732,others,Delivered,Not Invoiced,99381000000098082,Cochin,99381000000309611,KRAUS INSTRUMENTS,KL,business_gst,32AASFK0676Q1ZM,false,Standard Template,INR,1.00,entity_level,true,0.000,0.00,ECS5W MOTHER BOARD,,99381000000306276,ECS815,,Sales,,1.00,0.00,pcs,6900.00,0.00,0.0,84239020,FALSE,Cochin,Taxable,99381000000006208,GST18,18.000000,1242.00,Tax Group,,,goods,,6900.00,6900.00,8142.00,,ST courier ,,Eldho
99381000012651163,2024-01-16,DC-00733,others,Delivered,Not Invoiced,99381000003083031,Head Office,99381000002139019,Modern Instruments,KL,business_gst,32CNNPM0624E1ZC,false,Standard Template,INR,1.00,entity_level,true,0.000,0.00,,,,,,Sales,SHAREBEAM FOOT,4.00,0.00,,450.00,0.00,0.0,84239020,FALSE,,Taxable,99381000000006208,GST18,18.000000,324.00,Tax Group,,,service,,1800.00,1800.00,2124.00,,ST courier ,,Eldho
99381000012680157,2024-01-18,DC-00734,others,Delivered,Not Invoiced,99381000000098082,Cochin,99381000000747828,Venkatachalam,TN,business_gst,33AACPH9039A1Z8,false,Standard Template,INR,1.00,entity_level,true,0.000,0.00,SCANGLE - POS TERMINAL SGT-A7,,99381000009552612,SGTA714A12,,Sales,"SCANGLE ALL IN ONE ANDROID POS
RK3566QUAD CORE ANDROID 11, 2GB+16GB,  14'' IPS SCREEN,80mm THERMAL PRINTER AUTO CUTTER",1.00,0.00,nos,22750.00,0.00,0.0,84714190,FALSE,Cochin,Taxable,99381000000006196,IGST18,18.000000,4095.00,ItemAmount,INTD,,goods,,22750.00,22750.00,26845.00,,Delhivery,,Eldho
99381000012780005,2024-01-24,DC-00735,others,Delivered,Not Invoiced,99381000003083031,Head Office,99381000007327022,MATIN &  CO. ,UP,business_gst,09AJGPM9912J1ZQ,false,Standard Template,INR,1.00,entity_level,true,0.000,0.00,BY Motherboard ATMPCW,,99381000006435257,BY007,,Sales,,2.00,0.00,nos,150.00,0.00,0.0,84239020,FALSE,Head Office,Taxable,99381000000006196,IGST18,18.000000,54.00,ItemAmount,INTD,,goods,,300.00,300.00,354.00,,Delhivery,,Eldho
99381000012888271,2024-02-01,DC-00736,Job Work,Draft,,99381000000098082,Cochin,99381000000940238,INTERWEIGHING PVT. LTD.,KL,business_gst,32AAFCI1950F1ZZ,false,Standard Template,INR,1.00,entity_level,true,0.000,0.00,Indicator,,99381000005590121,IND202,,Sales,Display : Red ,1.00,0.00,nos,1200.00,0.00,0.0,84239020,FALSE,Cochin,Taxable,99381000000006208,GST18,18.000000,216.00,Tax Group,,,goods,,1200.00,19100.00,22538.00,,,,
99381000012888271,2024-02-01,DC-00736,Job Work,Draft,,99381000000098082,Cochin,99381000000940238,INTERWEIGHING PVT. LTD.,KL,business_gst,32AAFCI1950F1ZZ,false,Standard Template,INR,1.00,entity_level,true,0.000,0.00,CCM  - Value Counting Machine,,99381000000302452,AL66,,Sales,,1.00,0.00,nos,7300.00,0.00,0.0,84729090,FALSE,Cochin,Taxable,99381000000006208,GST18,18.000000,1314.00,Tax Group,,,goods,,7300.00,19100.00,22538.00,,,,
99381000012888271,2024-02-01,DC-00736,Job Work,Draft,,99381000000098082,Cochin,99381000000940238,INTERWEIGHING PVT. LTD.,KL,business_gst,32AAFCI1950F1ZZ,false,Standard Template,INR,1.00,entity_level,true,0.000,0.00,CURRENCY COUNTING MACHINE (AL800),,99381000008766322,AL80,,Sales,,1.00,0.00,nos,3600.00,0.00,0.0,84729090,FALSE,Cochin,Taxable,99381000000006208,GST18,18.000000,648.00,Tax Group,,,goods,,3600.00,19100.00,22538.00,,,,
99381000012888271,2024-02-01,DC-00736,Job Work,Draft,,99381000000098082,Cochin,99381000000940238,INTERWEIGHING PVT. LTD.,KL,business_gst,32AAFCI1950F1ZZ,false,Standard Template,INR,1.00,entity_level,true,0.000,0.00,PRICE COMPUTING SCALE -WATERPROOF(QZ),,99381000012887614,ATMFSS,,Sales,"Make: YESWEIGH Model: YSP 30
Max:30kg e:5g Min:100g Class:III",1.00,0.00,nos,2500.00,0.00,0.0,84238190,FALSE,Cochin,Taxable,99381000000006208,GST18,18.000000,450.00,Tax Group,,,goods,,2500.00,19100.00,22538.00,,,,
99381000012888271,2024-02-01,DC-00736,Job Work,Draft,,99381000000098082,Cochin,99381000000940238,INTERWEIGHING PVT. LTD.,KL,business_gst,32AAFCI1950F1ZZ,false,Standard Template,INR,1.00,entity_level,true,0.000,0.00,Electronic weighing scale DJ600,,99381000000796329,DJ600,,Sales,Make:YESWEIGH  Model:YSJ-50   Max:620.81g Min:500mg e:10mg    Class:II,1.00,0.00,nos,4500.00,0.00,0.0,84231000,FALSE,Cochin,Taxable,99381000000006208,GST18,18.000000,810.00,Tax Group,,,goods,,4500.00,19100.00,22538.00,,,,
99381000013056021,2024-02-10,DC-00737,others,Delivered,Not Invoiced,99381000000098082,Cochin,99381000000114383,ACCURATE TRADE LINKS,KL,business_gst,32AHJPK1741Q1Z4,false,Spreadsheet,INR,1.00,entity_level,true,0.000,0.00,SCANGLE - POS TERMINAL SGT-A1 Q3,,99381000009552566,Q3,,Sales,"PROCESSOR: MTK6580(1.3GHz), 5'' IPS DISPLAY, RAM:1GB  ROM:8GB, PPRINTER: 58MM(2'')
",2.00,0.00,nos,8250.00,0.00,0.0,84714190,FALSE,Cochin,Taxable,99381000000006208,GST18,18.000000,2970.00,Tax Group,,,goods,,16500.00,16500.00,19470.00,,ST courier ,,Eldho
99381000013056067,2024-02-12,DC-00738,others,Draft,,99381000000098082,Cochin,99381000000084508,ACE ELECTRONICS,KL,business_gst,32AAZFA3650P1ZV,false,Standard Template,INR,1.00,entity_level,true,0.000,0.00,Price Computing Scale with Pole-Green,,99381000005338212,ATMPCPBY828B,,Sales,Make :YESWEIGH  Capacity : 30kg/5g Display : Green,1.00,0.00,nos,2200.00,0.00,0.0,84238290,FALSE,Cochin,Taxable,99381000000006208,GST18,18.000000,396.00,Tax Group,,,goods,,2200.00,2200.00,2596.00,4,ST courier ,,Eldho
99381000013056078,2024-02-12,DC-00739,others,Delivered,Not Invoiced,99381000000098082,Cochin,99381000011956179,ANSAB ELECTRONIC SCALE,DL,business_gst,07DVAPA2774K1ZL,false,Standard Template,INR,1.00,entity_level,true,0.000,0.00,Price Computing scale -W,,99381000006409443,DY798,,Sales,"Make: YESWEIGH Model: YSP 30
Max:30kg e:5g Min:100g Class:III",1.00,0.00,nos,2300.00,0.00,0.0,84238290,FALSE,Cochin,Taxable,99381000000006196,IGST18,18.000000,414.00,ItemAmount,INTD,,goods,,2300.00,2300.00,2714.00,5,Delhivery,,Eldho
99381000013056089,2024-02-12,DC-00740,others,Draft,,99381000000098082,Cochin,99381000000112170,MEEZAN ELECTRONIC SCALES PRIVATE LIMITED,KL,business_gst,32AAECM1277C1ZY,false,Standard Template,INR,1.00,entity_level,true,0.000,0.00,SCANGLE - POS TERMINAL SGT-A7,,99381000009552612,SGTA714A12,,Sales,"SCANGLE ALL IN ONE ANDROID POS
RK3566QUAD CORE ANDROID 11, 2GB+16GB,  14'' IPS SCREEN,80mm THERMAL PRINTER AUTO CUTTER",1.00,0.00,nos,23750.00,0.00,0.0,84714190,FALSE,Cochin,Taxable,99381000000006208,GST18,18.000000,4275.00,Tax Group,,,goods,,23750.00,23750.00,28025.00,,ST courier ,,Eldho
99381000013110001,2024-02-15,DC-00741,others,Delivered,Not Invoiced,99381000003083031,Head Office,99381000003962053,MODERN BUSINESS EQUIPMENT & SERVICES PVT LTD.,HP,business_gst,02AAECM9272F1ZK,false,Standard Template,INR,1.00,entity_level,true,0.000,0.00,BODY SET ATM JUNIOR,,99381000001656758,BSAJ,,Sales,,4.00,0.00,nos,400.00,0.00,0.0,84239020,FALSE,Head Office,Taxable,99381000000006196,IGST18,18.000000,288.00,ItemAmount,INTD,,goods,,1600.00,1600.00,1888.00,,Delhivery,,Eldho
99381000013154201,2024-02-17,DC-00742,others,Delivered,Not Invoiced,99381000000098082,Cochin,99381000002757272,Auto cal scales & Systems,DL,business_gst,07AKZPB4747N1ZD,false,Standard Template,INR,1.00,entity_level,true,0.000,0.00,Bill Printing scale Q8POS,,99381000000011617,ECS5W,,Sales,Make:YESWEIGH  Model:YS-30   Max:30kg  e:5g  Min:100g  Class:III,2.00,0.00,nos,21000.00,0.00,0.0,84231000,FALSE,Cochin,Taxable,99381000000006196,IGST18,18.000000,7560.00,ItemAmount,INTD,,goods,,42000.00,42000.00,49560.00,2,Delhivery,,Biju B
99381000013166069,2024-02-17,DC-00743,others,Delivered,Not Invoiced,99381000003083031,Head Office,99381000001091033,Electro Technologies,MH,business_gst,27BTXPB3804L1ZA,false,Standard Template,INR,1.00,entity_level,true,0.000,0.00,ECS5W / 4W/Q10 KEYBOARD,,99381000000306324,ECS811,,Sales,,1.00,0.00,nos,1000.00,0.00,0.0,84239020,FALSE,Head Office,Taxable,99381000000006196,IGST18,18.000000,180.00,ItemAmount,INTD,,goods,,1000.00,1000.00,1180.00,,Delhivery,,Binsha
99381000013189135,2024-02-19,DC-00744,others,Delivered,Not Invoiced,99381000000098082,Cochin,99381000000114383,ACCURATE TRADE LINKS,KL,business_gst,32AHJPK1741Q1Z4,false,Standard Template,INR,1.00,entity_level,true,0.000,0.00,"SCANGLE-POS TERMINAL SGT- 664 i5 15.6""",,99381000009552528,SGT664HDD280,,Sales,"SCANGLE  DESKTOP WINDOWS POS
INTEL i5 3RD GEN WINDOWS 10, 4GB+128GB SSD, 15.6'' FRONT DISPLAY, ALLUMINIUM FOLDABLE BODY,COLOUR : BLACK
",1.00,0.00,nos,32000.00,0.00,0.0,84714190,FALSE,Cochin,Taxable,99381000000006208,GST18,18.000000,5760.00,Tax Group,,,goods,,32000.00,32000.00,37760.00,,Amal Assosiate,,Eldho
99381000013376084,2024-02-21,DC-00745,others,Delivered,Not Invoiced,99381000000098082,Cochin,99381000000114383,ACCURATE TRADE LINKS,KL,business_gst,32AHJPK1741Q1Z4,false,Standard Template,INR,1.00,entity_level,true,0.000,0.00,Moisture Analyzer  XY100MW (110g/0.001g),,99381000009540189,YSJ100MW,,Sales,"Max : 110g, Min : 100mg e: 1mg d: 1mg
Class : I",1.00,0.00,nos,72000.00,0.00,0.0,84238190,FALSE,Cochin,Taxable,99381000000006208,GST18,18.000000,12960.00,Tax Group,,,goods,,72000.00,86000.00,101480.00,,ST courier ,,Eldho
99381000013376084,2024-02-21,DC-00745,others,Delivered,Not Invoiced,99381000000098082,Cochin,99381000000114383,ACCURATE TRADE LINKS,KL,business_gst,32AHJPK1741Q1Z4,false,Standard Template,INR,1.00,entity_level,true,0.000,0.00,Density Balance X600-2CM (610g/0.01g),,99381000009540208,YSJ612CM,,Sales,"Max : 610g, Min : 200mg e: 10mg d: 10mg Class : II",1.00,0.00,nos,14000.00,0.00,0.0,84238190,FALSE,Cochin,Taxable,99381000000006208,GST18,18.000000,2520.00,Tax Group,,,goods,,14000.00,86000.00,101480.00,,ST courier ,,Eldho
99381000013395049,2024-02-22,DC-00746,others,Delivered,Not Invoiced,99381000000098082,Cochin,99381000005371005,M/S Sunati Enterprise,TR,business_gst,16ADWFS2154E1ZU,false,Standard Template,INR,1.00,entity_level,true,0.000,0.00,YESWEIGH BAG,,99381000007897950,BAG,,Sales,,1.00,0.00,nos,0.00,0.00,0.0,42022210,FALSE,Cochin,Taxable,99381000000006196,IGST18,18.000000,0.00,ItemAmount,INTD,,goods,,0.00,0.00,0.00,,Delhivery,,Eldho
99381000013406027,2024-02-22,DC-00747,others,Delivered,Not Invoiced,99381000003083031,Head Office,99381000002950001,SURYA ELECTRONICS WEIGHING SCALES,KL,business_gst,32FJIPB8439L1ZX,false,Standard Template,INR,1.00,entity_level,true,0.000,0.00,BY Bench Dual Display Front & Back (Green & Red LED),,99381000011994635,BY019,,Sales,,1.00,0.00,nos,275.00,0.00,0.0,84239020,FALSE,Head Office,Taxable,99381000000006208,GST18,18.000000,49.50,Tax Group,,,goods,,275.00,275.00,325.00,,Customer Pick,,Eldho
99381000013436047,2024-02-23,DC-00748,others,Delivered,Not Invoiced,99381000003083031,Head Office,99381000005894249,JHT ELECTRONICS,KL,business_gst,32AAMFJ4623J1ZC,false,Standard Template,INR,1.00,entity_level,true,0.000,0.00,Motherboard PF PC(Q),,99381000005650001,MPPQ,,Sales,,1.00,0.00,nos,180.00,0.00,0.0,84239020,FALSE,Head Office,Taxable,99381000000006208,GST18,18.000000,32.40,Tax Group,,,goods,,180.00,180.00,212.00,,ST courier ,,Eldho
99381000013436057,2024-02-23,DC-00749,others,Delivered,Not Invoiced,99381000000098082,Cochin,99381000000161200,GK electronics,KL,business_gst,32CPSPM4266B1ZV,false,Standard Template,INR,1.00,entity_level,true,0.000,0.00,ATM/BENCH PC MOTHER BOARD,,99381000000313080,BPC114,,Sales,,1.00,0.00,nos,160.00,0.00,0.0,84239020,FALSE,Cochin,Taxable,99381000000006208,GST18,18.000000,28.80,Tax Group,,,goods,,160.00,160.00,189.00,,ST courier ,,Eldho
99381000013536802,2024-02-28,DC-00750,others,Draft,,99381000003083031,Head Office,99381000000112170,MEEZAN ELECTRONIC SCALES PRIVATE LIMITED,KL,business_gst,32AAECM1277C1ZY,false,Standard Template,INR,1.00,entity_level,true,0.000,0.00,Q9LBL MOTHERBOARD WITH WIFI,,99381000005665050,Q8623,,Sales,,1.00,0.00,nos,7500.00,0.00,0.0,84239020,FALSE,Head Office,Taxable,99381000000006208,GST18,18.000000,1350.00,Tax Group,,,goods,,7500.00,7500.00,8850.00,,ST courier ,,Eldho
99381000013536838,2024-02-28,DC-00751,others,Delivered,Not Invoiced,99381000003083031,Head Office,99381000010217110,VALLUVANAD SCALES,KL,business_gst,32EHDPA9161G1ZN,false,Standard Template,INR,1.00,entity_level,true,0.000,0.00,Motherboard PF PC(Q),,99381000005650001,MPPQ,,Sales,,1.00,0.00,nos,180.00,0.00,0.0,84239020,FALSE,Head Office,Taxable,99381000000006208,GST18,18.000000,32.40,Tax Group,,,goods,,180.00,180.00,212.00,,ST courier ,,Eldho
99381000013540613,2024-02-29,DC-00752,others,Delivered,Not Invoiced,99381000003083031,Head Office,99381000004224116,ARYA SCALES - CALICUT,KL,business_gst,32APXPS4495R1ZI,false,Standard Template,INR,1.00,entity_level,true,0.000,0.00,BPC50DAD2 Machine Leg,,99381000009819421,BPCLEG,,Sales,,4.00,0.00,nos,20.00,0.00,0.0,84239020,FALSE,Head Office,Taxable,99381000000006208,GST18,18.000000,14.40,Tax Group,,,goods,,80.00,80.00,94.00,,ST courier ,,Eldho
99381000013726087,2024-03-07,DC-00753,others,Draft,,99381000003083031,Head Office,99381000003474082,DEWSUN TECHNOLOGIES,CH,business_gst,04AEOPT9095E1ZX,false,Standard Template,INR,1.00,entity_level,true,0.000,0.00,BENCH PC GREEN MAIN BOARD,,99381000006246958,BPGMB,,Sales,,1.00,0.00,nos,180.00,0.00,0.0,84239020,FALSE,Head Office,Taxable,99381000000006196,IGST18,18.000000,32.40,ItemAmount,INTD,,goods,,180.00,180.00,212.00,,Speed Post ,,Eldho
99381000013744124,2024-03-08,DC-00754,others,Draft,,99381000000098082,Cochin,99381000000309611,KRAUS INSTRUMENTS,KL,business_gst,32AASFK0676Q1ZM,false,Standard Template,INR,1.00,entity_level,true,0.000,0.00,Electronic weighing scale DJ600,,99381000000796329,DJ600,,Sales,Make:YESWEIGH  Model:YSJ-50   Max:620.81g Min:500mg e:10mg    Class:II,1.00,0.00,nos,4500.00,0.00,0.0,84231000,FALSE,Cochin,Taxable,99381000000006208,GST18,18.000000,810.00,Tax Group,,,goods,,4500.00,16500.00,19470.00,,Customer Pick,,Eldho
99381000013744124,2024-03-08,DC-00754,others,Draft,,99381000000098082,Cochin,99381000000309611,KRAUS INSTRUMENTS,KL,business_gst,32AASFK0676Q1ZM,false,Standard Template,INR,1.00,entity_level,true,0.000,0.00,Jwellery Scale XY600-2C (600g/0.01g),,99381000009540143,YSJ612C,,Sales,Max : 600g Min : 200mg e: 10mg d : 10mg Class : II Model :YSJ,1.00,0.00,nos,4000.00,0.00,0.0,84238190,FALSE,Cochin,Taxable,99381000000006208,GST18,18.000000,720.00,Tax Group,,,goods,,4000.00,16500.00,19470.00,,Customer Pick,,Eldho
99381000013744124,2024-03-08,DC-00754,others,Draft,,99381000000098082,Cochin,99381000000309611,KRAUS INSTRUMENTS,KL,business_gst,32AASFK0676Q1ZM,false,Standard Template,INR,1.00,entity_level,true,0.000,0.00,Precision Balance JA203P (210g/0.001g),,99381000009540124,YSA213P,,Sales,Max : 210g Min : 100mg e: 1mg d : 1mg  Class : I Model :YSA,1.00,0.00,nos,8000.00,0.00,0.0,84238190,FALSE,Cochin,Taxable,99381000000006208,GST18,18.000000,1440.00,Tax Group,,,goods,,8000.00,16500.00,19470.00,,Customer Pick,,Eldho
99381000013776027,2024-03-09,DC-00755,others,Draft,,99381000000098082,Cochin,99381000000309611,KRAUS INSTRUMENTS,KL,business_gst,32AASFK0676Q1ZM,false,Standard Template,INR,1.00,entity_level,true,0.000,0.00,Analytical Balance 200g/0.0001g -External,,99381000003934056,YSA204E,,Sales,"Model :YSA  SKU : YSA 2004E
Max :200g e:1mg d: 0.1mg Min:100mg",1.00,0.00,nos,24000.00,0.00,0.0,90160020,FALSE,Cochin,Taxable,99381000000006208,GST18,18.000000,4320.00,Tax Group,,,goods,,24000.00,24000.00,28320.00,1,Customer Pick,,Eldho
99381000013767126,2024-03-09,DC-00756,others,Draft,,99381000000098082,Cochin,99381000001485053,Pilot Scales & Hardwares,TN,business_gst,33ATJPN8487E1ZA,false,Standard Template,INR,1.00,entity_level,true,0.000,0.00,ECS Indicator,,99381000000343199,ECSIND,,Sales,,1.00,0.00,nos,14500.00,0.00,0.0,84231000,FALSE,Cochin,Taxable,99381000000006196,IGST18,18.000000,2610.00,ItemAmount,INTD,,goods,,14500.00,14500.00,17110.00,1,ST courier ,,Eldho
99381000013767157,2024-03-09,DC-00757,others,Draft,,99381000000098082,Cochin,99381000002072057,Mathi Scales,TN,business_gst,33AANFM5279L1ZO,false,Spreadsheet,INR,1.00,entity_level,true,0.000,0.00,CCM DONGLE,,99381000013636140,CCM117,,Sales,,1.00,0.00,nos,690.00,0.00,0.0,84239020,FALSE,Cochin,Taxable,99381000000006196,IGST18,18.000000,124.20,ItemAmount,INTD,,goods,,690.00,690.00,814.00,,ST courier ,,Eldho
99381000013864094,2024-03-13,DC-00758,others,Draft,,99381000000098082,Cochin,99381000000201819,SAFAL ENTERPRISE PVT. LTD,GJ,business_gst,24ABFCS6034B1ZR,false,Standard Template,INR,1.00,entity_level,true,0.000,0.00,Spare Parts,,99381000001847007,SPARE,,Sales,,1.00,0.00,box,5000.00,0.00,0.0,84239020,FALSE,Cochin,Taxable,99381000000006196,IGST18,18.000000,900.00,ItemAmount,INTD,,goods,,5000.00,5000.00,5900.00,,Delhivery,,Shalima KT
99381000013870087,2024-03-13,DC-00759,others,Draft,,99381000003083031,Head Office,99381000001357572,City Technologies,KL,business_gst,32BJOPV6603G1Z0,false,Standard Template,INR,1.00,entity_level,true,0.000,0.00,BPC50DAD2 Machine Leg,,99381000009819421,BPCLEG,,Sales,,8.00,0.00,nos,20.00,0.00,0.0,84239020,FALSE,Head Office,Taxable,99381000000006208,GST18,18.000000,28.80,Tax Group,,,goods,,160.00,160.00,189.00,,ST courier ,,Eldho
99381000013896703,2024-03-14,DC-00760,Job Work,Draft,,99381000003083031,Head Office,99381000005777254,VINAYAKA SCALES,KL,business_gst,32BORPP6064D1ZS,false,Standard Template,INR,1.00,entity_level,true,0.000,0.00,Q9LBL PRINT HEAD,,99381000001663314,Q9703,,Sales,,1.00,0.00,nos,2300.00,0.00,0.0,84239020,FALSE,Head Office,Taxable,99381000000006208,GST18,18.000000,414.00,Tax Group,,,goods,,2300.00,2300.00,2714.00,,Amal Assosiate,,Biju B
99381000014013089,2024-03-20,DC-00761,others,Draft,,99381000000098082,Cochin,99381000014013063,AKASH,KL,business_none,,false,Standard Template,INR,1.00,entity_level,true,0.000,0.00,ECONOMIC BENCH MS,,99381000006175159,BY5039,,Sales,"Size : 30*34 Max: 50kg e: 5g
Dual display, LED RED display,Foldable platform",1.00,0.00,nos,1950.00,0.00,0.0,84238290,FALSE,Cochin,Taxable,99381000000006208,GST18,18.000000,351.00,Tax Group,,,goods,,1950.00,5512.00,6504.00,4,ST courier ,,Eldho
99381000014013089,2024-03-20,DC-00761,others,Draft,,99381000000098082,Cochin,99381000014013063,AKASH,KL,business_none,,false,Standard Template,INR,1.00,entity_level,true,0.000,0.00,PLATFORM SCALE -BENCH (DUAL-AD3),,99381000008766288,BPCADF,,Sales,Max:50kg e:5g Min:100g Class:III Display : Dual,1.00,0.00,nos,1200.00,0.00,0.0,84238290,FALSE,Cochin,Taxable,99381000000006208,GST18,18.000000,216.00,Tax Group,,,goods,,1200.00,5512.00,6504.00,,ST courier ,,Eldho
99381000014013089,2024-03-20,DC-00761,others,Draft,,99381000000098082,Cochin,99381000014013063,AKASH,KL,business_none,,false,Standard Template,INR,1.00,entity_level,true,0.000,0.00,PORTABLE SCALE 30X34,,99381000006252159,PS3034,,Sales,"Make : YESWEIGH Model : YSC
Max : 50kg e:5g Min:100g
Class : III Size : 300x340 mm Display :F & B Green 2pin Adaptor",1.00,0.00,nos,2200.00,0.00,0.0,84238190,FALSE,Cochin,Taxable,99381000000006208,GST18,18.000000,396.00,Tax Group,,,goods,,2200.00,5512.00,6504.00,,ST courier ,,Eldho
99381000014013089,2024-03-20,DC-00761,others,Draft,,99381000000098082,Cochin,99381000014013063,AKASH,KL,business_none,,false,Standard Template,INR,1.00,entity_level,true,0.000,0.00,Freight Charges,,99381000000557009,COCS,,Sales,,18.00,0.00,kg,9.00,0.00,0.0,996819,FALSE,,Taxable,99381000000006208,GST18,18.000000,29.16,Tax Group,,,service,,162.00,5512.00,6504.00,,ST courier ,,Eldho
99381000014013156,2024-03-21,DC-00762,others,Draft,,99381000000098082,Cochin,99381000009860101,Sanoft Technologies Pvt Ltd,KL,business_none,,false,Standard Template,INR,1.00,entity_level,true,0.000,0.00,SCANGLE - POS TERMINAL SGT-101 (A12PRO-(M)),,99381000015796532,A121,,Sales,"SCANGLE ALL IN ONE ANDROID POS
RK3566QUAD CORE ANDROID 11, 2GB+16GB, 11.6'' IPS SCREEN, 80mm THERMAL PRINTER",1.00,0.00,nos,21500.00,0.00,0.0,84705010,FALSE,Cochin,Taxable,99381000000006208,GST18,18.000000,3870.00,Tax Group,,,goods,,21500.00,21536.00,25412.00,,ST courier ,,Eldho
99381000014013156,2024-03-21,DC-00762,others,Draft,,99381000000098082,Cochin,99381000009860101,Sanoft Technologies Pvt Ltd,KL,business_none,,false,Standard Template,INR,1.00,entity_level,true,0.000,0.00,Freight Charges,,99381000000557009,COCS,,Sales,,4.00,0.00,kg,9.00,0.00,0.0,996819,FALSE,,Taxable,99381000000006208,GST18,18.000000,6.48,Tax Group,,,service,,36.00,21536.00,25412.00,,ST courier ,,Eldho
99381000014018122,2024-03-22,DC-00763,others,Draft,,99381000003083031,Head Office,99381000000309611,KRAUS INSTRUMENTS,KL,business_gst,32AASFK0676Q1ZM,false,Standard Template,INR,1.00,entity_level,true,0.000,0.00,ECS5W MOTHER BOARD,,99381000000306276,ECS815,,Sales,,1.00,0.00,pcs,6900.00,0.00,0.0,84239020,FALSE,Head Office,Taxable,99381000000006208,GST18,18.000000,1242.00,Tax Group,,,goods,,6900.00,6900.00,8142.00,,ST courier ,,Eldho
99381000014031001,2024-03-22,DC-00764,Job Work,Draft,,99381000000098082,Cochin,99381000009860101,Sanoft Technologies Pvt Ltd,KL,business_none,,false,Standard Template,INR,1.00,entity_level,true,0.000,0.00,Electronic cash register,,99381000000194004,ECR,,Sales,,1.00,0.00,nos,10700.00,0.00,0.0,84701000,FALSE,Cochin,Taxable,99381000000006208,GST18,18.000000,1926.00,Tax Group,,,goods,,10700.00,10700.00,12626.00,1,Customer Pick,,Shalima KT
99381000014033116,2024-03-22,DC-00765,others,Draft,,99381000000098082,Cochin,99381000000014794,ALUVA SCALES INC,KL,business_gst,32AAZFA1454F1ZI,false,Standard Template,INR,1.00,entity_level,true,0.000,0.00,ECS5W MOTHER BOARD,,99381000000306276,ECS815,,Sales,,1.00,0.00,pcs,6900.00,0.00,0.0,84239020,FALSE,Cochin,Taxable,99381000000006208,GST18,18.000000,1242.00,Tax Group,,,goods,,6900.00,6900.00,8142.00,,Customer Pick,,Eldho
99381000014134087,2024-03-28,DC-00766,others,Draft,,99381000003083031,Head Office,99381000011971133,INTERWEIGHING PRIVATE LIMITED,KL,business_gst,32AAFCI1950F1ZZ,false,Standard Template,INR,1.00,entity_level,true,0.000,0.00,Q9LBL PRINTER MOTHERBOARD,,99381000008802067,Q9719,,Sales,,1.00,0.00,nos,400.00,0.00,0.0,84239020,FALSE,Head Office,Taxable,99381000000006208,GST18,18.000000,72.00,Tax Group,,,goods,,400.00,400.00,472.00,,Customer Pick,,Eldho
99381000014187209,2024-04-02,DC-00767,others,Draft,,99381000003083031,Head Office,99381000013982003,SHALIN WEIGH SYSTEM,GJ,business_gst,24AIXPB7827K1ZQ,false,Standard Template,INR,1.00,entity_level,true,0.000,0.00,APCPQ Pole Display case,,99381000009380900,APDC,,Sales,,1.00,0.00,nos,150.00,0.00,0.0,84239020,FALSE,Head Office,Taxable,99381000000006196,IGST18,18.000000,27.00,ItemAmount,INTD,,goods,,150.00,280.00,330.00,,Delhivery,,Eldho
99381000014187209,2024-04-02,DC-00767,others,Draft,,99381000003083031,Head Office,99381000013982003,SHALIN WEIGH SYSTEM,GJ,business_gst,24AIXPB7827K1ZQ,false,Standard Template,INR,1.00,entity_level,true,0.000,0.00,APCPQ Pole Display,,99381000009380587,APCPQP,,Sales,,1.00,0.00,nos,130.00,0.00,0.0,84239020,FALSE,Head Office,Taxable,99381000000006196,IGST18,18.000000,23.40,ItemAmount,INTD,,goods,,130.00,280.00,330.00,,Delhivery,,Eldho
99381000014247019,2024-04-05,DC-00768,others,Draft,,99381000003083031,Head Office,99381000003573113,Marvel Scales- Aluva,KL,business_gst,32ATVPJ2032M1ZI,false,Standard Template,INR,1.00,entity_level,true,0.000,0.00,BY Motherboard Bench & ATMPCP,,99381000006435242,BY006,,Sales,,1.00,0.00,nos,180.00,0.00,0.0,84239020,FALSE,Head Office,Taxable,99381000000006208,GST18,18.000000,32.40,Tax Group,,,goods,,180.00,180.00,212.00,,Customer Pick,,Eldho
99381000014297019,2024-04-08,DC-00769,others,Draft,,99381000003083031,Head Office,99381000001392083,CENTRAL TRADERS,KL,business_gst,32AFKPA2174A1Z9,false,Standard Template,INR,1.00,entity_level,true,0.000,0.00,BY Bench Dual Display Front & Back (Green & Red LED),,99381000011994635,BY019,,Sales,,1.00,0.00,nos,275.00,0.00,0.0,84239020,FALSE,Head Office,Taxable,99381000000006208,GST18,18.000000,49.50,Tax Group,,,goods,,275.00,275.00,325.00,,ST courier ,,Eldho
99381000014341001,2024-04-11,DC-00770,others,Draft,,99381000000098082,Cochin,99381000000154574,TAKYON SYSTEMS,KL,business_gst,32AANFT0176D1ZE,false,Standard Template,INR,1.00,entity_level,true,0.000,0.00,PORTABLE SCALE 30X34,,99381000006252159,PS3034,,Sales,"Make : YESWEIGH Model : YSC
Max : 50kg e:5g Min:100g
Class : III Size : 300x340 mm Display :F & B Green 2pin Adaptor",30.00,0.00,nos,1200.00,0.00,0.0,84238190,FALSE,Cochin,Taxable,99381000000006208,GST18,18.000000,6480.00,Tax Group,,,goods,,36000.00,36000.00,42480.00,,ST courier ,,Eldho
99381000014365098,2024-04-12,DC-00771,others,Draft,,99381000003083031,Head Office,99381000000309611,KRAUS INSTRUMENTS,KL,business_gst,32AASFK0676Q1ZM,false,Standard Template,INR,1.00,entity_level,true,0.000,0.00,ECS5W MOTHER BOARD,,99381000000306276,ECS815,,Sales,,1.00,0.00,pcs,6900.00,0.00,0.0,84239020,FALSE,Head Office,Taxable,99381000000006208,GST18,18.000000,1242.00,Tax Group,,,goods,,6900.00,6900.00,8142.00,,ST courier ,,Eldho
99381000014365124,2024-04-12,DC-00772,others,Draft,,99381000003083031,Head Office,99381000005894249,JHT ELECTRONICS,KL,business_gst,32AAMFJ4623J1ZC,false,Standard Template,INR,1.00,entity_level,true,0.000,0.00,BY Motherboard Bench & ATMPCP,,99381000006435242,BY006,,Sales,,1.00,0.00,nos,180.00,0.00,0.0,84239020,FALSE,Head Office,Taxable,99381000000006208,GST18,18.000000,32.40,Tax Group,,,goods,,180.00,360.00,425.00,,ST courier ,,Eldho
99381000014365124,2024-04-12,DC-00772,others,Draft,,99381000003083031,Head Office,99381000005894249,JHT ELECTRONICS,KL,business_gst,32AAMFJ4623J1ZC,false,Standard Template,INR,1.00,entity_level,true,0.000,0.00,Motherboard PF PC(Q),,99381000005650001,MPPQ,,Sales,,1.00,0.00,nos,180.00,0.00,0.0,84239020,FALSE,Head Office,Taxable,99381000000006208,GST18,18.000000,32.40,Tax Group,,,goods,,180.00,360.00,425.00,,ST courier ,,Eldho
99381000014409080,2024-04-15,DC-00773,others,Draft,,99381000000098082,Cochin,99381000000154574,TAKYON SYSTEMS,KL,business_gst,32AANFT0176D1ZE,false,Standard Template,INR,1.00,entity_level,true,0.000,0.00,ELECTRONICS SCALE - PLATFOM MS,,99381000003192114,MSCKNSCALE40X40,,Sales,"Make : YESWEIGH Model : YSC 
Max : 300kg e: 50g Min : 1kg Class:III
40x40cm MS portable scale with SS chequred  plate 
1901 single display indicator, Li battery",5.00,0.00,nos,2206.00,0.00,0.0,84238290,FALSE,Cochin,Taxable,99381000000006208,GST18,18.000000,1985.40,Tax Group,,,goods,,11030.00,31255.00,36881.00,1,ST courier ,,Eldho
99381000014409080,2024-04-15,DC-00773,others,Draft,,99381000000098082,Cochin,99381000000154574,TAKYON SYSTEMS,KL,business_gst,32AANFT0176D1ZE,false,Standard Template,INR,1.00,entity_level,true,0.000,0.00,Platform Weighing Scale  400x500 SS,,99381000000326157,PFPC400X500SS,,Sales,"Make:YESWEIGH Model : YSP-200
Max : 200kg e: 20g Min :400gm 
Class: III
",3.00,0.00,nos,3194.00,0.00,0.0,84231000,FALSE,Cochin,Taxable,99381000000006208,GST18,18.000000,1724.76,Tax Group,,,goods,,9582.00,31255.00,36881.00,1,ST courier ,,Eldho
99381000014409080,2024-04-15,DC-00773,others,Draft,,99381000000098082,Cochin,99381000000154574,TAKYON SYSTEMS,KL,business_gst,32AANFT0176D1ZE,false,Standard Template,INR,1.00,entity_level,true,0.000,0.00,ELECTRONIC PLATFORM SCALE (G),,99381000004301114,PLTPC400X500MSGREEN,,Sales,"Model : YSP PC Max : 300 kg e: 50g
Size : 40*50 cm, Display : LED (Green), With Back Rail",2.00,0.00,nos,2827.00,0.00,0.0,84238290,FALSE,Cochin,Taxable,99381000000006208,GST18,18.000000,1017.72,Tax Group,,,goods,,5654.00,31255.00,36881.00,1,ST courier ,,Eldho
99381000014409080,2024-04-15,DC-00773,others,Draft,,99381000000098082,Cochin,99381000000154574,TAKYON SYSTEMS,KL,business_gst,32AANFT0176D1ZE,false,Standard Template,INR,1.00,entity_level,true,0.000,0.00,IRON SEALING MACHINE 20CM,,99381000005907116,SM20,,Sales,,3.00,0.00,nos,738.00,0.00,0.0,84223000,FALSE,Cochin,Taxable,99381000000006208,GST18,18.000000,398.52,Tax Group,,,goods,,2214.00,31255.00,36881.00,10,ST courier ,,Eldho
99381000014409080,2024-04-15,DC-00773,others,Draft,,99381000000098082,Cochin,99381000000154574,TAKYON SYSTEMS,KL,business_gst,32AANFT0176D1ZE,false,Standard Template,INR,1.00,entity_level,true,0.000,0.00,IRON SEALING MACHINE 30CM,,99381000005907131,SM30,,Sales,,3.00,0.00,nos,925.00,0.00,0.0,84223000,FALSE,Cochin,Taxable,99381000000006208,GST18,18.000000,499.50,Tax Group,,,goods,,2775.00,31255.00,36881.00,10,ST courier ,,Eldho
99381000014443105,2024-04-17,DC-00774,others,Draft,,99381000000098082,Cochin,99381000000084508,ACE ELECTRONICS,KL,business_gst,32AAZFA3650P1ZV,false,Standard Template,INR,1.00,entity_level,true,0.000,0.00,PORTABLE SCALE 30X34,,99381000006252159,PS3034,,Sales,"Make : YESWEIGH Model : YSC
Max : 50kg e:5g Min:100g
Class : III Size : 300x340 mm Display :F & B Green 2pin Adaptor",30.00,0.00,nos,1643.00,0.00,0.0,84238190,FALSE,Cochin,Taxable,99381000000006208,GST18,18.000000,8872.20,Tax Group,,,goods,,49290.00,133365.00,157371.00,,Ecosafe,,Eldho
99381000014443105,2024-04-17,DC-00774,others,Draft,,99381000000098082,Cochin,99381000000084508,ACE ELECTRONICS,KL,business_gst,32AAZFA3650P1ZV,false,Standard Template,INR,1.00,entity_level,true,0.000,0.00,PLATFORM SCALE 500X550-SS,,99381000006252224,PF5055,,Sales,"Make : YESWEIGH Model:YSP PC
Max:300 kg e: 50gm Min:1kg Class III
Full SS,Green Display,Pan size : 500x500 mm 3pin CPU power cable, Loadcell protection cover",4.00,0.00,nos,3754.00,0.00,0.0,84238190,FALSE,Cochin,Taxable,99381000000006208,GST18,18.000000,2702.88,Tax Group,,,goods,,15016.00,133365.00,157371.00,,Ecosafe,,Eldho
99381000014443105,2024-04-17,DC-00774,others,Draft,,99381000000098082,Cochin,99381000000084508,ACE ELECTRONICS,KL,business_gst,32AAZFA3650P1ZV,false,Standard Template,INR,1.00,entity_level,true,0.000,0.00,CHICKEN SCALE 300KG SS,,99381000001933011,CS400X400SS,,Sales,"Make : YESWEIGH Model : YSC
Max : 300kg e:50g Min:1kg
Class : III",11.00,0.00,nos,2450.00,0.00,0.0,84239010,FALSE,Cochin,Taxable,99381000000006208,GST18,18.000000,4851.00,Tax Group,,,goods,,26950.00,133365.00,157371.00,1,Ecosafe,,Eldho
99381000014443105,2024-04-17,DC-00774,others,Draft,,99381000000098082,Cochin,99381000000084508,ACE ELECTRONICS,KL,business_gst,32AAZFA3650P1ZV,false,Standard Template,INR,1.00,entity_level,true,0.000,0.00,ELECTRONICS SCALE - PLATFOM MS,,99381000003192114,MSCKNSCALE40X40,,Sales,"Make : YESWEIGH Model : YSC 
Max : 300kg e: 50g Min : 1kg Class:III
40x40cm MS portable scale with SS chequred  plate 
1901 single display indicator, Li battery",9.00,0.00,nos,2206.00,0.00,0.0,84238290,FALSE,Cochin,Taxable,99381000000006208,GST18,18.000000,3573.72,Tax Group,,,goods,,19854.00,133365.00,157371.00,1,Ecosafe,,Eldho
99381000014443105,2024-04-17,DC-00774,others,Draft,,99381000000098082,Cochin,99381000000084508,ACE ELECTRONICS,KL,business_gst,32AAZFA3650P1ZV,false,Standard Template,INR,1.00,entity_level,true,0.000,0.00,Platform Weighing Scale  400x500 SS,,99381000000326157,PFPC400X500SS,,Sales,"Make:YESWEIGH Model : YSP-200
Max : 200kg e: 20g Min :400gm 
Class: III
",4.00,0.00,nos,3194.00,0.00,0.0,84231000,FALSE,Cochin,Taxable,99381000000006208,GST18,18.000000,2299.68,Tax Group,,,goods,,12776.00,133365.00,157371.00,1,Ecosafe,,Eldho
99381000014443105,2024-04-17,DC-00774,others,Draft,,99381000000098082,Cochin,99381000000084508,ACE ELECTRONICS,KL,business_gst,32AAZFA3650P1ZV,false,Standard Template,INR,1.00,entity_level,true,0.000,0.00,IRON SEALING MACHINE 20CM,,99381000005907116,SM20,,Sales,,4.00,0.00,nos,738.00,0.00,0.0,84223000,FALSE,Cochin,Taxable,99381000000006208,GST18,18.000000,531.36,Tax Group,,,goods,,2952.00,133365.00,157371.00,10,Ecosafe,,Eldho
99381000014443105,2024-04-17,DC-00774,others,Draft,,99381000000098082,Cochin,99381000000084508,ACE ELECTRONICS,KL,business_gst,32AAZFA3650P1ZV,false,Standard Template,INR,1.00,entity_level,true,0.000,0.00,IRON SEALING MACHINE 30CM,,99381000005907131,SM30,,Sales,,4.00,0.00,nos,925.00,0.00,0.0,84223000,FALSE,Cochin,Taxable,99381000000006208,GST18,18.000000,666.00,Tax Group,,,goods,,3700.00,133365.00,157371.00,10,Ecosafe,,Eldho
99381000014443105,2024-04-17,DC-00774,others,Draft,,99381000000098082,Cochin,99381000000084508,ACE ELECTRONICS,KL,business_gst,32AAZFA3650P1ZV,false,Standard Template,INR,1.00,entity_level,true,0.000,0.00,ELECTRONIC PLATFORM SCALE (G),,99381000004301114,PLTPC400X500MSGREEN,,Sales,"Model : YSP PC Max : 300 kg e: 50g
Size : 40*50 cm, Display : LED (Green), With Back Rail",1.00,0.00,nos,2827.00,0.00,0.0,84238290,FALSE,Cochin,Taxable,99381000000006208,GST18,18.000000,508.86,Tax Group,,,goods,,2827.00,133365.00,157371.00,1,Ecosafe,,Eldho
99381000014443105,2024-04-17,DC-00774,others,Draft,,99381000000098082,Cochin,99381000000084508,ACE ELECTRONICS,KL,business_gst,32AAZFA3650P1ZV,false,Standard Template,INR,1.00,entity_level,true,0.000,0.00,YESWEIGH BAG,,99381000007897950,BAG,,Sales,,1.00,0.00,nos,0.00,0.00,0.0,42022210,FALSE,Cochin,Taxable,99381000000006208,GST18,18.000000,0.00,Tax Group,,,goods,,0.00,133365.00,157371.00,,Ecosafe,,Eldho
99381000014556001,2024-04-24,DC-00775,others,Draft,,99381000003083031,Head Office,99381000000114383,ACCURATE TRADE LINKS,KL,business_gst,32AHJPK1741Q1Z4,false,Standard Template,INR,1.00,entity_level,true,0.000,0.00,ECS 4W DISPLAY  FRONT,,99381000001577166,ECS850,,Sales,,1.00,0.00,nos,800.00,0.00,0.0,84239020,FALSE,Head Office,Taxable,99381000000006208,GST18,18.000000,144.00,Tax Group,,,goods,,800.00,800.00,944.00,,ST courier ,,Eldho
99381000014678345,2024-05-02,DC-00776,others,Draft,,99381000000098082,Cochin,99381000000114383,ACCURATE TRADE LINKS,KL,business_gst,32AHJPK1741Q1Z4,false,Standard Template,INR,1.00,entity_level,true,0.000,0.00,PORTABLE SCALE 30X34,,99381000006252159,PS3034,,Sales,"Make : YESWEIGH Model : YSC
Max : 50kg e:5g Min:100g
Class : III Size : 300x340 mm Display :F & B Green 2pin Adaptor",25.00,0.00,nos,1643.00,0.00,0.0,84238190,FALSE,Cochin,Taxable,99381000000006208,GST18,18.000000,7393.50,Tax Group,,,goods,,41075.00,41075.00,48469.00,,ST courier ,,Eldho
99381000014678358,2024-05-02,DC-00777,others,Draft,,99381000000098082,Cochin,99381000000084508,ACE ELECTRONICS,KL,business_gst,32AAZFA3650P1ZV,false,Standard Template,INR,1.00,entity_level,true,0.000,0.00,ELECTRONIC PLATFORM SCALE,,99381000003880539,PLT4050,,Sales,"Model : YSP PC Capacity: 200kg/300kg e: 20g/50g Min : 1kg
Size : 40*50 cm, Display : LED (Red), With Back Rail",29.00,0.00,nos,2827.00,0.00,0.0,84238290,FALSE,Cochin,Taxable,99381000000006208,GST18,18.000000,14756.94,Tax Group,,,goods,,81983.00,104043.00,122771.00,1,ST courier ,,Eldho
99381000014678358,2024-05-02,DC-00777,others,Draft,,99381000000098082,Cochin,99381000000084508,ACE ELECTRONICS,KL,business_gst,32AAZFA3650P1ZV,false,Standard Template,INR,1.00,entity_level,true,0.000,0.00,ELECTRONICS SCALE - PLATFOM MS,,99381000003192114,MSCKNSCALE40X40,,Sales,"Make : YESWEIGH Model : YSC 
Max : 300kg e: 50g Min : 1kg Class:III
40x40cm MS portable scale with SS chequred  plate 
1901 single display indicator, Li battery",10.00,0.00,nos,2206.00,0.00,0.0,84238290,FALSE,Cochin,Taxable,99381000000006208,GST18,18.000000,3970.80,Tax Group,,,goods,,22060.00,104043.00,122771.00,1,ST courier ,,Eldho
99381000014953023,2024-05-15,DC-00778,others,Draft,,99381000003083031,Head Office,99381000002072057,Mathi Scales,TN,business_gst,33AANFM5279L1ZO,false,Standard Template,INR,1.00,entity_level,true,0.000,0.00,BY Motherboard Bench & ATMPCP,,99381000006435242,BY006,,Sales,,1.00,0.00,nos,180.00,0.00,0.0,84239020,FALSE,Head Office,Taxable,99381000000006196,IGST18,18.000000,32.40,ItemAmount,INTD,,goods,,180.00,180.00,212.00,,ST courier ,,Eldho
99381000014993039,2024-05-17,DC-00779,others,Draft,,99381000000098082,Cochin,99381000014691064,ALTA TECHNOLOGIES,TS,business_gst,36ABHFA4128P1Z4,false,Standard Template,INR,1.00,entity_level,true,0.000,0.00,PLATFORM SCALE -BENCH (DUAL-AD3-Y),,99381000014692072,PSBDAY,,Sales,Make : YESWEIGH Max:50kg e:5g Min:100g Class:III Display : Dual,1.00,0.00,nos,2100.00,0.00,0.0,84238290,FALSE,Cochin,Taxable,99381000000006196,IGST18,18.000000,378.00,ItemAmount,INTD,,goods,,2100.00,2100.00,2478.00,,Delhivery,,Eldho
99381000014993049,2024-05-17,DC-00780,others,Draft,,99381000003083031,Head Office,99381000003971999,SN Engineering Services,MH,business_gst,27ACDFS1530Q1ZT,false,Standard Template,INR,1.00,entity_level,true,0.000,0.00,ECS5W DISPLAY SET FRONT,,99381000000306342,ECS808,,Sales,,1.00,0.00,nos,1950.00,0.00,0.0,84239020,FALSE,Head Office,Taxable,99381000000006196,IGST18,18.000000,351.00,ItemAmount,INTD,,goods,,1950.00,1950.00,2301.00,,Delhivery,,Eldho
99381000015068028,2024-05-22,DC-00781,others,Draft,,99381000003083031,Head Office,99381000002173957,SAI SYSTEM AND SERVICES,TN,business_gst,33ACCFS3099K1ZT,false,Standard Template,INR,1.00,entity_level,true,0.000,0.00,Motherboard PF PC(Q),,99381000005650001,MPPQ,,Sales,,3.00,0.00,nos,180.00,0.00,0.0,84239020,FALSE,Head Office,Taxable,99381000000006196,IGST18,18.000000,97.20,ItemAmount,INTD,,goods,,540.00,540.00,637.00,,ST courier ,,Eldho
99381000015094025,2024-05-23,DC-00782,others,Draft,,99381000003083031,Head Office,99381000002950001,SURYA ELECTRONICS WEIGHING SCALES,KL,business_gst,32FJIPB8439L1ZX,false,Standard Template,INR,1.00,entity_level,true,0.000,0.00,BY Motherboard Bench & ATMPCP,,99381000006435242,BY006,,Sales,,1.00,0.00,nos,180.00,0.00,0.0,84239020,FALSE,Head Office,Taxable,99381000000006208,GST18,18.000000,32.40,Tax Group,,,goods,,180.00,180.00,212.00,,Customer Pick,,Eldho
99381000015124020,2024-05-24,DC-00783,others,Draft,,99381000000098082,Cochin,99381000000154169,LOGIWIZ LOGISTICS INDIA PVT LTD,KL,consumer,,false,Standard Template,INR,1.00,entity_level,true,0.000,0.00,B3P WEIGHING INDICATOR,,99381000010805630,B3PIND,,Sales,,1.00,0.00,nos,5600.00,0.00,0.0,84231000,FALSE,Cochin,Taxable,99381000000006208,GST18,18.000000,1008.00,Tax Group,,,goods,,5600.00,5600.00,6608.00,,Customer Pick,,Eldho
99381000015124030,2024-05-24,DC-00784,others,Draft,,99381000000098082,Cochin,99381000011971133,INTERWEIGHING PRIVATE LIMITED,KL,business_gst,32AAFCI1950F1ZZ,false,Standard Template,INR,1.00,entity_level,true,0.000,0.00,GLASS ELECTRONIC PERSONAL SCALE,,99381000003586659,EB8020,,Sales,"Make: YESWEIGH Model : YSB
Max :180kg e:100g Class : III",1.00,0.00,nos,660.00,0.00,0.0,84238190,FALSE,Cochin,Taxable,99381000000006208,GST18,18.000000,118.80,Tax Group,,,goods,,660.00,660.00,779.00,,Customer Pick,,Eldho
99381000015179019,2024-05-27,DC-00785,others,Draft,,99381000000098082,Cochin,99381000005074017,ELMASS’ Weighing & Automation Pvt. Ltd,KL,business_gst,32AAGCE7631N1ZF,false,Standard Template,INR,1.00,entity_level,true,0.000,0.00,ECS Indicator,,99381000000343199,ECSIND,,Sales,,1.00,0.00,nos,14500.00,0.00,0.0,84231000,FALSE,Cochin,Taxable,99381000000006208,GST18,18.000000,2610.00,Tax Group,,,goods,,14500.00,14500.00,17110.00,1,Customer Pick,,Eldho
99381000015198001,2024-05-28,DC-00786,others,Open,Not Invoiced,99381000000098082,Cochin,99381000000231096,Victory Scales,KL,business_gst,32AAAAV1247P1ZC,false,Standard Template,INR,1.00,entity_level,true,0.000,0.00,CHICKEN SCALE 300KG SS,,99381000001933011,CS400X400SS,,Sales,"Make : YESWEIGH Model : YSC
Max : 300kg e:50g Min:1kg
Class : III",5.00,0.00,nos,3300.00,0.00,0.0,84239010,FALSE,Cochin,Taxable,99381000000006208,GST18,18.000000,2970.00,Tax Group,,,goods,,16500.00,16500.00,19470.00,1,Customer Pick,,Eldho
99381000015196104,2024-05-28,DC-00787,others,Open,Not Invoiced,99381000000098082,Cochin,99381000009393003,GIRI BROTHERS,TN,business_gst,33AACFG7583Q1ZS,false,Standard Template,INR,1.00,entity_level,true,0.000,0.00,HANGING SCALE TMA,,99381000006174164,HGLBL,,Sales,Capacity : 30kg/5g,1.00,0.00,nos,32500.00,0.00,0.0,84238190,FALSE,Cochin,Taxable,99381000000006196,IGST18,18.000000,5850.00,ItemAmount,INTD,,goods,,32500.00,32500.00,38350.00,1,ST courier ,,Eldho
99381000015217039,2024-05-29,DC-00788,others,Open,Not Invoiced,99381000003083031,Head Office,99381000000114383,ACCURATE TRADE LINKS,KL,business_gst,32AHJPK1741Q1Z4,false,Standard Template,INR,1.00,entity_level,true,0.000,0.00,BY Motherboard Bench & ATMPCP,,99381000006435242,BY006,,Sales,,1.00,0.00,nos,180.00,0.00,0.0,84239020,FALSE,Head Office,Taxable,99381000000006208,GST18,18.000000,32.40,Tax Group,,,goods,,180.00,425.00,502.00,,ST courier ,,Eldho
99381000015217039,2024-05-29,DC-00788,others,Open,Not Invoiced,99381000003083031,Head Office,99381000000114383,ACCURATE TRADE LINKS,KL,business_gst,32AHJPK1741Q1Z4,false,Standard Template,INR,1.00,entity_level,true,0.000,0.00,BY Display Bench Front and Back (Red LED),,99381000006435178,BY002,,Sales,,1.00,0.00,nos,245.00,0.00,0.0,84239020,FALSE,Head Office,Taxable,99381000000006208,GST18,18.000000,44.10,Tax Group,,,goods,,245.00,425.00,502.00,,ST courier ,,Eldho
99381000015311742,2024-06-01,DC-00789,others,Open,Not Invoiced,99381000003083031,Head Office,99381000015311715,BREVERA,KA,business_none,,false,Standard Template,INR,1.00,entity_level,true,0.000,0.00,CHOTTU MOTHERBOARD - 99MB 6V,,99381000001165607,CH602,,Sales,,2.00,0.00,nos,210.00,0.00,0.0,84239020,FALSE,Head Office,Taxable,99381000000006196,IGST18,18.000000,75.60,ItemAmount,INTD,,goods,,420.00,420.00,496.00,,Delhivery,,Eldho
99381000015406001,2024-06-05,DC-00790,others,Open,Not Invoiced,99381000000098082,Cochin,99381000000260021,Sonic Weighing Systems,KA,business_gst,29ABXFS4266Q1ZS,false,Standard Template,INR,1.00,entity_level,true,0.000,0.00,PLATFORM SCALE -BENCH (DUAL-AD3),,99381000008766288,BPCADF,,Sales,Max:50kg e:5g Min:100g Class:III Display : Dual,300.00,0.00,nos,1200.00,0.00,0.0,84238290,FALSE,Cochin,Taxable,99381000000006196,IGST18,18.000000,64800.00,ItemAmount,INTD,,goods,,360000.00,360000.00,424800.00,,Ecosafe,,Eldho
99381000015452090,2024-06-07,DC-00791,others,Draft,,99381000003083031,Head Office,99381000000114383,ACCURATE TRADE LINKS,KL,business_gst,32AHJPK1741Q1Z4,false,Standard Template,INR,1.00,entity_level,true,0.000,0.00,MAGNETIC & DENOMINATION SENSOR WITH FRAME CCM,,99381000001577148,CCM111,,Sales,,1.00,0.00,nos,875.00,0.00,0.0,84239020,FALSE,Head Office,Taxable,99381000000006208,GST18,18.000000,157.50,Tax Group,,,goods,,875.00,995.00,1174.00,,ST courier ,,Eldho
99381000015452090,2024-06-07,DC-00791,others,Draft,,99381000003083031,Head Office,99381000000114383,ACCURATE TRADE LINKS,KL,business_gst,32AHJPK1741Q1Z4,false,Standard Template,INR,1.00,entity_level,true,0.000,0.00,UV SENSOR CCM,,99381000001577094,CCM105,,Sales,,1.00,0.00,nos,120.00,0.00,0.0,84239020,FALSE,Head Office,Taxable,99381000000006208,GST18,18.000000,21.60,Tax Group,,,goods,,120.00,995.00,1174.00,,ST courier ,,Eldho
99381000015486028,2024-06-11,DC-00792,others,Delivered,Not Invoiced,99381000000098082,Cochin,99381000000112170,MEEZAN ELECTRONIC SCALES PRIVATE LIMITED,KL,business_gst,32AAECM1277C1ZY,false,Standard Template,INR,1.00,entity_level,true,0.000,0.00,"SCANGLE - POS TERMINAL SGT-668A 15.6""",,99381000009552716,668A156,,Sales,"SKU: 664A, RK3566/2GB/16GB DDR3, 15.6''  FRONT DISPLAY HD, CAPACITIVE TP, ANDROID 11 GOOGLE PLAY WIFI/BT, ALUMINIUM FOLDABLE BODY
",1.00,0.00,nos,20500.00,0.00,0.0,84714190,FALSE,Cochin,Taxable,99381000000006208,GST18,18.000000,3690.00,Tax Group,,,goods,,20500.00,20500.00,24190.00,,ST courier ,,Eldho
99381000015509059,2024-06-13,DC-00793,others,Open,Not Invoiced,99381000003083031,Head Office,99381000002721037,YES YES TECHNOLOGIES,TN,business_gst,33ALPPM6864J1ZH,false,Standard Template,INR,1.00,entity_level,true,0.000,0.00,ECS5W DISPLAY SET FRONT,,99381000000306342,ECS808,,Sales,,1.00,0.00,nos,1950.00,0.00,0.0,84239020,FALSE,Head Office,Taxable,99381000000006196,IGST18,18.000000,351.00,ItemAmount,INTD,,goods,,1950.00,1950.00,2301.00,,ST courier ,,Eldho
99381000015678001,2024-06-22,DC-00794,others,Open,Not Invoiced,99381000003083031,Head Office,99381000005559987,PIONEER WEIGHING MACHINE & TRADERS,MH,business_gst,27AANFP3838N1ZH,false,Standard Template,INR,1.00,entity_level,true,0.000,0.00,BY Motherboard Bench & ATMPCP,,99381000006435242,BY006,,Sales,,3.00,0.00,nos,180.00,0.00,0.0,84239020,FALSE,Head Office,Taxable,99381000000006196,IGST18,18.000000,97.20,ItemAmount,INTD,,goods,,540.00,540.00,637.00,,Speed Post ,,Eldho
99381000015703172,2024-06-27,DC-00795,others,Open,Not Invoiced,99381000003083031,Head Office,99381000003216035,SOUTHERN SCALES COMPANY,MH,business_gst,27AIAPN0349P1ZY,false,Standard Template,INR,1.00,entity_level,true,0.000,0.00,ECS5W MOTHER BOARD,,99381000000306276,ECS815,,Sales,,1.00,0.00,pcs,6900.00,0.00,0.0,84239020,FALSE,Head Office,Taxable,99381000000006196,IGST18,18.000000,1242.00,ItemAmount,INTD,,goods,,6900.00,6900.00,8142.00,,Delhivery,,Eldho
99381000015996019,2024-07-10,DC-00796,Supply on Approval,Delivered,Not Invoiced,99381000000098082,Cochin,99381000005074017,ELMASS’ Weighing & Automation Pvt. Ltd,KL,business_gst,32AAGCE7631N1ZF,false,Standard Template,INR,1.00,entity_level,true,0.000,0.00,SCANGLE- HAND HELD POS,,99381000014078081,A7,,Sales,"RK3566,Android 11,2GB,32GB,7"" Display,80mm printer",1.00,0.00,nos,15700.00,0.00,0.0,84705010,FALSE,Cochin,Taxable,99381000000006208,GST18,18.000000,2826.00,Tax Group,,,goods,,15700.00,15700.00,18526.00,,Customer Pick,,Eldho
99381000016229001,2024-07-19,DC-00797,others,Delivered,Not Invoiced,99381000000098082,Cochin,99381000011971133,INTERWEIGHING PRIVATE LIMITED,KL,business_gst,32AAFCI1950F1ZZ,false,Standard Template,INR,1.00,entity_level,true,0.000,0.00,SCANGLE- PORTABLE THERMAL PRINTER,,99381000011340642,PTP,,Sales,"SCANGLE PORTABLE PRINTER,2 INCH
INTERFACE: USB, BLUETOOTH",1.00,0.00,nos,1900.00,0.00,0.0,84433290,FALSE,Cochin,Taxable,99381000000006208,GST18,18.000000,342.00,Tax Group,,,goods,,1900.00,6600.00,7788.00,,Customer Pick,,Eldho
99381000016229001,2024-07-19,DC-00797,others,Delivered,Not Invoiced,99381000000098082,Cochin,99381000011971133,INTERWEIGHING PRIVATE LIMITED,KL,business_gst,32AAFCI1950F1ZZ,false,Standard Template,INR,1.00,entity_level,true,0.000,0.00,SCANGLE - THERMAL PRINTER WITH BLUETOOTH,,99381000009552762,XP350BBT,,Sales,"SCANGLE THERMAL PRINER
INTERFACE : USB+BLUETOOTH,PRINTER : 80mm",1.00,0.00,nos,4700.00,0.00,0.0,84433290,FALSE,Cochin,Taxable,99381000000006208,GST18,18.000000,846.00,Tax Group,,,goods,,4700.00,6600.00,7788.00,,Customer Pick,,Eldho
99381000016393025,2024-07-30,DC-00798,others,Draft,,99381000000098082,Cochin,99381000000112170,MEEZAN ELECTRONIC SCALES PRIVATE LIMITED,KL,business_gst,32AAECM1277C1ZY,false,Standard Template,INR,1.00,entity_level,true,0.000,0.00,SCANGLE - POS TERMINAL SGT-A1 Q3,,99381000009552566,Q3,,Sales,"PROCESSOR: MTK6580(1.3GHz), 5'' IPS DISPLAY, RAM:1GB  ROM:8GB, PPRINTER: 58MM(2'')
",1.00,0.00,nos,10000.00,0.00,0.0,84714190,FALSE,Cochin,Taxable,99381000000006208,GST18,18.000000,1800.00,Tax Group,,,goods,,10000.00,10000.00,11800.00,,ST courier ,,Eldho
99381000016393053,2024-07-30,DC-00799,others,Delivered,Not Invoiced,99381000003083031,Head Office,99381000005074017,ELMASS’ Weighing & Automation Pvt. Ltd,KL,business_gst,32AAGCE7631N1ZF,false,Standard Template,INR,1.00,entity_level,true,0.000,0.00,ECS5W MOTHER BOARD,,99381000000306276,ECS815,,Sales,,1.00,0.00,pcs,6900.00,0.00,0.0,84239020,FALSE,Head Office,Taxable,99381000000006208,GST18,18.000000,1242.00,Tax Group,,,goods,,6900.00,6900.00,8142.00,,Customer Pick,,Eldho
99381000016393063,2024-07-30,DC-00800,others,Delivered,Not Invoiced,99381000000098082,Cochin,99381000001165559,HMS ENTERPRISES,TN,business_gst,33AABFH2522D1Z6,false,Standard Template,INR,1.00,entity_level,true,0.000,0.00,ECS5W MOTHER BOARD,,99381000000306276,ECS815,,Sales,REFURBRISHED,1.00,0.00,pcs,6900.00,0.00,0.0,84239020,FALSE,Cochin,Taxable,99381000000006196,IGST18,18.000000,1242.00,ItemAmount,INTD,,goods,,6900.00,6900.00,8142.00,,ST courier ,,Eldho
99381000016393073,2024-07-30,DC-00801,others,Delivered,Not Invoiced,99381000003083031,Head Office,99381000000747828,Venkatachalam,TN,business_gst,33AACPH9039A1Z8,false,Standard Template,INR,1.00,entity_level,true,0.000,0.00,Q8LBL LABEL GAP SENSOR,,99381000001663215,Q8613,,Sales,,1.00,0.00,nos,90.00,0.00,0.0,84239020,FALSE,Head Office,Taxable,99381000000006196,IGST18,18.000000,16.20,ItemAmount,INTD,,goods,,90.00,90.00,106.00,,ST courier ,,Eldho
99381000016557039,2024-08-07,DC-00802,others,Delivered,Not Invoiced,99381000003083031,Head Office,99381000000201819,SAFAL ENTERPRISE PVT. LTD,GJ,business_gst,24ABFCS6034B1ZR,false,Standard Template,INR,1.00,entity_level,true,0.000,0.00,Li Battery,,99381000005650035,LIBATT,,Sales,,1.00,0.00,nos,120.00,0.00,0.0,84239020,FALSE,Head Office,Taxable,99381000000006196,IGST18,18.000000,21.60,ItemAmount,INTD,,goods,,120.00,375.00,443.00,,Delhivery,,Eldho
99381000016557039,2024-08-07,DC-00802,others,Delivered,Not Invoiced,99381000003083031,Head Office,99381000000201819,SAFAL ENTERPRISE PVT. LTD,GJ,business_gst,24ABFCS6034B1ZR,false,Standard Template,INR,1.00,entity_level,true,0.000,0.00,PRC CKN Display and Keypad Unit,,99381000005707114,PCDAKU,,Sales,,1.00,0.00,nos,255.00,0.00,0.0,84239020,FALSE,Head Office,Taxable,99381000000006196,IGST18,18.000000,45.90,ItemAmount,INTD,,goods,,255.00,375.00,443.00,,Delhivery,,Eldho
99381000016594017,2024-08-08,DC-00803,others,Delivered,Not Invoiced,99381000000098082,Cochin,99381000005894015,PRABHAT TRUNK & SCALES,TS,business_gst,36AHBPR2934A2ZO,false,Standard Template,INR,1.00,entity_level,true,0.000,0.00,BY Motherboard Bench & ATMPCP,,99381000006435242,BY006,,Sales,,2.00,0.00,nos,180.00,0.00,0.0,84239020,FALSE,Cochin,Taxable,99381000000006196,IGST18,18.000000,64.80,ItemAmount,INTD,,goods,,360.00,360.00,425.00,,Delhivery,,Eldho
99381000016691123,2024-08-14,DC-00804,others,Delivered,Not Invoiced,99381000000098082,Cochin,99381000000231096,Victory Scales,KL,business_gst,32AAAAV1247P1ZC,false,Standard Template,INR,1.00,entity_level,true,0.000,0.00,"SCANGLE - POS TERMINAL SGT-668A 15.6""",,99381000009552716,668A156,,Sales,"SKU: 664A, RK3566/2GB/16GB DDR3, 15.6''  FRONT DISPLAY HD, CAPACITIVE TP, ANDROID 11 GOOGLE PLAY WIFI/BT, ALUMINIUM FOLDABLE BODY
",1.00,0.00,nos,20000.00,0.00,0.0,84714190,FALSE,Cochin,Taxable,99381000000006208,GST18,18.000000,3600.00,Tax Group,,,goods,,20000.00,20000.00,23600.00,,Customer Pick,,Eldho
99381000016743089,2024-08-17,DC-00805,others,Delivered,Not Invoiced,99381000000098082,Cochin,99381000008932001,MTS WEIGHING AND BILLING SOLUTIONS,TN,business_registered_composition,33ARLPV0739K1ZC,false,Standard Template,INR,1.00,entity_level,true,0.000,0.00,ECS5W MOTHER BOARD,,99381000000306276,ECS815,,Sales,,1.00,0.00,pcs,6900.00,0.00,0.0,84239020,FALSE,Cochin,Taxable,99381000000006196,IGST18,18.000000,1242.00,ItemAmount,INTD,,goods,,6900.00,6900.00,8142.00,,ST courier ,,Eldho
99381000016743527,2024-08-20,DC-00806,others,Delivered,Not Invoiced,99381000000098082,Cochin,99381000000112170,MEEZAN ELECTRONIC SCALES PRIVATE LIMITED,KL,business_gst,32AAECM1277C1ZY,false,Standard Template,INR,1.00,entity_level,true,0.000,0.00,SCANGLE - POS TERMINAL SGT-A1 Q3,,99381000009552566,Q3,,Sales,"PROCESSOR: MTK6580(1.3GHz), 5'' IPS DISPLAY, RAM:1GB  ROM:8GB, PPRINTER: 58MM(2'')
",2.00,0.00,nos,10000.00,0.00,0.0,84714190,FALSE,Cochin,Taxable,99381000000006208,GST18,18.000000,3600.00,Tax Group,,,goods,,20000.00,20000.00,23600.00,,ST courier ,,Eldho
99381000016878077,2024-08-24,DC-00807,others,Delivered,Not Invoiced,99381000000098082,Cochin,99381000011971133,INTERWEIGHING PRIVATE LIMITED,KL,business_gst,32AAFCI1950F1ZZ,false,Standard Template,INR,1.00,entity_level,true,0.000,0.00,TABLE TOP SCALE PC (RED-AD),,99381000016785236,ATM30RAD,,Sales,"Max: 20kg  Min : 40g e : 2g Class III
Display : Red",1.00,0.00,nos,800.00,0.00,0.0,84238190,FALSE,Cochin,Taxable,99381000000006208,GST18,18.000000,144.00,Tax Group,,,goods,,800.00,800.00,944.00,,Customer Pick,,Eldho
99381000017018152,2024-09-04,DC-00808,others,Delivered,Not Invoiced,99381000003083031,Head Office,99381000000114383,ACCURATE TRADE LINKS,KL,business_gst,32AHJPK1741Q1Z4,false,Standard Template,INR,1.00,entity_level,true,0.000,0.00,ECS5W MOTHER BOARD,,99381000000306276,ECS815,,Sales,,1.00,0.00,pcs,6900.00,0.00,0.0,84239020,FALSE,Head Office,Taxable,99381000000006208,GST18,18.000000,1242.00,Tax Group,,,goods,,6900.00,6900.00,8142.00,,ST courier ,,Eldho
99381000017081025,2024-09-06,DC-00809,others,Delivered,Not Invoiced,99381000003083031,Head Office,99381000000364094,TRAAS TECH,KL,business_gst,32AAPFT2527C1ZF,false,Standard Template,INR,1.00,entity_level,true,0.000,0.00,Q8LBL Dot Matrix Display Set,,99381000001073021,Q8602,,Sales,,1.00,0.00,nos,1450.00,0.00,0.0,84239020,FALSE,Head Office,Taxable,99381000000006208,GST18,18.000000,261.00,Tax Group,,,goods,,1450.00,1450.00,1711.00,,ST courier ,,Eldho
99381000017147073,2024-09-10,DC-00810,others,Open,Not Invoiced,99381000000098082,Cochin,99381000017147040,Nintriva Softwares,KL,business_none,,false,Spreadsheet,INR,1.00,entity_level,true,0.000,0.00,Bill Printing scale Q8POS (UB),,99381000011439709,ECS5WW,,Sales,Make:YESWEIGH  Model:YS-30   Max:30kg  e:5g  Min:100g  Class:III,1.00,0.00,nos,15500.00,0.00,0.0,84238190,FALSE,Cochin,Taxable,99381000000006208,GST18,18.000000,2790.00,Tax Group,,,goods,,15500.00,15500.00,18290.00,2,Customer Pick,,Eldho
99381000017356031,2024-09-17,DC-00811,others,Delivered,Not Invoiced,99381000000098082,Cochin,99381000009393003,GIRI BROTHERS,TN,business_gst,33AACFG7583Q1ZS,false,Standard Template,INR,1.00,entity_level,true,0.000,0.00,Shearbeam Loadcell 2000kg,,99381000003971368,SBLC2T,,Sales,,1.00,0.00,nos,715.00,0.00,0.0,84239020,FALSE,Cochin,Taxable,99381000000006196,IGST18,18.000000,128.70,ItemAmount,INTD,,goods,,715.00,715.00,844.00,,ST courier ,,Eldho
99381000017410001,2024-09-19,DC-00812,others,Delivered,Not Invoiced,99381000003083031,Head Office,99381000001357613,New Scale land,KL,business_gst,32BLEPM2997Q1ZD,false,Standard Template,INR,1.00,entity_level,true,0.000,0.00,BY Bench Dual Display Front & Back (Green & Red LED),,99381000011994635,BY019,,Sales,,1.00,0.00,nos,275.00,0.00,0.0,84239020,FALSE,Head Office,Taxable,99381000000006208,GST18,18.000000,49.50,Tax Group,,,goods,,275.00,275.00,325.00,,ST courier ,,Eldho
99381000017445019,2024-09-21,DC-00813,others,Open,Not Invoiced,99381000000098082,Cochin,99381000009860101,Sanoft Technologies Pvt Ltd,KL,business_gst,32ABFCS0413E1Z1,false,Standard Template,INR,1.00,entity_level,true,0.000,0.00,SCANGLE - THERMAL PRINTER WITH WIFI,,99381000009552781,XP350BW,,Sales,"SCANGLE THERMAL PRINER
INTERFACE :USB+ WIFI,PRINTER : 80mm",1.00,0.00,nos,4700.00,0.00,0.0,84433290,FALSE,Cochin,Taxable,99381000000006208,GST18,18.000000,846.00,Tax Group,,,goods,,4700.00,9700.00,11446.00,,ST courier ,,Eldho
99381000017445019,2024-09-21,DC-00813,others,Open,Not Invoiced,99381000000098082,Cochin,99381000009860101,Sanoft Technologies Pvt Ltd,KL,business_gst,32ABFCS0413E1Z1,false,Standard Template,INR,1.00,entity_level,true,0.000,0.00,SCANGLE - LABEL PRINTER DIRECT THERMAL,,99381000011340619,LDT,,Sales,"SCANGLE LABEL PRINTER
DIRECT THERMAL,LBL PRINTER",1.00,0.00,nos,5000.00,0.00,0.0,84433290,FALSE,Cochin,Taxable,99381000000006208,GST18,18.000000,900.00,Tax Group,,,goods,,5000.00,9700.00,11446.00,,ST courier ,,Eldho
99381000017445228,2024-09-25,DC-00814,others,Delivered,Not Invoiced,99381000000098082,Cochin,99381000011971133,INTERWEIGHING PRIVATE LIMITED,KL,business_gst,32AAFCI1950F1ZZ,false,Standard Template,INR,1.00,entity_level,true,0.000,0.00,SCANGLE - THERMAL PRINTER WITH WIFI,,99381000009552781,XP350BW,,Sales,"SCANGLE THERMAL PRINER
INTERFACE :USB+ WIFI,PRINTER : 80mm",1.00,0.00,nos,4700.00,0.00,0.0,84433290,FALSE,Cochin,Taxable,99381000000006208,GST18,18.000000,846.00,Tax Group,,,goods,,4700.00,4700.00,5546.00,,Customer Pick,,Eldho
99381000017520116,2024-09-26,DC-00815,others,Delivered,Not Invoiced,99381000003083031,Head Office,99381000000364094,TRAAS TECH,KL,business_gst,32AAPFT2527C1ZF,false,Standard Template,INR,1.00,entity_level,true,0.000,0.00,ATM/BENCH PC MOTHER BOARD,,99381000000313080,BPC114,,Sales,,5.00,0.00,nos,160.00,0.00,0.0,84239020,FALSE,Head Office,Taxable,99381000000006208,GST18,18.000000,144.00,Tax Group,,,goods,,800.00,800.00,944.00,,ST courier ,,Eldho
99381000017556001,2024-09-28,DC-00816,others,Delivered,Not Invoiced,99381000003083031,Head Office,99381000003949894,GK SCALES,KL,business_none,,false,Standard Template,INR,1.00,entity_level,true,0.000,0.00,BY Motherboard Bench & ATMPCP,,99381000006435242,BY006,,Sales,,4.00,0.00,nos,180.00,0.00,0.0,84239020,FALSE,Head Office,Taxable,99381000000006208,GST18,18.000000,129.60,Tax Group,,,goods,,720.00,1240.00,1463.00,,ST courier ,,Eldho
99381000017556001,2024-09-28,DC-00816,others,Delivered,Not Invoiced,99381000003083031,Head Office,99381000003949894,GK SCALES,KL,business_none,,false,Standard Template,INR,1.00,entity_level,true,0.000,0.00,BY Keypad Bench 4x5,,99381000006435212,BY004,,Sales,,4.00,0.00,nos,130.00,0.00,0.0,84239020,FALSE,Head Office,Taxable,99381000000006208,GST18,18.000000,93.60,Tax Group,,,goods,,520.00,1240.00,1463.00,,ST courier ,,Eldho
99381000017588001,2024-09-30,DC-00817,others,Delivered,Not Invoiced,99381000003083031,Head Office,99381000005074017,ELMASS’ Weighing & Automation Pvt. Ltd,KL,business_gst,32AAGCE7631N1ZF,false,Standard Template,INR,1.00,entity_level,true,0.000,0.00,BY Bench Dual Display Front & Back (Green & Red LED),,99381000011994635,BY019,,Sales,,1.00,0.00,nos,275.00,0.00,0.0,84239020,FALSE,Head Office,Taxable,99381000000006208,GST18,18.000000,49.50,Tax Group,,,goods,,275.00,275.00,325.00,,Customer Pick,,Eldho
99381000017615049,2024-10-03,DC-00818,others,Delivered,Not Invoiced,99381000000098082,Cochin,99381000000231096,Victory Scales,KL,business_gst,32AAAAV1247P1ZC,false,Standard Template,INR,1.00,entity_level,true,0.000,0.00,"SCANGLE - POS TERMINAL SGT-668A 15.6""",,99381000009552716,668A156,,Sales,"SKU: 664A, RK3566/2GB/16GB DDR3, 15.6''  FRONT DISPLAY HD, CAPACITIVE TP, ANDROID 11 GOOGLE PLAY WIFI/BT, ALUMINIUM FOLDABLE BODY
",1.00,0.00,nos,23000.00,0.00,0.0,84714190,FALSE,Cochin,Taxable,99381000000006208,GST18,18.000000,4140.00,Tax Group,,,goods,,23000.00,23000.00,27140.00,,ST courier ,,Eldho
99381000017694342,2024-10-08,DC-00819,others,Delivered,Not Invoiced,99381000000098082,Cochin,99381000000231096,Victory Scales,KL,business_gst,32AAAAV1247P1ZC,false,Standard Template,INR,1.00,entity_level,true,0.000,0.00,"SCANGLE - POS TERMINAL SGT-668A 15.6""",,99381000009552716,668A156,,Sales,"SKU: 664A, RK3566/2GB/16GB DDR3, 15.6''  FRONT DISPLAY HD, CAPACITIVE TP, ANDROID 11 GOOGLE PLAY WIFI/BT, ALUMINIUM FOLDABLE BODY
",1.00,0.00,nos,23000.00,0.00,0.0,84714190,FALSE,Cochin,Taxable,99381000000006208,GST18,18.000000,4140.00,Tax Group,,,goods,,23000.00,23000.00,27140.00,,Customer Pick,,Eldho
99381000017852047,2024-10-17,DC-00820,others,Delivered,Not Invoiced,99381000000098082,Cochin,99381000008932001,MTS WEIGHING AND BILLING SOLUTIONS,TN,business_registered_composition,33ARLPV0739K1ZC,false,Spreadsheet,INR,1.00,entity_level,true,0.000,0.00,SCANGLE - THERMAL PRINTER SGT-88IV(U+L),,99381000009552737,XP350BUL,,Sales,"SCANGLE THERMAL PRINER
INTERFACE : USB+LAN,PRINTER : 80mm",2.00,0.00,nos,4200.00,0.00,0.0,84433290,FALSE,Cochin,Taxable,99381000000006196,IGST18,18.000000,1512.00,ItemAmount,INTD,,goods,,8400.00,8400.00,9912.00,,ST courier ,,Eldho
99381000017940061,2024-10-19,DC-00821,others,Delivered,Not Invoiced,99381000003083031,Head Office,99381000003474082,DEWSUN TECHNOLOGIES,CH,business_gst,04AEOPT9095E1ZX,false,Standard Template,INR,1.00,entity_level,true,0.000,0.00,APCQ BottomFront Display,,99381000009380919,APCQBO,,Sales,,1.00,0.00,nos,130.00,0.00,0.0,84239020,FALSE,Head Office,Taxable,99381000000006196,IGST18,18.000000,23.40,ItemAmount,INTD,,goods,,130.00,130.00,153.00,,Delhivery,,Eldho
99381000017969001,2024-10-21,DC-00822,others,Delivered,Not Invoiced,99381000000098082,Cochin,99381000000161200,GK electronics,KL,business_gst,32CPSPM4266B1ZV,false,Standard Template,INR,1.00,entity_level,true,0.000,0.00,ATM/BENCH PC MOTHER BOARD,,99381000000313080,BPC114,,Sales,,4.00,0.00,nos,160.00,0.00,0.0,84239020,FALSE,Cochin,Taxable,99381000000006208,GST18,18.000000,115.20,Tax Group,,,goods,,640.00,1540.00,1817.00,,ST courier ,,Eldho
99381000017969001,2024-10-21,DC-00822,others,Delivered,Not Invoiced,99381000000098082,Cochin,99381000000161200,GK electronics,KL,business_gst,32CPSPM4266B1ZV,false,Standard Template,INR,1.00,entity_level,true,0.000,0.00,BENCH PC GREEN MAIN BOARD,,99381000006246958,BPGMB,,Sales,,5.00,0.00,nos,180.00,0.00,0.0,84239020,FALSE,Cochin,Taxable,99381000000006208,GST18,18.000000,162.00,Tax Group,,,goods,,900.00,1540.00,1817.00,,ST courier ,,Eldho
99381000017973001,2024-10-21,DC-00823,others,Delivered,Not Invoiced,99381000000098082,Cochin,99381000011971133,INTERWEIGHING PRIVATE LIMITED,KL,business_gst,32AAFCI1950F1ZZ,false,Standard Template,INR,1.00,entity_level,true,0.000,0.00,ECONOMIC BENCH MS,,99381000006175159,BY5039,,Sales,"Size : 30*34 Max: 50kg e: 5g
Dual display, LED RED display,Foldable platform",1.00,0.00,nos,1950.00,0.00,0.0,84238290,FALSE,Cochin,Taxable,99381000000006208,GST18,18.000000,351.00,Tax Group,,,goods,,1950.00,86950.00,102601.00,4,Customer Pick,,Eldho
99381000017973001,2024-10-21,DC-00823,others,Delivered,Not Invoiced,99381000000098082,Cochin,99381000011971133,INTERWEIGHING PRIVATE LIMITED,KL,business_gst,32AAFCI1950F1ZZ,false,Standard Template,INR,1.00,entity_level,true,0.000,0.00,Analytical Balance 200g/0.0001g - Internal,,99381000003934065,YSA204I,,Sales,Model :YSA    Max : 200g Min : 100mg e: 1mg   d : 0.1mg ,1.00,0.00,nos,27500.00,0.00,0.0,90160020,FALSE,Cochin,Taxable,99381000000006208,GST18,18.000000,4950.00,Tax Group,,,goods,,27500.00,86950.00,102601.00,1,Customer Pick,,Eldho
99381000017973001,2024-10-21,DC-00823,others,Delivered,Not Invoiced,99381000000098082,Cochin,99381000011971133,INTERWEIGHING PRIVATE LIMITED,KL,business_gst,32AAFCI1950F1ZZ,false,Standard Template,INR,1.00,entity_level,true,0.000,0.00,SCANGLE-POS TERMINAL SGT-665A,,99381000017833708,880PRD,,Sales,"880P ANDROID RK3568 QUAD CORE 2GB+32GB SSD 15.6"" FRONT DISPLAY 11.6"" 2ND DISPLAY  80MM PRINTER
",1.00,0.00,nos,28000.00,0.00,0.0,84705010,FALSE,Cochin,Taxable,99381000000006208,GST18,18.000000,5040.00,Tax Group,,,goods,,28000.00,86950.00,102601.00,,Customer Pick,,Eldho
99381000017973001,2024-10-21,DC-00823,others,Delivered,Not Invoiced,99381000000098082,Cochin,99381000011971133,INTERWEIGHING PRIVATE LIMITED,KL,business_gst,32AAFCI1950F1ZZ,false,Standard Template,INR,1.00,entity_level,true,0.000,0.00,"SCANGLE-POS TERMINAL SGT-i8 15.6"" 3RD GEN",,99381000017833666,SGTI8156I33RDGEN,,Sales,"INTEL i3 10TH GEN 8GB+128GB SSD 15.6"" FRONT DISPLAY 11.6"" 2ND DISPLAY BUILT IN 80MM PRINTER
",1.00,0.00,nos,29500.00,0.00,0.0,84705010,FALSE,Cochin,Taxable,99381000000006208,GST18,18.000000,5310.00,Tax Group,,,goods,,29500.00,86950.00,102601.00,,Customer Pick,,Eldho
99381000018243001,2024-11-02,DC-00824,others,Delivered,Not Invoiced,99381000000098082,Cochin,99381000000940238,INTERWEIGHING PVT. LTD.,KL,business_gst,32AAFCI1950F1ZZ,false,Standard Template,INR,1.00,entity_level,true,0.000,0.00,Electronic weighing scale DJ600,,99381000000796329,DJ600,,Sales,Make:YESWEIGH  Model:YSJ-50   Max:620.81g Min:500mg e:10mg    Class:II,1.00,0.00,nos,4500.00,0.00,0.0,84231000,FALSE,Cochin,Taxable,99381000000006208,GST18,18.000000,810.00,Tax Group,,,goods,,4500.00,4500.00,5310.00,,Customer Pick,,Eldho
99381000018275001,2024-11-04,DC-00825,others,Delivered,Not Invoiced,99381000000098082,Cochin,99381000000231096,Victory Scales,KL,business_gst,32AAAAV1247P1ZC,false,Standard Template,INR,1.00,entity_level,true,0.000,0.00,"SCANGLE - POS TERMINAL SGT-668A 15.6""",,99381000009552716,668A156,,Sales,"SKU: 664A, RK3566/2GB/16GB DDR3, 15.6''  FRONT DISPLAY HD, CAPACITIVE TP, ANDROID 11 GOOGLE PLAY WIFI/BT, ALUMINIUM FOLDABLE BODY
",1.00,0.00,nos,23000.00,0.00,0.0,84714190,FALSE,Cochin,Taxable,99381000000006208,GST18,18.000000,4140.00,Tax Group,,,goods,,23000.00,23000.00,27140.00,,Customer Pick,,Eldho
99381000018305001,2024-11-06,DC-00826,others,Delivered,Not Invoiced,99381000000098082,Cochin,99381000000940238,INTERWEIGHING PVT. LTD.,KL,business_gst,32AAFCI1950F1ZZ,false,Standard Template,INR,1.00,entity_level,true,0.000,0.00,DIGITAL KITCHEN SCALE -10Kg,,99381000003586695,EK6003,,Sales,"Make :YESWEIGH Model :YSK-10
Max : 10kg e: 1g",1.00,0.00,nos,450.00,0.00,0.0,84238190,FALSE,Cochin,Taxable,99381000000006208,GST18,18.000000,81.00,Tax Group,,,goods,,450.00,450.00,531.00,24,Customer Pick,,Eldho
99381000018322001,2024-11-06,DC-00827,others,Open,Not Invoiced,99381000000098082,Cochin,99381000009860101,Sanoft Technologies Pvt Ltd,KL,business_gst,32ABFCS0413E1Z1,false,Standard Template,INR,1.00,entity_level,true,0.000,0.00,SCANGLE-POS TERMINAL SGT-665A,,99381000017833708,880PRD,,Sales,"880P ANDROID RK3568 QUAD CORE 2GB+32GB SSD 15.6"" FRONT DISPLAY 11.6"" 2ND DISPLAY  80MM PRINTER
",1.00,0.00,nos,28000.00,0.00,0.0,84705010,FALSE,Cochin,Taxable,99381000000006208,GST18,18.000000,5040.00,Tax Group,,,goods,,28000.00,28000.00,33040.00,,ST courier ,,Eldho
99381000018426001,2024-11-12,DC-00828,others,Delivered,Not Invoiced,99381000000098082,Cochin,99381000011971133,INTERWEIGHING PRIVATE LIMITED,KL,business_gst,32AAFCI1950F1ZZ,false,Standard Template,INR,1.00,entity_level,true,0.000,0.00,CCM  - Value Counting Machine,,99381000000302452,AL66,,Sales,,1.00,0.00,nos,6900.00,0.00,0.0,84729090,FALSE,Cochin,Taxable,99381000000006208,GST18,18.000000,1242.00,Tax Group,,,goods,,6900.00,10500.00,12390.00,,Customer Pick,,Eldho
99381000018426001,2024-11-12,DC-00828,others,Delivered,Not Invoiced,99381000000098082,Cochin,99381000011971133,INTERWEIGHING PRIVATE LIMITED,KL,business_gst,32AAFCI1950F1ZZ,false,Standard Template,INR,1.00,entity_level,true,0.000,0.00,CURRENCY COUNTING MACHINE (AL800),,99381000008766322,AL80,,Sales,,1.00,0.00,nos,3600.00,0.00,0.0,84729090,FALSE,Cochin,Taxable,99381000000006208,GST18,18.000000,648.00,Tax Group,,,goods,,3600.00,10500.00,12390.00,,Customer Pick,,Eldho
99381000018488040,2024-11-14,DC-00829,others,Delivered,Not Invoiced,99381000003083031,Head Office,99381000000161200,GK electronics,KL,business_gst,32CPSPM4266B1ZV,false,Standard Template,INR,1.00,entity_level,true,0.000,0.00,BY Motherboard Bench & ATMPCP,,99381000006435242,BY006,,Sales,,1.00,0.00,nos,180.00,0.00,0.0,84239020,FALSE,Head Office,Taxable,99381000000006208,GST18,18.000000,32.40,Tax Group,,,goods,,180.00,1095.00,1292.00,,ST courier ,,Eldho
99381000018488040,2024-11-14,DC-00829,others,Delivered,Not Invoiced,99381000003083031,Head Office,99381000000161200,GK electronics,KL,business_gst,32CPSPM4266B1ZV,false,Standard Template,INR,1.00,entity_level,true,0.000,0.00,BENCH PC GREEN MAIN BOARD,,99381000006246958,BPGMB,,Sales,,4.00,0.00,nos,180.00,0.00,0.0,84239020,FALSE,Head Office,Taxable,99381000000006208,GST18,18.000000,129.60,Tax Group,,,goods,,720.00,1095.00,1292.00,,ST courier ,,Eldho
99381000018488040,2024-11-14,DC-00829,others,Delivered,Not Invoiced,99381000003083031,Head Office,99381000000161200,GK electronics,KL,business_gst,32CPSPM4266B1ZV,false,Standard Template,INR,1.00,entity_level,true,0.000,0.00,BY ATMPCW Display Front and Back( Red LED),,99381000007334108,BY015,,Sales,,1.00,0.00,nos,195.00,0.00,0.0,84239020,FALSE,Head Office,Taxable,99381000000006208,GST18,18.000000,35.10,Tax Group,,,goods,,195.00,1095.00,1292.00,,ST courier ,,Eldho
99381000018541001,2024-11-16,DC-00830,others,Delivered,Not Invoiced,99381000000098082,Cochin,99381000000940238,INTERWEIGHING PVT. LTD.,KL,business_gst,32AAFCI1950F1ZZ,false,Standard Template,INR,1.00,entity_level,true,0.000,0.00,PRICE COMPUTING SCALE - GOLD,,99381000006684037,ATMGL,,Sales,"Make: YESWEIGH Model:YSP-30
Max:20kg e:2g Min:40g Class:III",1.00,0.00,nos,800.00,0.00,0.0,84238190,FALSE,Cochin,Taxable,99381000000006208,GST18,18.000000,144.00,Tax Group,,,goods,,800.00,21900.00,25842.00,5,Customer Pick,,Shalima KT
99381000018541001,2024-11-16,DC-00830,others,Delivered,Not Invoiced,99381000000098082,Cochin,99381000000940238,INTERWEIGHING PVT. LTD.,KL,business_gst,32AAFCI1950F1ZZ,false,Standard Template,INR,1.00,entity_level,true,0.000,0.00,PLATFORM SCALE-BENCH(GREEN-O),,99381000008696613,BPCG,,Sales,Make: YESWEIGH Model:YSP-50 Max:50kg e:5g Min:100g Class:III Display : Green,1.00,0.00,nos,1200.00,0.00,0.0,84238290,FALSE,Cochin,Taxable,99381000000006208,GST18,18.000000,216.00,Tax Group,,,goods,,1200.00,21900.00,25842.00,,Customer Pick,,Shalima KT
99381000018541001,2024-11-16,DC-00830,others,Delivered,Not Invoiced,99381000000098082,Cochin,99381000000940238,INTERWEIGHING PVT. LTD.,KL,business_gst,32AAFCI1950F1ZZ,false,Standard Template,INR,1.00,entity_level,true,0.000,0.00,PLATFORM SCALE,,99381000005898921,PLATFO,,Sales,"Make: YESWEIGH Model: YSP PC
Capacity :50kg/5g Size : 30*34 
Display : Green",1.00,0.00,nos,1200.00,0.00,0.0,84238290,FALSE,Cochin,Taxable,99381000000006208,GST18,18.000000,216.00,Tax Group,,,goods,,1200.00,21900.00,25842.00,,Customer Pick,,Shalima KT
99381000018541001,2024-11-16,DC-00830,others,Delivered,Not Invoiced,99381000000098082,Cochin,99381000000940238,INTERWEIGHING PVT. LTD.,KL,business_gst,32AAFCI1950F1ZZ,false,Standard Template,INR,1.00,entity_level,true,0.000,0.00,Price Computing Scale with Pole-Green,,99381000005338212,ATMPCPBY828B,,Sales,Make :YESWEIGH  Capacity : 30kg/5g Display : Green,1.00,0.00,nos,850.00,0.00,0.0,84238290,FALSE,Cochin,Taxable,99381000000006208,GST18,18.000000,153.00,Tax Group,,,goods,,850.00,21900.00,25842.00,4,Customer Pick,,Shalima KT
99381000018541001,2024-11-16,DC-00830,others,Delivered,Not Invoiced,99381000000098082,Cochin,99381000000940238,INTERWEIGHING PVT. LTD.,KL,business_gst,32AAFCI1950F1ZZ,false,Standard Template,INR,1.00,entity_level,true,0.000,0.00,Price Computing scale -W,,99381000006409443,DY798,,Sales,"Make: YESWEIGH Model: YSP 30
Max:30kg e:5g Min:100g Class:III",1.00,0.00,nos,1200.00,0.00,0.0,84238290,FALSE,Cochin,Taxable,99381000000006208,GST18,18.000000,216.00,Tax Group,,,goods,,1200.00,21900.00,25842.00,5,Customer Pick,,Shalima KT
99381000018541001,2024-11-16,DC-00830,others,Delivered,Not Invoiced,99381000000098082,Cochin,99381000000940238,INTERWEIGHING PVT. LTD.,KL,business_gst,32AAFCI1950F1ZZ,false,Standard Template,INR,1.00,entity_level,true,0.000,0.00,ECONOMIC BENCH MS,,99381000006175159,BY5039,,Sales,"Size : 30*34 Max: 50kg e: 5g
Dual display, LED RED display,Foldable platform",1.00,0.00,nos,1050.00,0.00,0.0,84238290,FALSE,Cochin,Taxable,99381000000006208,GST18,18.000000,189.00,Tax Group,,,goods,,1050.00,21900.00,25842.00,4,Customer Pick,,Shalima KT
99381000018541001,2024-11-16,DC-00830,others,Delivered,Not Invoiced,99381000000098082,Cochin,99381000000940238,INTERWEIGHING PVT. LTD.,KL,business_gst,32AAFCI1950F1ZZ,false,Standard Template,INR,1.00,entity_level,true,0.000,0.00,Jwellery Scale XY3000-2C (3100g/0.01g),,99381000009540162,YSJ3102C,,Sales,Max : 3100g Min : 200mg e: 10mg d : 10mg Class II Model :YSJ,1.00,0.00,nos,5000.00,0.00,0.0,84238190,FALSE,Cochin,Taxable,99381000000006208,GST18,18.000000,900.00,Tax Group,,,goods,,5000.00,21900.00,25842.00,,Customer Pick,,Shalima KT
99381000018541001,2024-11-16,DC-00830,others,Delivered,Not Invoiced,99381000000098082,Cochin,99381000000940238,INTERWEIGHING PVT. LTD.,KL,business_gst,32AAFCI1950F1ZZ,false,Standard Template,INR,1.00,entity_level,true,0.000,0.00,PORTABLE SCALE 30X34,,99381000006252159,PS3034,,Sales,"Make : YESWEIGH Model : YSC
Max : 50kg e:5g Min:100g
Class : III Size : 300x340 mm Display :F & B Green 2pin Adaptor",2.00,0.00,nos,1300.00,0.00,0.0,84238190,FALSE,Cochin,Taxable,99381000000006208,GST18,18.000000,468.00,Tax Group,,,goods,,2600.00,21900.00,25842.00,,Customer Pick,,Shalima KT
99381000018541001,2024-11-16,DC-00830,others,Delivered,Not Invoiced,99381000000098082,Cochin,99381000000940238,INTERWEIGHING PVT. LTD.,KL,business_gst,32AAFCI1950F1ZZ,false,Standard Template,INR,1.00,entity_level,true,0.000,0.00,SCANGLE - POS TERMINAL SGT-101 (A12PRO),,99381000009552547,SGT101116,,Sales,"Service 

SCANGLE ALL IN ONE ANDROID POS
RK3566QUAD CORE ANDROID 11, 2GB+16GB, 11.6'' IPS SCREEN, 80mm THERMAL PRINTER",2.00,0.00,nos,4000.00,0.00,0.0,84714190,FALSE,Cochin,Taxable,99381000000006208,GST18,18.000000,1440.00,Tax Group,,,goods,,8000.00,21900.00,25842.00,,Customer Pick,,Shalima KT
99381000018549001,2024-11-16,DC-00831,others,Delivered,Not Invoiced,99381000000098082,Cochin,99381000000940238,INTERWEIGHING PVT. LTD.,KL,business_gst,32AAFCI1950F1ZZ,false,Standard Template,INR,1.00,entity_level,true,0.000,0.00,Electronic cash register,,99381000000194004,ECR,,Sales,,1.00,0.00,nos,11000.00,0.00,0.0,84705010,FALSE,Cochin,Taxable,99381000000006208,GST18,18.000000,1980.00,Tax Group,,,goods,,11000.00,21100.00,24898.00,1,Customer Pick,,Eldho
99381000018549001,2024-11-16,DC-00831,others,Delivered,Not Invoiced,99381000000098082,Cochin,99381000000940238,INTERWEIGHING PVT. LTD.,KL,business_gst,32AAFCI1950F1ZZ,false,Standard Template,INR,1.00,entity_level,true,0.000,0.00,Platform Weighing Scale 400x500 FSS,,99381000014429046,PFPC40X50DADFSS,,Sales,"Make : YESWEIGH Model:YSP
Max:300 kg e: 50gm Min:1kg Class III",1.00,0.00,nos,5600.00,0.00,0.0,84238290,FALSE,Cochin,Taxable,99381000000006208,GST18,18.000000,1008.00,Tax Group,,,goods,,5600.00,21100.00,24898.00,1,Customer Pick,,Eldho
99381000018549001,2024-11-16,DC-00831,others,Delivered,Not Invoiced,99381000000098082,Cochin,99381000000940238,INTERWEIGHING PVT. LTD.,KL,business_gst,32AAFCI1950F1ZZ,false,Standard Template,INR,1.00,entity_level,true,0.000,0.00,PORTABLE SCALE 50x50 (300kg) SS,,99381000015792985,PS50SS,,Sales,"Make : YESWEIGH Model : YSC
Max : 300kg e:50g Min:1kg
Class : III Size : 500x500 mm Display :F & B Red 2pin Adaptor",1.00,0.00,nos,4500.00,0.00,0.0,84238190,FALSE,Cochin,Taxable,99381000000006208,GST18,18.000000,810.00,Tax Group,,,goods,,4500.00,21100.00,24898.00,,Customer Pick,,Eldho
99381000018554001,2024-11-16,DC-00832,others,Draft,,99381000000098082,Cochin,99381000008932001,MTS WEIGHING AND BILLING SOLUTIONS,TN,business_registered_composition,33ARLPV0739K1ZC,false,Standard Template,INR,1.00,entity_level,true,0.000,0.00,"SCANGLE - POS TERMINAL SGT-668A 32GB 14""",,99381000011323171,668,,Sales," SCANGLE  DESKTOP ANDROID POS
RK3288  ANDROID 11, 2GB+32GB, DDR3, 14''  FRONT DISPLAY , CAPACITIVE TP",1.00,0.00,nos,19000.00,0.00,0.0,84705010,FALSE,Cochin,Taxable,99381000000006196,IGST18,18.000000,3420.00,ItemAmount,INTD,,goods,,19000.00,19000.00,22420.00,,Customer Pick,,Eldho
99381000018642001,2024-11-19,DC-00833,others,Delivered,Not Invoiced,99381000000098082,Cochin,99381000014693003,VENKATACHALAM & CO,TN,business_gst,33AAUFV3958J1ZE,false,Standard Template,INR,1.00,entity_level,true,0.000,0.00,BY Bench Dual Display Front & Back (Green & Red LED),,99381000011994635,BY019,,Sales,,1.00,0.00,nos,275.00,0.00,0.0,84239020,FALSE,Cochin,Taxable,99381000000006196,IGST18,18.000000,49.50,ItemAmount,INTD,,goods,,275.00,7175.00,8467.00,,ST courier ,,Eldho
99381000018642001,2024-11-19,DC-00833,others,Delivered,Not Invoiced,99381000000098082,Cochin,99381000014693003,VENKATACHALAM & CO,TN,business_gst,33AAUFV3958J1ZE,false,Standard Template,INR,1.00,entity_level,true,0.000,0.00,ECR Main board with WIFI,,99381000017700129,ECR107,,Sales,,1.00,0.00,nos,6900.00,0.00,0.0,84239020,FALSE,Cochin,Taxable,99381000000006196,IGST18,18.000000,1242.00,ItemAmount,INTD,,goods,,6900.00,7175.00,8467.00,,ST courier ,,Eldho
99381000018718003,2024-11-23,DC-00834,others,Delivered,Not Invoiced,99381000003083031,Head Office,99381000000546052,Digital Scale Edavannappara,KL,business_none,,false,Standard Template,INR,1.00,entity_level,true,0.000,0.00,BY Bench Dual Display Front & Back (Green & Red LED),,99381000011994635,BY019,,Sales,,1.00,0.00,nos,275.00,0.00,0.0,84239020,FALSE,Head Office,Taxable,99381000000006208,GST18,18.000000,49.50,Tax Group,,,goods,,275.00,1568.00,1850.00,,Customer Pick,,Eldho
99381000018718003,2024-11-23,DC-00834,others,Delivered,Not Invoiced,99381000003083031,Head Office,99381000000546052,Digital Scale Edavannappara,KL,business_none,,false,Standard Template,INR,1.00,entity_level,true,0.000,0.00,BY Motherboard ATMPCW,,99381000006435257,BY007,,Sales,,1.00,0.00,nos,150.00,0.00,0.0,84239020,FALSE,Head Office,Taxable,99381000000006208,GST18,18.000000,27.00,Tax Group,,,goods,,150.00,1568.00,1850.00,,Customer Pick,,Eldho
99381000018718003,2024-11-23,DC-00834,others,Delivered,Not Invoiced,99381000003083031,Head Office,99381000000546052,Digital Scale Edavannappara,KL,business_none,,false,Standard Template,INR,1.00,entity_level,true,0.000,0.00,ATM30DAD1 Display front and back (dual LED),,99381000009797715,ADFABD,,Sales,,1.00,0.00,nos,375.00,0.00,0.0,84239020,FALSE,Head Office,Taxable,99381000000006208,GST18,18.000000,67.50,Tax Group,,,goods,,375.00,1568.00,1850.00,,Customer Pick,,Eldho
99381000018718003,2024-11-23,DC-00834,others,Delivered,Not Invoiced,99381000003083031,Head Office,99381000000546052,Digital Scale Edavannappara,KL,business_none,,false,Standard Template,INR,1.00,entity_level,true,0.000,0.00,APCPQ Leg,,99381000009380824,APCPQL,,Sales,,4.00,0.00,nos,25.00,0.00,0.0,84239020,FALSE,Head Office,Taxable,99381000000006208,GST18,18.000000,18.00,Tax Group,,,goods,,100.00,1568.00,1850.00,,Customer Pick,,Eldho
99381000018718003,2024-11-23,DC-00834,others,Delivered,Not Invoiced,99381000003083031,Head Office,99381000000546052,Digital Scale Edavannappara,KL,business_none,,false,Standard Template,INR,1.00,entity_level,true,0.000,0.00,APCPQ Pole Display,,99381000009380587,APCPQP,,Sales,,1.00,0.00,nos,130.00,0.00,0.0,84239020,FALSE,Head Office,Taxable,99381000000006208,GST18,18.000000,23.40,Tax Group,,,goods,,130.00,1568.00,1850.00,,Customer Pick,,Eldho
99381000018718003,2024-11-23,DC-00834,others,Delivered,Not Invoiced,99381000003083031,Head Office,99381000000546052,Digital Scale Edavannappara,KL,business_none,,false,Standard Template,INR,1.00,entity_level,true,0.000,0.00,APCPQ Pole connector,,99381000010045245,APCPQ3,,Sales,,1.00,0.00,nos,60.00,0.00,0.0,84239020,FALSE,Head Office,Taxable,99381000000006208,GST18,18.000000,10.80,Tax Group,,,goods,,60.00,1568.00,1850.00,,Customer Pick,,Eldho
99381000018718003,2024-11-23,DC-00834,others,Delivered,Not Invoiced,99381000003083031,Head Office,99381000000546052,Digital Scale Edavannappara,KL,business_none,,false,Standard Template,INR,1.00,entity_level,true,0.000,0.00,APCQ Pole pipe,,99381000009380805,APCQPO,,Sales,,1.00,0.00,nos,88.00,0.00,0.0,84239020,FALSE,Head Office,Taxable,99381000000006208,GST18,18.000000,15.84,Tax Group,,,goods,,88.00,1568.00,1850.00,,Customer Pick,,Eldho
99381000018718003,2024-11-23,DC-00834,others,Delivered,Not Invoiced,99381000003083031,Head Office,99381000000546052,Digital Scale Edavannappara,KL,business_none,,false,Standard Template,INR,1.00,entity_level,true,0.000,0.00,APCPQ Pole Display case,,99381000009380900,APDC,,Sales,,1.00,0.00,nos,150.00,0.00,0.0,84239020,FALSE,Head Office,Taxable,99381000000006208,GST18,18.000000,27.00,Tax Group,,,goods,,150.00,1568.00,1850.00,,Customer Pick,,Eldho
99381000018718003,2024-11-23,DC-00834,others,Delivered,Not Invoiced,99381000003083031,Head Office,99381000000546052,Digital Scale Edavannappara,KL,business_none,,false,Standard Template,INR,1.00,entity_level,true,0.000,0.00,ATM30DAD1/BPC50DAD2 Power Cord,,99381000009819440,2PINCW,,Sales,,4.00,0.00,nos,60.00,0.00,0.0,84239020,FALSE,Head Office,Taxable,99381000000006208,GST18,18.000000,43.20,Tax Group,,,goods,,240.00,1568.00,1850.00,,Customer Pick,,Eldho
99381000018856001,2024-11-27,DC-00835,others,Delivered,Not Invoiced,99381000000098082,Cochin,99381000000154574,TAKYON SYSTEMS,KL,business_gst,32AANFT0176D1ZE,false,Standard Template,INR,1.00,entity_level,true,0.000,0.00,ECONOMIC BENCH MS,,99381000006175159,BY5039,,Sales,"Size : 30*34 Max: 50kg e: 5g
Dual display, LED RED display,Foldable platform",1.00,0.00,nos,1950.00,0.00,0.0,84238290,FALSE,Cochin,Taxable,99381000000006208,GST18,18.000000,351.00,Tax Group,,,goods,,1950.00,391900.00,462442.00,4,Customer Pick,,Eldho
99381000018856001,2024-11-27,DC-00835,others,Delivered,Not Invoiced,99381000000098082,Cochin,99381000000154574,TAKYON SYSTEMS,KL,business_gst,32AANFT0176D1ZE,false,Standard Template,INR,1.00,entity_level,true,0.000,0.00,Platform Weighing Scale-Normal Indicator,,99381000005611792,PF4050SS,,Sales,"Make:YESWEIGH Model : YSP PC
Max : 100kg  e: 10g Min :200gm
Class: III",1.00,0.00,nos,6700.00,0.00,0.0,84238290,FALSE,Cochin,Taxable,99381000000006208,GST18,18.000000,1206.00,Tax Group,,,goods,,6700.00,391900.00,462442.00,1,Customer Pick,,Eldho
99381000018856001,2024-11-27,DC-00835,others,Delivered,Not Invoiced,99381000000098082,Cochin,99381000000154574,TAKYON SYSTEMS,KL,business_gst,32AANFT0176D1ZE,false,Standard Template,INR,1.00,entity_level,true,0.000,0.00,ECS Indicator,,99381000000343199,ECSIND,,Sales,,1.00,0.00,nos,14500.00,0.00,0.0,84231000,FALSE,Cochin,Taxable,99381000000006208,GST18,18.000000,2610.00,Tax Group,,,goods,,14500.00,391900.00,462442.00,1,Customer Pick,,Eldho
99381000018856001,2024-11-27,DC-00835,others,Delivered,Not Invoiced,99381000000098082,Cochin,99381000000154574,TAKYON SYSTEMS,KL,business_gst,32AANFT0176D1ZE,false,Standard Template,INR,1.00,entity_level,true,0.000,0.00,B3P WEIGHING INDICATOR,,99381000010805630,B3PIND,,Sales,,1.00,0.00,nos,5600.00,0.00,0.0,84231000,FALSE,Cochin,Taxable,99381000000006208,GST18,18.000000,1008.00,Tax Group,,,goods,,5600.00,391900.00,462442.00,,Customer Pick,,Eldho
99381000018856001,2024-11-27,DC-00835,others,Delivered,Not Invoiced,99381000000098082,Cochin,99381000000154574,TAKYON SYSTEMS,KL,business_gst,32AANFT0176D1ZE,false,Standard Template,INR,1.00,entity_level,true,0.000,0.00,PRICE COMPUTING SCALE - GOLD,,99381000006684037,ATMGL,,Sales,"Make: YESWEIGH Model:YSP-30
Max:20kg e:2g Min:40g Class:III",1.00,0.00,nos,1900.00,0.00,0.0,84238190,FALSE,Cochin,Taxable,99381000000006208,GST18,18.000000,342.00,Tax Group,,,goods,,1900.00,391900.00,462442.00,5,Customer Pick,,Eldho
99381000018856001,2024-11-27,DC-00835,others,Delivered,Not Invoiced,99381000000098082,Cochin,99381000000154574,TAKYON SYSTEMS,KL,business_gst,32AANFT0176D1ZE,false,Standard Template,INR,1.00,entity_level,true,0.000,0.00,Electronic cash register,,99381000000194004,ECR,,Sales,,1.00,0.00,nos,11000.00,0.00,0.0,84705010,FALSE,Cochin,Taxable,99381000000006208,GST18,18.000000,1980.00,Tax Group,,,goods,,11000.00,391900.00,462442.00,1,Customer Pick,,Eldho
99381000018856001,2024-11-27,DC-00835,others,Delivered,Not Invoiced,99381000000098082,Cochin,99381000000154574,TAKYON SYSTEMS,KL,business_gst,32AANFT0176D1ZE,false,Standard Template,INR,1.00,entity_level,true,0.000,0.00,TABLE TOP SCALE PC (RED-AD),,99381000016785236,ATM30RAD,,Sales,"Max: 20kg  Min : 40g e : 2g Class III
Display : Red",1.00,0.00,nos,800.00,0.00,0.0,84238190,FALSE,Cochin,Taxable,99381000000006208,GST18,18.000000,144.00,Tax Group,,,goods,,800.00,391900.00,462442.00,,Customer Pick,,Eldho
99381000018856001,2024-11-27,DC-00835,others,Delivered,Not Invoiced,99381000000098082,Cochin,99381000000154574,TAKYON SYSTEMS,KL,business_gst,32AANFT0176D1ZE,false,Standard Template,INR,1.00,entity_level,true,0.000,0.00,CCM  - Value Counting Machine,,99381000000302452,AL66,,Sales,,1.00,0.00,nos,6900.00,0.00,0.0,84729090,FALSE,Cochin,Taxable,99381000000006208,GST18,18.000000,1242.00,Tax Group,,,goods,,6900.00,391900.00,462442.00,,Customer Pick,,Eldho
99381000018856001,2024-11-27,DC-00835,others,Delivered,Not Invoiced,99381000000098082,Cochin,99381000000154574,TAKYON SYSTEMS,KL,business_gst,32AANFT0176D1ZE,false,Standard Template,INR,1.00,entity_level,true,0.000,0.00,CURRENCY COUNTING MACHINE (AL800),,99381000008766322,AL80,,Sales,,1.00,0.00,nos,3600.00,0.00,0.0,84729090,FALSE,Cochin,Taxable,99381000000006208,GST18,18.000000,648.00,Tax Group,,,goods,,3600.00,391900.00,462442.00,,Customer Pick,,Eldho
99381000018856001,2024-11-27,DC-00835,others,Delivered,Not Invoiced,99381000000098082,Cochin,99381000000154574,TAKYON SYSTEMS,KL,business_gst,32AANFT0176D1ZE,false,Standard Template,INR,1.00,entity_level,true,0.000,0.00,LABEL PRINTING SCALE Q10,,99381000006174108,Q10LBL,,Sales,"Make: YESWEIGH Model: YS LBL
Max: 30kg e:5g Min: 100g",1.00,0.00,nos,16500.00,0.00,0.0,84238190,FALSE,Cochin,Taxable,99381000000006208,GST18,18.000000,2970.00,Tax Group,,,goods,,16500.00,391900.00,462442.00,1,Customer Pick,,Eldho
99381000018856001,2024-11-27,DC-00835,others,Delivered,Not Invoiced,99381000000098082,Cochin,99381000000154574,TAKYON SYSTEMS,KL,business_gst,32AANFT0176D1ZE,false,Standard Template,INR,1.00,entity_level,true,0.000,0.00,Label Printing Scale Q9LBL,,99381000002536240,Q9LBL,,Sales,Make:YESWEIGH  Model:YS-30   Max:30kg  e:5g  Min:100g  Class:III,1.00,0.00,nos,14500.00,0.00,0.0,84231000,FALSE,Cochin,Taxable,99381000000006208,GST18,18.000000,2610.00,Tax Group,,,goods,,14500.00,391900.00,462442.00,1,Customer Pick,,Eldho
99381000018856001,2024-11-27,DC-00835,others,Delivered,Not Invoiced,99381000000098082,Cochin,99381000000154574,TAKYON SYSTEMS,KL,business_gst,32AANFT0176D1ZE,false,Standard Template,INR,1.00,entity_level,true,0.000,0.00,Bill Printing scale Q8POS,,99381000000011617,ECS5W,,Sales,Make:YESWEIGH  Model:YS-30   Max:30kg  e:5g  Min:100g  Class:III,1.00,0.00,nos,15500.00,0.00,0.0,84231000,FALSE,Cochin,Taxable,99381000000006208,GST18,18.000000,2790.00,Tax Group,,,goods,,15500.00,391900.00,462442.00,2,Customer Pick,,Eldho
99381000018856001,2024-11-27,DC-00835,others,Delivered,Not Invoiced,99381000000098082,Cochin,99381000000154574,TAKYON SYSTEMS,KL,business_gst,32AANFT0176D1ZE,false,Standard Template,INR,1.00,entity_level,true,0.000,0.00,Bill  Printing scale Q74W,,99381000000343190,ECS4W,,Sales,Make: YESWEIGH  Model:YS-30   Max:30kg  e:5g  Min:100g  Class:III,1.00,0.00,nos,11500.00,0.00,0.0,84231000,FALSE,Cochin,Taxable,99381000000006208,GST18,18.000000,2070.00,Tax Group,,,goods,,11500.00,391900.00,462442.00,2,Customer Pick,,Eldho
99381000018856001,2024-11-27,DC-00835,others,Delivered,Not Invoiced,99381000000098082,Cochin,99381000000154574,TAKYON SYSTEMS,KL,business_gst,32AANFT0176D1ZE,false,Standard Template,INR,1.00,entity_level,true,0.000,0.00,Bill Printing scale Q10POS,,99381000006174123,ECSQ10,,Sales,Make:YESWEIGH Model:YS-30 Max:30kg e:5g Min:100g Class:III,1.00,0.00,nos,15500.00,0.00,0.0,84238190,FALSE,Cochin,Taxable,99381000000006208,GST18,18.000000,2790.00,Tax Group,,,goods,,15500.00,391900.00,462442.00,,Customer Pick,,Eldho
99381000018856001,2024-11-27,DC-00835,others,Delivered,Not Invoiced,99381000000098082,Cochin,99381000000154574,TAKYON SYSTEMS,KL,business_gst,32AANFT0176D1ZE,false,Standard Template,INR,1.00,entity_level,true,0.000,0.00,Precision Balance JA203P (210g/0.001g),,99381000009540124,YSA213P,,Sales,Max : 210g Min : 100mg e: 1mg d : 1mg  Class : I Model :YSA,1.00,0.00,nos,8000.00,0.00,0.0,84238190,FALSE,Cochin,Taxable,99381000000006208,GST18,18.000000,1440.00,Tax Group,,,goods,,8000.00,391900.00,462442.00,,Customer Pick,,Eldho
99381000018856001,2024-11-27,DC-00835,others,Delivered,Not Invoiced,99381000000098082,Cochin,99381000000154574,TAKYON SYSTEMS,KL,business_gst,32AANFT0176D1ZE,false,Standard Template,INR,1.00,entity_level,true,0.000,0.00,Jwellery Scale XY3000-2C (3100g/0.01g),,99381000009540162,YSJ3102C,,Sales,Max : 3100g Min : 200mg e: 10mg d : 10mg Class II Model :YSJ,1.00,0.00,nos,9500.00,0.00,0.0,84238190,FALSE,Cochin,Taxable,99381000000006208,GST18,18.000000,1710.00,Tax Group,,,goods,,9500.00,391900.00,462442.00,,Customer Pick,,Eldho
99381000018856001,2024-11-27,DC-00835,others,Delivered,Not Invoiced,99381000000098082,Cochin,99381000000154574,TAKYON SYSTEMS,KL,business_gst,32AANFT0176D1ZE,false,Standard Template,INR,1.00,entity_level,true,0.000,0.00,SCANGLE - THERMAL PRINTER SGT-88IV(U+L),,99381000009552737,XP350BUL,,Sales,"SCANGLE THERMAL PRINER
INTERFACE : USB+LAN,PRINTER : 80mm",1.00,0.00,nos,4200.00,0.00,0.0,84433290,FALSE,Cochin,Taxable,99381000000006208,GST18,18.000000,756.00,Tax Group,,,goods,,4200.00,391900.00,462442.00,,Customer Pick,,Eldho
99381000018856001,2024-11-27,DC-00835,others,Delivered,Not Invoiced,99381000000098082,Cochin,99381000000154574,TAKYON SYSTEMS,KL,business_gst,32AANFT0176D1ZE,false,Standard Template,INR,1.00,entity_level,true,0.000,0.00,SCANGLE - THERMAL PRINTER WITH BLUETOOTH,,99381000009552762,XP350BBT,,Sales,"SCANGLE THERMAL PRINER
INTERFACE : USB+BLUETOOTH,PRINTER : 80mm",1.00,0.00,nos,4700.00,0.00,0.0,84433290,FALSE,Cochin,Taxable,99381000000006208,GST18,18.000000,846.00,Tax Group,,,goods,,4700.00,391900.00,462442.00,,Customer Pick,,Eldho
99381000018856001,2024-11-27,DC-00835,others,Delivered,Not Invoiced,99381000000098082,Cochin,99381000000154574,TAKYON SYSTEMS,KL,business_gst,32AANFT0176D1ZE,false,Standard Template,INR,1.00,entity_level,true,0.000,0.00,SCANGLE - THERMAL PRINTER WITH WIFI,,99381000009552781,XP350BW,,Sales,"SCANGLE THERMAL PRINER
INTERFACE :USB+ WIFI,PRINTER : 80mm",1.00,0.00,nos,4700.00,0.00,0.0,84433290,FALSE,Cochin,Taxable,99381000000006208,GST18,18.000000,846.00,Tax Group,,,goods,,4700.00,391900.00,462442.00,,Customer Pick,,Eldho
99381000018856001,2024-11-27,DC-00835,others,Delivered,Not Invoiced,99381000000098082,Cochin,99381000000154574,TAKYON SYSTEMS,KL,business_gst,32AANFT0176D1ZE,false,Standard Template,INR,1.00,entity_level,true,0.000,0.00,SCANGLE- PORTABLE THERMAL PRINTER,,99381000011340642,PTP,,Sales,"SCANGLE PORTABLE PRINTER,2 INCH
INTERFACE: USB, BLUETOOTH",1.00,0.00,nos,1900.00,0.00,0.0,84433290,FALSE,Cochin,Taxable,99381000000006208,GST18,18.000000,342.00,Tax Group,,,goods,,1900.00,391900.00,462442.00,,Customer Pick,,Eldho
99381000018856001,2024-11-27,DC-00835,others,Delivered,Not Invoiced,99381000000098082,Cochin,99381000000154574,TAKYON SYSTEMS,KL,business_gst,32AANFT0176D1ZE,false,Standard Template,INR,1.00,entity_level,true,0.000,0.00,SCANGLE - LABEL PRINTER DIRECT THERMAL,,99381000011340619,LDT,,Sales,"SCANGLE LABEL PRINTER
DIRECT THERMAL,LBL PRINTER",1.00,0.00,nos,5000.00,0.00,0.0,84433290,FALSE,Cochin,Taxable,99381000000006208,GST18,18.000000,900.00,Tax Group,,,goods,,5000.00,391900.00,462442.00,,Customer Pick,,Eldho
99381000018856001,2024-11-27,DC-00835,others,Delivered,Not Invoiced,99381000000098082,Cochin,99381000000154574,TAKYON SYSTEMS,KL,business_gst,32AANFT0176D1ZE,false,Standard Template,INR,1.00,entity_level,true,0.000,0.00,Precision Balance JA603 (600g/0.001g),,99381000009540231,YSA603JA,,Sales,Max : 600g Min : 100mg e: 1mg d : 1mg Class : I Model :YSA,1.00,0.00,nos,27000.00,0.00,0.0,84238190,FALSE,Cochin,Taxable,99381000000006208,GST18,18.000000,4860.00,Tax Group,,,goods,,27000.00,391900.00,462442.00,,Customer Pick,,Eldho
99381000018856001,2024-11-27,DC-00835,others,Delivered,Not Invoiced,99381000000098082,Cochin,99381000000154574,TAKYON SYSTEMS,KL,business_gst,32AANFT0176D1ZE,false,Standard Template,INR,1.00,entity_level,true,0.000,0.00,Analytical Balance 200g/0.0001g -External,,99381000003934056,YSA204E,,Sales,"Model :YSA  SKU : YSA 2004E
Max :200g e:1mg d: 0.1mg Min:100mg",1.00,0.00,nos,24000.00,0.00,0.0,90160020,FALSE,Cochin,Taxable,99381000000006208,GST18,18.000000,4320.00,Tax Group,,,goods,,24000.00,391900.00,462442.00,1,Customer Pick,,Eldho
99381000018856001,2024-11-27,DC-00835,others,Delivered,Not Invoiced,99381000000098082,Cochin,99381000000154574,TAKYON SYSTEMS,KL,business_gst,32AANFT0176D1ZE,false,Standard Template,INR,1.00,entity_level,true,0.000,0.00,SCANGLE - POS TERMINAL SGT-101 (A12PRO),,99381000009552547,SGT101116,,Sales,"SCANGLE ALL IN ONE ANDROID POS
RK3566QUAD CORE ANDROID 11, 2GB+16GB, 11.6'' IPS SCREEN, 80mm THERMAL PRINTER",1.00,0.00,nos,21500.00,0.00,0.0,84714190,FALSE,Cochin,Taxable,99381000000006208,GST18,18.000000,3870.00,Tax Group,,,goods,,21500.00,391900.00,462442.00,,Customer Pick,,Eldho
99381000018856001,2024-11-27,DC-00835,others,Delivered,Not Invoiced,99381000000098082,Cochin,99381000000154574,TAKYON SYSTEMS,KL,business_gst,32AANFT0176D1ZE,false,Standard Template,INR,1.00,entity_level,true,0.000,0.00,SCANGLE - POS TERMINAL SGT-A1 Q6 (M),,99381000015807919,SGTA1Q6M,,Sales,"SCANGLE HAND HELD ANDROID POS
MTK6580(1.3GHz) ANDROID 11,2GB+16GB,       5'' IPS DISPLAY,  58mm(2'') THERMAL PRINTER  , WIFI WITH 4G
",1.00,0.00,nos,11500.00,0.00,0.0,84705010,FALSE,Cochin,Taxable,99381000000006208,GST18,18.000000,2070.00,Tax Group,,,goods,,11500.00,391900.00,462442.00,,Customer Pick,,Eldho
99381000018856001,2024-11-27,DC-00835,others,Delivered,Not Invoiced,99381000000098082,Cochin,99381000000154574,TAKYON SYSTEMS,KL,business_gst,32AANFT0176D1ZE,false,Standard Template,INR,1.00,entity_level,true,0.000,0.00,"SCANGLE-POS TERMINAL SGT-i8 15.6"" 3RD GEN",,99381000017833666,SGTI8156I33RDGEN,,Sales,"INTEL i3 10TH GEN 8GB+128GB SSD 15.6"" FRONT DISPLAY 11.6"" 2ND DISPLAY BUILT IN 80MM PRINTER
",1.00,0.00,nos,29500.00,0.00,0.0,84705010,FALSE,Cochin,Taxable,99381000000006208,GST18,18.000000,5310.00,Tax Group,,,goods,,29500.00,391900.00,462442.00,,Customer Pick,,Eldho
99381000018856001,2024-11-27,DC-00835,others,Delivered,Not Invoiced,99381000000098082,Cochin,99381000000154574,TAKYON SYSTEMS,KL,business_gst,32AANFT0176D1ZE,false,Standard Template,INR,1.00,entity_level,true,0.000,0.00,SCANGLE - XP-350B THERMAL PRINTER,,99381000017833765,XP350BLANEC,,Sales,"USB+LAN PRINTER 80MM
",1.00,0.00,nos,3250.00,0.00,0.0,84433290,FALSE,Cochin,Taxable,99381000000006208,GST18,18.000000,585.00,Tax Group,,,goods,,3250.00,391900.00,462442.00,,Customer Pick,,Eldho
99381000018856001,2024-11-27,DC-00835,others,Delivered,Not Invoiced,99381000000098082,Cochin,99381000000154574,TAKYON SYSTEMS,KL,business_gst,32AANFT0176D1ZE,false,Standard Template,INR,1.00,entity_level,true,0.000,0.00,PORTABLE SCALE 50x50 (300kg) MS,,99381000015796004,PS50MS,,Sales,"Make : YESWEIGH Model : YSC PC
Max : 300kg e:50g Min:1kg
Class : III Size : 500x500 mm Display :F & B Red 2pin Adaptor",1.00,0.00,nos,4500.00,0.00,0.0,84238190,FALSE,Cochin,Taxable,99381000000006208,GST18,18.000000,810.00,Tax Group,,,goods,,4500.00,391900.00,462442.00,,Customer Pick,,Eldho
99381000018856001,2024-11-27,DC-00835,others,Delivered,Not Invoiced,99381000000098082,Cochin,99381000000154574,TAKYON SYSTEMS,KL,business_gst,32AANFT0176D1ZE,false,Standard Template,INR,1.00,entity_level,true,0.000,0.00,PORTABLE SCALE 50x50 (300kg) SS,,99381000015792985,PS50SS,,Sales,"Make : YESWEIGH Model : YSC PC
Max : 300kg e:50g Min:1kg
Class : III Size : 500x500 mm Display :F & B Red 2pin Adaptor",1.00,0.00,nos,4500.00,0.00,0.0,84238190,FALSE,Cochin,Taxable,99381000000006208,GST18,18.000000,810.00,Tax Group,,,goods,,4500.00,391900.00,462442.00,,Customer Pick,,Eldho
99381000018856001,2024-11-27,DC-00835,others,Delivered,Not Invoiced,99381000000098082,Cochin,99381000000154574,TAKYON SYSTEMS,KL,business_gst,32AANFT0176D1ZE,false,Standard Template,INR,1.00,entity_level,true,0.000,0.00,"SCANGLE - POS TERMINAL SGT-664 i5 14""",,99381000011340661,664W14,,Sales,"SCANGLE  DESKTOP WINDOWS POS
INTEL i5 3RD GEN WINDOWS 10,4GB+128GB SSD, 14'' FRONT DISPLAY,ALUMINIUM ALLOY CASE,COLOUR: BLACK
",1.00,0.00,nos,26000.00,0.00,0.0,84705010,FALSE,Cochin,Taxable,99381000000006208,GST18,18.000000,4680.00,Tax Group,,,goods,,26000.00,391900.00,462442.00,,Customer Pick,,Eldho
99381000018856001,2024-11-27,DC-00835,others,Delivered,Not Invoiced,99381000000098082,Cochin,99381000000154574,TAKYON SYSTEMS,KL,business_gst,32AANFT0176D1ZE,false,Standard Template,INR,1.00,entity_level,true,0.000,0.00,SCANGLE - CASH DRAWER 3 CONTAINER POS,,99381000017833727,CDP3TRAY,,Sales,"DIMENSION: 420(W)*410(D)*100(H), BILLS: 5 BILLS, COINS: 5 COINS ,INTERFACE: RJ11/USB/RS232
",1.00,0.00,nos,2500.00,0.00,0.0,83030000,FALSE,Cochin,Taxable,99381000000006208,GST18,18.000000,450.00,Tax Group,,,goods,,2500.00,391900.00,462442.00,,Customer Pick,,Eldho
99381000018856001,2024-11-27,DC-00835,others,Delivered,Not Invoiced,99381000000098082,Cochin,99381000000154574,TAKYON SYSTEMS,KL,business_gst,32AANFT0176D1ZE,false,Standard Template,INR,1.00,entity_level,true,0.000,0.00,SCANGLE - BARCODE SCANNER EF10 1D HANDY,,99381000009552652,PT60SCR7,,Sales,"SCANGLE BARCODE SCANNER
TYPE: CCD, INTERFACE: USB
",1.00,0.00,nos,1200.00,0.00,0.0,84716050,FALSE,Cochin,Taxable,99381000000006208,GST18,18.000000,216.00,Tax Group,,,goods,,1200.00,391900.00,462442.00,,Customer Pick,,Eldho
99381000018856001,2024-11-27,DC-00835,others,Delivered,Not Invoiced,99381000000098082,Cochin,99381000000154574,TAKYON SYSTEMS,KL,business_gst,32AANFT0176D1ZE,false,Standard Template,INR,1.00,entity_level,true,0.000,0.00,"SCANGLE - POS TERMINAL SGT-664i5 15""",,99381000017833746,SGT664I5155THGEN,,Sales,"i5 5TH GEN 8+128GB SSD 15"" FRONT DISPLAY WINDOWS 10
",1.00,0.00,nos,26500.00,0.00,0.0,84714190,FALSE,Cochin,Taxable,99381000000006208,GST18,18.000000,4770.00,Tax Group,,,goods,,26500.00,391900.00,462442.00,,Customer Pick,,Eldho
99381000018856001,2024-11-27,DC-00835,others,Delivered,Not Invoiced,99381000000098082,Cochin,99381000000154574,TAKYON SYSTEMS,KL,business_gst,32AANFT0176D1ZE,false,Standard Template,INR,1.00,entity_level,true,0.000,0.00,Electronic weighing scale DJ600,,99381000000796329,DJ600,,Sales,Make:YESWEIGH  Model:YSJ-50   Max:620.81g Min:500mg e:10mg    Class:II,1.00,0.00,nos,4500.00,0.00,0.0,84231000,FALSE,Cochin,Taxable,99381000000006208,GST18,18.000000,810.00,Tax Group,,,goods,,4500.00,391900.00,462442.00,,Customer Pick,,Eldho
99381000018856001,2024-11-27,DC-00835,others,Delivered,Not Invoiced,99381000000098082,Cochin,99381000000154574,TAKYON SYSTEMS,KL,business_gst,32AANFT0176D1ZE,false,Standard Template,INR,1.00,entity_level,true,0.000,0.00,"SCANGLE - PRICE VERIFIER 10.1""",,99381000011340680,PRICEVERIFIER101,,Sales,"SCANGLE PRICE VERIFIER
RK3568 ANDROID 11,2GB+32GB, 10.1 "" DISPLAY",1.00,0.00,nos,22000.00,0.00,0.0,84433290,FALSE,Cochin,Taxable,99381000000006208,GST18,18.000000,3960.00,Tax Group,,,goods,,22000.00,391900.00,462442.00,,Customer Pick,,Eldho
99381000018856001,2024-11-27,DC-00835,others,Delivered,Not Invoiced,99381000000098082,Cochin,99381000000154574,TAKYON SYSTEMS,KL,business_gst,32AANFT0176D1ZE,false,Standard Template,INR,1.00,entity_level,true,0.000,0.00,"SCANGLE - POS TERMINAL SGT-668A 32GB 14""",,99381000011323171,668,,Sales," SCANGLE  DESKTOP ANDROID POS
RK3288  ANDROID 11, 2GB+32GB, DDR3, 14''  FRONT DISPLAY , CAPACITIVE TP",1.00,0.00,nos,19000.00,0.00,0.0,84705010,FALSE,Cochin,Taxable,99381000000006208,GST18,18.000000,3420.00,Tax Group,,,goods,,19000.00,391900.00,462442.00,,Customer Pick,,Eldho
99381000018867137,2024-11-28,DC-00836,Job Work,Delivered,Not Invoiced,99381000000098082,Cochin,99381000000154574,TAKYON SYSTEMS,KL,business_gst,32AANFT0176D1ZE,false,Standard Template,INR,1.00,entity_level,true,0.000,0.00,PRICE COMPUTING SCALE WITH POLE-GREEN,,99381000002951037,APCPQ,,Sales,"Make :YESWEIGH Model: YSP -30 
 Max :30kg e :5g
Display :Green",1.00,0.00,nos,2000.00,0.00,0.0,84231000,FALSE,Cochin,Taxable,99381000000006208,GST18,18.000000,360.00,Tax Group,,,goods,,2000.00,9750.00,11505.00,,Customer Pick,,Eldho
99381000018867137,2024-11-28,DC-00836,Job Work,Delivered,Not Invoiced,99381000000098082,Cochin,99381000000154574,TAKYON SYSTEMS,KL,business_gst,32AANFT0176D1ZE,false,Standard Template,INR,1.00,entity_level,true,0.000,0.00,PLATFORM SCALE -BENCH (DUAL-AD3),,99381000008766288,BPCADF,,Sales,Max:50kg e:5g Min:100g Class:III Display : Dual,1.00,0.00,nos,1300.00,0.00,0.0,84238290,FALSE,Cochin,Taxable,99381000000006208,GST18,18.000000,234.00,Tax Group,,,goods,,1300.00,9750.00,11505.00,,Customer Pick,,Eldho
99381000018867137,2024-11-28,DC-00836,Job Work,Delivered,Not Invoiced,99381000000098082,Cochin,99381000000154574,TAKYON SYSTEMS,KL,business_gst,32AANFT0176D1ZE,false,Standard Template,INR,1.00,entity_level,true,0.000,0.00,PLATFORM SCALE -BENCH (DUAL-AD5)-G,,99381000017677203,DY5030DAD5,,Sales,Max:50kg e:5g Min:100g Class:III Display : Dual,1.00,0.00,nos,1300.00,0.00,0.0,84238290,FALSE,Cochin,Taxable,99381000000006208,GST18,18.000000,234.00,Tax Group,,,goods,,1300.00,9750.00,11505.00,,Customer Pick,,Eldho
99381000018867137,2024-11-28,DC-00836,Job Work,Delivered,Not Invoiced,99381000000098082,Cochin,99381000000154574,TAKYON SYSTEMS,KL,business_gst,32AANFT0176D1ZE,false,Standard Template,INR,1.00,entity_level,true,0.000,0.00,PRICE COMPUTING SCALE (DUAL-AD-ECONOMY),,99381000013430359,ATMADG,,Sales,"Max: 30kg Min : 100g e : 5g Class III
Display : Dual",1.00,0.00,nos,850.00,0.00,0.0,84238190,FALSE,Cochin,Taxable,99381000000006208,GST18,18.000000,153.00,Tax Group,,,goods,,850.00,9750.00,11505.00,,Customer Pick,,Eldho
99381000018867137,2024-11-28,DC-00836,Job Work,Delivered,Not Invoiced,99381000000098082,Cochin,99381000000154574,TAKYON SYSTEMS,KL,business_gst,32AANFT0176D1ZE,false,Standard Template,INR,1.00,entity_level,true,0.000,0.00,Floor Scale Indicator,,99381000000306107,FSIND,,Sales,,1.00,0.00,nos,1800.00,0.00,0.0,84239020,FALSE,Cochin,Taxable,99381000000006208,GST18,18.000000,324.00,Tax Group,,,goods,,1800.00,9750.00,11505.00,1,Customer Pick,,Eldho
99381000018867137,2024-11-28,DC-00836,Job Work,Delivered,Not Invoiced,99381000000098082,Cochin,99381000000154574,TAKYON SYSTEMS,KL,business_gst,32AANFT0176D1ZE,false,Standard Template,INR,1.00,entity_level,true,0.000,0.00,Cash Box,,99381000000343208,ECSCD,,Sales,,1.00,0.00,nos,2500.00,0.00,0.0,84239020,FALSE,Cochin,Taxable,99381000000006208,GST18,18.000000,450.00,Tax Group,,,goods,,2500.00,9750.00,11505.00,3,Customer Pick,,Eldho
99381000018921022,2024-12-02,DC-00837,Job Work,Delivered,Not Invoiced,99381000000098082,Cochin,99381000000940238,INTERWEIGHING PVT. LTD.,KL,business_gst,32AAFCI1950F1ZZ,false,Standard Template,INR,1.00,entity_level,true,0.000,0.00,SCANGLE - POS TERMINAL SGT-A1 Q3,,99381000009552566,Q3,,Sales,"PROCESSOR: MTK6580(1.3GHz), 5'' IPS DISPLAY, RAM:1GB  ROM:8GB, PPRINTER: 58MM(2'')
",30.00,0.00,nos,10000.00,0.00,0.0,84714190,FALSE,Cochin,Taxable,99381000000006208,GST18,18.000000,54000.00,Tax Group,,,goods,,300000.00,385900.00,455362.00,,Customer Pick,,Eldho
99381000018921022,2024-12-02,DC-00837,Job Work,Delivered,Not Invoiced,99381000000098082,Cochin,99381000000940238,INTERWEIGHING PVT. LTD.,KL,business_gst,32AAFCI1950F1ZZ,false,Standard Template,INR,1.00,entity_level,true,0.000,0.00,SCANGLE - BARCODE SCANNER 1D WIRELESS-EF09,,99381000009561749,EF09,,Sales,"TYPE: LASER, INTERFACE: USB, SCAN MODE SINGLE LINE SCAN, DECODING SPEED 150 times/Second, TRANSMISSION MODE: 2.4GHz
",3.00,0.00,nos,2200.00,0.00,0.0,84716050,FALSE,Cochin,Taxable,99381000000006208,GST18,18.000000,1188.00,Tax Group,,,goods,,6600.00,385900.00,455362.00,,Customer Pick,,Eldho
99381000018921022,2024-12-02,DC-00837,Job Work,Delivered,Not Invoiced,99381000000098082,Cochin,99381000000940238,INTERWEIGHING PVT. LTD.,KL,business_gst,32AAFCI1950F1ZZ,false,Standard Template,INR,1.00,entity_level,true,0.000,0.00,"SCANGLE - POS TERMINAL SGT-668A 14""",,99381000009552631,SGT665A14,,Sales,"RK3566/2GB/16GB DDR3, 14''  FRONT DISPLAY HD, CAPACITIVE TP, ANDROID 11, ALUMINIUM FOLDABLE BODY
",2.00,0.00,nos,18500.00,0.00,0.0,84702900,FALSE,Cochin,Taxable,99381000000006208,GST18,18.000000,6660.00,Tax Group,,,goods,,37000.00,385900.00,455362.00,,Customer Pick,,Eldho
99381000018921022,2024-12-02,DC-00837,Job Work,Delivered,Not Invoiced,99381000000098082,Cochin,99381000000940238,INTERWEIGHING PVT. LTD.,KL,business_gst,32AAFCI1950F1ZZ,false,Standard Template,INR,1.00,entity_level,true,0.000,0.00,SCANGLE - POS TERMINAL SGT-101 (A12PRO),,99381000009552547,SGT101116,,Sales,"SCANGLE ALL IN ONE ANDROID POS
RK3566QUAD CORE ANDROID 11, 2GB+16GB, 11.6'' IPS SCREEN, 80mm THERMAL PRINTER",1.00,0.00,nos,21500.00,0.00,0.0,84714190,FALSE,Cochin,Taxable,99381000000006208,GST18,18.000000,3870.00,Tax Group,,,goods,,21500.00,385900.00,455362.00,,Customer Pick,,Eldho
99381000018921022,2024-12-02,DC-00837,Job Work,Delivered,Not Invoiced,99381000000098082,Cochin,99381000000940238,INTERWEIGHING PVT. LTD.,KL,business_gst,32AAFCI1950F1ZZ,false,Standard Template,INR,1.00,entity_level,true,0.000,0.00,"SCANGLE - POS TERMINAL SGT-668A 32GB 14""",,99381000011323171,668,,Sales," SCANGLE  DESKTOP ANDROID POS
RK3288  ANDROID 11, 2GB+32GB, DDR3, 14''  FRONT DISPLAY , CAPACITIVE TP",1.00,0.00,nos,19000.00,0.00,0.0,84705010,FALSE,Cochin,Taxable,99381000000006208,GST18,18.000000,3420.00,Tax Group,,,goods,,19000.00,385900.00,455362.00,,Customer Pick,,Eldho
99381000018921022,2024-12-02,DC-00837,Job Work,Delivered,Not Invoiced,99381000000098082,Cochin,99381000000940238,INTERWEIGHING PVT. LTD.,KL,business_gst,32AAFCI1950F1ZZ,false,Standard Template,INR,1.00,entity_level,true,0.000,0.00,Floor Scale Indicator,,99381000000306107,FSIND,,Sales,,1.00,0.00,nos,1800.00,0.00,0.0,84239020,FALSE,Cochin,Taxable,99381000000006208,GST18,18.000000,324.00,Tax Group,,,goods,,1800.00,385900.00,455362.00,1,Customer Pick,,Eldho
99381000018969094,2024-12-03,DC-00838,Job Work,Draft,,99381000000098082,Cochin,99381000000231096,Victory Scales,KL,business_gst,32AAAAV1247P1ZC,false,Standard Template,INR,1.00,entity_level,true,0.000,0.00,"SCANGLE - POS TERMINAL SGT-668A 32GB 14""",,99381000011323171,668,,Sales," SCANGLE  DESKTOP ANDROID POS
RK3288  ANDROID 11, 2GB+32GB, DDR3, 14''  FRONT DISPLAY , CAPACITIVE TP",1.00,0.00,nos,19000.00,0.00,0.0,84705010,FALSE,Cochin,Taxable,99381000000006208,GST18,18.000000,3420.00,Tax Group,,,goods,,19000.00,19000.00,22420.00,,ST courier ,,Eldho
99381000018969190,2024-12-04,DC-00839,Job Work,Delivered,Not Invoiced,99381000000098082,Cochin,99381000000940238,INTERWEIGHING PVT. LTD.,KL,business_gst,32AAFCI1950F1ZZ,false,Standard Template,INR,1.00,entity_level,true,0.000,0.00,ECONOMIC BENCH MS,,99381000006175159,BY5039,,Sales,"Size : 30*34 Max: 50kg e: 5g
Dual display, LED RED display,Foldable platform",1.00,0.00,nos,1950.00,0.00,0.0,84238290,FALSE,Cochin,Taxable,99381000000006208,GST18,18.000000,351.00,Tax Group,,,goods,,1950.00,370250.00,436895.00,4,Customer Pick,,Eldho
99381000018969190,2024-12-04,DC-00839,Job Work,Delivered,Not Invoiced,99381000000098082,Cochin,99381000000940238,INTERWEIGHING PVT. LTD.,KL,business_gst,32AAFCI1950F1ZZ,false,Standard Template,INR,1.00,entity_level,true,0.000,0.00,Platform Weighing Scale-Normal Indicator,,99381000005611792,PF4050SS,,Sales,"Make:YESWEIGH Model : YSP PC
Max : 100kg  e: 10g Min :200gm
Class: III",1.00,0.00,nos,6700.00,0.00,0.0,84238290,FALSE,Cochin,Taxable,99381000000006208,GST18,18.000000,1206.00,Tax Group,,,goods,,6700.00,370250.00,436895.00,1,Customer Pick,,Eldho
99381000018969190,2024-12-04,DC-00839,Job Work,Delivered,Not Invoiced,99381000000098082,Cochin,99381000000940238,INTERWEIGHING PVT. LTD.,KL,business_gst,32AAFCI1950F1ZZ,false,Standard Template,INR,1.00,entity_level,true,0.000,0.00,ECS Indicator,,99381000000343199,ECSIND,,Sales,,1.00,0.00,nos,14500.00,0.00,0.0,84231000,FALSE,Cochin,Taxable,99381000000006208,GST18,18.000000,2610.00,Tax Group,,,goods,,14500.00,370250.00,436895.00,1,Customer Pick,,Eldho
99381000018969190,2024-12-04,DC-00839,Job Work,Delivered,Not Invoiced,99381000000098082,Cochin,99381000000940238,INTERWEIGHING PVT. LTD.,KL,business_gst,32AAFCI1950F1ZZ,false,Standard Template,INR,1.00,entity_level,true,0.000,0.00,PLATFORM SCALE -BENCH (DUAL-AD3),,99381000008766288,BPCADF,,Sales,Max:50kg e:5g Min:100g Class:III Display : Dual,1.00,0.00,nos,1300.00,0.00,0.0,84238290,FALSE,Cochin,Taxable,99381000000006208,GST18,18.000000,234.00,Tax Group,,,goods,,1300.00,370250.00,436895.00,,Customer Pick,,Eldho
99381000018969190,2024-12-04,DC-00839,Job Work,Delivered,Not Invoiced,99381000000098082,Cochin,99381000000940238,INTERWEIGHING PVT. LTD.,KL,business_gst,32AAFCI1950F1ZZ,false,Standard Template,INR,1.00,entity_level,true,0.000,0.00,PLATFORM SCALE -BENCH (DUAL-AD5)-G,,99381000017677203,DY5030DAD5,,Sales,Max:50kg e:5g Min:100g Class:III Display : Dual,1.00,0.00,nos,1300.00,0.00,0.0,84238290,FALSE,Cochin,Taxable,99381000000006208,GST18,18.000000,234.00,Tax Group,,,goods,,1300.00,370250.00,436895.00,,Customer Pick,,Eldho
99381000018969190,2024-12-04,DC-00839,Job Work,Delivered,Not Invoiced,99381000000098082,Cochin,99381000000940238,INTERWEIGHING PVT. LTD.,KL,business_gst,32AAFCI1950F1ZZ,false,Standard Template,INR,1.00,entity_level,true,0.000,0.00,B3P WEIGHING INDICATOR,,99381000010805630,B3PIND,,Sales,,1.00,0.00,nos,5600.00,0.00,0.0,84231000,FALSE,Cochin,Taxable,99381000000006208,GST18,18.000000,1008.00,Tax Group,,,goods,,5600.00,370250.00,436895.00,,Customer Pick,,Eldho
99381000018969190,2024-12-04,DC-00839,Job Work,Delivered,Not Invoiced,99381000000098082,Cochin,99381000000940238,INTERWEIGHING PVT. LTD.,KL,business_gst,32AAFCI1950F1ZZ,false,Standard Template,INR,1.00,entity_level,true,0.000,0.00,Floor Scale Indicator,,99381000000306107,FSIND,,Sales,,1.00,0.00,nos,1800.00,0.00,0.0,84239020,FALSE,Cochin,Taxable,99381000000006208,GST18,18.000000,324.00,Tax Group,,,goods,,1800.00,370250.00,436895.00,1,Customer Pick,,Eldho
99381000018969190,2024-12-04,DC-00839,Job Work,Delivered,Not Invoiced,99381000000098082,Cochin,99381000000940238,INTERWEIGHING PVT. LTD.,KL,business_gst,32AAFCI1950F1ZZ,false,Standard Template,INR,1.00,entity_level,true,0.000,0.00,Platform Weighing Scale 400x500 FSS,,99381000014429046,PFPC40X50DADFSS,,Sales,"Make : YESWEIGH Model:YSP
Max:300 kg e: 50gm Min:1kg Class III",1.00,0.00,nos,5600.00,0.00,0.0,84238290,FALSE,Cochin,Taxable,99381000000006208,GST18,18.000000,1008.00,Tax Group,,,goods,,5600.00,370250.00,436895.00,1,Customer Pick,,Eldho
99381000018969190,2024-12-04,DC-00839,Job Work,Delivered,Not Invoiced,99381000000098082,Cochin,99381000000940238,INTERWEIGHING PVT. LTD.,KL,business_gst,32AAFCI1950F1ZZ,false,Standard Template,INR,1.00,entity_level,true,0.000,0.00,PRICE COMPUTING SCALE - GOLD,,99381000006684037,ATMGL,,Sales,"Make: YESWEIGH Model:YSP-30
Max:20kg e:2g Min:40g Class:III",1.00,0.00,nos,1900.00,0.00,0.0,84238190,FALSE,Cochin,Taxable,99381000000006208,GST18,18.000000,342.00,Tax Group,,,goods,,1900.00,370250.00,436895.00,5,Customer Pick,,Eldho
99381000018969190,2024-12-04,DC-00839,Job Work,Delivered,Not Invoiced,99381000000098082,Cochin,99381000000940238,INTERWEIGHING PVT. LTD.,KL,business_gst,32AAFCI1950F1ZZ,false,Standard Template,INR,1.00,entity_level,true,0.000,0.00,Electronic cash register,,99381000000194004,ECR,,Sales,,1.00,0.00,nos,11000.00,0.00,0.0,84705010,FALSE,Cochin,Taxable,99381000000006208,GST18,18.000000,1980.00,Tax Group,,,goods,,11000.00,370250.00,436895.00,1,Customer Pick,,Eldho
99381000018969190,2024-12-04,DC-00839,Job Work,Delivered,Not Invoiced,99381000000098082,Cochin,99381000000940238,INTERWEIGHING PVT. LTD.,KL,business_gst,32AAFCI1950F1ZZ,false,Standard Template,INR,1.00,entity_level,true,0.000,0.00,PRICE COMPUTING SCALE WITH POLE-GREEN,,99381000002951037,APCPQ,,Sales,"Make :YESWEIGH Model: YSP -30 
 Max :30kg e :5g
Display :Green",1.00,0.00,nos,2000.00,0.00,0.0,84231000,FALSE,Cochin,Taxable,99381000000006208,GST18,18.000000,360.00,Tax Group,,,goods,,2000.00,370250.00,436895.00,,Customer Pick,,Eldho
99381000018969190,2024-12-04,DC-00839,Job Work,Delivered,Not Invoiced,99381000000098082,Cochin,99381000000940238,INTERWEIGHING PVT. LTD.,KL,business_gst,32AAFCI1950F1ZZ,false,Standard Template,INR,1.00,entity_level,true,0.000,0.00,PRICE COMPUTING SCALE (DUAL-AD-ECONOMY),,99381000013430359,ATMADG,,Sales,"Max: 30kg Min : 100g e : 5g Class III
Display : Dual",1.00,0.00,nos,850.00,0.00,0.0,84238190,FALSE,Cochin,Taxable,99381000000006208,GST18,18.000000,153.00,Tax Group,,,goods,,850.00,370250.00,436895.00,,Customer Pick,,Eldho
99381000018969190,2024-12-04,DC-00839,Job Work,Delivered,Not Invoiced,99381000000098082,Cochin,99381000000940238,INTERWEIGHING PVT. LTD.,KL,business_gst,32AAFCI1950F1ZZ,false,Standard Template,INR,1.00,entity_level,true,0.000,0.00,TABLE TOP SCALE PC (RED-AD),,99381000016785236,ATM30RAD,,Sales,"Max: 20kg  Min : 40g e : 2g Class III
Display : Red",1.00,0.00,nos,800.00,0.00,0.0,84238190,FALSE,Cochin,Taxable,99381000000006208,GST18,18.000000,144.00,Tax Group,,,goods,,800.00,370250.00,436895.00,,Customer Pick,,Eldho
99381000018969190,2024-12-04,DC-00839,Job Work,Delivered,Not Invoiced,99381000000098082,Cochin,99381000000940238,INTERWEIGHING PVT. LTD.,KL,business_gst,32AAFCI1950F1ZZ,false,Standard Template,INR,1.00,entity_level,true,0.000,0.00,CCM  - Value Counting Machine,,99381000000302452,AL66,,Sales,,1.00,0.00,nos,6900.00,0.00,0.0,84729090,FALSE,Cochin,Taxable,99381000000006208,GST18,18.000000,1242.00,Tax Group,,,goods,,6900.00,370250.00,436895.00,,Customer Pick,,Eldho
99381000018969190,2024-12-04,DC-00839,Job Work,Delivered,Not Invoiced,99381000000098082,Cochin,99381000000940238,INTERWEIGHING PVT. LTD.,KL,business_gst,32AAFCI1950F1ZZ,false,Standard Template,INR,1.00,entity_level,true,0.000,0.00,CURRENCY COUNTING MACHINE (AL800),,99381000008766322,AL80,,Sales,,1.00,0.00,nos,3600.00,0.00,0.0,84729090,FALSE,Cochin,Taxable,99381000000006208,GST18,18.000000,648.00,Tax Group,,,goods,,3600.00,370250.00,436895.00,,Customer Pick,,Eldho
99381000018969190,2024-12-04,DC-00839,Job Work,Delivered,Not Invoiced,99381000000098082,Cochin,99381000000940238,INTERWEIGHING PVT. LTD.,KL,business_gst,32AAFCI1950F1ZZ,false,Standard Template,INR,1.00,entity_level,true,0.000,0.00,LABEL PRINTING SCALE Q10,,99381000006174108,Q10LBL,,Sales,"Make: YESWEIGH Model: YS LBL
Max: 30kg e:5g Min: 100g",1.00,0.00,nos,16500.00,0.00,0.0,84238190,FALSE,Cochin,Taxable,99381000000006208,GST18,18.000000,2970.00,Tax Group,,,goods,,16500.00,370250.00,436895.00,1,Customer Pick,,Eldho
99381000018969190,2024-12-04,DC-00839,Job Work,Delivered,Not Invoiced,99381000000098082,Cochin,99381000000940238,INTERWEIGHING PVT. LTD.,KL,business_gst,32AAFCI1950F1ZZ,false,Standard Template,INR,1.00,entity_level,true,0.000,0.00,Bill  Printing scale Q74W,,99381000000343190,ECS4W,,Sales,Make: YESWEIGH  Model:YS-30   Max:30kg  e:5g  Min:100g  Class:III,1.00,0.00,nos,11500.00,0.00,0.0,84231000,FALSE,Cochin,Taxable,99381000000006208,GST18,18.000000,2070.00,Tax Group,,,goods,,11500.00,370250.00,436895.00,2,Customer Pick,,Eldho
99381000018969190,2024-12-04,DC-00839,Job Work,Delivered,Not Invoiced,99381000000098082,Cochin,99381000000940238,INTERWEIGHING PVT. LTD.,KL,business_gst,32AAFCI1950F1ZZ,false,Standard Template,INR,1.00,entity_level,true,0.000,0.00,Bill Printing scale Q10POS,,99381000006174123,ECSQ10,,Sales,Make:YESWEIGH Model:YS-30 Max:30kg e:5g Min:100g Class:III,1.00,0.00,nos,15500.00,0.00,0.0,84238190,FALSE,Cochin,Taxable,99381000000006208,GST18,18.000000,2790.00,Tax Group,,,goods,,15500.00,370250.00,436895.00,,Customer Pick,,Eldho
99381000018969190,2024-12-04,DC-00839,Job Work,Delivered,Not Invoiced,99381000000098082,Cochin,99381000000940238,INTERWEIGHING PVT. LTD.,KL,business_gst,32AAFCI1950F1ZZ,false,Standard Template,INR,1.00,entity_level,true,0.000,0.00,Precision Balance JA203P (210g/0.001g),,99381000009540124,YSA213P,,Sales,Max : 210g Min : 100mg e: 1mg d : 1mg  Class : I Model :YSA,1.00,0.00,nos,8000.00,0.00,0.0,84238190,FALSE,Cochin,Taxable,99381000000006208,GST18,18.000000,1440.00,Tax Group,,,goods,,8000.00,370250.00,436895.00,,Customer Pick,,Eldho
99381000018969190,2024-12-04,DC-00839,Job Work,Delivered,Not Invoiced,99381000000098082,Cochin,99381000000940238,INTERWEIGHING PVT. LTD.,KL,business_gst,32AAFCI1950F1ZZ,false,Standard Template,INR,1.00,entity_level,true,0.000,0.00,Jwellery Scale XY3000-2C (3100g/0.01g),,99381000009540162,YSJ3102C,,Sales,Max : 3100g Min : 200mg e: 10mg d : 10mg Class II Model :YSJ,1.00,0.00,nos,9500.00,0.00,0.0,84238190,FALSE,Cochin,Taxable,99381000000006208,GST18,18.000000,1710.00,Tax Group,,,goods,,9500.00,370250.00,436895.00,,Customer Pick,,Eldho
99381000018969190,2024-12-04,DC-00839,Job Work,Delivered,Not Invoiced,99381000000098082,Cochin,99381000000940238,INTERWEIGHING PVT. LTD.,KL,business_gst,32AAFCI1950F1ZZ,false,Standard Template,INR,1.00,entity_level,true,0.000,0.00,SCANGLE - THERMAL PRINTER SGT-88IV(U+L),,99381000009552737,XP350BUL,,Sales,"SCANGLE THERMAL PRINER
INTERFACE : USB+LAN,PRINTER : 80mm",1.00,0.00,nos,4200.00,0.00,0.0,84433290,FALSE,Cochin,Taxable,99381000000006208,GST18,18.000000,756.00,Tax Group,,,goods,,4200.00,370250.00,436895.00,,Customer Pick,,Eldho
99381000018969190,2024-12-04,DC-00839,Job Work,Delivered,Not Invoiced,99381000000098082,Cochin,99381000000940238,INTERWEIGHING PVT. LTD.,KL,business_gst,32AAFCI1950F1ZZ,false,Standard Template,INR,1.00,entity_level,true,0.000,0.00,SCANGLE - THERMAL PRINTER WITH BLUETOOTH,,99381000009552762,XP350BBT,,Sales,"SCANGLE THERMAL PRINER
INTERFACE : USB+BLUETOOTH,PRINTER : 80mm",1.00,0.00,nos,4700.00,0.00,0.0,84433290,FALSE,Cochin,Taxable,99381000000006208,GST18,18.000000,846.00,Tax Group,,,goods,,4700.00,370250.00,436895.00,,Customer Pick,,Eldho
99381000018969190,2024-12-04,DC-00839,Job Work,Delivered,Not Invoiced,99381000000098082,Cochin,99381000000940238,INTERWEIGHING PVT. LTD.,KL,business_gst,32AAFCI1950F1ZZ,false,Standard Template,INR,1.00,entity_level,true,0.000,0.00,SCANGLE - THERMAL PRINTER WITH WIFI,,99381000009552781,XP350BW,,Sales,"SCANGLE THERMAL PRINER
INTERFACE :USB+ WIFI,PRINTER : 80mm",1.00,0.00,nos,4700.00,0.00,0.0,84433290,FALSE,Cochin,Taxable,99381000000006208,GST18,18.000000,846.00,Tax Group,,,goods,,4700.00,370250.00,436895.00,,Customer Pick,,Eldho
99381000018969190,2024-12-04,DC-00839,Job Work,Delivered,Not Invoiced,99381000000098082,Cochin,99381000000940238,INTERWEIGHING PVT. LTD.,KL,business_gst,32AAFCI1950F1ZZ,false,Standard Template,INR,1.00,entity_level,true,0.000,0.00,SCANGLE- PORTABLE THERMAL PRINTER,,99381000011340642,PTP,,Sales,"SCANGLE PORTABLE PRINTER,2 INCH
INTERFACE: USB, BLUETOOTH",1.00,0.00,nos,1900.00,0.00,0.0,84433290,FALSE,Cochin,Taxable,99381000000006208,GST18,18.000000,342.00,Tax Group,,,goods,,1900.00,370250.00,436895.00,,Customer Pick,,Eldho
99381000018969190,2024-12-04,DC-00839,Job Work,Delivered,Not Invoiced,99381000000098082,Cochin,99381000000940238,INTERWEIGHING PVT. LTD.,KL,business_gst,32AAFCI1950F1ZZ,false,Standard Template,INR,1.00,entity_level,true,0.000,0.00,SCANGLE - LABEL PRINTER DIRECT THERMAL,,99381000011340619,LDT,,Sales,"SCANGLE LABEL PRINTER
DIRECT THERMAL,LBL PRINTER",1.00,0.00,nos,5000.00,0.00,0.0,84433290,FALSE,Cochin,Taxable,99381000000006208,GST18,18.000000,900.00,Tax Group,,,goods,,5000.00,370250.00,436895.00,,Customer Pick,,Eldho
99381000018969190,2024-12-04,DC-00839,Job Work,Delivered,Not Invoiced,99381000000098082,Cochin,99381000000940238,INTERWEIGHING PVT. LTD.,KL,business_gst,32AAFCI1950F1ZZ,false,Standard Template,INR,1.00,entity_level,true,0.000,0.00,Precision Balance JA603 (600g/0.001g),,99381000009540231,YSA603JA,,Sales,Max : 600g Min : 100mg e: 1mg d : 1mg Class : I Model :YSA,1.00,0.00,nos,27000.00,0.00,0.0,84238190,FALSE,Cochin,Taxable,99381000000006208,GST18,18.000000,4860.00,Tax Group,,,goods,,27000.00,370250.00,436895.00,,Customer Pick,,Eldho
99381000018969190,2024-12-04,DC-00839,Job Work,Delivered,Not Invoiced,99381000000098082,Cochin,99381000000940238,INTERWEIGHING PVT. LTD.,KL,business_gst,32AAFCI1950F1ZZ,false,Standard Template,INR,1.00,entity_level,true,0.000,0.00,Analytical Balance 200g/0.0001g -External,,99381000003934056,YSA204E,,Sales,"Model :YSA  SKU : YSA 2004E
Max :200g e:1mg d: 0.1mg Min:100mg",1.00,0.00,nos,24000.00,0.00,0.0,90160020,FALSE,Cochin,Taxable,99381000000006208,GST18,18.000000,4320.00,Tax Group,,,goods,,24000.00,370250.00,436895.00,1,Customer Pick,,Eldho
99381000018969190,2024-12-04,DC-00839,Job Work,Delivered,Not Invoiced,99381000000098082,Cochin,99381000000940238,INTERWEIGHING PVT. LTD.,KL,business_gst,32AAFCI1950F1ZZ,false,Standard Template,INR,1.00,entity_level,true,0.000,0.00,SCANGLE - POS TERMINAL SGT-101 (A12PRO),,99381000009552547,SGT101116,,Sales,"SCANGLE ALL IN ONE ANDROID POS
RK3566QUAD CORE ANDROID 11, 2GB+16GB, 11.6'' IPS SCREEN, 80mm THERMAL PRINTER",1.00,0.00,nos,21500.00,0.00,0.0,84714190,FALSE,Cochin,Taxable,99381000000006208,GST18,18.000000,3870.00,Tax Group,,,goods,,21500.00,370250.00,436895.00,,Customer Pick,,Eldho
99381000018969190,2024-12-04,DC-00839,Job Work,Delivered,Not Invoiced,99381000000098082,Cochin,99381000000940238,INTERWEIGHING PVT. LTD.,KL,business_gst,32AAFCI1950F1ZZ,false,Standard Template,INR,1.00,entity_level,true,0.000,0.00,SCANGLE - POS TERMINAL SGT-A1 Q6 (M),,99381000015807919,SGTA1Q6M,,Sales,"SCANGLE HAND HELD ANDROID POS
MTK6580(1.3GHz) ANDROID 11,2GB+16GB,       5'' IPS DISPLAY,  58mm(2'') THERMAL PRINTER  , WIFI WITH 4G
",1.00,0.00,nos,11500.00,0.00,0.0,84705010,FALSE,Cochin,Taxable,99381000000006208,GST18,18.000000,2070.00,Tax Group,,,goods,,11500.00,370250.00,436895.00,,Customer Pick,,Eldho
99381000018969190,2024-12-04,DC-00839,Job Work,Delivered,Not Invoiced,99381000000098082,Cochin,99381000000940238,INTERWEIGHING PVT. LTD.,KL,business_gst,32AAFCI1950F1ZZ,false,Standard Template,INR,1.00,entity_level,true,0.000,0.00,"SCANGLE-POS TERMINAL SGT-i8 15.6"" 3RD GEN",,99381000017833666,SGTI8156I33RDGEN,,Sales,"INTEL i3 10TH GEN 8GB+128GB SSD 15.6"" FRONT DISPLAY 11.6"" 2ND DISPLAY BUILT IN 80MM PRINTER
",1.00,0.00,nos,29500.00,0.00,0.0,84705010,FALSE,Cochin,Taxable,99381000000006208,GST18,18.000000,5310.00,Tax Group,,,goods,,29500.00,370250.00,436895.00,,Customer Pick,,Eldho
99381000018969190,2024-12-04,DC-00839,Job Work,Delivered,Not Invoiced,99381000000098082,Cochin,99381000000940238,INTERWEIGHING PVT. LTD.,KL,business_gst,32AAFCI1950F1ZZ,false,Standard Template,INR,1.00,entity_level,true,0.000,0.00,SCANGLE - XP-350B THERMAL PRINTER,,99381000017833765,XP350BLANEC,,Sales,"USB+LAN PRINTER 80MM
",1.00,0.00,nos,3250.00,0.00,0.0,84433290,FALSE,Cochin,Taxable,99381000000006208,GST18,18.000000,585.00,Tax Group,,,goods,,3250.00,370250.00,436895.00,,Customer Pick,,Eldho
99381000018969190,2024-12-04,DC-00839,Job Work,Delivered,Not Invoiced,99381000000098082,Cochin,99381000000940238,INTERWEIGHING PVT. LTD.,KL,business_gst,32AAFCI1950F1ZZ,false,Standard Template,INR,1.00,entity_level,true,0.000,0.00,PORTABLE SCALE 50x50 (300kg) SS,,99381000015792985,PS50SS,,Sales,"Make : YESWEIGH Model : YSC PC
Max : 300kg e:50g Min:1kg
Class : III Size : 500x500 mm Display :F & B Red 2pin Adaptor",1.00,0.00,nos,4500.00,0.00,0.0,84238190,FALSE,Cochin,Taxable,99381000000006208,GST18,18.000000,810.00,Tax Group,,,goods,,4500.00,370250.00,436895.00,,Customer Pick,,Eldho
99381000018969190,2024-12-04,DC-00839,Job Work,Delivered,Not Invoiced,99381000000098082,Cochin,99381000000940238,INTERWEIGHING PVT. LTD.,KL,business_gst,32AAFCI1950F1ZZ,false,Standard Template,INR,1.00,entity_level,true,0.000,0.00,PORTABLE SCALE 50x50 (300kg) MS,,99381000015796004,PS50MS,,Sales,"Make : YESWEIGH Model : YSC PC
Max : 300kg e:50g Min:1kg
Class : III Size : 500x500 mm Display :F & B Red 2pin Adaptor",1.00,0.00,nos,4500.00,0.00,0.0,84238190,FALSE,Cochin,Taxable,99381000000006208,GST18,18.000000,810.00,Tax Group,,,goods,,4500.00,370250.00,436895.00,,Customer Pick,,Eldho
99381000018969190,2024-12-04,DC-00839,Job Work,Delivered,Not Invoiced,99381000000098082,Cochin,99381000000940238,INTERWEIGHING PVT. LTD.,KL,business_gst,32AAFCI1950F1ZZ,false,Standard Template,INR,1.00,entity_level,true,0.000,0.00,"SCANGLE - POS TERMINAL SGT-664 i5 14""",,99381000011340661,664W14,,Sales,"SCANGLE  DESKTOP WINDOWS POS
INTEL i5 3RD GEN WINDOWS 10,4GB+128GB SSD, 14'' FRONT DISPLAY,ALUMINIUM ALLOY CASE,COLOUR: BLACK
",1.00,0.00,nos,26000.00,0.00,0.0,84705010,FALSE,Cochin,Taxable,99381000000006208,GST18,18.000000,4680.00,Tax Group,,,goods,,26000.00,370250.00,436895.00,,Customer Pick,,Eldho
99381000018969190,2024-12-04,DC-00839,Job Work,Delivered,Not Invoiced,99381000000098082,Cochin,99381000000940238,INTERWEIGHING PVT. LTD.,KL,business_gst,32AAFCI1950F1ZZ,false,Standard Template,INR,1.00,entity_level,true,0.000,0.00,SCANGLE - CASH DRAWER 3 CONTAINER POS,,99381000017833727,CDP3TRAY,,Sales,"DIMENSION: 420(W)*410(D)*100(H), BILLS: 5 BILLS, COINS: 5 COINS ,INTERFACE: RJ11/USB/RS232
",1.00,0.00,nos,2500.00,0.00,0.0,83030000,FALSE,Cochin,Taxable,99381000000006208,GST18,18.000000,450.00,Tax Group,,,goods,,2500.00,370250.00,436895.00,,Customer Pick,,Eldho
99381000018969190,2024-12-04,DC-00839,Job Work,Delivered,Not Invoiced,99381000000098082,Cochin,99381000000940238,INTERWEIGHING PVT. LTD.,KL,business_gst,32AAFCI1950F1ZZ,false,Standard Template,INR,1.00,entity_level,true,0.000,0.00,SCANGLE - BARCODE SCANNER EF10 1D HANDY,,99381000009552652,PT60SCR7,,Sales,"SCANGLE BARCODE SCANNER
TYPE: CCD, INTERFACE: USB
",1.00,0.00,nos,1200.00,0.00,0.0,84716050,FALSE,Cochin,Taxable,99381000000006208,GST18,18.000000,216.00,Tax Group,,,goods,,1200.00,370250.00,436895.00,,Customer Pick,,Eldho
99381000018969190,2024-12-04,DC-00839,Job Work,Delivered,Not Invoiced,99381000000098082,Cochin,99381000000940238,INTERWEIGHING PVT. LTD.,KL,business_gst,32AAFCI1950F1ZZ,false,Standard Template,INR,1.00,entity_level,true,0.000,0.00,"SCANGLE - POS TERMINAL SGT-664i5 15""",,99381000017833746,SGT664I5155THGEN,,Sales,"i5 5TH GEN 8+128GB SSD 15"" FRONT DISPLAY WINDOWS 10
",1.00,0.00,nos,26500.00,0.00,0.0,84714190,FALSE,Cochin,Taxable,99381000000006208,GST18,18.000000,4770.00,Tax Group,,,goods,,26500.00,370250.00,436895.00,,Customer Pick,,Eldho
99381000018969190,2024-12-04,DC-00839,Job Work,Delivered,Not Invoiced,99381000000098082,Cochin,99381000000940238,INTERWEIGHING PVT. LTD.,KL,business_gst,32AAFCI1950F1ZZ,false,Standard Template,INR,1.00,entity_level,true,0.000,0.00,"SCANGLE - PRICE VERIFIER 10.1""",,99381000011340680,PRICEVERIFIER101,,Sales,"SCANGLE PRICE VERIFIER
RK3568 ANDROID 11,2GB+32GB, 10.1 "" DISPLAY",1.00,0.00,nos,22000.00,0.00,0.0,84433290,FALSE,Cochin,Taxable,99381000000006208,GST18,18.000000,3960.00,Tax Group,,,goods,,22000.00,370250.00,436895.00,,Customer Pick,,Eldho
99381000018969190,2024-12-04,DC-00839,Job Work,Delivered,Not Invoiced,99381000000098082,Cochin,99381000000940238,INTERWEIGHING PVT. LTD.,KL,business_gst,32AAFCI1950F1ZZ,false,Standard Template,INR,1.00,entity_level,true,0.000,0.00,"SCANGLE - POS TERMINAL SGT-668A 32GB 14""",,99381000011323171,668,,Sales," SCANGLE  DESKTOP ANDROID POS
RK3288  ANDROID 11, 2GB+32GB, DDR3, 14''  FRONT DISPLAY , CAPACITIVE TP",1.00,0.00,nos,19000.00,0.00,0.0,84705010,FALSE,Cochin,Taxable,99381000000006208,GST18,18.000000,3420.00,Tax Group,,,goods,,19000.00,370250.00,436895.00,,Customer Pick,,Eldho
99381000019027001,2024-12-06,DC-00840,Job Work,Delivered,Not Invoiced,99381000000098082,Cochin,99381000000114383,ACCURATE TRADE LINKS,KL,business_gst,32AHJPK1741Q1Z4,false,Standard Template,INR,1.00,entity_level,true,0.000,0.00,"SCANGLE - POS TERMINAL SGT-668A 32GB 14""",,99381000011323171,668,,Sales," SCANGLE  DESKTOP ANDROID POS
RK3288  ANDROID 11, 2GB+32GB, DDR3, 14''  FRONT DISPLAY , CAPACITIVE TP",1.00,0.00,nos,19000.00,0.00,0.0,84705010,FALSE,Cochin,Taxable,99381000000006208,GST18,18.000000,3420.00,Tax Group,,,goods,,19000.00,19000.00,22420.00,,ST courier ,,Eldho
99381000019202001,2024-12-12,DC-00841,Job Work,Delivered,Not Invoiced,99381000000098082,Cochin,99381000000309611,KRAUS INSTRUMENTS,KL,business_gst,32AASFK0676Q1ZM,false,Standard Template,INR,1.00,entity_level,true,0.000,0.00,SCANGLE - XP-350B THERMAL PRINTER,,99381000017833765,XP350BLANEC,,Sales,"USB+LAN PRINTER 80MM
",1.00,0.00,nos,3250.00,0.00,0.0,84433290,FALSE,Cochin,Taxable,99381000000006208,GST18,18.000000,585.00,Tax Group,,,goods,,3250.00,3250.00,3835.00,,ST courier ,,Eldho
99381000019221061,2024-12-13,DC-00842,Job Work,Delivered,Not Invoiced,99381000003083031,Head Office,99381000009235029,M/S.VASAVI SCALES,KA,business_gst,29AADFV8119L1ZL,false,Standard Template,INR,1.00,entity_level,true,0.000,0.00,BY Display Bench Front and Back (Red LED),,99381000006435178,BY002,,Sales,,2.00,0.00,nos,245.00,0.00,0.0,84239020,FALSE,Head Office,Taxable,99381000000006196,IGST18,18.000000,88.20,ItemAmount,INTD,,goods,,490.00,490.00,578.00,,ST courier ,,Eldho
99381000019282072,2024-12-16,DC-00843,Job Work,Delivered,Not Invoiced,99381000000098082,Cochin,99381000000940238,INTERWEIGHING PVT. LTD.,KL,business_gst,32AAFCI1950F1ZZ,false,Standard Template,INR,1.00,entity_level,true,0.000,0.00,"SCANGLE - POS TERMINAL SGT-668A 15.6""",,99381000009552716,668A156,,Sales,"SKU: 664A, RK3566/2GB/16GB DDR3, 15.6''  FRONT DISPLAY HD, CAPACITIVE TP, ANDROID 11 GOOGLE PLAY WIFI/BT, ALUMINIUM FOLDABLE BODY
",1.00,0.00,nos,23000.00,0.00,0.0,84714190,FALSE,Cochin,Taxable,99381000000006208,GST18,18.000000,4140.00,Tax Group,,,goods,,23000.00,23000.00,27140.00,,Customer Pick,,Eldho
99381000019327231,2024-12-18,DC-00844,others,Delivered,Not Invoiced,99381000000098082,Cochin,99381000000940238,INTERWEIGHING PVT. LTD.,KL,business_gst,32AAFCI1950F1ZZ,false,Standard Template,INR,1.00,entity_level,true,0.000,0.00,"SCANGLE - POS TERMINAL SGT-668A 15.6""",,99381000009552716,668A156,,Sales,"SKU: 664A, RK3566/2GB/16GB DDR3, 15.6''  FRONT DISPLAY HD, CAPACITIVE TP, ANDROID 11 GOOGLE PLAY WIFI/BT, ALUMINIUM FOLDABLE BODY
",1.00,0.00,nos,23000.00,0.00,0.0,84714190,FALSE,Cochin,Taxable,99381000000006208,GST18,18.000000,4140.00,Tax Group,,,goods,,23000.00,55200.00,65136.00,,Customer Pick,,Shalima KT
99381000019327231,2024-12-18,DC-00844,others,Delivered,Not Invoiced,99381000000098082,Cochin,99381000000940238,INTERWEIGHING PVT. LTD.,KL,business_gst,32AAFCI1950F1ZZ,false,Standard Template,INR,1.00,entity_level,true,0.000,0.00,SCANGLE - THERMAL PRINTER SGT-88IV(U+L),,99381000009552737,XP350BUL,,Sales,"SCANGLE THERMAL PRINER
INTERFACE : USB+LAN,PRINTER : 80mm",1.00,0.00,nos,4200.00,0.00,0.0,84433290,FALSE,Cochin,Taxable,99381000000006208,GST18,18.000000,756.00,Tax Group,,,goods,,4200.00,55200.00,65136.00,,Customer Pick,,Shalima KT
99381000019327231,2024-12-18,DC-00844,others,Delivered,Not Invoiced,99381000000098082,Cochin,99381000000940238,INTERWEIGHING PVT. LTD.,KL,business_gst,32AAFCI1950F1ZZ,false,Standard Template,INR,1.00,entity_level,true,0.000,0.00,SCANGLE-POS TERMINAL SGT-665A,,99381000017833708,880PRD,,Sales,"880P ANDROID RK3568 QUAD CORE 2GB+32GB SSD 15.6"" FRONT DISPLAY 11.6"" 2ND DISPLAY  80MM PRINTER
",1.00,0.00,nos,28000.00,0.00,0.0,84705010,FALSE,Cochin,Taxable,99381000000006208,GST18,18.000000,5040.00,Tax Group,,,goods,,28000.00,55200.00,65136.00,,Customer Pick,,Shalima KT
99381000019338001,2024-12-18,DC-00845,Job Work,Delivered,Not Invoiced,99381000000098082,Cochin,99381000000940238,INTERWEIGHING PVT. LTD.,KL,business_gst,32AAFCI1950F1ZZ,false,Standard Template,INR,1.00,entity_level,true,0.000,0.00,PLATFORM SCALE -BENCH (FG-AD1),,99381000019013465,BPCGADF,,Sales,Max:50kg e:5g Min:100g Class:III Display : Green,1.00,0.00,nos,1300.00,0.00,0.0,84238290,FALSE,Cochin,Taxable,99381000000006208,GST18,18.000000,234.00,Tax Group,,,goods,,1300.00,5500.00,6490.00,,Customer Pick,,Eldho
99381000019338001,2024-12-18,DC-00845,Job Work,Delivered,Not Invoiced,99381000000098082,Cochin,99381000000940238,INTERWEIGHING PVT. LTD.,KL,business_gst,32AAFCI1950F1ZZ,false,Standard Template,INR,1.00,entity_level,true,0.000,0.00,Platform Scale Full SS -50AD,,99381000014429027,BPCFSS,,Sales,Capacity :50kg/5g Dual display(LED) Size 30*34 Full SS,1.00,0.00,nos,4200.00,0.00,0.0,84238290,FALSE,Cochin,Taxable,99381000000006208,GST18,18.000000,756.00,Tax Group,,,goods,,4200.00,5500.00,6490.00,4,Customer Pick,,Eldho
99381000019439620,2024-12-23,DC-00846,Job Work,Delivered,Not Invoiced,99381000000098082,Cochin,99381000000940238,INTERWEIGHING PVT. LTD.,KL,business_gst,32AAFCI1950F1ZZ,false,Standard Template,INR,1.00,entity_level,true,0.000,0.00,"SCANGLE - POS TERMINAL SGT-668A 15.6""",,99381000009552716,668A156,,Sales,"SKU: 664A, RK3566/2GB/16GB DDR3, 15.6''  FRONT DISPLAY HD, CAPACITIVE TP, ANDROID 11 GOOGLE PLAY WIFI/BT, ALUMINIUM FOLDABLE BODY
",1.00,0.00,nos,23000.00,0.00,0.0,84714190,FALSE,Cochin,Taxable,99381000000006208,GST18,18.000000,4140.00,Tax Group,,,goods,,23000.00,23000.00,27140.00,,Customer Pick,,Eldho
99381000019488481,2024-12-26,DC-00847,Job Work,Delivered,Not Invoiced,99381000000098082,Cochin,99381000007629005,ESSE-ON ELECTRONICS,AD,business_gst,37BEZPS6013K1ZO,false,Standard Template,INR,1.00,entity_level,true,0.000,0.00,BY Display Bench Front and Back (Red LED),,99381000006435178,BY002,,Sales,,2.00,0.00,nos,245.00,0.00,0.0,84239020,FALSE,Cochin,Taxable,99381000000006196,IGST18,18.000000,88.20,ItemAmount,INTD,,goods,,490.00,490.00,578.00,,ST courier ,,Eldho
99381000019540057,2024-12-27,DC-00848,others,Delivered,Not Invoiced,99381000003083031,Head Office,99381000018209120,SMART DIGITAL SCALE,KA,business_gst,29ADDPZ4832B1ZF,false,Standard Template,INR,1.00,entity_level,true,0.000,0.00,ATM PC / BENCH PC BATTERY 4V  4.5AH,,99381000000691252,APC209,,Sales,,1.00,0.00,nos,195.00,0.00,0.0,85068090,FALSE,Head Office,Taxable,99381000000006212,IGST28,28.000000,54.60,ItemAmount,INTD,,goods,,195.00,195.00,250.00,4,Delhivery,,Eldho
99381000019570146,2024-12-31,DC-00849,Job Work,Delivered,Not Invoiced,99381000003083031,Head Office,99381000014469074,Y . N . DHONGADI & SONS,KA,business_gst,29HCIPD6201D1ZW,false,Standard Template,INR,1.00,entity_level,true,0.000,0.00,BY Bench Dual Display Front & Back (Green & Red LED),,99381000011994635,BY019,,Sales,,1.00,0.00,nos,275.00,0.00,0.0,84239020,FALSE,Head Office,Taxable,99381000000006196,IGST18,18.000000,49.50,ItemAmount,INTD,,goods,,275.00,275.00,325.00,,ST courier ,,Eldho
99381000019570185,2024-12-31,DC-00850,Job Work,Delivered,Not Invoiced,99381000000098082,Cochin,99381000000114383,ACCURATE TRADE LINKS,KL,business_gst,32AHJPK1741Q1Z4,false,Standard Template,INR,1.00,entity_level,true,0.000,0.00,SCANGLE - POS TERMINAL SGT-101 (A12PRO-(M)),,99381000015796532,A121,,Sales,"SCANGLE ALL IN ONE ANDROID POS
RK3566QUAD CORE ANDROID 11, 2GB+16GB, 11.6'' IPS SCREEN, 80mm THERMAL PRINTER",1.00,0.00,nos,21500.00,0.00,0.0,84705010,FALSE,Cochin,Taxable,99381000000006208,GST18,18.000000,3870.00,Tax Group,,,goods,,21500.00,40500.00,47790.00,,ST courier ,,Eldho
99381000019570185,2024-12-31,DC-00850,Job Work,Delivered,Not Invoiced,99381000000098082,Cochin,99381000000114383,ACCURATE TRADE LINKS,KL,business_gst,32AHJPK1741Q1Z4,false,Standard Template,INR,1.00,entity_level,true,0.000,0.00,"SCANGLE - POS TERMINAL SGT-668A 32GB 14""",,99381000011323171,668,,Sales," SCANGLE  DESKTOP ANDROID POS
RK3288  ANDROID 11, 2GB+32GB, DDR3, 14''  FRONT DISPLAY , CAPACITIVE TP",1.00,0.00,nos,19000.00,0.00,0.0,84705010,FALSE,Cochin,Taxable,99381000000006208,GST18,18.000000,3420.00,Tax Group,,,goods,,19000.00,40500.00,47790.00,,ST courier ,,Eldho
99381000019665047,2025-01-03,DC-00851,Job Work,Delivered,Invoiced,99381000000098082,Cochin,99381000000309611,KRAUS INSTRUMENTS,KL,business_gst,32AASFK0676Q1ZM,false,Standard Template,INR,1.00,entity_level,true,0.000,0.00,"SCANGLE-POS TERMINAL SGT-665A 15.6""",,99381000017833689,880P,,Sales,"RK3566 QUAD CORE 2GB+32GB SSD 15.6"" FRONT DISPLAY  80MM PRINTER
",1.00,1.00,nos,22500.00,0.00,0.0,84705010,FALSE,Cochin,Taxable,99381000000006208,GST18,18.000000,4050.00,Tax Group,,,goods,,22500.00,22500.00,26550.00,,ST courier ,,Eldho
99381000019750065,2025-01-07,DC-00852,Job Work,Delivered,Not Invoiced,99381000000098082,Cochin,99381000000126001,YELLOW SCALES,KL,business_gst,32CPDPS6051P1ZG,false,Standard Template,INR,1.00,entity_level,true,0.000,0.00,PRICE COMPUTING SCALE WITH POLE-GREEN,,99381000002951037,APCPQ,,Sales,"Make :YESWEIGH Model: YSP -30 
 Max :30kg e :5g
Display :Green",5.00,0.00,nos,2000.00,0.00,0.0,84231000,FALSE,Cochin,Taxable,99381000000006208,GST18,18.000000,1800.00,Tax Group,,,goods,,10000.00,10000.00,11800.00,,Customer Pick,,Eldho
99381000019811451,2025-01-09,DC-00853,Job Work,Open,Not Invoiced,99381000000098082,Cochin,99381000005074017,ELMASS’ Weighing & Automation Pvt. Ltd,KL,business_gst,32AAGCE7631N1ZF,false,Standard Template,INR,1.00,entity_level,true,0.000,0.00,SCANGLE - THERMAL PRINTER WITH BLUETOOTH,,99381000009552762,XP350BBT,,Sales,"SCANGLE THERMAL PRINER
INTERFACE : USB+BLUETOOTH,PRINTER : 80mm",1.00,0.00,nos,4700.00,0.00,0.0,84433290,FALSE,Cochin,Taxable,99381000000006208,GST18,18.000000,846.00,Tax Group,,,goods,,4700.00,9400.00,11092.00,,Customer Pick,,Eldho
99381000019811451,2025-01-09,DC-00853,Job Work,Open,Not Invoiced,99381000000098082,Cochin,99381000005074017,ELMASS’ Weighing & Automation Pvt. Ltd,KL,business_gst,32AAGCE7631N1ZF,false,Standard Template,INR,1.00,entity_level,true,0.000,0.00,SCANGLE - THERMAL PRINTER WITH WIFI,,99381000009552781,XP350BW,,Sales,"SCANGLE THERMAL PRINER
INTERFACE :USB+ WIFI,PRINTER : 80mm",1.00,0.00,nos,4700.00,0.00,0.0,84433290,FALSE,Cochin,Taxable,99381000000006208,GST18,18.000000,846.00,Tax Group,,,goods,,4700.00,9400.00,11092.00,,Customer Pick,,Eldho
99381000019849001,2025-01-10,DC-00854,Job Work,Delivered,Not Invoiced,99381000000098082,Cochin,99381000000940238,INTERWEIGHING PVT. LTD.,KL,business_gst,32AAFCI1950F1ZZ,false,Standard Template,INR,1.00,entity_level,true,0.000,0.00,"SCANGLE-POS TERMINAL SGT-665A 15.6""",,99381000017833689,880P,,Sales,"RK3566 QUAD CORE 2GB+32GB SSD 15.6"" FRONT DISPLAY  80MM PRINTER
",1.00,0.00,nos,22500.00,0.00,0.0,84705010,FALSE,Cochin,Taxable,99381000000006208,GST18,18.000000,4050.00,Tax Group,,,goods,,22500.00,22500.00,26550.00,,Customer Pick,,Eldho
99381000019868001,2025-01-11,DC-00855,Job Work,Delivered,Not Invoiced,99381000000098082,Cochin,99381000000126001,YELLOW SCALES,KL,business_gst,32CPDPS6051P1ZG,false,Standard Template,INR,1.00,entity_level,true,0.000,0.00,PLATFORM SCALE -BENCH (FG-AD1),,99381000019013465,BPCGADF,,Sales,Max:50kg e:5g Min:100g Class:III Display : Green,5.00,0.00,nos,2200.00,0.00,0.0,84238290,FALSE,Cochin,Taxable,99381000000006208,GST18,18.000000,1980.00,Tax Group,,,goods,,11000.00,11000.00,12980.00,,Customer Pick,,Eldho
99381000019913007,2025-01-14,DC-00856,others,Delivered,Not Invoiced,99381000000098082,Cochin,99381000009860101,Sanoft Technologies Pvt Ltd,KL,business_gst,32ABFCS0413E1Z1,false,Standard Template,INR,1.00,entity_level,true,0.000,0.00,SCANGLE - THERMAL PRINTER WITH BLUETOOTH,,99381000009552762,XP350BBT,,Sales,"SCANGLE THERMAL PRINER
INTERFACE : USB+BLUETOOTH,PRINTER : 80mm",1.00,0.00,nos,4700.00,0.00,0.0,84433290,FALSE,Cochin,Taxable,99381000000006208,GST18,18.000000,846.00,Tax Group,,,goods,,4700.00,4700.00,5546.00,,ST courier ,,Shalima KT
99381000019994055,2025-01-18,DC-00857,Job Work,Open,Not Invoiced,99381000000098082,Cochin,99381000000112170,MEEZAN ELECTRONIC SCALES PRIVATE LIMITED,KL,business_gst,32AAECM1277C1ZY,false,Standard Template,INR,1.00,entity_level,true,0.000,0.00,SCANGLE - POS TERMINAL SGT-101 (A12PRO),,99381000009552547,SGT101116,,Sales,"SCANGLE ALL IN ONE ANDROID POS
RK3566QUAD CORE ANDROID 11, 2GB+16GB, 11.6'' IPS SCREEN, 80mm THERMAL PRINTER",2.00,0.00,nos,21500.00,0.00,0.0,84714190,FALSE,Cochin,Taxable,99381000000006208,GST18,18.000000,7740.00,Tax Group,,,goods,,43000.00,192400.00,227032.00,,Customer Pick,,Eldho
99381000019994055,2025-01-18,DC-00857,Job Work,Open,Not Invoiced,99381000000098082,Cochin,99381000000112170,MEEZAN ELECTRONIC SCALES PRIVATE LIMITED,KL,business_gst,32AAECM1277C1ZY,false,Standard Template,INR,1.00,entity_level,true,0.000,0.00,"SCANGLE - POS TERMINAL SGT-668A 32GB 14""",,99381000011323171,668,,Sales," SCANGLE  DESKTOP ANDROID POS
RK3288  ANDROID 11, 2GB+32GB, DDR3, 14''  FRONT DISPLAY , CAPACITIVE TP",3.00,0.00,nos,19000.00,0.00,0.0,84705010,FALSE,Cochin,Taxable,99381000000006208,GST18,18.000000,10260.00,Tax Group,,,goods,,57000.00,192400.00,227032.00,,Customer Pick,,Eldho
99381000019994055,2025-01-18,DC-00857,Job Work,Open,Not Invoiced,99381000000098082,Cochin,99381000000112170,MEEZAN ELECTRONIC SCALES PRIVATE LIMITED,KL,business_gst,32AAECM1277C1ZY,false,Standard Template,INR,1.00,entity_level,true,0.000,0.00,SCANGLE - POS TERMINAL SGT-A1 Q6,,99381000009557023,Q6,,Sales,"SCANGLE HAND HELD ANDROID POS
MTK6580(1.3GHz) ANDROID 11,2GB+16GB,       5'' IPS DISPLAY,  58mm(2'') THERMAL PRINTER  , WIFI WITH 4G
",1.00,0.00,nos,11500.00,0.00,0.0,84714190,FALSE,Cochin,Taxable,99381000000006208,GST18,18.000000,2070.00,Tax Group,,,goods,,11500.00,192400.00,227032.00,,Customer Pick,,Eldho
99381000019994055,2025-01-18,DC-00857,Job Work,Open,Not Invoiced,99381000000098082,Cochin,99381000000112170,MEEZAN ELECTRONIC SCALES PRIVATE LIMITED,KL,business_gst,32AAECM1277C1ZY,false,Standard Template,INR,1.00,entity_level,true,0.000,0.00,SCANGLE - XP-350B THERMAL PRINTER,,99381000017833765,XP350BLANEC,,Sales,"USB+LAN PRINTER 80MM
",2.00,0.00,nos,3250.00,0.00,0.0,84433290,FALSE,Cochin,Taxable,99381000000006208,GST18,18.000000,1170.00,Tax Group,,,goods,,6500.00,192400.00,227032.00,,Customer Pick,,Eldho
99381000019994055,2025-01-18,DC-00857,Job Work,Open,Not Invoiced,99381000000098082,Cochin,99381000000112170,MEEZAN ELECTRONIC SCALES PRIVATE LIMITED,KL,business_gst,32AAECM1277C1ZY,false,Standard Template,INR,1.00,entity_level,true,0.000,0.00,SCANGLE - POS TERMINAL SGT-101 (A12PRO-(M)),,99381000015796532,A121,,Sales,"SCANGLE ALL IN ONE ANDROID POS
RK3566QUAD CORE ANDROID 11, 2GB+16GB, 11.6'' IPS SCREEN, 80mm THERMAL PRINTER",2.00,0.00,nos,21500.00,0.00,0.0,84705010,FALSE,Cochin,Taxable,99381000000006208,GST18,18.000000,7740.00,Tax Group,,,goods,,43000.00,192400.00,227032.00,,Customer Pick,,Eldho
99381000019994055,2025-01-18,DC-00857,Job Work,Open,Not Invoiced,99381000000098082,Cochin,99381000000112170,MEEZAN ELECTRONIC SCALES PRIVATE LIMITED,KL,business_gst,32AAECM1277C1ZY,false,Standard Template,INR,1.00,entity_level,true,0.000,0.00,SCANGLE - THERMAL PRINTER SGT-88IV(U+L),,99381000009552737,XP350BUL,,Sales,"SCANGLE THERMAL PRINER
INTERFACE : USB+LAN,PRINTER : 80mm",2.00,0.00,nos,4200.00,0.00,0.0,84433290,FALSE,Cochin,Taxable,99381000000006208,GST18,18.000000,1512.00,Tax Group,,,goods,,8400.00,192400.00,227032.00,,Customer Pick,,Eldho
99381000019994055,2025-01-18,DC-00857,Job Work,Open,Not Invoiced,99381000000098082,Cochin,99381000000112170,MEEZAN ELECTRONIC SCALES PRIVATE LIMITED,KL,business_gst,32AAECM1277C1ZY,false,Standard Template,INR,1.00,entity_level,true,0.000,0.00,"SCANGLE - POS TERMINAL SGT-668A 15.6""",,99381000009552716,668A156,,Sales,"SKU: 664A, RK3566/2GB/16GB DDR3, 15.6''  FRONT DISPLAY HD, CAPACITIVE TP, ANDROID 11 GOOGLE PLAY WIFI/BT, ALUMINIUM FOLDABLE BODY
",1.00,0.00,nos,23000.00,0.00,0.0,84714190,FALSE,Cochin,Taxable,99381000000006208,GST18,18.000000,4140.00,Tax Group,,,goods,,23000.00,192400.00,227032.00,,Customer Pick,,Eldho
99381000020011295,2025-01-18,DC-00858,others,Open,Not Invoiced,99381000000098082,Cochin,99381000000112170,MEEZAN ELECTRONIC SCALES PRIVATE LIMITED,KL,business_gst,32AAECM1277C1ZY,false,Standard Template,INR,1.00,entity_level,true,0.000,0.00,"SCANGLE - POS TERMINAL SGT-668A 14""",,99381000009552631,SGT665A14,,Sales,"RK3566/2GB/16GB DDR3, 14''  FRONT DISPLAY HD, CAPACITIVE TP, ANDROID 11, ALUMINIUM FOLDABLE BODY
",4.00,0.00,nos,18500.00,0.00,0.0,84702900,FALSE,Cochin,Taxable,99381000000006208,GST18,18.000000,13320.00,Tax Group,,,goods,,74000.00,129300.00,152574.00,,Customer Pick,,Shalima KT
99381000020011295,2025-01-18,DC-00858,others,Open,Not Invoiced,99381000000098082,Cochin,99381000000112170,MEEZAN ELECTRONIC SCALES PRIVATE LIMITED,KL,business_gst,32AAECM1277C1ZY,false,Standard Template,INR,1.00,entity_level,true,0.000,0.00,"SCANGLE - POS TERMINAL SGT-668A 32GB 14""",,99381000011323171,668,,Sales," SCANGLE  DESKTOP ANDROID POS
RK3288  ANDROID 11, 2GB+32GB, DDR3, 14''  FRONT DISPLAY , CAPACITIVE TP",1.00,0.00,nos,19000.00,0.00,0.0,84705010,FALSE,Cochin,Taxable,99381000000006208,GST18,18.000000,3420.00,Tax Group,,,goods,,19000.00,129300.00,152574.00,,Customer Pick,,Shalima KT
99381000020011295,2025-01-18,DC-00858,others,Open,Not Invoiced,99381000000098082,Cochin,99381000000112170,MEEZAN ELECTRONIC SCALES PRIVATE LIMITED,KL,business_gst,32AAECM1277C1ZY,false,Standard Template,INR,1.00,entity_level,true,0.000,0.00,SCANGLE - BARCODE SCANNER 1D WIRELESS-EF09,,99381000009561749,EF09,,Sales,"TYPE: LASER, INTERFACE: USB, SCAN MODE SINGLE LINE SCAN, DECODING SPEED 150 times/Second, TRANSMISSION MODE: 2.4GHz
",4.00,0.00,nos,2200.00,0.00,0.0,84716050,FALSE,Cochin,Taxable,99381000000006208,GST18,18.000000,1584.00,Tax Group,,,goods,,8800.00,129300.00,152574.00,,Customer Pick,,Shalima KT
99381000020011295,2025-01-18,DC-00858,others,Open,Not Invoiced,99381000000098082,Cochin,99381000000112170,MEEZAN ELECTRONIC SCALES PRIVATE LIMITED,KL,business_gst,32AAECM1277C1ZY,false,Standard Template,INR,1.00,entity_level,true,0.000,0.00,BARCODE SCANNER PT-138 2D,,99381000007202133,PT138,,Sales,,4.00,0.00,nos,4000.00,0.00,0.0,84716050,FALSE,Cochin,Taxable,99381000000006208,GST18,18.000000,2880.00,Tax Group,,,goods,,16000.00,129300.00,152574.00,,Customer Pick,,Shalima KT
99381000020011295,2025-01-18,DC-00858,others,Open,Not Invoiced,99381000000098082,Cochin,99381000000112170,MEEZAN ELECTRONIC SCALES PRIVATE LIMITED,KL,business_gst,32AAECM1277C1ZY,false,Standard Template,INR,1.00,entity_level,true,0.000,0.00,SCANGLE - POS TERMINAL SGT-A1 Q6,,99381000009557023,Q6,,Sales,"SCANGLE HAND HELD ANDROID POS
MTK6580(1.3GHz) ANDROID 11,2GB+16GB,       5'' IPS DISPLAY,  58mm(2'') THERMAL PRINTER  , WIFI WITH 4G
",1.00,0.00,nos,11500.00,0.00,0.0,84714190,FALSE,Cochin,Taxable,99381000000006208,GST18,18.000000,2070.00,Tax Group,,,goods,,11500.00,129300.00,152574.00,,Customer Pick,,Shalima KT
99381000020080048,2025-01-22,DC-00859,Job Work,Delivered,Not Invoiced,99381000000098082,Cochin,99381000014693003,VENKATACHALAM & CO,TN,business_gst,33AAUFV3958J1ZE,false,Standard Template,INR,1.00,entity_level,true,0.000,0.00,"SCANGLE - POS TERMINAL SGT-664i5 15""",,99381000017833746,SGT664I5155THGEN,,Sales,"i5 5TH GEN 8+128GB SSD 15"" FRONT DISPLAY WINDOWS 10
",1.00,0.00,nos,26500.00,0.00,0.0,84714190,FALSE,Cochin,Taxable,99381000000006196,IGST18,18.000000,4770.00,ItemAmount,INTD,,goods,,26500.00,26554.00,31334.00,,ST courier ,,Eldho
99381000020080048,2025-01-22,DC-00859,Job Work,Delivered,Not Invoiced,99381000000098082,Cochin,99381000014693003,VENKATACHALAM & CO,TN,business_gst,33AAUFV3958J1ZE,false,Standard Template,INR,1.00,entity_level,true,0.000,0.00,Freight Charges,,99381000000557009,COCS,,Sales,,6.00,0.00,kg,9.00,0.00,0.0,996819,FALSE,,Taxable,99381000000006196,IGST18,18.000000,9.72,ItemAmount,INTD,,service,,54.00,26554.00,31334.00,,ST courier ,,Eldho
99381000020252001,2025-01-30,DC-00860,others,Delivered,Not Invoiced,99381000000098082,Cochin,99381000000940238,INTERWEIGHING PVT. LTD.,KL,business_gst,32AAFCI1950F1ZZ,false,Standard Template,INR,1.00,entity_level,true,0.000,0.00,SCANGLE - LABEL PRINTER DIRECT THERMAL,,99381000011340619,LDT,,Sales,"SCANGLE LABEL PRINTER
DIRECT THERMAL,LBL PRINTER",1.00,0.00,nos,5000.00,0.00,0.0,84433290,FALSE,Cochin,Taxable,99381000000006208,GST18,18.000000,900.00,Tax Group,,,goods,,5000.00,5000.00,5900.00,,Customer Pick,,Eldho
99381000020384001,2025-02-05,DC-00861,Job Work,Delivered,Not Invoiced,99381000000098082,Cochin,99381000000940238,INTERWEIGHING PVT. LTD.,KL,business_gst,32AAFCI1950F1ZZ,false,Standard Template,INR,1.00,entity_level,true,0.000,0.00,SCANGLE - LABEL PRINTER DIRECT THERMAL,,99381000011340619,LDT,,Sales,"SCANGLE LABEL PRINTER
DIRECT THERMAL,LBL PRINTER",1.00,0.00,nos,5000.00,0.00,0.0,84433290,FALSE,Cochin,Taxable,99381000000006208,GST18,18.000000,900.00,Tax Group,,,goods,,5000.00,5000.00,5900.00,,Customer Pick,,Eldho
99381000020486028,2025-02-10,DC-00862,Job Work,Delivered,Not Invoiced,99381000003083031,Head Office,99381000000112170,MEEZAN ELECTRONIC SCALES PRIVATE LIMITED,KL,business_gst,32AAECM1277C1ZY,false,Standard Template,INR,1.00,entity_level,true,0.000,0.00,BY Bench Dual Display Front & Back (Green & Red LED),,99381000011994635,BY019,,Sales,,1.00,0.00,nos,275.00,0.00,0.0,84239020,FALSE,Head Office,Taxable,99381000000006208,GST18,18.000000,49.50,Tax Group,,,goods,,275.00,425.00,502.00,,Customer Pick,,Eldho
99381000020486028,2025-02-10,DC-00862,Job Work,Delivered,Not Invoiced,99381000003083031,Head Office,99381000000112170,MEEZAN ELECTRONIC SCALES PRIVATE LIMITED,KL,business_gst,32AAECM1277C1ZY,false,Standard Template,INR,1.00,entity_level,true,0.000,0.00,BY Front/Rear Housing for Bench G TYPE,,99381000020386635,BY021,,Sales,,1.00,0.00,nos,150.00,0.00,0.0,84239020,FALSE,Head Office,Taxable,99381000000006208,GST18,18.000000,27.00,Tax Group,,,goods,,150.00,425.00,502.00,,Customer Pick,,Eldho
99381000020514197,2025-02-11,DC-00863,Job Work,Delivered,Not Invoiced,99381000003083031,Head Office,99381000001639413,CENTRAL SCALES,KL,business_gst,32AAHFC7300G1ZZ,false,Standard Template,INR,1.00,entity_level,true,0.000,0.00,ATM30RAD DISPLAY RED COLOUR,,99381000020386585,ADRC30,,Sales,,2.00,0.00,nos,250.00,0.00,0.0,84239020,FALSE,Head Office,Taxable,99381000000006208,GST18,18.000000,90.00,Tax Group,,,goods,,500.00,500.00,590.00,,ST courier ,,Eldho
99381000020514246,2025-02-11,DC-00864,Job Work,Delivered,Not Invoiced,99381000003083031,Head Office,99381000004229099,ACCURATE ELECTRONICS-COIMBATORE,TN,business_gst,33AQNPS9095E1Z9,false,Standard Template,INR,1.00,entity_level,true,0.000,0.00,BY Motherboard Bench & ATMPCP,,99381000006435242,BY006,,Sales,,9.00,0.00,nos,180.00,0.00,0.0,84239020,FALSE,Head Office,Taxable,99381000000006196,IGST18,18.000000,291.60,ItemAmount,INTD,,goods,,1620.00,2140.00,2525.00,,ST courier ,,Eldho
99381000020514246,2025-02-11,DC-00864,Job Work,Delivered,Not Invoiced,99381000003083031,Head Office,99381000004229099,ACCURATE ELECTRONICS-COIMBATORE,TN,business_gst,33AQNPS9095E1Z9,false,Standard Template,INR,1.00,entity_level,true,0.000,0.00,BY Keypad Bench 4x5,,99381000006435212,BY004,,Sales,,4.00,0.00,nos,130.00,0.00,0.0,84239020,FALSE,Head Office,Taxable,99381000000006196,IGST18,18.000000,93.60,ItemAmount,INTD,,goods,,520.00,2140.00,2525.00,,ST courier ,,Eldho
99381000020696001,2025-02-21,DC-00865,Job Work,Delivered,Not Invoiced,99381000000098082,Cochin,99381000000940238,INTERWEIGHING PVT. LTD.,KL,business_gst,32AAFCI1950F1ZZ,false,Standard Template,INR,1.00,entity_level,true,0.000,0.00,"SCANGLE-POS TERMINAL SGT-i8 15.6""  i3 3RD GEN",,99381000017833666,SGTI8156I33RDGEN,,Sales," INTEL i3 3rd GEN 4GB+128GB SSD 15.6"" FRONT DISPLAY 
11.6"" 2ND DISPLAY BUILT IN 80MM PRINTER",1.00,0.00,nos,29500.00,0.00,0.0,84705010,FALSE,Cochin,Taxable,99381000000006208,GST18,18.000000,5310.00,Tax Group,,,goods,,29500.00,29500.00,34810.00,,Customer Pick,,Eldho
99381000020683067,2025-02-21,DC-00866,Job Work,Draft,,99381000003083031,Head Office,99381000000940238,INTERWEIGHING PVT. LTD.,KL,business_gst,32AAFCI1950F1ZZ,false,Standard Template,INR,1.00,entity_level,true,0.000,0.00,"DISPLAY 14.7""",,99381000019974326,D147,,Sales,,2.00,0.00,nos,4580.00,0.00,0.0,84239020,FALSE,Head Office,Taxable,99381000000006208,GST18,18.000000,1648.80,Tax Group,,,goods,,9160.00,13740.00,16213.00,,Customer Pick,,Eldho
99381000020683067,2025-02-21,DC-00866,Job Work,Draft,,99381000003083031,Head Office,99381000000940238,INTERWEIGHING PVT. LTD.,KL,business_gst,32AAFCI1950F1ZZ,false,Standard Template,INR,1.00,entity_level,true,0.000,0.00,"DISPLAY 15.6""",,99381000019974345,D156,,Sales,,1.00,0.00,nos,4580.00,0.00,0.0,84239020,FALSE,Head Office,Taxable,99381000000006208,GST18,18.000000,824.40,Tax Group,,,goods,,4580.00,13740.00,16213.00,,Customer Pick,,Eldho
99381000020773901,2025-02-25,DC-00867,others,Open,Not Invoiced,99381000000098082,Cochin,99381000000940238,INTERWEIGHING PVT. LTD.,KL,business_gst,32AAFCI1950F1ZZ,false,Standard Template,INR,1.00,entity_level,true,0.000,0.00,Electronic cash register,,99381000000194004,ECR,,Sales,,1.00,0.00,nos,11000.00,0.00,0.0,84705010,FALSE,Cochin,Taxable,99381000000006208,GST18,18.000000,1980.00,Tax Group,,,goods,,11000.00,11000.00,12980.00,1,Customer Pick,,Shalima KT
99381000020799005,2025-02-26,DC-00868,others,Delivered,Not Invoiced,99381000000098082,Cochin,99381000011971133,INTERWEIGHING PRIVATE LIMITED,KL,business_gst,32AAFCI1950F1ZZ,false,Standard Template,INR,1.00,entity_level,true,0.000,0.00,SCANGLE - POS TERMINAL SGT-101 (A12PRO-(ADAC)),,99381000020778183,A12N,,Sales,"SCANGLE ALL IN ONE ANDROID POS
RK3566QUAD CORE ANDROID 11, 2GB+16GB, 11.6'' IPS SCREEN, 80mm THERMAL PRINTER,AUTO CUTTER,ADDITIONAL DISPLAY",1.00,0.00,nos,20400.00,0.00,0.0,84705010,FALSE,Cochin,Taxable,99381000000006208,GST18,18.000000,3672.00,Tax Group,,,goods,,20400.00,131950.00,155701.00,,Customer Pick,,Eldho
99381000020799005,2025-02-26,DC-00868,others,Delivered,Not Invoiced,99381000000098082,Cochin,99381000011971133,INTERWEIGHING PRIVATE LIMITED,KL,business_gst,32AAFCI1950F1ZZ,false,Standard Template,INR,1.00,entity_level,true,0.000,0.00,SCANGLE - POS TERMINAL SGT-A1 A5+NFC,,99381000020792249,A5,,Sales,"SCANGLE HAND HELD ANDROID POS
MTK6580(1.3GHz) ANDROID 11,2GB+16GB, 5.5'' IPS DISPLAY, 58mm(2'') THERMAL PRINTER, WIFI WITH 4G + NFC",1.00,0.00,nos,11100.00,0.00,0.0,84705010,FALSE,Cochin,Taxable,99381000000006208,GST18,18.000000,1998.00,Tax Group,,,goods,,11100.00,131950.00,155701.00,,Customer Pick,,Eldho
99381000020799005,2025-02-26,DC-00868,others,Delivered,Not Invoiced,99381000000098082,Cochin,99381000011971133,INTERWEIGHING PRIVATE LIMITED,KL,business_gst,32AAFCI1950F1ZZ,false,Standard Template,INR,1.00,entity_level,true,0.000,0.00,"SCANGLE - POS TERMINAL SGT-668A 15.6"" REAR (WH)",,99381000020778282,156ARD,,Sales,"RK3568/2GB/16GB SSD 15.6"" FRONT DISPLAY CAPACITIVE TP ADROID 11, 11.6"" REAR DISPLAY COLOUR -WHITE",1.00,0.00,nos,24900.00,0.00,0.0,84705010,FALSE,Cochin,Taxable,99381000000006208,GST18,18.000000,4482.00,Tax Group,,,goods,,24900.00,131950.00,155701.00,,Customer Pick,,Eldho
99381000020799005,2025-02-26,DC-00868,others,Delivered,Not Invoiced,99381000000098082,Cochin,99381000011971133,INTERWEIGHING PRIVATE LIMITED,KL,business_gst,32AAFCI1950F1ZZ,false,Standard Template,INR,1.00,entity_level,true,0.000,0.00,SCANGLE-POS TERMINAL SGT-665A,,99381000017833708,880PRD,,Sales,"880P ANDROID RK3568 QUAD CORE 2GB+32GB SSD 15.6"" FRONT DISPLAY 11.6"" 2ND DISPLAY  80MM PRINTER
",1.00,0.00,nos,28000.00,0.00,0.0,84705010,FALSE,Cochin,Taxable,99381000000006208,GST18,18.000000,5040.00,Tax Group,,,goods,,28000.00,131950.00,155701.00,,Customer Pick,,Eldho
99381000020799005,2025-02-26,DC-00868,others,Delivered,Not Invoiced,99381000000098082,Cochin,99381000011971133,INTERWEIGHING PRIVATE LIMITED,KL,business_gst,32AAFCI1950F1ZZ,false,Standard Template,INR,1.00,entity_level,true,0.000,0.00,"SCANGLE - POS TERMINAL SGT-668A 32GB 14""",,99381000011323171,668,,Sales," SCANGLE  DESKTOP ANDROID POS
RK3288  ANDROID 11, 2GB+32GB, DDR3, 14''  FRONT DISPLAY , CAPACITIVE TP",1.00,0.00,nos,18900.00,0.00,0.0,84705010,FALSE,Cochin,Taxable,99381000000006208,GST18,18.000000,3402.00,Tax Group,,,goods,,18900.00,131950.00,155701.00,,Customer Pick,,Eldho
99381000020799005,2025-02-26,DC-00868,others,Delivered,Not Invoiced,99381000000098082,Cochin,99381000011971133,INTERWEIGHING PRIVATE LIMITED,KL,business_gst,32AAFCI1950F1ZZ,false,Standard Template,INR,1.00,entity_level,true,0.000,0.00,SCANGLE - POS TERMINAL SGT-A7 (M),,99381000015796551,A14,,Sales,"SCANGLE ALL IN ONE ANDROID POS
RK3566QUAD CORE ANDROID 11, 2GB+16GB,  14'' IPS SCREEN,80mm THERMAL PRINTER AUTO CUTTER",1.00,0.00,nos,24750.00,0.00,0.0,84705010,FALSE,Cochin,Taxable,99381000000006208,GST18,18.000000,4455.00,Tax Group,,,goods,,24750.00,131950.00,155701.00,,Customer Pick,,Eldho
99381000020799005,2025-02-26,DC-00868,others,Delivered,Not Invoiced,99381000000098082,Cochin,99381000011971133,INTERWEIGHING PRIVATE LIMITED,KL,business_gst,32AAFCI1950F1ZZ,false,Standard Template,INR,1.00,entity_level,true,0.000,0.00,SCANGLE - BARCODE 2D SCANNER PT-138 (Square),,99381000020778244,PT138SCR882CSQ,,Sales,Barcode Printer 2D,1.00,0.00,nos,3900.00,0.00,0.0,84433290,FALSE,Cochin,Taxable,99381000000006208,GST18,18.000000,702.00,Tax Group,,,goods,,3900.00,131950.00,155701.00,,Customer Pick,,Eldho
99381000020839382,2025-03-01,DC-00869,others,Delivered,Not Invoiced,99381000003083031,Head Office,99381000000747828,Venkatachalam,TN,business_gst,33AACPH9039A1Z8,false,Standard Template,INR,1.00,entity_level,true,0.000,0.00,ECR Display set Front,,99381000002713265,ECR103,,Sales,,1.00,0.00,nos,1300.00,0.00,0.0,84239020,FALSE,Head Office,Taxable,99381000000006196,IGST18,18.000000,234.00,ItemAmount,INTD,,goods,,1300.00,1300.00,1534.00,,ST courier ,,Eldho
99381000020874001,2025-03-03,DC-00870,Job Work,Delivered,Not Invoiced,99381000000098082,Cochin,99381000000940238,INTERWEIGHING PVT. LTD.,KL,business_gst,32AAFCI1950F1ZZ,false,Standard Template,INR,1.00,entity_level,true,0.000,0.00,SCANGLE-All IN ONE POS TERMINAL SGT-665 15.6 (AI),,99381000019095020,AIPOS,,Sales,"15.6 INCH ANDROID POS
 RK3566/2GB+ 32GB SSD
 80MM PRINTER
 ANDROID 11
 AI CAMERA
 WITH WEIGHING",1.00,0.00,nos,31200.00,0.00,0.0,84705010,FALSE,Cochin,Taxable,99381000000006208,GST18,18.000000,5616.00,Tax Group,,,goods,,31200.00,31200.00,36816.00,,Customer Pick,,Eldho
99381000020874124,2025-03-04,DC-00871,Job Work,Delivered,Not Invoiced,99381000003083031,Head Office,99381000004866115,ANNAI METAL,TN,business_gst,33AASFA2331C1ZZ,false,Standard Template,INR,1.00,entity_level,true,0.000,0.00,ECS5W / 4W/Q10 KEYBOARD,,99381000000306324,ECS811,,Sales,,1.00,0.00,nos,950.00,0.00,0.0,84239020,FALSE,Head Office,Taxable,99381000000006196,IGST18,18.000000,171.00,ItemAmount,INTD,,goods,,950.00,950.00,1121.00,,ST courier ,,Eldho
99381000020911066,2025-03-05,DC-00872,Job Work,Open,Not Invoiced,99381000000098082,Cochin,99381000000940238,INTERWEIGHING PVT. LTD.,KL,business_gst,32AAFCI1950F1ZZ,false,Standard Template,INR,1.00,entity_level,true,0.000,0.00,SCANGLE-All IN ONE POS TERMINAL SGT-665 15.6 (AI),,99381000019095020,AIPOS,,Sales,"15.6 INCH ANDROID POS
 RK3566/2GB+ 32GB SSD
 80MM PRINTER
 ANDROID 11
 AI CAMERA
 WITH WEIGHING",1.00,0.00,nos,31200.00,0.00,0.0,84705010,FALSE,Cochin,Taxable,99381000000006208,GST18,18.000000,5616.00,Tax Group,,,goods,,31200.00,31200.00,36816.00,,Customer Pick,,Eldho
99381000020980176,2025-03-08,DC-00873,others,Delivered,Not Invoiced,99381000000098082,Cochin,99381000011971133,INTERWEIGHING PRIVATE LIMITED,KL,business_gst,32AAFCI1950F1ZZ,false,Standard Template,INR,1.00,entity_level,true,0.000,0.00,SCANGLE - LABEL PRINTER THERMAL TRANSFER (BV-496),,99381000020778225,LTPBV496,,Sales,Label Thermal Printer,1.00,0.00,nos,7800.00,0.00,0.0,84433290,FALSE,Cochin,Taxable,99381000000006208,GST18,18.000000,1404.00,Tax Group,,,goods,,7800.00,12800.00,15104.00,,Porter,,Eldho
99381000020980176,2025-03-08,DC-00873,others,Delivered,Not Invoiced,99381000000098082,Cochin,99381000011971133,INTERWEIGHING PRIVATE LIMITED,KL,business_gst,32AAFCI1950F1ZZ,false,Standard Template,INR,1.00,entity_level,true,0.000,0.00,SCANGLE - LABEL PRINTER DIRECT THERMAL,,99381000011340619,LDT,,Sales,"SCANGLE LABEL PRINTER
DIRECT THERMAL,LBL PRINTER",1.00,0.00,nos,5000.00,0.00,0.0,84433290,FALSE,Cochin,Taxable,99381000000006208,GST18,18.000000,900.00,Tax Group,,,goods,,5000.00,12800.00,15104.00,,Porter,,Eldho
99381000020989060,2025-03-08,DC-00874,Job Work,Delivered,Not Invoiced,99381000000098082,Cochin,99381000011971133,INTERWEIGHING PRIVATE LIMITED,KL,business_gst,32AAFCI1950F1ZZ,false,Standard Template,INR,1.00,entity_level,true,0.000,0.00,SCANGLE-All IN ONE POS TERMINAL SGT-665 15.6 (AI),,99381000019095020,AIPOS,,Sales,"15.6 INCH ANDROID POS
 RK3566/2GB+ 32GB SSD
 80MM PRINTER
 ANDROID 11
 AI CAMERA
 WITH WEIGHING",1.00,0.00,nos,31200.00,0.00,0.0,84705010,FALSE,Cochin,Taxable,99381000000006208,GST18,18.000000,5616.00,Tax Group,,,goods,,31200.00,57000.00,67260.00,,Customer Pick,,Eldho
99381000020989060,2025-03-08,DC-00874,Job Work,Delivered,Not Invoiced,99381000000098082,Cochin,99381000011971133,INTERWEIGHING PRIVATE LIMITED,KL,business_gst,32AAFCI1950F1ZZ,false,Standard Template,INR,1.00,entity_level,true,0.000,0.00,"SCANGLE - POS TERMINAL SGT-664i5 15"" AFB",,99381000020778202,AFB,,Sales,"i5 5TH GEN 8+128GB SSD 15"" FRONT DISPLAY WINDOWS 10,ALUMINIUM AALOY",1.00,0.00,nos,25800.00,0.00,0.0,84705010,FALSE,Cochin,Taxable,99381000000006208,GST18,18.000000,4644.00,Tax Group,,,goods,,25800.00,57000.00,67260.00,,Customer Pick,,Eldho
99381000021084038,2025-03-12,DC-00875,others,Draft,,99381000000098082,Cochin,99381000014693003,VENKATACHALAM & CO,TN,business_gst,33AAUFV3958J1ZE,false,Standard Template,INR,1.00,entity_level,true,0.000,0.00,"SCANGLE - POS TERMINAL SGT-668A 15.6"" REAR (WH)",,99381000020778282,156ARD,,Sales,"RK3568/2GB/16GB SSD 15.6"" FRONT DISPLAY CAPACITIVE TP ADROID 11, 11.6"" REAR DISPLAY COLOUR -WHITE",1.00,0.00,nos,24900.00,0.00,0.0,84705010,FALSE,Cochin,Taxable,99381000000006196,IGST18,18.000000,4482.00,ItemAmount,INTD,,goods,,24900.00,24900.00,29382.00,,Amal Assosiate,,Biju B
99381000021102001,2025-03-12,DC-00876,Job Work,Draft,,99381000003083031,Head Office,99381000005031136,EWAY SOLUTIONS,KL,business_registered_composition,32DPDPM1285L3ZP,false,Standard Template,INR,1.00,entity_level,true,0.000,0.00,BY Display Bench Front and Back (Green LED),,99381000006435163,BY001,,Sales,,1.00,0.00,nos,245.00,0.00,0.0,84239020,FALSE,Head Office,Taxable,99381000000006208,GST18,18.000000,44.10,Tax Group,,,goods,,245.00,245.00,289.00,,ST courier ,,Eldho
99381000021140665,2025-03-14,DC-00877,Job Work,Draft,,99381000000098082,Cochin,99381000002549012,ROYAL SCALES,KL,business_none,,false,Standard Template,INR,1.00,entity_level,true,0.000,0.00,BY Display Bench Front and Back (Green LED),,99381000006435163,BY001,,Sales,,1.00,0.00,nos,245.00,0.00,0.0,84239020,FALSE,Cochin,Taxable,99381000000006208,GST18,18.000000,44.10,Tax Group,,,goods,,245.00,245.00,289.00,,ST courier ,,Eldho
99381000021167055,2025-03-15,DC-00878,Job Work,Draft,,99381000000098082,Cochin,99381000000940238,INTERWEIGHING PVT. LTD.,KL,business_gst,32AAFCI1950F1ZZ,false,Standard Template,INR,1.00,entity_level,true,0.000,0.00,SCANGLE-All IN ONE POS TERMINAL SGT-665 15.6 (AI),,99381000019095020,AIPOS,,Sales,"15.6 INCH ANDROID POS
 RK3566/2GB+ 32GB SSD
 80MM PRINTER
 ANDROID 11
 AI CAMERA
 WITH WEIGHING",2.00,0.00,nos,21000.00,0.00,0.0,84705010,FALSE,Cochin,Taxable,99381000000006208,GST18,18.000000,7560.00,Tax Group,,,goods,,42000.00,42000.00,49560.00,,Customer Pick,,Eldho
99381000021167098,2025-03-15,DC-00879,Job Work,Draft,,99381000000098082,Cochin,99381000000114383,ACCURATE TRADE LINKS,KL,business_gst,32AHJPK1741Q1Z4,false,Standard Template,INR,1.00,entity_level,true,0.000,0.00,"SCANGLE - POS TERMINAL SGT-668A 32GB 14""",,99381000011323171,668,,Sales," SCANGLE  DESKTOP ANDROID POS
RK3288  ANDROID 11, 2GB+32GB, DDR3, 14''  FRONT DISPLAY , CAPACITIVE TP",1.00,0.00,nos,18900.00,0.00,0.0,84705010,FALSE,Cochin,Taxable,99381000000006208,GST18,18.000000,3402.00,Tax Group,,,goods,,18900.00,18900.00,22302.00,,ST courier ,,Eldho
99381000021167119,2025-03-17,DC-00880,Job Work,Draft,,99381000003083031,Head Office,99381000005031136,EWAY SOLUTIONS,KL,business_registered_composition,32DPDPM1285L3ZP,false,Standard Template,INR,1.00,entity_level,true,0.000,0.00,BY Display Bench Front and Back (Green LED),,99381000006435163,BY001,,Sales,,2.00,0.00,nos,245.00,0.00,0.0,84239020,FALSE,Head Office,Taxable,99381000000006208,GST18,18.000000,88.20,Tax Group,,,goods,,490.00,490.00,578.00,,ST courier ,,Eldho
99381000021168050,2025-03-17,DC-00881,Job Work,Draft,,99381000000098082,Cochin,99381000000231096,Victory Scales,KL,business_gst,32AAAAV1247P1ZC,false,Standard Template,INR,1.00,entity_level,true,0.000,0.00,CHICKEN SCALE 300KG SS,,99381000001933011,CS400X400SS,,Sales,"Make : YESWEIGH Model : YSC
Max : 300kg e:50g Min:1kg
Class : III",2.00,0.00,nos,3300.00,0.00,0.0,84239010,FALSE,Cochin,Taxable,99381000000006208,GST18,18.000000,1188.00,Tax Group,,,goods,,6600.00,40920.00,48286.00,1,Customer Pick,,Eldho
99381000021168050,2025-03-17,DC-00881,Job Work,Draft,,99381000000098082,Cochin,99381000000231096,Victory Scales,KL,business_gst,32AAAAV1247P1ZC,false,Standard Template,INR,1.00,entity_level,true,0.000,0.00,Platform Weighing Scale  400x500 SS,,99381000000326157,PFPC400X500SS,,Sales,"Make:YESWEIGH Model : YSP-200
Max : 200kg e: 20g Min :400gm 
Class: III
",1.00,0.00,nos,4200.00,0.00,0.0,84231000,FALSE,Cochin,Taxable,99381000000006208,GST18,18.000000,756.00,Tax Group,,,goods,,4200.00,40920.00,48286.00,1,Customer Pick,,Eldho
99381000021168050,2025-03-17,DC-00881,Job Work,Draft,,99381000000098082,Cochin,99381000000231096,Victory Scales,KL,business_gst,32AAAAV1247P1ZC,false,Standard Template,INR,1.00,entity_level,true,0.000,0.00,ELECTRONIC PLATFORM SCALE,,99381000003880539,PLT4050,,Sales,"Model : YSP PC Capacity: 200kg/300kg e: 20g/50g Min : 1kg
Size : 40*50 cm, Display : LED (Red), With Back Rail",6.00,0.00,nos,3500.00,0.00,0.0,84238290,FALSE,Cochin,Taxable,99381000000006208,GST18,18.000000,3780.00,Tax Group,,,goods,,21000.00,40920.00,48286.00,1,Customer Pick,,Eldho
99381000021168050,2025-03-17,DC-00881,Job Work,Draft,,99381000000098082,Cochin,99381000000231096,Victory Scales,KL,business_gst,32AAAAV1247P1ZC,false,Standard Template,INR,1.00,entity_level,true,0.000,0.00,IRON SEALING MACHINE 20CM,,99381000005907116,SM20,,Sales,,4.00,0.00,nos,990.00,0.00,0.0,84223000,FALSE,Cochin,Taxable,99381000000006208,GST18,18.000000,712.80,Tax Group,,,goods,,3960.00,40920.00,48286.00,10,Customer Pick,,Eldho
99381000021168050,2025-03-17,DC-00881,Job Work,Draft,,99381000000098082,Cochin,99381000000231096,Victory Scales,KL,business_gst,32AAAAV1247P1ZC,false,Standard Template,INR,1.00,entity_level,true,0.000,0.00,IRON SEALING MACHINE 30CM,,99381000005907131,SM30,,Sales,,4.00,0.00,nos,1290.00,0.00,0.0,84223000,FALSE,Cochin,Taxable,99381000000006208,GST18,18.000000,928.80,Tax Group,,,goods,,5160.00,40920.00,48286.00,10,Customer Pick,,Eldho
99381000021179026,2025-03-17,DC-00882,Job Work,Draft,,99381000000098082,Cochin,99381000000231096,Victory Scales,KL,business_gst,32AAAAV1247P1ZC,false,Standard Template,INR,1.00,entity_level,true,0.000,0.00,ELECTRONIC PLATFORM SCALE,,99381000003880539,PLT4050,,Sales,"Model : YSP PC Capacity: 200kg/300kg e: 20g/50g Min : 1kg
Size : 40*50 cm, Display : LED (Red), With Back Rail",11.00,0.00,nos,3500.00,0.00,0.0,84238290,FALSE,Cochin,Taxable,99381000000006208,GST18,18.000000,6930.00,Tax Group,,,goods,,38500.00,38500.00,45430.00,1,Customer Pick,,Eldho
99381000021167285,2025-03-18,DC-00883,Job Work,Draft,,99381000000098082,Cochin,99381000000940238,INTERWEIGHING PVT. LTD.,KL,business_gst,32AAFCI1950F1ZZ,false,Standard Template,INR,1.00,entity_level,true,0.000,0.00,"SCANGLE - POS TERMINAL SGT-668A 15.6""",,99381000009552716,668A156,,Sales,"SKU: 664A, RK3566/2GB/16GB DDR3, 15.6''  FRONT DISPLAY HD, CAPACITIVE TP, ANDROID 11 GOOGLE PLAY WIFI/BT, ALUMINIUM FOLDABLE BODY
",1.00,0.00,nos,23000.00,0.00,0.0,84714190,FALSE,Cochin,Taxable,99381000000006208,GST18,18.000000,4140.00,Tax Group,,,goods,,23000.00,23000.00,27140.00,,Customer Pick,,Eldho
99381000021209053,2025-03-19,DC-00884,others,Draft,,99381000000098082,Cochin,99381000002549012,ROYAL SCALES,KL,business_none,,false,Standard Template,INR,1.00,entity_level,true,0.000,0.00,Jwellery Scale XY600-2C (600g/0.01g),,99381000009540143,YSJ612C,,Sales,Max : 600g Min : 200mg e: 10mg d : 10mg Class : II Model :YSJ,1.00,0.00,nos,3600.00,0.00,0.0,84238190,FALSE,Cochin,Taxable,99381000000006208,GST18,18.000000,648.00,Tax Group,,,goods,,3600.00,3600.00,4248.00,,Customer Pick,,Eldho
99381000021226028,2025-03-19,DC-00885,Job Work,Open,Invoiced,99381000000098082,Cochin,99381000005074017,ELMASS’ Weighing & Automation Pvt. Ltd,KL,business_gst,32AAGCE7631N1ZF,false,Standard Template,INR,1.00,entity_level,true,0.000,0.00,"SCANGLE-POS TERMINAL SGT-665A 15.6""",,99381000017833689,880P,,Sales,"RK3566 QUAD CORE 2GB+32GB SSD 15.6"" FRONT DISPLAY  80MM PRINTER
",1.00,1.00,nos,22000.00,0.00,0.0,84705010,FALSE,Cochin,Taxable,99381000000006208,GST18,18.000000,3960.00,Tax Group,,,goods,,22000.00,22000.00,25960.00,,Customer Pick,,Eldho
99381000021500337,2025-04-02,DC-00886,others,Draft,,99381000000098082,Cochin,99381000000231096,Victory Scales,KL,business_gst,32AAAAV1247P1ZC,false,Standard Template,INR,1.00,entity_level,true,0.000,0.00,"SCANGLE - POS TERMINAL SGT-668A 14""",,99381000009552631,SGT665A14,,Sales,"RK3566/2GB/16GB DDR3, 14''  FRONT DISPLAY HD, CAPACITIVE TP, ANDROID 11, ALUMINIUM FOLDABLE BODY
",1.00,0.00,nos,18500.00,0.00,0.0,84702900,FALSE,Cochin,Taxable,99381000000006208,GST18,18.000000,3330.00,Tax Group,,,goods,,18500.00,18500.00,21830.00,,Amal Assosiate,,Shalima KT
99381000021518121,2025-04-03,DC-00887,others,Draft,,99381000000098082,Cochin,99381000000940238,INTERWEIGHING PVT. LTD.,KL,business_gst,32AAFCI1950F1ZZ,false,Standard Template,INR,1.00,entity_level,true,0.000,0.00,CURRENCY COUNTING MACHINE (AL800),,99381000008766322,AL80,,Sales,,1.00,0.00,nos,3600.00,0.00,0.0,84729090,FALSE,Cochin,Taxable,99381000000006208,GST18,18.000000,648.00,Tax Group,,,goods,,3600.00,364650.00,430287.00,,Customer Pick,,Shalima KT
99381000021518121,2025-04-03,DC-00887,others,Draft,,99381000000098082,Cochin,99381000000940238,INTERWEIGHING PVT. LTD.,KL,business_gst,32AAFCI1950F1ZZ,false,Standard Template,INR,1.00,entity_level,true,0.000,0.00,PORTABLE SCALE 50x50 (300kg) SS,,99381000015792985,PS50SS,,Sales,"Make : YESWEIGH Model : YSC PC
Max : 300kg e:50g Min:1kg
Class : III Size : 500x500 mm Display :F & B Red 2pin Adaptor",1.00,0.00,nos,4500.00,0.00,0.0,84238190,FALSE,Cochin,Taxable,99381000000006208,GST18,18.000000,810.00,Tax Group,,,goods,,4500.00,364650.00,430287.00,,Customer Pick,,Shalima KT
99381000021518121,2025-04-03,DC-00887,others,Draft,,99381000000098082,Cochin,99381000000940238,INTERWEIGHING PVT. LTD.,KL,business_gst,32AAFCI1950F1ZZ,false,Standard Template,INR,1.00,entity_level,true,0.000,0.00,Platform Weighing Scale 400x500 FSS,,99381000014429046,PFPC40X50DADFSS,,Sales,"Make : YESWEIGH Model:YSP
Max:300 kg e: 50gm Min:1kg Class III",1.00,0.00,nos,5600.00,0.00,0.0,84238290,FALSE,Cochin,Taxable,99381000000006208,GST18,18.000000,1008.00,Tax Group,,,goods,,5600.00,364650.00,430287.00,1,Customer Pick,,Shalima KT
99381000021518121,2025-04-03,DC-00887,others,Draft,,99381000000098082,Cochin,99381000000940238,INTERWEIGHING PVT. LTD.,KL,business_gst,32AAFCI1950F1ZZ,false,Standard Template,INR,1.00,entity_level,true,0.000,0.00,SCANGLE - POS TERMINAL SGT-A1 A5+NFC,,99381000020792249,A5,,Sales,"SCANGLE HAND HELD ANDROID POS
MTK6580(1.3GHz) ANDROID 11,2GB+16GB, 5.5'' IPS DISPLAY, 58mm(2'') THERMAL PRINTER, WIFI WITH 4G + NFC",2.00,0.00,nos,11100.00,0.00,0.0,84705010,FALSE,Cochin,Taxable,99381000000006208,GST18,18.000000,3996.00,Tax Group,,,goods,,22200.00,364650.00,430287.00,,Customer Pick,,Shalima KT
99381000021518121,2025-04-03,DC-00887,others,Draft,,99381000000098082,Cochin,99381000000940238,INTERWEIGHING PVT. LTD.,KL,business_gst,32AAFCI1950F1ZZ,false,Standard Template,INR,1.00,entity_level,true,0.000,0.00,SCANGLE - THERMAL PRINTER SGT-88IV(U+L),,99381000009552737,XP350BUL,,Sales,"SCANGLE THERMAL PRINER
INTERFACE : USB+LAN,PRINTER : 80mm",1.00,0.00,nos,4200.00,0.00,0.0,84433290,FALSE,Cochin,Taxable,99381000000006208,GST18,18.000000,756.00,Tax Group,,,goods,,4200.00,364650.00,430287.00,,Customer Pick,,Shalima KT
99381000021518121,2025-04-03,DC-00887,others,Draft,,99381000000098082,Cochin,99381000000940238,INTERWEIGHING PVT. LTD.,KL,business_gst,32AAFCI1950F1ZZ,false,Standard Template,INR,1.00,entity_level,true,0.000,0.00,SCANGLE - POS TERMINAL SGT-A7 (M),,99381000015796551,A14,,Sales,"SCANGLE ALL IN ONE ANDROID POS
RK3566QUAD CORE ANDROID 11, 2GB+16GB,  14'' IPS SCREEN,80mm THERMAL PRINTER AUTO CUTTER",1.00,0.00,nos,24750.00,0.00,0.0,84705010,FALSE,Cochin,Taxable,99381000000006208,GST18,18.000000,4455.00,Tax Group,,,goods,,24750.00,364650.00,430287.00,,Customer Pick,,Shalima KT
99381000021518121,2025-04-03,DC-00887,others,Draft,,99381000000098082,Cochin,99381000000940238,INTERWEIGHING PVT. LTD.,KL,business_gst,32AAFCI1950F1ZZ,false,Standard Template,INR,1.00,entity_level,true,0.000,0.00,SCANGLE - LABEL PRINTER DIRECT THERMAL,,99381000011340619,LDT,,Sales,"SCANGLE LABEL PRINTER
DIRECT THERMAL,LBL PRINTER",1.00,0.00,nos,5000.00,0.00,0.0,84433290,FALSE,Cochin,Taxable,99381000000006208,GST18,18.000000,900.00,Tax Group,,,goods,,5000.00,364650.00,430287.00,,Customer Pick,,Shalima KT
99381000021518121,2025-04-03,DC-00887,others,Draft,,99381000000098082,Cochin,99381000000940238,INTERWEIGHING PVT. LTD.,KL,business_gst,32AAFCI1950F1ZZ,false,Standard Template,INR,1.00,entity_level,true,0.000,0.00,SCANGLE - POS TERMINAL SGT-101 (A12PRO-(ADAC)),,99381000020778183,A12N,,Sales,"SCANGLE ALL IN ONE ANDROID POS
RK3566QUAD CORE ANDROID 11, 2GB+16GB, 11.6'' IPS SCREEN, 80mm THERMAL PRINTER,AUTO CUTTER,ADDITIONAL DISPLAY",1.00,0.00,nos,20400.00,0.00,0.0,84705010,FALSE,Cochin,Taxable,99381000000006208,GST18,18.000000,3672.00,Tax Group,,,goods,,20400.00,364650.00,430287.00,,Customer Pick,,Shalima KT
99381000021518121,2025-04-03,DC-00887,others,Draft,,99381000000098082,Cochin,99381000000940238,INTERWEIGHING PVT. LTD.,KL,business_gst,32AAFCI1950F1ZZ,false,Standard Template,INR,1.00,entity_level,true,0.000,0.00,"SCANGLE - POS TERMINAL SGT-664i5 15"" AFB",,99381000020778202,AFB,,Sales,"i5 5TH GEN 8+128GB SSD 15"" FRONT DISPLAY WINDOWS 10,ALUMINIUM AALOY",1.00,0.00,nos,25800.00,0.00,0.0,84705010,FALSE,Cochin,Taxable,99381000000006208,GST18,18.000000,4644.00,Tax Group,,,goods,,25800.00,364650.00,430287.00,,Customer Pick,,Shalima KT
99381000021518121,2025-04-03,DC-00887,others,Draft,,99381000000098082,Cochin,99381000000940238,INTERWEIGHING PVT. LTD.,KL,business_gst,32AAFCI1950F1ZZ,false,Standard Template,INR,1.00,entity_level,true,0.000,0.00,Indicator,,99381000005590121,IND202,,Sales,Display : Green,1.00,0.00,nos,1200.00,0.00,0.0,84239020,FALSE,Cochin,Taxable,99381000000006208,GST18,18.000000,216.00,Tax Group,,,goods,,1200.00,364650.00,430287.00,,Customer Pick,,Shalima KT
99381000021518121,2025-04-03,DC-00887,others,Draft,,99381000000098082,Cochin,99381000000940238,INTERWEIGHING PVT. LTD.,KL,business_gst,32AAFCI1950F1ZZ,false,Standard Template,INR,1.00,entity_level,true,0.000,0.00,Analytical Balance 200g/0.0001g - Internal,,99381000003934065,YSA204I,,Sales,Model :YSA    Max : 200g Min : 100mg e: 1mg   d : 0.1mg ,1.00,0.00,nos,27500.00,0.00,0.0,90160020,FALSE,Cochin,Taxable,99381000000006208,GST18,18.000000,4950.00,Tax Group,,,goods,,27500.00,364650.00,430287.00,1,Customer Pick,,Shalima KT
99381000021518121,2025-04-03,DC-00887,others,Draft,,99381000000098082,Cochin,99381000000940238,INTERWEIGHING PVT. LTD.,KL,business_gst,32AAFCI1950F1ZZ,false,Standard Template,INR,1.00,entity_level,true,0.000,0.00,B3P WEIGHING INDICATOR,,99381000010805630,B3PIND,,Sales,,1.00,0.00,nos,5600.00,0.00,0.0,84231000,FALSE,Cochin,Taxable,99381000000006208,GST18,18.000000,1008.00,Tax Group,,,goods,,5600.00,364650.00,430287.00,,Customer Pick,,Shalima KT
99381000021518121,2025-04-03,DC-00887,others,Draft,,99381000000098082,Cochin,99381000000940238,INTERWEIGHING PVT. LTD.,KL,business_gst,32AAFCI1950F1ZZ,false,Standard Template,INR,1.00,entity_level,true,0.000,0.00,"SCANGLE-POS TERMINAL SGT- 664 i5 15.6""",,99381000009552528,SGT664HDD280,,Sales,"SCANGLE  DESKTOP WINDOWS POS
INTEL i5 3RD GEN WINDOWS 10, 4GB+128GB SSD, 15.6'' FRONT DISPLAY, ALLUMINIUM FOLDABLE BODY,COLOUR : BLACK
",1.00,0.00,nos,32500.00,0.00,0.0,84714190,FALSE,Cochin,Taxable,99381000000006208,GST18,18.000000,5850.00,Tax Group,,,goods,,32500.00,364650.00,430287.00,,Customer Pick,,Shalima KT
99381000021518121,2025-04-03,DC-00887,others,Draft,,99381000000098082,Cochin,99381000000940238,INTERWEIGHING PVT. LTD.,KL,business_gst,32AAFCI1950F1ZZ,false,Standard Template,INR,1.00,entity_level,true,0.000,0.00,PLATFORM SCALE -BENCH (DUAL-AD3),,99381000008766288,BPCADF,,Sales,Max:50kg e:5g Min:100g Class:III Display : Dual,1.00,0.00,nos,1300.00,0.00,0.0,84238290,FALSE,Cochin,Taxable,99381000000006208,GST18,18.000000,234.00,Tax Group,,,goods,,1300.00,364650.00,430287.00,,Customer Pick,,Shalima KT
99381000021518121,2025-04-03,DC-00887,others,Draft,,99381000000098082,Cochin,99381000000940238,INTERWEIGHING PVT. LTD.,KL,business_gst,32AAFCI1950F1ZZ,false,Standard Template,INR,1.00,entity_level,true,0.000,0.00,"SCANGLE - POS TERMINAL SGT-668A 15.6""",,99381000009552716,668A156,,Sales,"SKU: 664A, RK3566/2GB/16GB DDR3, 15.6''  FRONT DISPLAY HD, CAPACITIVE TP, ANDROID 11 GOOGLE PLAY WIFI/BT, ALUMINIUM FOLDABLE BODY
",1.00,0.00,nos,23000.00,0.00,0.0,84714190,FALSE,Cochin,Taxable,99381000000006208,GST18,18.000000,4140.00,Tax Group,,,goods,,23000.00,364650.00,430287.00,,Customer Pick,,Shalima KT
99381000021518121,2025-04-03,DC-00887,others,Draft,,99381000000098082,Cochin,99381000000940238,INTERWEIGHING PVT. LTD.,KL,business_gst,32AAFCI1950F1ZZ,false,Standard Template,INR,1.00,entity_level,true,0.000,0.00,Electronic weighing scale DJ600,,99381000000796329,DJ600,,Sales,Make:YESWEIGH  Model:YSJ-50   Max:620.81g Min:500mg e:10mg    Class:II,1.00,0.00,nos,4500.00,0.00,0.0,84231000,FALSE,Cochin,Taxable,99381000000006208,GST18,18.000000,810.00,Tax Group,,,goods,,4500.00,364650.00,430287.00,,Customer Pick,,Shalima KT
99381000021518121,2025-04-03,DC-00887,others,Draft,,99381000000098082,Cochin,99381000000940238,INTERWEIGHING PVT. LTD.,KL,business_gst,32AAFCI1950F1ZZ,false,Standard Template,INR,1.00,entity_level,true,0.000,0.00,PLATFORM SCALE-BENCH(GREEN-EC),,99381000013731297,BPCGEC,,Sales,Make: YESWEIGH Model:YSP-50 Max:50kg e:5g Min:100g Class:III Display : Green,1.00,0.00,nos,1350.00,0.00,0.0,84238290,FALSE,Cochin,Taxable,99381000000006208,GST18,18.000000,243.00,Tax Group,,,goods,,1350.00,364650.00,430287.00,,Customer Pick,,Shalima KT
99381000021518121,2025-04-03,DC-00887,others,Draft,,99381000000098082,Cochin,99381000000940238,INTERWEIGHING PVT. LTD.,KL,business_gst,32AAFCI1950F1ZZ,false,Standard Template,INR,1.00,entity_level,true,0.000,0.00,PLATFORM SCALE 500X550-SS,,99381000006252224,PF5055,,Sales,"Make : YESWEIGH Model:YSP PC
Max:300 kg e: 50gm Min:1kg Class III
Full SS,Green Display,Pan size : 500x500 mm 3pin CPU power cable, Loadcell protection cover",1.00,0.00,nos,4700.00,0.00,0.0,84238190,FALSE,Cochin,Taxable,99381000000006208,GST18,18.000000,846.00,Tax Group,,,goods,,4700.00,364650.00,430287.00,,Customer Pick,,Shalima KT
99381000021518121,2025-04-03,DC-00887,others,Draft,,99381000000098082,Cochin,99381000000940238,INTERWEIGHING PVT. LTD.,KL,business_gst,32AAFCI1950F1ZZ,false,Standard Template,INR,1.00,entity_level,true,0.000,0.00,SCANGLE - BARCODE 2D SCANNER PT-138,,99381000009557063,PT138SCR88,,Sales,,1.00,0.00,nos,3600.00,0.00,0.0,84733099,FALSE,Cochin,Taxable,99381000000006208,GST18,18.000000,648.00,Tax Group,,,goods,,3600.00,364650.00,430287.00,,Customer Pick,,Shalima KT
99381000021518121,2025-04-03,DC-00887,others,Draft,,99381000000098082,Cochin,99381000000940238,INTERWEIGHING PVT. LTD.,KL,business_gst,32AAFCI1950F1ZZ,false,Standard Template,INR,1.00,entity_level,true,0.000,0.00,"SCANGLE -POS TERMINAL SGT-664 i3 15""",,99381000009552671,280FI3,,Sales,"PROCESSOR: INTEL i3 3RD GEN , 4GB +128 GB SSD, 15'' FRONT DISPLAY, ALUMINIUM ALLOY CASE,COLOUR: BLACK 
",1.00,0.00,nos,30500.00,0.00,0.0,84714190,FALSE,Cochin,Taxable,99381000000006208,GST18,18.000000,5490.00,Tax Group,,,goods,,30500.00,364650.00,430287.00,,Customer Pick,,Shalima KT
99381000021518121,2025-04-03,DC-00887,others,Draft,,99381000000098082,Cochin,99381000000940238,INTERWEIGHING PVT. LTD.,KL,business_gst,32AAFCI1950F1ZZ,false,Standard Template,INR,1.00,entity_level,true,0.000,0.00,"SCANGLE-POS TERMINAL SGT-i8 15.6""  i3 3RD GEN",,99381000017833666,SGTI8156I33RDGEN,,Sales," INTEL i3 3rd GEN 4GB+128GB SSD 15.6"" FRONT DISPLAY 
11.6"" 2ND DISPLAY BUILT IN 80MM PRINTER",1.00,0.00,nos,29500.00,0.00,0.0,84705010,FALSE,Cochin,Taxable,99381000000006208,GST18,18.000000,5310.00,Tax Group,,,goods,,29500.00,364650.00,430287.00,,Customer Pick,,Shalima KT
99381000021518121,2025-04-03,DC-00887,others,Draft,,99381000000098082,Cochin,99381000000940238,INTERWEIGHING PVT. LTD.,KL,business_gst,32AAFCI1950F1ZZ,false,Standard Template,INR,1.00,entity_level,true,0.000,0.00,"SCANGLE - POS TERMINAL SGT-668A 32GB 14""",,99381000011323171,668,,Sales," SCANGLE  DESKTOP ANDROID POS
RK3288  ANDROID 11, 2GB+32GB, DDR3, 14''  FRONT DISPLAY , CAPACITIVE TP",3.00,0.00,nos,18900.00,0.00,0.0,84705010,FALSE,Cochin,Taxable,99381000000006208,GST18,18.000000,10206.00,Tax Group,,,goods,,56700.00,364650.00,430287.00,,Customer Pick,,Shalima KT
99381000021518121,2025-04-03,DC-00887,others,Draft,,99381000000098082,Cochin,99381000000940238,INTERWEIGHING PVT. LTD.,KL,business_gst,32AAFCI1950F1ZZ,false,Standard Template,INR,1.00,entity_level,true,0.000,0.00,SCANGLE - POS TERMINAL SGT-A7,,99381000009552612,SGTA714A12,,Sales,"SCANGLE ALL IN ONE ANDROID POS
RK3566QUAD CORE ANDROID 11, 2GB+16GB,  14'' IPS SCREEN,80mm THERMAL PRINTER AUTO CUTTER",1.00,0.00,nos,24750.00,0.00,0.0,84714190,FALSE,Cochin,Taxable,99381000000006208,GST18,18.000000,4455.00,Tax Group,,,goods,,24750.00,364650.00,430287.00,,Customer Pick,,Shalima KT
99381000021518121,2025-04-03,DC-00887,others,Draft,,99381000000098082,Cochin,99381000000940238,INTERWEIGHING PVT. LTD.,KL,business_gst,32AAFCI1950F1ZZ,false,Standard Template,INR,1.00,entity_level,true,0.000,0.00,SCANGLE- PORTABLE THERMAL PRINTER,,99381000011340642,PTP,,Sales,"SCANGLE PORTABLE PRINTER,2 INCH
INTERFACE: USB, BLUETOOTH",1.00,0.00,nos,1900.00,0.00,0.0,84433290,FALSE,Cochin,Taxable,99381000000006208,GST18,18.000000,342.00,Tax Group,,,goods,,1900.00,364650.00,430287.00,,Customer Pick,,Shalima KT
99381000022269001,2025-05-14,DC-00888,others,Draft,,99381000000098082,Cochin,99381000000940238,INTERWEIGHING PVT. LTD.,KL,business_gst,32AAFCI1950F1ZZ,false,Standard Template,INR,1.00,entity_level,true,0.000,0.00,SCANGLE - POS TERMINAL SGT-101 (A12PRO-(ADAC)),,99381000020778183,A12N,,Sales,"SCANGLE ALL IN ONE ANDROID POS
RK3566QUAD CORE ANDROID 11, 2GB+16GB, 11.6'' IPS SCREEN, 80mm THERMAL PRINTER,AUTO CUTTER,ADDITIONAL DISPLAY",1.00,0.00,nos,7000.00,0.00,0.0,84705010,FALSE,Cochin,Taxable,99381000000006208,GST18,18.000000,1260.00,Tax Group,,,goods,,7000.00,38500.00,45430.00,,Customer Pick,,Shalima KT
99381000022269001,2025-05-14,DC-00888,others,Draft,,99381000000098082,Cochin,99381000000940238,INTERWEIGHING PVT. LTD.,KL,business_gst,32AAFCI1950F1ZZ,false,Standard Template,INR,1.00,entity_level,true,0.000,0.00,SCANGLE - POS TERMINAL SGT-101 (A12PRO-(M)),,99381000015796532,A121,,Sales,"SCANGLE ALL IN ONE ANDROID POS
RK3566QUAD CORE ANDROID 11, 2GB+16GB, 11.6'' IPS SCREEN, 80mm THERMAL PRINTER",4.00,0.00,nos,7000.00,0.00,0.0,84705010,FALSE,Cochin,Taxable,99381000000006208,GST18,18.000000,5040.00,Tax Group,,,goods,,28000.00,38500.00,45430.00,,Customer Pick,,Shalima KT
99381000022269001,2025-05-14,DC-00888,others,Draft,,99381000000098082,Cochin,99381000000940238,INTERWEIGHING PVT. LTD.,KL,business_gst,32AAFCI1950F1ZZ,false,Standard Template,INR,1.00,entity_level,true,0.000,0.00,SCANGLE - BARCODE 2D SCANNER PT-138,,99381000009557063,PT138SCR88,,Sales,,1.00,0.00,nos,1500.00,0.00,0.0,84733099,FALSE,Cochin,Taxable,99381000000006208,GST18,18.000000,270.00,Tax Group,,,goods,,1500.00,38500.00,45430.00,,Customer Pick,,Shalima KT
99381000022269001,2025-05-14,DC-00888,others,Draft,,99381000000098082,Cochin,99381000000940238,INTERWEIGHING PVT. LTD.,KL,business_gst,32AAFCI1950F1ZZ,false,Standard Template,INR,1.00,entity_level,true,0.000,0.00,SCANGLE - THERMAL PRINTER SGT-88IV(U+L),,99381000009552737,XP350BUL,,Sales,"SCANGLE THERMAL PRINER
INTERFACE : USB+LAN,PRINTER : 80mm",1.00,0.00,nos,2000.00,0.00,0.0,84433290,FALSE,Cochin,Taxable,99381000000006208,GST18,18.000000,360.00,Tax Group,,,goods,,2000.00,38500.00,45430.00,,Customer Pick,,Shalima KT
99381000022356299,2025-05-17,DC-00889,others,Draft,,99381000000098082,Cochin,99381000011971133,INTERWEIGHING PRIVATE LIMITED,KL,business_gst,32AAFCI1950F1ZZ,false,Standard Template,INR,1.00,entity_level,true,0.000,0.00,"SCANGLE - POS TERMINAL SGT-668A 32GB 14""",,99381000011323171,668,,Sales," SCANGLE  DESKTOP ANDROID POS
RK3288  ANDROID 11, 2GB+32GB, DDR3, 14''  FRONT DISPLAY , CAPACITIVE TP",2.00,0.00,nos,18900.00,0.00,0.0,84705010,FALSE,Cochin,Taxable,99381000000006208,GST18,18.000000,6804.00,Tax Group,,,goods,,37800.00,37800.00,44604.00,,Customer Pick,,Shibin
99381000022489547,2025-05-27,DC-00890,others,Draft,,99381000000098082,Cochin,99381000011971133,INTERWEIGHING PRIVATE LIMITED,KL,business_gst,32AAFCI1950F1ZZ,false,Standard Template,INR,1.00,entity_level,true,0.000,0.00,"SCANGLE - POS TERMINAL SGT-668A 32GB 14""",,99381000011323171,668,,Sales," SCANGLE  DESKTOP ANDROID POS
RK3288  ANDROID 11, 2GB+32GB, DDR3, 14''  FRONT DISPLAY , CAPACITIVE TP",1.00,0.00,nos,18900.00,0.00,0.0,84705010,FALSE,Cochin,Taxable,99381000000006208,GST18,18.000000,3402.00,Tax Group,,,goods,,18900.00,41900.00,49442.00,,Customer Pick,,Shibin
99381000022489547,2025-05-27,DC-00890,others,Draft,,99381000000098082,Cochin,99381000011971133,INTERWEIGHING PRIVATE LIMITED,KL,business_gst,32AAFCI1950F1ZZ,false,Standard Template,INR,1.00,entity_level,true,0.000,0.00,"SCANGLE - POS TERMINAL SGT-668A 15.6""",,99381000009552716,668A156,,Sales,"SKU: 664A, RK3566/2GB/16GB DDR3, 15.6''  FRONT DISPLAY HD, CAPACITIVE TP, ANDROID 11 GOOGLE PLAY WIFI/BT, ALUMINIUM FOLDABLE BODY
",1.00,0.00,nos,23000.00,0.00,0.0,84714190,FALSE,Cochin,Taxable,99381000000006208,GST18,18.000000,4140.00,Tax Group,,,goods,,23000.00,41900.00,49442.00,,Customer Pick,,Shibin
99381000022751738,2025-06-11,DC-00891,others,Delivered,Not Invoiced,99381000003083031,Head Office,99381000001652003,M/S ANAND PRAKASH GUPTA AND SONS,UK,business_gst,05AGYPG9211F1ZA,false,Standard Template,INR,1.00,entity_level,true,0.000,0.00,ECS5W PRINTER MAIN BOARD,,99381000000306360,ECS807,,Sales,,1.00,0.00,nos,460.00,0.00,0.0,84239020,FALSE,Head Office,Taxable,99381000000006196,IGST18,18.000000,82.80,ItemAmount,INTD,,goods,,460.00,460.00,543.00,,Delhivery,,Eldho
99381000022804556,2025-06-14,DC-00892,others,Draft,,99381000000098082,Cochin,99381000000940238,INTERWEIGHING PVT. LTD.,KL,business_gst,32AAFCI1950F1ZZ,false,Standard Template,INR,1.00,entity_level,true,0.000,0.00,SCANGLE - THERMAL PRINTER WITH BLUETOOTH,,99381000009552762,XP350BBT,,Sales,"SCANGLE THERMAL PRINER
INTERFACE : USB+BLUETOOTH,PRINTER : 80mm",1.00,0.00,nos,4700.00,0.00,0.0,84433290,FALSE,Cochin,Taxable,99381000000006208,GST18,18.000000,846.00,Tax Group,,,goods,,4700.00,4700.00,5546.00,,Customer Pick,,Eldho
99381000022843054,2025-06-18,DC-00893,Job Work,Delivered,Not Invoiced,99381000003083031,Head Office,99381000021909001,ujjwal marketing,MH,business_none,,false,Spreadsheet,INR,1.00,entity_level,true,0.000,0.00,APCPQ Pole Display,,99381000009380587,APCPQP,,Sales,,1.00,0.00,nos,130.00,0.00,0.0,84239020,FALSE,Head Office,Taxable,99381000000006196,IGST18,18.000000,23.40,ItemAmount,INTD,,goods,,130.00,510.00,602.00,,Delhivery,,Eldho
99381000022843054,2025-06-18,DC-00893,Job Work,Delivered,Not Invoiced,99381000003083031,Head Office,99381000021909001,ujjwal marketing,MH,business_none,,false,Spreadsheet,INR,1.00,entity_level,true,0.000,0.00,APCPQ Body set bottom case,,99381000009380881,ABSBC,,Sales,,1.00,0.00,nos,380.00,0.00,0.0,84239020,FALSE,Head Office,Taxable,99381000000006196,IGST18,18.000000,68.40,ItemAmount,INTD,,goods,,380.00,510.00,602.00,,Delhivery,,Eldho
99381000022843068,2025-06-18,DC-00894,Job Work,Delivered,Not Invoiced,99381000003083031,Head Office,99381000018320170,AKSHARA SCALES,TS,business_gst,36DMTPG1421H1Z2,false,Spreadsheet,INR,1.00,entity_level,true,0.000,0.00,BY Display ATMPCP Front and Back (Green LED),,99381000006435197,BY003,,Sales,,1.00,0.00,nos,310.00,0.00,0.0,84239020,FALSE,Head Office,Taxable,99381000000006196,IGST18,18.000000,55.80,ItemAmount,INTD,,goods,,310.00,310.00,366.00,,Delhivery,,Eldho
99381000023298001,2025-07-10,DC-00895,Job Work,Draft,,99381000000098082,Cochin,99381000000940238,INTERWEIGHING PVT. LTD.,KL,business_gst,32AAFCI1950F1ZZ,false,Standard Template,INR,1.00,entity_level,true,0.000,0.00,"BT PRINTER 2"" (XP-P503A)",,99381000023181471,XPBT2,,Sales,,2.00,0.00,nos,1800.00,0.00,0.0,84433290,FALSE,Cochin,Taxable,99381000000006208,GST18,18.000000,648.00,Tax Group,,,goods,,3600.00,9400.00,11092.00,,Customer Pick,,Eldho
99381000023298001,2025-07-10,DC-00895,Job Work,Draft,,99381000000098082,Cochin,99381000000940238,INTERWEIGHING PVT. LTD.,KL,business_gst,32AAFCI1950F1ZZ,false,Standard Template,INR,1.00,entity_level,true,0.000,0.00,"BT PRINTER 3"" (XP-Q600)",,99381000023181452,XPBT3,,Sales,,1.00,0.00,nos,4700.00,0.00,0.0,84433290,FALSE,Cochin,Taxable,99381000000006208,GST18,18.000000,846.00,Tax Group,,,goods,,4700.00,9400.00,11092.00,,Customer Pick,,Eldho
99381000023298001,2025-07-10,DC-00895,Job Work,Draft,,99381000000098082,Cochin,99381000000940238,INTERWEIGHING PVT. LTD.,KL,business_gst,32AAFCI1950F1ZZ,false,Standard Template,INR,1.00,entity_level,true,0.000,0.00,BARCODE SCANNER 1D (XL-65),,99381000023181490,XL6500,,Sales,,1.00,0.00,nos,1100.00,0.00,0.0,84716050,FALSE,Cochin,Taxable,99381000000006208,GST18,18.000000,198.00,Tax Group,,,goods,,1100.00,9400.00,11092.00,,Customer Pick,,Eldho
99381000023355001,2025-07-12,DC-00896,Supply on Approval,Delivered,Not Invoiced,99381000000098082,Cochin,99381000002314035,DEEPAK ELECTRONICS,HR,business_gst,06BBNPB1954K1ZK,false,Standard Template,INR,1.00,entity_level,true,0.000,0.00,Analytical Balance 200g/0.0001g -External,,99381000003934056,YSA204E,,Sales,"Model :YSA  SKU : YSA 2004E
Max :200g e:1mg d: 0.1mg Min:100mg ",1.00,0.00,nos,10000.00,0.00,0.0,90160020,FALSE,Cochin,Taxable,99381000000006196,IGST18,18.000000,1800.00,ItemAmount,INTD,,goods,,10000.00,10000.00,11800.00,1,DHL,,Shibin
99381000023478381,2025-07-22,DC-00897,Job Work,Delivered,Not Invoiced,99381000003083031,Head Office,99381000001652003,M/S ANAND PRAKASH GUPTA AND SONS,UK,business_gst,05AGYPG9211F1ZA,false,Standard Template,INR,1.00,entity_level,true,0.000,0.00,BY Display Bench Front and Back (Green LED),,99381000006435163,BY001,,Sales,,1.00,0.00,nos,245.00,0.00,0.0,84239020,FALSE,Head Office,Taxable,99381000000006196,IGST18,18.000000,44.10,ItemAmount,INTD,,goods,,245.00,245.00,289.00,,Delhivery,,Eldho
99381000023715001,2025-08-02,DC-00898,Job Work,Draft,,99381000000098082,Cochin,99381000005074017,ELMASS’ Weighing & Automation Pvt. Ltd,KL,business_gst,32AAGCE7631N1ZF,false,Standard Template,INR,1.00,entity_level,true,0.000,0.00,"BT PRINTER 2"" (XP-P503A)",,99381000023181471,XPBT2,,Sales,,2.00,0.00,nos,1800.00,0.00,0.0,84433290,FALSE,Cochin,Taxable,99381000000006208,GST18,18.000000,648.00,Tax Group,,,goods,,3600.00,3600.00,4248.00,,Customer Pick,,Eldho
99381000024200129,2025-08-27,DC-00899,Job Work,Draft,,99381000000098082,Cochin,99381000000940238,INTERWEIGHING PVT. LTD.,KL,business_gst,32AAFCI1950F1ZZ,false,Standard Template,INR,1.00,entity_level,true,0.000,0.00,"DESKTOP PRINTER BT/USB 3"" (XP-Q600B)",,99381000024227403,XPDBP3R,,Sales,"3 inch Desktop BT Printer, Auto-cutter, wall mountable.
Support  58/80mm width paper,  USB/BT",1.00,0.00,nos,4600.00,0.00,0.0,84433290,FALSE,Cochin,Taxable,99381000000006208,GST18,18.000000,828.00,Tax Group,,,goods,,4600.00,16300.00,19234.00,,Customer Pick,,Eldho
99381000024200129,2025-08-27,DC-00899,Job Work,Draft,,99381000000098082,Cochin,99381000000940238,INTERWEIGHING PVT. LTD.,KL,business_gst,32AAFCI1950F1ZZ,false,Standard Template,INR,1.00,entity_level,true,0.000,0.00,"DESKTOP PRINETR BT/USB/RJ11 3"" (RECEIPT/LABEL) XP-H500B",,99381000024227424,XPDBP3RL,,Sales,"127mm/s high print speed, 82mm diameter paper roll, Imported ROHM print head",1.00,0.00,nos,5200.00,0.00,0.0,84433290,FALSE,Cochin,Taxable,99381000000006208,GST18,18.000000,936.00,Tax Group,,,goods,,5200.00,16300.00,19234.00,,Customer Pick,,Eldho
99381000024200129,2025-08-27,DC-00899,Job Work,Draft,,99381000000098082,Cochin,99381000000940238,INTERWEIGHING PVT. LTD.,KL,business_gst,32AAFCI1950F1ZZ,false,Standard Template,INR,1.00,entity_level,true,0.000,0.00,"PORTABLE PRINTER BT 2"" (RECEIPT/LABEL) XP-P201A",,99381000024227445,XPPBP2RL,,Sales,"Printing Speed:70mm/s, Printer width:48mm , Roll diameter:50mm, Thremal /Label",1.00,0.00,nos,2750.00,0.00,0.0,84433290,FALSE,Cochin,Taxable,99381000000006208,GST18,18.000000,495.00,Tax Group,,,goods,,2750.00,16300.00,19234.00,,Customer Pick,,Eldho
99381000024200129,2025-08-27,DC-00899,Job Work,Draft,,99381000000098082,Cochin,99381000000940238,INTERWEIGHING PVT. LTD.,KL,business_gst,32AAFCI1950F1ZZ,false,Standard Template,INR,1.00,entity_level,true,0.000,0.00,"PORTABLE PRINTER BT 3"" (XP-P801A)",,99381000024227466,XPPBP3R,,Sales,"Printing Speed:70mm/s, Printer width:48mm , Roll diameter:50mm, Thremal /Label",1.00,0.00,nos,3750.00,0.00,0.0,84433290,FALSE,Cochin,Taxable,99381000000006208,GST18,18.000000,675.00,Tax Group,,,goods,,3750.00,16300.00,19234.00,,Customer Pick,,Eldho
99381000024456005,2025-09-09,DC-00900,others,Delivered,Not Invoiced,99381000000098082,Cochin,99381000006978881,INTERWEIGHING PVT LTD,TN,business_gst,33AAFCI1950F1ZX,false,Standard Template,INR,1.00,entity_level,true,0.000,0.00,SCANGLE - BARCODE SCANNER 1D WIRELESS-EF09,,99381000009561749,EF09,,Sales,"TYPE: LASER, INTERFACE: USB, SCAN MODE SINGLE LINE SCAN, DECODING SPEED 150 times/Second, TRANSMISSION MODE: 2.4GHz
",3.00,0.00,nos,2200.00,0.00,0.0,84716050,FALSE,Cochin,Taxable,99381000000006196,IGST18,18.000000,1188.00,ItemAmount,INTD,,goods,,6600.00,41600.00,49088.00,,Customer Pick,,Shibin
99381000024456005,2025-09-09,DC-00900,others,Delivered,Not Invoiced,99381000000098082,Cochin,99381000006978881,INTERWEIGHING PVT LTD,TN,business_gst,33AAFCI1950F1ZX,false,Standard Template,INR,1.00,entity_level,true,0.000,0.00,"SCANGLE - POS TERMINAL SGT-668A 32GB 14""",,99381000011323171,668,,Sales," SCANGLE  DESKTOP ANDROID POS
RK3288  ANDROID 11, 2GB+32GB, DDR3, 14''  FRONT DISPLAY , CAPACITIVE TP",5.00,0.00,nos,7000.00,0.00,0.0,84705010,FALSE,Cochin,Taxable,99381000000006196,IGST18,18.000000,6300.00,ItemAmount,INTD,,goods,,35000.00,41600.00,49088.00,,Customer Pick,,Shibin
99381000024551001,2025-09-12,DC-00901,Job Work,Draft,,99381000000098082,Cochin,99381000000940238,INTERWEIGHING PVT. LTD.,KL,business_gst,32AAFCI1950F1ZZ,false,Standard Template,INR,1.00,entity_level,true,0.000,0.00,BARCODE SCANNER 1D (XL-65),,99381000023181490,XL6500,,Sales,,1.00,0.00,nos,1100.00,0.00,0.0,84716050,FALSE,Cochin,Taxable,99381000000006208,GST18,18.000000,198.00,Tax Group,,,goods,,1100.00,37100.00,43778.00,,Customer Pick,,Eldho
99381000024551001,2025-09-12,DC-00901,Job Work,Draft,,99381000000098082,Cochin,99381000000940238,INTERWEIGHING PVT. LTD.,KL,business_gst,32AAFCI1950F1ZZ,false,Standard Template,INR,1.00,entity_level,true,0.000,0.00,SCANGLE-All IN ONE POS TERMINAL SGT-665 15.6 (AI & B PRINTER),,99381000020778301,AILBL,,Sales,15.6 INCH ANDROID POS RK3566/2GB+ 32GB SSD 80MM PRINTER ANDROID 11 AI CAMERA BARCODE PRINTER WITH WEIGHING,1.00,0.00,nos,34200.00,0.00,0.0,84705010,FALSE,Cochin,Taxable,99381000000006208,GST18,18.000000,6156.00,Tax Group,,,goods,,34200.00,37100.00,43778.00,,Customer Pick,,Eldho
99381000024551001,2025-09-12,DC-00901,Job Work,Draft,,99381000000098082,Cochin,99381000000940238,INTERWEIGHING PVT. LTD.,KL,business_gst,32AAFCI1950F1ZZ,false,Standard Template,INR,1.00,entity_level,true,0.000,0.00,"BT PRINTER 2"" (XP-P503A)",,99381000023181471,XPBT2,,Sales,,1.00,0.00,nos,1800.00,0.00,0.0,84433290,FALSE,Cochin,Taxable,99381000000006208,GST18,18.000000,324.00,Tax Group,,,goods,,1800.00,37100.00,43778.00,,Customer Pick,,Eldho
99381000024580768,2025-09-15,DC-00902,others,Draft,,99381000000098082,Cochin,99381000011971133,INTERWEIGHING PRIVATE LIMITED,KL,business_gst,32AAFCI1950F1ZZ,false,Standard Template,INR,1.00,entity_level,true,0.000,0.00,Jwellery Scale XY600-2C (600g/0.01g),,99381000009540143,YSJ612C,,Sales,Max : 600g Min : 200mg e: 10mg d : 10mg Class : II Model :YSJ,1.00,0.00,nos,2000.00,0.00,0.0,84238190,FALSE,Cochin,Taxable,99381000000006208,GST18,18.000000,360.00,Tax Group,,,goods,,2000.00,42000.00,49560.00,,Customer Pick,,Eldho
99381000024580768,2025-09-15,DC-00902,others,Draft,,99381000000098082,Cochin,99381000011971133,INTERWEIGHING PRIVATE LIMITED,KL,business_gst,32AAFCI1950F1ZZ,false,Standard Template,INR,1.00,entity_level,true,0.000,0.00,Jwellery Scale XY3000-2C (3100g/0.01g),,99381000009540162,YSJ3102C,,Sales,Max : 3100g Min : 200mg e: 10mg d : 10mg Class II Model :YSJ,1.00,0.00,nos,3000.00,0.00,0.0,84238190,FALSE,Cochin,Taxable,99381000000006208,GST18,18.000000,540.00,Tax Group,,,goods,,3000.00,42000.00,49560.00,,Customer Pick,,Eldho
99381000024580768,2025-09-15,DC-00902,others,Draft,,99381000000098082,Cochin,99381000011971133,INTERWEIGHING PRIVATE LIMITED,KL,business_gst,32AAFCI1950F1ZZ,false,Standard Template,INR,1.00,entity_level,true,0.000,0.00,Precision Balance JA203P (210g/0.001g),,99381000009540124,YSA213P,,Sales,Max : 210g Min : 100mg e: 1mg d : 1mg  Class : I Model :YSA,1.00,0.00,nos,2000.00,0.00,0.0,84238190,FALSE,Cochin,Taxable,99381000000006208,GST18,18.000000,360.00,Tax Group,,,goods,,2000.00,42000.00,49560.00,,Customer Pick,,Eldho
99381000024580768,2025-09-15,DC-00902,others,Draft,,99381000000098082,Cochin,99381000011971133,INTERWEIGHING PRIVATE LIMITED,KL,business_gst,32AAFCI1950F1ZZ,false,Standard Template,INR,1.00,entity_level,true,0.000,0.00,Precision Balance JA603 (600g/0.001g),,99381000009540231,YSA603JA,,Sales,Max : 600g Min : 100mg e: 1mg d : 1mg Class : I Model :YSA,1.00,0.00,nos,5000.00,0.00,0.0,84238190,FALSE,Cochin,Taxable,99381000000006208,GST18,18.000000,900.00,Tax Group,,,goods,,5000.00,42000.00,49560.00,,Customer Pick,,Eldho
99381000024580768,2025-09-15,DC-00902,others,Draft,,99381000000098082,Cochin,99381000011971133,INTERWEIGHING PRIVATE LIMITED,KL,business_gst,32AAFCI1950F1ZZ,false,Standard Template,INR,1.00,entity_level,true,0.000,0.00,Analytical Balance 200g/0.0001g -External,,99381000003934056,YSA204E,,Sales,"Model :YSA  SKU : YSA 2004E
Max :200g e:1mg d: 0.1mg Min:100mg",1.00,0.00,nos,10000.00,0.00,0.0,90160020,FALSE,Cochin,Taxable,99381000000006208,GST18,18.000000,1800.00,Tax Group,,,goods,,10000.00,42000.00,49560.00,1,Customer Pick,,Eldho
99381000024580768,2025-09-15,DC-00902,others,Draft,,99381000000098082,Cochin,99381000011971133,INTERWEIGHING PRIVATE LIMITED,KL,business_gst,32AAFCI1950F1ZZ,false,Standard Template,INR,1.00,entity_level,true,0.000,0.00,Analytical Balance 200g/0.0001g - Internal,,99381000003934065,YSA204I,,Sales,Model :YSA    Max : 200g Min : 100mg e: 1mg   d : 0.1mg ,1.00,0.00,nos,12000.00,0.00,0.0,90160020,FALSE,Cochin,Taxable,99381000000006208,GST18,18.000000,2160.00,Tax Group,,,goods,,12000.00,42000.00,49560.00,1,Customer Pick,,Eldho
99381000024580768,2025-09-15,DC-00902,others,Draft,,99381000000098082,Cochin,99381000011971133,INTERWEIGHING PRIVATE LIMITED,KL,business_gst,32AAFCI1950F1ZZ,false,Standard Template,INR,1.00,entity_level,true,0.000,0.00,Density Balance X600-2CM (610g/0.01g),,99381000009540208,YSJ612CM,,Sales,"Max : 610g, Min : 200mg e: 10mg d: 10mg Class : II",1.00,0.00,nos,6000.00,0.00,0.0,84238190,FALSE,Cochin,Taxable,99381000000006208,GST18,18.000000,1080.00,Tax Group,,,goods,,6000.00,42000.00,49560.00,,Customer Pick,,Eldho
99381000024580768,2025-09-15,DC-00902,others,Draft,,99381000000098082,Cochin,99381000011971133,INTERWEIGHING PRIVATE LIMITED,KL,business_gst,32AAFCI1950F1ZZ,false,Standard Template,INR,1.00,entity_level,true,0.000,0.00,"SCANGLE - POS TERMINAL SGT-A1 Q3 7""",,99381000024419592,SGTA1Q37,,Sales,"HANDHELD ANDROID POS 7"" DISPLAY 2GB+32GB",1.00,0.00,nos,2000.00,0.00,0.0,84705010,FALSE,Cochin,Taxable,99381000000006208,GST18,18.000000,360.00,Tax Group,,,goods,,2000.00,42000.00,49560.00,,Customer Pick,,Eldho
99381000024614001,2025-09-17,DC-00903,Job Work,Draft,,99381000000098082,Cochin,99381000000940238,INTERWEIGHING PVT. LTD.,KL,business_gst,32AAFCI1950F1ZZ,false,Standard Template,INR,1.00,entity_level,true,0.000,0.00,"PORTABLE PRINTER BT 2"" (RECEIPT/LABEL) XP-P201A",,99381000024227445,XPPBP2RL,,Sales,"Printing Speed:70mm/s, Printer width:48mm , Roll diameter:50mm, Thremal /Label",1.00,0.00,nos,2750.00,0.00,0.0,84433290,FALSE,Cochin,Taxable,99381000000006208,GST18,18.000000,495.00,Tax Group,,,goods,,2750.00,35400.00,41772.00,,Customer Pick,,Eldho
99381000024614001,2025-09-17,DC-00903,Job Work,Draft,,99381000000098082,Cochin,99381000000940238,INTERWEIGHING PVT. LTD.,KL,business_gst,32AAFCI1950F1ZZ,false,Standard Template,INR,1.00,entity_level,true,0.000,0.00,"DESKTOP PRINTER BT/USB 3"" (XP-Q600B)",,99381000024227403,XPDBP3R,,Sales,"3 inch Desktop BT Printer, Auto-cutter, wall mountable.
Support  58/80mm width paper,  USB/BT",1.00,0.00,nos,4600.00,0.00,0.0,84433290,FALSE,Cochin,Taxable,99381000000006208,GST18,18.000000,828.00,Tax Group,,,goods,,4600.00,35400.00,41772.00,,Customer Pick,,Eldho
99381000024614001,2025-09-17,DC-00903,Job Work,Draft,,99381000000098082,Cochin,99381000000940238,INTERWEIGHING PVT. LTD.,KL,business_gst,32AAFCI1950F1ZZ,false,Standard Template,INR,1.00,entity_level,true,0.000,0.00,"DESKTOP PRINETR BT/USB/RJ11 3"" (RECEIPT/LABEL) XP-H500B",,99381000024227424,XPDBP3RL,,Sales,"127mm/s high print speed, 82mm diameter paper roll, Imported ROHM print head",1.00,0.00,nos,5200.00,0.00,0.0,84433290,FALSE,Cochin,Taxable,99381000000006208,GST18,18.000000,936.00,Tax Group,,,goods,,5200.00,35400.00,41772.00,,Customer Pick,,Eldho
99381000024614001,2025-09-17,DC-00903,Job Work,Draft,,99381000000098082,Cochin,99381000000940238,INTERWEIGHING PVT. LTD.,KL,business_gst,32AAFCI1950F1ZZ,false,Standard Template,INR,1.00,entity_level,true,0.000,0.00,"PORTABLE PRINTER BT 3"" (XP-P801A)",,99381000024227466,XPPBP3R,,Sales,"Printing Speed:70mm/s, Printer width:48mm , Roll diameter:50mm, Thremal /Label",1.00,0.00,nos,3750.00,0.00,0.0,84433290,FALSE,Cochin,Taxable,99381000000006208,GST18,18.000000,675.00,Tax Group,,,goods,,3750.00,35400.00,41772.00,,Customer Pick,,Eldho
99381000024614001,2025-09-17,DC-00903,Job Work,Draft,,99381000000098082,Cochin,99381000000940238,INTERWEIGHING PVT. LTD.,KL,business_gst,32AAFCI1950F1ZZ,false,Standard Template,INR,1.00,entity_level,true,0.000,0.00,BARCODE SCANNER 1D (XL-65),,99381000023181490,XL6500,,Sales,,1.00,0.00,nos,1100.00,0.00,0.0,84716050,FALSE,Cochin,Taxable,99381000000006208,GST18,18.000000,198.00,Tax Group,,,goods,,1100.00,35400.00,41772.00,,Customer Pick,,Eldho
99381000024614001,2025-09-17,DC-00903,Job Work,Draft,,99381000000098082,Cochin,99381000000940238,INTERWEIGHING PVT. LTD.,KL,business_gst,32AAFCI1950F1ZZ,false,Standard Template,INR,1.00,entity_level,true,0.000,0.00,"BT PRINTER 2"" (XP-P503A)",,99381000023181471,XPBT2,,Sales,,1.00,0.00,nos,1800.00,0.00,0.0,84433290,FALSE,Cochin,Taxable,99381000000006208,GST18,18.000000,324.00,Tax Group,,,goods,,1800.00,35400.00,41772.00,,Customer Pick,,Eldho
99381000024614001,2025-09-17,DC-00903,Job Work,Draft,,99381000000098082,Cochin,99381000000940238,INTERWEIGHING PVT. LTD.,KL,business_gst,32AAFCI1950F1ZZ,false,Standard Template,INR,1.00,entity_level,true,0.000,0.00,"SCANGLE - POS TERMINAL SGT-A1 Q3 7""",,99381000024419592,SGTA1Q37,,Sales,"HANDHELD ANDROID POS 7"" DISPLAY 2GB+32GB",1.00,0.00,nos,16200.00,0.00,0.0,84705010,FALSE,Cochin,Taxable,99381000000006208,GST18,18.000000,2916.00,Tax Group,,,goods,,16200.00,35400.00,41772.00,,Customer Pick,,Eldho
99381000024672095,2025-09-22,DC-00904,Job Work,Draft,,99381000000098082,Cochin,99381000000940238,INTERWEIGHING PVT. LTD.,KL,business_gst,32AAFCI1950F1ZZ,false,Standard Template,INR,1.00,entity_level,true,0.000,0.00,"SCANGLE - POS TERMINAL SGT-665 i3 14""",,99381000011340661,664W14,,Sales,"SCANGLE  DESKTOP WINDOWS POS
INTEL i3 3RD GEN WINDOWS 10,4GB+128GB SSD, 14'' FRONT DISPLAY,ALUMINIUM ALLOY CASE,COLOUR: BLACK
",2.00,0.00,nos,26000.00,0.00,0.0,84705010,FALSE,Cochin,Taxable,99381000000006208,GST18,18.000000,9360.00,Tax Group,,,goods,,52000.00,171100.00,201898.00,,Porter,,Eldho
99381000024672095,2025-09-22,DC-00904,Job Work,Draft,,99381000000098082,Cochin,99381000000940238,INTERWEIGHING PVT. LTD.,KL,business_gst,32AAFCI1950F1ZZ,false,Standard Template,INR,1.00,entity_level,true,0.000,0.00,SCANGLE - POS TERMINAL SGT-101 (A12PRO-(M)),,99381000015796532,A121,,Sales,"SCANGLE ALL IN ONE ANDROID POS
RK3566QUAD CORE ANDROID 11, 2GB+16GB, 11.6'' IPS SCREEN, 80mm THERMAL PRINTER",1.00,0.00,nos,21500.00,0.00,0.0,84705010,FALSE,Cochin,Taxable,99381000000006208,GST18,18.000000,3870.00,Tax Group,,,goods,,21500.00,171100.00,201898.00,,Porter,,Eldho
99381000024672095,2025-09-22,DC-00904,Job Work,Draft,,99381000000098082,Cochin,99381000000940238,INTERWEIGHING PVT. LTD.,KL,business_gst,32AAFCI1950F1ZZ,false,Standard Template,INR,1.00,entity_level,true,0.000,0.00,"SCANGLE - POS TERMINAL SGT-664i5 15"" AFB",,99381000020778202,AFB,,Sales,"i5 5TH GEN 4+128GB SSD 15"" FRONT DISPLAY WINDOWS 10,ALUMINIUM AALOY",2.00,0.00,nos,25800.00,0.00,0.0,84705010,FALSE,Cochin,Taxable,99381000000006208,GST18,18.000000,9288.00,Tax Group,,,goods,,51600.00,171100.00,201898.00,,Porter,,Eldho
99381000024672095,2025-09-22,DC-00904,Job Work,Draft,,99381000000098082,Cochin,99381000000940238,INTERWEIGHING PVT. LTD.,KL,business_gst,32AAFCI1950F1ZZ,false,Standard Template,INR,1.00,entity_level,true,0.000,0.00,"SCANGLE - POS TERMINAL SGT-668A 15.6""",,99381000009552716,668A156,,Sales,"SKU: 664A, RK3566/2GB/16GB DDR3, 15.6''  FRONT DISPLAY HD, CAPACITIVE TP, ANDROID 11 GOOGLE PLAY WIFI/BT, ALUMINIUM FOLDABLE BODY
",2.00,0.00,nos,23000.00,0.00,0.0,84714190,FALSE,Cochin,Taxable,99381000000006208,GST18,18.000000,8280.00,Tax Group,,,goods,,46000.00,171100.00,201898.00,,Porter,,Eldho
99381000024684421,2025-09-24,DC-00905,Job Work,Draft,,99381000000098082,Cochin,99381000000112170,MEEZAN ELECTRONIC SCALES PRIVATE LIMITED,KL,business_gst,32AAECM1277C1ZY,false,Standard Template,INR,1.00,entity_level,true,0.000,0.00,SCANGLE - XP-350B THERMAL PRINTER,,99381000017833765,XP350BLANEC,,Sales,"USB+LAN PRINTER 80MM
",1.00,0.00,nos,2860.00,0.00,0.0,84433290,FALSE,Cochin,Taxable,99381000000006208,GST18,18.000000,514.80,Tax Group,,,goods,,2860.00,2860.00,3375.00,,ST courier ,64154468910,Eldho
99381000024957142,2025-10-06,DC-00906,Job Work,Draft,,99381000003083031,Head Office,99381000001565076,REAL DIGITAL SOLUTION,AS,business_gst,18AXXPP6066B2ZW,false,Standard Template,INR,1.00,entity_level,true,0.000,0.00,BY Display Bench Front and Back (Green LED),,99381000006435163,BY001,,Sales,,7.00,0.00,nos,245.00,0.00,0.0,84239020,FALSE,Head Office,Taxable,99381000000006196,IGST18,18.000000,308.70,ItemAmount,INTD,,goods,,1715.00,1715.00,2024.00,,Delhivery,,Eldho
99381000024956832,2025-10-07,DC-00907,others,Draft,,99381000000098082,Cochin,99381000014693003,VENKATACHALAM & CO,TN,business_gst,33AAUFV3958J1ZE,false,Standard Template,INR,1.00,entity_level,true,0.000,0.00,"BT PRINTER 2"" (XP-P503A)",,99381000023181471,XPBT2,,Sales,,1.00,0.00,nos,1800.00,0.00,0.0,84433290,FALSE,Cochin,Taxable,99381000000006196,IGST18,18.000000,324.00,ItemAmount,INTD,,goods,,1800.00,110750.00,130685.00,,Customer Pick,,Biju B
99381000024956832,2025-10-07,DC-00907,others,Draft,,99381000000098082,Cochin,99381000014693003,VENKATACHALAM & CO,TN,business_gst,33AAUFV3958J1ZE,false,Standard Template,INR,1.00,entity_level,true,0.000,0.00,SCANGLE - POS TERMINAL SGT-101 (A12PRO-(ADAC)),,99381000020778183,A12N,,Sales,"SCANGLE ALL IN ONE ANDROID POS
RK3566QUAD CORE ANDROID 11, 2GB+32GB, 11.6'' IPS SCREEN, 80mm THERMAL PRINTER,AUTO CUTTER,ADDITIONAL DISPLAY",1.00,0.00,nos,20800.00,0.00,0.0,84705010,FALSE,Cochin,Taxable,99381000000006196,IGST18,18.000000,3744.00,ItemAmount,INTD,,goods,,20800.00,110750.00,130685.00,,Customer Pick,,Biju B
99381000024956832,2025-10-07,DC-00907,others,Draft,,99381000000098082,Cochin,99381000014693003,VENKATACHALAM & CO,TN,business_gst,33AAUFV3958J1ZE,false,Standard Template,INR,1.00,entity_level,true,0.000,0.00,"SCANGLE-POS TERMINAL SGT-665A 15.6""",,99381000017833689,880P,,Sales,"RK3566 QUAD CORE 2GB+32GB SSD 15.6"" FRONT DISPLAY  80MM PRINTER
",1.00,0.00,nos,23500.00,0.00,0.0,84705010,FALSE,Cochin,Taxable,99381000000006196,IGST18,18.000000,4230.00,ItemAmount,INTD,,goods,,23500.00,110750.00,130685.00,,Customer Pick,,Biju B
99381000024956832,2025-10-07,DC-00907,others,Draft,,99381000000098082,Cochin,99381000014693003,VENKATACHALAM & CO,TN,business_gst,33AAUFV3958J1ZE,false,Standard Template,INR,1.00,entity_level,true,0.000,0.00,"SCANGLE - POS TERMINAL SGT-668A 15.6"" (WH)",,99381000020778263,156A,,Sales,"RK3566/2GB/16GB DDR3 15.6"" FRONT DISPLAY CAPACITIVE TP ADROID 11 COLOUR -WHITE",1.00,0.00,nos,21600.00,0.00,0.0,84705010,FALSE,Cochin,Taxable,99381000000006196,IGST18,18.000000,3888.00,ItemAmount,INTD,,goods,,21600.00,110750.00,130685.00,,Customer Pick,,Biju B
99381000024956832,2025-10-07,DC-00907,others,Draft,,99381000000098082,Cochin,99381000014693003,VENKATACHALAM & CO,TN,business_gst,33AAUFV3958J1ZE,false,Standard Template,INR,1.00,entity_level,true,0.000,0.00,SCANGLE-All IN ONE POS TERMINAL AI _ Scale,,99381000019095020,AIPOS,,Sales,"15.6 INCH ANDROID POS
 RK3566/2GB+ 32GB SSD
 80MM PRINTER
 ANDROID 11
 AI CAMERA
 WITH WEIGHING",1.00,0.00,nos,31750.00,0.00,0.0,84705010,FALSE,Cochin,Taxable,99381000000006196,IGST18,18.000000,5715.00,ItemAmount,INTD,,goods,,31750.00,110750.00,130685.00,,Customer Pick,,Biju B
99381000024956832,2025-10-07,DC-00907,others,Draft,,99381000000098082,Cochin,99381000014693003,VENKATACHALAM & CO,TN,business_gst,33AAUFV3958J1ZE,false,Standard Template,INR,1.00,entity_level,true,0.000,0.00,SCANGLE - POS TERMINAL SGT-A1 A5+NFC,,99381000020792249,A5,,Sales,"SCANGLE HAND HELD ANDROID POS
MTK6580(1.3GHz) ANDROID 11,2GB+16GB, 5.5'' IPS DISPLAY, 58mm(2'') THERMAL PRINTER, WIFI WITH 4G + NFC",1.00,0.00,nos,11300.00,0.00,0.0,84705010,FALSE,Cochin,Taxable,99381000000006196,IGST18,18.000000,2034.00,ItemAmount,INTD,,goods,,11300.00,110750.00,130685.00,,Customer Pick,,Biju B
99381000024975027,2025-10-07,DC-00908,others,Delivered,Not Invoiced,99381000000098082,Cochin,99381000011971133,INTERWEIGHING PRIVATE LIMITED,KL,business_gst,32AAFCI1950F1ZZ,false,Standard Template,INR,1.00,entity_level,true,0.000,0.00,"BT PRINTER 2"" (XP-P503A)",,99381000023181471,XPBT2,,Sales,,1.00,0.00,nos,1800.00,0.00,0.0,84433290,FALSE,Cochin,Taxable,99381000000006208,GST18,18.000000,324.00,Tax Group,,,goods,,1800.00,110750.00,130685.00,,Customer Pick,,Biju B
99381000024975027,2025-10-07,DC-00908,others,Delivered,Not Invoiced,99381000000098082,Cochin,99381000011971133,INTERWEIGHING PRIVATE LIMITED,KL,business_gst,32AAFCI1950F1ZZ,false,Standard Template,INR,1.00,entity_level,true,0.000,0.00,SCANGLE - POS TERMINAL SGT-101 (A12PRO-(ADAC)),,99381000020778183,A12N,,Sales,"SCANGLE ALL IN ONE ANDROID POS
RK3566QUAD CORE ANDROID 11, 2GB+32GB, 11.6'' IPS SCREEN, 80mm THERMAL PRINTER,AUTO CUTTER,ADDITIONAL DISPLAY",1.00,0.00,nos,20800.00,0.00,0.0,84705010,FALSE,Cochin,Taxable,99381000000006208,GST18,18.000000,3744.00,Tax Group,,,goods,,20800.00,110750.00,130685.00,,Customer Pick,,Biju B
99381000024975027,2025-10-07,DC-00908,others,Delivered,Not Invoiced,99381000000098082,Cochin,99381000011971133,INTERWEIGHING PRIVATE LIMITED,KL,business_gst,32AAFCI1950F1ZZ,false,Standard Template,INR,1.00,entity_level,true,0.000,0.00,"SCANGLE-POS TERMINAL SGT-665A 15.6""",,99381000017833689,880P,,Sales,"RK3566 QUAD CORE 2GB+32GB SSD 15.6"" FRONT DISPLAY  80MM PRINTER
",1.00,0.00,nos,23500.00,0.00,0.0,84705010,FALSE,Cochin,Taxable,99381000000006208,GST18,18.000000,4230.00,Tax Group,,,goods,,23500.00,110750.00,130685.00,,Customer Pick,,Biju B
99381000024975027,2025-10-07,DC-00908,others,Delivered,Not Invoiced,99381000000098082,Cochin,99381000011971133,INTERWEIGHING PRIVATE LIMITED,KL,business_gst,32AAFCI1950F1ZZ,false,Standard Template,INR,1.00,entity_level,true,0.000,0.00,"SCANGLE - POS TERMINAL SGT-668A 15.6"" (WH)",,99381000020778263,156A,,Sales,"RK3566/2GB/16GB DDR3 15.6"" FRONT DISPLAY CAPACITIVE TP ADROID 11 COLOUR -WHITE",1.00,0.00,nos,21600.00,0.00,0.0,84705010,FALSE,Cochin,Taxable,99381000000006208,GST18,18.000000,3888.00,Tax Group,,,goods,,21600.00,110750.00,130685.00,,Customer Pick,,Biju B
99381000024975027,2025-10-07,DC-00908,others,Delivered,Not Invoiced,99381000000098082,Cochin,99381000011971133,INTERWEIGHING PRIVATE LIMITED,KL,business_gst,32AAFCI1950F1ZZ,false,Standard Template,INR,1.00,entity_level,true,0.000,0.00,SCANGLE-All IN ONE POS TERMINAL AI _ Scale,,99381000019095020,AIPOS,,Sales,"15.6 INCH ANDROID POS
 RK3566/2GB+ 32GB SSD
 80MM PRINTER
 ANDROID 11
 AI CAMERA
 WITH WEIGHING",1.00,0.00,nos,31750.00,0.00,0.0,84705010,FALSE,Cochin,Taxable,99381000000006208,GST18,18.000000,5715.00,Tax Group,,,goods,,31750.00,110750.00,130685.00,,Customer Pick,,Biju B
99381000024975027,2025-10-07,DC-00908,others,Delivered,Not Invoiced,99381000000098082,Cochin,99381000011971133,INTERWEIGHING PRIVATE LIMITED,KL,business_gst,32AAFCI1950F1ZZ,false,Standard Template,INR,1.00,entity_level,true,0.000,0.00,SCANGLE - POS TERMINAL SGT-A1 A5+NFC,,99381000020792249,A5,,Sales,"SCANGLE HAND HELD ANDROID POS
MTK6580(1.3GHz) ANDROID 11,2GB+16GB, 5.5'' IPS DISPLAY, 58mm(2'') THERMAL PRINTER, WIFI WITH 4G + NFC",1.00,0.00,nos,11300.00,0.00,0.0,84705010,FALSE,Cochin,Taxable,99381000000006208,GST18,18.000000,2034.00,Tax Group,,,goods,,11300.00,110750.00,130685.00,,Customer Pick,,Biju B
99381000025168001,2025-10-16,DC-00909,Job Work,Delivered,Not Invoiced,99381000000098082,Cochin,99381000011971133,INTERWEIGHING PRIVATE LIMITED,KL,business_gst,32AAFCI1950F1ZZ,false,Standard Template,INR,1.00,entity_level,true,0.000,0.00,T3 INDICATOR,,99381000024954958,T3IND,,Sales,,1.00,0.00,nos,1200.00,0.00,0.0,84239020,FALSE,Cochin,Taxable,99381000000006208,GST18,18.000000,216.00,Tax Group,,,goods,,1200.00,1200.00,1416.00,,Customer Pick,,Eldho
99381000025162828,2025-10-16,DC-00910,others,Delivered,Not Invoiced,99381000000098082,Cochin,99381000011971133,INTERWEIGHING PRIVATE LIMITED,KL,business_gst,32AAFCI1950F1ZZ,false,Standard Template,INR,1.00,entity_level,true,0.000,0.00,SCANGLE - POS TERMINAL SGT-101 (A12PRO-(M)),,99381000015796532,A121,,Sales,"SCANGLE ALL IN ONE ANDROID POS
RK3566QUAD CORE ANDROID 11, 2GB+16GB, 11.6'' IPS SCREEN, 80mm THERMAL PRINTER",1.00,0.00,nos,21500.00,0.00,0.0,84705010,FALSE,Cochin,Taxable,99381000000006208,GST18,18.000000,3870.00,Tax Group,,,goods,,21500.00,21500.00,25370.00,,Customer Pick,,Eldho
99381000025175001,2025-10-16,DC-00911,others,Draft,,99381000000098082,Cochin,99381000011971133,INTERWEIGHING PRIVATE LIMITED,KL,business_gst,32AAFCI1950F1ZZ,false,Standard Template,INR,1.00,entity_level,true,0.000,0.00,SCANGLE - POS TERMINAL SGT-101 (A12PRO-(M)),,99381000015796532,A121,,Sales,"SCANGLE ALL IN ONE ANDROID POS
RK3566QUAD CORE ANDROID 11, 2GB+16GB, 11.6'' IPS SCREEN, 80mm THERMAL PRINTER",1.00,0.00,nos,21500.00,0.00,0.0,84705010,FALSE,Cochin,Taxable,99381000000006208,GST18,18.000000,3870.00,Tax Group,,,goods,,21500.00,21500.00,25370.00,,Customer Pick,,Eldho
99381000025196450,2025-10-17,DC-00912,others,Delivered,Not Invoiced,99381000000098082,Cochin,99381000000940238,INTERWEIGHING PVT. LTD.,KL,business_gst,32AAFCI1950F1ZZ,false,Standard Template,INR,1.00,entity_level,true,0.000,0.00,"BT PRINTER 2"" (XP-P503A)",,99381000023181471,XPBT2,,Sales,,1.00,0.00,nos,1800.00,0.00,0.0,84433290,FALSE,Cochin,Taxable,99381000000006208,GST18,18.000000,324.00,Tax Group,,,goods,,1800.00,80200.00,94636.00,,Customer Pick,,Biju B
99381000025196450,2025-10-17,DC-00912,others,Delivered,Not Invoiced,99381000000098082,Cochin,99381000000940238,INTERWEIGHING PVT. LTD.,KL,business_gst,32AAFCI1950F1ZZ,false,Standard Template,INR,1.00,entity_level,true,0.000,0.00,SCANGLE - POS TERMINAL SGT-101 (A12PRO-(ADAC)),,99381000020778183,A12N,,Sales,"SCANGLE ALL IN ONE ANDROID POS
RK3566QUAD CORE ANDROID 11, 2GB+32GB, 11.6'' IPS SCREEN, 80mm THERMAL PRINTER,AUTO CUTTER,ADDITIONAL DISPLAY",1.00,0.00,nos,20800.00,0.00,0.0,84705010,FALSE,Cochin,Taxable,99381000000006208,GST18,18.000000,3744.00,Tax Group,,,goods,,20800.00,80200.00,94636.00,,Customer Pick,,Biju B
99381000025196450,2025-10-17,DC-00912,others,Delivered,Not Invoiced,99381000000098082,Cochin,99381000000940238,INTERWEIGHING PVT. LTD.,KL,business_gst,32AAFCI1950F1ZZ,false,Standard Template,INR,1.00,entity_level,true,0.000,0.00,"SCANGLE-POS TERMINAL SGT-665A 15.6""",,99381000017833689,880P,,Sales,"RK3566 QUAD CORE 2GB+32GB SSD 15.6"" FRONT DISPLAY  80MM PRINTER
",1.00,0.00,nos,23500.00,0.00,0.0,84705010,FALSE,Cochin,Taxable,99381000000006208,GST18,18.000000,4230.00,Tax Group,,,goods,,23500.00,80200.00,94636.00,,Customer Pick,,Biju B
99381000025196450,2025-10-17,DC-00912,others,Delivered,Not Invoiced,99381000000098082,Cochin,99381000000940238,INTERWEIGHING PVT. LTD.,KL,business_gst,32AAFCI1950F1ZZ,false,Standard Template,INR,1.00,entity_level,true,0.000,0.00,"SCANGLE - POS TERMINAL SGT-668A 15.6"" (WH)",,99381000020778263,156A,,Sales,"RK3566/2GB/16GB DDR3 15.6"" FRONT DISPLAY CAPACITIVE TP ADROID 11 COLOUR -WHITE",1.00,0.00,nos,21600.00,0.00,0.0,84705010,FALSE,Cochin,Taxable,99381000000006208,GST18,18.000000,3888.00,Tax Group,,,goods,,21600.00,80200.00,94636.00,,Customer Pick,,Biju B
99381000025196450,2025-10-17,DC-00912,others,Delivered,Not Invoiced,99381000000098082,Cochin,99381000000940238,INTERWEIGHING PVT. LTD.,KL,business_gst,32AAFCI1950F1ZZ,false,Standard Template,INR,1.00,entity_level,true,0.000,0.00,SCANGLE - POS TERMINAL SGT-A1 A5+NFC,,99381000020792249,A5,,Sales,"SCANGLE HAND HELD ANDROID POS
MTK6580(1.3GHz) ANDROID 11,2GB+16GB, 5.5'' IPS DISPLAY, 58mm(2'') THERMAL PRINTER, WIFI WITH 4G + NFC",1.00,0.00,nos,11300.00,0.00,0.0,84705010,FALSE,Cochin,Taxable,99381000000006208,GST18,18.000000,2034.00,Tax Group,,,goods,,11300.00,80200.00,94636.00,,Customer Pick,,Biju B
99381000025196450,2025-10-17,DC-00912,others,Delivered,Not Invoiced,99381000000098082,Cochin,99381000000940238,INTERWEIGHING PVT. LTD.,KL,business_gst,32AAFCI1950F1ZZ,false,Standard Template,INR,1.00,entity_level,true,0.000,0.00,T3 INDICATOR,,99381000024954958,T3IND,,Sales,,1.00,0.00,nos,1200.00,0.00,0.0,84239020,FALSE,Cochin,Taxable,99381000000006208,GST18,18.000000,216.00,Tax Group,,,goods,,1200.00,80200.00,94636.00,,Customer Pick,,Biju B
99381000025217566,2025-10-18,DC-00913,others,Delivered,Not Invoiced,99381000000098082,Cochin,99381000000940238,INTERWEIGHING PVT. LTD.,KL,business_gst,32AAFCI1950F1ZZ,false,Standard Template,INR,1.00,entity_level,true,0.000,0.00,"SCANGLE - POS TERMINAL SGT-668A 15.6""",,99381000009552716,668A156,,Sales,"SKU: 664A, RK3566/2GB/16GB DDR3, 15.6''  FRONT DISPLAY HD, CAPACITIVE TP, ANDROID 11 GOOGLE PLAY WIFI/BT, ALUMINIUM FOLDABLE BODY
",3.00,0.00,nos,7000.00,0.00,0.0,84714190,FALSE,Cochin,Taxable,99381000000006208,GST18,18.000000,3780.00,Tax Group,,,goods,,21000.00,41500.00,48970.00,,Customer Pick,,Shibin
99381000025217566,2025-10-18,DC-00913,others,Delivered,Not Invoiced,99381000000098082,Cochin,99381000000940238,INTERWEIGHING PVT. LTD.,KL,business_gst,32AAFCI1950F1ZZ,false,Standard Template,INR,1.00,entity_level,true,0.000,0.00,"SCANGLE -POS TERMINAL SGT-664 i3 15""",,99381000009552671,280FI3,,Sales,"PROCESSOR: INTEL i3 3RD GEN , 4GB +128 GB SSD, 15'' FRONT DISPLAY, ALUMINIUM ALLOY CASE,COLOUR: BLACK 
",1.00,0.00,nos,5000.00,0.00,0.0,84714190,FALSE,Cochin,Taxable,99381000000006208,GST18,18.000000,900.00,Tax Group,,,goods,,5000.00,41500.00,48970.00,,Customer Pick,,Shibin
99381000025217566,2025-10-18,DC-00913,others,Delivered,Not Invoiced,99381000000098082,Cochin,99381000000940238,INTERWEIGHING PVT. LTD.,KL,business_gst,32AAFCI1950F1ZZ,false,Standard Template,INR,1.00,entity_level,true,0.000,0.00,"SCANGLE - POS TERMINAL SGT-665 i3 14""",,99381000011340661,664W14,,Sales,"SCANGLE  DESKTOP WINDOWS POS
INTEL i3 3RD GEN WINDOWS 10,4GB+128GB SSD, 14'' FRONT DISPLAY,ALUMINIUM ALLOY CASE,COLOUR: BLACK
",1.00,0.00,nos,4500.00,0.00,0.0,84705010,FALSE,Cochin,Taxable,99381000000006208,GST18,18.000000,810.00,Tax Group,,,goods,,4500.00,41500.00,48970.00,,Customer Pick,,Shibin
99381000025217566,2025-10-18,DC-00913,others,Delivered,Not Invoiced,99381000000098082,Cochin,99381000000940238,INTERWEIGHING PVT. LTD.,KL,business_gst,32AAFCI1950F1ZZ,false,Standard Template,INR,1.00,entity_level,true,0.000,0.00,"SCANGLE - POS TERMINAL SGT-664i5 15"" AFB",,99381000020778202,AFB,,Sales,"i5 5TH GEN 4+128GB SSD 15"" FRONT DISPLAY WINDOWS 10,ALUMINIUM AALOY",1.00,0.00,nos,5000.00,0.00,0.0,84705010,FALSE,Cochin,Taxable,99381000000006208,GST18,18.000000,900.00,Tax Group,,,goods,,5000.00,41500.00,48970.00,,Customer Pick,,Shibin
99381000025217566,2025-10-18,DC-00913,others,Delivered,Not Invoiced,99381000000098082,Cochin,99381000000940238,INTERWEIGHING PVT. LTD.,KL,business_gst,32AAFCI1950F1ZZ,false,Standard Template,INR,1.00,entity_level,true,0.000,0.00,"SCANGLE - POS TERMINAL SGT-668A 32GB 14""",,99381000011323171,668,,Sales," SCANGLE  DESKTOP ANDROID POS
RK3288  ANDROID 11, 2GB+32GB, DDR3, 14''  FRONT DISPLAY , CAPACITIVE TP",1.00,0.00,nos,6000.00,0.00,0.0,84705010,FALSE,Cochin,Taxable,99381000000006208,GST18,18.000000,1080.00,Tax Group,,,goods,,6000.00,41500.00,48970.00,,Customer Pick,,Shibin
99381000025279366,2025-10-22,DC-00914,Job Work,Returned,Not Invoiced,99381000000098082,Cochin,99381000005074017,ELMASS’ Weighing & Automation Pvt. Ltd,KL,business_gst,32AAGCE7631N1ZF,false,Standard Template,INR,1.00,entity_level,true,0.000,0.00,"SCANGLE - POS TERMINAL SGT-668A 32GB 14""",,99381000011323171,668,,Sales," SCANGLE  DESKTOP ANDROID POS
RK3288  ANDROID 11, 2GB+32GB, DDR3, 14''  FRONT DISPLAY , CAPACITIVE TP",1.00,0.00,nos,18900.00,0.00,0.0,84705010,FALSE,Cochin,Taxable,99381000000006208,GST18,18.000000,3402.00,Tax Group,,,goods,,18900.00,18900.00,22302.00,,Customer Pick,,Eldho
99381000025386005,2025-10-27,DC-00915,Job Work,Draft,,99381000000098082,Cochin,99381000000940238,INTERWEIGHING PVT. LTD.,KL,business_gst,32AAFCI1950F1ZZ,false,Standard Template,INR,1.00,entity_level,true,0.000,0.00,"DESKTOP PRINTER BT/USB 3"" (XP-Q600B)",,99381000024227403,XPDBP3R,,Sales,"3 inch Desktop BT Printer, Auto-cutter, wall mountable.
Support  58/80mm width paper,  USB/BT",1.00,0.00,nos,4600.00,0.00,0.0,84433290,FALSE,Cochin,Taxable,99381000000006208,GST18,18.000000,828.00,Tax Group,,,goods,,4600.00,16300.00,19234.00,,Customer Pick,,Eldho
99381000025386005,2025-10-27,DC-00915,Job Work,Draft,,99381000000098082,Cochin,99381000000940238,INTERWEIGHING PVT. LTD.,KL,business_gst,32AAFCI1950F1ZZ,false,Standard Template,INR,1.00,entity_level,true,0.000,0.00,PRICISION BALANCE 510g/1mg,,99381000025312009,YSA510,,Sales,Max : 510g Min : 100mg e: 1mg d : 1mg Class : I Model :YSA,1.00,0.00,nos,7600.00,0.00,0.0,84238190,FALSE,Cochin,Taxable,99381000000006208,GST18,18.000000,1368.00,Tax Group,,,goods,,7600.00,16300.00,19234.00,,Customer Pick,,Eldho
99381000025386005,2025-10-27,DC-00915,Job Work,Draft,,99381000000098082,Cochin,99381000000940238,INTERWEIGHING PVT. LTD.,KL,business_gst,32AAFCI1950F1ZZ,false,Standard Template,INR,1.00,entity_level,true,0.000,0.00,"DESKTOP PRINTER USB/LAN 3"" (XP-Q600)",,99381000024737022,XPDULP3R,,Sales,"3 inch Desktop U+L Printer,Printing Speed:230mm/s, Printer width:80mm , Interface:USB/USB+Lan, Thremal ",1.00,0.00,nos,4100.00,0.00,0.0,84433290,FALSE,Cochin,Taxable,99381000000006208,GST18,18.000000,738.00,Tax Group,,,goods,,4100.00,16300.00,19234.00,,Customer Pick,,Eldho
99381000025418031,2025-10-28,DC-00916,Job Work,Delivered,Not Invoiced,99381000000098082,Cochin,99381000000309611,KRAUS INSTRUMENTS,KL,business_gst,32AASFK0676Q1ZM,false,Standard Template,INR,1.00,entity_level,true,0.000,0.00,SCANGLE-All IN ONE POS TERMINAL AI _ Scale,,99381000019095020,AIPOS,,Sales,"15.6 INCH ANDROID POS
 RK3566/2GB+ 32GB SSD
 80MM PRINTER
 ANDROID 11
 AI CAMERA
 WITH WEIGHING",1.00,0.00,nos,31750.00,0.00,0.0,84705010,FALSE,Cochin,Taxable,99381000000006208,GST18,18.000000,5715.00,Tax Group,,,goods,,31750.00,31750.00,37465.00,,Customer Pick,,Eldho
99381000025435152,2025-10-29,DC-00917,Job Work,Delivered,Not Invoiced,99381000003083031,Head Office,99381000002313011,RAJASTHAN METRIC UDYOG,WB,business_gst,19AAIFR6277N1ZA,false,Standard Template,INR,1.00,entity_level,true,0.000,0.00,BY Display Bench Front and Back (Green LED),,99381000006435163,BY001,,Sales,,10.00,0.00,nos,245.00,0.00,0.0,84239020,FALSE,Head Office,Taxable,99381000000006196,IGST18,18.000000,441.00,ItemAmount,INTD,,goods,,2450.00,2450.00,2891.00,,Delhivery,,Eldho
99381000025435164,2025-10-29,DC-00918,Job Work,Delivered,Not Invoiced,99381000003083031,Head Office,99381000020793003,SMART WEIGHING SYSTEMS,TS,business_registered_composition,36CLEPM1382G1Z4,false,Standard Template,INR,1.00,entity_level,true,0.000,0.00,BY Display Bench Front and Back (Green LED),,99381000006435163,BY001,,Sales,,8.00,0.00,nos,245.00,0.00,0.0,84239020,FALSE,Head Office,Taxable,99381000000006196,IGST18,18.000000,352.80,ItemAmount,INTD,,goods,,1960.00,1960.00,2313.00,,Delhivery,,Eldho
99381000025512001,2025-11-01,DC-00919,others,Draft,,99381000000098082,Cochin,99381000000940238,INTERWEIGHING PVT. LTD.,KL,business_gst,32AAFCI1950F1ZZ,false,Standard Template,INR,1.00,entity_level,true,0.000,0.00,Electronic cash register,,99381000000194004,ECR,,Sales,vytila to Warehouse,1.00,0.00,nos,11000.00,0.00,0.0,84705010,FALSE,Cochin,Taxable,99381000000006208,GST18,18.000000,1980.00,Tax Group,,,goods,,11000.00,11000.00,12980.00,1,Porter,,Shibin
99381000025553699,2025-11-04,DC-00920,Job Work,Delivered,Not Invoiced,99381000003083031,Head Office,99381000003216035,SOUTHERN SCALES COMPANY,MH,business_gst,27AIAPN0349P1ZY,false,Spreadsheet,INR,1.00,entity_level,true,0.000,0.00,ECS5W MOTHER BOARD,,99381000000306276,ECS815,,Sales,,1.00,0.00,pcs,6900.00,0.00,0.0,84239020,FALSE,Head Office,Taxable,99381000000006196,IGST18,18.000000,1242.00,ItemAmount,INTD,,goods,,6900.00,6900.00,8142.00,,Delhivery,,Eldho
99381000025613319,2025-11-07,DC-00921,others,Draft,,99381000000098082,Cochin,99381000025625114,XTECH SOLUTION,MH,business_gst,27AAEPS4599J2ZX,false,Standard Template,INR,1.00,entity_level,true,0.000,0.00,SCANGLE - THERMAL PRINTER WITH BLUETOOTH,,99381000009552762,XP350BBT,,Sales,"SCANGLE THERMAL PRINER
INTERFACE : USB+BLUETOOTH,PRINTER : 80mm",1.00,0.00,nos,4700.00,0.00,0.0,84433290,FALSE,Cochin,Taxable,99381000000006196,IGST18,18.000000,846.00,ItemAmount,INTD,,goods,,4700.00,4700.00,5546.00,,ST courier ,,Shibin
99381000025769149,2025-11-13,DC-00922,Job Work,Draft,,99381000000098082,Cochin,99381000000940238,INTERWEIGHING PVT. LTD.,KL,business_gst,32AAFCI1950F1ZZ,false,Standard Template,INR,1.00,entity_level,true,0.000,0.00,HANGING WEIGHING SCALE (WITH BL -50kg),,99381000024954937,HNG150,,Sales,"Model : YSH
Max : 100kg e:10gm Min: 200g Class III
Display : Green",1.00,0.00,nos,1950.00,0.00,0.0,84231000,FALSE,Cochin,Taxable,99381000000006208,GST18,18.000000,351.00,Tax Group,,,goods,,1950.00,1950.00,2301.00,6,Customer Pick,,Eldho
99381000025903001,2025-11-19,DC-00923,Job Work,Draft,,99381000000098082,Cochin,99381000000940238,INTERWEIGHING PVT. LTD.,KL,business_gst,32AAFCI1950F1ZZ,false,Standard Template,INR,1.00,entity_level,true,0.000,0.00,HANGING WEIGHING SCALE (WITH BL -50kg) (S),,99381000025861114,HNG150S,,Sales,"Model : YSH
Max : 50kg e:5gm Min: 100g Class III
Display : Green=
SERIAL NO: 25040301 (STAMPED)",1.00,0.00,nos,2200.00,0.00,0.0,84231000,FALSE,Cochin,Taxable,99381000000006208,GST18,18.000000,396.00,Tax Group,,,goods,,2200.00,3450.00,4071.00,6,Customer Pick,,Eldho
99381000025903001,2025-11-19,DC-00923,Job Work,Draft,,99381000000098082,Cochin,99381000000940238,INTERWEIGHING PVT. LTD.,KL,business_gst,32AAFCI1950F1ZZ,false,Standard Template,INR,1.00,entity_level,true,0.000,0.00,T3 INDICATOR,,99381000024954958,T3IND,,Sales,6V GREEN WITH USB,1.00,0.00,nos,1250.00,0.00,0.0,84239020,FALSE,Cochin,Taxable,99381000000006208,GST18,18.000000,225.00,Tax Group,,,goods,,1250.00,3450.00,4071.00,,Customer Pick,,Eldho
99381000025903424,2025-11-19,DC-00924,Job Work,Draft,,99381000000098082,Cochin,99381000000940238,INTERWEIGHING PVT. LTD.,KL,business_gst,32AAFCI1950F1ZZ,false,Standard Template,INR,1.00,entity_level,true,0.000,0.00,HANGING WEIGHING SCALE (WITH BL -50kg) (S),,99381000025861114,HNG150S,,Sales,"Model : YSH
Max : 50kg e:5gm Min: 100g Class III
Display : Green SeriAL NO: 2540302 (STAMPED)",1.00,0.00,nos,2200.00,0.00,0.0,84231000,FALSE,Cochin,Taxable,99381000000006208,GST18,18.000000,396.00,Tax Group,,,goods,,2200.00,2200.00,2596.00,6,Customer Pick,,Eldho
99381000025903437,2025-11-19,DC-00925,Job Work,Draft,,99381000003083031,Head Office,99381000000940238,INTERWEIGHING PVT. LTD.,KL,business_gst,32AAFCI1950F1ZZ,false,Standard Template,INR,1.00,entity_level,true,0.000,0.00,BLUETOOTH IC,,99381000024847216,BLIC,,Sales,,1.00,0.00,nos,2.00,0.00,0.0,84239020,FALSE,Head Office,Taxable,99381000000006208,GST18,18.000000,0.36,Tax Group,,,goods,,2.00,2.00,2.00,,Customer Pick,,Eldho
99381000025903449,2025-11-19,DC-00926,Job Work,Draft,,99381000003083031,Head Office,99381000000112170,MEEZAN ELECTRONIC SCALES PRIVATE LIMITED,KL,business_gst,32AAECM1277C1ZY,false,Standard Template,INR,1.00,entity_level,true,0.000,0.00,BLUETOOTH IC,,99381000024847216,BLIC,,Sales,,25.00,0.00,nos,165.00,0.00,0.0,84239020,FALSE,Head Office,Taxable,99381000000006208,GST18,18.000000,742.50,Tax Group,,,goods,,4125.00,4125.00,4868.00,,Customer Pick,,Eldho
99381000025940089,2025-11-20,DC-00927,others,Draft,,99381000000098082,Cochin,99381000011971133,INTERWEIGHING PRIVATE LIMITED,KL,business_gst,32AAFCI1950F1ZZ,false,Standard Template,INR,1.00,entity_level,true,0.000,0.00,SCANGLE- PORTABLE THERMAL PRINTER,,99381000011340642,PTP,,Sales,"SCANGLE PORTABLE PRINTER,2 INCH
INTERFACE: USB, BLUETOOTH",28.00,0.00,nos,1000.00,0.00,0.0,84433290,FALSE,Cochin,Taxable,99381000000006208,GST18,18.000000,5040.00,Tax Group,,,goods,,28000.00,28000.00,33040.00,,Customer Pick,,Shalima KT
99381000026004119,2025-11-22,DC-00928,others,Draft,,99381000000098082,Cochin,99381000011971133,INTERWEIGHING PRIVATE LIMITED,KL,business_gst,32AAFCI1950F1ZZ,false,Standard Template,INR,1.00,entity_level,true,0.000,0.00,"SCANGLE - POS TERMINAL SGT-664i5 15""",,99381000017833746,SGT664I5155THGEN,,Sales,"i5 5TH GEN 8+128GB SSD 15"" FRONT DISPLAY WINDOWS 10
",1.00,0.00,nos,26500.00,0.00,0.0,84714190,FALSE,Cochin,Taxable,99381000000006208,GST18,18.000000,4770.00,Tax Group,,,goods,,26500.00,26500.00,31270.00,,Customer Pick,,Eldho
99381000026017001,2025-11-22,DC-00929,Job Work,Draft,,99381000000098082,Cochin,99381000000940238,INTERWEIGHING PVT. LTD.,KL,business_gst,32AAFCI1950F1ZZ,false,Standard Template,INR,1.00,entity_level,true,0.000,0.00,VIBRANT POLE (BM+USB),,99381000025008055,VBPLU,,Sales,"Model : YST-30
Max : 30kg e:5gm Min: 100g Class III
Display : Green",1.00,0.00,nos,1795.00,0.00,0.0,84231000,FALSE,Cochin,Taxable,99381000000006208,GST18,18.000000,323.10,Tax Group,,,goods,,1795.00,1795.00,2118.00,6,Customer Pick,,Eldho
99381000026056217,2025-11-27,DC-00930,others,Draft,,99381000000098082,Cochin,99381000011971133,INTERWEIGHING PRIVATE LIMITED,KL,business_gst,32AAFCI1950F1ZZ,false,Standard Template,INR,1.00,entity_level,true,0.000,0.00,PLATFORM SCALE -BENCH (G-QZ1),,99381000024199057,BPCQZ1,,Sales,Max:50kg e:5g Min:100g Class:III Display : Green,1.00,0.00,nos,1500.00,0.00,0.0,84238290,FALSE,Cochin,Taxable,99381000000006208,GST18,18.000000,270.00,Tax Group,,,goods,,1500.00,215900.00,254762.00,,Customer Pick,,Eldho
99381000026056217,2025-11-27,DC-00930,others,Draft,,99381000000098082,Cochin,99381000011971133,INTERWEIGHING PRIVATE LIMITED,KL,business_gst,32AAFCI1950F1ZZ,false,Standard Template,INR,1.00,entity_level,true,0.000,0.00,PRICE COMPUTING SCALE FSS(DQZ),,99381000012887614,ATMFSS,,Sales,"Make: YESWEIGH Model: YSP 30
Max:30kg e:5g Min:100g Class:III",1.00,0.00,nos,1900.00,0.00,0.0,84238190,FALSE,Cochin,Taxable,99381000000006208,GST18,18.000000,342.00,Tax Group,,,goods,,1900.00,215900.00,254762.00,,Customer Pick,,Eldho
99381000026056217,2025-11-27,DC-00930,others,Draft,,99381000000098082,Cochin,99381000011971133,INTERWEIGHING PRIVATE LIMITED,KL,business_gst,32AAFCI1950F1ZZ,false,Standard Template,INR,1.00,entity_level,true,0.000,0.00,"SCANGLE -POS TERMINAL SGT-664 i3 15""",,99381000009552671,280FI3,,Sales,"PROCESSOR: INTEL i3 3RD GEN , 4GB +128 GB SSD, 15'' FRONT DISPLAY, ALUMINIUM ALLOY CASE,COLOUR: BLACK 
",1.00,0.00,nos,28000.00,0.00,0.0,84714190,FALSE,Cochin,Taxable,99381000000006208,GST18,18.000000,5040.00,Tax Group,,,goods,,28000.00,215900.00,254762.00,,Customer Pick,,Eldho
99381000026056217,2025-11-27,DC-00930,others,Draft,,99381000000098082,Cochin,99381000011971133,INTERWEIGHING PRIVATE LIMITED,KL,business_gst,32AAFCI1950F1ZZ,false,Standard Template,INR,1.00,entity_level,true,0.000,0.00,"SCANGLE - POS TERMINAL SGT-668A 15.6"" REAR (WH)",,99381000020778282,156ARD,,Sales,"RK3568/2GB/16GB SSD 15.6"" FRONT DISPLAY CAPACITIVE TP ADROID 11, 11.6"" REAR DISPLAY COLOUR -WHITE",1.00,0.00,nos,25350.00,0.00,0.0,84705010,FALSE,Cochin,Taxable,99381000000006208,GST18,18.000000,4563.00,Tax Group,,,goods,,25350.00,215900.00,254762.00,,Customer Pick,,Eldho
99381000026056217,2025-11-27,DC-00930,others,Draft,,99381000000098082,Cochin,99381000011971133,INTERWEIGHING PRIVATE LIMITED,KL,business_gst,32AAFCI1950F1ZZ,false,Standard Template,INR,1.00,entity_level,true,0.000,0.00,SCANGLE - POS TERMINAL SGT-A1 A5+NFC,,99381000020792249,A5,,Sales,"SCANGLE HAND HELD ANDROID POS
MTK6580(1.3GHz) ANDROID 11,2GB+16GB, 5.5'' IPS DISPLAY, 58mm(2'') THERMAL PRINTER, WIFI WITH 4G + NFC",1.00,0.00,nos,11300.00,0.00,0.0,84705010,FALSE,Cochin,Taxable,99381000000006208,GST18,18.000000,2034.00,Tax Group,,,goods,,11300.00,215900.00,254762.00,,Customer Pick,,Eldho
99381000026056217,2025-11-27,DC-00930,others,Draft,,99381000000098082,Cochin,99381000011971133,INTERWEIGHING PRIVATE LIMITED,KL,business_gst,32AAFCI1950F1ZZ,false,Standard Template,INR,1.00,entity_level,true,0.000,0.00,SCANGLE - POS TERMINAL SGT-101 (A12PRO-(ADAC)),,99381000020778183,A12N,,Sales,"SCANGLE ALL IN ONE ANDROID POS
RK3566QUAD CORE ANDROID 11, 2GB+32GB, 11.6'' IPS SCREEN, 80mm THERMAL PRINTER,AUTO CUTTER,ADDITIONAL DISPLAY",1.00,0.00,nos,20800.00,0.00,0.0,84705010,FALSE,Cochin,Taxable,99381000000006208,GST18,18.000000,3744.00,Tax Group,,,goods,,20800.00,215900.00,254762.00,,Customer Pick,,Eldho
99381000026056217,2025-11-27,DC-00930,others,Draft,,99381000000098082,Cochin,99381000011971133,INTERWEIGHING PRIVATE LIMITED,KL,business_gst,32AAFCI1950F1ZZ,false,Standard Template,INR,1.00,entity_level,true,0.000,0.00,SCANGLE - POS TERMINAL SGT-A7 (M),,99381000015796551,A14,,Sales,"SCANGLE ALL IN ONE ANDROID POS
RK3566QUAD CORE ANDROID 11, 2GB+16GB,  14'' IPS SCREEN,80mm THERMAL PRINTER AUTO CUTTER",1.00,0.00,nos,24750.00,0.00,0.0,84705010,FALSE,Cochin,Taxable,99381000000006208,GST18,18.000000,4455.00,Tax Group,,,goods,,24750.00,215900.00,254762.00,,Customer Pick,,Eldho
99381000026056217,2025-11-27,DC-00930,others,Draft,,99381000000098082,Cochin,99381000011971133,INTERWEIGHING PRIVATE LIMITED,KL,business_gst,32AAFCI1950F1ZZ,false,Standard Template,INR,1.00,entity_level,true,0.000,0.00,"SCANGLE-POS TERMINAL SGT-665A 15.6""",,99381000017833689,880P,,Sales,"RK3566 QUAD CORE 2GB+32GB SSD 15.6"" FRONT DISPLAY  80MM PRINTER
",1.00,0.00,nos,23500.00,0.00,0.0,84705010,FALSE,Cochin,Taxable,99381000000006208,GST18,18.000000,4230.00,Tax Group,,,goods,,23500.00,215900.00,254762.00,,Customer Pick,,Eldho
99381000026056217,2025-11-27,DC-00930,others,Draft,,99381000000098082,Cochin,99381000011971133,INTERWEIGHING PRIVATE LIMITED,KL,business_gst,32AAFCI1950F1ZZ,false,Standard Template,INR,1.00,entity_level,true,0.000,0.00,SCANGLE - CASH DRAWER 5 CONTAINER POS,,99381000009552593,CASHDRAWERPOS,,Sales,"DIMENSION: 420(W)*410(D)*100(H), BILLS: 5 BILLS, COINS: 5 COINS ,INTERFACE: RJ11/USB/RS232
",1.00,0.00,nos,2750.00,0.00,0.0,83030000,FALSE,Cochin,Taxable,99381000000006208,GST18,18.000000,495.00,Tax Group,,,goods,,2750.00,215900.00,254762.00,,Customer Pick,,Eldho
99381000026056217,2025-11-27,DC-00930,others,Draft,,99381000000098082,Cochin,99381000011971133,INTERWEIGHING PRIVATE LIMITED,KL,business_gst,32AAFCI1950F1ZZ,false,Standard Template,INR,1.00,entity_level,true,0.000,0.00,Bill Printing scale Q8POS,,99381000000011617,ECS5W,,Sales,Make:YESWEIGH  Model:YS-30   Max:30kg  e:5g  Min:100g  Class:III,1.00,0.00,nos,15500.00,0.00,0.0,84231000,FALSE,Cochin,Taxable,99381000000006208,GST18,18.000000,2790.00,Tax Group,,,goods,,15500.00,215900.00,254762.00,2,Customer Pick,,Eldho
99381000026056217,2025-11-27,DC-00930,others,Draft,,99381000000098082,Cochin,99381000011971133,INTERWEIGHING PRIVATE LIMITED,KL,business_gst,32AAFCI1950F1ZZ,false,Standard Template,INR,1.00,entity_level,true,0.000,0.00,Label Printing Scale Q9LBL,,99381000002536240,Q9LBL,,Sales,Make:YESWEIGH  Model:YS-30   Max:30kg  e:5g  Min:100g  Class:III,1.00,0.00,nos,14500.00,0.00,0.0,84231000,FALSE,Cochin,Taxable,99381000000006208,GST18,18.000000,2610.00,Tax Group,,,goods,,14500.00,215900.00,254762.00,1,Customer Pick,,Eldho
99381000026056217,2025-11-27,DC-00930,others,Draft,,99381000000098082,Cochin,99381000011971133,INTERWEIGHING PRIVATE LIMITED,KL,business_gst,32AAFCI1950F1ZZ,false,Standard Template,INR,1.00,entity_level,true,0.000,0.00,PRICISION BALANCE 510g/1mg,,99381000025312009,YSA510,,Sales,Max : 510g Min : 100mg e: 1mg d : 1mg Class : I Model :YSA,1.00,0.00,nos,7600.00,0.00,0.0,84238190,FALSE,Cochin,Taxable,99381000000006208,GST18,18.000000,1368.00,Tax Group,,,goods,,7600.00,215900.00,254762.00,,Customer Pick,,Eldho
99381000026056217,2025-11-27,DC-00930,others,Draft,,99381000000098082,Cochin,99381000011971133,INTERWEIGHING PRIVATE LIMITED,KL,business_gst,32AAFCI1950F1ZZ,false,Standard Template,INR,1.00,entity_level,true,0.000,0.00,"DESKTOP PRINETR BT/USB/RJ11 3"" (RECEIPT/LABEL) XP-H500B",,99381000024227424,XPDBP3RL,,Sales,"127mm/s high print speed, 82mm diameter paper roll, Imported ROHM print head",1.00,0.00,nos,5200.00,0.00,0.0,84433290,FALSE,Cochin,Taxable,99381000000006208,GST18,18.000000,936.00,Tax Group,,,goods,,5200.00,215900.00,254762.00,,Customer Pick,,Eldho
99381000026056217,2025-11-27,DC-00930,others,Draft,,99381000000098082,Cochin,99381000011971133,INTERWEIGHING PRIVATE LIMITED,KL,business_gst,32AAFCI1950F1ZZ,false,Standard Template,INR,1.00,entity_level,true,0.000,0.00,"DESKTOP PRINTER USB/LAN 3"" (XP-Q600)",,99381000024737022,XPDULP3R,,Sales,"3 inch Desktop U+L Printer,Printing Speed:230mm/s, Printer width:80mm , Interface:USB/USB+Lan, Thremal ",1.00,0.00,nos,4100.00,0.00,0.0,84433290,FALSE,Cochin,Taxable,99381000000006208,GST18,18.000000,738.00,Tax Group,,,goods,,4100.00,215900.00,254762.00,,Customer Pick,,Eldho
99381000026056217,2025-11-27,DC-00930,others,Draft,,99381000000098082,Cochin,99381000011971133,INTERWEIGHING PRIVATE LIMITED,KL,business_gst,32AAFCI1950F1ZZ,false,Standard Template,INR,1.00,entity_level,true,0.000,0.00,SCANGLE- PORTABLE THERMAL PRINTER,,99381000011340642,PTP,,Sales,"SCANGLE PORTABLE PRINTER,2 INCH
INTERFACE: USB, BLUETOOTH",1.00,0.00,nos,1900.00,0.00,0.0,84433290,FALSE,Cochin,Taxable,99381000000006208,GST18,18.000000,342.00,Tax Group,,,goods,,1900.00,215900.00,254762.00,,Customer Pick,,Eldho
99381000026056217,2025-11-27,DC-00930,others,Draft,,99381000000098082,Cochin,99381000011971133,INTERWEIGHING PRIVATE LIMITED,KL,business_gst,32AAFCI1950F1ZZ,false,Standard Template,INR,1.00,entity_level,true,0.000,0.00,PLATFORM SCALE 400X400 SS(100Kg) -EG,,99381000025726081,PLT40EG,,Sales,"40X40CM Platform Scale, 100kg/10g,  green led indicator,  SS pan, with MS back rail, MS pole, SS top platform, MS Frame",1.00,0.00,nos,3250.00,0.00,0.0,84239010,FALSE,Cochin,Taxable,99381000000006208,GST18,18.000000,585.00,Tax Group,,,goods,,3250.00,215900.00,254762.00,1,Customer Pick,,Eldho
99381000026056217,2025-11-27,DC-00930,others,Draft,,99381000000098082,Cochin,99381000011971133,INTERWEIGHING PRIVATE LIMITED,KL,business_gst,32AAFCI1950F1ZZ,false,Standard Template,INR,1.00,entity_level,true,0.000,0.00,Analytical Balance 200g/0.0001g -External,,99381000003934056,YSA204E,,Sales,"Model :YSA  SKU : YSA 2004E
Max :200g e:1mg d: 0.1mg Min:100mg",1.00,0.00,nos,24000.00,0.00,0.0,90160020,FALSE,Cochin,Taxable,99381000000006208,GST18,18.000000,4320.00,Tax Group,,,goods,,24000.00,215900.00,254762.00,1,Customer Pick,,Eldho
99381000026074071,2025-11-27,DC-00931,Job Work,Draft,,99381000000098082,Cochin,99381000011971133,INTERWEIGHING PRIVATE LIMITED,KL,business_gst,32AAFCI1950F1ZZ,false,Standard Template,INR,1.00,entity_level,true,0.000,0.00,"SCANGLE - POS TERMINAL SGT-664i5 15"" AFB",,99381000020778202,AFB,,Sales,"i5 5TH GEN 4+128GB SSD 15"" FRONT DISPLAY WINDOWS 10,ALUMINIUM AALOY   {I5 3RD GEN} FOR VENKITACHALAM",1.00,0.00,nos,25800.00,0.00,0.0,84705010,FALSE,Cochin,Taxable,99381000000006208,GST18,18.000000,4644.00,Tax Group,,,goods,,25800.00,25800.00,30444.00,,Porter,,Shibin
99381000026100001,2025-11-28,DC-00932,Job Work,Draft,,99381000000098082,Cochin,99381000000940238,INTERWEIGHING PVT. LTD.,KL,business_gst,32AAFCI1950F1ZZ,false,Standard Template,INR,1.00,entity_level,true,0.000,0.00,"SCANGLE-POS TERMINAL SGT-665A 15.6""",,99381000017833689,880P,,Sales,"RK3566 QUAD CORE 2GB+32GB SSD 15.6"" FRONT DISPLAY  80MM PRINTER
",1.00,0.00,nos,23500.00,0.00,0.0,84705010,FALSE,Cochin,Taxable,99381000000006208,GST18,18.000000,4230.00,Tax Group,,,goods,,23500.00,25450.00,30031.00,,Customer Pick,,Eldho
99381000026100001,2025-11-28,DC-00932,Job Work,Draft,,99381000000098082,Cochin,99381000000940238,INTERWEIGHING PVT. LTD.,KL,business_gst,32AAFCI1950F1ZZ,false,Standard Template,INR,1.00,entity_level,true,0.000,0.00,PLATFORM SCALE -BENCH (G-QZ1),,99381000024199057,BPCQZ1,,Sales,Max:50kg e:5g Min:100g Class:III Display : Green,1.00,0.00,nos,1950.00,0.00,0.0,84238290,FALSE,Cochin,Taxable,99381000000006208,GST18,18.000000,351.00,Tax Group,,,goods,,1950.00,25450.00,30031.00,,Customer Pick,,Eldho
99381000026103414,2025-11-28,DC-00933,others,Draft,,99381000000098082,Cochin,99381000011971133,INTERWEIGHING PRIVATE LIMITED,KL,business_gst,32AAFCI1950F1ZZ,false,Standard Template,INR,1.00,entity_level,true,0.000,0.00,PLATFORM SCALE -BENCH (G-QZ1),,99381000024199057,BPCQZ1,,Sales,Max:50kg e:5g Min:100g Class:III Display : Green,1.00,0.00,nos,1500.00,0.00,0.0,84238290,FALSE,Cochin,Taxable,99381000000006208,GST18,18.000000,270.00,Tax Group,,,goods,,1500.00,288300.00,340194.00,,Customer Pick,,Eldho
99381000026103414,2025-11-28,DC-00933,others,Draft,,99381000000098082,Cochin,99381000011971133,INTERWEIGHING PRIVATE LIMITED,KL,business_gst,32AAFCI1950F1ZZ,false,Standard Template,INR,1.00,entity_level,true,0.000,0.00,PRICE COMPUTING SCALE FSS(DQZ),,99381000012887614,ATMFSS,,Sales,"Make: YESWEIGH Model: YSP 30
Max:30kg e:5g Min:100g Class:III",1.00,0.00,nos,1900.00,0.00,0.0,84238190,FALSE,Cochin,Taxable,99381000000006208,GST18,18.000000,342.00,Tax Group,,,goods,,1900.00,288300.00,340194.00,,Customer Pick,,Eldho
99381000026103414,2025-11-28,DC-00933,others,Draft,,99381000000098082,Cochin,99381000011971133,INTERWEIGHING PRIVATE LIMITED,KL,business_gst,32AAFCI1950F1ZZ,false,Standard Template,INR,1.00,entity_level,true,0.000,0.00,"SCANGLE -POS TERMINAL SGT-664 i3 15""",,99381000009552671,280FI3,,Sales,"PROCESSOR: INTEL i3 3RD GEN , 4GB +128 GB SSD, 15'' FRONT DISPLAY, ALUMINIUM ALLOY CASE,COLOUR: BLACK 
",1.00,0.00,nos,28000.00,0.00,0.0,84714190,FALSE,Cochin,Taxable,99381000000006208,GST18,18.000000,5040.00,Tax Group,,,goods,,28000.00,288300.00,340194.00,,Customer Pick,,Eldho
99381000026103414,2025-11-28,DC-00933,others,Draft,,99381000000098082,Cochin,99381000011971133,INTERWEIGHING PRIVATE LIMITED,KL,business_gst,32AAFCI1950F1ZZ,false,Standard Template,INR,1.00,entity_level,true,0.000,0.00,"SCANGLE - POS TERMINAL SGT-668A 15.6"" REAR (WH)",,99381000020778282,156ARD,,Sales,"RK3568/2GB/16GB SSD 15.6"" FRONT DISPLAY CAPACITIVE TP ADROID 11, 11.6"" REAR DISPLAY COLOUR -WHITE",1.00,0.00,nos,25350.00,0.00,0.0,84705010,FALSE,Cochin,Taxable,99381000000006208,GST18,18.000000,4563.00,Tax Group,,,goods,,25350.00,288300.00,340194.00,,Customer Pick,,Eldho
99381000026103414,2025-11-28,DC-00933,others,Draft,,99381000000098082,Cochin,99381000011971133,INTERWEIGHING PRIVATE LIMITED,KL,business_gst,32AAFCI1950F1ZZ,false,Standard Template,INR,1.00,entity_level,true,0.000,0.00,SCANGLE - POS TERMINAL SGT-A1 A5+NFC,,99381000020792249,A5,,Sales,"SCANGLE HAND HELD ANDROID POS
MTK6580(1.3GHz) ANDROID 11,2GB+16GB, 5.5'' IPS DISPLAY, 58mm(2'') THERMAL PRINTER, WIFI WITH 4G + NFC",1.00,0.00,nos,11300.00,0.00,0.0,84705010,FALSE,Cochin,Taxable,99381000000006208,GST18,18.000000,2034.00,Tax Group,,,goods,,11300.00,288300.00,340194.00,,Customer Pick,,Eldho
99381000026103414,2025-11-28,DC-00933,others,Draft,,99381000000098082,Cochin,99381000011971133,INTERWEIGHING PRIVATE LIMITED,KL,business_gst,32AAFCI1950F1ZZ,false,Standard Template,INR,1.00,entity_level,true,0.000,0.00,SCANGLE - POS TERMINAL SGT-101 (A12PRO-(ADAC)),,99381000020778183,A12N,,Sales,"SCANGLE ALL IN ONE ANDROID POS
RK3566QUAD CORE ANDROID 11, 2GB+32GB, 11.6'' IPS SCREEN, 80mm THERMAL PRINTER,AUTO CUTTER,ADDITIONAL DISPLAY",1.00,0.00,nos,20800.00,0.00,0.0,84705010,FALSE,Cochin,Taxable,99381000000006208,GST18,18.000000,3744.00,Tax Group,,,goods,,20800.00,288300.00,340194.00,,Customer Pick,,Eldho
99381000026103414,2025-11-28,DC-00933,others,Draft,,99381000000098082,Cochin,99381000011971133,INTERWEIGHING PRIVATE LIMITED,KL,business_gst,32AAFCI1950F1ZZ,false,Standard Template,INR,1.00,entity_level,true,0.000,0.00,SCANGLE - POS TERMINAL SGT-A7 (M),,99381000015796551,A14,,Sales,"SCANGLE ALL IN ONE ANDROID POS
RK3566QUAD CORE ANDROID 11, 2GB+16GB,  14'' IPS SCREEN,80mm THERMAL PRINTER AUTO CUTTER",1.00,0.00,nos,24750.00,0.00,0.0,84705010,FALSE,Cochin,Taxable,99381000000006208,GST18,18.000000,4455.00,Tax Group,,,goods,,24750.00,288300.00,340194.00,,Customer Pick,,Eldho
99381000026103414,2025-11-28,DC-00933,others,Draft,,99381000000098082,Cochin,99381000011971133,INTERWEIGHING PRIVATE LIMITED,KL,business_gst,32AAFCI1950F1ZZ,false,Standard Template,INR,1.00,entity_level,true,0.000,0.00,"SCANGLE-POS TERMINAL SGT-665A 15.6""",,99381000017833689,880P,,Sales,"RK3566 QUAD CORE 2GB+32GB SSD 15.6"" FRONT DISPLAY  80MM PRINTER
",1.00,0.00,nos,23500.00,0.00,0.0,84705010,FALSE,Cochin,Taxable,99381000000006208,GST18,18.000000,4230.00,Tax Group,,,goods,,23500.00,288300.00,340194.00,,Customer Pick,,Eldho
99381000026103414,2025-11-28,DC-00933,others,Draft,,99381000000098082,Cochin,99381000011971133,INTERWEIGHING PRIVATE LIMITED,KL,business_gst,32AAFCI1950F1ZZ,false,Standard Template,INR,1.00,entity_level,true,0.000,0.00,SCANGLE - CASH DRAWER 5 CONTAINER POS,,99381000009552593,CASHDRAWERPOS,,Sales,"DIMENSION: 420(W)*410(D)*100(H), BILLS: 5 BILLS, COINS: 5 COINS ,INTERFACE: RJ11/USB/RS232
",1.00,0.00,nos,2750.00,0.00,0.0,83030000,FALSE,Cochin,Taxable,99381000000006208,GST18,18.000000,495.00,Tax Group,,,goods,,2750.00,288300.00,340194.00,,Customer Pick,,Eldho
99381000026103414,2025-11-28,DC-00933,others,Draft,,99381000000098082,Cochin,99381000011971133,INTERWEIGHING PRIVATE LIMITED,KL,business_gst,32AAFCI1950F1ZZ,false,Standard Template,INR,1.00,entity_level,true,0.000,0.00,Bill Printing scale Q8POS,,99381000000011617,ECS5W,,Sales,Make:YESWEIGH  Model:YS-30   Max:30kg  e:5g  Min:100g  Class:III,1.00,0.00,nos,15500.00,0.00,0.0,84231000,FALSE,Cochin,Taxable,99381000000006208,GST18,18.000000,2790.00,Tax Group,,,goods,,15500.00,288300.00,340194.00,2,Customer Pick,,Eldho
99381000026103414,2025-11-28,DC-00933,others,Draft,,99381000000098082,Cochin,99381000011971133,INTERWEIGHING PRIVATE LIMITED,KL,business_gst,32AAFCI1950F1ZZ,false,Standard Template,INR,1.00,entity_level,true,0.000,0.00,Label Printing Scale Q9LBL,,99381000002536240,Q9LBL,,Sales,Make:YESWEIGH  Model:YS-30   Max:30kg  e:5g  Min:100g  Class:III,1.00,0.00,nos,14500.00,0.00,0.0,84231000,FALSE,Cochin,Taxable,99381000000006208,GST18,18.000000,2610.00,Tax Group,,,goods,,14500.00,288300.00,340194.00,1,Customer Pick,,Eldho
99381000026103414,2025-11-28,DC-00933,others,Draft,,99381000000098082,Cochin,99381000011971133,INTERWEIGHING PRIVATE LIMITED,KL,business_gst,32AAFCI1950F1ZZ,false,Standard Template,INR,1.00,entity_level,true,0.000,0.00,PRICISION BALANCE 510g/1mg,,99381000025312009,YSA510,,Sales,Max : 510g Min : 100mg e: 1mg d : 1mg Class : I Model :YSA,1.00,0.00,nos,7600.00,0.00,0.0,84238190,FALSE,Cochin,Taxable,99381000000006208,GST18,18.000000,1368.00,Tax Group,,,goods,,7600.00,288300.00,340194.00,,Customer Pick,,Eldho
99381000026103414,2025-11-28,DC-00933,others,Draft,,99381000000098082,Cochin,99381000011971133,INTERWEIGHING PRIVATE LIMITED,KL,business_gst,32AAFCI1950F1ZZ,false,Standard Template,INR,1.00,entity_level,true,0.000,0.00,"DESKTOP PRINETR BT/USB/RJ11 3"" (RECEIPT/LABEL) XP-H500B",,99381000024227424,XPDBP3RL,,Sales,"127mm/s high print speed, 82mm diameter paper roll, Imported ROHM print head",1.00,0.00,nos,5200.00,0.00,0.0,84433290,FALSE,Cochin,Taxable,99381000000006208,GST18,18.000000,936.00,Tax Group,,,goods,,5200.00,288300.00,340194.00,,Customer Pick,,Eldho
99381000026103414,2025-11-28,DC-00933,others,Draft,,99381000000098082,Cochin,99381000011971133,INTERWEIGHING PRIVATE LIMITED,KL,business_gst,32AAFCI1950F1ZZ,false,Standard Template,INR,1.00,entity_level,true,0.000,0.00,"DESKTOP PRINTER USB/LAN 3"" (XP-Q600)",,99381000024737022,XPDULP3R,,Sales,"3 inch Desktop U+L Printer,Printing Speed:230mm/s, Printer width:80mm , Interface:USB/USB+Lan, Thremal ",1.00,0.00,nos,4100.00,0.00,0.0,84433290,FALSE,Cochin,Taxable,99381000000006208,GST18,18.000000,738.00,Tax Group,,,goods,,4100.00,288300.00,340194.00,,Customer Pick,,Eldho
99381000026103414,2025-11-28,DC-00933,others,Draft,,99381000000098082,Cochin,99381000011971133,INTERWEIGHING PRIVATE LIMITED,KL,business_gst,32AAFCI1950F1ZZ,false,Standard Template,INR,1.00,entity_level,true,0.000,0.00,SCANGLE- PORTABLE THERMAL PRINTER,,99381000011340642,PTP,,Sales,"SCANGLE PORTABLE PRINTER,2 INCH
INTERFACE: USB, BLUETOOTH",1.00,0.00,nos,1900.00,0.00,0.0,84433290,FALSE,Cochin,Taxable,99381000000006208,GST18,18.000000,342.00,Tax Group,,,goods,,1900.00,288300.00,340194.00,,Customer Pick,,Eldho
99381000026103414,2025-11-28,DC-00933,others,Draft,,99381000000098082,Cochin,99381000011971133,INTERWEIGHING PRIVATE LIMITED,KL,business_gst,32AAFCI1950F1ZZ,false,Standard Template,INR,1.00,entity_level,true,0.000,0.00,PLATFORM SCALE 400X400 SS(100Kg) -EG,,99381000025726081,PLT40EG,,Sales,"40X40CM Platform Scale, 100kg/10g,  green led indicator,  SS pan, with MS back rail, MS pole, SS top platform, MS Frame",1.00,0.00,nos,3250.00,0.00,0.0,84239010,FALSE,Cochin,Taxable,99381000000006208,GST18,18.000000,585.00,Tax Group,,,goods,,3250.00,288300.00,340194.00,1,Customer Pick,,Eldho
99381000026103414,2025-11-28,DC-00933,others,Draft,,99381000000098082,Cochin,99381000011971133,INTERWEIGHING PRIVATE LIMITED,KL,business_gst,32AAFCI1950F1ZZ,false,Standard Template,INR,1.00,entity_level,true,0.000,0.00,Analytical Balance 200g/0.0001g -External,,99381000003934056,YSA204E,,Sales,"Model :YSA  SKU : YSA 2004E
Max :200g e:1mg d: 0.1mg Min:100mg",1.00,0.00,nos,24000.00,0.00,0.0,90160020,FALSE,Cochin,Taxable,99381000000006208,GST18,18.000000,4320.00,Tax Group,,,goods,,24000.00,288300.00,340194.00,1,Customer Pick,,Eldho
99381000026103414,2025-11-28,DC-00933,others,Draft,,99381000000098082,Cochin,99381000011971133,INTERWEIGHING PRIVATE LIMITED,KL,business_gst,32AAFCI1950F1ZZ,false,Standard Template,INR,1.00,entity_level,true,0.000,0.00,SCANGLE-All IN ONE POS TERMINAL SGT-665 15.6 (AI & B PRINTER),,99381000020778301,AILBL,,Sales,15.6 INCH ANDROID POS RK3566/2GB+ 32GB SSD 80MM PRINTER ANDROID 11 AI CAMERA BARCODE PRINTER WITH WEIGHING,1.00,0.00,nos,34200.00,0.00,0.0,84705010,FALSE,Cochin,Taxable,99381000000006208,GST18,18.000000,6156.00,Tax Group,,,goods,,34200.00,288300.00,340194.00,,Customer Pick,,Eldho
99381000026103414,2025-11-28,DC-00933,others,Draft,,99381000000098082,Cochin,99381000011971133,INTERWEIGHING PRIVATE LIMITED,KL,business_gst,32AAFCI1950F1ZZ,false,Standard Template,INR,1.00,entity_level,true,0.000,0.00,SCANGLE-All IN ONE POS TERMINAL SGT-665 15.6 (AI - REAR),,99381000024419571,AIPOSRD,,Sales,"15.6 INCH ANDROID POS RK3568/2GB+ 32GB SSD 80MM PRINTER ANDROID 11 AI CAMERA WITH WEIGHING,REAR DISPLAY",1.00,0.00,nos,36000.00,0.00,0.0,84705010,FALSE,Cochin,Taxable,99381000000006208,GST18,18.000000,6480.00,Tax Group,,,goods,,36000.00,288300.00,340194.00,,Customer Pick,,Eldho
99381000026103414,2025-11-28,DC-00933,others,Draft,,99381000000098082,Cochin,99381000011971133,INTERWEIGHING PRIVATE LIMITED,KL,business_gst,32AAFCI1950F1ZZ,false,Standard Template,INR,1.00,entity_level,true,0.000,0.00,HANGING WEIGHING SCALE (WITH BL -50kg) (S),,99381000025861114,HNG150S,,Sales,"Model : YSH
Max : 50kg e:5gm Min: 100g Class III
Display : Green",1.00,0.00,nos,2200.00,0.00,0.0,84231000,FALSE,Cochin,Taxable,99381000000006208,GST18,18.000000,396.00,Tax Group,,,goods,,2200.00,288300.00,340194.00,6,Customer Pick,,Eldho
99381000026192001,2025-12-03,DC-00934,Job Work,Draft,,99381000000098082,Cochin,99381000000940238,INTERWEIGHING PVT. LTD.,KL,business_gst,32AAFCI1950F1ZZ,false,Standard Template,INR,1.00,entity_level,true,0.000,0.00,SCANGLE-All IN ONE POS TERMINAL SGT-665 15.6 (AI & B PRINTER),,99381000020778301,AILBL,,Sales,15.6 INCH ANDROID POS RK3566/2GB+ 32GB SSD 80MM PRINTER ANDROID 11 AI CAMERA BARCODE PRINTER WITH WEIGHING,1.00,0.00,nos,34200.00,0.00,0.0,84705010,FALSE,Cochin,Taxable,99381000000006208,GST18,18.000000,6156.00,Tax Group,,,goods,,34200.00,37300.00,44014.00,,Porter,,Eldho
99381000026192001,2025-12-03,DC-00934,Job Work,Draft,,99381000000098082,Cochin,99381000000940238,INTERWEIGHING PVT. LTD.,KL,business_gst,32AAFCI1950F1ZZ,false,Standard Template,INR,1.00,entity_level,true,0.000,0.00,TABLE TOP SCALE PC (GREEN-AD),,99381000024199181,ATM20GAD,,Sales,"Max: 20kg  Min : 40g e : 2g Class III
Display : Green",1.00,0.00,nos,1600.00,0.00,0.0,84238190,FALSE,Cochin,Taxable,99381000000006208,GST18,18.000000,288.00,Tax Group,,,goods,,1600.00,37300.00,44014.00,,Porter,,Eldho
99381000026192001,2025-12-03,DC-00934,Job Work,Draft,,99381000000098082,Cochin,99381000000940238,INTERWEIGHING PVT. LTD.,KL,business_gst,32AAFCI1950F1ZZ,false,Standard Template,INR,1.00,entity_level,true,0.000,0.00,TABLE TOP SCALE PC (GREEN-AD) -EC,,99381000025894939,AD619,,Sales,"Max: 20kg  Min : 40g e : 2g Class III
Display : Green",1.00,0.00,nos,1500.00,0.00,0.0,84238190,FALSE,Cochin,Taxable,99381000000006208,GST18,18.000000,270.00,Tax Group,,,goods,,1500.00,37300.00,44014.00,,Porter,,Eldho
99381000026407001,2025-12-12,DC-00935,others,Draft,,99381000000098082,Cochin,99381000011971133,INTERWEIGHING PRIVATE LIMITED,KL,business_gst,32AAFCI1950F1ZZ,false,Standard Template,INR,1.00,entity_level,true,0.000,0.00,SCANGLE - THERMAL PRINTER WITH WIFI,,99381000009552781,XP350BW,,Sales,"SCANGLE THERMAL PRINER
INTERFACE :USB+ WIFI,PRINTER : 80mm",1.00,0.00,nos,4700.00,0.00,0.0,84433290,FALSE,Cochin,Taxable,99381000000006208,GST18,18.000000,846.00,Tax Group,,,goods,,4700.00,4700.00,5546.00,,Customer Pick,,Shibin
99381000026449028,2025-12-13,DC-00936,Job Work,Draft,,99381000000098082,Cochin,99381000000940238,INTERWEIGHING PVT. LTD.,KL,business_gst,32AAFCI1950F1ZZ,false,Standard Template,INR,1.00,entity_level,true,0.000,0.00,"BT PRINTER 2"" (XP-P503A)",,99381000023181471,XPBT2,,Sales,,1.00,0.00,nos,1800.00,0.00,0.0,84433290,FALSE,Cochin,Taxable,99381000000006208,GST18,18.000000,324.00,Tax Group,,,goods,,1800.00,1800.00,2124.00,,Customer Pick,,Eldho
99381000026498064,2025-12-17,DC-00937,Job Work,Draft,,99381000000098082,Cochin,99381000000112170,MEEZAN ELECTRONIC SCALES PRIVATE LIMITED,KL,business_gst,32AAECM1277C1ZY,false,Standard Template,INR,1.00,entity_level,true,0.000,0.00,"BT PRINTER 2"" (XP-P503A)",,99381000023181471,XPBT2,,Sales,,1.00,0.00,nos,1800.00,0.00,0.0,84433290,FALSE,Cochin,Taxable,99381000000006208,GST18,18.000000,324.00,Tax Group,,,goods,,1800.00,1800.00,2124.00,,Customer Pick,,Eldho
99381000026591001,2025-12-22,DC-00938,others,Draft,,99381000000098082,Cochin,99381000000940238,INTERWEIGHING PVT. LTD.,KL,business_gst,32AAFCI1950F1ZZ,false,Standard Template,INR,1.00,entity_level,true,0.000,0.00,SCANGLE - POS TERMINAL SGT-A1 A5+NFC,,99381000020792249,A5,,Sales,"SCANGLE HAND HELD ANDROID POS
MTK6580(1.3GHz) ANDROID 11,2GB+16GB, 5.5'' IPS DISPLAY, 58mm(2'') THERMAL PRINTER, WIFI WITH 4G + NFC",1.00,0.00,nos,11300.00,0.00,0.0,84705010,FALSE,Cochin,Taxable,99381000000006208,GST18,18.000000,2034.00,Tax Group,,,goods,,11300.00,11300.00,13334.00,,Customer Pick,,Eldho
99381000026612001,2025-12-23,DC-00939,others,Draft,,99381000000098082,Cochin,99381000014693003,VENKATACHALAM & CO,TN,business_gst,33AAUFV3958J1ZE,false,Standard Template,INR,1.00,entity_level,true,0.000,0.00,SCANGLE - THERMAL PRINTER WITH WIFI,,99381000009552781,XP350BW,,Sales,"SCANGLE THERMAL PRINER
INTERFACE :USB+ WIFI,PRINTER : 80mm",1.00,0.00,nos,4700.00,0.00,0.0,84433290,FALSE,Cochin,Taxable,99381000000006196,IGST18,18.000000,846.00,ItemAmount,INTD,,goods,,4700.00,4700.00,5546.00,,Delhivery,,Shibin
99381000026658094,2025-12-29,DC-00940,others,Draft,,99381000000098082,Cochin,99381000000940238,INTERWEIGHING PVT. LTD.,KL,business_gst,32AAFCI1950F1ZZ,false,Standard Template,INR,1.00,entity_level,true,0.000,0.00,"SCANGLE - POS TERMINAL SGT-668A 14""",,99381000009552631,SGT665A14,,Sales,"RK3566/2GB/16GB DDR3, 14''  FRONT DISPLAY HD, CAPACITIVE TP, ANDROID 11, ALUMINIUM FOLDABLE BODY
",1.00,0.00,nos,18500.00,0.00,0.0,84702900,FALSE,Cochin,Taxable,99381000000006208,GST18,18.000000,3330.00,Tax Group,,,goods,,18500.00,18500.00,21830.00,,Porter,,Shibin
99381000026753026,2026-01-02,DC-00941,Job Work,Draft,,99381000000098082,Cochin,99381000011971133,INTERWEIGHING PRIVATE LIMITED,KL,business_gst,32AAFCI1950F1ZZ,false,Standard Template,INR,1.00,entity_level,true,0.000,0.00,SCANGLE - POS TERMINAL SGT-A7 (M),,99381000015796551,A14,,Sales,"SCANGLE ALL IN ONE ANDROID POS
RK3566QUAD CORE ANDROID 11, 2GB+16GB,  14'' IPS SCREEN,80mm THERMAL PRINTER AUTO CUTTER",1.00,0.00,nos,24750.00,0.00,0.0,84705010,FALSE,Cochin,Taxable,99381000000006208,GST18,18.000000,4455.00,Tax Group,,,goods,,24750.00,24750.00,29205.00,,Porter,,Eldho
99381000026781001,2026-01-02,DC-00942,others,Draft,,99381000000098082,Cochin,99381000025625114,XTECH SOLUTION,MH,business_gst,27AAEPS4599J2ZX,false,Standard Template,INR,1.00,entity_level,true,0.000,0.00,"BT PRINTER 2"" (XP-P503A)",,99381000023181471,XPBT2,,Sales,,3.00,0.00,nos,1800.00,0.00,0.0,84433290,FALSE,Cochin,Taxable,99381000000006196,IGST18,18.000000,972.00,ItemAmount,INTD,,goods,,5400.00,5400.00,6372.00,,ST courier ,,Shibin
99381000026800001,2026-01-03,DC-00943,Job Work,Draft,,99381000000098082,Cochin,99381000000940238,INTERWEIGHING PVT. LTD.,KL,business_gst,32AAFCI1950F1ZZ,false,Standard Template,INR,1.00,entity_level,true,0.000,0.00,Label Printing Scale Q9LBL,,99381000002536240,Q9LBL,,Sales,Make:YESWEIGH  Model:YS-30   Max:30kg  e:5g  Min:100g  Class:III,1.00,0.00,nos,14500.00,0.00,0.0,84231000,FALSE,Cochin,Taxable,99381000000006208,GST18,18.000000,2610.00,Tax Group,,,goods,,14500.00,14500.00,17110.00,1,Porter,,Eldho
99381000026915441,2026-01-09,DC-00944,others,Draft,,99381000000098082,Cochin,99381000011971133,INTERWEIGHING PRIVATE LIMITED,KL,business_gst,32AAFCI1950F1ZZ,false,Standard Template,INR,1.00,entity_level,true,0.000,0.00,"SCANGLE - POS TERMINAL SGT-664i5 15"" AFB",,99381000020778202,AFB,,Sales,"i5 5TH GEN 4+128GB SSD 15"" FRONT DISPLAY WINDOWS 10,ALUMINIUM AALOY",1.00,0.00,nos,25800.00,0.00,0.0,84705010,FALSE,Cochin,Taxable,99381000000006208,GST18,18.000000,4644.00,Tax Group,,,goods,,25800.00,82300.00,97114.00,,Customer Pick,6789,Shibin
99381000026915441,2026-01-09,DC-00944,others,Draft,,99381000000098082,Cochin,99381000011971133,INTERWEIGHING PRIVATE LIMITED,KL,business_gst,32AAFCI1950F1ZZ,false,Standard Template,INR,1.00,entity_level,true,0.000,0.00,SCANGLE - POS TERMINAL SGT-A7,,99381000009552612,SGTA714A12,,Sales,"SCANGLE ALL IN ONE ANDROID POS
RK3566QUAD CORE ANDROID 11, 2GB+16GB,  14'' IPS SCREEN,80mm THERMAL PRINTER AUTO CUTTER",1.00,0.00,nos,24750.00,0.00,0.0,84714190,FALSE,Cochin,Taxable,99381000000006208,GST18,18.000000,4455.00,Tax Group,,,goods,,24750.00,82300.00,97114.00,,Customer Pick,6789,Shibin
99381000026915441,2026-01-09,DC-00944,others,Draft,,99381000000098082,Cochin,99381000011971133,INTERWEIGHING PRIVATE LIMITED,KL,business_gst,32AAFCI1950F1ZZ,false,Standard Template,INR,1.00,entity_level,true,0.000,0.00,SCANGLE-All IN ONE POS TERMINAL AI _ Scale,,99381000019095020,AIPOS,,Sales,"15.6 INCH ANDROID POS
 RK3566/2GB+ 32GB SSD
 80MM PRINTER
 ANDROID 11
 AI CAMERA
 WITH WEIGHING",1.00,0.00,nos,31750.00,0.00,0.0,84705010,FALSE,Cochin,Taxable,99381000000006208,GST18,18.000000,5715.00,Tax Group,,,goods,,31750.00,82300.00,97114.00,,Customer Pick,6789,Shibin
99381000026969001,2026-01-12,DC-00945,others,Draft,,99381000000098082,Cochin,99381000025625114,XTECH SOLUTION,MH,business_gst,27AAEPS4599J2ZX,false,Standard Template,INR,1.00,entity_level,true,0.000,0.00,"BT PRINTER 2"" (XP-P503A)",,99381000023181471,XPBT2,,Sales,,1.00,0.00,nos,1800.00,0.00,0.0,84433290,FALSE,Cochin,Zero Rated,99381000000006116,IGST0,0.000000,0.00,ItemAmount,INTD,,goods,,1800.00,1800.00,1800.00,,ST courier ,,Shibin
99381000027025780,2026-01-14,DC-00946,Job Work,Draft,,99381000000098082,Cochin,99381000020724005,CENTRAL TRADERS (New),KL,business_gst,32FWIPA3135B1ZA,false,Standard Template,INR,1.00,entity_level,true,0.000,0.00,TABLE TOP SCALE PC (GREEN-AD),,99381000024199181,ATM20GAD,,Sales,"Max: 20kg  Min : 40g e : 2g Class III
Display : Green",30.00,0.00,nos,1550.00,0.00,0.0,84238190,FALSE,Cochin,Taxable,99381000000006208,GST18,18.000000,8370.00,Tax Group,,,goods,,46500.00,72933.00,86061.00,,ST courier ,,Shalima KT
99381000027025780,2026-01-14,DC-00946,Job Work,Draft,,99381000000098082,Cochin,99381000020724005,CENTRAL TRADERS (New),KL,business_gst,32FWIPA3135B1ZA,false,Standard Template,INR,1.00,entity_level,true,0.000,0.00,PRICE COMPUTING SCALE WITH POLE-GREEN,,99381000002951037,APCPQ,,Sales,"Make :YESWEIGH Model: YSP -30 
 Max :30kg e :5g
Display :Green",5.00,0.00,nos,2000.00,0.00,0.0,84231000,FALSE,Cochin,Taxable,99381000000006208,GST18,18.000000,1800.00,Tax Group,,,goods,,10000.00,72933.00,86061.00,,ST courier ,,Shalima KT
99381000027025780,2026-01-14,DC-00946,Job Work,Draft,,99381000000098082,Cochin,99381000020724005,CENTRAL TRADERS (New),KL,business_gst,32FWIPA3135B1ZA,false,Standard Template,INR,1.00,entity_level,true,0.000,0.00,Platform Scale Full SS -50AD,,99381000014429027,BPCFSS,,Sales,Capacity :50kg/5g Dual display(LED) Size 30*34 Full SS,4.00,0.00,nos,3800.00,0.00,0.0,84238290,FALSE,Cochin,Taxable,99381000000006208,GST18,18.000000,2736.00,Tax Group,,,goods,,15200.00,72933.00,86061.00,4,ST courier ,,Shalima KT
99381000027025780,2026-01-14,DC-00946,Job Work,Draft,,99381000000098082,Cochin,99381000020724005,CENTRAL TRADERS (New),KL,business_gst,32FWIPA3135B1ZA,false,Standard Template,INR,1.00,entity_level,true,0.000,0.00,Freight Charges,,99381000000557009,COCS,,Sales,,137.00,0.00,kg,9.00,0.00,0.0,996819,FALSE,,Taxable,99381000000006208,GST18,18.000000,221.94,Tax Group,,,service,,1233.00,72933.00,86061.00,,ST courier ,,Shalima KT
99381000027650001,2026-02-13,DC-00947,others,Draft,,99381000003083031,Head Office,99381000025625114,XTECH SOLUTION,MH,business_gst,27AAEPS4599J2ZX,false,Standard Template,INR,1.00,entity_level,true,0.000,0.00,BARCODE SCANNER 1D (XL-65),,99381000023181490,XL6500,,Sales,service purpose,1.00,0.00,nos,1100.00,0.00,0.0,84716050,FALSE,Head Office,Taxable,99381000000006196,IGST18,18.000000,198.00,ItemAmount,INTD,,goods,,1100.00,1100.00,1298.00,,Amal Assosiate,,Shibin
99381000027650013,2026-02-13,DC-00948,others,Draft,,99381000000098082,Cochin,99381000000940238,INTERWEIGHING PVT. LTD.,KL,business_gst,32AAFCI1950F1ZZ,false,Standard Template,INR,1.00,entity_level,true,0.000,0.00,FULL PRINTER SET (1),,99381000019974212,AIPRT,,Sales,ATL AI PRINTER SET,1.00,0.00,nos,5490.00,0.00,0.0,84239020,FALSE,Cochin,Taxable,99381000000006208,GST18,18.000000,988.20,Tax Group,,,goods,,5490.00,5490.00,6478.00,,Porter,,Eldho
99381000027681001,2026-02-14,DC-00949,others,Draft,,99381000000098082,Cochin,99381000011971133,INTERWEIGHING PRIVATE LIMITED,KL,business_gst,32AAFCI1950F1ZZ,false,Standard Template,INR,1.00,entity_level,true,0.000,0.00,FULL PRINTER SET (1),,99381000019974212,AIPRT,,Sales,,1.00,0.00,nos,5490.00,0.00,0.0,84239020,FALSE,Cochin,Taxable,99381000000006208,GST18,18.000000,988.20,Tax Group,,,goods,,5490.00,5490.00,6478.00,,Customer Pick,,Shibin
99381000027783632,2026-02-17,DC-00950,others,Draft,,99381000000098082,Cochin,99381000000112170,MEEZAN ELECTRONIC SCALES PRIVATE LIMITED,KL,business_gst,32AAECM1277C1ZY,false,Standard Template,INR,1.00,entity_level,true,0.000,0.00,PLATFORM SCALE -BENCH PRO (MS),,99381000027118831,BPPRMS,,Sales,"Max:50kg e:5g Min:100g Class:III Display : Green ,Printer",8.00,0.00,nos,5100.00,0.00,0.0,84238290,FALSE,Cochin,Taxable,99381000000006208,GST18,18.000000,7344.00,Tax Group,,,goods,,40800.00,40800.00,48144.00,,Customer Pick,,Shalima KT
99381000027933198,2026-02-25,DC-00951,others,Draft,,99381000000098082,Cochin,99381000000084508,ACE ELECTRONICS,KL,business_gst,32AAZFA3650P1ZV,false,Standard Template,INR,1.00,entity_level,true,0.000,0.00,"DESKTOP PRINTER BT/USB 3"" (XP-Q600B)",,99381000024227403,XPDBP3R,,Sales,"3 inch Desktop BT Printer, Auto-cutter, wall mountable.
Support  58/80mm width paper,  USB/BT",5.00,0.00,nos,4400.00,0.00,0.0,84433290,FALSE,Cochin,Taxable,99381000000006208,GST18,18.000000,3960.00,Tax Group,,,goods,,22000.00,22000.00,25960.00,,ST courier ,,Shalima KT
99381000028097944,2026-02-28,DC-00952,others,Draft,,99381000000098082,Cochin,99381000011971133,INTERWEIGHING PRIVATE LIMITED,KL,business_gst,32AAFCI1950F1ZZ,false,Standard Template,INR,1.00,entity_level,true,0.000,0.00,PLATFORM SCALE -BENCH PRO (MS),,99381000027118831,BPPRMS,,Sales,"Max:50kg e:5g Min:100g Class:III Display : Green ,Printer",1.00,0.00,nos,5900.00,0.00,0.0,84238290,FALSE,Cochin,Taxable,99381000000006208,GST18,18.000000,1062.00,Tax Group,,,goods,,5900.00,16600.00,19588.00,,Customer Pick,,Eldho
99381000028097944,2026-02-28,DC-00952,others,Draft,,99381000000098082,Cochin,99381000011971133,INTERWEIGHING PRIVATE LIMITED,KL,business_gst,32AAFCI1950F1ZZ,false,Standard Template,INR,1.00,entity_level,true,0.000,0.00,PORTABLE SCALE 400X400 SS Cheq.,,99381000024594967,PRT40O,,Sales,"400x400 mm Portable scale 300Kg /50g, LED green double display ,SS Cheq",1.00,0.00,nos,3100.00,0.00,0.0,84238290,FALSE,Cochin,Taxable,99381000000006208,GST18,18.000000,558.00,Tax Group,,,goods,,3100.00,16600.00,19588.00,4,Customer Pick,,Eldho
99381000028097944,2026-02-28,DC-00952,others,Draft,,99381000000098082,Cochin,99381000011971133,INTERWEIGHING PRIVATE LIMITED,KL,business_gst,32AAFCI1950F1ZZ,false,Standard Template,INR,1.00,entity_level,true,0.000,0.00,PRICISION BALANCE 510g/1mg,,99381000025312009,YSA510,,Sales,Max : 510g Min : 100mg e: 1mg d : 1mg Class : I Model :YSA,1.00,0.00,nos,7600.00,0.00,0.0,84238190,FALSE,Cochin,Taxable,99381000000006208,GST18,18.000000,1368.00,Tax Group,,,goods,,7600.00,16600.00,19588.00,,Customer Pick,,Eldho
99381000028107063,2026-02-28,DC-00953,others,Draft,,99381000000098082,Cochin,99381000005074017,ELMASS’ Weighing & Automation Pvt. Ltd,KL,business_gst,32AAGCE7631N1ZF,false,Standard Template,INR,1.00,entity_level,true,0.000,0.00,"DESKTOP PRINTER BT/USB 3"" (XP-Q600B)",,99381000024227403,XPDBP3R,,Sales,"3 inch Desktop BT Printer, Auto-cutter, wall mountable.
Support  58/80mm width paper,  USB/BT",1.00,0.00,nos,4400.00,0.00,0.0,84433290,FALSE,Cochin,Taxable,99381000000006208,GST18,18.000000,792.00,Tax Group,,,goods,,4400.00,4400.00,5192.00,,Customer Pick,,Eldho
99381000028072028,2026-02-28,DC-00954,others,Draft,,99381000000098082,Cochin,99381000000940238,INTERWEIGHING PVT. LTD.,KL,business_gst,32AAFCI1950F1ZZ,false,Standard Template,INR,1.00,entity_level,true,0.000,0.00,SCANGLE - LABEL PRINTER DIRECT THERMAL,,99381000011340619,LDT,,Sales,"SCANGLE LABEL PRINTER
DIRECT THERMAL,LBL PRINTER",1.00,0.00,nos,5000.00,0.00,0.0,84433290,FALSE,Cochin,Taxable,99381000000006208,GST18,18.000000,900.00,Tax Group,,,goods,,5000.00,339300.00,400374.00,,Customer Pick,,Shibin
99381000028072028,2026-02-28,DC-00954,others,Draft,,99381000000098082,Cochin,99381000000940238,INTERWEIGHING PVT. LTD.,KL,business_gst,32AAFCI1950F1ZZ,false,Standard Template,INR,1.00,entity_level,true,0.000,0.00,SCANGLE - THERMAL PRINTER WITH BLUETOOTH,,99381000009552762,XP350BBT,,Sales,"SCANGLE THERMAL PRINER
INTERFACE : USB+BLUETOOTH,PRINTER : 80mm",2.00,0.00,nos,4700.00,0.00,0.0,84433290,FALSE,Cochin,Taxable,99381000000006208,GST18,18.000000,1692.00,Tax Group,,,goods,,9400.00,339300.00,400374.00,,Customer Pick,,Shibin
99381000028072028,2026-02-28,DC-00954,others,Draft,,99381000000098082,Cochin,99381000000940238,INTERWEIGHING PVT. LTD.,KL,business_gst,32AAFCI1950F1ZZ,false,Standard Template,INR,1.00,entity_level,true,0.000,0.00,SCANGLE - THERMAL PRINTER WITH WIFI,,99381000009552781,XP350BW,,Sales,"SCANGLE THERMAL PRINER
INTERFACE :USB+ WIFI,PRINTER : 80mm",1.00,0.00,nos,4700.00,0.00,0.0,84433290,FALSE,Cochin,Taxable,99381000000006208,GST18,18.000000,846.00,Tax Group,,,goods,,4700.00,339300.00,400374.00,,Customer Pick,,Shibin
99381000028072028,2026-02-28,DC-00954,others,Draft,,99381000000098082,Cochin,99381000000940238,INTERWEIGHING PVT. LTD.,KL,business_gst,32AAFCI1950F1ZZ,false,Standard Template,INR,1.00,entity_level,true,0.000,0.00,SCANGLE-All IN ONE POS TERMINAL SGT-665 15.6 (AI - REAR),,99381000024419571,AIPOSRD,,Sales,"15.6 INCH ANDROID POS RK3568/2GB+ 32GB SSD 80MM PRINTER ANDROID 11 AI CAMERA WITH WEIGHING,REAR DISPLAY",1.00,0.00,nos,36000.00,0.00,0.0,84705010,FALSE,Cochin,Taxable,99381000000006208,GST18,18.000000,6480.00,Tax Group,,,goods,,36000.00,339300.00,400374.00,,Customer Pick,,Shibin
99381000028072028,2026-02-28,DC-00954,others,Draft,,99381000000098082,Cochin,99381000000940238,INTERWEIGHING PVT. LTD.,KL,business_gst,32AAFCI1950F1ZZ,false,Standard Template,INR,1.00,entity_level,true,0.000,0.00,SCANGLE - POS TERMINAL SGT-A1 Q6,,99381000009557023,Q6,,Sales,"SCANGLE HAND HELD ANDROID POS
MTK6580(1.3GHz) ANDROID 11,2GB+16GB,       5'' IPS DISPLAY,  58mm(2'') THERMAL PRINTER  , WIFI WITH 4G
",2.00,0.00,nos,11500.00,0.00,0.0,84714190,FALSE,Cochin,Taxable,99381000000006208,GST18,18.000000,4140.00,Tax Group,,,goods,,23000.00,339300.00,400374.00,,Customer Pick,,Shibin
99381000028072028,2026-02-28,DC-00954,others,Draft,,99381000000098082,Cochin,99381000000940238,INTERWEIGHING PVT. LTD.,KL,business_gst,32AAFCI1950F1ZZ,false,Standard Template,INR,1.00,entity_level,true,0.000,0.00,SCANGLE - POS TERMINAL SGT-101 (A12PRO-(M)),,99381000015796532,A121,,Sales,"SCANGLE ALL IN ONE ANDROID POS
RK3566QUAD CORE ANDROID 11, 2GB+16GB, 11.6'' IPS SCREEN, 80mm THERMAL PRINTER",2.00,0.00,nos,21500.00,0.00,0.0,84705010,FALSE,Cochin,Taxable,99381000000006208,GST18,18.000000,7740.00,Tax Group,,,goods,,43000.00,339300.00,400374.00,,Customer Pick,,Shibin
99381000028072028,2026-02-28,DC-00954,others,Draft,,99381000000098082,Cochin,99381000000940238,INTERWEIGHING PVT. LTD.,KL,business_gst,32AAFCI1950F1ZZ,false,Standard Template,INR,1.00,entity_level,true,0.000,0.00,SCANGLE - POS TERMINAL SGT-101 (A12PRO-(ADAC)),,99381000020778183,A12N,,Sales,"SCANGLE ALL IN ONE ANDROID POS
RK3566QUAD CORE ANDROID 11, 2GB+32GB, 11.6'' IPS SCREEN, 80mm THERMAL PRINTER,AUTO CUTTER,ADDITIONAL DISPLAY",1.00,0.00,nos,20800.00,0.00,0.0,84705010,FALSE,Cochin,Taxable,99381000000006208,GST18,18.000000,3744.00,Tax Group,,,goods,,20800.00,339300.00,400374.00,,Customer Pick,,Shibin
99381000028072028,2026-02-28,DC-00954,others,Draft,,99381000000098082,Cochin,99381000000940238,INTERWEIGHING PVT. LTD.,KL,business_gst,32AAFCI1950F1ZZ,false,Standard Template,INR,1.00,entity_level,true,0.000,0.00,SCANGLE - POS TERMINAL SGT-A1 A5+NFC,,99381000020792249,A5,,Sales,"SCANGLE HAND HELD ANDROID POS
MTK6580(1.3GHz) ANDROID 11,2GB+16GB, 5.5'' IPS DISPLAY, 58mm(2'') THERMAL PRINTER, WIFI WITH 4G + NFC",1.00,0.00,nos,11300.00,0.00,0.0,84705010,FALSE,Cochin,Taxable,99381000000006208,GST18,18.000000,2034.00,Tax Group,,,goods,,11300.00,339300.00,400374.00,,Customer Pick,,Shibin
99381000028072028,2026-02-28,DC-00954,others,Draft,,99381000000098082,Cochin,99381000000940238,INTERWEIGHING PVT. LTD.,KL,business_gst,32AAFCI1950F1ZZ,false,Standard Template,INR,1.00,entity_level,true,0.000,0.00,"SCANGLE - POS TERMINAL SGT-A1 Q3 7""",,99381000024419592,SGTA1Q37,,Sales,"HANDHELD ANDROID POS 7"" DISPLAY 2GB+32GB",1.00,0.00,nos,16200.00,0.00,0.0,84705010,FALSE,Cochin,Taxable,99381000000006208,GST18,18.000000,2916.00,Tax Group,,,goods,,16200.00,339300.00,400374.00,,Customer Pick,,Shibin
99381000028072028,2026-02-28,DC-00954,others,Draft,,99381000000098082,Cochin,99381000000940238,INTERWEIGHING PVT. LTD.,KL,business_gst,32AAFCI1950F1ZZ,false,Standard Template,INR,1.00,entity_level,true,0.000,0.00,"SCANGLE-POS TERMINAL SGT-665A 15.6""",,99381000017833689,880P,,Sales,"RK3566 QUAD CORE 2GB+32GB SSD 15.6"" FRONT DISPLAY  80MM PRINTER
",1.00,0.00,nos,24900.00,0.00,0.0,84705010,FALSE,Cochin,Taxable,99381000000006208,GST18,18.000000,4482.00,Tax Group,,,goods,,24900.00,339300.00,400374.00,,Customer Pick,,Shibin
99381000028072028,2026-02-28,DC-00954,others,Draft,,99381000000098082,Cochin,99381000000940238,INTERWEIGHING PVT. LTD.,KL,business_gst,32AAFCI1950F1ZZ,false,Standard Template,INR,1.00,entity_level,true,0.000,0.00,SCANGLE - POS TERMINAL SGT-A1 Q3,,99381000009552566,Q3,,Sales,"PROCESSOR: MTK6580(1.3GHz), 5'' IPS DISPLAY, RAM:1GB  ROM:8GB, PPRINTER: 58MM(2'')
",29.00,0.00,nos,5000.00,0.00,0.0,84714190,FALSE,Cochin,Taxable,99381000000006208,GST18,18.000000,26100.00,Tax Group,,,goods,,145000.00,339300.00,400374.00,,Customer Pick,,Shibin
99381000028110001,2026-02-28,DC-00955,others,Draft,,99381000000098082,Cochin,99381000000940238,INTERWEIGHING PVT. LTD.,KL,business_gst,32AAFCI1950F1ZZ,false,Standard Template,INR,1.00,entity_level,true,0.000,0.00,TABLE TOP SCALE PC (GREEN-AD),,99381000024199181,ATM20GAD,,Sales,"Max: 20kg  Min : 40g e : 2g Class III
Display : Green",1.00,0.00,nos,1600.00,0.00,0.0,84238190,FALSE,Cochin,Taxable,99381000000006208,GST18,18.000000,288.00,Tax Group,,,goods,,1600.00,28100.00,33158.00,,Customer Pick,,Shibin
99381000028110001,2026-02-28,DC-00955,others,Draft,,99381000000098082,Cochin,99381000000940238,INTERWEIGHING PVT. LTD.,KL,business_gst,32AAFCI1950F1ZZ,false,Standard Template,INR,1.00,entity_level,true,0.000,0.00,TABLE TOP SCALE PC (GREEN-AD) -EC,,99381000025894939,AD619,,Sales,"Max: 20kg  Min : 40g e : 2g Class III
Display : Green",1.00,0.00,nos,1500.00,0.00,0.0,84238190,FALSE,Cochin,Taxable,99381000000006208,GST18,18.000000,270.00,Tax Group,,,goods,,1500.00,28100.00,33158.00,,Customer Pick,,Shibin
99381000028110001,2026-02-28,DC-00955,others,Draft,,99381000000098082,Cochin,99381000000940238,INTERWEIGHING PVT. LTD.,KL,business_gst,32AAFCI1950F1ZZ,false,Standard Template,INR,1.00,entity_level,true,0.000,0.00,Label Printing scale Q9,,99381000000735165,TMAQ9,,Sales,Make:YESWEIGH  Model:YS-30   Max:30kg  e:5g  Min:100g  Class:III,1.00,0.00,nos,14500.00,0.00,0.0,84231000,FALSE,Cochin,Taxable,99381000000006208,GST18,18.000000,2610.00,Tax Group,,,goods,,14500.00,28100.00,33158.00,1,Customer Pick,,Shibin
99381000028110001,2026-02-28,DC-00955,others,Draft,,99381000000098082,Cochin,99381000000940238,INTERWEIGHING PVT. LTD.,KL,business_gst,32AAFCI1950F1ZZ,false,Standard Template,INR,1.00,entity_level,true,0.000,0.00,"DESKTOP PRINTER BT/USB 3"" (XP-Q600B)",,99381000024227403,XPDBP3R,,Sales,"3 inch Desktop BT Printer, Auto-cutter, wall mountable.
Support  58/80mm width paper,  USB/BT",1.00,0.00,nos,4600.00,0.00,0.0,84433290,FALSE,Cochin,Taxable,99381000000006208,GST18,18.000000,828.00,Tax Group,,,goods,,4600.00,28100.00,33158.00,,Customer Pick,,Shibin
99381000028110001,2026-02-28,DC-00955,others,Draft,,99381000000098082,Cochin,99381000000940238,INTERWEIGHING PVT. LTD.,KL,business_gst,32AAFCI1950F1ZZ,false,Standard Template,INR,1.00,entity_level,true,0.000,0.00,PLATFORM SCALE -BENCH PRO (MS),,99381000027118831,BPPRMS,,Sales,"Max:50kg e:5g Min:100g Class:III Display : Green ,Printer",1.00,0.00,nos,5900.00,0.00,0.0,84238290,FALSE,Cochin,Taxable,99381000000006208,GST18,18.000000,1062.00,Tax Group,,,goods,,5900.00,28100.00,33158.00,,Customer Pick,,Shibin
99381000028187831,2026-03-03,DC-00957,others,Draft,,99381000000098082,Cochin,99381000006978881,INTERWEIGHING PVT LTD,TN,business_gst,33AAFCI1950F1ZX,false,Standard Template,INR,1.00,entity_level,true,0.000,0.00,"SCANGLE - POS TERMINAL SGT-664i5 15"" AFB",,99381000020778202,AFB,,Sales,"i5 5TH GEN 4+128GB SSD 15"" FRONT DISPLAY WINDOWS 10,ALUMINIUM AALOY",3.00,0.00,nos,8000.00,0.00,0.0,84705010,FALSE,Cochin,Taxable,99381000000006196,IGST18,18.000000,4320.00,ItemAmount,INTD,,goods,,24000.00,42000.00,49560.00,,Customer Pick,,Shibin
99381000028187831,2026-03-03,DC-00957,others,Draft,,99381000000098082,Cochin,99381000006978881,INTERWEIGHING PVT LTD,TN,business_gst,33AAFCI1950F1ZX,false,Standard Template,INR,1.00,entity_level,true,0.000,0.00,"SCANGLE - POS TERMINAL SGT-665 i3 14""",,99381000011340661,664W14,,Sales,"SCANGLE  DESKTOP WINDOWS POS
INTEL i3 3RD GEN WINDOWS 10,4GB+128GB SSD, 14'' FRONT DISPLAY,ALUMINIUM ALLOY CASE,COLOUR: BLACK
",2.00,0.00,nos,9000.00,0.00,0.0,84705010,FALSE,Cochin,Taxable,99381000000006196,IGST18,18.000000,3240.00,ItemAmount,INTD,,goods,,18000.00,42000.00,49560.00,,Customer Pick,,Shibin
99381000028244029,2026-03-05,DC-00958,others,Draft,,99381000000098082,Cochin,99381000000940238,INTERWEIGHING PVT. LTD.,KL,business_gst,32AAFCI1950F1ZZ,false,Standard Template,INR,1.00,entity_level,true,0.000,0.00,"DESKTOP PRINTER BT/USB 3"" (XP-Q600B)",,99381000024227403,XPDBP3R,,Sales,"3 inch Desktop BT Printer, Auto-cutter, wall mountable.
Support  58/80mm width paper,  USB/BT",1.00,0.00,nos,4600.00,0.00,0.0,84433290,FALSE,Cochin,Taxable,99381000000006208,GST18,18.000000,828.00,Tax Group,,,goods,,4600.00,123240.00,145423.00,,Customer Pick,,Shibin
99381000028244029,2026-03-05,DC-00958,others,Draft,,99381000000098082,Cochin,99381000000940238,INTERWEIGHING PVT. LTD.,KL,business_gst,32AAFCI1950F1ZZ,false,Standard Template,INR,1.00,entity_level,true,0.000,0.00,Jwellery Scale XY600-2C (600g/0.01g),,99381000009540143,YSJ612C,,Sales,Max : 610g Min : 200mg e: 10mg d : 10mg Class : II Model :YSJ,1.00,0.00,nos,4000.00,0.00,0.0,84238190,FALSE,Cochin,Taxable,99381000000006208,GST18,18.000000,720.00,Tax Group,,,goods,,4000.00,123240.00,145423.00,,Customer Pick,,Shibin
99381000028244029,2026-03-05,DC-00958,others,Draft,,99381000000098082,Cochin,99381000000940238,INTERWEIGHING PVT. LTD.,KL,business_gst,32AAFCI1950F1ZZ,false,Standard Template,INR,1.00,entity_level,true,0.000,0.00,Jwellery Scale XY3000-2C (3100g/0.01g),,99381000009540162,YSJ3102C,,Sales,Max : 3100g Min : 200mg e: 10mg d : 10mg Class II Model :YSJ,1.00,0.00,nos,9500.00,0.00,0.0,84238190,FALSE,Cochin,Taxable,99381000000006208,GST18,18.000000,1710.00,Tax Group,,,goods,,9500.00,123240.00,145423.00,,Customer Pick,,Shibin
99381000028244029,2026-03-05,DC-00958,others,Draft,,99381000000098082,Cochin,99381000000940238,INTERWEIGHING PVT. LTD.,KL,business_gst,32AAFCI1950F1ZZ,false,Standard Template,INR,1.00,entity_level,true,0.000,0.00,Floor Scale Indicator,,99381000000306107,FSIND,,Sales,,1.00,0.00,nos,1800.00,0.00,0.0,84239020,FALSE,Cochin,Taxable,99381000000006208,GST18,18.000000,324.00,Tax Group,,,goods,,1800.00,123240.00,145423.00,1,Customer Pick,,Shibin
99381000028244029,2026-03-05,DC-00958,others,Draft,,99381000000098082,Cochin,99381000000940238,INTERWEIGHING PVT. LTD.,KL,business_gst,32AAFCI1950F1ZZ,false,Standard Template,INR,1.00,entity_level,true,0.000,0.00,TABLE TOP SCALE PC (RED-AD),,99381000016785236,ATM30RAD,,Sales,"Max: 20kg  Min : 40g e : 2g Class III
Display : Red",1.00,0.00,nos,850.00,0.00,0.0,84238190,FALSE,Cochin,Taxable,99381000000006208,GST18,18.000000,153.00,Tax Group,,,goods,,850.00,123240.00,145423.00,,Customer Pick,,Shibin
99381000028244029,2026-03-05,DC-00958,others,Draft,,99381000000098082,Cochin,99381000000940238,INTERWEIGHING PVT. LTD.,KL,business_gst,32AAFCI1950F1ZZ,false,Standard Template,INR,1.00,entity_level,true,0.000,0.00,VIBRANT POLE (BM+USB),,99381000025008055,VBPLU,,Sales,"Model : YST-30
Max : 30kg e:5gm Min: 100g Class III
Display : Green",1.00,0.00,nos,1990.00,0.00,0.0,84231000,FALSE,Cochin,Taxable,99381000000006208,GST18,18.000000,358.20,Tax Group,,,goods,,1990.00,123240.00,145423.00,6,Customer Pick,,Shibin
99381000028244029,2026-03-05,DC-00958,others,Draft,,99381000000098082,Cochin,99381000000940238,INTERWEIGHING PVT. LTD.,KL,business_gst,32AAFCI1950F1ZZ,false,Standard Template,INR,1.00,entity_level,true,0.000,0.00,Precision Balance JA603 (600g/0.001g),,99381000009540231,YSA603JA,,Sales,Max : 600g Min : 100mg e: 1mg d : 1mg Class : I Model :YSA,1.00,0.00,nos,27000.00,0.00,0.0,84238190,FALSE,Cochin,Taxable,99381000000006208,GST18,18.000000,4860.00,Tax Group,,,goods,,27000.00,123240.00,145423.00,,Customer Pick,,Shibin
99381000028244029,2026-03-05,DC-00958,others,Draft,,99381000000098082,Cochin,99381000000940238,INTERWEIGHING PVT. LTD.,KL,business_gst,32AAFCI1950F1ZZ,false,Standard Template,INR,1.00,entity_level,true,0.000,0.00,Precision Balance JA203P (210g/0.001g),,99381000009540124,YSA213P,,Sales,Max : 210g Min : 100mg e: 1mg d : 1mg  Class : I Model :YSA,1.00,0.00,nos,8000.00,0.00,0.0,84238190,FALSE,Cochin,Taxable,99381000000006208,GST18,18.000000,1440.00,Tax Group,,,goods,,8000.00,123240.00,145423.00,,Customer Pick,,Shibin
99381000028244029,2026-03-05,DC-00958,others,Draft,,99381000000098082,Cochin,99381000000940238,INTERWEIGHING PVT. LTD.,KL,business_gst,32AAFCI1950F1ZZ,false,Standard Template,INR,1.00,entity_level,true,0.000,0.00,Density Balance X600-2CM (610g/0.01g),,99381000009540208,YSJ612CM,,Sales,"Max : 610g, Min : 200mg e: 10mg d: 10mg Class : II",1.00,0.00,nos,14000.00,0.00,0.0,84238190,FALSE,Cochin,Taxable,99381000000006208,GST18,18.000000,2520.00,Tax Group,,,goods,,14000.00,123240.00,145423.00,,Customer Pick,,Shibin
99381000028244029,2026-03-05,DC-00958,others,Draft,,99381000000098082,Cochin,99381000000940238,INTERWEIGHING PVT. LTD.,KL,business_gst,32AAFCI1950F1ZZ,false,Standard Template,INR,1.00,entity_level,true,0.000,0.00,Analytical Balance 200g/0.0001g - Internal,,99381000003934065,YSA204I,,Sales,Model :YSA    Max : 200g Min : 100mg e: 1mg   d : 0.1mg ,1.00,0.00,nos,27500.00,0.00,0.0,90160020,FALSE,Cochin,Taxable,99381000000006208,GST18,18.000000,4950.00,Tax Group,,,goods,,27500.00,123240.00,145423.00,1,Customer Pick,,Shibin
99381000028244029,2026-03-05,DC-00958,others,Draft,,99381000000098082,Cochin,99381000000940238,INTERWEIGHING PVT. LTD.,KL,business_gst,32AAFCI1950F1ZZ,false,Standard Template,INR,1.00,entity_level,true,0.000,0.00,Analytical Balance 200g/0.0001g -External,,99381000003934056,YSA204E,,Sales,"Model :YSA  SKU : YSA 2004E
Max :200g e:1mg d: 0.1mg Min:100mg",1.00,0.00,nos,24000.00,0.00,0.0,90160020,FALSE,Cochin,Taxable,99381000000006208,GST18,18.000000,4320.00,Tax Group,,,goods,,24000.00,123240.00,145423.00,1,Customer Pick,,Shibin
99381000028292297,2026-03-07,DC-00959,others,Draft,,99381000000098082,Cochin,99381000000114383,ACCURATE TRADE LINKS,KL,business_gst,32AHJPK1741Q1Z4,false,Standard Template,INR,1.00,entity_level,true,0.000,0.00,POST SCALE BODY 30X34,,99381000027893058,PSBWL3,,Sales,,1.00,0.00,nos,1500.00,0.00,0.0,84239020,FALSE,Cochin,Taxable,99381000000006208,GST18,18.000000,270.00,Tax Group,,,goods,,1500.00,1500.00,1770.00,,Amal Assosiate,,Shibin
99381000028450190,2026-03-14,DC-00960,others,Open,Invoiced,99381000000098082,Cochin,99381000000151001,Dynamic Enterprises,KL,business_gst,32ATJPS7075B1ZN,false,Standard Template,INR,1.00,entity_level,true,0.000,0.00,TABLE TOP CHOTTU (G),,99381000024954874,CH6VSF,,Sales,"Model : YST-20
Max : 20kg e:2gm Min: 40g Class III
Display : Green",30.00,30.00,nos,1233.00,0.00,0.0,84231000,FALSE,Cochin,Taxable,99381000000006208,GST18,18.000000,6658.20,Tax Group,,,goods,,36990.00,36990.00,43648.00,6,Customer Pick,,Eldho
99381000028514152,2026-03-18,DC-00961,others,Draft,,99381000000098082,Cochin,99381000000940238,INTERWEIGHING PVT. LTD.,KL,business_gst,32AAFCI1950F1ZZ,false,Standard Template,INR,1.00,entity_level,true,0.000,0.00,PLATFORM SCALE -BENCH PRO (MS),,99381000027118831,BPPRMS,,Sales,"Max:50kg e:5g Min:100g Class:III Display : Green ,Printer",1.00,0.00,nos,5900.00,0.00,0.0,84238290,FALSE,Cochin,Taxable,99381000000006208,GST18,18.000000,1062.00,Tax Group,,,goods,,5900.00,5900.00,6962.00,,Customer Pick,,Shibin
99381000028573036,2026-03-21,DC-00962,Job Work,Draft,,99381000000098082,Cochin,99381000000940238,INTERWEIGHING PVT. LTD.,KL,business_gst,32AAFCI1950F1ZZ,false,Standard Template,INR,1.00,entity_level,true,0.000,0.00,Price Computing Scale,,99381000005334231,PCSL,,Sales,Make :YESWEIGH Model:YS-30 Max:30kg e:5g Min:100g Class: III,1.00,0.00,nos,14500.00,0.00,0.0,84238290,FALSE,Cochin,Taxable,99381000000006208,GST18,18.000000,2610.00,Tax Group,,,goods,,14500.00,14500.00,17110.00,,Porter,,Eldho
99381000028605445,2026-03-24,DC-00963,Job Work,Draft,,99381000000098082,Cochin,99381000000940238,INTERWEIGHING PVT. LTD.,KL,business_gst,32AAFCI1950F1ZZ,false,Standard Template,INR,1.00,entity_level,true,0.000,0.00,TOUCH BENCH SCALE,,99381000025298001,BPMXMS,,Sales,"DISPLAY: 9/10 INCH
PRINTER: 58MM
PAN SIZE: 300X340 MM
BATTERY: 12V
Max : 30Kg Min : 100g e : 5g Class III
Make : SCANGLE",3.00,0.00,nos,13500.00,0.00,0.0,84238190,FALSE,Cochin,Taxable,99381000000006208,GST18,18.000000,7290.00,Tax Group,,,goods,,40500.00,40500.00,47790.00,,Porter,,Eldho
99381000028775026,2026-03-31,DC-00964,others,Draft,,99381000000098082,Cochin,99381000025625114,XTECH SOLUTION,MH,business_gst,27AAEPS4599J2ZX,false,Standard Template,INR,1.00,entity_level,true,0.000,0.00,"BT PRINTER 2"" (XP-P503A)",,99381000023181471,XPBT2,,Sales,,3.00,0.00,nos,1800.00,0.00,0.0,84433290,FALSE,Cochin,Taxable,99381000000006196,IGST18,18.000000,972.00,ItemAmount,INTD,,goods,,5400.00,5400.00,6372.00,,ST courier ,,Shibin
99381000028829076,2026-04-02,DC-00965,others,Delivered,Not Invoiced,99381000000098082,Cochin,99381000000112170,MEEZAN ELECTRONIC SCALES PRIVATE LIMITED,KL,business_gst,32AAECM1277C1ZY,false,Standard Template,INR,1.00,entity_level,true,0.000,0.00,TABLE TOP CHOTTU (G-EG),,99381000028829001,CH6VEG,,Sales,"Model : YST-20
Max : 20kg e:2gm Min: 40g Class III
Display : Green",1.00,0.00,nos,1300.00,0.00,0.0,84231000,FALSE,Cochin,Taxable,99381000000006208,GST18,18.000000,234.00,Tax Group,,,goods,,1300.00,1300.00,1534.00,6,ST courier ,,Eldho
99381000028900504,2026-04-06,DC-00966,others,Delivered,Not Invoiced,99381000000098082,Cochin,99381000000114383,ACCURATE TRADE LINKS,KL,business_gst,32AHJPK1741Q1Z4,false,Standard Template,INR,1.00,entity_level,true,0.000,0.00,Label Printing Scale Q9LBL,,99381000002536240,Q9LBL,,Sales,Make:YESWEIGH  Model:YS-30   Max:30kg  e:5g  Min:100g  Class:III,2.00,0.00,nos,12500.00,0.00,0.0,84238190,FALSE,Cochin,Taxable,99381000000006208,GST18,18.000000,4500.00,Tax Group,,,goods,,25000.00,25000.00,29500.00,1,ST courier ,,Eldho
99381000028925001,2026-04-08,DC-00967,others,Draft,,99381000000098082,Cochin,99381000011971133,INTERWEIGHING PRIVATE LIMITED,KL,business_gst,32AAFCI1950F1ZZ,false,Standard Template,INR,1.00,entity_level,true,0.000,0.00,SCANGLE - BARCODE SERIAL SCANNER  1D HANDY,,99381000025312118,SERIALSCANNER,,Sales,"SCANGLE BARCODE SERIAL SCANNER
TYPE: CCD, INTERFACE: USB
",10.00,0.00,nos,1050.00,0.00,0.0,84716050,FALSE,Cochin,Taxable,99381000000006208,GST18,18.000000,1890.00,Tax Group,,,goods,,10500.00,18400.00,21712.00,,Porter,,Shibin
99381000028925001,2026-04-08,DC-00967,others,Draft,,99381000000098082,Cochin,99381000011971133,INTERWEIGHING PRIVATE LIMITED,KL,business_gst,32AAFCI1950F1ZZ,false,Standard Template,INR,1.00,entity_level,true,0.000,0.00,PLATFORM SCALE -BENCH PRO (SS),,99381000027118854,BPPRSS,,Sales,"Max:50kg e:5g Min:100g Class:III Display : Green ,Printer",1.00,0.00,nos,7900.00,0.00,0.0,84238290,FALSE,Cochin,Taxable,99381000000006208,GST18,18.000000,1422.00,Tax Group,,,goods,,7900.00,18400.00,21712.00,,Porter,,Shibin
99381000029113031,2026-04-14,DC-00968,others,Draft,,99381000000098082,Cochin,99381000011971133,INTERWEIGHING PRIVATE LIMITED,KL,business_gst,32AAFCI1950F1ZZ,false,Standard Template,INR,1.00,entity_level,true,0.000,0.00,"SCANGLE - POS TERMINAL SGT-664i5 15"" AFB (8GB)",,99381000024474071,280F,,Sales,"i5 5TH GEN 8+256GB SSD 15"" FRONT DISPLAY WINDOWS 10,ALUMINIUM AALOY",1.00,0.00,nos,28100.00,0.00,0.0,84705010,FALSE,Cochin,Taxable,99381000000006208,GST18,18.000000,5058.00,Tax Group,,,goods,,28100.00,28100.00,33158.00,,Porter,,Shibin
99381000029299705,2026-04-18,DC-00969,others,Open,Invoiced,99381000000098082,Cochin,99381000005638183,Shinde Scale Co,MH,business_gst,27ADXPS3937N1ZD,false,Standard Template,INR,1.00,entity_level,true,0.000,0.00,PLATFORM SCALE -BENCH (G-QZ2),,99381000027664507,BPCQZ2,,Sales,Make : YESWEIGH Max:50kg e:5g Min:100g Class:III Display : Green,2.00,2.00,nos,2100.00,0.00,0.0,84238290,FALSE,Cochin,Taxable,99381000000006196,IGST18,18.000000,756.00,ItemAmount,INTD,,goods,,4200.00,4200.00,4956.00,,Delhivery,,Shibin
99381000029464000,2026-04-23,DC-00970,others,Draft,,99381000000098082,Cochin,99381000011971133,INTERWEIGHING PRIVATE LIMITED,KL,business_gst,32AAFCI1950F1ZZ,false,Standard Template,INR,1.00,entity_level,true,0.000,0.00,Platform Weighing Scale 400x500 (G-QZ-FSS),,99381000024199143,PF45QZ,,Sales,"Make:YESWEIGH Model : YSP PC
Max : 200kg  e: 20g Min :400gm
Class: III,FULL SS",1.00,0.00,nos,6000.00,0.00,0.0,84238290,FALSE,Cochin,Taxable,99381000000006208,GST18,18.000000,1080.00,Tax Group,,,goods,,6000.00,6000.00,7080.00,1,Customer Pick,,Shalima KT
99381000029579001,2026-04-30,DC-00971,Job Work,Draft,,99381000000098082,Cochin,99381000011971133,INTERWEIGHING PRIVATE LIMITED,KL,business_gst,32AAFCI1950F1ZZ,false,Standard Template,INR,1.00,entity_level,true,0.000,0.00,ECS Indicator,,99381000000343199,ECSIND,,Sales,,2.00,0.00,nos,14500.00,0.00,0.0,84231000,FALSE,Cochin,Taxable,99381000000006208,GST18,18.000000,5220.00,Tax Group,,,goods,,29000.00,29000.00,34220.00,1,Porter,,Eldho
99381000029618001,2026-05-02,DC-00972,Job Work,Draft,,99381000000098082,Cochin,99381000011971133,INTERWEIGHING PRIVATE LIMITED,KL,business_gst,32AAFCI1950F1ZZ,false,Standard Template,INR,1.00,entity_level,true,0.000,0.00,"SCANGLE - POS TERMINAL SGT-664i5 15"" AFB (8GB)",,99381000024474071,280F,,Sales,"i5 5TH GEN 8+256GB SSD 15"" FRONT DISPLAY WINDOWS 10,ALUMINIUM AALOY",3.00,0.00,nos,28100.00,0.00,0.0,84705010,FALSE,Cochin,Taxable,99381000000006208,GST18,18.000000,15174.00,Tax Group,,,goods,,84300.00,84300.00,99474.00,,Porter,,Eldho
99381000029610070,2026-05-02,DC-00973,others,Draft,,99381000000098082,Cochin,99381000011971133,INTERWEIGHING PRIVATE LIMITED,KL,business_gst,32AAFCI1950F1ZZ,false,Standard Template,INR,1.00,entity_level,true,0.000,0.00,ECS 5W BODY SET,,99381000001663001,ECS821,,Sales,,3.00,0.00,nos,1000.00,0.00,0.0,84239020,FALSE,Cochin,Taxable,99381000000006208,GST18,18.000000,540.00,Tax Group,,,goods,,3000.00,3000.00,3540.00,,Customer Pick,,Shibin
99381000029704001,2026-05-07,DC-00974,Job Work,Draft,,99381000000098082,Cochin,99381000011971133,INTERWEIGHING PRIVATE LIMITED,KL,business_gst,32AAFCI1950F1ZZ,false,Standard Template,INR,1.00,entity_level,true,0.000,0.00,SCANGLE - POS TERMINAL SGT-A1 Q3,,99381000009552566,Q3,,Sales,"PROCESSOR: MTK6580(1.3GHz), 5'' IPS DISPLAY, RAM:1GB  ROM:8GB, PPRINTER: 58MM(2'')
",1.00,0.00,nos,10000.00,0.00,0.0,84714190,FALSE,Cochin,Taxable,99381000000006208,GST18,18.000000,1800.00,Tax Group,,,goods,,10000.00,33400.00,39412.00,,Customer Pick,,Eldho
99381000029704001,2026-05-07,DC-00974,Job Work,Draft,,99381000000098082,Cochin,99381000011971133,INTERWEIGHING PRIVATE LIMITED,KL,business_gst,32AAFCI1950F1ZZ,false,Standard Template,INR,1.00,entity_level,true,0.000,0.00,SCANGLE- PORTABLE THERMAL PRINTER,,99381000011340642,PTP,,Sales,"SCANGLE PORTABLE PRINTER,2 INCH
INTERFACE: USB, BLUETOOTH",1.00,0.00,nos,1900.00,0.00,0.0,84433290,FALSE,Cochin,Taxable,99381000000006208,GST18,18.000000,342.00,Tax Group,,,goods,,1900.00,33400.00,39412.00,,Customer Pick,,Eldho
99381000029704001,2026-05-07,DC-00974,Job Work,Draft,,99381000000098082,Cochin,99381000011971133,INTERWEIGHING PRIVATE LIMITED,KL,business_gst,32AAFCI1950F1ZZ,false,Standard Template,INR,1.00,entity_level,true,0.000,0.00,SCANGLE - POS TERMINAL SGT-101 (A12PRO-(M)),,99381000015796532,A121,,Sales,"SCANGLE ALL IN ONE ANDROID POS
RK3566QUAD CORE ANDROID 11, 2GB+16GB, 11.6'' IPS SCREEN, 80mm THERMAL PRINTER",1.00,0.00,nos,21500.00,0.00,0.0,84705010,FALSE,Cochin,Taxable,99381000000006208,GST18,18.000000,3870.00,Tax Group,,,goods,,21500.00,33400.00,39412.00,,Customer Pick,,Eldho
99381000029792141,2026-05-12,DC-00975,Job Work,Draft,,99381000000098082,Cochin,99381000014778101,MAHA ENTERPRISES,TN,business_gst,33CQCPP0155M1ZT,false,Standard Template,INR,1.00,entity_level,true,0.000,0.00,BY Display Bench Front and Back (Red LED),,99381000006435178,BY002,,Sales,digits only,2.00,0.00,nos,245.00,0.00,0.0,84239020,FALSE,Cochin,Taxable,99381000000006196,IGST18,18.000000,88.20,ItemAmount,INTD,,goods,,490.00,490.00,578.00,,ST courier ,,Eldho
99381000029846001,2026-05-14,DC-00976,Job Work,Draft,,99381000000098082,Cochin,99381000011971133,INTERWEIGHING PRIVATE LIMITED,KL,business_gst,32AAFCI1950F1ZZ,false,Standard Template,INR,1.00,entity_level,true,0.000,0.00,"SCANGLE - POS TERMINAL SGT-664i5 15"" AFB (8GB)",,99381000024474071,280F,,Sales,"i5 5TH GEN 8+256GB SSD 15"" FRONT DISPLAY WINDOWS 10,ALUMINIUM AALOY",1.00,0.00,nos,28100.00,0.00,0.0,84705010,FALSE,Cochin,Taxable,99381000000006208,GST18,18.000000,5058.00,Tax Group,,,goods,,28100.00,28100.00,33158.00,,Porter,,Eldho
99381000029884001,2026-05-16,DC-00977,others,Draft,,99381000000098082,Cochin,99381000011971133,INTERWEIGHING PRIVATE LIMITED,KL,business_gst,32AAFCI1950F1ZZ,false,Standard Template,INR,1.00,entity_level,true,0.000,0.00,"SCANGLE - POS TERMINAL SGT-664i5 15"" AFB (8GB)",,99381000024474071,280F,,Sales,"i5 5TH GEN 8+256GB SSD 15"" FRONT DISPLAY WINDOWS 10,ALUMINIUM AALOY",1.00,0.00,nos,10000.00,0.00,0.0,84705010,FALSE,Cochin,Taxable,99381000000006208,GST18,18.000000,1800.00,Tax Group,,,goods,,10000.00,33400.00,39412.00,,Customer Pick,,Shibin
99381000029884001,2026-05-16,DC-00977,others,Draft,,99381000000098082,Cochin,99381000011971133,INTERWEIGHING PRIVATE LIMITED,KL,business_gst,32AAFCI1950F1ZZ,false,Standard Template,INR,1.00,entity_level,true,0.000,0.00,SCANGLE- PORTABLE THERMAL PRINTER,,99381000011340642,PTP,,Sales,"SCANGLE PORTABLE PRINTER,2 INCH
INTERFACE: USB, BLUETOOTH",1.00,0.00,nos,1900.00,0.00,0.0,84433290,FALSE,Cochin,Taxable,99381000000006208,GST18,18.000000,342.00,Tax Group,,,goods,,1900.00,33400.00,39412.00,,Customer Pick,,Shibin
99381000029884001,2026-05-16,DC-00977,others,Draft,,99381000000098082,Cochin,99381000011971133,INTERWEIGHING PRIVATE LIMITED,KL,business_gst,32AAFCI1950F1ZZ,false,Standard Template,INR,1.00,entity_level,true,0.000,0.00,SCANGLE - POS TERMINAL SGT-101 (A12PRO-(M)),,99381000015796532,A121,,Sales,"SCANGLE ALL IN ONE ANDROID POS
RK3566QUAD CORE ANDROID 11, 2GB+16GB, 11.6'' IPS SCREEN, 80mm THERMAL PRINTER",1.00,0.00,nos,21500.00,0.00,0.0,84705010,FALSE,Cochin,Taxable,99381000000006208,GST18,18.000000,3870.00,Tax Group,,,goods,,21500.00,33400.00,39412.00,,Customer Pick,,Shibin
99381000029885838,2026-05-16,DC-00978,others,Open,Invoiced,99381000000098082,Cochin,99381000000309611,KRAUS INSTRUMENTS,KL,business_gst,32AASFK0676Q1ZM,false,Standard Template,INR,1.00,entity_level,true,0.000,0.00,PORTABLE SCALE 400X400 SS Cheq.,,99381000024594967,PRT40O,,Sales,"400x400 mm Portable scale 300Kg /50g, LED green double display ,SS Cheq",2.00,2.00,nos,3100.00,0.00,0.0,84238290,FALSE,Cochin,Taxable,99381000000006208,GST18,18.000000,1116.00,Tax Group,,,goods,,6200.00,6200.00,7316.00,4,ST courier ,,Shalima KT
99381000029912717,2026-05-18,DC-00979,others,Draft,,99381000000098082,Cochin,99381000009471026,ARYA SALES,MH,business_gst,27ARBPP0041L1ZW,false,Standard Template,INR,1.00,entity_level,true,0.000,0.00,Platform Scale Full SS -50AD,,99381000014429027,BPCFSS,,Sales,Capacity :50kg/5g Dual display(LED) Size 30*34 Full SS,1.00,0.00,nos,3800.00,0.00,0.0,84238290,FALSE,Cochin,Taxable,99381000000006196,IGST18,18.000000,684.00,ItemAmount,INTD,,goods,,3800.00,3800.00,4484.00,4,Delhivery,,Shalima KT
99381000029993529,2026-05-21,DC-00980,others,Open,Invoiced,99381000000098082,Cochin,99381000000309611,KRAUS INSTRUMENTS,KL,business_gst,32AASFK0676Q1ZM,false,Standard Template,INR,1.00,entity_level,true,0.000,0.00,Bill Printing scale Q8POS,INR 29000.00,99381000000011617,ECS5W,,Sales,Make:YESWEIGH  Model:YS-30   Max:30kg  e:5g  Min:100g  Class:III,1.00,1.00,nos,13250.00,0.00,0.0,84238190,FALSE,Cochin,Taxable,99381000000006208,GST18,18.000000,2385.00,Tax Group,,,goods,,13250.00,34400.00,40592.00,2,ST courier ,,Shalima KT
99381000029993529,2026-05-21,DC-00980,others,Open,Invoiced,99381000000098082,Cochin,99381000000309611,KRAUS INSTRUMENTS,KL,business_gst,32AASFK0676Q1ZM,false,Standard Template,INR,1.00,entity_level,true,0.000,0.00,Label Printing Scale Q9LBL,INR 28000.00,99381000002536240,Q9LBL,,Sales,Make:YESWEIGH  Model:YS-30   Max:30kg  e:5g  Min:100g  Class:III,1.00,1.00,nos,13150.00,0.00,0.0,84238190,FALSE,Cochin,Taxable,99381000000006208,GST18,18.000000,2367.00,Tax Group,,,goods,,13150.00,34400.00,40592.00,1,ST courier ,,Shalima KT
99381000029993529,2026-05-21,DC-00980,others,Open,Invoiced,99381000000098082,Cochin,99381000000309611,KRAUS INSTRUMENTS,KL,business_gst,32AASFK0676Q1ZM,false,Standard Template,INR,1.00,entity_level,true,0.000,0.00,Platform Scale Full SS -50AD,,99381000014429027,BPCFSS,,Sales,Capacity :50kg/5g Dual display(LED) Size 30*34 Full SS,1.00,1.00,nos,3600.00,0.00,0.0,84238290,FALSE,Cochin,Taxable,99381000000006208,GST18,18.000000,648.00,Tax Group,,,goods,,3600.00,34400.00,40592.00,4,ST courier ,,Shalima KT
99381000029993529,2026-05-21,DC-00980,others,Open,Invoiced,99381000000098082,Cochin,99381000000309611,KRAUS INSTRUMENTS,KL,business_gst,32AASFK0676Q1ZM,false,Standard Template,INR,1.00,entity_level,true,0.000,0.00,PLATFORM SCALE -BENCH (G-QZ2),,99381000027664507,BPCQZ2,,Sales,Make : YESWEIGH Max:50kg e:5g Min:100g Class:III Display : Green,2.00,2.00,nos,2200.00,0.00,0.0,84238290,FALSE,Cochin,Taxable,99381000000006208,GST18,18.000000,792.00,Tax Group,,,goods,,4400.00,34400.00,40592.00,,ST courier ,,Shalima KT
99381000030014001,2026-05-22,DC-00981,others,Draft,,99381000000098082,Cochin,99381000000940238,INTERWEIGHING PVT. LTD.,KL,business_gst,32AAFCI1950F1ZZ,false,Standard Template,INR,1.00,entity_level,true,0.000,0.00,PRICISION BALANCE 510g/1mg,,99381000025312009,YSA510,,Sales,Max : 510g Min : 100mg e: 1mg d : 1mg Class : I Model :YSA,1.00,0.00,nos,7900.00,0.00,0.0,84238190,FALSE,Cochin,Taxable,99381000000006208,GST18,18.000000,1422.00,Tax Group,,,goods,,7900.00,34700.00,40946.00,,Customer Pick,,Shibin
99381000030014001,2026-05-22,DC-00981,others,Draft,,99381000000098082,Cochin,99381000000940238,INTERWEIGHING PVT. LTD.,KL,business_gst,32AAFCI1950F1ZZ,false,Standard Template,INR,1.00,entity_level,true,0.000,0.00,Platform Scale Full SS -50AD,,99381000014429027,BPCFSS,,Sales,"Capacity :50kg/5g Dual display(LED) Size 30*34 Full SS
(without box)",1.00,0.00,nos,3800.00,0.00,0.0,84238290,FALSE,Cochin,Taxable,99381000000006208,GST18,18.000000,684.00,Tax Group,,,goods,,3800.00,34700.00,40946.00,4,Customer Pick,,Shibin
99381000030014001,2026-05-22,DC-00981,others,Draft,,99381000000098082,Cochin,99381000000940238,INTERWEIGHING PVT. LTD.,KL,business_gst,32AAFCI1950F1ZZ,false,Standard Template,INR,1.00,entity_level,true,0.000,0.00,ECONOMIC BENCH MS,,99381000006175159,BY5039,,Sales,"Size : 30*34 Max: 50kg e: 5g
Dual display, LED RED display,Foldable platform",1.00,0.00,nos,1950.00,0.00,0.0,84238290,FALSE,Cochin,Taxable,99381000000006208,GST18,18.000000,351.00,Tax Group,,,goods,,1950.00,34700.00,40946.00,4,Customer Pick,,Shibin
99381000030014001,2026-05-22,DC-00981,others,Draft,,99381000000098082,Cochin,99381000000940238,INTERWEIGHING PVT. LTD.,KL,business_gst,32AAFCI1950F1ZZ,false,Standard Template,INR,1.00,entity_level,true,0.000,0.00,PLATFORM SCALE -BENCH (FG-AD1),,99381000019013465,BPCGADF,,Sales,Max:50kg e:5g Min:100g Class:III Display : Green,1.00,0.00,nos,1950.00,0.00,0.0,84238290,FALSE,Cochin,Taxable,99381000000006208,GST18,18.000000,351.00,Tax Group,,,goods,,1950.00,34700.00,40946.00,,Customer Pick,,Shibin
99381000030014001,2026-05-22,DC-00981,others,Draft,,99381000000098082,Cochin,99381000000940238,INTERWEIGHING PVT. LTD.,KL,business_gst,32AAFCI1950F1ZZ,false,Standard Template,INR,1.00,entity_level,true,0.000,0.00,SCANGLE - POS TERMINAL SGT-A1 Q3,,99381000009552566,Q3,,Sales,"PROCESSOR: MTK6580(1.3GHz), 5'' IPS DISPLAY, RAM:1GB  ROM:8GB, PPRINTER: 58MM(2'')
",1.00,0.00,nos,10000.00,0.00,0.0,84714190,FALSE,Cochin,Taxable,99381000000006208,GST18,18.000000,1800.00,Tax Group,,,goods,,10000.00,34700.00,40946.00,,Customer Pick,,Shibin
99381000030014001,2026-05-22,DC-00981,others,Draft,,99381000000098082,Cochin,99381000000940238,INTERWEIGHING PVT. LTD.,KL,business_gst,32AAFCI1950F1ZZ,false,Standard Template,INR,1.00,entity_level,true,0.000,0.00,Platform Weighing Scale 400x500 (G-QZ-FSS),,99381000024199143,PF45QZ,,Sales,"Make:YESWEIGH Model : YSP PC
Max : 200kg  e: 20g Min :400gm
Class: III,FULL SS",1.00,0.00,nos,6000.00,0.00,0.0,84238290,FALSE,Cochin,Taxable,99381000000006208,GST18,18.000000,1080.00,Tax Group,,,goods,,6000.00,34700.00,40946.00,1,Customer Pick,,Shibin
99381000030014001,2026-05-22,DC-00981,others,Draft,,99381000000098082,Cochin,99381000000940238,INTERWEIGHING PVT. LTD.,KL,business_gst,32AAFCI1950F1ZZ,false,Standard Template,INR,1.00,entity_level,true,0.000,0.00,PORTABLE SCALE 400X400 SS Cheq.,,99381000024594967,PRT40O,,Sales,"400x400 mm Portable scale 300Kg /50g, LED green double display ,SS Cheq
(without box)",1.00,0.00,nos,3100.00,0.00,0.0,84238290,FALSE,Cochin,Taxable,99381000000006208,GST18,18.000000,558.00,Tax Group,,,goods,,3100.00,34700.00,40946.00,4,Customer Pick,,Shibin
99381000030014572,2026-05-23,DC-00982,others,Draft,,99381000000098082,Cochin,99381000000112170,MEEZAN ELECTRONIC SCALES PRIVATE LIMITED,KL,business_gst,32AAECM1277C1ZY,false,Standard Template,INR,1.00,entity_level,true,0.000,0.00,CCM  - Value Counting Machine,INR 19500.00,99381000000302452,AL66,,Sales,,1.00,0.00,nos,7500.00,0.00,0.0,84729090,FALSE,Cochin,Taxable,99381000000006208,GST18,18.000000,1350.00,Tax Group,,,goods,,7500.00,7500.00,8850.00,,ST courier ,,Shalima KT
99381000030079001,2026-05-26,DC-00983,others,Draft,,99381000000098082,Cochin,99381000006978881,INTERWEIGHING PVT LTD,TN,business_gst,33AAFCI1950F1ZX,false,Standard Template,INR,1.00,entity_level,true,0.000,0.00,Bill Printing scale Q8POS,INR 29000.00,99381000000011617,ECS5W,,Sales,Make:YESWEIGH  Model:YS-30   Max:30kg  e:5g  Min:100g  Class:III,2.00,0.00,nos,14500.00,0.00,0.0,84238190,FALSE,Cochin,Taxable,99381000000006196,IGST18,18.000000,5220.00,ItemAmount,INTD,,goods,,29000.00,40100.00,47318.00,2,Customer Pick,,Shibin
99381000030079001,2026-05-26,DC-00983,others,Draft,,99381000000098082,Cochin,99381000006978881,INTERWEIGHING PVT LTD,TN,business_gst,33AAFCI1950F1ZX,false,Standard Template,INR,1.00,entity_level,true,0.000,0.00,"BT PRINTER 2"" (XP-P503A)",,99381000023181471,XPBT2,,Sales,,2.00,0.00,nos,1800.00,0.00,0.0,84433290,FALSE,Cochin,Taxable,99381000000006196,IGST18,18.000000,648.00,ItemAmount,INTD,,goods,,3600.00,40100.00,47318.00,,Customer Pick,,Shibin
99381000030079001,2026-05-26,DC-00983,others,Draft,,99381000000098082,Cochin,99381000006978881,INTERWEIGHING PVT LTD,TN,business_gst,33AAFCI1950F1ZX,false,Standard Template,INR,1.00,entity_level,true,0.000,0.00,CCM  - Value Counting Machine,INR 19500.00,99381000000302452,AL66,,Sales,,1.00,0.00,nos,7500.00,0.00,0.0,84729090,FALSE,Cochin,Taxable,99381000000006196,IGST18,18.000000,1350.00,ItemAmount,INTD,,goods,,7500.00,40100.00,47318.00,,Customer Pick,,Shibin
99381000030110001,2026-05-26,DC-00984,others,Draft,,99381000000098082,Cochin,99381000011971133,INTERWEIGHING PRIVATE LIMITED,KL,business_gst,32AAFCI1950F1ZZ,false,Standard Template,INR,1.00,entity_level,true,0.000,0.00,"SCANGLE-POS TERMINAL SGT- 665 i5 15.6"" (M)",INR 40000.00,99381000015796507,280F156,,Sales,"SCANGLE  DESKTOP WINDOWS POS
INTEL i5 3RD GEN WINDOWS 10, 4GB+128GB SSD, 15.6'' FRONT DISPLAY, ALLUMINIUM FOLDABLE BODY,COLOUR : BLACK
",1.00,0.00,nos,20000.00,0.00,0.0,84705010,FALSE,Cochin,Taxable,99381000000006208,GST18,18.000000,3600.00,Tax Group,,,goods,,20000.00,36500.00,43070.00,,Customer Pick,,Eldho
99381000030110001,2026-05-26,DC-00984,others,Draft,,99381000000098082,Cochin,99381000011971133,INTERWEIGHING PRIVATE LIMITED,KL,business_gst,32AAFCI1950F1ZZ,false,Standard Template,INR,1.00,entity_level,true,0.000,0.00,SCANGLE- HAND HELD POS,,99381000014078081,A7,,Sales,"RK3566,Android 11,2GB,32GB,7"" Display,80mm printer",1.00,0.00,nos,16500.00,0.00,0.0,84705010,FALSE,Cochin,Taxable,99381000000006208,GST18,18.000000,2970.00,Tax Group,,,goods,,16500.00,36500.00,43070.00,,Customer Pick,,Eldho
99381000030302738,2026-06-03,DC-00985,others,Open,Invoiced,99381000000098082,Cochin,99381000001358611,Kanpur ScaleCare Pvt Ltd,UP,business_gst,09AAACK8988Q1ZC,false,Standard Template,INR,1.00,entity_level,true,0.000,0.00,Floor Scale 1mx1m,INR 29000.00,99381000000035236,PLT1000,,Sales,Make: YES WEIGH  Model:YSP-1000 Max:1000kg  e:100g  Min:2kg  Class:III,2.00,2.00,nos,12000.00,0.00,0.0,84239020,FALSE,Cochin,Taxable,99381000000006196,IGST18,18.000000,4320.00,ItemAmount,INTD,,goods,,24000.00,24000.00,28320.00,1,Delhivery,,Shalima KT
99381000030312253,2026-06-03,DC-00986,others,Draft,,99381000000098082,Cochin,99381000000112170,MEEZAN ELECTRONIC SCALES PRIVATE LIMITED,KL,business_gst,32AAECM1277C1ZY,false,Standard Template,INR,1.00,entity_level,true,0.000,0.00,POST SCALE BODY 30X34,,99381000027893058,PSBWL3,,Sales,Indicator case - 9 Nos,1.00,0.00,nos,1392.00,0.00,0.0,84239020,FALSE,Cochin,Taxable,99381000000006208,GST18,18.000000,250.56,Tax Group,,,goods,,1392.00,1392.00,1643.00,,ST courier ,,Shalima KT
99381000030464001,2026-06-09,DC-00987,others,Draft,,99381000000098082,Cochin,99381000011971133,INTERWEIGHING PRIVATE LIMITED,KL,business_gst,32AAFCI1950F1ZZ,false,Standard Template,INR,1.00,entity_level,true,0.000,0.00,PRICE COMPUTING SCALE WITH POLE-GREEN,INR 5900.00,99381000002951037,APCPQ,,Sales,"Make :YESWEIGH Model: YSP -30 
 Max :30kg e :5g
Display :Green",1.00,0.00,nos,2000.00,0.00,0.0,84231000,FALSE,Cochin,Taxable,99381000000006208,GST18,18.000000,360.00,Tax Group,,,goods,,2000.00,2000.00,2360.00,,Customer Pick,,Shalima KT
99381000030703494,2026-06-17,DC-00988,others,Draft,,99381000000098082,Cochin,99381000001358611,Kanpur ScaleCare Pvt Ltd,UP,business_gst,09AAACK8988Q1ZC,false,Standard Template,INR,1.00,entity_level,true,0.000,0.00,,,,,,Sales,"FLOOR SCALE 1mx1m CORD WIRES - 2 Nos
FLOOR SCALE 1mx1m  LEG - 8 Nos",10.00,0.00,,20.00,0.00,0.0,996819,FALSE,,Taxable,99381000000006196,IGST18,18.000000,36.00,ItemAmount,INTD,,service,,200.00,200.00,236.00,1,Delhivery,,Shalima KT
99381000030713029,2026-06-18,DC-00989,others,Draft,,99381000000098082,Cochin,99381000009393003,GIRI BROTHERS,TN,business_gst,33AACFG7583Q1ZS,false,Standard Template,INR,1.00,entity_level,true,0.000,0.00,BPCGQZ1 PAN,,99381000025744505,BPCGQ2,,Sales,,1.00,0.00,nos,190.00,0.00,0.0,84239020,FALSE,Cochin,Taxable,99381000000006196,IGST18,18.000000,34.20,ItemAmount,INTD,,goods,,190.00,190.00,224.00,,ST courier ,,Shalima KT
99381000030855103,2026-06-23,DC-00990,others,Draft,,99381000000098082,Cochin,99381000001907025,C.Manikkam Chetty Son,TN,business_gst,33AEFPC3510G1ZA,false,Standard Template,INR,1.00,entity_level,true,0.000,0.00,Analytical Balance 200g/0.0001g -External,INR 45000.00,99381000003934056,YSA204E,,Sales,"Model :YSA  SKU : YSA 2004E
Max :200g e:1mg d: 0.1mg Min:100mg",1.00,0.00,nos,22000.00,0.00,0.0,90160020,FALSE,Cochin,Taxable,99381000000006196,IGST18,18.000000,3960.00,ItemAmount,INTD,,goods,,22000.00,22000.00,25960.00,1,ST courier ,,Shalima KT
99381000030911415,2026-06-25,DC-00991,others,Draft,,99381000000098082,Cochin,99381000000112170,MEEZAN ELECTRONIC SCALES PRIVATE LIMITED,KL,business_gst,32AAECM1277C1ZY,false,Standard Template,INR,1.00,entity_level,true,0.000,0.00,,,,,,Sales,"Spare parts - 1 box
For Repairing (Not for Sale)",1.00,0.00,,1500.00,0.00,0.0,996819,FALSE,,Taxable,99381000000006208,GST18,18.000000,270.00,Tax Group,,,service,,1500.00,1500.00,1770.00,1,Delhivery,,Shalima KT
99381000031408528,2026-07-15,DC-00992,others,Draft,,99381000000098082,Cochin,99381000001120067,SILCO ENTERPRISES,KA,business_gst,29AAGFS6793L1Z9,false,Standard Template,INR,1.00,entity_level,true,0.000,0.00,,,,,,Sales,Indicator  ,2.00,0.00,,1200.00,0.00,0.0,996819,FALSE,,Taxable,99381000000006196,IGST18,18.000000,432.00,ItemAmount,INTD,,service,,2400.00,2400.00,2832.00,,Delhivery,,Biju B
