Item ID,Item Name,SKU,UPC,MPN,EAN,ISBN,Is Returnable Item,Brand,Manufacturer,HSN/SAC,Is Tax Calculated on Label Price,Description,Rate,MRP,Account,Account Code,Package Weight,Package Length,Package Width,Package Height,Dimension Unit,Weight Unit,Is Receivable Service,Taxable,Exemption Reason,Taxability Type,Product Type,Product Name,Item Description,AttributeName1,AttributeName2,AttributeName3,AttributeOption1,AttributeOption2,AttributeOption3,Category Name,Parent Category,Intra State Tax Name,Intra State Tax Rate,Intra State Tax Type,Inter State Tax Name,Inter State Tax Rate,Inter State Tax Type,Source,Reference ID,Last Sync Time,Status,Usage unit,Unit Name,Purchase Rate,Purchase Account,Purchase Account Code,Purchase Description,Inventory Account,Inventory Account Code,Inventory Valuation Method,Reorder Point,Vendor,Warehouse Name,Opening Stock,Opening Stock Value,Stock On Hand,Item Type,Sellable,Purchasable,Track Inventory,TrackSerialNumber,Track Batches,Enable Bin Tracking,Batch ID,Batch Reference#,Manufacturer Batch#,Manufactured Date,Expiry Date,Quantity In,Serial Numbers,Is Combo Product,Loaction,CF.No of pcs in Master carton
99381000000005177,Electronic weighing scale,,,,,,false,,,,FALSE,"Model no : YS 30
Max: 30 kg  e value: 5g  Min: 100g Class III",INR 14500.00,,Sales,,0.00,0.00,0.00,0.00,,,,true,,,goods,Electronic weighing scale,"Model no : YS 30
Max: 30 kg  e value: 5g  Min: 100g Class III",,,,,,,,,GST18,18.000000,Group,IGST18,18.000000,Simple,1,,,Inactive,no,,INR 10500.00,Cost of Goods Sold,,,Inventory Asset,,,,,,,,,Sales and Purchases,true,true,false,false,false,false,,,,,,,,false,,
99381000000011617,Electronic  Cash scale Q8,ECS5W,,,,,false,,,84238190,FALSE,Make:YESWEIGH  Model:YS-30   Max:30kg  e:5g  Min:100g  Class:III,INR 15500.00,INR 29000.00,Sales,,14.00,55.00,45.00,52.00,cm,kg,,true,,,goods,Bill Printing scale Q8POS,Make:YESWEIGH  Model:YS-30   Max:30kg  e:5g  Min:100g  Class:III,,,,,,,BILL PRINTING SCALES,,GST18,18.000000,Group,IGST18,18.000000,Simple,1,,,Active,nos,nos,INR 10779.00,Cost of Goods Sold,,,Inventory Asset,,fifo,,,,,,6.00,Inventory,true,true,true,false,false,false,,,,,,,,false,,2
99381000000016031,Price Computing scale,ATMPC,,,,,false,,,84238190,FALSE,"Make: YESWEIGH  Model:YSP-20
Max:20kg  e:2g  Min:40g  Class:III",INR 1950.00,INR 4875.00,Sales,,19.00,68.00,39.00,38.00,cm,kg,,true,,,goods,PRICE COMPUTING SCALE - WHITE - EC(AY),"Make: YESWEIGH  Model:YSP-20
Max:20kg  e:2g  Min:40g  Class:III",,,,,,,OLD TABLE TOP MACHINES,,GST18,18.000000,Group,IGST18,18.000000,Simple,3,,,Inactive,nos,nos,INR 1605.00,Cost of Goods Sold,,Max:20kg  e:2g  Min:40g  ,Inventory Asset,,fifo,300.00,,,,,0.00,Inventory,true,true,true,false,false,false,,,,,,,,false,,5
99381000000016068,Platform scale,BENCHPC,,,,,false,,,84231000,FALSE,"Make: YESWEIGH  Model:YSP-50
Max:50kg  e:5g  Min:100g  Class:III",INR 2180.00,INR 5450.00,Sales,,28.00,60.00,33.00,66.00,cm,kg,,true,,,goods,PLATFORM SCALE -BENCH (G-QZ1),"Make: YESWEIGH  Model:YSP-50
Max:50kg  e:5g  Min:100g  Class:III",,,,,,,OLD TABLE TOP MACHINES,,GST18,18.000000,Group,IGST18,18.000000,Simple,3,,,Inactive,nos,nos,INR 1419.00,Cost of Goods Sold,,Max:50kg  e:5g  Min:100g ,Inventory Asset,,fifo,,,,,,0.00,Inventory,true,true,true,false,false,false,,,,,,,,false,,
99381000000035236,Platform 1mx1m,PLT1000,,,,,false,,,84239020,FALSE,Make: YES WEIGH  Model:YSP-1000 Max:1000kg  e:100g  Min:2kg  Class:III,INR 12000.00,INR 29000.00,Sales,,80.00,108.00,108.00,14.00,cm,kg,,true,,,goods,ELECTRONIC CASH REGISTER (BLACK),Make: YES WEIGH  Model:YSP-1000 Max:1000kg  e:100g  Min:2kg  Class:III,,,,,,,INDUSTRIAL SCALES,,GST18,18.000000,Group,IGST18,18.000000,Simple,1,,,Active,nos,nos,INR 10370.00,Cost of Goods Sold,,,Inventory Asset,,fifo,,,,,,2.00,Inventory,true,true,true,false,false,false,,,,,,,,false,,1
99381000000035245,Platform 1.2mx1.2m,PLT1200,,,,,false,,,84239020,FALSE,"Make: YESWEIGH Model: YSPR 1.2
Max: 2000 Kg e: 200 g Min: 4 Kg 
Class : III",INR 15600.00,INR 45000.00,Sales,,110.00,125.00,125.00,15.00,cm,kg,,true,,,goods,ELECTRONIC CASH REGISTER (BLACK),"Make: YESWEIGH Model: YSPR 1.2
Max: 2000 Kg e: 200 g Min: 4 Kg 
Class : III",,,,,,,INDUSTRIAL SCALES,,GST18,18.000000,Group,IGST18,18.000000,Simple,1,,,Active,nos,nos,INR 13362.00,Cost of Goods Sold,,,Inventory Asset,,fifo,,,,,,4.00,Inventory,true,true,true,false,false,false,,,,,,,,false,,1
99381000000035254,Platform 1.5mx1.5m,PLT1500,,,,,false,,,84239020,FALSE,Make: YESWEIGH  Model: YSPR 1.5   Max:3000kg  e:500g  Min:10kg  Class:III,INR 27200.00,INR 48000.00,Sales,,180.00,159.00,159.00,15.00,cm,kg,,true,,,goods,ELECTRONIC CASH REGISTER (BLACK),Make: YESWEIGH  Model: YSPR 1.5   Max:3000kg  e:500g  Min:10kg  Class:III,,,,,,,INDUSTRIAL SCALES,,GST18,18.000000,Group,IGST18,18.000000,Simple,1,,,Active,nos,nos,INR 23658.00,Cost of Goods Sold,,,Inventory Asset,,fifo,,,,,,2.00,Inventory,true,true,true,false,false,false,,,,,,,,false,,1
99381000000035362,Price Computing Scale-Touch,ATMPCT,,,,,false,,,84231000,FALSE,Make: YESWEIGH Model:YSP-20  Max:20kg  e:2g  Min:40g  Class:III,INR 1950.00,INR 4875.00,Sales,,19.00,69.00,38.00,39.00,cm,kg,,true,,,goods,Price Computing Scale-Touch,Make: YESWEIGH Model:YSP-20  Max:20kg  e:2g  Min:40g  Class:III,,,,,,,,,GST18,18.000000,Group,IGST18,18.000000,Simple,1,,,Active,nos,nos,INR 1246.00,Cost of Goods Sold,,,Inventory Asset,,fifo,0.00,,,,,2.00,Inventory,true,true,true,false,false,false,,,,,,,,false,,5
99381000000035371,Price Computing Scale-W,ATMPCW,,,,,false,,,84231000,FALSE,"Make: YESWEIGH Model: YSP-20
Max:20kg  e:2g  Min:40g  Class:III",INR 2500.00,INR 6250.00,Sales,,19.00,69.00,38.00,39.00,cm,kg,,true,,,goods,PRICE COMPUTING SCALE - WHITE - EC(AY),"Make: YESWEIGH Model: YSP-20
Max:20kg  e:2g  Min:40g  Class:III",,,,,,,OLD TABLE TOP MACHINES,,GST18,18.000000,Group,IGST18,18.000000,Simple,1,,,Inactive,nos,nos,INR 1815.33,Cost of Goods Sold,,,Inventory Asset,,fifo,,,,,,0.00,Inventory,true,true,true,false,false,false,,,,,,,,false,,
99381000000172016,Government Stamping Fee / Expense for 20 KG,SF20,,,,,false,,,76061190,FALSE,,INR 320.00,INR 800.00,Sales,,0.00,0.00,0.00,0.00,cm,kg,,true,,,goods,Government Stamping Fee / Expense for 20 KG,,,,,,,,,,GST18,18.000000,Group,IGST18,18.000000,Simple,1,,,Inactive,nos,nos,INR 170.00,Cost of Goods Sold,,,Inventory Asset,,fifo,,,,,,0.00,Inventory,true,true,true,false,false,false,,,,,,,,false,,
99381000000186027,Government Stamping Fee /Expense for 30 kg,SF30,,,,,false,,,76061190,FALSE,,INR 485.00,INR 1212.50,Sales,,0.00,0.00,0.00,0.00,cm,kg,,true,,,goods,Gujarath Government Stamping Fee /Expense for 20 kg,,,,,,,,Stamping KL,,GST18,18.000000,Group,IGST18,18.000000,Simple,1,,,Active,nos,nos,INR 335.00,Cost of Goods Sold,,,Inventory Asset,,fifo,,,,,,1.00,Inventory,true,true,true,false,false,false,,,,,,,,false,,
99381000000186036,Government Stamping Fee / Expense for 50kg,SF50,,,,,false,,,76061190,FALSE,,INR 485.00,INR 1212.50,Sales,,0.00,0.00,0.00,0.00,cm,kg,,true,,,goods,Government Stamping Fee / Expense for 510g,,,,,,,,Stamping KL,,GST18,18.000000,Group,IGST18,18.000000,Simple,1,,,Active,nos,nos,INR 335.00,Cost of Goods Sold,,,Inventory Asset,,fifo,,,,,,1.00,Inventory,true,true,true,false,false,false,,,,,,,,false,,
99381000000194004,Electronic cash register,ECR,,,,,false,,,84705010,FALSE,,INR 11500.00,INR 20000.00,Sales,,4.00,41.00,39.00,21.00,cm,kg,,true,,,goods,ELECTRONIC CASH REGISTER (BLACK),,,,,,,,TOUCH POS SYSTEMS,,GST18,18.000000,Group,IGST18,18.000000,Simple,1,,,Active,nos,nos,INR 9700.00,Cost of Goods Sold,,Wifi inbuilt,Inventory Asset,,fifo,,,,,,1.00,Inventory,true,true,true,false,false,false,,,,,,,,false,,1
99381000000194633,Label Printing scale Q8LBL,Q8LBL,,,,,false,,,84231000,FALSE,Make:YESWEIGH  Model:YS-30   Max:30kg  e:5g  Min:100g  Class:III,INR 16600.00,INR 41500.00,Sales,,0.00,0.00,0.00,0.00,,,,true,,,goods,PLATFORM SCALE -BENCH (G-QZ1),Make:YESWEIGH  Model:YS-30   Max:30kg  e:5g  Min:100g  Class:III,,,,,,,Inactive,,GST18,18.000000,Group,IGST18,18.000000,Simple,1,,,Inactive,nos,nos,INR 12500.00,Cost of Goods Sold,,,Inventory Asset,,fifo,,,,,,0.00,Inventory,true,true,true,false,false,false,,,,,,,,false,,
99381000000205926,Analytical Balance 220g /0.1mg,BSM2204,,,,,false,,,84231000,FALSE,"Make : YES WEIGH Model : YSA
e :1mg D: 0.1mg Min: 100mg",INR 21500.00,INR 53750.00,Sales,,6.00,35.00,49.00,39.00,cm,kg,,true,,,goods,Analytical Balance 220g /0.1mg,"Make : YES WEIGH Model : YSA
e :1mg D: 0.1mg Min: 100mg",,,,,,,ANALYTICAL SCALES,,GST18,18.000000,Group,IGST18,18.000000,Simple,1,,,Inactive,nos,nos,INR 15665.00,Cost of Goods Sold,,"BSM  220.4   220g/0.1mg analytical balance
",Inventory Asset,,fifo,,,,,,0.00,Inventory,true,true,true,false,false,false,,,,,,,,false,,1
99381000000205935,Analytical Balance 220g/1 mg,BSM2203,,,,,false,,,84238190,FALSE,"Make : YES WEIGH Model : YSJ 50
",INR 9900.00,INR 24750.00,Sales,,6.00,37.00,28.00,21.00,cm,kg,,true,,,goods,Analytical Balance 220g/1 mg,"Make : YES WEIGH Model : YSJ 50
",,,,,,,ANALYTICAL SCALES,,GST18,18.000000,Group,IGST18,18.000000,Simple,1,,,Inactive,nos,nos,INR 7525.00,Cost of Goods Sold,,,Inventory Asset,,fifo,,,,,,0.00,Inventory,true,true,true,false,false,false,,,,,,,,false,,1
99381000000205944,BS220+,BS220,,,,,false,,,84231000,FALSE,,INR 4689.30,INR 11723.25,Sales,,0.00,0.00,0.00,0.00,cm,kg,,true,,,goods,BS220+,,,,,,,,,,GST18,18.000000,Group,IGST18,18.000000,Simple,1,,,Inactive,nos,nos,INR 4263.00,Cost of Goods Sold,,,Inventory Asset,,fifo,,,,,,0.00,Inventory,true,true,true,false,false,false,,,,,,,,false,,
99381000000205953,BLUETOOTH PARCEL SCALE,BLUETOOTHPARCELSCALE,,,,,false,,,84231000,FALSE,,INR 3834.60,INR 9586.50,Sales,,0.00,0.00,0.00,0.00,cm,kg,,true,,,goods,BLUETOOTH PARCEL SCALE,,,,,,,,,,GST18,18.000000,Group,IGST18,18.000000,Simple,1,,,Inactive,nos,nos,INR 3486.00,Cost of Goods Sold,,,Inventory Asset,,fifo,,,,,,0.00,Inventory,true,true,true,false,false,false,,,,,,,,false,,
99381000000220093,BARCODE SCANNER PT - 198,PT198,,,,,false,,,84716050,FALSE,"1D Barcode scanner 
RS232 Serial Port ",INR 1750.00,INR 4375.00,Sales,,0.00,0.00,0.00,0.00,,,,true,,,goods,BARCODE SCANNER PT - 198,"1D Barcode scanner 
RS232 Serial Port ",,,,,,,PRINTERS & SCANNERS,,GST18,18.000000,Group,IGST18,18.000000,Simple,1,,,Active,nos,nos,INR 1400.00,Cost of Goods Sold,,,Inventory Asset,,fifo,,,,,,4.00,Inventory,true,true,true,false,false,false,,,,,,,,false,,
99381000000226107,Label Printing scale Q8 F&R,Q8PCK,,,,,false,,,84231000,FALSE,Make: YESWEIGH  Model:YS-30   Max:30kg  e:5g  Min:100g  Class:III,INR 16500.00,INR 41250.00,Sales,,0.00,0.00,0.00,0.00,,,,true,,,goods,KITCHEN SCALE 5Kg,Make: YESWEIGH  Model:YS-30   Max:30kg  e:5g  Min:100g  Class:III,,,,,,,Inactive,,GST18,18.000000,Group,IGST18,18.000000,Simple,1,,,Inactive,no,,INR 12500.00,Cost of Goods Sold,,,Inventory Asset,,fifo,,,,,,0.00,Inventory,true,true,true,false,false,false,,,,,,,,false,,
99381000000302452,CCM  - Value Counting Machine,AL66,,,,,false,,,84729090,FALSE,,INR 7700.00,INR 19500.00,Sales,,0.00,0.00,0.00,0.00,cm,kg,,true,,,goods,CCM  - Value Counting Machine,,,,,,,,CURRENCY COUNTING MACHINES,,GST18,18.000000,Group,IGST18,18.000000,Simple,1,,,Active,nos,nos,INR 6660.00,Cost of Goods Sold,,,Inventory Asset,,fifo,,,,,,24.00,Inventory,true,true,true,false,false,false,,,,,,,,false,,
99381000000302471,CCM SPARE,CCMSPARE,,,,,false,,,84734090,FALSE,,INR 1000.00,INR 2500.00,Sales,,0.00,0.00,0.00,0.00,,,,true,,,goods,CCM SPARE,,,,,,,,,,GST18,18.000000,Group,IGST18,18.000000,Simple,1,,,Inactive,,,INR 800.00,Cost of Goods Sold,,,Inventory Asset,,fifo,,,,,,0.00,Inventory,true,true,true,false,false,false,,,,,,,,false,,
99381000000306107,Floor Scale Indicator,FSIND,,,,,false,,,84239020,FALSE,,INR 1800.00,INR 3500.00,Sales,,2.00,22.00,34.00,23.00,cm,kg,,true,,,goods,ELECTRONIC CASH REGISTER (BLACK),,,,,,,,WEIGHING INDICATORS,,GST18,18.000000,Group,IGST18,18.000000,Simple,1,,,Active,nos,nos,INR 878.00,Cost of Goods Sold,,,Inventory Asset,,fifo,,,,,,2.00,Inventory,true,true,true,false,false,false,,,,,,,,false,,1
99381000000306148,ECS5W SMPS 7V,ECS817,,,,,true,,,84239020,FALSE,,INR 1050.00,INR 1750.00,Sales,,0.00,0.00,0.00,0.00,cm,kg,,true,,,goods,ECS5W SMPS 7V,,,,,,,,,,GST18,18.000000,Group,IGST18,18.000000,Simple,1,,,Active,nos,nos,INR 639.00,Cost of Goods Sold,,,Inventory Asset,,fifo,,,,,,21.00,Inventory,true,true,true,false,false,false,,,,,,,,false,,
99381000000306225,ECS5W POWER SUPPLY BOARD,ECS816,,,,,false,,,84239020,FALSE,,INR 250.00,,Sales,,0.00,0.00,0.00,0.00,cm,kg,,true,,,goods,ECS5W POWER SUPPLY BOARD,,,,,,,,,,GST18,18.000000,Group,IGST18,18.000000,Simple,1,,,Active,nos,nos,INR 80.00,Cost of Goods Sold,,,Inventory Asset,,fifo,,,,,,26.00,Inventory,true,true,true,false,false,false,,,,,,,,false,,
99381000000306276,ECS5W MOTHER BOARD,ECS815,,,,,false,,,84239020,FALSE,,INR 6900.00,,Sales,,0.00,0.00,0.00,0.00,,,,true,,,goods,ECS5W MOTHER BOARD,,,,,,,,,,GST18,18.000000,Group,IGST18,18.000000,Simple,1,,,Active,pcs,,INR 5663.18,Cost of Goods Sold,,,Inventory Asset,,fifo,,,,,,28.00,Inventory,true,true,true,false,false,false,,,,,,,,false,,
99381000000306297,ECS5W PRINTER,ECS814,,,,,false,,,84239020,FALSE,,INR 4200.00,INR 8000.00,Sales,,0.00,0.00,0.00,0.00,cm,kg,,true,,,goods,ECS5W PRINTER,,,,,,,,,,GST18,18.000000,Group,IGST18,18.000000,Simple,1,,,Active,nos,nos,INR 2523.00,Cost of Goods Sold,,,Inventory Asset,,fifo,,,,,,11.00,Inventory,true,true,true,false,false,false,,,,,,,,false,,
99381000000306306,ECS5W CALIBRATION BOARD,ECS813,,,,,false,,,84239020,FALSE,,INR 150.00,,Sales,,0.00,0.00,0.00,0.00,,,,true,,,goods,ECS5W CALIBRATION BOARD,,,,,,,,,,GST18,18.000000,Group,IGST18,18.000000,Simple,1,,,Active,nos,nos,INR 47.44,Cost of Goods Sold,,,Inventory Asset,,fifo,,,,,,17.00,Inventory,true,true,true,false,false,false,,,,,,,,false,,
99381000000306315,ECS5W INTERFACE BOARD,ECS812,,,,,false,,,84239020,FALSE,,INR 250.00,,Sales,,0.00,0.00,0.00,0.00,,,,true,,,goods,ECS5W INTERFACE BOARD,,,,,,,,,,GST18,18.000000,Group,IGST18,18.000000,Simple,1,,,Active,nos,nos,INR 93.47,Cost of Goods Sold,,,Inventory Asset,,fifo,,,,,,8.00,Inventory,true,true,true,false,false,false,,,,,,,,false,,
99381000000306324,ECS5W / 4W/Q10 KEYBOARD,ECS811,,,,,false,,,84239020,FALSE,,INR 1090.00,INR 2500.00,Sales,,0.00,0.00,0.00,0.00,cm,kg,,true,,,goods,ECS5W / 4W/Q10 KEYBOARD,,,,,,,,,,GST18,18.000000,Group,IGST18,18.000000,Simple,1,,,Active,nos,nos,INR 806.00,Cost of Goods Sold,,,Inventory Asset,,fifo,,,,,,2.00,Inventory,true,true,true,false,false,false,,,,,,,,false,,
99381000000306333,ECS5W KEYBOARD CONNECT BOARD,ECS810,,,,,false,,,84239020,FALSE,,INR 250.00,,Sales,,0.00,0.00,0.00,0.00,cm,kg,,true,,,goods,ECS5W KEYBOARD CONNECT BOARD,,,,,,,,,,GST18,18.000000,Group,IGST18,18.000000,Simple,1,,,Active,nos,nos,INR 47.44,Cost of Goods Sold,,,Inventory Asset,,fifo,,,,,,21.00,Inventory,true,true,true,false,false,false,,,,,,,,false,,
99381000000306342,ECS5W DISPLAY SET FRONT,ECS808,,,,,false,,,84239020,FALSE,,INR 1950.00,,Sales,,0.00,0.00,0.00,0.00,cm,kg,,true,,,goods,ECS5W DISPLAY SET FRONT,,,,,,,,,,GST18,18.000000,Group,IGST18,18.000000,Simple,1,,,Active,nos,nos,INR 1631.00,Cost of Goods Sold,,,Inventory Asset,,fifo,,,,,,19.00,Inventory,true,true,true,false,false,false,,,,,,,,false,,
99381000000306351,ECS5W / 4W/Q10 DISPLAY BACK,ECS809,,,,,false,,,84239020,FALSE,,INR 1100.00,INR 2750.00,Sales,,0.00,0.00,0.00,0.00,cm,kg,,true,,,goods,ECS5W / 4W/Q10 DISPLAY BACK,,,,,,,,,,GST18,18.000000,Group,IGST18,18.000000,Simple,1,,,Active,nos,nos,INR 791.00,Cost of Goods Sold,,,Inventory Asset,,fifo,,,,,,14.00,Inventory,true,true,true,false,false,false,,,,,,,,false,,
99381000000306360,ECS5W PRINTER MAIN BOARD,ECS807,,,,,false,,,84239020,FALSE,,INR 460.00,INR 1150.00,Sales,,0.00,0.00,0.00,0.00,cm,kg,,true,,,goods,ECS5W PRINTER MAIN BOARD,,,,,,,,,,GST18,18.000000,Group,IGST18,18.000000,Simple,1,,,Active,nos,nos,INR 348.00,Cost of Goods Sold,,,Inventory Asset,,fifo,,,,,,33.00,Inventory,true,true,true,false,false,false,,,,,,,,false,,
99381000000306369,ECS5W PRINTER CASE,ECS806,,,,,false,,,84239020,FALSE,,INR 250.00,INR 625.00,Sales,,0.00,0.00,0.00,0.00,,,,true,,,goods,ECS5W PRINTER CASE,,,,,,,,,,GST18,18.000000,Group,IGST18,18.000000,Simple,1,,,Active,nos,nos,INR 93.67,Cost of Goods Sold,,,Inventory Asset,,fifo,,,,,,20.00,Inventory,true,true,true,false,false,false,,,,,,,,false,,
99381000000306380,ECS 5W LOAD CELL,ECS805,,,,,false,,,84239020,FALSE,,INR 395.00,,Sales,,0.00,0.00,0.00,0.00,cm,kg,,true,,,goods,ECS 5W LOAD CELL,,,,,,,,,,GST18,18.000000,Group,IGST18,18.000000,Simple,1,,,Active,nos,nos,INR 329.64,Cost of Goods Sold,,,Inventory Asset,,fifo,,,,,,23.00,Inventory,true,true,true,false,false,false,,,,,,,,false,,
99381000000306391,ECS 5W PAN HOLDING CROSS STAND,ECS804,,,,,false,,,84239020,FALSE,,INR 350.00,,Sales,,0.00,0.00,0.00,0.00,,,,true,,,goods,ECS 5W PAN HOLDING CROSS STAND,,,,,,,,,,GST18,18.000000,Group,IGST18,18.000000,Simple,1,,,Active,nos,nos,INR 231.15,Cost of Goods Sold,,,Inventory Asset,,fifo,,,,,,4.00,Inventory,true,true,true,false,false,false,,,,,,,,false,,
99381000000306400,ECS5W WEIGHING PAN,ECS803,,,,,false,,,84239020,FALSE,,INR 400.00,,Sales,,0.00,0.00,0.00,0.00,cm,kg,,true,,,goods,ECS5W WEIGHING PAN,,,,,,,,,,GST18,18.000000,Group,IGST18,18.000000,Simple,1,,,Active,nos,nos,INR 329.00,Cost of Goods Sold,,,Inventory Asset,,fifo,,,,,,4.00,Inventory,true,true,true,false,false,false,,,,,,,,false,,
99381000000306409,ECS 5W TOP CASE,ECS802,,,,,false,,,84239020,FALSE,,INR 500.00,,Sales,,0.00,0.00,0.00,0.00,,,,true,,,goods,ECS 5W TOP CASE,,,,,,,,,,GST18,18.000000,Group,IGST18,18.000000,Simple,1,,,Active,nos,nos,INR 140.70,Cost of Goods Sold,,,Inventory Asset,,fifo,,,,,,0.00,Inventory,true,true,true,false,false,false,,,,,,,,false,,
99381000000306418,ECS 5W /LBL  POS LEG,ECS801,,,,,false,,,84239020,FALSE,,INR 60.00,,Sales,,0.00,0.00,0.00,0.00,cm,kg,,true,,,goods,ECS 5W /LBL  POS LEG,,,,,,,,,,GST18,18.000000,Group,IGST18,18.000000,Simple,1,,,Active,nos,nos,INR 44.00,Cost of Goods Sold,,,Inventory Asset,,fifo,,,,,,46.00,Inventory,true,true,true,false,false,false,,,,,,,,false,,
99381000000306493,TRIPOLE STAND SET,TRIPOLESTAND,,,,,false,,,84239020,FALSE,,INR 500.00,INR 1250.00,Sales,,0.00,0.00,0.00,0.00,,,,true,,,goods,TABLE TOP SCALE PC (GREEN-AY),,,,,,,,WEIGHING INDICATORS,,GST18,18.000000,Group,IGST18,18.000000,Simple,1,,,Active,nos,nos,INR 370.00,Cost of Goods Sold,,,Inventory Asset,,fifo,,,,,,0.00,Inventory,true,true,true,false,false,false,,,,,,,,false,,
99381000000309273,Shear Beam Loadcell Imported 1000kg,SBLI10,,,,,false,,,84239020,FALSE,,INR 500.00,INR 1250.00,Sales,,0.00,0.00,0.00,0.00,,,,true,,,goods,Shear Beam Loadcell Imported 1000kg,,,,,,,,,,GST18,18.000000,Group,IGST18,18.000000,Simple,1,,,Active,nos,nos,INR 356.78,Cost of Goods Sold,,,Inventory Asset,,fifo,,,,,,12.00,Inventory,true,true,true,false,false,false,,,,,,,,false,,
99381000000313040,ATM PC KEYPAD BOARD,APC202,,,,,false,,,84239020,FALSE,,INR 120.00,,Sales,,0.00,0.00,0.00,0.00,,,,true,,,goods,ATM PC KEYPAD BOARD,,,,,,,,,,GST18,18.000000,Group,IGST18,18.000000,Simple,1,,,Active,nos,nos,INR 90.45,Cost of Goods Sold,,,Inventory Asset,,fifo,,,,,,46.00,Inventory,true,true,true,false,false,false,,,,,,,,false,,
99381000000313049,ATM PC FRONT DISPLAY BOARD,APC206,,,,,false,,,84239020,FALSE,,INR 130.00,,Sales,,0.00,0.00,0.00,0.00,cm,kg,,true,,,goods,ATM PC FRONT DISPLAY BOARD,,,,,,,,,,GST18,18.000000,Group,IGST18,18.000000,Simple,1,,,Active,nos,nos,INR 96.48,Cost of Goods Sold,,,Inventory Asset,,fifo,,,,,,23.00,Inventory,true,true,true,false,false,false,,,,,,,,false,,
99381000000313080,ATM/BENCH PC MOTHER BOARD,BPC114,,,,,false,,,84239020,FALSE,,INR 160.00,INR 400.00,Sales,,0.00,0.00,0.00,0.00,cm,kg,,true,,,goods,ATM/BENCH PC MOTHER BOARD,,,,,,,,,,GST18,18.000000,Group,IGST18,18.000000,Simple,1,,,Active,nos,nos,INR 113.06,Cost of Goods Sold,,,Inventory Asset,,fifo,,,,,,62.00,Inventory,true,true,true,false,false,false,,,,,,,,false,,
99381000000326157,Platform Weighing Scale  400x500 SS,PFPC400X500SS,,,,,false,,,84231000,FALSE,"Make:YESWEIGH Model : YSP-200
Max : 200kg e: 20g Min :400gm 
Class: III
",INR 4200.00,INR 10500.00,Sales,,16.00,82.00,41.00,20.00,cm,kg,,true,,,goods,Platform Weighing Scale 400x500 (G-QZ-FSS),"Make:YESWEIGH Model : YSP-200
Max : 200kg e: 20g Min :400gm 
Class: III
",,,,,,,WEIGHING SCALE IMPORT,,GST18,18.000000,Group,IGST18,18.000000,Simple,1,,,Inactive,nos,nos,INR 3173.34,Cost of Goods Sold,,,Inventory Asset,,fifo,,,,,,0.00,Inventory,true,true,true,false,false,false,,,,,,,,false,,1
99381000000326166,Platform Weighing Scale 450x600 SS,PF4560,,,,,false,,,84231000,FALSE,"Make : YESWEIGH Model: YSP-5  
Max: 300 kg e: 50gm Min:1kg Class III",INR 5500.00,INR 12500.00,Sales,,20.00,92.00,45.00,30.00,cm,kg,,true,,,goods,Platform Weighing Scale 450x600 SS,"Make : YESWEIGH Model: YSP-5  
Max: 300 kg e: 50gm Min:1kg Class III",,,,,,,WEIGHING SCALE IMPORT,,GST18,18.000000,Group,IGST18,18.000000,Simple,1,,,Active,nos,nos,INR 4360.00,Cost of Goods Sold,,,Inventory Asset,,fifo,,,,,,12.00,Inventory,true,true,true,false,false,false,,,,,,,,false,,1
99381000000326175,Platform Scale 60x60,PF60MS,,,,,false,,,84231000,FALSE,"Make : YESWEIGH Model:YSP-5
Max:500 kg e: 50gm Min:1kg Class III",INR 4900.00,INR 11000.00,Sales,,27.00,92.00,61.00,23.00,cm,kg,,true,,,goods,Platform Weighing Scale 600x600 MS,"Make : YESWEIGH Model:YSP-5
Max:500 kg e: 50gm Min:1kg Class III",,,,,,,WEIGHING SCALE IMPORT,,GST18,18.000000,Group,IGST18,18.000000,Simple,1,,,Active,nos,nos,INR 4017.00,Cost of Goods Sold,,,Inventory Asset,,fifo,,,,,,2.00,Inventory,true,true,true,false,false,false,,,,,,,,false,,1
99381000000326192,Platform Weighing Scale 600x800 MS (Trolley),PFPC600X800MS,,,,,false,,,84231000,FALSE,Make : YESWEIGH Model:YSP-5000 Max: 1000 kg e: 100gm Min:2kg Class III,INR 16000.00,INR 40000.00,Sales,,60.00,105.00,65.00,35.00,cm,kg,,true,,,goods,POS CLOUD Multi shop,Make : YESWEIGH Model:YSP-5000 Max: 1000 kg e: 100gm Min:2kg Class III,,,,,,,WEIGHING SCALE IMPORT,,GST18,18.000000,Group,IGST18,18.000000,Simple,1,,,Inactive,nos,nos,INR 10691.00,Cost of Goods Sold,,,Inventory Asset,,fifo,,,,,,0.00,Inventory,true,true,true,false,false,false,,,,,,,,false,,1
99381000000337254,Table Top Scale SF 220x170 20kg/2g,TT220X170ABS,,,,,false,,,8423,FALSE,"Make : YESWEIGH  Model: YST-20         
Max :20kg  e:2gm Min: 40g Class III",INR 975.00,INR 2437.50,Sales,,0.00,0.00,0.00,0.00,cm,kg,,true,,,goods,TABLE TOP SCALE PC (GREEN-AY),,,,,,,,OLD TABLE TOP MACHINES,,GST18,18.000000,Group,IGST18,18.000000,Simple,1,,,Inactive,nos,nos,INR 890.00,Cost of Goods Sold,,,Inventory Asset,,fifo,,,,,,0.00,Inventory,true,true,true,false,false,false,,,,,,,,false,,
99381000000343190,Bill  Printing scale Q7,ECS4W,,,,,false,,,84231000,FALSE,Make: YESWEIGH  Model:YS-30   Max:30kg  e:5g  Min:100g  Class:III,INR 11500.00,INR 24500.00,Sales,,14.00,51.00,54.00,43.00,cm,kg,,true,,,goods,Bill  Printing scale Q74W,Make: YESWEIGH  Model:YS-30   Max:30kg  e:5g  Min:100g  Class:III,,,,,,,BILL PRINTING SCALES,,GST18,18.000000,Group,IGST18,18.000000,Simple,1,,,Active,nos,nos,INR 7900.00,Cost of Goods Sold,,,Inventory Asset,,fifo,,,,,,3.00,Inventory,true,true,true,false,false,false,,,,,,,,false,,2
99381000000343199,ECS Indicator,ECSIND,,,,,false,,,84231000,FALSE,,INR 14500.00,INR 26000.00,Sales,,4.00,26.00,34.00,19.00,cm,kg,,true,,,goods,ELECTRONIC CASH REGISTER (BLACK),,,,,,,,WEIGHING INDICATORS,,GST18,18.000000,Group,IGST18,18.000000,Simple,1,,,Active,nos,nos,INR 11690.00,Cost of Goods Sold,,,Inventory Asset,,fifo,,,,,,1.00,Inventory,true,true,true,false,false,false,,,,,,,,false,,1
99381000000343208,Cash Box 5D ECS,ECSCD,,,,,false,,,84239020,FALSE,,INR 2850.00,INR 3900.00,Sales,,18.00,47.00,48.00,36.00,cm,kg,,true,,,goods,Cash Box,,,,,,,,BILL PRINTING SCALES,,GST18,18.000000,Group,IGST18,18.000000,Simple,1,,,Active,nos,nos,INR 2195.00,Cost of Goods Sold,,,Inventory Asset,,fifo,,,,,,29.00,Inventory,true,true,true,false,false,false,,,,,,,,false,,3
99381000000349058,Table Top Chottu 4v,CH4VSF,,,,,false,,,84231000,FALSE,"Make  : YESWEIGH Model: YST-20
Max :20kg e:2gm Min: 40g Class III",INR 1225.00,INR 3900.00,Sales,,19.00,62.00,32.00,48.00,cm,kg,,true,,,goods,TABLE TOP SCALE PC (GREEN-AY),"Make  : YESWEIGH Model: YST-20
Max :20kg e:2gm Min: 40g Class III",,,,,,,WEIGHING SCALES INDIA,,GST18,18.000000,Group,IGST18,18.000000,Simple,1,,,Active,nos,nos,INR 1000.00,Cost of Goods Sold,,Max :20kg e:2gm Min: 40g Class III,Inventory Asset,,fifo,,,,,,9.00,Inventory,true,true,true,false,false,false,,,,,,,,false,,6
99381000000349067,Table Top Scale SF 220x170  10kg/1g,TTSS22,,,,,false,,,8423,FALSE,"Make : YESWEIGH Model: YST-20
Max :10kg e:1gm Min: 40g Class III",INR 1150.00,INR 2875.00,Sales,,0.00,0.00,0.00,0.00,cm,kg,,true,,,goods,Table Top Scale SF 220x170  10kg/1g,"Make : YESWEIGH Model: YST-20
Max :10kg e:1gm Min: 40g Class III",,,,,,,,,GST18,18.000000,Group,IGST18,18.000000,Simple,1,,,Inactive,nos,nos,INR 946.60,Cost of Goods Sold,,,Inventory Asset,,fifo,,,,,,1.00,Inventory,true,true,true,false,false,false,,,,,,,,false,,
99381000000385300,Government Stamping Fee / Expense for 2000kg,SF2000,,,,,false,,,998729,FALSE,,INR 980.00,INR 2450.00,Sales,,0.00,0.00,0.00,0.00,,,,true,,,goods,Government Stamping Fee / Expense for 2000kg,,,,,,,,,,GST18,18.000000,Group,IGST18,18.000000,Simple,1,,,Inactive,nos,nos,INR 830.00,Cost of Goods Sold,,,Inventory Asset,,fifo,,,,,,0.00,Inventory,true,true,true,false,false,false,,,,,,,,false,,
99381000000434666,Government Stamping Fee  /Expense for 1000kg,SF1000,,,,,false,,,76061190,FALSE,,INR 565.00,INR 1412.50,Sales,,0.00,0.00,0.00,0.00,cm,kg,,true,,,goods,Government Stamping Fee  /Expense for 1000kg,,,,,,,,,,GST18,18.000000,Group,IGST18,18.000000,Simple,1,,,Inactive,nos,nos,INR 415.00,Cost of Goods Sold,,,Inventory Asset,,fifo,,,,,,0.00,Inventory,true,true,true,false,false,false,,,,,,,,false,,
99381000000525331,SERVICE CHARGE,SC,,,,,false,,,998717,FALSE,,INR 750.00,,Sales,,0.00,0.00,0.00,0.00,cm,kg,,true,,,goods,SERVICE CHARGE,,,,,,,,,,GST18,18.000000,Group,IGST18,18.000000,Simple,1,,,Inactive,Lumpsum,,INR 0.00,Cost of Goods Sold,,,Inventory Asset,,,,,,,,,Sales and Purchases,true,true,false,false,false,false,,,,,,,,false,,
99381000000542107,Bench PC Metallic Keypad pouch,BPC101,,,,,false,,,84239020,FALSE,,INR 110.00,INR 275.00,Sales,,0.00,0.00,0.00,0.00,,,,true,,,goods,Bench PC Metallic Keypad pouch,,,,,,,,,,GST18,18.000000,Group,IGST18,18.000000,Simple,1,,,Active,pcs,,INR 80.40,Cost of Goods Sold,,,Inventory Asset,,fifo,,,,,,80.00,Inventory,true,true,true,false,false,false,,,,,,,,false,,
99381000000542116,Bench PC Keypad Board,BPC102,,,,,false,,,84239020,FALSE,,INR 130.00,INR 325.00,Sales,,0.00,0.00,0.00,0.00,,,,true,,,goods,Bench PC Keypad Board,,,,,,,,,,GST18,18.000000,Group,IGST18,18.000000,Simple,1,,,Active,pcs,,INR 96.48,Cost of Goods Sold,,,Inventory Asset,,fifo,,,,,,275.00,Inventory,true,true,true,false,false,false,,,,,,,,false,,
99381000000542125,Bench PC Panel Overlay Sticker,BPC103,,,,,false,,,84239020,FALSE,,INR 45.00,INR 112.50,Sales,,0.00,0.00,0.00,0.00,cm,kg,,true,,,goods,Bench PC Panel Overlay Sticker,,,,,,,,,,GST18,18.000000,Group,IGST18,18.000000,Simple,1,,,Active,pcs,,INR 16.08,Cost of Goods Sold,,,Inventory Asset,,fifo,,,,,,88.00,Inventory,true,true,true,false,false,false,,,,,,,,false,,
99381000000542134,Bench PC Protection Dust Cover,BPC104,,,,,false,,,84239020,FALSE,,INR 45.00,INR 112.50,Sales,,0.00,0.00,0.00,0.00,cm,kg,,true,,,goods,Bench PC Protection Dust Cover,,,,,,,,,,GST18,18.000000,Group,IGST18,18.000000,Simple,1,,,Active,pcs,,INR 24.12,Cost of Goods Sold,,,Inventory Asset,,fifo,,,,,,70.00,Inventory,true,true,true,false,false,false,,,,,,,,false,,
99381000000542143,Power Cord with connector,BPC105,,,,,false,,,84239020,FALSE,,INR 45.00,INR 62.50,Sales,,0.00,0.00,0.00,0.00,cm,kg,,true,,,goods,Power Cord with connector,,,,,,,,,,GST18,18.000000,Group,IGST18,18.000000,Simple,1,,,Active,pcs,,INR 16.08,Cost of Goods Sold,,,Inventory Asset,,fifo,,,,,,117.00,Inventory,true,true,true,false,false,false,,,,,,,,false,,
99381000000542152,Bench PC Load Cell Protection cover,BPC106,,,,,false,,,84239020,FALSE,,INR 135.00,INR 337.50,Sales,,0.00,0.00,0.00,0.00,,,,true,,,goods,Bench PC Load Cell Protection cover,,,,,,,,,,GST18,18.000000,Group,IGST18,18.000000,Simple,1,,,Active,pcs,,INR 95.00,Cost of Goods Sold,,,Inventory Asset,,fifo,,,,,,100.00,Inventory,true,true,true,false,false,false,,,,,,,,false,,
99381000000542161,Transformer 6.5v,TRF6V,,,,,false,,,84239020,FALSE,,INR 95.00,INR 237.50,Sales,,0.00,0.00,0.00,0.00,cm,kg,,true,,,goods,Transformer 6.5v,,,,,,,,,,GST18,18.000000,Group,IGST18,18.000000,Simple,1,,,Active,pcs,,INR 64.32,Cost of Goods Sold,,,Inventory Asset,,fifo,,,,,,1.00,Inventory,true,true,true,false,false,false,,,,,,,,false,,
99381000000542170,Bench PC Battery To Board 2 Pin,BPC108,,,,,false,,,84239020,FALSE,,INR 15.00,INR 37.50,Sales,,0.00,0.00,0.00,0.00,,,,true,,,goods,Bench PC Battery To Board 2 Pin,,,,,,,,,,GST18,18.000000,Group,IGST18,18.000000,Simple,1,,,Active,pcs,,INR 8.04,Cost of Goods Sold,,,Inventory Asset,,fifo,,,,,,25.00,Inventory,true,true,true,false,false,false,,,,,,,,false,,
99381000000542179,Bench PC Transformer Box,BPC109,,,,,false,,,84239020,FALSE,,INR 25.00,INR 62.50,Sales,,0.00,0.00,0.00,0.00,,,,true,,,goods,Bench PC Transformer Box,,,,,,,,,,GST18,18.000000,Group,IGST18,18.000000,Simple,1,,,Active,pcs,,INR 16.08,Cost of Goods Sold,,,Inventory Asset,,fifo,,,,,,21.00,Inventory,true,true,true,false,false,false,,,,,,,,false,,
99381000000542188,Bench PC On/Off Switch,BPC110,,,,,false,,,84239020,FALSE,,INR 15.00,INR 37.50,Sales,,0.00,0.00,0.00,0.00,,,,true,,,goods,Bench PC On/Off Switch,,,,,,,,,,GST18,18.000000,Group,IGST18,18.000000,Simple,1,,,Inactive,,,INR 8.04,Cost of Goods Sold,,,Inventory Asset,,fifo,,,,,,0.00,Inventory,true,true,true,false,false,false,,,,,,,,false,,
99381000000542197,Bench PC Front Display Board (Red),BPC111,,,,,false,,,84239020,FALSE,,INR 130.00,INR 325.00,Sales,,0.00,0.00,0.00,0.00,cm,kg,,true,,,goods,Bench PC Front Display Board (Red),,,,,,,,,,GST18,18.000000,Group,IGST18,18.000000,Simple,1,,,Active,pcs,,INR 96.48,Cost of Goods Sold,,,Inventory Asset,,fifo,,,,,,105.00,Inventory,true,true,true,false,false,false,,,,,,,,false,,
99381000000542206,Bench PC Back Display Board (Red),BPC112,,,,,false,,,84239020,FALSE,,INR 110.00,INR 275.00,Sales,,0.00,0.00,0.00,0.00,cm,kg,,true,,,goods,Bench PC Back Display Board (Red),,,,,,,,,,GST18,18.000000,Group,IGST18,18.000000,Simple,1,,,Active,pcs,,INR 80.40,Cost of Goods Sold,,,Inventory Asset,,fifo,,,,,,247.00,Inventory,true,true,true,false,false,false,,,,,,,,false,,
99381000000542215,Bench PC Load Cell 70kg,BPC113,,,,,false,,,84239020,FALSE,,INR 210.00,INR 525.00,Sales,,0.00,0.00,0.00,0.00,,,,true,,,goods,Bench PC Load Cell 70kg,,,,,,,,,,GST18,18.000000,Group,IGST18,18.000000,Simple,1,,,Inactive,pcs,,INR 160.80,Cost of Goods Sold,,,Inventory Asset,,fifo,,,,,,0.00,Inventory,true,true,true,false,false,false,,,,,,,,false,,
99381000000542224,ATM PC Metalic Keypad,APC201,,,,,false,,,84239020,FALSE,,INR 120.00,,Sales,,0.00,0.00,0.00,0.00,cm,kg,,true,,,goods,ATM PC Metalic Keypad,,,,,,,,,,GST18,18.000000,Group,IGST18,18.000000,Simple,1,,,Active,pcs,,INR 80.40,Cost of Goods Sold,,,Inventory Asset,,fifo,,,,,,36.00,Inventory,true,true,true,false,false,false,,,,,,,,false,,
99381000000542252,ATM PC Panel Sticker (Front and Back),APC203,,,,,false,,,84239020,FALSE,,INR 35.00,,Sales,,0.00,0.00,0.00,0.00,cm,kg,,true,,,goods,ATM PC Panel Sticker (Front and Back),,,,,,,,,,GST18,18.000000,Group,IGST18,18.000000,Simple,1,,,Active,pcs,,INR 16.08,Cost of Goods Sold,,,Inventory Asset,,fifo,,,,,,91.00,Inventory,true,true,true,false,false,false,,,,,,,,false,,
99381000000542261,ATM PC Protection Dust Cover,APC204,,,,,false,,,84239020,FALSE,,INR 65.00,,Sales,,0.00,0.00,0.00,0.00,cm,kg,,true,,,goods,ATM PC Protection Dust Cover,,,,,,,,,,GST18,18.000000,Group,IGST18,18.000000,Simple,1,,,Inactive,pcs,,INR 30.00,Cost of Goods Sold,,,Inventory Asset,,fifo,,,,,,0.00,Inventory,true,true,true,false,false,false,,,,,,,,false,,
99381000000542270,Power Cord Connector Port,APC205,,,,,false,,,84239020,FALSE,,INR 15.00,INR 37.50,Sales,,0.00,0.00,0.00,0.00,cm,kg,,true,,,goods,Power Cord Connector Port,,,,,,,,,,GST18,18.000000,Group,IGST18,18.000000,Simple,1,,,Inactive,pcs,,INR 8.04,Cost of Goods Sold,,,Inventory Asset,,fifo,,,,,,0.00,Inventory,true,true,true,false,false,false,,,,,,,,false,,
99381000000542279,ATM PC/JUNIOR Back Display Board,APC207,,,,,false,,,84239020,FALSE,,INR 110.00,,Sales,,0.00,0.00,0.00,0.00,,,,true,,,goods,ATM PC/JUNIOR Back Display Board,,,,,,,,,,GST18,18.000000,Group,IGST18,18.000000,Simple,1,,,Active,nos,nos,INR 80.40,Cost of Goods Sold,,,Inventory Asset,,fifo,,,,,,186.00,Inventory,true,true,true,false,false,false,,,,,,,,false,,
99381000000542288,Load Cell 40kg ATM PC/TOUCH/JUNIOR/WATERPROOF,APC208,,,,,false,,,84239020,FALSE,,INR 160.00,,Sales,,0.00,0.00,0.00,0.00,,,,true,,,goods,Load Cell 40kg ATM PC/TOUCH/JUNIOR/WATERPROOF,,,,,,,,,,GST18,18.000000,Group,IGST18,18.000000,Simple,1,,,Active,pcs,,INR 120.60,Cost of Goods Sold,,,Inventory Asset,,fifo,,,,,,52.00,Inventory,true,true,true,false,false,false,,,,,,,,false,,
99381000000542297,Panel Sticker With Keypad ATM PC Touch,TPC301,,,,,false,,,84239020,FALSE,,INR 95.00,,Sales,,0.00,0.00,0.00,0.00,cm,kg,,true,,,goods,Panel Sticker With Keypad ATM PC Touch,,,,,,,,,,GST18,18.000000,Group,IGST18,18.000000,Simple,1,,,Active,PCS,PCS,INR 16.08,Cost of Goods Sold,,,Inventory Asset,,fifo,,,,,,31.00,Inventory,true,true,true,false,false,false,,,,,,,,false,,
99381000000542306,Touch Keypad ATM PC Touch,TPC302,,,,,false,,,84239020,FALSE,,INR 220.00,,Sales,,0.00,0.00,0.00,0.00,,,,true,,,goods,Touch Keypad ATM PC Touch,,,,,,,,,,GST18,18.000000,Group,IGST18,18.000000,Simple,1,,,Active,pcs,,INR 152.76,Cost of Goods Sold,,,Inventory Asset,,fifo,,,,,,14.00,Inventory,true,true,true,false,false,false,,,,,,,,false,,
99381000000542319,Front Display Board ATM PC Touch,TPC303,,,,,false,,,84239020,FALSE,,INR 145.00,,Sales,,0.00,0.00,0.00,0.00,,,,true,,,goods,Front Display Board ATM PC Touch,,,,,,,,,,GST18,18.000000,Group,IGST18,18.000000,Simple,1,,,Active,pcs,,INR 104.52,Cost of Goods Sold,,,Inventory Asset,,fifo,,,,,,9.00,Inventory,true,true,true,false,false,false,,,,,,,,false,,
99381000000542328,Back Display Board ATM PC Touch,TPC304,,,,,false,,,84239020,FALSE,,INR 110.00,,Sales,,0.00,0.00,0.00,0.00,,,,true,,,goods,Back Display Board ATM PC Touch,,,,,,,,,,GST18,18.000000,Group,IGST18,18.000000,Simple,1,,,Active,pcs,,INR 80.40,Cost of Goods Sold,,,Inventory Asset,,fifo,,,,,,9.00,Inventory,true,true,true,false,false,false,,,,,,,,false,,
99381000000542337,Step Down Tranformer (Output: 6.5v AC) ATM PC Touch,TPC305,,,,,false,,,84239020,FALSE,,INR 90.00,,Sales,,0.00,0.00,0.00,0.00,,,,true,,,goods,Step Down Tranformer (Output: 6.5v AC) ATM PC Touch,,,,,,,,,,GST18,18.000000,Group,IGST18,18.000000,Simple,1,,,Inactive,pcs,,INR 64.32,Cost of Goods Sold,,,Inventory Asset,,fifo,,,,,,0.00,Inventory,true,true,true,false,false,false,,,,,,,,false,,
99381000000542346,Panel Sticker (Front and Back) ATM PC Waterproof,WPC401,,,,,false,,,84239020,FALSE,,INR 35.00,,Sales,,0.00,0.00,0.00,0.00,,,,true,,,goods,Panel Sticker (Front and Back) ATM PC Waterproof,,,,,,,,,,GST18,18.000000,Group,IGST18,18.000000,Simple,1,,,Active,pcs,,INR 16.08,Cost of Goods Sold,,,Inventory Asset,,fifo,,,,,,57.00,Inventory,true,true,true,false,false,false,,,,,,,,false,,
99381000000542355,Motherboard ATM PC Waterproof,WPC402,,,,,false,,,84239020,FALSE,,INR 150.00,,Sales,,0.00,0.00,0.00,0.00,cm,kg,,true,,,goods,Motherboard ATM PC Waterproof,,,,,,,,,,GST18,18.000000,Group,IGST18,18.000000,Simple,1,,,Active,pcs,,INR 96.48,Cost of Goods Sold,,,Inventory Asset,,fifo,,,,,,37.00,Inventory,true,true,true,false,false,false,,,,,,,,false,,
99381000000542364,Front Dispaly Board ATM PC Waterproof,WPC403,,,,,false,,,84239020,FALSE,,INR 145.00,,Sales,,0.00,0.00,0.00,0.00,,,,true,,,goods,Front Dispaly Board ATM PC Waterproof,,,,,,,,,,GST18,18.000000,Group,IGST18,18.000000,Simple,1,,,Active,nos,nos,INR 104.52,Cost of Goods Sold,,,Inventory Asset,,fifo,,,,,,16.00,Inventory,true,true,true,false,false,false,,,,,,,,false,,
99381000000542373,Back Display Board ATM PC Waterproof,WPC404,,,,,false,,,84239020,FALSE,,INR 110.00,,Sales,,0.00,0.00,0.00,0.00,,,,true,,,goods,Back Display Board ATM PC Waterproof,,,,,,,,,,GST18,18.000000,Group,IGST18,18.000000,Simple,1,,,Active,pcs,,INR 80.40,Cost of Goods Sold,,,Inventory Asset,,fifo,,,,,,13.00,Inventory,true,true,true,false,false,false,,,,,,,,false,,
99381000000542382,Keyboard ATM PC Waterproof,WPC405,,,,,false,,,84239020,FALSE,,INR 130.00,,Sales,,0.00,0.00,0.00,0.00,,,,true,,,goods,Keyboard ATM PC Waterproof,,,,,,,,,,GST18,18.000000,Group,IGST18,18.000000,Simple,1,,,Active,nos,nos,INR 96.48,Cost of Goods Sold,,,Inventory Asset,,fifo,,,,,,48.00,Inventory,true,true,true,false,false,false,,,,,,,,false,,
99381000000542391,Dc Adaptor,WPC406,,,,,false,,,84239020,FALSE,,INR 90.00,INR 225.00,Sales,,0.00,0.00,0.00,0.00,,,,true,,,goods,Dc Adaptor,,,,,,,,,,GST18,18.000000,Group,IGST18,18.000000,Simple,1,,,Active,pcs,,INR 64.32,Cost of Goods Sold,,,Inventory Asset,,fifo,,,,,,1.00,Inventory,true,true,true,false,false,false,,,,,,,,false,,
99381000000542400,Loadcell 40kg,WPC407,,,,,false,,,84239020,FALSE,,INR 160.00,,Sales,,0.00,0.00,0.00,0.00,,,,true,,,goods,Loadcell 40kg,,,,,,,,,,GST18,18.000000,Group,IGST18,18.000000,Simple,1,,,Inactive,pcs,,INR 120.60,Cost of Goods Sold,,,Inventory Asset,,fifo,,,,,,0.00,Inventory,true,true,true,false,false,false,,,,,,,,false,,
99381000000548483,Government Stamping Fee /Expense for 10 kg,SF10,,,,,false,,,76061190,FALSE,,INR 320.00,INR 800.00,Sales,,0.00,0.00,0.00,0.00,cm,kg,,true,,,goods,Government Stamping Fee /Expense for 10 kg,,,,,,,,,,GST18,18.000000,Group,IGST18,18.000000,Simple,1,,,Inactive,nos,nos,INR 170.00,Cost of Goods Sold,,,Inventory Asset,,fifo,,,,,,0.00,Inventory,true,true,true,false,false,false,,,,,,,,false,,
99381000000548508,Government Stamping Fee /Expense for 200Kg,SF200,,,,,false,,,76061190,FALSE,,INR 485.00,INR 1212.50,Sales,,0.00,0.00,0.00,0.00,cm,kg,,true,,,goods,Government Stamping Fee /Expense for 200Kg,,,,,,,,,,GST18,18.000000,Group,IGST18,18.000000,Simple,1,,,Inactive,nos,nos,INR 335.00,Cost of Goods Sold,,,Inventory Asset,,fifo,,,,,,0.00,Inventory,true,true,true,false,false,false,,,,,,,,false,,
99381000000548525,Government Stamping Fee /Expense for 300kg,SF300,,,,,false,,,76061190,FALSE,,INR 565.00,INR 1412.50,Sales,,0.00,0.00,0.00,0.00,cm,kg,,true,,,goods,Government Stamping Fee /Expense for 300kg,,,,,,,,,,GST18,18.000000,Group,IGST18,18.000000,Simple,1,,,Active,nos,nos,INR 415.00,Cost of Goods Sold,,,Inventory Asset,,fifo,,,,,,3.00,Inventory,true,true,true,false,false,false,,,,,,,,false,,
99381000000557009,Courier Charges,COCS,,,,,false,,,996819,FALSE,,INR 9.00,INR 22.50,Sales,,0.00,0.00,0.00,0.00,cm,kg,,true,,,service,Courier Charges,,,,,,,,,,GST18,18.000000,Group,IGST18,18.000000,Simple,1,,,Active,kg,,INR 9.00,Cost of Goods Sold,,,Inventory Asset,,,,,,,,,Sales and Purchases,true,true,false,false,false,false,,,,,,,,false,,
99381000000562023,Table Top Scale  250x300 M,TTSTDM,,,,,false,,,84231000,FALSE,"Make : YESWEIGH Model : YST-30
Max: 30kg e: 5g  Min:100g Class III",INR 1700.00,INR 4250.00,Sales,,0.00,0.00,0.00,0.00,cm,kg,,true,,,goods,Table Top Scale  250x300 M,"Make : YESWEIGH Model : YST-30
Max: 30kg e: 5g  Min:100g Class III",,,,,,,,,GST18,18.000000,Group,IGST18,18.000000,Simple,1,,,Inactive,nos,nos,INR 1400.00,Cost of Goods Sold,,Max: 30kg e: 5g  Min:100g Class III,Inventory Asset,,fifo,,,,,,0.00,Inventory,true,true,true,false,false,false,,,,,,,,false,,
99381000000562040,Table Top Scale  220x170 ABS 6 Volt,TTABS6V,,,,,false,,,84231000,FALSE,"Model : YST-20
Max : 20kg e:2gm Min: 40g Class III",INR 1350.00,INR 3375.00,Sales,,20.00,62.00,32.00,48.00,cm,kg,,true,,,goods,Table Top Scale  220x170 ABS 6 Volt,"Model : YST-20
Max : 20kg e:2gm Min: 40g Class III",,,,,,,,,GST18,18.000000,Group,IGST18,18.000000,Simple,1,,,Inactive,nos,nos,INR 1152.00,Cost of Goods Sold,,Max : 20kg e:2gm Min: 40g Class III,Inventory Asset,,fifo,,,,,,0.00,Inventory,true,true,true,false,false,false,,,,,,,,false,,6
99381000000590328,Government Stamping Fee / Expense for 500kg,SF500,,,,,false,,,76061190,FALSE,,INR 565.00,INR 1412.50,Sales,,0.00,0.00,0.00,0.00,cm,kg,,true,,,goods,Government Stamping Fee / Expense for 510g,,,,,,,,Stamping KL,,GST18,18.000000,Group,IGST18,18.000000,Simple,1,,,Inactive,nos,nos,INR 415.00,Cost of Goods Sold,,,Inventory Asset,,fifo,,,,,,0.00,Inventory,true,true,true,false,false,false,,,,,,,,false,,
99381000000663063,Government Stamping Fee / Expense for 100Kg,SF100,,,,,false,,,76061190,FALSE,,INR 485.00,INR 1212.50,Sales,,0.00,0.00,0.00,0.00,cm,kg,,true,,,goods,Government Stamping Fee / Expense for 510g,,,,,,,,Stamping KL,,GST18,18.000000,Group,IGST18,18.000000,Simple,1,,,Inactive,nos,nos,INR 335.00,Cost of Goods Sold,,,Inventory Asset,,fifo,,,,,,0.00,Inventory,true,true,true,false,false,false,,,,,,,,false,,
99381000000691252,BATTERY 4V (ATM & Bench Pc),APC209,,,,,true,,,85068090,FALSE,,INR 195.00,INR 487.50,Sales,,6.00,15.00,20.00,25.00,cm,kg,,true,,,goods,BATTERY 4V (ATM & Bench Pc),,,,,,,,,,GST28,28.000000,Group,IGST28,28.000000,Simple,1,,,Inactive,nos,nos,INR 164.00,Cost of Goods Sold,,,Inventory Asset,,fifo,,,,,,0.00,Inventory,true,true,true,false,false,false,,,,,,,,false,,4
99381000000716302,Indicator K12,K12,,,,,false,,,84239020,FALSE,,INR 1430.00,INR 3575.00,Sales,,0.00,0.00,0.00,0.00,cm,kg,,true,,,goods,Indicator K12,,,,,,,,WEIGHING INDICATORS,,GST18,18.000000,Group,IGST18,18.000000,Simple,1,,,Active,nos,nos,INR 1105.50,Cost of Goods Sold,,,Inventory Asset,,fifo,,,,,,15.00,Inventory,true,true,true,false,false,false,,,,,,,,false,,
99381000000735165,Label Printing scale Q9,TMAQ9,,,,,false,,,84231000,FALSE,Make:YESWEIGH  Model:YS-30   Max:30kg  e:5g  Min:100g  Class:III,INR 14500.00,INR 36250.00,Sales,,10.00,54.00,44.00,30.00,cm,kg,,true,,,goods,PLATFORM SCALE -BENCH (G-QZ1),Make:YESWEIGH  Model:YS-30   Max:30kg  e:5g  Min:100g  Class:III,,,,,,,BILL PRINTING SCALES,,GST18,18.000000,Group,IGST18,18.000000,Simple,1,,,Inactive,nos,nos,INR 10900.00,Cost of Goods Sold,,,Inventory Asset,,fifo,,,,,,0.00,Inventory,true,true,true,false,false,false,,,,,,,,false,,1
99381000000738002,Table Top Economy Scale 300X230 MS Pole 6v,TT300X230MSPOLE6V,,,,,false,,,84231000,FALSE,"Make : YESWEIGH Model:YST30
Max:30kg e:5g Min:100g",INR 1500.00,INR 3750.00,Sales,,0.00,0.00,0.00,0.00,,,,true,,,goods,Table Top Economy Scale 300X230 MS Pole 6v,"Make : YESWEIGH Model:YST30
Max:30kg e:5g Min:100g",,,,,,,,,GST18,18.000000,Group,IGST18,18.000000,Simple,1,,,Inactive,nos,nos,INR 1200.00,Cost of Goods Sold,,Max:30kg e:5g Min:100g,Inventory Asset,,fifo,,,,,,0.00,Inventory,true,true,true,false,false,false,,,,,,,,false,,
99381000000740034,Loadcell-500kg SB,LS500,,,,,false,,,9031,FALSE,,INR 980.00,INR 2450.00,Sales,,0.00,0.00,0.00,0.00,,,,true,,,goods,Loadcell-500kg SB,,,,,,,,,,GST18,18.000000,Group,IGST18,18.000000,Simple,1,,,Active,nos,nos,INR 753.75,Cost of Goods Sold,,,Inventory Asset,,fifo,,,,,,12.00,Inventory,true,true,true,false,false,false,,,,,,,,false,,
99381000000796329,Electronic weighing scale DJ600,DJ600,,,,,false,,,84231000,FALSE,Make:YESWEIGH  Model:YSJ-50   Max:620.81g Min:500mg e:10mg    Class:II,INR 4500.00,INR 11250.00,Sales,,4.00,29.00,33.00,14.00,cm,kg,,true,,,goods,ELECTRONIC CASH REGISTER (BLACK),Make:YESWEIGH  Model:YSJ-50   Max:620.81g Min:500mg e:10mg    Class:II,,,,,,,ANALYTICAL SCALES,,GST18,18.000000,Group,IGST18,18.000000,Simple,1,,,Active,nos,nos,INR 3576.00,Cost of Goods Sold,,,Inventory Asset,,fifo,,,,,,1.00,Inventory,true,true,true,false,false,false,,,,,,,,false,,
99381000000799408,Jwell Spare Box,JWELLS,,,,,false,,,84239020,FALSE,,INR 15000.00,INR 37500.00,Sales,,0.00,0.00,0.00,0.00,,,,true,,,goods,Jwell Spare Box,,,,,,,,,,GST18,18.000000,Group,IGST18,18.000000,Simple,1,,,Active,nos,nos,INR 14660.00,Cost of Goods Sold,,,Inventory Asset,,fifo,,,,,,1.00,Inventory,true,true,true,false,false,false,,,,,,,,false,,
99381000000803236,Portable Floor Scale 300x300 SS,PS300X300SS,,,,,false,,,84231000,FALSE,"Max :100kg e:10g Min:200g Class: III
Model : YSP 100",INR 2250.00,INR 5625.00,Sales,,0.00,0.00,0.00,0.00,,,,true,,,goods,Portable Floor Scale 300x300 SS,"Max :100kg e:10g Min:200g Class: III
Model : YSP 100",,,,,,,,,GST18,18.000000,Group,IGST18,18.000000,Simple,1,,,Inactive,nos,nos,INR 1750.00,Cost of Goods Sold,,"Max :100kg e:10g Min:200g Class: III
Model : YSP 100",Inventory Asset,,fifo,,,,,,0.00,Inventory,true,true,true,false,false,false,,,,,,,,false,,
99381000000803245,Portable Floor Scale 400x400 SS,PS400X400SS,,,,,false,,,84231000,FALSE,"Max:300kg e:50g Min:1kg Class :III
Model : YSP 300
",INR 3300.00,INR 8250.00,Sales,,10.00,51.00,43.00,14.00,cm,kg,,true,,,goods,Portable Floor Scale 400x400 SS,"Max:300kg e:50g Min:1kg Class :III
Model : YSP 300
",,,,,,,,,GST18,18.000000,Group,IGST18,18.000000,Simple,1,,,Inactive,nos,nos,INR 2600.00,Cost of Goods Sold,,"Max:300kg e:50g Min:1kg Class :III
Model : YSP 300",Inventory Asset,,fifo,,,,,,0.00,Inventory,true,true,true,false,false,false,,,,,,,,false,,
99381000000803254,Portable Floor Scale 400X400 MS,PS400X400MS,,,,,false,,,84231000,FALSE,"Max :300kg e:50g Min:1kg Class: III
Model : YSP 300",INR 3400.00,INR 8500.00,Sales,,0.00,0.00,0.00,0.00,cm,kg,,true,,,goods,Portable Floor Scale 400X400 MS,"Max :300kg e:50g Min:1kg Class: III
Model : YSP 300",,,,,,,,,GST18,18.000000,Group,IGST18,18.000000,Simple,1,,,Inactive,nos,nos,INR 2650.00,Cost of Goods Sold,,"Max :300kg e:50g Min:1kg Class: III
Model : YSP 300",Inventory Asset,,fifo,,,,,,0.00,Inventory,true,true,true,false,false,false,,,,,,,,false,,
99381000000931034,Infrared Thermometer,INFRATHERMO,,,,,false,,,90251910,FALSE,,INR 2430.00,INR 6075.00,Sales,,0.00,0.00,0.00,0.00,,,,true,,,goods,Infrared Thermometer,,,,,,,,,,GST18,18.000000,Group,IGST18,18.000000,Simple,1,,,Inactive,nos,nos,INR 2300.00,Cost of Goods Sold,,,Inventory Asset,,fifo,,,,,,0.00,Inventory,true,true,true,false,false,false,,,,,,,,false,,
99381000000964343,Q8LBL KEYBOARD,Q8601,,,,,false,,,84239020,FALSE,,INR 1100.00,,Sales,,0.00,0.00,0.00,0.00,,,,true,,,goods,Q8LBL KEYBOARD,,,,,,,,,,GST18,18.000000,Group,IGST18,18.000000,Simple,1,,,Inactive,nos,nos,INR 753.75,Cost of Goods Sold,,,Inventory Asset,,fifo,,,,,,0.00,Inventory,true,true,true,false,false,false,,,,,,,,false,,
99381000000968011,PRICE COMPUTER SCALE W BLUE,WBLUE,,,,,false,,,84231000,FALSE,,INR 4500.00,INR 11250.00,Sales,,0.00,0.00,0.00,0.00,,,,true,,,goods,PRICE COMPUTER SCALE W BLUE,,,,,,,,,,GST18,18.000000,Group,IGST18,18.000000,Simple,1,,,Inactive,nos,nos,INR 4500.00,Cost of Goods Sold,,,Inventory Asset,,fifo,,,,,,0.00,Inventory,true,true,true,false,false,false,,,,,,,,false,,
99381000000968166,ECS5W LCD DISPLAY PART,ECS818,,,,,false,,,84239020,FALSE,,INR 580.00,,Sales,,0.00,0.00,0.00,0.00,,,,true,,,goods,ECS5W LCD DISPLAY PART,,,,,,,,,,GST18,18.000000,Group,IGST18,18.000000,Simple,1,,,Inactive,nos,nos,INR 351.75,Cost of Goods Sold,,,Inventory Asset,,fifo,,,,,,0.00,Inventory,true,true,true,false,false,false,,,,,,,,false,,
99381000001073021,Q8LBL Dot Matrix Display Set,Q8602,,,,,false,,,84239020,FALSE,,INR 1450.00,,Sales,,0.00,0.00,0.00,0.00,,,,true,,,goods,Q8LBL Dot Matrix Display Set,,,,,,,,,,GST18,18.000000,Group,IGST18,18.000000,Simple,1,,,Active,nos,nos,INR 1256.25,Cost of Goods Sold,,,Inventory Asset,,fifo,,,,,,37.00,Inventory,true,true,true,false,false,false,,,,,,,,false,,
99381000001073030,Q8LBL LCD Display,Q8603,,,,,false,,,84239020,FALSE,,INR 900.00,,Sales,,0.00,0.00,0.00,0.00,,,,true,,,goods,Q8LBL LCD Display,,,,,,,,,,GST18,18.000000,Group,IGST18,18.000000,Simple,1,,,Active,no,,INR 653.25,Cost of Goods Sold,,,Inventory Asset,,fifo,,,,,,8.00,Inventory,true,true,true,false,false,false,,,,,,,,false,,
99381000001073039,PLATFORM Load Cell 200kg,PLC200,,,,,false,,,84239020,FALSE,,INR 400.00,INR 1000.00,Sales,,0.00,0.00,0.00,0.00,cm,kg,,true,,,goods,PLATFORM Load Cell 200kg,,,,,,,,,,GST18,18.000000,Group,IGST18,18.000000,Simple,1,,,Active,nos,nos,INR 301.50,Cost of Goods Sold,,,Inventory Asset,,fifo,,,,,,43.00,Inventory,true,true,true,false,false,false,,,,,,,,false,,
99381000001140751,PLATFORM LOAD CELL 700 KG,PLCK70,,,,,false,,,84239020,FALSE,,INR 600.00,INR 1500.00,Sales,,0.00,0.00,0.00,0.00,cm,kg,,true,,,goods,PLATFORM LOAD CELL 700 KG,,,,,,,,,,GST18,18.000000,Group,IGST18,18.000000,Simple,1,,,Active,nos,nos,INR 500.00,Cost of Goods Sold,,,Inventory Asset,,fifo,,,,,,30.00,Inventory,true,true,true,false,false,false,,,,,,,,false,,
99381000001140770,PLATFORM LOAD CELL 400 KG,PLCK40,,,,,false,,,84239020,FALSE,,INR 500.00,INR 1250.00,Sales,,0.00,0.00,0.00,0.00,,,,true,,,goods,PLATFORM LOAD CELL 400 KG,,,,,,,,,,GST18,18.000000,Group,IGST18,18.000000,Simple,1,,,Active,nos,nos,INR 400.00,Cost of Goods Sold,,,Inventory Asset,,fifo,,,,,,21.00,Inventory,true,true,true,false,false,false,,,,,,,,false,,
99381000001165598,CHOTTU - T/z KEY,CH601,,,,,false,,,84239020,FALSE,,INR 20.00,,Sales,,0.00,0.00,0.00,0.00,,,,true,,,goods,CHOTTU - T/z KEY,,,,,,,,,,GST18,18.000000,Group,IGST18,18.000000,Simple,1,,,Active,nos,nos,INR 15.08,Cost of Goods Sold,,,Inventory Asset,,fifo,,,,,,-7.00,Inventory,true,true,true,false,false,false,,,,,,,,false,,
99381000001165607,CHOTTU MOTHERBOARD - 99MB 6V,CH602,,,,,false,,,84239020,FALSE,,INR 210.00,,Sales,,0.00,0.00,0.00,0.00,,,,true,,,goods,CHOTTU MOTHERBOARD - 99MB 6V,,,,,,,,,,GST18,18.000000,Group,IGST18,18.000000,Simple,1,,,Active,nos,nos,INR 153.00,Cost of Goods Sold,,,Inventory Asset,,fifo,,,,,,32.00,Inventory,true,true,true,false,false,false,,,,,,,,false,,
99381000001165620,MOTHERBOARD  CHOTTU - 99MB 4V,CH603,,,,,false,,,84239020,FALSE,,INR 205.00,,Sales,,0.00,0.00,0.00,0.00,cm,kg,,true,,,goods,MOTHERBOARD  CHOTTU - 99MB 4V,,,,,,,,GENERIC SPARE PARTS,,GST18,18.000000,Group,IGST18,18.000000,Simple,1,,,Active,nos,nos,INR 119.00,Cost of Goods Sold,,,Inventory Asset,,fifo,,,,,,30.00,Inventory,true,true,true,false,false,false,,,,,,,,false,,
99381000001165631,CHOTTU - BATTERY (8507) 4V,CH604,,,,,false,,,84239020,FALSE,,INR 105.00,INR 262.50,Sales,,0.00,0.00,0.00,0.00,,,,true,,,goods,CHOTTU - BATTERY (8507) 4V,,,,,,,,,,GST18,18.000000,Group,IGST18,18.000000,Simple,1,,,Inactive,nos,nos,INR 80.40,Cost of Goods Sold,,,Inventory Asset,,fifo,,,,,,0.00,Inventory,true,true,true,false,false,false,,,,,,,,false,,
99381000001171138,TABLE TOP ABS (VIBRANT),VIBRANT300X240ABS,,,,,false,,,84231000,FALSE,Max : 30Kg e:5gm Min: 100g Class III,INR 1800.00,INR 4500.00,Sales,,5.00,21.00,29.00,49.00,cm,kg,,true,,,goods,TABLE TOP ABS (VIBRANT),Max : 30Kg e:5gm Min: 100g Class III,,,,,,,,,GST18,18.000000,Group,IGST18,18.000000,Simple,1,,,Inactive,pcs,,INR 1450.00,Cost of Goods Sold,,Max : 30Kg e:5gm Min: 100g Class III,Inventory Asset,,fifo,,,,,,0.00,Inventory,true,true,true,false,false,false,,,,,,,,false,,1
99381000001247038,ATM JUNIOR YS669,YS669,,,,,false,,,84231000,FALSE,"Make : YESWEIGH Model : YSP-20
Max : 20kg e:2g Min:40g
Class : III",INR 1790.00,,Sales,,18.00,69.00,39.00,37.00,cm,kg,,true,,,goods,ATM JUNIOR YS669,"Make : YESWEIGH Model : YSP-20
Max : 20kg e:2g Min:40g
Class : III",,,,,,,,,GST18,18.000000,Group,IGST18,18.000000,Simple,1,,,Inactive,nos,nos,INR 1315.68,Cost of Goods Sold,,"Make : YESWEIGH Model : YSP-20
Max : 20kg e:2g Min:40g
Class : III",Inventory Asset,,fifo,,,,,,0.00,Inventory,true,true,true,false,false,false,,,,,,,,false,,
99381000001273720,Price Computing Scale YS889,YS889,,,,,false,,,84231000,FALSE,,INR 0.00,INR 1.00,Sales,,0.00,0.00,0.00,0.00,,,,true,,,goods,Price Computing Scale YS889,,,,,,,,,,GST18,18.000000,Group,IGST18,18.000000,Simple,1,,,Inactive,nos,nos,INR 1551.43,Cost of Goods Sold,,,Inventory Asset,,fifo,,,,,,0.00,Inventory,true,true,true,false,false,false,,,,,,,,false,,
99381000001429925,FLOOR SCALE INDICATOR WITH EXTRA DISPLAY,K12IND,,,,,false,,,84239020,FALSE,,INR 1250.00,INR 3125.00,Sales,,2.00,17.00,19.00,16.00,cm,kg,,true,,,goods,FLOOR SCALE INDICATOR WITH EXTRA DISPLAY,,,,,,,,,,GST18,18.000000,Group,IGST18,18.000000,Simple,1,,,Inactive,nos,nos,INR 1100.00,Cost of Goods Sold,,,Inventory Asset,,fifo,,,,,,0.00,Inventory,true,true,true,false,false,false,,,,,,,,false,,1
99381000001455323,SMPS 20V TMA,Q8604,,,,,false,,,84239020,FALSE,,INR 1565.00,INR 3200.00,Sales,,0.00,0.00,0.00,0.00,cm,kg,,true,,,goods,SMPS 20V TMA,,,,,,,,,,GST18,18.000000,Group,IGST18,18.000000,Simple,1,,,Active,nos,nos,INR 860.00,Cost of Goods Sold,,,Inventory Asset,,fifo,,,,,,28.00,Inventory,true,true,true,false,false,false,,,,,,,,false,,
99381000001476013,Platform Weighing Scale 400x400 MS,PFPC400X400MS,,,,,false,,,84239020,FALSE,"Make : YESWEIGH Model:YSP-100
Max:100 kg e: 10gm Min:200g Class III",INR 3700.00,INR 9250.00,Sales,,13.00,68.00,41.00,18.00,cm,kg,,true,,,goods,Platform Weighing Scale 400x400 MS,"Make : YESWEIGH Model:YSP-100
Max:100 kg e: 10gm Min:200g Class III",,,,,,,,,GST18,18.000000,Group,IGST18,18.000000,Simple,1,,,Inactive,nos,nos,INR 2790.606,Cost of Goods Sold,,,Inventory Asset,,fifo,,,,,,0.00,Inventory,true,true,true,false,false,false,,,,,,,,false,,1
99381000001476030,Platform Weighing Scale 420x520 SS,PFPC420X520SS,,,,,false,,,84239020,FALSE,"Make : YESWEIGH Model:YSP-200
Max:200 kg e: 20gm Min:400g Class III",INR 6000.00,INR 15000.00,Sales,,12.00,82.00,49.00,19.00,cm,kg,,true,,,goods,Platform Weighing Scale 400x500 (G-QZ-FSS),"Make : YESWEIGH Model:YSP-200
Max:200 kg e: 20gm Min:400g Class III",,,,,,,WEIGHING SCALE IMPORT,,GST18,18.000000,Group,IGST18,18.000000,Simple,1,,,Inactive,nos,nos,INR 4489.00,Cost of Goods Sold,,,Inventory Asset,,fifo,,,,,,0.00,Inventory,true,true,true,false,false,false,,,,,,,,false,,1
99381000001523155,ECS5W DUST COVER,ECS819,,,,,false,,,84239020,FALSE,,INR 95.00,,Sales,,0.00,0.00,0.00,0.00,cm,kg,,true,,,goods,ECS5W DUST COVER,,,,,,,,,,GST18,18.000000,Group,IGST18,18.000000,Simple,1,,,Active,nos,nos,INR 50.25,Cost of Goods Sold,,,Inventory Asset,,fifo,,,,,,25.00,Inventory,true,true,true,false,false,false,,,,,,,,false,,
99381000001523185,Shear Beam Loadcell 1.5T WITH FOOT,SHEARBEAM15T2,,,,,false,,,84239020,FALSE,,INR 500.00,INR 1250.00,Sales,,0.00,0.00,0.00,0.00,,,,true,,,goods,Shear Beam Loadcell 1.5T WITH FOOT,,,,,,,,,,GST18,18.000000,Group,IGST18,18.000000,Simple,1,,,Inactive,,,INR 355.00,Cost of Goods Sold,,,Inventory Asset,,,,,,,,,Sales and Purchases,true,true,false,false,false,false,,,,,,,,false,,
99381000001563105,CCM DISPLAY UNIT FRONT,CCM101,,,,,false,,,84239020,FALSE,,INR 680.00,INR 1700.00,Sales,,0.00,0.00,0.00,0.00,cm,kg,,true,,,goods,CCM DISPLAY UNIT FRONT,,,,,,,,,,GST18,18.000000,Group,IGST18,18.000000,Simple,1,,,Active,nos,nos,INR 420.00,Cost of Goods Sold,,,Inventory Asset,,fifo,,,,,,12.00,Inventory,true,true,true,false,false,false,,,,,,,,false,,
99381000001563114,AC MOTOR CCM,CCM102,,,,,false,,,84239020,FALSE,,INR 640.00,INR 1600.00,Sales,,0.00,0.00,0.00,0.00,cm,kg,,true,,,goods,AC MOTOR CCM,,,,,,,,,,GST18,18.000000,Group,IGST18,18.000000,Simple,1,,,Active,nos,nos,INR 452.25,Cost of Goods Sold,,,Inventory Asset,,fifo,,,,,,14.00,Inventory,true,true,true,false,false,false,,,,,,,,false,,
99381000001577031,KEYPAD POUCH,APC210,,,,,false,,,84239020,FALSE,,INR 20.00,,Sales,,0.00,0.00,0.00,0.00,,,,true,,,goods,KEYPAD POUCH,,,,,,,,,,GST18,18.000000,Group,IGST18,18.000000,Simple,1,,,Active,nos,nos,INR 10.05,Cost of Goods Sold,,,Inventory Asset,,fifo,,,,,,32.00,Inventory,true,true,true,false,false,false,,,,,,,,false,,
99381000001577040,Metallic Keypad Cover Bench PC,BPC115,,,,,false,,,84239020,FALSE,,INR 110.00,INR 275.00,Sales,,0.00,0.00,0.00,0.00,,,,true,,,goods,Metallic Keypad Cover Bench PC,,,,,,,,,,GST18,18.000000,Group,IGST18,18.000000,Simple,1,,,Active,nos,nos,INR 75.38,Cost of Goods Sold,,,Inventory Asset,,fifo,,,,,,25.00,Inventory,true,true,true,false,false,false,,,,,,,,false,,
99381000001577049,Load Cell 130 KG,BPC118,,,,,false,,,84239020,FALSE,,INR 220.00,INR 550.00,Sales,,0.00,0.00,0.00,0.00,,,,true,,,goods,Load Cell 130 KG,,,,,,,,,,GST18,18.000000,Group,IGST18,18.000000,Simple,1,,,Active,nos,nos,INR 165.83,Cost of Goods Sold,,,Inventory Asset,,fifo,,,,,,205.00,Inventory,true,true,true,false,false,false,,,,,,,,false,,
99381000001577058,BOTTOM CASE BENCH PC,BPC116,,,,,false,,,84239020,FALSE,,INR 190.00,INR 475.00,Sales,,0.00,0.00,0.00,0.00,,,,true,,,goods,BOTTOM CASE BENCH PC,,,,,,,,,,GST18,18.000000,Group,IGST18,18.000000,Simple,1,,,Active,nos,nos,INR 113.06,Cost of Goods Sold,,,Inventory Asset,,fifo,,,,,,12.00,Inventory,true,true,true,false,false,false,,,,,,,,false,,
99381000001577067,TOP CASE BENCH PC,BPC117,,,,,false,,,84239020,FALSE,,INR 190.00,INR 475.00,Sales,,0.00,0.00,0.00,0.00,,,,true,,,goods,TOP CASE BENCH PC,,,,,,,,,,GST18,18.000000,Group,IGST18,18.000000,Simple,1,,,Active,nos,nos,INR 110.00,Cost of Goods Sold,,,Inventory Asset,,fifo,,,,,,39.00,Inventory,true,true,true,false,false,false,,,,,,,,false,,
99381000001577076,DC MOTOR CCM,CCM103,,,,,false,,,84239020,FALSE,,INR 290.00,INR 725.00,Sales,,0.00,0.00,0.00,0.00,cm,kg,,true,,,goods,DC MOTOR CCM,,,,,,,,,,GST18,18.000000,Group,IGST18,18.000000,Simple,1,,,Active,nos,nos,INR 100.00,Cost of Goods Sold,,,Inventory Asset,,fifo,,,,,,21.00,Inventory,true,true,true,false,false,false,,,,,,,,false,,
99381000001577085,DENOMINATION IR LED CCM,CCM104,,,,,false,,,84239020,FALSE,,INR 145.00,INR 362.50,Sales,,0.00,0.00,0.00,0.00,cm,kg,,true,,,goods,DENOMINATION IR LED CCM,,,,,,,,,,GST18,18.000000,Group,IGST18,18.000000,Simple,1,,,Active,nos,nos,INR 80.00,Cost of Goods Sold,,,Inventory Asset,,fifo,,,,,,25.00,Inventory,true,true,true,false,false,false,,,,,,,,false,,
99381000001577094,UV SENSOR CCM,CCM105,,,,,false,,,84239020,FALSE,,INR 120.00,INR 300.00,Sales,,0.00,0.00,0.00,0.00,,,,true,,,goods,UV SENSOR CCM,,,,,,,,,,GST18,18.000000,Group,IGST18,18.000000,Simple,1,,,Active,nos,nos,INR 60.00,Cost of Goods Sold,,,Inventory Asset,,fifo,,,,,,11.00,Inventory,true,true,true,false,false,false,,,,,,,,false,,
99381000001577103,STACKER SENSOR (IR EMITTER & RECEIVER)CCM,CCM106,,,,,false,,,84239020,FALSE,,INR 125.00,INR 312.50,Sales,,0.00,0.00,0.00,0.00,,,,true,,,goods,STACKER SENSOR (IR EMITTER & RECEIVER)CCM,,,,,,,,,,GST18,18.000000,Group,IGST18,18.000000,Simple,1,,,Active,nos,nos,INR 45.00,Cost of Goods Sold,,,Inventory Asset,,fifo,,,,,,17.00,Inventory,true,true,true,false,false,false,,,,,,,,false,,
99381000001577112,HOPPER SENSOR CCM,CCM107,,,,,false,,,84239020,FALSE,,INR 145.00,INR 362.50,Sales,,0.00,0.00,0.00,0.00,cm,kg,,true,,,goods,HOPPER SENSOR CCM,,,,,,,,,,GST18,18.000000,Group,IGST18,18.000000,Simple,1,,,Active,nos,nos,INR 60.00,Cost of Goods Sold,,,Inventory Asset,,fifo,,,,,,18.00,Inventory,true,true,true,false,false,false,,,,,,,,false,,
99381000001577121,ENCODING SENSOR CCM,CCM108,,,,,false,,,84239020,FALSE,,INR 120.00,INR 300.00,Sales,,0.00,0.00,0.00,0.00,,,,true,,,goods,ENCODING SENSOR CCM,,,,,,,,,,GST18,18.000000,Group,IGST18,18.000000,Simple,1,,,Active,nos,nos,INR 60.00,Cost of Goods Sold,,,Inventory Asset,,fifo,,,,,,21.00,Inventory,true,true,true,false,false,false,,,,,,,,false,,
99381000001577130,SIDE KEYPAD CCM,CCM109,,,,,false,,,84239020,FALSE,,INR 135.00,INR 337.50,Sales,,0.00,0.00,0.00,0.00,cm,kg,,true,,,goods,SIDE KEYPAD CCM,,,,,,,,,,GST18,18.000000,Group,IGST18,18.000000,Simple,1,,,Active,nos,nos,INR 85.00,Cost of Goods Sold,,,Inventory Asset,,fifo,,,,,,22.00,Inventory,true,true,true,false,false,false,,,,,,,,false,,
99381000001577139,C.M TRANSFORMER CCM,CCM110,,,,,false,,,84239020,FALSE,,INR 265.00,INR 662.50,Sales,,0.00,0.00,0.00,0.00,,,,true,,,goods,C.M TRANSFORMER CCM,,,,,,,,,,GST18,18.000000,Group,IGST18,18.000000,Simple,1,,,Active,nos,nos,INR 120.00,Cost of Goods Sold,,,Inventory Asset,,fifo,,,,,,3.00,Inventory,true,true,true,false,false,false,,,,,,,,false,,
99381000001577148,MAGNETIC & DENOMINATION SENSOR WITH FRAME CCM,CCM111,,,,,false,,,84239020,FALSE,,INR 875.00,INR 2187.50,Sales,,0.00,0.00,0.00,0.00,cm,kg,,true,,,goods,MAGNETIC & DENOMINATION SENSOR WITH FRAME CCM,,,,,,,,,,GST18,18.000000,Group,IGST18,18.000000,Simple,1,,,Active,nos,nos,INR 700.00,Cost of Goods Sold,,,Inventory Asset,,fifo,,,,,,22.00,Inventory,true,true,true,false,false,false,,,,,,,,false,,
99381000001577157,MOTHER BOARD CCM,CCM112,,,,,false,,,84239020,FALSE,,INR 1390.00,INR 3475.00,Sales,,0.00,0.00,0.00,0.00,cm,kg,,true,,,goods,MOTHER BOARD CCM,,,,,,,,,,GST18,18.000000,Group,IGST18,18.000000,Simple,1,,,Active,nos,nos,INR 1030.13,Cost of Goods Sold,,,Inventory Asset,,fifo,,,,,,23.00,Inventory,true,true,true,false,false,false,,,,,,,,false,,
99381000001577166,ECS INDICATOR / ECS 4W DISPLAY  FRONT,ECS850,,,,,false,,,84239020,FALSE,,INR 1200.00,INR 3000.00,Sales,,0.00,0.00,0.00,0.00,cm,kg,,true,,,goods,ECS INDICATOR / ECS 4W DISPLAY  FRONT,,,,,,,,,,GST18,18.000000,Group,IGST18,18.000000,Simple,1,,,Active,nos,nos,INR 875.00,Cost of Goods Sold,,,Inventory Asset,,fifo,,,,,,13.00,Inventory,true,true,true,false,false,false,,,,,,,,false,,
99381000001577175,ECS 4W DISPLAY  BACK,ECS851,,,,,false,,,84239020,FALSE,,INR 800.00,,Sales,,0.00,0.00,0.00,0.00,,,,true,,,goods,ECS 4W DISPLAY  BACK,,,,,,,,,,GST18,18.000000,Group,IGST18,18.000000,Simple,1,,,Active,nos,nos,INR 753.75,Cost of Goods Sold,,,Inventory Asset,,fifo,,,,,,18.00,Inventory,true,true,true,false,false,false,,,,,,,,false,,
99381000001656700,KEYPAD BOARD ATM PC WATERPROOF,WPC415,,,,,false,,,84239020,FALSE,"KEYPAD BOARD ATM PC
WATERPROOF WPC415",INR 120.00,,Sales,,0.00,0.00,0.00,0.00,,,,true,,,goods,KEYPAD BOARD ATM PC WATERPROOF,"KEYPAD BOARD ATM PC
WATERPROOF WPC415",,,,,,,,,GST18,18.000000,Group,IGST18,18.000000,Simple,1,,,Inactive,nos,nos,INR 90.45,Cost of Goods Sold,,"KEYPAD BOARD ATM PC
WATERPROOF WPC415",Inventory Asset,,fifo,,,,,,0.00,Inventory,true,true,true,false,false,false,,,,,,,,false,,
99381000001656745,BODY SET ATM PC WATER PROOF,WPC414,,,,,false,,,84239020,FALSE,,INR 400.00,,Sales,,0.00,0.00,0.00,0.00,,,,true,,,goods,BODY SET ATM PC WATER PROOF,,,,,,,,,,GST18,18.000000,Group,IGST18,18.000000,Simple,1,,,Active,nos,nos,INR 226.13,Cost of Goods Sold,,,Inventory Asset,,fifo,,,,,,25.00,Inventory,true,true,true,false,false,false,,,,,,,,false,,
99381000001656758,BODY SET ATM JUNIOR,BSAJ,,,,,false,,,84239020,FALSE,,INR 400.00,INR 1000.00,Sales,,0.00,0.00,0.00,0.00,,,,true,,,goods,BODY SET ATM JUNIOR,,,,,,,,,,GST18,18.000000,Group,IGST18,18.000000,Simple,1,,,Active,nos,nos,INR 226.13,Cost of Goods Sold,,,Inventory Asset,,fifo,,,,,,19.00,Inventory,true,true,true,false,false,false,,,,,,,,false,,
99381000001656767,KEYPAD BOARD ATM JUNIOR,KBAJ,,,,,false,,,84239020,FALSE,,INR 130.00,INR 325.00,Sales,,0.00,0.00,0.00,0.00,,,,true,,,goods,KEYPAD BOARD ATM JUNIOR,,,,,,,,,,GST18,18.000000,Group,IGST18,18.000000,Simple,1,,,Active,nos,nos,INR 60.30,Cost of Goods Sold,,,Inventory Asset,,fifo,,,,,,147.00,Inventory,true,true,true,false,false,false,,,,,,,,false,,
99381000001656780,ATM PC JUNIOR PAN,APJP,,,,,false,,,84239020,FALSE,,INR 260.00,INR 650.00,Sales,,0.00,0.00,0.00,0.00,,,,true,,,goods,ATM PC JUNIOR PAN,,,,,,,,,,GST18,18.000000,Group,IGST18,18.000000,Simple,1,,,Active,nos,nos,INR 190.60,Cost of Goods Sold,,,Inventory Asset,,fifo,,,,,,2.00,Inventory,true,true,true,false,false,false,,,,,,,,false,,
99381000001656835,BODY SET PLATFORM SCALE,PFPC504,,,,,false,,,84239020,FALSE,,INR 360.00,INR 900.00,Sales,,0.00,0.00,0.00,0.00,,,,true,,,goods,BODY SET PLATFORM SCALE,,,,,,,,,,GST18,18.000000,Group,IGST18,18.000000,Simple,1,,,Inactive,nos,nos,INR 278.89,Cost of Goods Sold,,,Inventory Asset,,fifo,,,,,,0.00,Inventory,true,true,true,false,false,false,,,,,,,,false,,
99381000001662103,BODY SET ATM PC TOUCH,TPC306,,,,,false,,,84239020,FALSE,,INR 300.00,,Sales,,0.00,0.00,0.00,0.00,,,,true,,,goods,BODY SET ATM PC TOUCH,,,,,,,,,,GST18,18.000000,Group,IGST18,18.000000,Simple,1,,,Active,nos,nos,INR 226.13,Cost of Goods Sold,,,Inventory Asset,,fifo,,,,,,25.00,Inventory,true,true,true,false,false,false,,,,,,,,false,,
99381000001662112,Body set ATM PC,APC211,,,,,false,,,84239020,FALSE,,INR 300.00,,Sales,,0.00,0.00,0.00,0.00,,,,true,,,goods,Body set ATM PC,,,,,,,,,,GST18,18.000000,Group,IGST18,18.000000,Simple,1,,,Active,nos,nos,INR 226.13,Cost of Goods Sold,,,Inventory Asset,,fifo,,,,,,0.00,Inventory,true,true,true,false,false,false,,,,,,,,false,,
99381000001662121,ATM PC WEIGH PAN,APC214,,,,,false,,,84239020,FALSE,,INR 220.00,,Sales,,0.00,0.00,0.00,0.00,cm,kg,,true,,,goods,ATM PC WEIGH PAN,,,,,,,,,,GST18,18.000000,Group,IGST18,18.000000,Simple,1,,,Active,nos,nos,INR 120.60,Cost of Goods Sold,,,Inventory Asset,,fifo,,,,,,3.00,Inventory,true,true,true,false,false,false,,,,,,,,false,,
99381000001663001,ECS 5W BODY SET,ECS821,,,,,false,,,84239020,FALSE,,INR 1000.00,,Sales,,0.00,0.00,0.00,0.00,,,,true,,,goods,ECS 5W BODY SET,,,,,,,,,,GST18,18.000000,Group,IGST18,18.000000,Simple,1,,,Active,nos,nos,INR 603.00,Cost of Goods Sold,,,Inventory Asset,,fifo,,,,,,6.00,Inventory,true,true,true,false,false,false,,,,,,,,false,,
99381000001663010,ECS5W  KEYPAD SILICON PAD,ECS822,,,,,false,,,84239020,FALSE,,INR 120.00,,Sales,,0.00,0.00,0.00,0.00,,,,true,,,goods,ECS5W  KEYPAD SILICON PAD,,,,,,,,,,GST18,18.000000,Group,IGST18,18.000000,Simple,1,,,Active,nos,nos,INR 75.38,Cost of Goods Sold,,,Inventory Asset,,fifo,,,,,,0.00,Inventory,true,true,true,false,false,false,,,,,,,,false,,
99381000001663019,ECS5W DISPLAY STICKER FRONT,ECS823,,,,,false,,,84239020,FALSE,,INR 90.00,,Sales,,0.00,0.00,0.00,0.00,,,,true,,,goods,ECS5W DISPLAY STICKER FRONT,,,,,,,,,,GST18,18.000000,Group,IGST18,18.000000,Simple,1,,,Active,nos,nos,INR 37.69,Cost of Goods Sold,,,Inventory Asset,,fifo,,,,,,40.00,Inventory,true,true,true,false,false,false,,,,,,,,false,,
99381000001663028,ECS5W DISPLAY STICKER BACK,ECS824,,,,,false,,,84239020,FALSE,,INR 90.00,,Sales,,0.00,0.00,0.00,0.00,,,,true,,,goods,ECS5W DISPLAY STICKER BACK,,,,,,,,,,GST18,18.000000,Group,IGST18,18.000000,Simple,1,,,Active,nos,nos,INR 37.69,Cost of Goods Sold,,,Inventory Asset,,fifo,,,,,,27.00,Inventory,true,true,true,false,false,false,,,,,,,,false,,
99381000001663037,ECS5W KEYBOARD STICKER,ECS825,,,,,false,,,84239020,FALSE,,INR 190.00,,Sales,,0.00,0.00,0.00,0.00,cm,kg,,true,,,goods,ECS5W KEYBOARD STICKER,,,,,,,,,,GST18,18.000000,Group,IGST18,18.000000,Simple,1,,,Active,nos,nos,INR 132.00,Cost of Goods Sold,,,Inventory Asset,,fifo,,,,,,21.00,Inventory,true,true,true,false,false,false,,,,,,,,false,,
99381000001663046,ECS4W KEYBOARD BOARD,ECS852,,,,,false,,,84239020,FALSE,,INR 1000.00,,Sales,,0.00,0.00,0.00,0.00,,,,true,,,goods,ECS4W KEYBOARD BOARD,,,,,,,,,,GST18,18.000000,Group,IGST18,18.000000,Simple,1,,,Active,nos,nos,INR 585.00,Cost of Goods Sold,,,Inventory Asset,,fifo,,,,,,2.00,Inventory,true,true,true,false,false,false,,,,,,,,false,,
99381000001663055,ECS4W BODY SET,ECS855,,,,,false,,,84239020,FALSE,,INR 990.00,,Sales,,0.00,0.00,0.00,0.00,cm,kg,,true,,,goods,ECS4W BODY SET,,,,,,,,,,GST18,18.000000,Group,IGST18,18.000000,Simple,1,,,Active,nos,nos,INR 376.88,Cost of Goods Sold,,,Inventory Asset,,fifo,,,,,,0.00,Inventory,true,true,true,false,false,false,,,,,,,,false,,
99381000001663064,ECS4W POLE,ECS856,,,,,false,,,84239020,FALSE,,INR 350.00,,Sales,,0.00,0.00,0.00,0.00,cm,kg,,true,,,goods,ECS4W POLE,,,,,,,,,,GST18,18.000000,Group,IGST18,18.000000,Simple,1,,,Active,nos,nos,INR 226.13,Cost of Goods Sold,,,Inventory Asset,,fifo,,,,,,0.00,Inventory,true,true,true,false,false,false,,,,,,,,false,,
99381000001663073,ECS4W SILICON PAD,ECS857,,,,,false,,,84239020,FALSE,,INR 120.00,,Sales,,0.00,0.00,0.00,0.00,,,,true,,,goods,ECS4W SILICON PAD,,,,,,,,,,GST18,18.000000,Group,IGST18,18.000000,Simple,1,,,Active,nos,nos,INR 75.38,Cost of Goods Sold,,,Inventory Asset,,fifo,,,,,,-1.00,Inventory,true,true,true,false,false,false,,,,,,,,false,,
99381000001663082,ECS4W DISPLAY STICKER FRONT,ECS858,,,,,false,,,84239020,FALSE,,INR 75.00,,Sales,,0.00,0.00,0.00,0.00,,,,true,,,goods,ECS4W DISPLAY STICKER FRONT,,,,,,,,,,GST18,18.000000,Group,IGST18,18.000000,Simple,1,,,Active,nos,nos,INR 37.69,Cost of Goods Sold,,,Inventory Asset,,fifo,,,,,,13.00,Inventory,true,true,true,false,false,false,,,,,,,,false,,
99381000001663091,ECS4W DISPLAY STICKER BACK,ECS859,,,,,false,,,84239020,FALSE,,INR 75.00,,Sales,,0.00,0.00,0.00,0.00,,,,true,,,goods,ECS4W DISPLAY STICKER BACK,,,,,,,,,,GST18,18.000000,Group,IGST18,18.000000,Simple,1,,,Active,nos,nos,INR 37.69,Cost of Goods Sold,,,Inventory Asset,,fifo,,,,,,10.00,Inventory,true,true,true,false,false,false,,,,,,,,false,,
99381000001663100,ECS4W KEYBOARD STICKER,ECS860,,,,,false,,,84239020,FALSE,,INR 175.00,,Sales,,0.00,0.00,0.00,0.00,cm,kg,,true,,,goods,ECS4W KEYBOARD STICKER,,,,,,,,,,GST18,18.000000,Group,IGST18,18.000000,Simple,1,,,Active,nos,nos,INR 118.00,Cost of Goods Sold,,,Inventory Asset,,fifo,,,,,,16.00,Inventory,true,true,true,false,false,false,,,,,,,,false,,
99381000001663109,Q8/Q9LBL /Q10 KEYPAD BOARD,Q8605,,,,,false,,,84239020,FALSE,,INR 1200.00,INR 3000.00,Sales,,0.00,0.00,0.00,0.00,cm,kg,,true,,,goods,Q8/Q9LBL /Q10 KEYPAD BOARD,,,,,,,,,,GST18,18.000000,Group,IGST18,18.000000,Simple,1,,,Active,nos,nos,INR 875.00,Cost of Goods Sold,,,Inventory Asset,,fifo,,,,,,29.00,Inventory,true,true,true,false,false,false,,,,,,,,false,,
99381000001663118,Q8LBL BODY SET,Q8606,,,,,false,,,84239020,FALSE,,INR 1400.00,,Sales,,0.00,0.00,0.00,0.00,cm,kg,,true,,,goods,Q8LBL BODY SET,,,,,,,,,,GST18,18.000000,Group,IGST18,18.000000,Simple,1,,,Active,nos,nos,INR 678.38,Cost of Goods Sold,,,Inventory Asset,,fifo,,,,,,2.00,Inventory,true,true,true,false,false,false,,,,,,,,false,,
99381000001663127,Q8LBL POLE,Q8607,,,,,false,,,84239020,FALSE,,INR 750.00,,Sales,,0.00,0.00,0.00,0.00,,,,true,,,goods,Q8LBL POLE,,,,,,,,,,GST18,18.000000,Group,IGST18,18.000000,Simple,1,,,Active,nos,nos,INR 527.63,Cost of Goods Sold,,,Inventory Asset,,fifo,,,,,,1.00,Inventory,true,true,true,false,false,false,,,,,,,,false,,
99381000001663188,Q8LBL CROSS STAND,Q8608,,,,,false,,,84239020,FALSE,,INR 400.00,,Sales,,0.00,0.00,0.00,0.00,,,,true,,,goods,Q8LBL CROSS STAND,,,,,,,,,,GST18,18.000000,Group,IGST18,18.000000,Simple,1,,,Active,nos,nos,INR 188.44,Cost of Goods Sold,,,Inventory Asset,,fifo,,,,,,2.00,Inventory,true,true,true,false,false,false,,,,,,,,false,,
99381000001663197,Q8LBL PRINTER,Q8610,,,,,false,,,84239020,FALSE,,INR 7200.00,INR 18000.00,Sales,,0.00,0.00,0.00,0.00,,,,true,,,goods,Q8LBL PRINTER,,,,,,,,,,GST18,18.000000,Group,IGST18,18.000000,Simple,1,,,Active,nos,nos,INR 5276.25,Cost of Goods Sold,,,Inventory Asset,,fifo,,,,,,9.00,Inventory,true,true,true,false,false,false,,,,,,,,false,,
99381000001663206,Q8LBL PRINT HEAD,Q8611,,,,,false,,,84239020,FALSE,,INR 2750.00,,Sales,,0.00,0.00,0.00,0.00,,,,true,,,goods,Q8LBL PRINT HEAD,,,,,,,,,,GST18,18.000000,Group,IGST18,18.000000,Simple,1,,,Inactive,nos,nos,INR 1884.38,Cost of Goods Sold,,,Inventory Asset,,fifo,,,,,,0.00,Inventory,true,true,true,false,false,false,,,,,,,,false,,
99381000001663215,Q8LBL LABEL GAP SENSOR,Q8613,,,,,false,,,84239020,FALSE,,INR 90.00,,Sales,,0.00,0.00,0.00,0.00,,,,true,,,goods,Q8LBL LABEL GAP SENSOR,,,,,,,,,,GST18,18.000000,Group,IGST18,18.000000,Simple,1,,,Active,nos,nos,INR 52.76,Cost of Goods Sold,,,Inventory Asset,,fifo,,,,,,5.00,Inventory,true,true,true,false,false,false,,,,,,,,false,,
99381000001663224,Q8LBL OUTER SENSOR,Q8614,,,,,false,,,84239020,FALSE,,INR 180.00,,Sales,,0.00,0.00,0.00,0.00,cm,kg,,true,,,goods,Q8LBL OUTER SENSOR,,,,,,,,,,GST18,18.000000,Group,IGST18,18.000000,Simple,1,,,Active,nos,nos,INR 75.375,Cost of Goods Sold,,,Inventory Asset,,fifo,,,,,,25.00,Inventory,true,true,true,false,false,false,,,,,,,,false,,
99381000001663233,TMA LBL ROLLER MOTOR,Q8615,,,,,false,,,84239020,FALSE,,INR 890.00,INR 2225.00,Sales,,0.00,0.00,0.00,0.00,cm,kg,,true,,,goods,TMA LBL ROLLER MOTOR,,,,,,,,,,GST18,18.000000,Group,IGST18,18.000000,Simple,1,,,Active,nos,nos,INR 452.25,Cost of Goods Sold,,,Inventory Asset,,fifo,,,,,,32.00,Inventory,true,true,true,false,false,false,,,,,,,,false,,
99381000001663242,Q8LBL POLE CONNECTOR,Q8616,,,,,false,,,84239020,FALSE,,INR 190.00,,Sales,,0.00,0.00,0.00,0.00,cm,kg,,true,,,goods,Q8LBL POLE CONNECTOR,,,,,,,,,,GST18,18.000000,Group,IGST18,18.000000,Simple,1,,,Active,nos,nos,INR 150.75,Cost of Goods Sold,,,Inventory Asset,,fifo,,,,,,20.00,Inventory,true,true,true,false,false,false,,,,,,,,false,,
99381000001663251,Q8LBL KEYPAD SILICON PAD,Q8617,,,,,false,,,84239020,FALSE,,INR 190.00,,Sales,,0.00,0.00,0.00,0.00,cm,kg,,true,,,goods,Q8LBL KEYPAD SILICON PAD,,,,,,,,,,GST18,18.000000,Group,IGST18,18.000000,Simple,1,,,Active,nos,nos,INR 150.75,Cost of Goods Sold,,,Inventory Asset,,fifo,,,,,,5.00,Inventory,true,true,true,false,false,false,,,,,,,,false,,
99381000001663260,Q8LBL DISPLAY STICKER FRONT,Q8618,,,,,false,,,84239020,FALSE,,INR 125.00,,Sales,,0.00,0.00,0.00,0.00,,,,true,,,goods,Q8LBL DISPLAY STICKER FRONT,,,,,,,,,,GST18,18.000000,Group,IGST18,18.000000,Simple,1,,,Active,nos,nos,INR 37.69,Cost of Goods Sold,,,Inventory Asset,,fifo,,,,,,17.00,Inventory,true,true,true,false,false,false,,,,,,,,false,,
99381000001663269,Q8LBL DISPLY STICKER BACK,Q8619,,,,,false,,,84239020,FALSE,,INR 125.00,,Sales,,0.00,0.00,0.00,0.00,,,,true,,,goods,Q8LBL DISPLY STICKER BACK,,,,,,,,,,GST18,18.000000,Group,IGST18,18.000000,Simple,1,,,Active,nos,nos,INR 37.69,Cost of Goods Sold,,,Inventory Asset,,fifo,,,,,,16.00,Inventory,true,true,true,false,false,false,,,,,,,,false,,
99381000001663278,Q8LBL KEYBOARD STICKER,Q8620,,,,,false,,,84239020,FALSE,,INR 185.00,,Sales,,0.00,0.00,0.00,0.00,,,,true,,,goods,Q8LBL KEYBOARD STICKER,,,,,,,,,,GST18,18.000000,Group,IGST18,18.000000,Simple,1,,,Active,nos,nos,INR 75.38,Cost of Goods Sold,,,Inventory Asset,,fifo,,,,,,1.00,Inventory,true,true,true,false,false,false,,,,,,,,false,,
99381000001663287,Q8LBL PAN,Q8621,,,,,false,,,84239020,FALSE,,INR 540.00,,Sales,,0.00,0.00,0.00,0.00,cm,kg,,true,,,goods,Q8LBL PAN,,,,,,,,,,GST18,18.000000,Group,IGST18,18.000000,Simple,1,,,Active,nos,nos,INR 390.00,Cost of Goods Sold,,,Inventory Asset,,fifo,,,,,,2.00,Inventory,true,true,true,false,false,false,,,,,,,,false,,
99381000001663296,Q9LBL PAN HOLDING CROSS STAND,Q9701,,,,,false,,,84239020,FALSE,,INR 350.00,,Sales,,0.00,0.00,0.00,0.00,,,,true,,,goods,Q9LBL PAN HOLDING CROSS STAND,,,,,,,,,,GST18,18.000000,Group,IGST18,18.000000,Simple,1,,,Active,nos,nos,INR 188.44,Cost of Goods Sold,,,Inventory Asset,,fifo,,,,,,2.00,Inventory,true,true,true,false,false,false,,,,,,,,false,,
99381000001663305,PRINTER Set Lable scale,Q9702,,,,,false,,,84239020,FALSE,,INR 6900.00,INR 10000.00,Sales,,0.00,0.00,0.00,0.00,cm,kg,,true,,,goods,PRINTER Set Lable scale,,,,,,,,,,GST18,18.000000,Group,IGST18,18.000000,Simple,1,,,Active,nos,nos,INR 5276.25,Cost of Goods Sold,,,Inventory Asset,,fifo,,,,,,1.00,Inventory,true,true,true,false,false,false,,,,,,,,false,,
99381000001663314,Q9LBL PRINT HEAD,Q9703,,,,,false,,,84239020,FALSE,,INR 2300.00,,Sales,,0.00,0.00,0.00,0.00,cm,kg,,true,,,goods,Q9LBL PRINT HEAD,,,,,,,,,,GST18,18.000000,Group,IGST18,18.000000,Simple,1,,,Active,nos,nos,INR 2050.00,Cost of Goods Sold,,,Inventory Asset,,fifo,,,,,,19.00,Inventory,true,true,true,false,false,false,,,,,,,,false,,
99381000001663323,Q9LBL ROLLER MOTOR,Q9705,,,,,false,,,84239020,FALSE,,INR 750.00,,Sales,,0.00,0.00,0.00,0.00,,,,true,,,goods,Q9LBL ROLLER MOTOR,,,,,,,,,,GST18,18.000000,Group,IGST18,18.000000,Simple,1,,,Active,nos,nos,INR 452.25,Cost of Goods Sold,,,Inventory Asset,,fifo,,,,,,5.00,Inventory,true,true,true,false,false,false,,,,,,,,false,,
99381000001663332,Q9LBL BODY SET,Q9706,,,,,false,,,84239020,FALSE,,INR 1380.00,,Sales,,0.00,0.00,0.00,0.00,cm,kg,,true,,,goods,Q9LBL BODY SET,,,,,,,,,,GST18,18.000000,Group,IGST18,18.000000,Simple,1,,,Active,nos,nos,INR 678.38,Cost of Goods Sold,,,Inventory Asset,,fifo,,,,,,0.00,Inventory,true,true,true,false,false,false,,,,,,,,false,,
99381000001663341,Q9LBL POLE with plastic case set (blue ),Q9707,,,,,false,,,84239020,FALSE,,INR 750.00,,Sales,,0.00,0.00,0.00,0.00,,,,true,,,goods,Q9LBL POLE with plastic case set (blue ),,,,,,,,,,GST18,18.000000,Group,IGST18,18.000000,Simple,1,,,Active,nos,nos,INR 527.63,Cost of Goods Sold,,,Inventory Asset,,fifo,,,,,,0.00,Inventory,true,true,true,false,false,false,,,,,,,,false,,
99381000001663350,Q9LBL POLE CONNECTOR,Q9708,,,,,false,,,84239020,FALSE,,INR 200.00,,Sales,,0.00,0.00,0.00,0.00,,,,true,,,goods,Q9LBL POLE CONNECTOR,,,,,,,,,,GST18,18.000000,Group,IGST18,18.000000,Simple,1,,,Active,nos,nos,INR 150.75,Cost of Goods Sold,,,Inventory Asset,,fifo,,,,,,21.00,Inventory,true,true,true,false,false,false,,,,,,,,false,,
99381000001663359,Q9LBL SILICON PAD,Q9709,,,,,false,,,84239020,FALSE,,INR 120.00,,Sales,,0.00,0.00,0.00,0.00,,,,true,,,goods,Q9LBL SILICON PAD,,,,,,,,,,GST18,18.000000,Group,IGST18,18.000000,Simple,1,,,Active,nos,nos,INR 75.38,Cost of Goods Sold,,,Inventory Asset,,fifo,,,,,,50.00,Inventory,true,true,true,false,false,false,,,,,,,,false,,
99381000001663368,Q9LBL DISPLAY STICKER FRONT,Q9710,,,,,false,,,84239020,FALSE,,INR 125.00,,Sales,,0.00,0.00,0.00,0.00,,,,true,,,goods,Q9LBL DISPLAY STICKER FRONT,,,,,,,,,,GST18,18.000000,Group,IGST18,18.000000,Simple,1,,,Active,nos,nos,INR 37.69,Cost of Goods Sold,,,Inventory Asset,,fifo,,,,,,30.00,Inventory,true,true,true,false,false,false,,,,,,,,false,,
99381000001663377,Q9LBL DISPLAY STICKER BACK,Q9711,,,,,false,,,84239020,FALSE,,INR 125.00,,Sales,,0.00,0.00,0.00,0.00,,,,true,,,goods,Q9LBL DISPLAY STICKER BACK,,,,,,,,,,GST18,18.000000,Group,IGST18,18.000000,Simple,1,,,Active,nos,nos,INR 37.69,Cost of Goods Sold,,,Inventory Asset,,fifo,,,,,,27.00,Inventory,true,true,true,false,false,false,,,,,,,,false,,
99381000001663386,Q9LBL KEYBOARD STICKER,Q9712,,,,,false,,,84239020,FALSE,,INR 185.00,,Sales,,0.00,0.00,0.00,0.00,,,,true,,,goods,Q9LBL KEYBOARD STICKER,,,,,,,,,,GST18,18.000000,Group,IGST18,18.000000,Simple,1,,,Active,nos,nos,INR 75.38,Cost of Goods Sold,,,Inventory Asset,,fifo,,,,,,-32.00,Inventory,true,true,true,false,false,false,,,,,,,,false,,
99381000001663395,Q9LBL WEIGHING PAN,Q9713,,,,,false,,,84239020,FALSE,,INR 530.00,,Sales,,0.00,0.00,0.00,0.00,cm,kg,,true,,,goods,Q9LBL WEIGHING PAN,,,,,,,,,,GST18,18.000000,Group,IGST18,18.000000,Simple,1,,,Active,nos,nos,INR 376.88,Cost of Goods Sold,,,Inventory Asset,,fifo,,,,,,20.00,Inventory,true,true,true,false,false,false,,,,,,,,false,,
99381000001676213,CHOTTU BATTERY 6V,CH605,,,,,false,,,84239020,FALSE,,INR 240.00,INR 600.00,Sales,,0.00,0.00,0.00,0.00,cm,kg,,true,,,goods,CHOTTU BATTERY 6V,,,,,,,,,,GST28,28.000000,Group,IGST28,28.000000,Simple,1,,,Inactive,nos,nos,INR 180.90,Cost of Goods Sold,,,Inventory Asset,,fifo,,,,,,0.00,Inventory,true,true,true,false,false,false,,,,,,,,false,,
99381000001676226,CHOTTU 40KG LOAD CELL,CH606,,,,,false,,,84239020,FALSE,,INR 130.00,INR 325.00,Sales,,0.00,0.00,0.00,0.00,,,,true,,,goods,CHOTTU 40KG LOAD CELL,,,,,,,,,,GST18,18.000000,Group,IGST18,18.000000,Simple,1,,,Inactive,nos,nos,INR 100.50,Cost of Goods Sold,,,Inventory Asset,,fifo,,,,,,0.00,Inventory,true,true,true,false,false,false,,,,,,,,false,,
99381000001676235,BODY SET CHOTTU,CH607,,,,,false,,,84239020,FALSE,,INR 350.00,,Sales,,0.00,0.00,0.00,0.00,,,,true,,,goods,BODY SET CHOTTU,,,,,,,,,,GST18,18.000000,Group,IGST18,18.000000,Simple,1,,,Inactive,nos,nos,INR 301.50,Cost of Goods Sold,,,Inventory Asset,,fifo,,,,,,0.00,Inventory,true,true,true,false,false,false,,,,,,,,false,,
99381000001687423,MOTHERBOARD TMA Q8,Q8622,,,,,false,,,84239020,FALSE,,INR 7200.00,,Sales,,0.00,0.00,0.00,0.00,cm,kg,,true,,,goods,MOTHERBOARD TMA Q8,,,,,,,,,,GST18,18.000000,Group,IGST18,18.000000,Simple,1,,,Active,nos,nos,INR 4483.88,Cost of Goods Sold,,,Inventory Asset,,fifo,,,,,,28.00,Inventory,true,true,true,false,false,false,,,,,,,,false,,
99381000001687432,ECS5W / TMAQ9 Dot Matrix display,ECS826,,,,,false,,,84239020,FALSE,,INR 750.00,INR 1875.00,Sales,,0.00,0.00,0.00,0.00,,,,true,,,goods,ECS5W / TMAQ9 Dot Matrix display,,,,,,,,,,GST18,18.000000,Group,IGST18,18.000000,Simple,1,,,Active,nos,nos,INR 1.00,Cost of Goods Sold,,,Inventory Asset,,fifo,,,,,,134.00,Inventory,true,true,true,false,false,false,,,,,,,,false,,
99381000001734065,CHICKEN SCALE 200KG,YSC200,,,,,false,,,84231000,FALSE,,INR 4500.00,INR 11250.00,Sales,,0.00,0.00,0.00,0.00,,,,true,,,goods,CHICKEN SCALE 200KG,,,,,,,,,,GST18,18.000000,Group,IGST18,18.000000,Simple,1,,,Inactive,nos,nos,INR 3000.00,Cost of Goods Sold,,,Inventory Asset,,fifo,,,,,,0.00,Inventory,true,true,true,false,false,false,,,,,,,,false,,
99381000001734074,PERSONAL SCALE,YSB180,,,,,false,,,84231000,FALSE,,INR 4500.00,INR 11250.00,Sales,,0.00,0.00,0.00,0.00,,,,true,,,goods,PERSONAL SCALE,,,,,,,,,,GST18,18.000000,Group,IGST18,18.000000,Simple,1,,,Inactive,nos,nos,INR 3000.00,Cost of Goods Sold,,,Inventory Asset,,fifo,,,,,,0.00,Inventory,true,true,true,false,false,false,,,,,,,,false,,
99381000001734083,KITCHEN SCALE,YSK10,,,,,false,,,84231000,FALSE,,INR 2500.00,INR 6250.00,Sales,,0.00,0.00,0.00,0.00,,,,true,,,goods,KITCHEN SCALE,,,,,,,,,,GST18,18.000000,Group,IGST18,18.000000,Simple,1,,,Inactive,nos,nos,INR 2000.00,Cost of Goods Sold,,,Inventory Asset,,fifo,,,,,,0.00,Inventory,true,true,true,false,false,false,,,,,,,,false,,
99381000001734092,HANGING SCALE,YSH500,,,,,false,,,84231000,FALSE,,INR 7500.00,INR 18750.00,Sales,,0.00,0.00,0.00,0.00,,,,true,,,goods,HANGING SCALE,,,,,,,,,,GST18,18.000000,Group,IGST18,18.000000,Simple,1,,,Inactive,nos,nos,INR 4000.00,Cost of Goods Sold,,,Inventory Asset,,fifo,,,,,,1.00,Inventory,true,true,true,false,false,false,,,,,,,,false,,
99381000001765933,SAFAL-400X400,SSCS,,,,,false,,,8423,FALSE,"Max:300kg e:50g Min:1kg Class:
III",INR 2800.00,INR 7000.00,Sales,,0.00,0.00,0.00,0.00,,,,true,,,goods,SAFAL-400X400,"Max:300kg e:50g Min:1kg Class:
III",,,,,,,,,GST18,18.000000,Group,IGST18,18.000000,Simple,1,,,Active,nos,nos,INR 2800.00,Cost of Goods Sold,,"Max:300kg e:50g Min:1kg Class:
III",Inventory Asset,,fifo,,,,,,1.00,Inventory,true,true,true,false,false,false,,,,,,,,false,,
99381000001765942,ALFA-SF,400A,,,,,false,,,8423,FALSE,Kitchen Scale,INR 340.00,INR 850.00,Sales,,0.00,0.00,0.00,0.00,,,,true,,,goods,ALFA-SF,Kitchen Scale,,,,,,,,,GST18,18.000000,Group,IGST18,18.000000,Simple,1,,,Inactive,nos,nos,INR 340.00,Cost of Goods Sold,,Kitchen Scale,Inventory Asset,,fifo,,,,,,1.00,Inventory,true,true,true,false,false,false,,,,,,,,false,,
99381000001765951,EQUAL-UIP 57 White,UIP57,,,,,false,,,8423,FALSE,"Max:180kg e:100g Min:2kg Class:
III",INR 950.00,INR 2375.00,Sales,,0.00,0.00,0.00,0.00,,,,true,,,goods,EQUAL-UIP 57 White,"Max:180kg e:100g Min:2kg Class:
III",,,,,,,,,GST18,18.000000,Group,IGST18,18.000000,Simple,1,,,Active,nos,nos,INR 950.00,Cost of Goods Sold,,"Max:180kg e:100g Min:2kg Class:
III",Inventory Asset,,fifo,,,,,,1.00,Inventory,true,true,true,false,false,false,,,,,,,,false,,
99381000001801720,SAFAL 800X800,DWS800X800,,,,,false,,,84239010,FALSE,,INR 6600.00,INR 16500.00,Sales,,0.00,0.00,0.00,0.00,cm,kg,,true,,,goods,SAFAL 800X800,,,,,,,,WEIGHING SCALES INDIA,,GST18,18.000000,Group,IGST18,18.000000,Simple,1,,,Inactive,nos,nos,INR 4600.00,Cost of Goods Sold,,,Inventory Asset,,fifo,,,,,,1.00,Inventory,true,true,true,false,false,false,,,,,,,,false,,
99381000001847007,Spare Parts,SPARE,,,,,false,,,84239020,FALSE,,INR 5000.00,,Sales,,0.00,0.00,0.00,0.00,,,,true,,,goods,Spare Parts,,,,,,,,,,GST18,18.000000,Group,IGST18,18.000000,Simple,1,,,Active,box,,INR 4000.00,Cost of Goods Sold,,,Inventory Asset,,fifo,,,,,,5.00,Inventory,true,true,true,false,false,false,,,,,,,,false,,
99381000001867233,K12 -MOTHER BOARD,K1201,,,,,false,,,90319000,FALSE,,INR 450.00,INR 1125.00,Sales,,0.00,0.00,0.00,0.00,,,,true,,,goods,K12 -MOTHER BOARD,,,,,,,,,,GST18,18.000000,Group,IGST18,18.000000,Simple,1,,,Active,,,INR 357.00,Cost of Goods Sold,,,Inventory Asset,,fifo,,,,,,1.00,Inventory,true,true,true,false,false,false,,,,,,,,false,,
99381000001867245,K12 DOME KEYPAD,K1202,,,,,false,,,84239020,FALSE,,INR 75.00,INR 187.50,Sales,,0.00,0.00,0.00,0.00,,,,true,,,goods,K12 DOME KEYPAD,,,,,,,,,,GST18,18.000000,Group,IGST18,18.000000,Simple,1,,,Active,,,INR 47.00,Cost of Goods Sold,,,Inventory Asset,,fifo,,,,,,20.00,Inventory,true,true,true,false,false,false,,,,,,,,false,,
99381000001867257,K12 TRANSFORMER,K1203,,,,,false,,,84239020,FALSE,,INR 150.00,INR 375.00,Sales,,0.00,0.00,0.00,0.00,,,,true,,,goods,K12 TRANSFORMER,,,,,,,,,,GST18,18.000000,Group,IGST18,18.000000,Simple,1,,,Active,,,INR 100.50,Cost of Goods Sold,,,Inventory Asset,,fifo,,,,,,3.00,Inventory,true,true,true,false,false,false,,,,,,,,false,,
99381000001933001,CHICKEN SCALE 100 KG SS,CS300X300SS,,,,,false,,,84239010,FALSE,"Make : YESWEIGH Model : YSC
Max : 100kg e:10g Min:200g
Class : III",INR 2550.00,INR 6375.00,Sales,,6.00,36.00,32.00,18.00,cm,kg,,true,,,goods,CHICKEN SCALE 100 KG SS,"Make : YESWEIGH Model : YSC
Max : 100kg e:10g Min:200g
Class : III",,,,,,,,,GST18,18.000000,Group,IGST18,18.000000,Simple,1,,,Inactive,nos,nos,INR 2252.00,Cost of Goods Sold,,"Make : YESWEIGH Model : YSC
Max : 100kg e:10g Min:200g
Class : III",Inventory Asset,,fifo,,,,,,0.00,Inventory,true,true,true,false,false,false,,,,,,,,false,,1
99381000001933011,CHICKEN SCALE 300KG SS,CS400X400SS,,,,,false,,,84239010,FALSE,"Make : YESWEIGH Model : YSC
Max : 300kg e:50g Min:1kg
Class : III",INR 3300.00,INR 8250.00,Sales,,12.00,45.00,45.00,24.00,cm,kg,,true,,,goods,CHICKEN SCALE 300KG SS,"Make : YESWEIGH Model : YSC
Max : 300kg e:50g Min:1kg
Class : III",,,,,,,,,GST18,18.000000,Group,IGST18,18.000000,Simple,1,,,Inactive,nos,nos,INR 2650.00,Cost of Goods Sold,,"Make : YESWEIGH Model : YSC
Max : 300kg e:50g Min:1kg
Class : III",Inventory Asset,,fifo,,,,,,0.00,Inventory,true,true,true,false,false,false,,,,,,,,false,,1
99381000001933021,CHICKEN SCALE 300KG MS,CS400X400MS,,,,,false,,,84239010,FALSE,"Make : YESWEIGH Model : YSC
Max : 300kg e:50g Min:1kg
Class : III",INR 3600.00,INR 9000.00,Sales,,17.00,45.00,48.00,21.00,cm,kg,,true,,,goods,CHICKEN SCALE 300KG MS,"Make : YESWEIGH Model : YSC
Max : 300kg e:50g Min:1kg
Class : III",,,,,,,,,GST18,18.000000,Group,IGST18,18.000000,Simple,1,,,Inactive,nos,nos,INR 2952.00,Cost of Goods Sold,,"Make : YESWEIGH Model : YSC
Max : 300kg e:50g Min:1kg
Class : III",Inventory Asset,,fifo,,,,,,0.00,Inventory,true,true,true,false,false,false,,,,,,,,false,,1
99381000001991033,Loadcell 40KG 88mm,LC4088,,,,,false,,,84239020,FALSE,,INR 120.00,INR 300.00,Sales,,0.00,0.00,0.00,0.00,,,,true,,,goods,Loadcell 40KG 88mm,,,,,,,,,,GST18,18.000000,Group,IGST18,18.000000,Simple,1,,,Active,nos,nos,INR 82.41,Cost of Goods Sold,,,Inventory Asset,,fifo,,,,,,64.00,Inventory,true,true,true,false,false,false,,,,,,,,false,,
99381000001991042,Loadcell 3kg 130mm,L3130,,,,,false,,,84239020,FALSE,,INR 175.00,INR 437.50,Sales,,0.00,0.00,0.00,0.00,cm,kg,,true,,,goods,Loadcell 3kg 130mm,,,,,,,,,,GST18,18.000000,Group,IGST18,18.000000,Simple,1,,,Active,nos,nos,INR 135.68,Cost of Goods Sold,,,Inventory Asset,,fifo,,,,,,61.00,Inventory,true,true,true,false,false,false,,,,,,,,false,,
99381000001991051,ATM JUNIOR FRONT DISPLAY (BI COLOR),AJFDBC,,,,,false,,,84239020,FALSE,,INR 170.00,INR 425.00,Sales,,0.00,0.00,0.00,0.00,cm,kg,,true,,,goods,ATM JUNIOR FRONT DISPLAY (BI COLOR),,,,,,,,,,GST18,18.000000,Group,IGST18,18.000000,Simple,1,,,Active,nos,nos,INR 115.58,Cost of Goods Sold,,,Inventory Asset,,fifo,,,,,,106.00,Inventory,true,true,true,false,false,false,,,,,,,,false,,
99381000002001001,Loadcell 10KG 130mm,L10130,,,,,false,,,84239020,FALSE,,INR 180.00,INR 450.00,Sales,,0.00,0.00,0.00,0.00,cm,kg,,true,,,goods,Loadcell 10KG 130mm,,,,,,,,GENERIC SPARE PARTS,,GST18,18.000000,Group,IGST18,18.000000,Simple,1,,,Active,nos,nos,INR 132.66,Cost of Goods Sold,,,Inventory Asset,,fifo,,,,,,3.00,Inventory,true,true,true,false,false,false,,,,,,,,false,,
99381000002001022,Loadcell 20 kg 130 mm,LKM201,,,,,false,,,84239020,FALSE,,INR 180.00,INR 450.00,Sales,,0.00,0.00,0.00,0.00,cm,kg,,true,,,goods,Loadcell 20 kg 130 mm,,,,,,,,GENERIC SPARE PARTS,,GST18,18.000000,Group,IGST18,18.000000,Simple,1,,,Active,nos,nos,INR 132.66,Cost of Goods Sold,,,Inventory Asset,,fifo,,,,,,166.00,Inventory,true,true,true,false,false,false,,,,,,,,false,,
99381000002001031,Loadcell 40 kg: 130 mm,LKM401,,,,,false,,,84239020,FALSE,,INR 180.00,INR 450.00,Sales,,0.00,0.00,0.00,0.00,,,,true,,,goods,Loadcell 40 kg: 130 mm,,,,,,,,,,GST18,18.000000,Group,IGST18,18.000000,Simple,1,,,Active,nos,nos,INR 132.66,Cost of Goods Sold,,,Inventory Asset,,fifo,,,,,,103.00,Inventory,true,true,true,false,false,false,,,,,,,,false,,
99381000002001040,Loadcell 80 kg:130mm,LK8013,,,,,false,,,84239020,FALSE,,INR 180.00,INR 450.00,Sales,,0.00,0.00,0.00,0.00,cm,kg,,true,,,goods,Loadcell 80 kg:130mm,,,,,,,,GENERIC SPARE PARTS,,GST18,18.000000,Group,IGST18,18.000000,Simple,1,,,Active,nos,nos,INR 132.66,Cost of Goods Sold,,,Inventory Asset,,fifo,,,,,,179.00,Inventory,true,true,true,false,false,false,,,,,,,,false,,
99381000002001049,Loadcell 80kg: 3 Hole,LC80KG3HOLE,,,,,false,,,84239020,FALSE,,INR 270.00,INR 675.00,Sales,,0.00,0.00,0.00,0.00,cm,kg,,true,,,goods,Loadcell 80kg: 3 Hole,,,,,,,,,,GST18,18.000000,Group,IGST18,18.000000,Simple,1,,,Inactive,nos,nos,INR 200.00,Cost of Goods Sold,,,Inventory Asset,,fifo,,,,,,0.00,Inventory,true,true,true,false,false,false,,,,,,,,false,,
99381000002001069,Loadcell 150 kg: 3 Hole,LKH150,,,,,false,,,84239020,FALSE,,INR 280.00,INR 700.00,Sales,,0.00,0.00,0.00,0.00,,,,true,,,goods,Loadcell 150 kg: 3 Hole,,,,,,,,,,GST18,18.000000,Group,IGST18,18.000000,Simple,1,,,Active,nos,nos,INR 195.98,Cost of Goods Sold,,,Inventory Asset,,fifo,,,,,,2.00,Inventory,true,true,true,false,false,false,,,,,,,,false,,
99381000002001079,Loadcell 200KG 3 HOLE,LH2003,,,,,false,,,84239020,FALSE,,INR 280.00,INR 700.00,Sales,,0.00,0.00,0.00,0.00,cm,kg,,true,,,goods,Loadcell 200KG 3 HOLE,,,,,,,,GENERIC SPARE PARTS,,GST18,18.000000,Group,IGST18,18.000000,Simple,1,,,Active,nos,nos,INR 195.98,Cost of Goods Sold,,,Inventory Asset,,fifo,,,,,,6.00,Inventory,true,true,true,false,false,false,,,,,,,,false,,
99381000002001088,Loadcell 100 kg 25 x25- 40 mm 4 HOLE,LC100KG25X25,,,,,false,,,84239020,FALSE,,INR 400.00,INR 1000.00,Sales,,0.00,0.00,0.00,0.00,,,,true,,,goods,Loadcell 100 kg 25 x25- 40 mm 4 HOLE,,,,,,,,,,GST18,18.000000,Group,IGST18,18.000000,Simple,1,,,Inactive,nos,nos,INR 320.00,Cost of Goods Sold,,,Inventory Asset,,fifo,,,,,,0.00,Inventory,true,true,true,false,false,false,,,,,,,,false,,
99381000002001101,Loadcell 200 kg 25 x25- 40 mm 4 HOLE,LC200,,,,,false,,,84239020,FALSE,,INR 410.00,INR 1025.00,Sales,,0.00,0.00,0.00,0.00,cm,kg,,true,,,goods,Loadcell 200 kg 25 x25- 40 mm 4 HOLE,,,,,,,,GENERIC SPARE PARTS,,GST18,18.000000,Group,IGST18,18.000000,Simple,1,,,Active,nos,nos,INR 286.43,Cost of Goods Sold,,,Inventory Asset,,fifo,,,,,,4.00,Inventory,true,true,true,false,false,false,,,,,,,,false,,
99381000002001110,Loadcell 300 kg 25 x25- 40 mm 4 HOLE,LC300,,,,,false,,,84239020,FALSE,,INR 410.00,INR 1025.00,Sales,,0.00,0.00,0.00,0.00,cm,kg,,true,,,goods,Loadcell 300 kg 25 x25- 40 mm 4 HOLE,,,,,,,,GENERIC SPARE PARTS,,GST18,18.000000,Group,IGST18,18.000000,Simple,1,,,Active,nos,nos,INR 311.55,Cost of Goods Sold,,,Inventory Asset,,fifo,,,,,,12.00,Inventory,true,true,true,false,false,false,,,,,,,,false,,
99381000002001119,Loadcell 500 kg 25 x25- 40 mm 4 HOLE,LC500,,,,,false,,,84239020,FALSE,,INR 410.00,INR 1025.00,Sales,,0.00,0.00,0.00,0.00,,,,true,,,goods,Loadcell 500 kg 25 x25- 40 mm 4 HOLE,,,,,,,,,,GST18,18.000000,Group,IGST18,18.000000,Simple,1,,,Active,nos,nos,INR 311.55,Cost of Goods Sold,,,Inventory Asset,,fifo,,,,,,2.00,Inventory,true,true,true,false,false,false,,,,,,,,false,,
99381000002001129,Loadcell 300 kg 25 x35  4 HOLE,LC300KG25X35,,,,,false,,,84239020,FALSE,,INR 600.00,INR 1500.00,Sales,,0.00,0.00,0.00,0.00,,,,true,,,goods,Loadcell 300 kg 25 x35  4 HOLE,,,,,,,,,,GST18,18.000000,Group,IGST18,18.000000,Simple,1,,,Inactive,nos,nos,INR 530.00,Cost of Goods Sold,,,Inventory Asset,,fifo,,,,,,0.00,Inventory,true,true,true,false,false,false,,,,,,,,false,,
99381000002001139,Loadcell 500 kg 25 x35 4 HOLE,LKXH50,,,,,false,,,84239020,FALSE,,INR 640.00,INR 1600.00,Sales,,0.00,0.00,0.00,0.00,,,,true,,,goods,Loadcell 500 kg 25 x35 4 HOLE,,,,,,,,,,GST18,18.000000,Group,IGST18,18.000000,Simple,1,,,Active,nos,nos,INR 477.38,Cost of Goods Sold,,,Inventory Asset,,fifo,,,,,,43.00,Inventory,true,true,true,false,false,false,,,,,,,,false,,
99381000002001149,Loadcell 750 kg 25 x35 4 HOLE,LC750KG25X35,,,,,false,,,84239020,FALSE,,INR 600.00,INR 1500.00,Sales,,0.00,0.00,0.00,0.00,,,,true,,,goods,Loadcell 750 kg 25 x35 4 HOLE,,,,,,,,,,GST18,18.000000,Group,IGST18,18.000000,Simple,1,,,Inactive,nos,nos,INR 530.00,Cost of Goods Sold,,,Inventory Asset,,fifo,,,,,,0.00,Inventory,true,true,true,false,false,false,,,,,,,,false,,
99381000002001158,Loadcell 1000 kg 25 x35 4 HOLE,LC1000KG25X35,,,,,false,,,84239020,FALSE,,INR 600.00,INR 1500.00,Sales,,0.00,0.00,0.00,0.00,,,,true,,,goods,Loadcell 1000 kg 25 x35 4 HOLE,,,,,,,,,,GST18,18.000000,Group,IGST18,18.000000,Simple,1,,,Inactive,nos,nos,INR 530.00,Cost of Goods Sold,,,Inventory Asset,,fifo,,,,,,0.00,Inventory,true,true,true,false,false,false,,,,,,,,false,,
99381000002007001,Display Board Red ( 6  LED),DBRL6,,,,,false,,,84239020,FALSE,,INR 55.00,INR 137.50,Sales,,0.00,0.00,0.00,0.00,cm,kg,,true,,,goods,Display Board Red ( 6  LED),,,,,,,,GENERIC SPARE PARTS,,GST18,18.000000,Group,IGST18,18.000000,Simple,1,,,Active,nos,nos,INR 39.20,Cost of Goods Sold,,,Inventory Asset,,fifo,,,,,,927.00,Inventory,true,true,true,false,false,false,,,,,,,,false,,
99381000002007010,Display Board Green ( 6 LED),DISGR6,,,,,false,,,84239020,FALSE,,INR 65.00,INR 162.50,Sales,,0.00,0.00,0.00,0.00,cm,kg,,true,,,goods,Display Board Green ( 6 LED),,,,,,,,,,GST18,18.000000,Group,IGST18,18.000000,Simple,1,,,Active,nos,nos,INR 42.71,Cost of Goods Sold,,,Inventory Asset,,fifo,,,,,,538.00,Inventory,true,true,true,false,false,false,,,,,,,,false,,
99381000002007019,Motherboard PMS 63,MP63,,,,,false,,,84239020,FALSE,,INR 240.00,INR 600.00,Sales,,0.00,0.00,0.00,0.00,cm,kg,,true,,,goods,Motherboard PMS 63,,,,,,,,GENERIC SPARE PARTS,,GST18,18.000000,Group,IGST18,18.000000,Simple,1,,,Active,nos,nos,INR 185.93,Cost of Goods Sold,,,Inventory Asset,,fifo,,,,,,129.00,Inventory,true,true,true,false,false,false,,,,,,,,false,,
99381000002007028,Transformer 12V,TR12V,,,,,false,,,84239020,FALSE,,INR 95.00,INR 237.50,Sales,,0.00,0.00,0.00,0.00,,,,true,,,goods,Transformer 12V,,,,,,,,,,GST18,18.000000,Group,IGST18,18.000000,Simple,1,,,Active,nos,nos,INR 62.00,Cost of Goods Sold,,,Inventory Asset,,fifo,,,,,,198.00,Inventory,true,true,true,false,false,false,,,,,,,,false,,
99381000002008005,FRC CABLE (14 PIN),14FRC,,,,,false,,,84239020,FALSE,,INR 310.00,,Sales,,0.00,0.00,0.00,0.00,cm,kg,,true,,,goods,FRC CABLE (14 PIN),,,,,,,,GENERIC SPARE PARTS,,GST18,18.000000,Group,IGST18,18.000000,Simple,1,,,Active,nos,nos,INR 240.00,Cost of Goods Sold,,,Inventory Asset,,fifo,,,,,,16.00,Inventory,true,true,true,false,false,false,,,,,,,,false,,
99381000002008014,FRC CONNECTOR 14 PIN,CON14,,,,,false,,,84239020,FALSE,,INR 3.00,,Sales,,0.00,0.00,0.00,0.00,cm,kg,,true,,,goods,FRC CONNECTOR 14 PIN,,,,,,,,GENERIC SPARE PARTS,,GST18,18.000000,Group,IGST18,18.000000,Simple,1,,,Active,nos,nos,INR 1.46,Cost of Goods Sold,,,Inventory Asset,,fifo,,,,,,211.00,Inventory,true,true,true,false,false,false,,,,,,,,false,,
99381000002008023,AC Cord wire 2pin(3 yrad),CW2X3,,,,,false,,,84239020,FALSE,,INR 45.00,INR 112.50,Sales,,0.00,0.00,0.00,0.00,cm,kg,,true,,,goods,AC Cord wire 2pin(3 yrad),,,,,,,,GENERIC SPARE PARTS,,GST18,18.000000,Group,IGST18,18.000000,Simple,1,,,Inactive,nos,nos,INR 23.00,Cost of Goods Sold,,,Inventory Asset,,fifo,,,,,,0.00,Inventory,true,true,true,false,false,false,,,,,,,,false,,
99381000002008032,AC Cord wire CPU Cord(3 yard),CW3X3,,,,,false,,,84239020,FALSE,,INR 62.00,INR 155.00,Sales,,0.00,0.00,0.00,0.00,cm,kg,,true,,,goods,AC Cord wire CPU Cord(3 yard),,,,,,,,GENERIC SPARE PARTS,,GST18,18.000000,Group,IGST18,18.000000,Simple,1,,,Inactive,nos,nos,INR 38.00,Cost of Goods Sold,,,Inventory Asset,,fifo,,,,,,0.00,Inventory,true,true,true,false,false,false,,,,,,,,false,,
99381000002008041,CPU Socket 3 Pin,CSP3,,,,,false,,,84239020,FALSE,,INR 18.00,INR 45.00,Sales,,0.00,0.00,0.00,0.00,cm,kg,,true,,,goods,CPU Socket 3 Pin,,,,,,,,GENERIC SPARE PARTS,,GST18,18.000000,Group,IGST18,18.000000,Simple,1,,,Active,nos,nos,INR 3.27,Cost of Goods Sold,,,Inventory Asset,,fifo,,,,,,290.00,Inventory,true,true,true,false,false,false,,,,,,,,false,,
99381000002008051,ON/OFF SWITCH,SWITCH,,,,,false,,,84239020,FALSE,,INR 12.00,,Sales,,0.00,0.00,0.00,0.00,cm,kg,,true,,,goods,ON/OFF SWITCH,,,,,,,,,,GST18,18.000000,Group,IGST18,18.000000,Simple,1,,,Active,nos,nos,INR 3.52,Cost of Goods Sold,,,Inventory Asset,,fifo,,,,,,741.00,Inventory,true,true,true,false,false,false,,,,,,,,false,,
99381000002008060,Push Tare Switch Metal Type,PTSMT,,,,,false,,,84239020,FALSE,,INR 20.00,INR 50.00,Sales,,0.00,0.00,0.00,0.00,,,,true,,,goods,Push Tare Switch Metal Type,,,,,,,,,,GST18,18.000000,Group,IGST18,18.000000,Simple,1,,,Active,nos,nos,INR 11.06,Cost of Goods Sold,,,Inventory Asset,,fifo,,,,,,234.00,Inventory,true,true,true,false,false,false,,,,,,,,false,,
99381000002008073,Push Tare Switch Normal Type,PTSNR,,,,,false,,,84239020,FALSE,,INR 15.00,INR 37.50,Sales,,0.00,0.00,0.00,0.00,,,,true,,,goods,Push Tare Switch Normal Type,,,,,,,,,,GST18,18.000000,Group,IGST18,18.000000,Simple,1,,,Active,nos,nos,INR 6.03,Cost of Goods Sold,,,Inventory Asset,,fifo,,,,,,460.00,Inventory,true,true,true,false,false,false,,,,,,,,false,,
99381000002008082,Keypad,KEYPA1,,,,,false,,,84239020,FALSE,,INR 18.00,INR 45.00,Sales,,0.00,0.00,0.00,0.00,cm,kg,,true,,,goods,Keypad,,,,,,,,GENERIC SPARE PARTS,,GST18,18.000000,Group,IGST18,18.000000,Simple,1,,,Active,nos,nos,INR 5.03,Cost of Goods Sold,,,Inventory Asset,,fifo,,,,,,863.00,Inventory,true,true,true,false,false,false,,,,,,,,false,,
99381000002008091,RMC Connector 5 Pin,RCP5,,,,,false,,,84239020,FALSE,,INR 15.00,INR 37.50,Sales,,0.00,0.00,0.00,0.00,cm,kg,,true,,,goods,RMC Connector 5 Pin,,,,,,,,,,GST18,18.000000,Group,IGST18,18.000000,Simple,1,,,Active,nos,nos,INR 3.02,Cost of Goods Sold,,,Inventory Asset,,fifo,,,,,,344.00,Inventory,true,true,true,false,false,false,,,,,,,,false,,
99381000002008100,RMC Connector 3 Pin,RCP3,,,,,false,,,84239020,FALSE,,INR 12.00,INR 30.00,Sales,,0.00,0.00,0.00,0.00,cm,kg,,true,,,goods,RMC Connector 3 Pin,,,,,,,,,,GST18,18.000000,Group,IGST18,18.000000,Simple,1,,,Active,nos,nos,INR 2.01,Cost of Goods Sold,,,Inventory Asset,,fifo,,,,,,913.00,Inventory,true,true,true,false,false,false,,,,,,,,false,,
99381000002008109,RMC Connector 2 Pin,RCP2,,,,,false,,,84239020,FALSE,,INR 10.00,INR 25.00,Sales,,0.00,0.00,0.00,0.00,cm,kg,,true,,,goods,RMC Connector 2 Pin,,,,,,,,,,GST18,18.000000,Group,IGST18,18.000000,Simple,1,,,Active,nos,nos,INR 1.41,Cost of Goods Sold,,,Inventory Asset,,fifo,,,,,,842.00,Inventory,true,true,true,false,false,false,,,,,,,,false,,
99381000002008118,Led Red,LEDR,,,,,false,,,84239020,FALSE,,INR 3.00,INR 7.50,Sales,,0.00,0.00,0.00,0.00,cm,kg,,true,,,goods,Led Red,,,,,,,,,,GST18,18.000000,Group,IGST18,18.000000,Simple,1,,,Active,nos,nos,INR 1.11,Cost of Goods Sold,,,Inventory Asset,,fifo,,,,,,619.00,Inventory,true,true,true,false,false,false,,,,,,,,false,,
99381000002008127,Metal Connector 4 Pin,CONMT4,,,,,false,,,84239020,FALSE,,INR 30.00,INR 75.00,Sales,,0.00,0.00,0.00,0.00,,,,true,,,goods,Metal Connector 4 Pin,,,,,,,,,,GST18,18.000000,Group,IGST18,18.000000,Simple,1,,,Active,nos,nos,INR 21.11,Cost of Goods Sold,,,Inventory Asset,,fifo,,,,,,75.00,Inventory,true,true,true,false,false,false,,,,,,,,false,,
99381000002008136,Loadcell Connector 5 Pin,CONMT5,,,,,false,,,84239020,FALSE,,INR 55.00,INR 137.50,Sales,,0.00,0.00,0.00,0.00,cm,kg,,true,,,goods,Loadcell Connector 5 Pin,,,,,,,,GENERIC SPARE PARTS,,GST18,18.000000,Group,IGST18,18.000000,Simple,1,,,Active,nos,nos,INR 22.11,Cost of Goods Sold,,,Inventory Asset,,fifo,,,,,,33.00,Inventory,true,true,true,false,false,false,,,,,,,,false,,
99381000002008145,Shearbeam Loadcell 500 kg,SLK500,,,,,false,,,84239020,FALSE,,INR 690.00,INR 1725.00,Sales,,0.00,0.00,0.00,0.00,cm,kg,,true,,,goods,Shearbeam Loadcell 500 kg,,,,,,,,,,GST18,18.000000,Group,IGST18,18.000000,Simple,1,,,Active,nos,nos,INR 527.63,Cost of Goods Sold,,,Inventory Asset,,fifo,,,,,,26.00,Inventory,true,true,true,false,false,false,,,,,,,,false,,
99381000002008154,Shearbeam Loadcell 1000kg,SBLC1T,,,,,false,,,84239020,FALSE,,INR 690.00,INR 1725.00,Sales,,0.00,0.00,0.00,0.00,cm,kg,,true,,,goods,Shearbeam Loadcell 1000kg,,,,,,,,,,GST18,18.000000,Group,IGST18,18.000000,Simple,1,,,Active,nos,nos,INR 527.63,Cost of Goods Sold,,,Inventory Asset,,fifo,,,,,,13.00,Inventory,true,true,true,false,false,false,,,,,,,,false,,
99381000002008253,ECS5W PRINTER ROLLER WITH HEAD,ECS820,,,,,false,,,84239020,FALSE,,INR 1980.00,INR 4950.00,Sales,,0.00,0.00,0.00,0.00,cm,kg,,true,,,goods,ECS5W PRINTER ROLLER WITH HEAD,,,,,,,,,,GST18,18.000000,Group,IGST18,18.000000,Simple,1,,,Active,nos,nos,INR 1523.00,Cost of Goods Sold,,,Inventory Asset,,fifo,,,,,,4.00,Inventory,true,true,true,false,false,false,,,,,,,,false,,
99381000002137447,Government Stamping Fee /Expense for 600g,SF600G,,,,,false,,,998729,FALSE,,INR 485.00,INR 1212.50,Sales,,0.00,0.00,0.00,0.00,,,,true,,,goods,Government Stamping Fee /Expense for 600g,,,,,,,,,,GST18,18.000000,Group,IGST18,18.000000,Simple,1,,,Inactive,nos,nos,INR 335.00,Cost of Goods Sold,,,Inventory Asset,,fifo,,,,,,0.00,Inventory,true,true,true,false,false,false,,,,,,,,false,,
99381000002140001,Platform/Bench Bicolor Display,PBBD,,,,,false,,,84239020,FALSE,,INR 175.00,INR 437.50,Sales,,0.00,0.00,0.00,0.00,cm,kg,,true,,,goods,Platform/Bench Bicolor Display,,,,,,,,,,GST18,18.000000,Group,IGST18,18.000000,Simple,1,,,Active,nos,nos,INR 130.65,Cost of Goods Sold,,,Inventory Asset,,fifo,,,,,,473.00,Inventory,true,true,true,false,false,false,,,,,,,,false,,
99381000002388885,DJ Power supply Card,DJ101,,,,,false,,,84239020,FALSE,,INR 240.00,,Sales,,0.00,0.00,0.00,0.00,cm,kg,,true,,,goods,DJ Power supply Card,,,,,,,,,,GST18,18.000000,Group,IGST18,18.000000,Simple,1,,,Active,nos,nos,INR 90.00,Cost of Goods Sold,,,Inventory Asset,,fifo,,,,,,5.00,Inventory,true,true,true,false,false,false,,,,,,,,false,,
99381000002489001,DJ MOTHERBOARD,DJ102,,,,,false,,,84239020,FALSE,,INR 1150.00,,Sales,,0.00,0.00,0.00,0.00,cm,kg,,true,,,goods,DJ MOTHERBOARD,,,,,,,,,,GST18,18.000000,Group,IGST18,18.000000,Simple,1,,,Active,nos,nos,INR 850.00,Cost of Goods Sold,,,Inventory Asset,,fifo,,,,,,13.00,Inventory,true,true,true,false,false,false,,,,,,,,false,,
99381000002489010,DJ LOADCELL,DJ103,,,,,false,,,84239020,FALSE,,INR 625.00,,Sales,,0.00,0.00,0.00,0.00,cm,kg,,true,,,goods,DJ LOADCELL,,,,,,,,,,GST18,18.000000,Group,IGST18,18.000000,Simple,1,,,Active,nos,nos,INR 430.00,Cost of Goods Sold,,,Inventory Asset,,fifo,,,,,,2.00,Inventory,true,true,true,false,false,false,,,,,,,,false,,
99381000002489019,DJ ADAPTER,DJ104,,,,,false,,,84239020,FALSE,,INR 420.00,,Sales,,0.00,0.00,0.00,0.00,,,,true,,,goods,DJ ADAPTER,,,,,,,,,,GST18,18.000000,Group,IGST18,18.000000,Simple,1,,,Active,nos,nos,INR 295.00,Cost of Goods Sold,,,Inventory Asset,,fifo,,,,,,6.00,Inventory,true,true,true,false,false,false,,,,,,,,false,,
99381000002489028,DJ FRONTDISPALY,DJ105,,,,,false,,,84239020,FALSE,,INR 750.00,,Sales,,0.00,0.00,0.00,0.00,cm,kg,,true,,,goods,DJ FRONTDISPALY,,,,,,,,,,GST18,18.000000,Group,IGST18,18.000000,Simple,1,,,Active,nos,nos,INR 595.00,Cost of Goods Sold,,,Inventory Asset,,fifo,,,,,,7.00,Inventory,true,true,true,false,false,false,,,,,,,,false,,
99381000002489037,DJ DISPLAY STICKER,DJ106,,,,,false,,,84239020,FALSE,,INR 100.00,,Sales,,0.00,0.00,0.00,0.00,,,,true,,,goods,DJ DISPLAY STICKER,,,,,,,,,,GST18,18.000000,Group,IGST18,18.000000,Simple,1,,,Active,nos,nos,INR 70.00,Cost of Goods Sold,,,Inventory Asset,,fifo,,,,,,7.00,Inventory,true,true,true,false,false,false,,,,,,,,false,,
99381000002529005,Label Printing scale Q9LBL,Q9LBLB,,,,,false,,,84231000,FALSE,,INR 14500.00,INR 36250.00,Sales,,0.00,0.00,0.00,0.00,,,,true,,,goods,PLATFORM SCALE -BENCH (G-QZ1),,,,,,,,Inactive,,GST18,18.000000,Group,IGST18,18.000000,Simple,1,,,Inactive,nos,nos,INR 10900.00,Cost of Goods Sold,,,Inventory Asset,,,,,,,,,Sales and Purchases,true,true,false,false,false,false,,,,,,,,false,,
99381000002536240,Label Printing Scale Q9,Q9LBL,,,,,false,,,84238190,FALSE,Make:YESWEIGH  Model:YS-30   Max:30kg  e:5g  Min:100g  Class:III,INR 16500.00,INR 22500.00,Sales,,10.00,54.00,44.00,30.00,cm,kg,,true,,,goods,Label Printing Scale Q9LBL,Make:YESWEIGH  Model:YS-30   Max:30kg  e:5g  Min:100g  Class:III,,,,,,,BILL PRINTING SCALES,,GST18,18.000000,Group,IGST18,18.000000,Simple,1,,,Active,nos,nos,INR 10900.00,Cost of Goods Sold,,,Inventory Asset,,fifo,0.00,Shanghai Yousheng Weighing Apparatus Co. Ltd.,,,,8.00,Inventory,true,true,true,false,false,false,,,,,,,,false,,1
99381000002665187,TROLLY WHEEL,TRLY101,,,,,false,,,84239020,FALSE,,INR 150.00,,Sales,,0.00,0.00,0.00,0.00,,,,true,,,goods,TROLLY WHEEL,,,,,,,,,,GST18,18.000000,Group,IGST18,18.000000,Simple,1,,,Inactive,nos,nos,INR 125.00,Cost of Goods Sold,,,Inventory Asset,,fifo,,,,,,0.00,Inventory,true,true,true,false,false,false,,,,,,,,false,,
99381000002690642,Government Stamping Fee /Expense for 3000Kg,SF3000,,,,,false,,,998729,FALSE,,INR 980.00,INR 2450.00,Sales,,0.00,0.00,0.00,0.00,cm,kg,,true,,,goods,Government Stamping Fee /Expense for 3000Kg,,,,,,,,,,GST18,18.000000,Group,IGST18,18.000000,Simple,1,,,Inactive,nos,nos,INR 830.00,Cost of Goods Sold,,,Inventory Asset,,fifo,,,,,,0.00,Inventory,true,true,true,false,false,false,,,,,,,,false,,
99381000002713247,ECR motherboard WiFi,ECR101,,,,,false,,,84239020,FALSE,,INR 7500.00,INR 18750.00,Sales,,0.00,0.00,0.00,0.00,,,,true,,,goods,ECR motherboard WiFi,,,,,,,,,,GST18,18.000000,Group,IGST18,18.000000,Simple,1,,,Active,nos,nos,INR 5666.00,Cost of Goods Sold,,,Inventory Asset,,fifo,,,,,,5.00,Inventory,true,true,true,false,false,false,,,,,,,,false,,
99381000002713256,Printer Header,ECR102,,,,,false,,,84239020,FALSE,,INR 2750.00,INR 6875.00,Sales,,0.00,0.00,0.00,0.00,,,,true,,,goods,Printer Header,,,,,,,,,,GST18,18.000000,Group,IGST18,18.000000,Simple,1,,,Active,nos,nos,INR 1884.00,Cost of Goods Sold,,,Inventory Asset,,fifo,,,,,,3.00,Inventory,true,true,true,false,false,false,,,,,,,,false,,
99381000002713265,ECR Display set Front,ECR103,,,,,false,,,84239020,FALSE,,INR 1300.00,,Sales,,0.00,0.00,0.00,0.00,cm,kg,,true,,,goods,ECR Display set Front,,,,,,,,,,GST18,18.000000,Group,IGST18,18.000000,Simple,1,,,Active,nos,nos,INR 1022.00,Cost of Goods Sold,,,Inventory Asset,,fifo,,,,,,21.00,Inventory,true,true,true,false,false,false,,,,,,,,false,,
99381000002720027,"Label Printing Scale - Smart 4.3""",LPS43,,,,,false,,,84238190,FALSE,"Smart - 4.3""
30Kg/5g",INR 23500.00,INR 58750.00,Sales,,0.00,0.00,0.00,0.00,,,,true,,,goods,"Label Printing Scale - Smart 4.3""","Smart - 4.3""
30Kg/5g",,,,,,,,,GST18,18.000000,Group,IGST18,18.000000,Simple,1,,,Inactive,nos,nos,INR 18135.00,Cost of Goods Sold,,"Smart - 4.3""
30Kg/5g",Inventory Asset,,fifo,,,,,,0.00,Inventory,true,true,true,false,false,false,,,,,,,,false,,
99381000002720036,Label Printing Scale Merc,LPS7,,,,,false,,,84238190,FALSE,"Smart - 7""
30Kg/50g",INR 28000.00,INR 70000.00,Sales,,0.00,0.00,0.00,0.00,,,,true,,,goods,Label Printing Scale Merc,"Smart - 7""
30Kg/50g",,,,,,,,,GST18,18.000000,Group,IGST18,18.000000,Simple,1,,,Active,nos,nos,INR 21500.00,Cost of Goods Sold,,"Smart - 7""
30Kg/50g",Inventory Asset,,fifo,,,,,,2.00,Inventory,true,true,true,false,false,false,,,,,,,,false,,
99381000002720063,DHL FREIGHT CHARGES,FREIGHTDHL,,,,,false,,,,FALSE,,INR 1.00,INR 2.50,Sales,,0.00,0.00,0.00,0.00,,,,true,,,service,DHL FREIGHT CHARGES,,,,,,,,,,GST18,18.000000,Group,IGST18,18.000000,Simple,1,,,Inactive,,,INR 1.00,Cost of Goods Sold,,,Inventory Asset,,,,,,,,,Sales and Purchases,true,true,false,false,false,false,,,,,,,,false,,
99381000002790630,PLATFORM SCALE-BENCH (G),YS50GY,,,,,false,,,84231000,FALSE,"Make: YESWEIGH  Model:YSP-50
Max:50kg  e:5g  Min:100g  Class:III",INR 2400.00,INR 6000.00,Sales,,28.00,60.00,33.00,66.00,cm,kg,,true,,,goods,PLATFORM SCALE-BENCH (G),"Make: YESWEIGH  Model:YSP-50
Max:50kg  e:5g  Min:100g  Class:III",,,,,,,,,GST18,18.000000,Group,IGST18,18.000000,Simple,1,,,Inactive,nos,nos,INR 1776.00,Cost of Goods Sold,,"Make: YESWEIGH  Model:YSP-50
Max:50kg  e:5g  Min:100g  Class:III",Inventory Asset,,fifo,,,,,,1.00,Inventory,true,true,true,false,false,false,,,,,,,,false,,4
99381000002812201,Caster wheel for Trolly scale,TRLY02,,,,,false,,,830220,FALSE,CASTER WHEELS-SUPO-IV-J05-01-125-112,INR 850.00,INR 2125.00,Sales,,0.00,0.00,0.00,0.00,,,,true,,,goods,Caster wheel for Trolly scale,CASTER WHEELS-SUPO-IV-J05-01-125-112,,,,,,,,,GST18,18.000000,Group,IGST18,18.000000,Simple,1,,,Active,nos,nos,INR 710.00,Cost of Goods Sold,,CASTER WHEELS-SUPO-IV-J05-01-125-112,Inventory Asset,,fifo,,,,,,3.00,Inventory,true,true,true,false,false,false,,,,,,,,false,,
99381000002812213,TROLLY WHEEL (CASTER WHEEL),TRLY03,,,,,false,,,871690,FALSE,CASTER WHEELS-SUPO-IV-J05-04-125-112,INR 654.00,INR 1635.00,Sales,,0.00,0.00,0.00,0.00,,,,true,,,goods,TROLLY WHEEL (CASTER WHEEL),CASTER WHEELS-SUPO-IV-J05-04-125-112,,,,,,,,,GST18,18.000000,Group,IGST18,18.000000,Simple,1,,,Inactive,nos,nos,INR 545.00,Cost of Goods Sold,,CASTER WHEELS-SUPO-IV-J05-04-125-112,Inventory Asset,,fifo,,,,,,0.00,Inventory,true,true,true,false,false,false,,,,,,,,false,,
99381000002835556,Bill Printing scale Q11,ECSQ11,,,,,false,,,84231000,FALSE,Make:YESWEIGH  Model:YS-30   Max:30kg  e:5g  Min:100g  Class:III,INR 14750.00,INR 32000.00,Sales,,0.00,0.00,0.00,0.00,cm,kg,,true,,,goods,Bill Printing scale Q11ECS,Make:YESWEIGH  Model:YS-30   Max:30kg  e:5g  Min:100g  Class:III,,,,,,,BILL PRINTING SCALES,,GST18,18.000000,Group,IGST18,18.000000,Simple,1,,,Inactive,nos,nos,INR 11642.00,Cost of Goods Sold,,,Inventory Asset,,fifo,,,,,,0.00,Inventory,true,true,true,false,false,false,,,,,,,,false,,
99381000002842897,DJ EXTERNAL DISPLAY,DJ107,,,,,false,,,84239020,FALSE,,INR 375.00,,Sales,,0.00,0.00,0.00,0.00,cm,kg,,true,,,goods,DJ EXTERNAL DISPLAY,,,,,,,,,,GST18,18.000000,Group,IGST18,18.000000,Simple,1,,,Inactive,nos,nos,INR 250.00,Cost of Goods Sold,,,Inventory Asset,,fifo,,,,,,0.00,Inventory,true,true,true,false,false,false,,,,,,,,false,,
99381000002879328,Government Stamping Fee / Expense for 620.81g,SF62081,,,,,false,,,76061190,FALSE,,INR 485.00,INR 1212.50,Sales,,0.00,0.00,0.00,0.00,cm,kg,,true,,,goods,Government Stamping Fee / Expense for 620.81g,,,,,,,,Stamping KL,,GST18,18.000000,Group,IGST18,18.000000,Simple,1,,,Inactive,nos,nos,INR 335.00,Cost of Goods Sold,,,Inventory Asset,,fifo,,,,,,0.00,Inventory,true,true,true,false,false,false,,,,,,,,false,,
99381000002893233,ATM PC LEG,APCLEG,,,,,false,,,84239020,FALSE,,INR 15.00,INR 62.50,Sales,,0.00,0.00,0.00,0.00,,,,true,,,goods,ATM PC LEG,,,,,,,,,,GST18,18.000000,Group,IGST18,18.000000,Simple,1,,,Active,nos,nos,INR 15.00,Cost of Goods Sold,,,Inventory Asset,,fifo,,,,,,39.00,Inventory,true,true,true,false,false,false,,,,,,,,false,,
99381000002893399,ATM JUNIOR FRONT DISPLAY STICKER,AJFDS,,,,,false,,,84239020,FALSE,,INR 20.00,INR 50.00,Sales,,0.00,0.00,0.00,0.00,,,,true,,,goods,ATM JUNIOR FRONT DISPLAY STICKER,,,,,,,,,,GST18,18.000000,Group,IGST18,18.000000,Simple,1,,,Active,nos,nos,INR 15.00,Cost of Goods Sold,,,Inventory Asset,,fifo,,,,,,445.00,Inventory,true,true,true,false,false,false,,,,,,,,false,,
99381000002898074,Platform Front Display sticker,PFDS,,,,,false,,,84239020,FALSE,,INR 25.00,INR 62.50,Sales,,0.00,0.00,0.00,0.00,,,,true,,,goods,Platform Front Display sticker,,,,,,,,,,GST18,18.000000,Group,IGST18,18.000000,Simple,1,,,Active,nos,nos,INR 18.00,Cost of Goods Sold,,,Inventory Asset,,fifo,,,,,,450.00,Inventory,true,true,true,false,false,false,,,,,,,,false,,
99381000002951028,WATER PROOF SCALE,WATERP,,,,,false,,,84231000,FALSE,SAMPLE,INR 2220.00,INR 5550.00,Sales,,0.00,0.00,0.00,0.00,,,,true,,,goods,WATER PROOF SCALE,SAMPLE,,,,,,,,,GST18,18.000000,Group,IGST18,18.000000,Simple,1,,,Inactive,nos,nos,INR 2220.00,Cost of Goods Sold,,SAMPLE,Inventory Asset,,fifo,,,,,,2.00,Inventory,true,true,true,false,false,false,,,,,,,,false,,
99381000002951037,ATM PC Pole,APCPQ,,,,,false,,,84231000,FALSE,"Make :YESWEIGH Model: YSP -30 
 Max :30kg e :5g
Display :Green",INR 2150.00,INR 4700.00,Sales,,0.00,0.00,0.00,0.00,cm,kg,,true,,,goods,ATM PC Pole,"Make :YESWEIGH Model: YSP -30 
 Max :30kg e :5g
Display :Green",,,,,,,WEIGHING SCALE IMPORT,,GST18,18.000000,Group,IGST18,18.000000,Simple,1,,,Active,nos,nos,INR 1595.00,Cost of Goods Sold,,"Make :YESWEIGH Model: YSP -30 Model approval No: IND/09/20/23
 Max :30kg e :5g
Display :Green",Inventory Asset,,fifo,,,,,,13.00,Inventory,true,true,true,false,false,false,,,,,,,,false,,
99381000002951050,ANALYTICAL SCALE  - 2KG,ANALYT,,,,,false,,,,FALSE,SAMPLE,INR 2220.00,INR 5550.00,Sales,,0.00,0.00,0.00,0.00,,,,true,,,goods,ANALYTICAL SCALE  - 2KG,SAMPLE,,,,,,,,,GST18,18.000000,Group,IGST18,18.000000,Simple,1,,,Inactive,nos,nos,INR 2220.00,Cost of Goods Sold,,SAMPLE,Inventory Asset,,fifo,,,,,,1.00,Inventory,true,true,true,false,false,false,,,,,,,,false,,
99381000003080025,TCS-60C,TCS60CSAMPLEPC,,,,,false,,,84231000,FALSE,"TCS-60C, 60kg/5g, Red LED display, metal key pad, back display, Black sticker on the plate",INR 1203.45,INR 3008.63,Sales,,0.00,0.00,0.00,0.00,cm,kg,,true,,,goods,TCS-60C,"TCS-60C, 60kg/5g, Red LED display, metal key pad, back display, Black sticker on the plate",,,,,,,PRINTERS & SCANNERS,,GST18,18.000000,Group,IGST18,18.000000,Simple,1,,,Active,nos,nos,INR 1203.45,Cost of Goods Sold,,"TCS-60C, 60kg/5g, Red LED display, metal key pad, back display, Black sticker on the plate",Inventory Asset,,fifo,,,,,,1.00,Inventory,true,true,true,false,false,false,,,,,,,,false,,
99381000003080044,ACS-826B,A826,,,,,false,,,84231000,FALSE,"ACS-826B, 40kg/2g, Red LED display, Metal key pad, front and back display",INR 930.65,INR 2326.63,Sales,,0.00,0.00,0.00,0.00,,,,true,,,goods,ACS-826B,"ACS-826B, 40kg/2g, Red LED display, Metal key pad, front and back display",,,,,,,,,GST18,18.000000,Group,IGST18,18.000000,Simple,1,,,Inactive,nos,nos,INR 930.65,Cost of Goods Sold,,"ACS-826B, 40kg/2g, Red LED display, Metal key pad, front and back display",Inventory Asset,,fifo,,,,,,1.00,Inventory,true,true,true,false,false,false,,,,,,,,false,,
99381000003080073,ACS-779D,A779,,,,,false,,,84231000,FALSE,"ACS-779D, 40kg/2g, Red LED display, Metal key pad",INR 998.80,INR 2497.00,Sales,,0.00,0.00,0.00,0.00,,,,true,,,goods,ACS-779D,"ACS-779D, 40kg/2g, Red LED display, Metal key pad",,,,,,,,,GST18,18.000000,Group,IGST18,18.000000,Simple,1,,,Inactive,nos,nos,INR 998.80,Cost of Goods Sold,,"ACS-779D, 40kg/2g, Red LED display, Metal key pad",Inventory Asset,,fifo,,,,,,1.00,Inventory,true,true,true,false,false,false,,,,,,,,false,,
99381000003080082,TCS KSR,TCSKSRSAMPLE,,,,,false,,,84231000,FALSE,"TCS-KSR, 300kg/50g, Red LED display, Stainless Steel indicator with Metal key pad, 40*50cm plate size, Square back rail",INR 1691.29,INR 4228.23,Sales,,0.00,0.00,0.00,0.00,,,,true,,,goods,TCS KSR,"TCS-KSR, 300kg/50g, Red LED display, Stainless Steel indicator with Metal key pad, 40*50cm plate size, Square back rail",,,,,,,,,GST18,18.000000,Group,IGST18,18.000000,Simple,1,,,Inactive,nos,nos,INR 1691.29,Cost of Goods Sold,,"TCS-KSR, 300kg/50g, Red LED display, Stainless Steel indicator with Metal key pad, 40*50cm plate size, Square back rail",Inventory Asset,,fifo,,,,,,0.00,Inventory,true,true,true,false,false,false,,,,,,,,false,,
99381000003080091,ACS 825B,A825,,,,,false,,,84231000,FALSE,"ACS-825B, 40KG/2G, Red LED display, Metal key pad, front and back display",INR 907.93,INR 2269.82,Sales,,0.00,0.00,0.00,0.00,,,,true,,,goods,ACS 825B,"ACS-825B, 40KG/2G, Red LED display, Metal key pad, front and back display",,,,,,,,,GST18,18.000000,Group,IGST18,18.000000,Simple,1,,,Inactive,nos,nos,INR 907.93,Cost of Goods Sold,,"ACS-825B, 40KG/2G, Red LED display, Metal key pad, front and back display",Inventory Asset,,fifo,,,,,,1.00,Inventory,true,true,true,false,false,false,,,,,,,,false,,
99381000003120323,ELECTRONIC SCALE -PLATFORM SS,SSCKNSCALE30X34,,,,,false,,,84238290,FALSE,"30x34cm Portable scale 50Kg/5g, 1901 single display indicator, Li battery inside, SS pan, with full plastic handle",INR 1950.00,INR 4875.00,Sales,,17.00,73.00,39.00,26.00,cm,kg,,true,,,goods,ELECTRONIC SCALE -PLATFORM SS,"30x34cm Portable scale 50Kg/5g, 1901 single display indicator, Li battery inside, SS pan, with full plastic handle",,,,,,,WEIGHING SCALE IMPORT,,GST18,18.000000,Group,IGST18,18.000000,Simple,1,,,Inactive,nos,nos,INR 1268.40,Cost of Goods Sold,,"30x34cm Portable scale 50Kg/5g, 1901 single display indicator, Li battery inside, SS pan, with full plastic handle",Inventory Asset,,fifo,,,,,,0.00,Inventory,true,true,true,false,false,false,,,,,,,,false,,4
99381000003150801,Envelope,EVV,,,,,false,,,996812,FALSE,,INR 1.00,INR 2.50,Sales,,0.00,0.00,0.00,0.00,,,,false,GOVERMENT FEES,,service,Envelope,,,,,,,,,,,,,,,,1,,,Inactive,,,INR 0.00,,,,,,,,,,,,,Sales,true,false,false,false,false,false,,,,,,,,false,,
99381000003152296,Freight,FREIGH,,,,,false,,,996819,FALSE,,INR 0.00,INR 1.00,Sales,,0.00,0.00,0.00,0.00,,,,true,,,service,Freight,,,,,,,,,,GST18,18.000000,Group,IGST18,18.000000,Simple,1,,,Inactive,Lumpsum,,INR 0.00,Cost of Goods Sold,,,Inventory Asset,,,,,,,,,Sales and Purchases,true,true,false,false,false,false,,,,,,,,false,,
99381000003192114,ELECTRONICS SCALE - PLATFOM MS,MSCKNSCALE40X40,,,,,false,,,84238290,FALSE,"Make : YESWEIGH Model : YSC 
Max : 300kg e: 50g Min : 1kg Class:III
40x40cm MS portable scale with SS chequred  plate 
1901 single display indicator, Li battery",INR 2650.00,INR 6625.00,Sales,,9.00,60.00,41.00,14.00,cm,kg,,true,,,goods,ELECTRONICS SCALE - PLATFOM MS,"Make : YESWEIGH Model : YSC 
Max : 300kg e: 50g Min : 1kg Class:III
40x40cm MS portable scale with SS chequred  plate 
1901 single display indicator, Li battery",,,,,,,,,GST18,18.000000,Group,IGST18,18.000000,Simple,1,,,Inactive,nos,nos,INR 2187.00,Cost of Goods Sold,,"40x40cm MS portable scale with SS chequred  plate 
Capacity : 300kg/50g, 1901 single display indicator, Li battery",Inventory Asset,,fifo,,,,,,0.00,Inventory,true,true,true,false,false,false,,,,,,,,false,,1
99381000003192139,PLATFORM SCALE 40X40,PF4040,,,,,false,,,84239020,FALSE,"40X40CM Platform Scale, 150kg/20g, 1702 double display, green led indicator, AC Charger. 4V battery, SS pan, with SS back rail, SS pole, SS top platform, MS Frame",INR 3350.00,INR 8375.00,Sales,,10.00,51.00,43.00,14.00,cm,kg,,true,,,goods,PLATFORM SCALE 40X40,"40X40CM Platform Scale, 150kg/20g, 1702 double display, green led indicator, AC Charger. 4V battery, SS pan, with SS back rail, SS pole, SS top platform, MS Frame",,,,,,,WEIGHING SCALE IMPORT,,GST18,18.000000,Group,IGST18,18.000000,Simple,1,,,Active,nos,nos,INR 2504.16,Cost of Goods Sold,,"40X40CM Platform Scale, 150kg/20g, 1702 double display, green led indicator, AC Charger. 4V battery, SS pan, with SS back rail, SS pole, SS top platform, MS Frame",Inventory Asset,,fifo,,,,,,3.00,Inventory,true,true,true,false,false,false,,,,,,,,false,,1
99381000003205416,Swift Charges,SWC,,,,,false,,,997119,FALSE,,INR 0.00,,,,0.00,0.00,0.00,0.00,,,,true,,,digital_service,Swift Charges,,,,,,,,,,GST18,18.000000,Group,IGST18,18.000000,Simple,1,,,Active,nos,nos,INR 300.00,Bank Fees and Charges,,,,,,,,,,,,Purchases,false,true,false,false,false,false,,,,,,,,false,,
99381000003205427,Outward bank commision,OBC,,,,,false,,,997157,FALSE,,INR 0.00,,,,0.00,0.00,0.00,0.00,,,,true,,,service,Outward bank commision,,,,,,,,,,GST18,18.000000,Group,IGST18,18.000000,Simple,1,,,Active,no,,INR 1000.00,Bank Fees and Charges,,,,,,,,,,,,Purchases,false,true,false,false,false,false,,,,,,,,false,,
99381000003221707,Boe Reminder Charge,BOE,,,,,false,,,997119,FALSE,,INR 0.00,,,,0.00,0.00,0.00,0.00,,,,true,,,service,Boe Reminder Charge,,,,,,,,,,GST18,18.000000,Group,IGST18,18.000000,Simple,1,,,Active,nos,nos,INR 250.00,BOE Reminder Charges,,,,,,,,,,,,Purchases,false,true,false,false,false,false,,,,,,,,false,,
99381000003256460,CARTON BOX,CB,,,,,false,,,48191010,FALSE,,INR 1700.00,INR 4250.00,Sales,,0.00,0.00,0.00,0.00,,,,true,,,goods,CARTON BOX,,,,,,,,,,GST18,18.000000,Group,IGST18,18.000000,Simple,1,,,Inactive,box,,INR 1500.00,Cost of Goods Sold,,,Inventory Asset,,fifo,,,,,,1.00,Inventory,true,true,true,false,false,false,,,,,,,,false,,
99381000003296024,Government Stamping Fee /Expense for 0.1mg,SF01MG,,,,,false,,,998729,FALSE,,INR 485.00,INR 1212.50,Sales,,0.00,0.00,0.00,0.00,cm,kg,,true,,,goods,Gujarath Government Stamping Fee /Expense for 20 kg,,,,,,,,Stamping KL,,GST18,18.000000,Group,IGST18,18.000000,Simple,1,,,Inactive,nos,nos,INR 335.00,Cost of Goods Sold,,,Inventory Asset,,fifo,,,,,,0.00,Inventory,true,true,true,false,false,false,,,,,,,,false,,
99381000003307021,Bench Pc (bicolor) front display,BPC120,,,,,false,,,84239020,FALSE,,INR 160.00,INR 400.00,Sales,,0.00,0.00,0.00,0.00,,,,true,,,service,Bench Pc (bicolor) front display,,,,,,,,,,GST18,18.000000,Group,IGST18,18.000000,Simple,1,,,Active,nos,nos,INR 120.00,Cost of Goods Sold,,,Inventory Asset,,,,,,,,,Sales and Purchases,true,true,false,false,false,false,,,,,,,,false,,
99381000003526013,MG Sensor CCM,CCM113,,,,,false,,,84239020,FALSE,,INR 290.00,INR 725.00,Sales,,0.00,0.00,0.00,0.00,cm,kg,,true,,,goods,MG Sensor CCM,,,,,,,,,,GST18,18.000000,Group,IGST18,18.000000,Simple,1,,,Active,nos,nos,INR 119.00,Cost of Goods Sold,,,Inventory Asset,,fifo,,,,,,13.00,Inventory,true,true,true,false,false,false,,,,,,,,false,,
99381000003526022,DJ MOTHERBOARD With 3 decimals,DJ109,,,,,false,,,84239020,FALSE,,INR 1200.00,,Sales,,0.00,0.00,0.00,0.00,,,,true,,,goods,DJ MOTHERBOARD With 3 decimals,,,,,,,,,,GST18,18.000000,Group,IGST18,18.000000,Simple,1,,,Active,nos,nos,INR 1000.00,Cost of Goods Sold,,,Inventory Asset,,fifo,,,,,,7.00,Inventory,true,true,true,false,false,false,,,,,,,,false,,
99381000003586659,GLASS ELECTRONIC PERSONAL SCALE,EB8020,,,,,false,,,84238190,FALSE,"Make: YESWEIGH Model : YSB
Max :180kg e:100g Class : III",INR 660.00,,Sales,,0.00,0.00,0.00,0.00,,,,true,,,goods,GLASS ELECTRONIC PERSONAL SCALE,"Make: YESWEIGH Model : YSB
Max :180kg e:100g Class : III",,,,,,,,,GST18,18.000000,Group,IGST18,18.000000,Simple,1,,,Active,nos,nos,INR 507.762,Cost of Goods Sold,,"Make: YESWEIGH Model : YSB
Max :180kg e:100g Class : III",Inventory Asset,,fifo,,,,,,5.00,Inventory,true,true,true,false,false,false,,,,,,,,false,,
99381000003586668,KITCHEN  SCALE,MK2003,,,,,false,,,84238190,FALSE,Capacity : 5kg,INR 450.00,,Sales,,14.00,42.00,57.00,35.00,cm,kg,,true,,,goods,KITCHEN  SCALE,Capacity : 5kg,,,,,,,WEIGHING SCALE IMPORT,,GST18,18.000000,Group,IGST18,18.000000,Simple,1,,,Active,nos,nos,INR 346.821,Cost of Goods Sold,,"Capacity : 5kg
",Inventory Asset,,fifo,,,,,,49.00,Inventory,true,true,true,false,false,false,,,,,,,,false,,16
99381000003586677,LUGGAGE SCALE,EP3004,,,,,false,,,84238190,FALSE,Capacity :50kg,INR 240.00,,Sales,,11.00,41.00,56.00,32.00,cm,kg,,true,,,goods,LUGGAGE SCALE,Capacity :50kg,,,,,,,,,GST18,18.000000,Group,IGST18,18.000000,Simple,1,,,Inactive,nos,nos,INR 181.277,Cost of Goods Sold,,"Capacity :50kg
",Inventory Asset,,fifo,,,,,,0.00,Inventory,true,true,true,false,false,false,,,,,,,,false,,100
99381000003586686,DIGITAL KITCHEN SCALE,EK6005,,,,,false,,,84238190,FALSE,"Make : YESWEIGH Model :YSK-5
Capacity : 5kg e : 0.1g
",INR 450.00,INR 1125.00,Sales,,0.00,0.00,0.00,0.00,,,,true,,,goods,DIGITAL KITCHEN SCALE,"Make : YESWEIGH Model :YSK-5
Capacity : 5kg e : 0.1g
",,,,,,,,,GST18,18.000000,Group,IGST18,18.000000,Simple,1,,,Inactive,nos,nos,INR 304.977,Cost of Goods Sold,,"Make : YESWEIGH Model :YSK-5
Capacity : 5kg e : 0.1g
",Inventory Asset,,fifo,,,,,,2.00,Inventory,true,true,true,false,false,false,,,,,,,,false,,
99381000003586695,DIGITAL KITCHEN SCALE -10Kg,EK6003,,,,,false,,,84238190,FALSE,"Make :YESWEIGH Model :YSK-10
Max : 10kg e: 1g",INR 450.00,INR 1125.00,Sales,,11.00,48.00,37.00,17.00,cm,kg,,true,,,goods,DIGITAL KITCHEN SCALE -10Kg,"Make :YESWEIGH Model :YSK-10
Max : 10kg e: 1g",,,,,,,,,GST18,18.000000,Group,IGST18,18.000000,Simple,1,,,Active,nos,nos,INR 295.95,Cost of Goods Sold,,"Make :YESWEIGH Model :YSK-10
Max : 10kg  e: 1g",Inventory Asset,,fifo,,,,,,26.00,Inventory,true,true,true,false,false,false,,,,,,,,false,,24
99381000003880539,ELECTRONIC PLATFORM SCALE,PLT4050,,,,,false,,,84238290,FALSE,"Model : YSP PC Capacity: 200kg/300kg e: 20g/50g Min : 1kg
Size : 40*50 cm, Display : LED (Red), With Back Rail",INR 3500.00,INR 8750.00,Sales,,12.00,74.00,41.00,13.00,cm,kg,,true,,,goods,ELECTRONIC PLATFORM SCALE,"Model : YSP PC Capacity: 200kg/300kg e: 20g/50g Min : 1kg
Size : 40*50 cm, Display : LED (Red), With Back Rail",,,,,,,WEIGHING SCALE IMPORT,,GST18,18.000000,Group,IGST18,18.000000,Simple,1,,,Active,nos,nos,INR 2827.00,Cost of Goods Sold,,"Model : YSP PC Capacity: 200kg/300kg e: 20g/50g Min : 1kg
Size : 40*50 cm, Display : LED (Red), With Back Rail",Inventory Asset,,fifo,,,,,,0.00,Inventory,true,true,true,false,false,false,,,,,,,,false,,1
99381000003880548,ELECTRONIC PLATFORM SCALE-100kg,BEN30X40MSBR,,,,,false,,,84238290,FALSE,"Model : YSP PC Capacity :50kg/100kg e :5g/10g
Size : 30*40 cm, Accuracy : Dual Display :LED(Red),With Back Rail",INR 2500.00,INR 6250.00,Sales,,12.00,62.00,31.00,25.00,cm,kg,,true,,,goods,ELECTRONIC PLATFORM SCALE-100kg,"Model : YSP PC Capacity :50kg/100kg e :5g/10g
Size : 30*40 cm, Accuracy : Dual Display :LED(Red),With Back Rail",,,,,,,,,GST18,18.000000,Group,IGST18,18.000000,Simple,1,,,Inactive,nos,nos,INR 1600.00,Cost of Goods Sold,,"Model : YSP PC Capacity :50kg/100kg e :5g/10g
Size : 30*40 cm, Accuracy : Dual Display :LED(Red),With Back Rail",Inventory Asset,,fifo,,,,,,0.00,Inventory,true,true,true,false,false,false,,,,,,,,false,,2
99381000003934056,Analytical Balance 200g/0.0001g -External,YSA204E,,,,,false,,,90160020,FALSE,"Model :YSA  SKU : YSA 2004E
Max :200g e:1mg d: 0.1mg Min:100mg",INR 24000.00,INR 45000.00,Sales,,8.00,41.00,43.00,35.00,cm,kg,,true,,,goods,Analytical Balance 200g/0.0001g -External,"Model :YSA  SKU : YSA 2004E
Max :200g e:1mg d: 0.1mg Min:100mg",,,,,,,ANALYTICAL SCALES,,GST18,18.000000,Group,IGST18,18.000000,Simple,1,,,Active,nos,nos,INR 15606.00,Cost of Goods Sold,,"Model :YSA  SKU : YSA 2004E
Max :200g e:1mg d: 0.1mg Min:100mg",Inventory Asset,,fifo,,,,,,13.00,Inventory,true,true,true,false,false,false,,,,,,,,false,,1
99381000003934065,Analytical Balance 200g/0.0001g - Internal,YSA204I,,,,,false,,,90160020,FALSE,Model :YSA    Max : 200g Min : 100mg e: 1mg   d : 0.1mg ,INR 27500.00,INR 49000.00,Sales,,8.00,41.00,43.00,35.00,cm,kg,,true,,,goods,Analytical Balance 200g/0.0001g - Internal,Model :YSA    Max : 200g Min : 100mg e: 1mg   d : 0.1mg ,,,,,,,ANALYTICAL SCALES,,GST18,18.000000,Group,IGST18,18.000000,Simple,1,,,Active,nos,nos,INR 17796.00,Cost of Goods Sold,, Max : 200g Min : 100mg e: 1mg        d : 0.1mg Model :YSA ,Inventory Asset,,fifo,,,,,,6.00,Inventory,true,true,true,false,false,false,,,,,,,,false,,1
99381000003938861,Platform Weighing Scale 30x34 SS,PFPC30X34SS,,,,,false,,,84238290,FALSE,Max : 50kg  e: 5g Class III,INR 2100.00,INR 5250.00,Sales,,20.00,67.00,33.00,62.00,cm,kg,,true,,,goods,Platform Weighing Scale 30x34 SS,Max : 50kg  e: 5g Class III,,,,,,,,,GST18,18.000000,Group,IGST18,18.000000,Simple,1,,,Inactive,nos,nos,INR 1677.88,Cost of Goods Sold,,Max : 50kg  e: 5g Class III,Inventory Asset,,fifo,,,,,,0.00,Inventory,true,true,true,false,false,false,,,,,,,,false,,4
99381000003938870,Platform Weighing Scale 40X50 SS,PFPC40X50SS,,,,,false,,,84238290,FALSE,"Make:YESWEIGH Model : YSP PC
Max : 100kg  e: 10g Min :200gm
Class: III",INR 6750.00,INR 16875.00,Sales,,12.00,70.00,40.00,15.00,cm,kg,,true,,,goods,Platform Weighing Scale 40X50 SS,"Make:YESWEIGH Model : YSP PC
Max : 100kg  e: 10g Min :200gm
Class: III",,,,,,,,,GST18,18.000000,Group,IGST18,18.000000,Simple,1,,,Inactive,nos,nos,INR 4998.00,Cost of Goods Sold,,"Make:YESWEIGH Model : YSP PC
Max : 100kg  e: 10g Min :200gm
Class: III",Inventory Asset,,fifo,,,,,,0.00,Inventory,true,true,true,false,false,false,,,,,,,,false,,1
99381000003940893,Indicator-A3,INDA3,,,,,false,,,84238190,FALSE,Sample,INR 1210.00,INR 3025.00,Sales,,0.00,0.00,0.00,0.00,,,,true,,,goods,Indicator-A3,Sample,,,,,,,,,GST18,18.000000,Group,IGST18,18.000000,Simple,1,,,Inactive,nos,nos,INR 930.00,Cost of Goods Sold,,Sample,Inventory Asset,,fifo,,,,,,0.00,Inventory,true,true,true,false,false,false,,,,,,,,false,,
99381000003940926,Single Display Indicator-G1,INDG1,,,,,false,,,84238190,FALSE,Sample,INR 820.00,INR 2050.00,Sales,,0.00,0.00,0.00,0.00,,,,true,,,goods,Single Display Indicator-G1,Sample,,,,,,,,,GST18,18.000000,Group,IGST18,18.000000,Simple,1,,,Inactive,nos,nos,INR 630.00,Cost of Goods Sold,,Sample,Inventory Asset,,fifo,,,,,,0.00,Inventory,true,true,true,false,false,false,,,,,,,,false,,
99381000003971368,Shearbeam Loadcell 2000kg,SBLC2T,,,,,false,,,84239020,FALSE,,INR 880.00,INR 2200.00,Sales,,0.00,0.00,0.00,0.00,cm,kg,,true,,,goods,Shearbeam Loadcell 2000kg,,,,,,,,GENERIC SPARE PARTS,,GST18,18.000000,Group,IGST18,18.000000,Simple,1,,,Active,nos,nos,INR 550.00,Cost of Goods Sold,,,Inventory Asset,,fifo,,,,,,5.00,Inventory,true,true,true,false,false,false,,,,,,,,false,,
99381000004019927,Cloud Service Charge - Standard,YESCSC001,,,,,false,,,998314,FALSE,,INR 1500.00,,Sales,,0.00,0.00,0.00,0.00,cm,kg,false,true,,,service,Cloud Service Charge - Standard,,,,,,,,,,GST18,18.000000,Group,IGST18,18.000000,Simple,1,,,Inactive,Lumpsum,,INR 1500.00,Cloud charges,,,Inventory Asset,,,,,,,,,Sales and Purchases,true,true,false,false,false,false,,,,,,,,false,,
99381000004032287,Platform Scale 30x40 Ben,BEN340,,,,,false,,,84238290,FALSE,"Model : YSP PC Capacity : 50kg/100kg e:5g/10g
Size : 30*40cm, Plate : SS, Display : LED (Red) Accuracy :Dual",INR 2500.00,INR 6250.00,Sales,,12.00,62.00,31.00,25.00,cm,kg,,true,,,goods,Platform Scale 30x40 Ben,"Model : YSP PC Capacity : 50kg/100kg e:5g/10g
Size : 30*40cm, Plate : SS, Display : LED (Red) Accuracy :Dual",,,,,,,WEIGHING SCALE IMPORT,,GST18,18.000000,Group,IGST18,18.000000,Simple,1,,,Active,nos,nos,INR 1730.00,Cost of Goods Sold,,"Model : YSP PC Capacity : 50kg/100kg e:5g/10g
Size : 30*40cm, Plate : SS, Display : LED (Red) Accuracy :Dual",Inventory Asset,,fifo,,,,,,44.00,Inventory,true,true,true,false,false,false,,,,,,,,false,,2
99381000004079187,Platform Scale,BENCHPCD,,,,,false,,,84238290,FALSE,"Make: YESWEIGH Model:YSP-50
Max:50kg e:5g Min:100g Class:III",INR 2650.00,INR 6625.00,Sales,,0.00,0.00,0.00,0.00,,,,true,,,goods,Platform Scale,"Make: YESWEIGH Model:YSP-50
Max:50kg e:5g Min:100g Class:III",,,,,,,,,GST18,18.000000,Group,IGST18,18.000000,Simple,1,,,Inactive,nos,nos,INR 2059.00,Cost of Goods Sold,,"Make: YESWEIGH Model:YSP-50
Max:50kg e:5g Min:100g Class:III",Inventory Asset,,fifo,,,,,,0.00,Inventory,true,true,true,false,false,false,,,,,,,,false,,
99381000004091075,Electronic Weighing balance 500g/.001g,BC08,,,,,false,,,84238290,FALSE,"Capacity : 500g/.001g
Display : Green",INR 4200.00,INR 10500.00,Sales,,0.00,0.00,0.00,0.00,cm,kg,,true,,,goods,Electronic Weighing balance 500g/.001g,"Capacity : 500g/.001g
Display : Green",,,,,,,,,GST18,18.000000,Group,IGST18,18.000000,Simple,1,,,Inactive,nos,nos,INR 3195.00,Cost of Goods Sold,,"Capacity : 500g/.001g
Display : Green",Inventory Asset,,fifo,,,,,,0.00,Inventory,true,true,true,false,false,false,,,,,,,,false,,
99381000004091084,Sealing Machine,FR990,,,,,false,,,84238290,FALSE,,INR 9750.00,,Sales,,0.00,0.00,0.00,0.00,,,,true,,,goods,Sealing Machine,,,,,,,,,,GST18,18.000000,Group,IGST18,18.000000,Simple,1,,,Inactive,nos,nos,INR 7635.00,Cost of Goods Sold,,,Inventory Asset,,fifo,,,,,,0.00,Inventory,true,true,true,false,false,false,,,,,,,,false,,
99381000004096388,ECR KEYPAD,ECR105,,,,,false,,,84239020,FALSE,,INR 1390.00,,Sales,,0.00,0.00,0.00,0.00,cm,kg,,true,,,goods,ECR KEYPAD,,,,,,,,,,GST18,18.000000,Group,IGST18,18.000000,Simple,1,,,Active,nos,nos,INR 835.00,Cost of Goods Sold,,,Inventory Asset,,fifo,,,,,,5.00,Inventory,true,true,true,false,false,false,,,,,,,,false,,
99381000004096397,ECR PRINTER COVER,ECR106,,,,,false,,,84239020,FALSE,,INR 170.00,INR 425.00,Sales,,0.00,0.00,0.00,0.00,cm,kg,,true,,,goods,ECR PRINTER COVER,,,,,,,,,,GST18,18.000000,Group,IGST18,18.000000,Simple,1,,,Active,nos,nos,INR 83.41,Cost of Goods Sold,,,Inventory Asset,,fifo,,,,,,7.00,Inventory,true,true,true,false,false,false,,,,,,,,false,,
99381000004096406,ECS INDICATOR KEYPAD,ECSINK,,,,,false,,,84239020,FALSE,,INR 1140.00,INR 2850.00,Sales,,0.00,0.00,0.00,0.00,cm,kg,,true,,,goods,ECS INDICATOR KEYPAD,,,,,,,,,,GST18,18.000000,Group,IGST18,18.000000,Simple,1,,,Active,nos,nos,INR 625.56,Cost of Goods Sold,,,Inventory Asset,,fifo,,,,,,11.00,Inventory,true,true,true,false,false,false,,,,,,,,false,,
99381000004096419,ECS INDICATOR KEYPAD STICKER,EIKS,,,,,false,,,84239020,FALSE,,INR 140.00,INR 350.00,Sales,,0.00,0.00,0.00,0.00,cm,kg,,true,,,goods,ECS INDICATOR KEYPAD STICKER,,,,,,,,,,GST18,18.000000,Group,IGST18,18.000000,Simple,1,,,Active,nos,nos,INR 88.00,Cost of Goods Sold,,,Inventory Asset,,fifo,,,,,,22.00,Inventory,true,true,true,false,false,false,,,,,,,,false,,
99381000004096432,ECS INDICATOR SILICON KEYPAD,EISK,,,,,false,,,84239020,FALSE,,INR 140.00,INR 350.00,Sales,,0.00,0.00,0.00,0.00,,,,true,,,goods,ECS INDICATOR SILICON KEYPAD,,,,,,,,,,GST18,18.000000,Group,IGST18,18.000000,Simple,1,,,Active,nos,nos,INR 83.41,Cost of Goods Sold,,,Inventory Asset,,fifo,,,,,,20.00,Inventory,true,true,true,false,false,false,,,,,,,,false,,
99381000004096441,PLASTIC JUNCTION BOX,JBLC,,,,,false,,,84239020,FALSE,,INR 450.00,INR 1125.00,Sales,,0.00,0.00,0.00,0.00,cm,kg,,true,,,goods,PLASTIC JUNCTION BOX,,,,,,,,,,GST18,18.000000,Group,IGST18,18.000000,Simple,1,,,Active,nos,nos,INR 141.79,Cost of Goods Sold,,,Inventory Asset,,fifo,,,,,,8.00,Inventory,true,true,true,false,false,false,,,,,,,,false,,
99381000004089673,Shear Beam Loadcell 1.5 T WITH FOOT,SBLTWF,,,,,false,,,84239020,FALSE,,INR 500.00,INR 1250.00,Sales,,0.00,0.00,0.00,0.00,,,,true,,,goods,Shear Beam Loadcell 1.5 T WITH FOOT,,,,,,,,,,GST18,18.000000,Group,IGST18,18.000000,Simple,1,,,Inactive,nos,nos,INR 355.00,Cost of Goods Sold,,,Inventory Asset,,fifo,,,,,,0.00,Inventory,true,true,true,false,false,false,,,,,,,,false,,
99381000004089854,VERTICAL STAND,VSTAND,,,,,false,,,84239020,FALSE,,INR 2000.00,,Sales,,0.00,0.00,0.00,0.00,,,,true,,,goods,VERTICAL STAND,,,,,,,,,,GST18,18.000000,Group,IGST18,18.000000,Simple,1,,,Inactive,nos,nos,INR 1765.00,Cost of Goods Sold,,,Inventory Asset,,fifo,,,,,,0.00,Inventory,true,true,true,false,false,false,,,,,,,,false,,
99381000004113523,ATM Junior Dust cover,AJDC,,,,,false,,,84239020,FALSE,,INR 65.00,INR 162.50,Sales,,0.00,0.00,0.00,0.00,cm,kg,,true,,,goods,ATM Junior Dust cover,,,,,,,,,,GST18,18.000000,Group,IGST18,18.000000,Simple,1,,,Active,nos,nos,INR 15.00,Cost of Goods Sold,,,Inventory Asset,,fifo,,,,,,16.00,Inventory,true,true,true,false,false,false,,,,,,,,false,,
99381000004113532,MOTHER BOARD ATM PC TOUCH,MBAPT,,,,,false,,,84239020,FALSE,,INR 130.00,INR 325.00,Sales,,0.00,0.00,0.00,0.00,,,,true,,,goods,MOTHER BOARD ATM PC TOUCH,,,,,,,,,,GST18,18.000000,Group,IGST18,18.000000,Simple,1,,,Active,nos,nos,INR 90.00,Cost of Goods Sold,,,Inventory Asset,,fifo,,,,,,23.00,Inventory,true,true,true,false,false,false,,,,,,,,false,,
99381000004179810,Platform scale -Bench,DY5030,,,,,false,,,84238290,FALSE,"Size : 30*34 Max: 50kg e: 5g
Dual display, LED RED display
",INR 1000.00,INR 2500.00,Sales,,24.00,71.00,46.00,32.00,cm,kg,,true,,,goods,Platform scale -Bench,"Size : 30*34 Max: 50kg e: 5g
Dual display, LED RED display
",,,,,,,,,GST18,18.000000,Group,IGST18,18.000000,Simple,1,,,Inactive,nos,nos,INR 900.00,Cost of Goods Sold,,"Size : 30*34 
",Inventory Asset,,fifo,,,,,,0.00,Inventory,true,true,true,false,false,false,,,,,,,,false,,4
99381000004179819,Platform Scale Full SS,YS5010SS,,,,,false,,,84238290,FALSE,Capacity :50kg/5g Double display(LED) Size 30*34 Full SS,INR 4200.00,INR 10500.00,Sales,,22.00,62.00,60.00,36.00,cm,kg,,true,,,goods,Platform Scale Full SS,Capacity :50kg/5g Double display(LED) Size 30*34 Full SS,,,,,,,,,GST18,18.000000,Group,IGST18,18.000000,Simple,1,,,Inactive,nos,nos,INR 3209.00,Cost of Goods Sold,,Capacity :50kg/5g Double display(LED) Size 30*34 Full SS,Inventory Asset,,fifo,,,,,,0.00,Inventory,true,true,true,false,false,false,,,,,,,,false,,4
99381000004182473,SPARES PARTS BMI 180,BMISPARE,,,,,false,,,84239020,FALSE,,INR 3900.00,INR 9750.00,Sales,,0.00,0.00,0.00,0.00,,,,true,,,goods,SPARES PARTS BMI 180,,,,,,,,,,GST18,18.000000,Group,IGST18,18.000000,Simple,1,,,Inactive,nos,nos,INR 3150.00,Cost of Goods Sold,,,Inventory Asset,,fifo,,,,,,0.00,Inventory,true,true,true,false,false,false,,,,,,,,false,,
99381000004261110,SIMPLE VALUE COUNTING MACHINE ECONOMIC,VALUECOUNTER,,,,,false,,,84729090,FALSE,,INR 3450.00,INR 8625.00,Sales,,0.00,0.00,0.00,0.00,,,,true,,,goods,SIMPLE VALUE COUNTING MACHINE ECONOMIC,,,,,,,,,,GST18,18.000000,Group,IGST18,18.000000,Simple,1,,,Inactive,nos,nos,INR 2650.00,Cost of Goods Sold,,,Inventory Asset,,fifo,,,,,,0.00,Inventory,true,true,true,false,false,false,,,,,,,,false,,
99381000004266331,Shear Beam Loadcell Imported 500Kg,SBLI50,,,,,false,,,84239020,FALSE,,INR 500.00,INR 1250.00,Sales,,0.00,0.00,0.00,0.00,,,,true,,,goods,Shear Beam Loadcell Imported 500Kg,,,,,,,,,,GST18,18.000000,Group,IGST18,18.000000,Simple,1,,,Active,nos,nos,INR 350.00,Cost of Goods Sold,,,Inventory Asset,,fifo,,,,,,13.00,Inventory,true,true,true,false,false,false,,,,,,,,false,,
99381000004298701,Shear Beam Loadcell Imported 2000kg,SBLI20,,,,,false,,,84239020,FALSE,,INR 500.00,INR 1250.00,Sales,,0.00,0.00,0.00,0.00,,,,true,,,goods,Shear Beam Loadcell Imported 2000kg,,,,,,,,,,GST18,18.000000,Group,IGST18,18.000000,Simple,1,,,Active,nos,nos,INR 320.00,Cost of Goods Sold,,,Inventory Asset,,fifo,,,,,,0.00,Inventory,true,true,true,false,false,false,,,,,,,,false,,
99381000004301105,PLATFORM SCALE -BENCH (R),BENCHPLTR,,,,,false,,,84238290,FALSE,"Make: YESWEIGH Model:YSP-50
Max:50kg e:5g Min:100g Class:III",INR 2300.00,INR 5750.00,Sales,,0.00,0.00,0.00,0.00,,,,true,,,goods,PLATFORM SCALE -BENCH (R),"Make: YESWEIGH Model:YSP-50
Max:50kg e:5g Min:100g Class:III",,,,,,,,,GST18,18.000000,Group,IGST18,18.000000,Simple,1,,,Inactive,nos,nos,INR 1900.00,Cost of Goods Sold,,"Make: YESWEIGH Model:YSP-50
Max:50kg e:5g Min:100g Class:III",Inventory Asset,,fifo,,,,,,0.00,Inventory,true,true,true,false,false,false,,,,,,,,false,,
99381000004301114,ELECTRONIC PLATFORM SCALE (G),PLTPC400X500MSGREEN,,,,,false,,,84238290,FALSE,"Model : YSP PC Max : 300 kg e: 50g
Size : 40*50 cm, Display : LED (Green), With Back Rail",INR 3600.00,INR 9000.00,Sales,,13.00,74.00,41.00,13.00,cm,kg,,true,,,goods,ELECTRONIC PLATFORM SCALE (G),"Model : YSP PC Max : 300 kg e: 50g
Size : 40*50 cm, Display : LED (Green), With Back Rail",,,,,,,,,GST18,18.000000,Group,IGST18,18.000000,Simple,1,,,Inactive,nos,nos,INR 2600.00,Cost of Goods Sold,,"Model : YSP PC Max : 300 kg e: 50g
Size : 40*50 cm, Display : LED (Green), With Back Rail",Inventory Asset,,fifo,,,,,,0.00,Inventory,true,true,true,false,false,false,,,,,,,,false,,1
99381000004301165,RED LED DOUBLE DISPLAY INDICATOR,1802INDICATORR,,,,,false,,,84239020,FALSE,,INR 660.00,INR 1650.00,Sales,,0.00,0.00,0.00,0.00,,,,true,,,goods,RED LED DOUBLE DISPLAY INDICATOR,,,,,,,,,,GST18,18.000000,Group,IGST18,18.000000,Simple,1,,,Inactive,nos,nos,INR 625.00,Cost of Goods Sold,,,Inventory Asset,,fifo,,,,,,0.00,Inventory,true,true,true,false,false,false,,,,,,,,false,,
99381000004396516,Government Stamping Fee / Expense for 50kg/100Kg,SF50100,,,,,false,,,998729,FALSE,,INR 485.00,INR 1212.50,Sales,,0.00,0.00,0.00,0.00,,,,true,,,goods,Government Stamping Fee / Expense for 510g,,,,,,,,Stamping KL,,GST18,18.000000,Group,IGST18,18.000000,Simple,1,,,Inactive,nos,nos,INR 335.00,Cost of Goods Sold,,,Inventory Asset,,fifo,,,,,,0.00,Inventory,true,true,true,false,false,false,,,,,,,,false,,
99381000004416001,Bench PLT Display Front & Back,BPDFB,,,,,false,,,84239020,FALSE,,INR 245.00,INR 612.50,Sales,,0.00,0.00,0.00,0.00,,,,true,,,goods,Bench PLT Display Front & Back,,,,,,,,,,GST18,18.000000,Group,IGST18,18.000000,Simple,1,,,Active,nos,nos,INR 1.00,Cost of Goods Sold,,,Inventory Asset,,fifo,,,,,,11.00,Inventory,true,true,true,false,false,false,,,,,,,,false,,
99381000004416010,Bench PLT Keypad,BPLT002,,,,,false,,,84239020,FALSE,,INR 230.00,,Sales,,0.00,0.00,0.00,0.00,cm,kg,,true,,,goods,Bench PLT Keypad,,,,,,,,,,GST18,18.000000,Group,IGST18,18.000000,Simple,1,,,Inactive,nos,nos,INR 187.50,Cost of Goods Sold,,,Inventory Asset,,fifo,,,,,,0.00,Inventory,true,true,true,false,false,false,,,,,,,,false,,
99381000004416019,Bench PLT Motherboard,BENCHP,,,,,false,,,84239020,FALSE,,INR 180.00,INR 450.00,Sales,,0.00,0.00,0.00,0.00,,,,true,,,goods,Bench PLT Motherboard,,,,,,,,,,GST18,18.000000,Group,IGST18,18.000000,Simple,1,,,Active,nos,nos,INR 105.00,Cost of Goods Sold,,,Inventory Asset,,fifo,,,,,,-5.00,Inventory,true,true,true,false,false,false,,,,,,,,false,,
99381000004416028,Cord wire 3pin,3PINCW,,,,,false,,,84239020,FALSE,,INR 62.00,INR 155.00,Sales,,0.00,0.00,0.00,0.00,,,,true,,,goods,Cord wire 3pin,,,,,,,,,,GST18,18.000000,Group,IGST18,18.000000,Simple,1,,,Inactive,nos,nos,INR 37.50,Cost of Goods Sold,,,Inventory Asset,,fifo,,,,,,0.00,Inventory,true,true,true,false,false,false,,,,,,,,false,,
99381000004416037,Bench PLT Switch,BENCH1,,,,,false,,,84239020,FALSE,,INR 5.00,INR 12.50,Sales,,0.00,0.00,0.00,0.00,,,,true,,,goods,Bench PLT Switch,,,,,,,,,,GST18,18.000000,Group,IGST18,18.000000,Simple,1,,,Inactive,nos,nos,INR 1.00,Cost of Goods Sold,,,Inventory Asset,,fifo,,,,,,0.00,Inventory,true,true,true,false,false,false,,,,,,,,false,,
99381000004416046,PlatformLoadcell 350kg,PLC350,,,,,false,,,84239020,FALSE,,INR 360.00,INR 900.00,Sales,,0.00,0.00,0.00,0.00,,,,true,,,goods,PlatformLoadcell 350kg,,,,,,,,,,GST18,18.000000,Group,IGST18,18.000000,Simple,1,,,Active,nos,nos,INR 244.00,Cost of Goods Sold,,,Inventory Asset,,fifo,,,,,,21.00,Inventory,true,true,true,false,false,false,,,,,,,,false,,
99381000004416055,Platform Loadcell 180kg,PLC180,,,,,false,,,84239020,FALSE,,INR 280.00,INR 700.00,Sales,,0.00,0.00,0.00,0.00,cm,kg,,true,,,goods,Platform Loadcell 180kg,,,,,,,,,,GST18,18.000000,Group,IGST18,18.000000,Simple,1,,,Active,nos,nos,INR 188.00,Cost of Goods Sold,,,Inventory Asset,,fifo,,,,,,25.00,Inventory,true,true,true,false,false,false,,,,,,,,false,,
99381000004416064,Battery 4v 4Ah,BATTER,,,,,false,,,85068090,FALSE,,INR 149.00,INR 300.00,Sales,,0.00,0.00,0.00,0.00,cm,kg,,true,,,goods,Battery 4v 4Ah,,,,,,,,,,GST28,28.000000,Group,IGST28,28.000000,Simple,1,,,Active,nos,nos,INR 150.00,Cost of Goods Sold,,,Inventory Asset,,fifo,,,,,,267.00,Inventory,true,true,true,false,false,false,,,,,,,,false,,
99381000004416073,Bench PLT Indicator Cover Base,BPICB,,,,,false,,,84239020,FALSE,,INR 160.00,INR 400.00,Sales,,0.00,0.00,0.00,0.00,,,,true,,,goods,Bench PLT Indicator Cover Base,,,,,,,,,,GST18,18.000000,Group,IGST18,18.000000,Simple,1,,,Active,nos,nos,INR 112.50,Cost of Goods Sold,,,Inventory Asset,,fifo,,,,,,10.00,Inventory,true,true,true,false,false,false,,,,,,,,false,,
99381000004416082,Bench PLT Indicator Cover Top,BPICT,,,,,false,,,84239020,FALSE,,INR 160.00,INR 400.00,Sales,,0.00,0.00,0.00,0.00,,,,true,,,goods,Bench PLT Indicator Cover Top,,,,,,,,,,GST18,18.000000,Group,IGST18,18.000000,Simple,1,,,Active,nos,nos,INR 112.50,Cost of Goods Sold,,,Inventory Asset,,fifo,,,,,,10.00,Inventory,true,true,true,false,false,false,,,,,,,,false,,
99381000004434433,Windshield 0.1MG,WINDSH,,,,,false,,,84239020,FALSE,,INR 2300.00,INR 5750.00,Sales,,0.00,0.00,0.00,0.00,cm,kg,,true,,,goods,Windshield 0.1MG,,,,,,,,,,GST18,18.000000,Group,IGST18,18.000000,Simple,1,,,Active,nos,nos,INR 1500.00,Cost of Goods Sold,,,Inventory Asset,,fifo,,,,,,-1.00,Inventory,true,true,true,false,false,false,,,,,,,,false,,
99381000004434442,Machine Base 0.1MG,MB01,,,,,false,,,84239020,FALSE,,INR 16500.00,INR 41250.00,Sales,,0.00,0.00,0.00,0.00,,,,true,,,goods,Machine Base 0.1MG,,,,,,,,,,GST18,18.000000,Group,IGST18,18.000000,Simple,1,,,Active,nos,nos,INR 14000.00,Cost of Goods Sold,,,Inventory Asset,,fifo,,,,,,2.00,Inventory,true,true,true,false,false,false,,,,,,,,false,,
99381000004434503,SS Platter 0.1MG,SP01,,,,,false,,,84239020,FALSE,,INR 250.00,INR 625.00,Sales,,0.00,0.00,0.00,0.00,,,,true,,,goods,SS Platter 0.1MG,,,,,,,,,,GST18,18.000000,Group,IGST18,18.000000,Simple,1,,,Active,nos,nos,INR 180.00,Cost of Goods Sold,,,Inventory Asset,,fifo,,,,,,3.00,Inventory,true,true,true,false,false,false,,,,,,,,false,,
99381000004496923,Government Stamping Fee /Expense for 200kg/300kg,SF200300,,,,,false,,,,FALSE,,INR 565.00,INR 1412.50,Sales,,0.00,0.00,0.00,0.00,,,,true,,,goods,Gujarath Government Stamping Fee /Expense for 20 kg,,,,,,,,Stamping KL,,GST18,18.000000,Group,IGST18,18.000000,Simple,1,,,Inactive,nos,nos,INR 415.00,Cost of Goods Sold,,,Inventory Asset,,fifo,,,,,,0.00,Inventory,true,true,true,false,false,false,,,,,,,,false,,
99381000004507023,Yescloud subscription,YESCLOUDSUBSCRIPTION,,,,,false,,,998311,FALSE,,INR 0.00,INR 1.00,Sales,,0.00,0.00,0.00,0.00,,,,true,,,service,Yescloud subscription,,,,,,,,,,GST18,18.000000,Group,IGST18,18.000000,Simple,1,,,Inactive,,,INR 0.00,Cost of Goods Sold,,,Inventory Asset,,,,,,,,,Sales and Purchases,true,true,false,false,false,false,,,,,,,,false,,
99381000004791073,Normal Weighing Scale (Sample),NWS,,,,,false,,,84238290,FALSE,,INR 1700.00,INR 4250.00,Sales,,0.00,0.00,0.00,0.00,,,,true,,,goods,Normal Weighing Scale (Sample),,,,,,,,,,GST18,18.000000,Group,IGST18,18.000000,Simple,1,,,Inactive,nos,nos,INR 1560.00,Cost of Goods Sold,,,Inventory Asset,,fifo,,,,,,0.00,Inventory,true,true,true,false,false,false,,,,,,,,false,,
99381000004929425,Bench Green Loadcell Cap,BGC201,,,,,false,,,84239020,FALSE,,INR 65.00,,Sales,,0.00,0.00,0.00,0.00,,,,true,,,goods,Bench Green Loadcell Cap,,,,,,,,,,GST18,18.000000,Group,IGST18,18.000000,Simple,1,,,Active,nos,nos,INR 50.00,Cost of Goods Sold,,,Inventory Asset,,fifo,,,,,,45.00,Inventory,true,true,true,false,false,false,,,,,,,,false,,
99381000004929434,Bench Green Loadcell -130kg,BGC202,,,,,false,,,84239020,FALSE,,INR 210.00,,Sales,,0.00,0.00,0.00,0.00,,,,true,,,goods,Bench Green Loadcell -130kg,,,,,,,,,,GST18,18.000000,Group,IGST18,18.000000,Simple,1,,,Active,nos,nos,INR 162.00,Cost of Goods Sold,,,Inventory Asset,,fifo,,,,,,17.00,Inventory,true,true,true,false,false,false,,,,,,,,false,,
99381000004929443,Bench Green Motherboard,BGC203,,,,,false,,,84239020,FALSE,,INR 180.00,,Sales,,0.00,0.00,0.00,0.00,,,,true,,,goods,Bench Green Motherboard,,,,,,,,,,GST18,18.000000,Group,IGST18,18.000000,Simple,1,,,Active,nos,nos,INR 1.00,Cost of Goods Sold,,,Inventory Asset,,fifo,,,,,,1.00,Inventory,true,true,true,false,false,false,,,,,,,,false,,
99381000004929452,Bench Green Front & Back Display,BGC204,,,,,false,,,84239020,FALSE,,INR 245.00,,Sales,,0.00,0.00,0.00,0.00,,,,true,,,goods,Bench Green Front & Back Display,,,,,,,,,,GST18,18.000000,Group,IGST18,18.000000,Simple,1,,,Active,nos,nos,INR 139.00,Cost of Goods Sold,,,Inventory Asset,,fifo,,,,,,105.00,Inventory,true,true,true,false,false,false,,,,,,,,false,,
99381000004981819,Platform Weighing Scale(GG),PWSG,,,,,false,,,84238290,FALSE,,INR 1050.00,INR 2625.00,Sales,,24.00,71.00,46.00,32.00,cm,kg,,true,,,goods,Platform Weighing Scale(GG),,,,,,,,,,GST18,18.000000,Group,IGST18,18.000000,Simple,1,,,Inactive,nos,nos,INR 900.00,Cost of Goods Sold,,,Inventory Asset,,fifo,,,,,,8.00,Inventory,true,true,true,false,false,false,,,,,,,,false,,4
99381000004981828,Platform Weighing Scale (FG),BY5030FG,,,,,false,,,84238290,FALSE,,INR 1050.00,INR 2625.00,Sales,,24.00,71.00,46.00,32.00,cm,kg,,true,,,goods,Platform Weighing Scale (FG),,,,,,,,,,GST18,18.000000,Group,IGST18,18.000000,Simple,1,,,Inactive,nos,nos,INR 900.00,Cost of Goods Sold,,,Inventory Asset,,fifo,,,,,,0.00,Inventory,true,true,true,false,false,false,,,,,,,,false,,4
99381000005130324,Panel Sticker ATM PC Waterproof Back,WPC408,,,,,false,,,84239020,FALSE,,INR 30.00,INR 75.00,Sales,,0.00,0.00,0.00,0.00,,,,true,,,goods,Panel Sticker ATM PC Waterproof Back,,,,,,,,,,GST18,18.000000,Group,IGST18,18.000000,Simple,1,,,Active,nos,nos,INR 15.00,Cost of Goods Sold,,,Inventory Asset,,fifo,,,,,,57.00,Inventory,true,true,true,false,false,false,,,,,,,,false,,
99381000005144013,Calibration Screw,SCREW,,,,,false,,,998717,FALSE,,INR 5.00,INR 12.50,Sales,,0.00,0.00,0.00,0.00,cm,kg,,true,,,service,Calibration Screw,,,,,,,,,,GST18,18.000000,Group,IGST18,18.000000,Simple,12,,,Inactive,nos,nos,INR 3.50,Cost of Goods Sold,,,Inventory Asset,,,,,,,,,Sales and Purchases,true,true,false,false,false,false,,,,,,,,false,,
99381000005153781,Bench Green Keypad,BGC205,,,,,false,,,84239020,FALSE,,INR 130.00,INR 325.00,Sales,,0.00,0.00,0.00,0.00,,,,true,,,goods,Bench Green Keypad,,,,,,,,Inactive,,GST18,18.000000,Group,IGST18,18.000000,Simple,1,,,Active,nos,nos,INR 75.00,Cost of Goods Sold,,,Inventory Asset,,fifo,,,,,,6.00,Inventory,true,true,true,false,false,false,,,,,,,,false,,
99381000005153796,Bench Green Leg,BGC206,,,,,false,,,84239020,FALSE,,INR 25.00,,Sales,,0.00,0.00,0.00,0.00,,,,true,,,goods,Bench Green Leg,,,,,,,,,,GST18,18.000000,Group,IGST18,18.000000,Simple,1,,,Active,nos,nos,INR 15.00,Cost of Goods Sold,,,Inventory Asset,,fifo,,,,,,41.00,Inventory,true,true,true,false,false,false,,,,,,,,false,,
99381000005231581,ELECTRONIC PLATFORM SCALE 50-100kg(M),EPSM50,,,,,false,,,84238290,FALSE,"Model : YSP PC Capacity : 50kg/100kg e:5g/10g
Size : 30*40cm, Plate : SS, Display : LED (Red) Accuracy :Dual",INR 2650.00,INR 6625.00,Sales,,12.00,62.00,31.00,25.00,cm,kg,,true,,,goods,ELECTRONIC PLATFORM SCALE 50-100kg(M),"Model : YSP PC Capacity : 50kg/100kg e:5g/10g
Size : 30*40cm, Plate : SS, Display : LED (Red) Accuracy :Dual",,,,,,,,,GST18,18.000000,Group,IGST18,18.000000,Simple,1,,,Active,nos,nos,INR 1880.00,Cost of Goods Sold,,"Model : YSP PC Capacity : 50kg/100kg e:5g/10g
Size : 30*40cm, Plate : SS, Display : LED (Red) Accuracy :Dual",Inventory Asset,,fifo,,,,,,3.00,Inventory,true,true,true,false,false,false,,,,,,,,false,,2
99381000005334231,Price Computing Scale,PCSL,,,,,false,,,84238290,FALSE,Make :YESWEIGH Model:YS-30 Max:30kg e:5g Min:100g Class: III,INR 14500.00,INR 36250.00,Sales,,0.00,0.00,0.00,0.00,cm,kg,,true,,,goods,PRICE COMPUTING SCALE - WHITE - EC(AY),Make :YESWEIGH Model:YS-30 Max:30kg e:5g Min:100g Class: III,,,,,,,BILL PRINTING SCALES,,GST18,18.000000,Group,IGST18,18.000000,Simple,1,,,Inactive,nos,nos,INR 10080.00,Cost of Goods Sold,,,Inventory Asset,,fifo,,,,,,0.00,Inventory,true,true,true,false,false,false,,,,,,,,false,,
99381000005338193,Chicken Scale Front Display (Green),CSFDG,,,,,true,,,84239020,FALSE,,INR 380.00,INR 950.00,Sales,,0.00,0.00,0.00,0.00,cm,kg,,true,,,goods,Chicken Scale Front Display (Green),,,,,,,,,,GST18,18.000000,Group,IGST18,18.000000,Simple,1,,,Active,nos,nos,INR 258.00,Cost of Goods Sold,,,Inventory Asset,,fifo,,,,,,4.00,Inventory,true,true,true,false,false,false,,,,,,,,false,,
99381000005338212,Price Computing Scale with Pole-Green,ATMPCPBY828B,,,,,false,,,84238290,FALSE,Make :YESWEIGH  Capacity : 30kg/5g Display : Green,INR 2200.00,INR 5500.00,Sales,,19.00,68.00,43.00,47.00,cm,kg,,true,,,goods,Price Computing Scale with Pole-Green,Make :YESWEIGH  Capacity : 30kg/5g Display : Green,,,,,,,,,GST18,18.000000,Group,IGST18,18.000000,Simple,1,,,Inactive,nos,nos,INR 1640.00,Cost of Goods Sold,,Make :YESWEIGH  Capacity : 30kg/5g Display : Green,Inventory Asset,,fifo,,,,,,0.00,Inventory,true,true,true,false,false,false,,,,,,,,false,,4
99381000005432019,PLATFORM PRICE COMPUTING SCALE (RED),GR2204R,,,,,false,,,84238290,FALSE,"Make: YESWEIGH Model:YSP-50
Max:50kg e:5g Min:100g Class:III
Display : Red",INR 2450.00,INR 6125.00,Sales,,24.00,71.00,46.00,32.00,cm,kg,,true,,,goods,PLATFORM PRICE COMPUTING SCALE (RED),"Make: YESWEIGH Model:YSP-50
Max:50kg e:5g Min:100g Class:III
Display : Red",,,,,,,,,GST18,18.000000,Group,IGST18,18.000000,Simple,1,,,Inactive,nos,nos,INR 1703.00,Cost of Goods Sold,,"Make: YESWEIGH Model:YSP-50
Max:50kg e:5g Min:100g Class:III
Display : Red",Inventory Asset,,fifo,,,,,,0.00,Inventory,true,true,true,false,false,false,,,,,,,,false,,4
99381000005432034,PLATFORM PRICE COMPUTING SCALE (GREEN),GG2204G,,,,,false,,,84238290,FALSE,"Make: YESWEIGH Model:YSP-50
Max:50kg e:5g Min:100g Class:III
Display : Green",INR 1100.00,INR 2750.00,Sales,,0.00,0.00,0.00,0.00,,,,true,,,goods,PLATFORM PRICE COMPUTING SCALE (GREEN),"Make: YESWEIGH Model:YSP-50
Max:50kg e:5g Min:100g Class:III
Display : Green",,,,,,,,,GST18,18.000000,Group,IGST18,18.000000,Simple,1,,,Inactive,nos,nos,INR 900.00,Cost of Goods Sold,,"Make: YESWEIGH Model:YSP-50
Max:50kg e:5g Min:100g Class:III
Display : Green",Inventory Asset,,fifo,,,,,,0.00,Inventory,true,true,true,false,false,false,,,,,,,,false,,
99381000005463747,CHICKEN SCALE 50KG SS,CS250X250SS,,,,,false,,,84239010,FALSE,"Make : YESWEIGH Model : YSC
Max : 50kg e:5g Min:100g
Class : III",INR 2250.00,INR 5625.00,Sales,,6.00,31.00,31.00,26.00,cm,kg,,true,,,goods,CHICKEN SCALE 50KG SS,"Make : YESWEIGH Model : YSC
Max : 50kg e:5g Min:100g
Class : III",,,,,,,,,GST18,18.000000,Group,IGST18,18.000000,Simple,1,,,Inactive,nos,nos,INR 1977.00,Cost of Goods Sold,,"Make : YESWEIGH Model : YSC
Max : 50kg e:5g Min:100g
Class : III",Inventory Asset,,fifo,,,,,,0.00,Inventory,true,true,true,false,false,false,,,,,,,,false,,1
99381000005463762,CHICKEN SCALE 50KG MS,CSM50,,,,,false,,,84239010,FALSE,"Make : YESWEIGH Model : YSC
Max : 50kg e:5g Min:100g
Class : III",INR 2350.00,INR 5875.00,Sales,,6.00,31.00,31.00,26.00,cm,kg,,true,,,goods,CHICKEN SCALE 50KG MS,"Make : YESWEIGH Model : YSC
Max : 50kg e:5g Min:100g
Class : III",,,,,,,,,GST18,18.000000,Group,IGST18,18.000000,Simple,1,,,Active,nos,nos,INR 1977.00,Cost of Goods Sold,,"Make : YESWEIGH Model : YSC
Max : 50kg e:5g Min:100g
Class : III",Inventory Asset,,fifo,,,,,,1.00,Inventory,true,true,true,false,false,false,,,,,,,,false,,1
99381000005469015,Loadcell Cable Roll,LCCABLE,,,,,false,,,84239020,FALSE,,INR 1500.00,INR 3750.00,Sales,,0.00,0.00,0.00,0.00,,,,true,,,goods,Loadcell Cable Roll,,,,,,,,,,GST18,18.000000,Group,IGST18,18.000000,Simple,1,,,Inactive,nos,nos,INR 1250.00,Cost of Goods Sold,,,Inventory Asset,,fifo,,,,,,0.00,Inventory,true,true,true,false,false,false,,,,,,,,false,,
99381000005469049,4 Pin Metal Connector,4PINC,,,,,false,,,84239020,FALSE,,INR 28.00,INR 137.50,Sales,,0.00,0.00,0.00,0.00,cm,kg,,true,,,goods,4 Pin Metal Connector,,,,,,,,GENERIC SPARE PARTS,,GST18,18.000000,Group,IGST18,18.000000,Simple,1,,,Active,nos,nos,INR 19.00,Cost of Goods Sold,,,Inventory Asset,,fifo,,,,,,350.00,Inventory,true,true,true,false,false,false,,,,,,,,false,,
99381000005590121,Indicator,IND202,,,,,false,,,84239020,FALSE,Display : Green,INR 1200.00,INR 3800.00,Sales,,0.00,0.00,0.00,0.00,cm,kg,,true,,,goods,KITCHEN SCALE 5Kg,Display : Green,,,,,,,WEIGHING INDICATORS,,GST18,18.000000,Group,IGST18,18.000000,Simple,1,,,Active,nos,nos,INR 699.00,Cost of Goods Sold,,Display : Green,Inventory Asset,,fifo,,,,,,0.00,Inventory,true,true,true,false,false,false,,,,,,,,false,,
99381000005611792,Platform Scale 40x50,PF4050SS,,,,,false,,,84238290,FALSE,"Make:YESWEIGH Model : YSP PC
Max : 100kg  e: 10g Min :200gm
Class: III",INR 6700.00,INR 13000.00,Sales,,13.00,70.00,40.00,15.00,cm,kg,,true,,,goods,Platform Weighing Scale-Normal Indicator,"Make:YESWEIGH Model : YSP PC
Max : 100kg  e: 10g Min :200gm
Class: III",,,,,,,WEIGHING SCALE IMPORT,,GST18,18.000000,Group,IGST18,18.000000,Simple,1,,,Active,nos,nos,INR 5150.00,Cost of Goods Sold,,"Make:YESWEIGH Model : YSP PC
Max : 100kg  e: 10g Min :200gm
Class: III",Inventory Asset,,fifo,,,,,,2.00,Inventory,true,true,true,false,false,false,,,,,,,,false,,1
99381000005650001,Motherboard PF PC(Q),MPPQ,,,,,false,,,84239020,FALSE,,INR 180.00,INR 450.00,Sales,,0.00,0.00,0.00,0.00,cm,kg,,true,,,goods,Motherboard PF PC(Q),,,,,,,,,,GST18,18.000000,Group,IGST18,18.000000,Simple,1,,,Active,nos,nos,INR 118.00,Cost of Goods Sold,,,Inventory Asset,,fifo,,,,,,107.00,Inventory,true,true,true,false,false,false,,,,,,,,false,,
99381000005650016,Li Battery Adaptor,QPFPC010,,,,,false,,,84239020,FALSE,,INR 90.00,,Sales,,0.00,0.00,0.00,0.00,,,,true,,,goods,Li Battery Adaptor,,,,,,,,,,GST18,18.000000,Group,IGST18,18.000000,Simple,1,,,Inactive,nos,nos,INR 40.00,Cost of Goods Sold,,,Inventory Asset,,fifo,,,,,,0.00,Inventory,true,true,true,false,false,false,,,,,,,,false,,
99381000005650035,Li Battery,LIBATT,,,,,false,,,84239020,FALSE,,INR 120.00,INR 300.00,Sales,,0.00,0.00,0.00,0.00,cm,kg,,true,,,goods,Li Battery,,,,,,,,,,GST18,18.000000,Group,IGST18,18.000000,Simple,1,,,Active,nos,nos,INR 80.00,Cost of Goods Sold,,,Inventory Asset,,fifo,,,,,,85.00,Inventory,true,true,true,false,false,false,,,,,,,,false,,
99381000005650050,Bench PLT SMPS,BENCH2,,,,,false,,,84239020,FALSE,,INR 90.00,INR 225.00,Sales,,0.00,0.00,0.00,0.00,,,,true,,,goods,Bench PLT SMPS,,,,,,,,,,GST18,18.000000,Group,IGST18,18.000000,Simple,1,,,Active,nos,nos,INR 32.00,Cost of Goods Sold,,,Inventory Asset,,fifo,,,,,,-12.00,Inventory,true,true,true,false,false,false,,,,,,,,false,,
99381000005661015,Loadcell Cable(Meter),LCCABLEMTR,,,,,false,,,84239020,FALSE,,INR 50.00,INR 125.00,Sales,,0.00,0.00,0.00,0.00,cm,kg,,true,,,goods,Loadcell Cable(Meter),,,,,,,,,,GST18,18.000000,Group,IGST18,18.000000,Simple,1,,,Inactive,m,,INR 13.88,Cost of Goods Sold,,,Inventory Asset,,fifo,,,,,,0.00,Inventory,true,true,true,false,false,false,,,,,,,,false,,
99381000005665005,ECS4W DUST COVER,ECS701,,,,,false,,,84239020,FALSE,,INR 120.00,,Sales,,0.00,0.00,0.00,0.00,cm,kg,,true,,,goods,ECS4W DUST COVER,,,,,,,,,,GST18,18.000000,Group,IGST18,18.000000,Simple,1,,,Active,nos,nos,INR 40.00,Cost of Goods Sold,,,Inventory Asset,,fifo,,,,,,20.00,Inventory,true,true,true,false,false,false,,,,,,,,false,,
99381000005665020,ECS4W WEIGH PAN,ECS702,,,,,false,,,84239020,FALSE,,INR 400.00,,Sales,,0.00,0.00,0.00,0.00,,,,true,,,goods,ECS4W WEIGH PAN,,,,,,,,,,GST18,18.000000,Group,IGST18,18.000000,Simple,1,,,Active,nos,nos,INR 275.00,Cost of Goods Sold,,,Inventory Asset,,fifo,,,,,,1.00,Inventory,true,true,true,false,false,false,,,,,,,,false,,
99381000005665035,ECS4W FRONT AND BACK DISPLAY STICKER,ECS703,,,,,false,,,84239020,FALSE,,INR 125.00,,Sales,,0.00,0.00,0.00,0.00,,,,true,,,goods,ECS4W FRONT AND BACK DISPLAY STICKER,,,,,,,,,,GST18,18.000000,Group,IGST18,18.000000,Simple,1,,,Active,nos,nos,INR 75.00,Cost of Goods Sold,,,Inventory Asset,,fifo,,,,,,18.00,Inventory,true,true,true,false,false,false,,,,,,,,false,,
99381000005665050,MOTHERBOARD - TMA - Wifi,Q8623,,,,,false,,,84239020,FALSE,,INR 7400.00,,Sales,,0.00,0.00,0.00,0.00,cm,kg,,true,,,goods,MOTHERBOARD - TMA - Wifi,,,,,,,,,,GST18,18.000000,Group,IGST18,18.000000,Simple,1,,,Active,nos,nos,INR 6475.00,Cost of Goods Sold,,,Inventory Asset,,fifo,,,,,,12.00,Inventory,true,true,true,false,false,false,,,,,,,,false,,
99381000005707114,PRC CKN Display and Keypad Unit,PCDAKU,,,,,false,,,84239020,FALSE,,INR 255.00,INR 637.50,Sales,,0.00,0.00,0.00,0.00,,,,true,,,goods,PRC CKN Display and Keypad Unit,,,,,,,,,,GST18,18.000000,Group,IGST18,18.000000,Simple,1,,,Active,nos,nos,INR 195.00,Cost of Goods Sold,,,Inventory Asset,,fifo,,,,,,88.00,Inventory,true,true,true,false,false,false,,,,,,,,false,,
99381000005707129,Front and Back Display((Red) PFPC(Q),FABDRP,,,,,false,,,84239020,FALSE,,INR 320.00,INR 800.00,Sales,,0.00,0.00,0.00,0.00,cm,kg,,true,,,goods,Front and Back Display((Red) PFPC(Q),,,,,,,,,,GST18,18.000000,Group,IGST18,18.000000,Simple,1,,,Active,nos,nos,INR 235.00,Cost of Goods Sold,,,Inventory Asset,,fifo,,,,,,111.00,Inventory,true,true,true,false,false,false,,,,,,,,false,,
99381000005707144,Keypad PFPC(Q),KEYPA3,,,,,false,,,84239020,FALSE,,INR 120.00,INR 300.00,Sales,,0.00,0.00,0.00,0.00,,,,true,,,goods,Keypad PFPC(Q),,,,,,,,,,GST18,18.000000,Group,IGST18,18.000000,Simple,1,,,Active,nos,nos,INR 78.00,Cost of Goods Sold,,,Inventory Asset,,fifo,,,,,,131.00,Inventory,true,true,true,false,false,false,,,,,,,,false,,
99381000005707159,Head Cover Top and Base PF PC(Q),HCTABP,,,,,false,,,84239020,FALSE,,INR 255.00,INR 637.50,Sales,,0.00,0.00,0.00,0.00,,,,true,,,goods,Head Cover Top and Base PF PC(Q),,,,,,,,,,GST18,18.000000,Group,IGST18,18.000000,Simple,1,,,Active,nos,nos,INR 195.00,Cost of Goods Sold,,,Inventory Asset,,fifo,,,,,,10.00,Inventory,true,true,true,false,false,false,,,,,,,,false,,
99381000005707174,Front and Back Display(Green) PFPC(Q),FABDGP,,,,,false,,,84239020,FALSE,,INR 385.00,INR 962.50,Sales,,0.00,0.00,0.00,0.00,cm,kg,,true,,,goods,Front and Back Display(Green) PFPC(Q),,,,,,,,,,GST18,18.000000,Group,IGST18,18.000000,Simple,1,,,Active,nos,nos,INR 312.00,Cost of Goods Sold,,,Inventory Asset,,fifo,,,,,,131.00,Inventory,true,true,true,false,false,false,,,,,,,,false,,
99381000005769418,PRICE COMPUTING INDICATOR,PRCIND,,,,,false,,,84239020,FALSE,,INR 1200.00,INR 3000.00,Sales,,0.00,0.00,0.00,0.00,,,,true,,,goods,PRICE COMPUTING INDICATOR,,,,,,,,,,GST18,18.000000,Group,IGST18,18.000000,Simple,1,,,Inactive,nos,nos,INR 900.00,Cost of Goods Sold,,,Inventory Asset,,,,,,,,,Sales and Purchases,true,true,false,false,false,false,,,,,,,,false,,
99381000005806013,Q9LBL Printer GearSet,Q9715,,,,,false,,,84239020,FALSE,,INR 390.00,INR 975.00,Sales,,0.00,0.00,0.00,0.00,cm,kg,,true,,,goods,Q9LBL Printer GearSet,,,,,,,,,,GST18,18.000000,Group,IGST18,18.000000,Simple,1,,,Active,nos,nos,INR 315.00,Cost of Goods Sold,,,Inventory Asset,,fifo,,,,,,49.00,Inventory,true,true,true,false,false,false,,,,,,,,false,,
99381000005850155,Q9LBL Wifi module (old),Q9LBLWIFI,,,,,false,,,84239020,FALSE,,INR 1480.00,INR 3700.00,Sales,,0.00,0.00,0.00,0.00,cm,kg,,true,,,goods,Q9LBL Wifi module (old),,,,,,,,,,GST18,18.000000,Group,IGST18,18.000000,Simple,1,,,Inactive,nos,nos,INR 1250.00,Cost of Goods Sold,,,Inventory Asset,,fifo,,,,,,0.00,Inventory,true,true,true,false,false,false,,,,,,,,false,,
99381000005898921,PLATFORM SCALE,PLATFO,,,,,true,,,84238290,FALSE,"Make: YESWEIGH Model: YSP PC
Capacity :50kg/5g Size : 30*34 
Display : Green",INR 2400.00,INR 6000.00,Sales,,0.00,0.00,0.00,0.00,cm,kg,,true,,,goods,PLATFORM SCALE,"Make: YESWEIGH Model: YSP PC
Capacity :50kg/5g Size : 30*34 
Display : Green",,,,,,,,,GST18,18.000000,Group,IGST18,18.000000,Simple,1,,,Inactive,nos,nos,INR 2061.00,Cost of Goods Sold,,"Make: YESWEIGH Model: YSP PC
Capacity :50kg/5g Size : 30*34 
Display : Green",Inventory Asset,,fifo,,,,,,1.00,Inventory,true,true,true,false,false,false,,,,,,,,false,,
99381000005898930,PLATFORM SCALES -ECONOMICS,BENCHECONOMIC,,,,,false,,,84238290,FALSE,"Capacity : 50kg/5g Size : 30*34 cm
Foldable and Carbon steel platform
Display : Red",INR 1950.00,INR 4875.00,Sales,,0.00,0.00,0.00,0.00,,,,true,,,goods,PLATFORM SCALES -ECONOMICS,"Capacity : 50kg/5g Size : 30*34 cm
Foldable and Carbon steel platform
Display : Red",,,,,,,,,GST18,18.000000,Group,IGST18,18.000000,Simple,1,,,Inactive,nos,nos,INR 1500.00,Cost of Goods Sold,,"Capacity : 50kg/5g Size : 30*34 cm
Foldable and Carbon steel platform
Display : Red",Inventory Asset,,fifo,,,,,,0.00,Inventory,true,true,true,false,false,false,,,,,,,,false,,
99381000005907086,ELECTRONIC WEIGHING SCALE 600.81g/10mg,JW600,,,,,false,,,84238190,FALSE,Capacity : 600.81g/10mg Display : Green,INR 3400.00,INR 8500.00,Sales,,2.00,24.00,33.00,16.00,cm,kg,,true,,,goods,ELECTRONIC WEIGHING SCALE 600.81g/10mg,Capacity : 600.81g/10mg Display : Green,,,,,,,,,GST18,18.000000,Group,IGST18,18.000000,Simple,1,,,Inactive,nos,nos,INR 2611.00,Cost of Goods Sold,,Capacity : 600.81g/10mg Display : Green,Inventory Asset,,fifo,,,,,,0.00,Inventory,true,true,true,false,false,false,,,,,,,,false,,1
99381000005907101,ELECTRONIC WEIGHING SCALE 2000.81g/10mg,JW2000,,,,,false,,,84238190,FALSE,Capacity : 2000.81g/10mg Display : Green,INR 4900.00,INR 12250.00,Sales,,3.00,24.00,33.00,16.00,cm,kg,,true,,,goods,ELECTRONIC WEIGHING SCALE 2000.81g/10mg,Capacity : 2000.81g/10mg Display : Green,,,,,,,,,GST18,18.000000,Group,IGST18,18.000000,Simple,1,,,Inactive,nos,nos,INR 3134.00,Cost of Goods Sold,,Capacity : 2000.81g/10mg Display : Green,Inventory Asset,,fifo,,,,,,0.00,Inventory,true,true,true,false,false,false,,,,,,,,false,,1
99381000005907116,IRON SEALING MACHINE 20CM,SM20,,,,,false,,,84223000,FALSE,,INR 990.00,,Sales,,18.00,54.00,35.00,36.00,cm,kg,,true,,,goods,IRON SEALING MACHINE 20CM,,,,,,,,,,GST18,18.000000,Group,IGST18,18.000000,Simple,1,,,Inactive,nos,nos,INR 738.00,Cost of Goods Sold,,,Inventory Asset,,fifo,,,,,,0.00,Inventory,true,true,true,false,false,false,,,,,,,,false,,10
99381000005907131,IRON SEALING MACHINE 30CM,SM30,,,,,false,,,84223000,FALSE,,INR 1290.00,INR 3225.00,Sales,,26.00,57.00,49.00,39.00,cm,kg,,true,,,goods,IRON SEALING MACHINE 30CM,,,,,,,,,,GST18,18.000000,Group,IGST18,18.000000,Simple,1,,,Inactive,nos,nos,INR 925.00,Cost of Goods Sold,,,Inventory Asset,,fifo,,,,,,0.00,Inventory,true,true,true,false,false,false,,,,,,,,false,,10
99381000005950196,Q9LBL Printer Roller,Q9716,,,,,false,,,84239020,FALSE,,INR 365.00,INR 600.00,Sales,,0.00,0.00,0.00,0.00,cm,kg,,true,,,goods,Q9LBL Printer Roller,,,,,,,,,,GST18,18.000000,Group,IGST18,18.000000,Simple,1,,,Active,nos,nos,INR 269.00,Cost of Goods Sold,,,Inventory Asset,,fifo,,,,,,11.00,Inventory,true,true,true,false,false,false,,,,,,,,false,,
99381000005950275,ECS5W Pan support Leg,ECS827,,,,,false,,,84239020,FALSE,,INR 60.00,,Sales,,0.00,0.00,0.00,0.00,,,,true,,,goods,ECS5W Pan support Leg,,,,,,,,,,GST18,18.000000,Group,IGST18,18.000000,Simple,1,,,Active,nos,nos,INR 40.00,Cost of Goods Sold,,,Inventory Asset,,fifo,,,,,,0.00,Inventory,true,true,true,false,false,false,,,,,,,,false,,
99381000005997073,Government Stamping Fee / Expense for 15kg,SF15,,,,,false,,,76061190,FALSE,,INR 320.00,INR 800.00,Sales,,0.00,0.00,0.00,0.00,cm,kg,,true,,,goods,Government Stamping Fee / Expense for 15kg,,,,,,,,,,GST18,18.000000,Group,IGST18,18.000000,Simple,1,,,Inactive,nos,nos,INR 170.00,Cost of Goods Sold,,,Inventory Asset,,fifo,,,,,,0.00,Inventory,true,true,true,false,false,false,,,,,,,,false,,
99381000006107202,DIGIT WITH DECIMAL,BGC210,,,,,false,,,84239020,FALSE,,INR 12.00,,Sales,,0.00,0.00,0.00,0.00,cm,kg,,true,,,goods,DIGIT WITH DECIMAL,,,,,,,,,,GST18,18.000000,Group,IGST18,18.000000,Simple,1,,,Active,nos,nos,INR 5.00,Cost of Goods Sold,,,Inventory Asset,,fifo,,,,,,970.00,Inventory,true,true,true,false,false,false,,,,,,,,false,,
99381000006107217,DIGIT WITHOUT DECIMAL DECIMAL (GREEN),BGC211,,,,,false,,,84239020,FALSE,,INR 10.00,,Sales,,0.00,0.00,0.00,0.00,cm,kg,,true,,,goods,DIGIT WITHOUT DECIMAL DECIMAL (GREEN),,,,,,,,,,GST18,18.000000,Group,IGST18,18.000000,Simple,1,,,Active,nos,nos,INR 4.00,Cost of Goods Sold,,,Inventory Asset,,fifo,,,,,,177.00,Inventory,true,true,true,false,false,false,,,,,,,,false,,
99381000006107232,PAN BENCH 300x340,BGC212,,,,,false,,,84239020,FALSE,,INR 280.00,INR 700.00,Sales,,0.00,0.00,0.00,0.00,cm,kg,,true,,,goods,PAN BENCH 300x340,,,,,,,,,,GST18,18.000000,Group,IGST18,18.000000,Simple,1,,,Active,nos,nos,INR 152.00,Cost of Goods Sold,,,Inventory Asset,,fifo,,,,,,4.00,Inventory,true,true,true,false,false,false,,,,,,,,false,,
99381000006107247,Plastic Housing Keyboard(OEM Bench),BGC213,,,,,false,,,84239020,FALSE,,INR 25.00,,Sales,,0.00,0.00,0.00,0.00,,,,true,,,goods,Plastic Housing Keyboard(OEM Bench),,,,,,,,,,GST18,18.000000,Group,IGST18,18.000000,Simple,1,,,Active,nos,nos,INR 12.00,Cost of Goods Sold,,,Inventory Asset,,fifo,,,,,,12.00,Inventory,true,true,true,false,false,false,,,,,,,,false,,
99381000006112011,PRICE COMPUTING INDICATOR.,PRCIND2,,,,,false,,,84239020,FALSE,,INR 1200.00,INR 3000.00,Sales,,0.00,0.00,0.00,0.00,cm,kg,,true,,,goods,PRICE COMPUTING SCALE - WHITE - EC(AY),,,,,,,,WEIGHING INDICATORS,,GST18,18.000000,Group,IGST18,18.000000,Simple,1,,,Active,nos,nos,INR 900.00,Cost of Goods Sold,,,Inventory Asset,,fifo,,,,,,34.00,Inventory,true,true,true,false,false,false,,,,,,,,false,,
99381000006174108,LABEL PRINTING SCALE Q10,Q10LBL,,,,,false,,,84238190,FALSE,"Make: YESWEIGH Model: YS LBL
Max: 30kg e:5g Min: 100g",INR 17500.00,INR 32000.00,Sales,,12.00,48.00,29.00,54.00,cm,kg,,true,,,goods,KITCHEN SCALE 5Kg,"Make: YESWEIGH Model: YS LBL
Max: 30kg e:5g Min: 100g",,,,,,,BILL PRINTING SCALES,,GST18,18.000000,Group,IGST18,18.000000,Simple,1,,,Active,nos,nos,INR 14770.00,Cost of Goods Sold,,"Make: YESWEIGH Model: YS LBL
Max: 30kg e:5g Min: 100g",Inventory Asset,,fifo,,,,,,1.00,Inventory,true,true,true,false,false,false,,,,,,,,false,,1
99381000006174123,Bill Printing scale Q10,ECSQ10,,,,,false,,,84238190,FALSE,Make:YESWEIGH Model:YS-30 Max:30kg e:5g Min:100g Class:III,INR 15500.00,INR 30000.00,Sales,,0.00,0.00,0.00,0.00,cm,kg,,true,,,goods,Bill Printing scale Q10POS,Make:YESWEIGH Model:YS-30 Max:30kg e:5g Min:100g Class:III,,,,,,,BILL PRINTING SCALES,,GST18,18.000000,Group,IGST18,18.000000,Simple,1,,,Inactive,nos,nos,INR 12095.00,Cost of Goods Sold,,Make:YESWEIGH Model:YS-30 Max:30kg e:5g Min:100g Class:III,Inventory Asset,,fifo,,,,,,0.00,Inventory,true,true,true,false,false,false,,,,,,,,false,,
99381000006174164,Label printing scale,HGLBL,,,,,false,,,84238190,FALSE,Capacity : 30kg/5g,INR 32500.00,INR 55000.00,Sales,,10.00,49.00,36.00,48.00,cm,kg,,true,,,goods,KITCHEN SCALE 5Kg,Capacity : 30kg/5g,,,,,,,BILL PRINTING SCALES,,GST18,18.000000,Group,IGST18,18.000000,Simple,1,,,Active,nos,nos,INR 25786.00,Cost of Goods Sold,,Capacity : 30kg/5g,Inventory Asset,,fifo,,,,,,0.00,Inventory,true,true,true,false,false,false,,,,,,,,false,,1
99381000006174179,PALLET SCALE,PSC,,,,,false,,,84238190,FALSE,Capacity : 2.5T/0.5kg,INR 25500.00,INR 49000.00,Sales,,90.00,133.00,70.00,58.00,cm,kg,,true,,,goods,PLATFORM SCALE -BENCH (G-QZ1),,,,,,,,INDUSTRIAL SCALES,,GST18,18.000000,Group,IGST18,18.000000,Simple,1,,,Active,nos,nos,INR 17172.00,Cost of Goods Sold,,Capacity : 2.5T/0.5kg,Inventory Asset,,fifo,,,,,,1.00,Inventory,true,true,true,false,false,false,,,,,,,,false,,1
99381000006174206,PLATFORM SCALE - BENCH(O),YS50GO,,,,,false,,,84238190,FALSE,Max:50kg e:5g Min:100g Class:III,INR 2400.00,INR 6000.00,Sales,,28.00,60.00,33.00,66.00,cm,kg,,true,,,goods,PLATFORM SCALE - BENCH(O),Max:50kg e:5g Min:100g Class:III,,,,,,,,,GST18,18.000000,Group,IGST18,18.000000,Simple,1,,,Inactive,nos,nos,INR 1776.00,Cost of Goods Sold,,Max:50kg e:5g Min:100g Class:III,Inventory Asset,,fifo,,,,,,1.00,Inventory,true,true,true,false,false,false,,,,,,,,false,,4
99381000006175144,PLATFORM SCALE (GGP),DY5030GGP,,,,,false,,,84238190,FALSE,,INR 1400.00,INR 3500.00,Sales,,0.00,0.00,0.00,0.00,,,,true,,,goods,PLATFORM SCALE (GGP),,,,,,,,,,GST18,18.000000,Group,IGST18,18.000000,Simple,1,,,Inactive,nos,nos,INR 1080.00,Cost of Goods Sold,,,Inventory Asset,,fifo,,,,,,0.00,Inventory,true,true,true,false,false,false,,,,,,,,false,,
99381000006175159,Bench Scale Black  MS,BY5039,,,,,false,,,84238290,FALSE,"Size : 30*34 Max: 50kg e: 5g
Dual display, LED RED display,Foldable platform",INR 1950.00,INR 3900.00,Sales,,22.00,71.00,40.00,36.00,cm,kg,,true,,,goods,ECONOMIC BENCH MS,"Size : 30*34 Max: 50kg e: 5g
Dual display, LED RED display,Foldable platform",,,,,,,WEIGHING SCALE IMPORT,,GST18,18.000000,Group,IGST18,18.000000,Simple,1,,,Active,nos,nos,INR 1508.00,Cost of Goods Sold,,"Size : 30*34 Max: 50kg e: 5g
Dual display, LED RED display,Foldable platform",Inventory Asset,,fifo,,,,,,61.00,Inventory,true,true,true,false,false,false,,,,,,,,false,,4
99381000006175184,FLOOR SCALE WITH INDICATOR,DY8037,,,,,false,,,84239020,FALSE,Make: YES WEIGH Model:YSP-1000 Max:1000kg e:100g Min:2kg Class:III,INR 12800.00,INR 32000.00,Sales,,0.00,0.00,0.00,0.00,,,,true,,,goods,FLOOR SCALE WITH INDICATOR,Make: YES WEIGH Model:YSP-1000 Max:1000kg e:100g Min:2kg Class:III,,,,,,,,,GST18,18.000000,Group,IGST18,18.000000,Simple,1,,,Inactive,nos,nos,INR 9071.00,Cost of Goods Sold,,Make: YES WEIGH Model:YSP-1000 Max:1000kg e:100g Min:2kg Class:III,Inventory Asset,,fifo,,,,,,0.00,Inventory,true,true,true,false,false,false,,,,,,,,false,,
99381000006246147,Government Stamping Fee /Expense for 150Kg,SF150,,,,,false,,,998729,FALSE,,INR 485.00,INR 1212.50,Sales,,0.00,0.00,0.00,0.00,,,,true,,,goods,Government Stamping Fee /Expense for 150Kg,,,,,,,,,,GST18,18.000000,Group,IGST18,18.000000,Simple,1,,,Inactive,nos,nos,INR 335.00,Cost of Goods Sold,,,Inventory Asset,,fifo,,,,,,0.00,Inventory,true,true,true,false,false,false,,,,,,,,false,,
99381000006252159,PORTABLE SCALE 30X34,PS3034,,,,,false,,,84238190,FALSE,"Make : YESWEIGH Model : YSC
Max : 50kg e:5g Min:100g
Class : III Size : 300x340 mm Display :F & B Green 2pin Adaptor",INR 2200.00,INR 5500.00,Sales,,0.00,0.00,0.00,0.00,cm,kg,,true,,,goods,PORTABLE SCALE 30X34,"Make : YESWEIGH Model : YSC
Max : 50kg e:5g Min:100g
Class : III Size : 300x340 mm Display :F & B Green 2pin Adaptor",,,,,,,WEIGHING SCALE IMPORT,,GST18,18.000000,Group,IGST18,18.000000,Simple,1,,,Active,nos,nos,INR 1643.00,Cost of Goods Sold,,"Make : YESWEIGH Model : YSC
Max : 50kg e:5g Min:100g
Class : III Size : 300x340 mm Display : F & B Green 2pin Adaptor",Inventory Asset,,fifo,,,,,,0.00,Inventory,true,true,true,false,false,false,,,,,,,,false,,
99381000006252186,PRICE COMPUTING SCALE WITH POLE-BT,APCBTQ,,,,,false,,,84238190,FALSE,"Make :YESWEIGH Model: YSP -30 
Max :30kg e :5g
Display :Green, Bluetooth,Inbuilt printer,ATM Keypad, size : 230x330 mm",INR 5330.00,INR 13325.00,Sales,,0.00,0.00,0.00,0.00,cm,kg,,true,,,goods,PRICE COMPUTING SCALE WITH POLE-BT,"Make :YESWEIGH Model: YSP -30 
Max :30kg e :5g
Display :Green, Bluetooth,Inbuilt printer,ATM Keypad, size : 230x330 mm",,,,,,,BILL PRINTING SCALES,,GST18,18.000000,Group,IGST18,18.000000,Simple,1,,,Inactive,nos,nos,INR 4100.00,Cost of Goods Sold,,"Make :YESWEIGH Model: YSP -30 Model approval No: IND/09/20/23
Max :30kg e :5g
Display :Green, Bluetooth,Inbuilt printer,ATM Keypad, size : 230x330 mm",Inventory Asset,,fifo,,,,,,1.00,Inventory,true,true,true,false,false,false,,,,,,,,false,,
99381000006252209,PLATFORM PRICE COMPUTING SCALE -BT,BPCBTQ,,,,,false,,,84238190,FALSE,"Make :YESWEIGH Model: YSP PC Max :50kg e :5g Display :Green, Bluetooth,Inbuilt printer,ATM Keypad, Loadcell protection cover size : 300x340 mm",INR 5500.00,INR 13750.00,Sales,,0.00,0.00,0.00,0.00,,,,true,,,goods,PLATFORM PRICE COMPUTING SCALE -BT,"Make :YESWEIGH Model: YSP PC Max :50kg e :5g Display :Green, Bluetooth,Inbuilt printer,ATM Keypad, Loadcell protection cover size : 300x340 mm",,,,,,,,,GST18,18.000000,Group,IGST18,18.000000,Simple,1,,,Inactive,nos,nos,INR 4300.00,Cost of Goods Sold,,"Make :YESWEIGH Model: YSP PC Max :50kg e :5g Display :Green, Bluetooth,Inbuilt printer,ATM Keypad, Loadcell protection cover size : 300x340 mm",Inventory Asset,,fifo,,,,,,0.00,Inventory,true,true,true,false,false,false,,,,,,,,false,,
99381000006252224,Platform Scale 50x55,PF5055,,,,,false,,,84238190,FALSE,"Make : YESWEIGH Model:YSP PC
Max:300 kg e: 50gm Min:1kg Class III
Full SS,Green Display,Pan size : 500x500 mm 3pin CPU power cable, Loadcell protection cover",INR 4700.00,INR 8000.00,Sales,,0.00,0.00,0.00,0.00,cm,kg,,true,,,goods,PLATFORM SCALE 500X550-SS,"Make : YESWEIGH Model:YSP PC
Max:300 kg e: 50gm Min:1kg Class III
Full SS,Green Display,Pan size : 500x500 mm 3pin CPU power cable, Loadcell protection cover",,,,,,,WEIGHING SCALE IMPORT,,GST18,18.000000,Group,IGST18,18.000000,Simple,1,,,Active,nos,nos,INR 3754.00,Cost of Goods Sold,,"Make : YESWEIGH Model:YSP PC
Max:300 kg e: 50gm Min:1kg Class III
Full SS,Green Display,Pan size : 500x500 mm 3pin CPU power cable, Loadcell protection cover",Inventory Asset,,fifo,,,,,,2.00,Inventory,true,true,true,false,false,false,,,,,,,,false,,
99381000006246614,Q10 ECS/LBL FRONT DISPLAY,QELFD1,,,,,false,,,84239020,FALSE,,INR 2980.00,INR 7450.00,Sales,,0.00,0.00,0.00,0.00,cm,kg,,true,,,goods,Q10 ECS/LBL FRONT DISPLAY,,,,,,,,,,GST18,18.000000,Group,IGST18,18.000000,Simple,1,,,Active,nos,nos,INR 2400.00,Cost of Goods Sold,,,Inventory Asset,,fifo,,,,,,6.00,Inventory,true,true,true,false,false,false,,,,,,,,false,,
99381000006246629,Q10 LBL FRONT DISPLAY LCD,QLFDL1,,,,,false,,,84239020,FALSE,,INR 1040.00,INR 2600.00,Sales,,0.00,0.00,0.00,0.00,,,,true,,,goods,Q10 LBL FRONT DISPLAY LCD,,,,,,,,,,GST18,18.000000,Group,IGST18,18.000000,Simple,1,,,Active,nos,nos,INR 800.00,Cost of Goods Sold,,,Inventory Asset,,fifo,,,,,,9.00,Inventory,true,true,true,false,false,false,,,,,,,,false,,
99381000006246644,Q10 LBL BACK DISPLAY,QLBD10,,,,,false,,,84239020,FALSE,,INR 1040.00,INR 2600.00,Sales,,0.00,0.00,0.00,0.00,,,,true,,,goods,Q10 LBL BACK DISPLAY,,,,,,,,,,GST18,18.000000,Group,IGST18,18.000000,Simple,1,,,Active,nos,nos,INR 800.00,Cost of Goods Sold,,,Inventory Asset,,fifo,,,,,,8.00,Inventory,true,true,true,false,false,false,,,,,,,,false,,
99381000006246659,Q10 LBL KEYPAD,QLK10,,,,,false,,,84239020,FALSE,,INR 1040.00,INR 2600.00,Sales,,0.00,0.00,0.00,0.00,,,,true,,,goods,Q10 LBL KEYPAD,,,,,,,,,,GST18,18.000000,Group,IGST18,18.000000,Simple,1,,,Active,nos,nos,INR 800.00,Cost of Goods Sold,,,Inventory Asset,,fifo,,,,,,10.00,Inventory,true,true,true,false,false,false,,,,,,,,false,,
99381000006246674,Q10 LBL SILICON PAD,QLSP10,,,,,false,,,84239020,FALSE,,INR 208.00,INR 520.00,Sales,,0.00,0.00,0.00,0.00,,,,true,,,goods,Q10 LBL SILICON PAD,,,,,,,,,,GST18,18.000000,Group,IGST18,18.000000,Simple,1,,,Active,nos,nos,INR 160.00,Cost of Goods Sold,,,Inventory Asset,,fifo,,,,,,5.00,Inventory,true,true,true,false,false,false,,,,,,,,false,,
99381000006246709,Q10 LBL POLE WITH STAND,QLPWS1,,,,,false,,,84239020,FALSE,,INR 728.00,INR 1820.00,Sales,,0.00,0.00,0.00,0.00,,,,true,,,goods,Q10 LBL POLE WITH STAND,,,,,,,,,,GST18,18.000000,Group,IGST18,18.000000,Simple,1,,,Active,nos,nos,INR 560.00,Cost of Goods Sold,,,Inventory Asset,,fifo,,,,,,2.00,Inventory,true,true,true,false,false,false,,,,,,,,false,,
99381000006246724,HAG DISPLAY SET,HAG001,,,,,false,,,84239020,FALSE,,INR 3120.00,,Sales,,0.00,0.00,0.00,0.00,,,,true,,,goods,HAG DISPLAY SET,,,,,,,,,,GST18,18.000000,Group,IGST18,18.000000,Simple,1,,,Active,nos,nos,INR 2400.00,Cost of Goods Sold,,,Inventory Asset,,fifo,,,,,,2.00,Inventory,true,true,true,false,false,false,,,,,,,,false,,
99381000006246739,HAG KEYPAD,HAG002,,,,,false,,,84239020,FALSE,,INR 208.00,,Sales,,0.00,0.00,0.00,0.00,,,,true,,,goods,HAG KEYPAD,,,,,,,,,,GST18,18.000000,Group,IGST18,18.000000,Simple,1,,,Active,nos,nos,INR 160.00,Cost of Goods Sold,,,Inventory Asset,,fifo,,,,,,2.00,Inventory,true,true,true,false,false,false,,,,,,,,false,,
99381000006246754,HAG SILICONPAD,HAG003,,,,,false,,,84239020,FALSE,,INR 208.00,,Sales,,0.00,0.00,0.00,0.00,,,,true,,,goods,HAG SILICONPAD,,,,,,,,,,GST18,18.000000,Group,IGST18,18.000000,Simple,1,,,Active,nos,nos,INR 160.00,Cost of Goods Sold,,,Inventory Asset,,fifo,,,,,,2.00,Inventory,true,true,true,false,false,false,,,,,,,,false,,
99381000006246769,Q10 ECS FRONT DISPLAY SET,QEFDS1,,,,,false,,,84239020,FALSE,,INR 1250.00,INR 3125.00,Sales,,0.00,0.00,0.00,0.00,,,,true,,,goods,Q10 ECS FRONT DISPLAY SET,,,,,,,,,,GST18,18.000000,Group,IGST18,18.000000,Simple,1,,,Active,nos,nos,INR 960.00,Cost of Goods Sold,,,Inventory Asset,,fifo,,,,,,7.00,Inventory,true,true,true,false,false,false,,,,,,,,false,,
99381000006246784,Q10 ECS BACK DISPLAY,QEBD10,,,,,false,,,84239020,FALSE,,INR 350.00,INR 875.00,Sales,,0.00,0.00,0.00,0.00,,,,true,,,goods,Q10 ECS BACK DISPLAY,,,,,,,,,,GST18,18.000000,Group,IGST18,18.000000,Simple,1,,,Active,nos,nos,INR 240.00,Cost of Goods Sold,,,Inventory Asset,,fifo,,,,,,7.00,Inventory,true,true,true,false,false,false,,,,,,,,false,,
99381000006246819,Q10 ECS KEYPAD,QEK10,,,,,false,,,84239020,FALSE,,INR 1040.00,INR 2600.00,Sales,,0.00,0.00,0.00,0.00,,,,true,,,goods,Q10 ECS KEYPAD,,,,,,,,,,GST18,18.000000,Group,IGST18,18.000000,Simple,1,,,Active,nos,nos,INR 800.00,Cost of Goods Sold,,,Inventory Asset,,fifo,,,,,,5.00,Inventory,true,true,true,false,false,false,,,,,,,,false,,
99381000006246834,Q10 ECS SILICON PAD,QESP10,,,,,false,,,84239020,FALSE,,INR 208.00,INR 520.00,Sales,,0.00,0.00,0.00,0.00,,,,true,,,goods,Q10 ECS SILICON PAD,,,,,,,,,,GST18,18.000000,Group,IGST18,18.000000,Simple,1,,,Active,nos,nos,INR 160.00,Cost of Goods Sold,,,Inventory Asset,,fifo,,,,,,5.00,Inventory,true,true,true,false,false,false,,,,,,,,false,,
99381000006246849,Q10 ECS POLE WITH HOLDER,QEPWH1,,,,,false,,,84239020,FALSE,,INR 208.00,INR 520.00,Sales,,0.00,0.00,0.00,0.00,,,,true,,,goods,Q10 ECS POLE WITH HOLDER,,,,,,,,,,GST18,18.000000,Group,IGST18,18.000000,Simple,1,,,Inactive,nos,nos,INR 160.00,Cost of Goods Sold,,,Inventory Asset,,fifo,,,,,,0.00,Inventory,true,true,true,false,false,false,,,,,,,,false,,
99381000006246864,ECS 5W PRINTER PAPER-CUTTER PART,ECS830,,,,,false,,,84239020,FALSE,,INR 170.00,INR 425.00,Sales,,0.00,0.00,0.00,0.00,cm,kg,,true,,,goods,ECS 5W PRINTER PAPER-CUTTER PART,,,,,,,,,,GST18,18.000000,Group,IGST18,18.000000,Simple,1,,,Active,nos,nos,INR 119.00,Cost of Goods Sold,,,Inventory Asset,,fifo,,,,,,13.00,Inventory,true,true,true,false,false,false,,,,,,,,false,,
99381000006246879,BENCH PC GREEN FRONT&BACK DISPLAY,BPGFBD,,,,,false,,,84239020,FALSE,,INR 260.00,INR 650.00,Sales,,0.00,0.00,0.00,0.00,,,,true,,,goods,BENCH PC GREEN FRONT&BACK DISPLAY,,,,,,,,,,GST18,18.000000,Group,IGST18,18.000000,Simple,1,,,Active,nos,nos,INR 200.00,Cost of Goods Sold,,,Inventory Asset,,fifo,,,,,,27.00,Inventory,true,true,true,false,false,false,,,,,,,,false,,
99381000006246894,BENCH PC GREEN BACK DISPLAY,BPCG002,,,,,false,,,84239020,FALSE,,INR 110.00,INR 275.00,Sales,,0.00,0.00,0.00,0.00,,,,true,,,goods,BENCH PC GREEN BACK DISPLAY,,,,,,,,,,GST18,18.000000,Group,IGST18,18.000000,Simple,1,,,Inactive,nos,nos,INR 80.00,Cost of Goods Sold,,,Inventory Asset,,fifo,,,,,,0.00,Inventory,true,true,true,false,false,false,,,,,,,,false,,
99381000006246909,BENCH PC   GREEN INDICATOR TOP CASE,BPCG003,,,,,false,,,84239020,FALSE,,INR 160.00,INR 400.00,Sales,,0.00,0.00,0.00,0.00,,,,true,,,goods,BENCH PC   GREEN INDICATOR TOP CASE,,,,,,,,,,GST18,18.000000,Group,IGST18,18.000000,Simple,1,,,Inactive,nos,nos,INR 120.00,Cost of Goods Sold,,,Inventory Asset,,fifo,,,,,,0.00,Inventory,true,true,true,false,false,false,,,,,,,,false,,
99381000006246928,BENCH PC   GREEN INDICATOR BOTTOM CASE,BPCG0031,,,,,false,,,84239020,FALSE,,INR 160.00,INR 400.00,Sales,,0.00,0.00,0.00,0.00,,,,true,,,goods,BENCH PC   GREEN INDICATOR BOTTOM CASE,,,,,,,,,,GST18,18.000000,Group,IGST18,18.000000,Simple,1,,,Inactive,nos,nos,INR 120.00,Cost of Goods Sold,,,Inventory Asset,,fifo,,,,,,0.00,Inventory,true,true,true,false,false,false,,,,,,,,false,,
99381000006246943,BENCH PC GREEN KEYPAD,BPGK,,,,,false,,,84239020,FALSE,,INR 130.00,INR 325.00,Sales,,0.00,0.00,0.00,0.00,,,,true,,,goods,BENCH PC GREEN KEYPAD,,,,,,,,,,GST18,18.000000,Group,IGST18,18.000000,Simple,1,,,Active,nos,nos,INR 90.00,Cost of Goods Sold,,,Inventory Asset,,fifo,,,,,,74.00,Inventory,true,true,true,false,false,false,,,,,,,,false,,
99381000006246958,BENCH PC GREEN MAIN BOARD,BPGMB,,,,,false,,,84239020,FALSE,,INR 180.00,INR 450.00,Sales,,0.00,0.00,0.00,0.00,cm,kg,,true,,,goods,BENCH PC GREEN MAIN BOARD,,,,,,,,,,GST18,18.000000,Group,IGST18,18.000000,Simple,1,,,Active,nos,nos,INR 110.00,Cost of Goods Sold,,,Inventory Asset,,fifo,,,,,,152.00,Inventory,true,true,true,false,false,false,,,,,,,,false,,
99381000006409443,Water proof scale AD,DY798,,,,,false,,,84238290,FALSE,"Make: YESWEIGH Model: YSP 30
Max:30kg e:5g Min:100g Class:III",INR 2300.00,INR 6900.00,Sales,,19.00,70.00,38.00,39.00,cm,kg,,true,,,goods,Price Computing scale -W,"Make: YESWEIGH Model: YSP 30
Max:30kg e:5g Min:100g Class:III",,,,,,,WEIGHING SCALE IMPORT,,GST18,18.000000,Group,IGST18,18.000000,Simple,1,,,Active,nos,nos,INR 1727.00,Cost of Goods Sold,,"Make: YESWEIGH Model: YSP 30
Max:20kg e:2g Min:40g Class:III",Inventory Asset,,fifo,,,,,,12.00,Inventory,true,true,true,false,false,false,,,,,,,,false,,5
99381000006435163,BY Display Bench Front and Back (Green LED),BY001,,,,,false,,,84239020,FALSE,,INR 245.00,,Sales,,0.00,0.00,0.00,0.00,,,,true,,,goods,BY Display Bench Front and Back (Green LED),,,,,,,,,,GST18,18.000000,Group,IGST18,18.000000,Simple,1,,,Active,nos,nos,INR 155.80,Cost of Goods Sold,,,Inventory Asset,,fifo,,,,,,46.00,Inventory,true,true,true,false,false,false,,,,,,,,false,,
99381000006435178,BY Display Bench Front and Back (Red LED),BY002,,,,,false,,,84239020,FALSE,,INR 245.00,,Sales,,0.00,0.00,0.00,0.00,,,,true,,,goods,BY Display Bench Front and Back (Red LED),,,,,,,,,,GST18,18.000000,Group,IGST18,18.000000,Simple,1,,,Active,nos,nos,INR 155.80,Cost of Goods Sold,,,Inventory Asset,,fifo,,,,,,702.00,Inventory,true,true,true,false,false,false,,,,,,,,false,,
99381000006435197,BY Display ATMPCP Front and Back (Green LED),BY003,,,,,false,,,84239020,FALSE,,INR 310.00,INR 775.00,Sales,,0.00,0.00,0.00,0.00,,,,true,,,goods,BY Display ATMPCP Front and Back (Green LED),,,,,,,,,,GST18,18.000000,Group,IGST18,18.000000,Simple,1,,,Active,nos,nos,INR 230.00,Cost of Goods Sold,,,Inventory Asset,,fifo,,,,,,113.00,Inventory,true,true,true,false,false,false,,,,,,,,false,,
99381000006435212,BY Keypad Bench 4x5,BY004,,,,,false,,,84239020,FALSE,,INR 130.00,,Sales,,0.00,0.00,0.00,0.00,,,,true,,,goods,BY Keypad Bench 4x5,,,,,,,,,,GST18,18.000000,Group,IGST18,18.000000,Simple,1,,,Active,nos,nos,INR 67.00,Cost of Goods Sold,,,Inventory Asset,,fifo,,,,,,200.00,Inventory,true,true,true,false,false,false,,,,,,,,false,,
99381000006435227,BY Keypad ATMPCP & ATMPCW,BY005,,,,,false,,,84239020,FALSE,,INR 130.00,INR 325.00,Sales,,0.00,0.00,0.00,0.00,,,,true,,,goods,BY Keypad ATMPCP & ATMPCW,,,,,,,,,,GST18,18.000000,Group,IGST18,18.000000,Simple,1,,,Active,nos,nos,INR 67.00,Cost of Goods Sold,,,Inventory Asset,,fifo,,,,,,200.00,Inventory,true,true,true,false,false,false,,,,,,,,false,,
99381000006435242,BY Motherboard Bench & ATMPCP,BY006,,,,,false,,,84239020,FALSE,,INR 180.00,INR 450.00,Sales,,0.00,0.00,0.00,0.00,cm,kg,,true,,,goods,BY Motherboard Bench & ATMPCP,,,,,,,,,,GST18,18.000000,Group,IGST18,18.000000,Simple,1,,,Active,nos,nos,INR 82.00,Cost of Goods Sold,,,Inventory Asset,,fifo,,,,,,-2.00,Inventory,true,true,true,false,false,false,,,,,,,,false,,
99381000006435257,BY Motherboard ATMPCW,BY007,,,,,false,,,84239020,FALSE,,INR 150.00,INR 375.00,Sales,,0.00,0.00,0.00,0.00,,,,true,,,goods,BY Motherboard ATMPCW,,,,,,,,,,GST18,18.000000,Group,IGST18,18.000000,Simple,1,,,Active,nos,nos,INR 82.00,Cost of Goods Sold,,,Inventory Asset,,fifo,,,,,,171.00,Inventory,true,true,true,false,false,false,,,,,,,,false,,
99381000006435272,BY ATMPCP Body Set( Base),BY008,,,,,false,,,84239020,FALSE,,INR 360.00,INR 900.00,Sales,,0.00,0.00,0.00,0.00,,,,true,,,goods,BY ATMPCP Body Set( Base),,,,,,,,,,GST18,18.000000,Group,IGST18,18.000000,Simple,1,,,Active,nos,nos,INR 230.00,Cost of Goods Sold,,,Inventory Asset,,fifo,,,,,,8.00,Inventory,true,true,true,false,false,false,,,,,,,,false,,
99381000006435287,BY ATMPCW Body Set,BY009,,,,,false,,,84239020,FALSE,,INR 360.00,INR 900.00,Sales,,0.00,0.00,0.00,0.00,,,,true,,,goods,BY ATMPCW Body Set,,,,,,,,,,GST18,18.000000,Group,IGST18,18.000000,Simple,1,,,Active,nos,nos,INR 215.00,Cost of Goods Sold,,,Inventory Asset,,fifo,,,,,,3.00,Inventory,true,true,true,false,false,false,,,,,,,,false,,
99381000006435302,BY Front/Rear Housing for Bench,BY010,,,,,false,,,84239020,FALSE,,INR 240.00,,Sales,,0.00,0.00,0.00,0.00,,,,true,,,goods,BY Front/Rear Housing for Bench,,,,,,,,,,GST18,18.000000,Group,IGST18,18.000000,Simple,1,,,Active,nos,nos,INR 123.00,Cost of Goods Sold,,,Inventory Asset,,fifo,,,,,,56.00,Inventory,true,true,true,false,false,false,,,,,,,,false,,
99381000006435317,BY Weighing PAN for Bench(YS5010SS),BY011,,,,,false,,,84239020,FALSE,,INR 380.00,,Sales,,0.00,0.00,0.00,0.00,cm,kg,,true,,,goods,BY Weighing PAN for Bench(YS5010SS),,,,,,,,,,GST18,18.000000,Group,IGST18,18.000000,Simple,1,,,Active,nos,nos,INR 214.00,Cost of Goods Sold,,,Inventory Asset,,fifo,,,,,,1.00,Inventory,true,true,true,false,false,false,,,,,,,,false,,
99381000006435332,BY Weighing PAN for Bench(BY5039E),BY012,,,,,false,,,84239020,FALSE,,INR 250.00,,Sales,,0.00,0.00,0.00,0.00,,,,true,,,goods,BY Weighing PAN for Bench(BY5039E),,,,,,,,,,GST18,18.000000,Group,IGST18,18.000000,Simple,1,,,Active,nos,nos,INR 125.00,Cost of Goods Sold,,,Inventory Asset,,fifo,,,,,,2.00,Inventory,true,true,true,false,false,false,,,,,,,,false,,
99381000006435351,BY Weighing PAN for ATMPCP & ATMPCW,BY013,,,,,false,,,84239020,FALSE,,INR 260.00,INR 650.00,Sales,,0.00,0.00,0.00,0.00,,,,true,,,goods,BY Weighing PAN for ATMPCP & ATMPCW,,,,,,,,,,GST18,18.000000,Group,IGST18,18.000000,Simple,1,,,Active,nos,nos,INR 107.00,Cost of Goods Sold,,,Inventory Asset,,fifo,,,,,,18.00,Inventory,true,true,true,false,false,false,,,,,,,,false,,
99381000006435366,BY Front/Rear Housing for Indicator DY5037,BY014,,,,,false,,,84239020,FALSE,,INR 290.00,INR 725.00,Sales,,0.00,0.00,0.00,0.00,,,,true,,,goods,BY Front/Rear Housing for Indicator DY5037,,,,,,,,,,GST18,18.000000,Group,IGST18,18.000000,Simple,1,,,Active,nos,nos,INR 164.00,Cost of Goods Sold,,,Inventory Asset,,fifo,,,,,,2.00,Inventory,true,true,true,false,false,false,,,,,,,,false,,
99381000006435385,JW Display & Motherboard Set,BS0501,,,,,false,,,84239020,FALSE,,INR 580.00,,Sales,,0.00,0.00,0.00,0.00,cm,kg,,true,,,goods,JW Display & Motherboard Set,,,,,,,,,,GST18,18.000000,Group,IGST18,18.000000,Simple,1,,,Active,nos,nos,INR 425.00,Cost of Goods Sold,,,Inventory Asset,,fifo,,,,,,9.00,Inventory,true,true,true,false,false,false,,,,,,,,false,,
99381000006435400,JW Loadcell 1 Kg,BS0502,,,,,false,,,84239020,FALSE,,INR 550.00,,Sales,,0.00,0.00,0.00,0.00,cm,kg,,true,,,goods,JW Loadcell 1 Kg,,,,,,,,,,GST18,18.000000,Group,IGST18,18.000000,Simple,1,,,Active,nos,nos,INR 410.00,Cost of Goods Sold,,,Inventory Asset,,fifo,,,,,,0.00,Inventory,true,true,true,false,false,false,,,,,,,,false,,
99381000006435415,Loadcell 3 Kg LAK,BS0503,,,,,false,,,84239020,FALSE,,INR 610.00,INR 1525.00,Sales,,0.00,0.00,0.00,0.00,cm,kg,,true,,,goods,Loadcell 3 Kg LAK,,,,,,,,,,GST18,18.000000,Group,IGST18,18.000000,Simple,1,,,Active,nos,nos,INR 450.00,Cost of Goods Sold,,,Inventory Asset,,fifo,,,,,,7.00,Inventory,true,true,true,false,false,false,,,,,,,,false,,
99381000006435430,JW Cabinet Base,BS0504,,,,,false,,,84239020,FALSE,,INR 390.00,,Sales,,0.00,0.00,0.00,0.00,cm,kg,,true,,,goods,JW Cabinet Base,,,,,,,,,,GST18,18.000000,Group,IGST18,18.000000,Simple,1,,,Active,nos,nos,INR 287.00,Cost of Goods Sold,,,Inventory Asset,,fifo,,,,,,7.00,Inventory,true,true,true,false,false,false,,,,,,,,false,,
99381000006663554,Government Stamping Fee / Expense for 600.81g,SF60081,,,,,false,,,998729,FALSE,,INR 485.00,INR 1212.50,Sales,,0.00,0.00,0.00,0.00,,,,true,,,goods,Government Stamping Fee / Expense for 510g,,,,,,,,Stamping KL,,GST18,18.000000,Group,IGST18,18.000000,Simple,1,,,Inactive,nos,nos,INR 335.00,Cost of Goods Sold,,,Inventory Asset,,fifo,,,,,,0.00,Inventory,true,true,true,false,false,false,,,,,,,,false,,
99381000006684037,PRICE COMPUTING SCALE - GOLD,ATMGL,,,,,false,,,84238190,FALSE,"Make: YESWEIGH Model:YSP-30
Max:30kg e:5g Min:100g Class:III",INR 1900.00,INR 4750.00,Sales,,19.00,69.00,39.00,37.00,cm,kg,,true,,,goods,PRICE COMPUTING SCALE - WHITE - EC(AY),"Make: YESWEIGH Model:YSP-30
Max:30kg e:5g Min:100g Class:III",,,,,,,WEIGHING SCALE IMPORT,,GST18,18.000000,Group,IGST18,18.000000,Simple,1,,,Inactive,nos,nos,INR 1548.00,Cost of Goods Sold,,"Make: YESWEIGH Model:YSP-30
Max:30kg e:5g Min:100g Class:III",Inventory Asset,,fifo,,,,,,0.00,Inventory,true,true,true,false,false,false,,,,,,,,false,,5
99381000006999151,POS Kiosk,POSK,,,,,false,,,84231000,FALSE,,INR 6000.00,INR 15000.00,Sales,,0.00,0.00,0.00,0.00,cm,kg,,true,,,goods,POS Kiosk,,,,,,,,,,GST18,18.000000,Group,IGST18,18.000000,Simple,12,,,Active,nos,nos,INR 5000.00,Cost of Goods Sold,,,Inventory Asset,,,,,,,,,Sales and Purchases,true,true,false,false,false,false,,,,,,,,false,,
99381000007001051,POS Terminal SGT101,SGT101,,,,,false,,,84231000,FALSE,,INR 7000.00,INR 17500.00,Sales,,0.00,0.00,0.00,0.00,cm,kg,,true,,,goods,POS Terminal SGT101,,,,,,,,,,GST18,18.000000,Group,IGST18,18.000000,Simple,12,,,Active,nos,nos,INR 5000.00,Subcontractor,,,Inventory Asset,,,,,,,,,Sales and Purchases,true,true,false,false,false,false,,,,,,,,false,,
99381000006999160,POS Terminal SGTA1,SGTA1,,,,,false,,,84231000,FALSE,,INR 3000.00,INR 7500.00,Sales,,0.00,0.00,0.00,0.00,cm,kg,,true,,,goods,POS Terminal SGTA1,,,,,,,,,,GST18,18.000000,Group,IGST18,18.000000,Simple,12,,,Active,nos,nos,INR 2000.00,Subcontractor,,,Inventory Asset,,,,,,,,,Sales and Purchases,true,true,false,false,false,false,,,,,,,,false,,
99381000007001060,POS Terminal SGT668A,SGT668A,,,,,false,,,84231000,FALSE,,INR 4000.00,INR 10000.00,Sales,,0.00,0.00,0.00,0.00,cm,kg,,true,,,goods,POS Terminal SGT668A,,,,,,,,,,GST18,18.000000,Group,IGST18,18.000000,Simple,12,,,Inactive,nos,nos,INR 1000.00,Subcontractor,,,Inventory Asset,,fifo,,,,,,0.00,Inventory,true,true,true,false,false,false,,,,,,,,false,,
99381000007010001,Platform Weighing Scale(D-FG),DY5030FG,,,,,true,,,84238290,FALSE,,INR 1400.00,INR 3500.00,Sales,,22.00,71.00,46.00,32.00,cm,kg,,true,,,goods,Platform Weighing Scale(D-FG),,,,,,,,,,GST18,18.000000,Group,IGST18,18.000000,Simple,1,,,Inactive,nos,nos,INR 1080.00,Cost of Goods Sold,,,Inventory Asset,,fifo,,,,,,0.00,Inventory,true,true,true,false,false,false,,,,,,,,false,,
99381000007202045,POS TERMINAL SGT-A1,POSCOS01,,,,,true,,,84709010,FALSE,,INR 10500.00,INR 26250.00,Sales,,0.00,0.00,0.00,0.00,cm,kg,,true,,,goods,POS TERMINAL SGT-A1,,,,,,,,,,GST18,18.000000,Group,IGST18,18.000000,Simple,1,,,Inactive,nos,nos,INR 10500.00,Cost of Goods Sold,,,Inventory Asset,,fifo,,,,,,0.00,Inventory,true,true,true,false,false,false,,,,,,,,false,,
99381000007202080,POS KIOSK,HDDS215P,,,,,true,,,84702900,FALSE,,INR 35000.00,INR 87500.00,Sales,,0.00,0.00,0.00,0.00,cm,kg,,true,,,goods,POS KIOSK,,,,,,,,,,GST18,18.000000,Group,IGST18,18.000000,Simple,1,,,Inactive,nos,nos,INR 35000.00,Cost of Goods Sold,,,Inventory Asset,,fifo,,,,,,0.00,Inventory,true,true,true,false,false,false,,,,,,,,false,,
99381000007202099,POS TERMINAL SGT-101,HDDA12PRO,,,,,true,,,84714190,FALSE,,INR 18000.00,INR 45000.00,Sales,,0.00,0.00,0.00,0.00,cm,kg,,true,,,goods,POS TERMINAL SGT-101,,,,,,,,,,GST18,18.000000,Group,IGST18,18.000000,Simple,1,,,Inactive,nos,nos,INR 18000.00,Cost of Goods Sold,,,Inventory Asset,,fifo,,,,,,0.00,Inventory,true,true,true,false,false,false,,,,,,,,false,,
99381000007202116,POS TERMINAL SGT-668A,HDD280,,,,,true,,,84714190,FALSE,,INR 15000.00,INR 37500.00,Sales,,0.00,0.00,0.00,0.00,cm,kg,,true,,,goods,POS TERMINAL SGT-668A,,,,,,,,,,GST18,18.000000,Group,IGST18,18.000000,Simple,1,,,Inactive,nos,nos,INR 15000.00,Cost of Goods Sold,,,Inventory Asset,,fifo,,,,,,0.00,Inventory,true,true,true,false,false,false,,,,,,,,false,,
99381000007202133,BARCODE SCANNER PT-138 2D,PT138,,,,,true,,,84716050,FALSE,,INR 4000.00,INR 10000.00,Sales,,0.00,0.00,0.00,0.00,cm,kg,,true,,,goods,BARCODE SCANNER PT-138 2D,,,,,,,,,,GST18,18.000000,Group,IGST18,18.000000,Simple,1,,,Inactive,nos,nos,INR 4000.00,Cost of Goods Sold,,,Inventory Asset,,fifo,,,,,,0.00,Inventory,true,true,true,false,false,false,,,,,,,,false,,
99381000007202152,THERMAL PRINTER SGT 88IV USB,TPSU88,,,,,true,,,84433210,FALSE,,INR 3200.00,INR 8000.00,Sales,,0.00,0.00,0.00,0.00,cm,kg,,true,,,goods,THERMAL PRINTER SGT 88IV USB,,,,,,,,,,GST18,18.000000,Group,IGST18,18.000000,Simple,1,,,Inactive,nos,nos,INR 3200.00,Cost of Goods Sold,,,Inventory Asset,,fifo,,,,,,0.00,Inventory,true,true,true,false,false,false,,,,,,,,false,,
99381000007202169,POS TERMINAL SGT-665A.,SGT665A,,,,,true,,,84702900,FALSE,,INR 25000.00,INR 62500.00,Sales,,0.00,0.00,0.00,0.00,cm,kg,,true,,,goods,POS TERMINAL SGT-665A.,,,,,,,,,,GST18,18.000000,Group,IGST18,18.000000,Simple,1,,,Inactive,nos,nos,INR 25000.00,Cost of Goods Sold,,,Inventory Asset,,fifo,,,,,,0.00,Inventory,true,true,true,false,false,false,,,,,,,,false,,
99381000007260679,Government Stamping Fee /Expense for 5 kg,SF05,,,,,true,,,998729,FALSE,,INR 320.00,INR 800.00,Sales,,0.00,0.00,0.00,0.00,cm,kg,,true,,,goods,Government Stamping Fee /Expense for 5 kg,,,,,,,,,,GST18,18.000000,Group,IGST18,18.000000,Simple,1,,,Inactive,nos,nos,INR 170.00,Cost of Goods Sold,,,Inventory Asset,,fifo,,,,,,0.00,Inventory,true,true,true,false,false,false,,,,,,,,false,,
99381000007333495,Label Indicator,LBLIND,,,,,true,,,84239020,FALSE,,INR 18500.00,INR 28200.00,Sales,,0.00,0.00,0.00,0.00,cm,kg,,true,,,goods,KITCHEN SCALE 5Kg,,,,,,,,WEIGHING INDICATORS,,GST18,18.000000,Group,IGST18,18.000000,Simple,1,,,Active,nos,nos,INR 14386.00,Cost of Goods Sold,,,Inventory Asset,,fifo,,,,,,0.00,Inventory,true,true,true,false,false,false,,,,,,,,false,,
99381000007334057,BY ATMPCP PIPE POLE,BY016,,,,,false,,,84239020,FALSE,,INR 85.00,INR 212.50,Sales,,0.00,0.00,0.00,0.00,cm,kg,,true,,,goods,BY ATMPCP PIPE POLE,,,,,,,,,,GST18,18.000000,Group,IGST18,18.000000,Simple,1,,,Active,nos,nos,INR 44.00,Cost of Goods Sold,,,Inventory Asset,,fifo,,,,,,8.00,Inventory,true,true,true,false,false,false,,,,,,,,false,,
99381000007334074,BY ATMPCP POLE CONNECTOR,BY017,,,,,false,,,84239020,FALSE,,INR 85.00,INR 212.50,Sales,,0.00,0.00,0.00,0.00,cm,kg,,true,,,goods,BY ATMPCP POLE CONNECTOR,,,,,,,,,,GST18,18.000000,Group,IGST18,18.000000,Simple,1,,,Active,nos,nos,INR 60.00,Cost of Goods Sold,,,Inventory Asset,,fifo,,,,,,6.00,Inventory,true,true,true,false,false,false,,,,,,,,false,,
99381000007334091,BY ATMPCP FRONT/REAR HOUSING,BY018,,,,,false,,,84239020,FALSE,,INR 225.00,INR 562.50,Sales,,0.00,0.00,0.00,0.00,cm,kg,,true,,,goods,BY ATMPCP FRONT/REAR HOUSING,,,,,,,,,,GST18,18.000000,Group,IGST18,18.000000,Simple,1,,,Active,nos,nos,INR 150.00,Cost of Goods Sold,,,Inventory Asset,,fifo,,,,,,4.00,Inventory,true,true,true,false,false,false,,,,,,,,false,,
99381000007334108,BY ATMPCW Display Front and Back( Red LED),BY015,,,,,false,,,84239020,FALSE,,INR 195.00,INR 487.50,Sales,,0.00,0.00,0.00,0.00,cm,kg,,true,,,goods,BY ATMPCW Display Front and Back( Red LED),,,,,,,,,,GST18,18.000000,Group,IGST18,18.000000,Simple,1,,,Active,nos,nos,INR 150.00,Cost of Goods Sold,,,Inventory Asset,,fifo,,,,,,37.00,Inventory,true,true,true,false,false,false,,,,,,,,false,,
99381000007744261,Government Stamping Fee /Expense for 205.0086g,SF205,,,,,true,,,76061190,FALSE,,INR 485.00,INR 1212.50,Sales,,0.00,0.00,0.00,0.00,cm,kg,,true,,,goods,Gujarath Government Stamping Fee /Expense for 20 kg,,,,,,,,Stamping KL,,GST18,18.000000,Group,IGST18,18.000000,Simple,1,,,Inactive,nos,nos,INR 335.00,Cost of Goods Sold,,,Inventory Asset,,fifo,,,,,,0.00,Inventory,true,true,true,false,false,false,,,,,,,,false,,
99381000007766025,IND 202 Motherboard,IM202,,,,,false,,,84239020,FALSE,,INR 240.00,INR 600.00,Sales,,0.00,0.00,0.00,0.00,cm,kg,,true,,,goods,IND 202 Motherboard,,,,,,,,,,GST18,18.000000,Group,IGST18,18.000000,Simple,1,,,Active,nos,nos,INR 180.00,Cost of Goods Sold,,,Inventory Asset,,fifo,,,,,,15.00,Inventory,true,true,true,false,false,false,,,,,,,,false,,
99381000007897950,YESWEIGH BAG,BAG,,,,,true,,,42022210,FALSE,,INR 0.00,,Sales,,0.00,0.00,0.00,0.00,cm,kg,,true,,,goods,YESWEIGH BAG,,,,,,,,,,GST18,18.000000,Group,IGST18,18.000000,Simple,1,,,Inactive,nos,nos,INR 359.00,Cost of Goods Sold,,,Inventory Asset,,fifo,,,,,,0.00,Inventory,true,true,true,false,false,false,,,,,,,,false,,
99381000007894084,ATM JUNIOR FRONT DISPLAY(GREEN),AJFDG,,,,,false,,,84239020,FALSE,,INR 180.00,INR 450.00,Sales,,0.00,0.00,0.00,0.00,cm,kg,,true,,,goods,ATM JUNIOR FRONT DISPLAY(GREEN),,,,,,,,,,GST18,18.000000,Group,IGST18,18.000000,Simple,1,,,Active,nos,nos,INR 150.00,Cost of Goods Sold,,,Inventory Asset,,fifo,,,,,,48.00,Inventory,true,true,true,false,false,false,,,,,,,,false,,
99381000007894101,ATM JUNIOR Back Display Board(GREEN),AJBDBG,,,,,false,,,84239020,FALSE,,INR 110.00,INR 275.00,Sales,,0.00,0.00,0.00,0.00,cm,kg,,true,,,goods,ATM JUNIOR Back Display Board(GREEN),,,,,,,,,,GST18,18.000000,Group,IGST18,18.000000,Simple,1,,,Active,nos,nos,INR 80.00,Cost of Goods Sold,,,Inventory Asset,,fifo,,,,,,60.00,Inventory,true,true,true,false,false,false,,,,,,,,false,,
99381000007927078,IND 202 KEYPAD,IK202,,,,,false,,,84239020,FALSE,,INR 110.00,INR 275.00,Sales,,0.00,0.00,0.00,0.00,cm,kg,,true,,,goods,IND 202 KEYPAD,,,,,,,,,,GST18,18.000000,Group,IGST18,18.000000,Simple,1,,,Active,nos,nos,INR 70.00,Cost of Goods Sold,,,Inventory Asset,,fifo,,,,,,12.00,Inventory,true,true,true,false,false,false,,,,,,,,false,,
99381000007927095,IND 202 DISPLAY,ID202,,,,,false,,,84239020,FALSE,,INR 130.00,INR 325.00,Sales,,0.00,0.00,0.00,0.00,cm,kg,,true,,,goods,IND 202 DISPLAY,,,,,,,,,,GST18,18.000000,Group,IGST18,18.000000,Simple,1,,,Active,nos,nos,INR 100.00,Cost of Goods Sold,,,Inventory Asset,,fifo,,,,,,33.00,Inventory,true,true,true,false,false,false,,,,,,,,false,,
99381000008054092,Motherboard - PMS 45(RED),PMS45RED,,,,,false,,,84239020,FALSE,,INR 720.00,INR 1800.00,Sales,,0.00,0.00,0.00,0.00,cm,kg,,true,,,goods,Motherboard - PMS 45(RED),,,,,,,,,,GST18,18.000000,Group,IGST18,18.000000,Simple,1,,,Inactive,nos,nos,INR 625.00,Cost of Goods Sold,,,Inventory Asset,,fifo,,,,,,0.00,Inventory,true,true,true,false,false,false,,,,,,,,false,,
99381000008054109,Motherboard- PMS 45(GREEN),MPG45,,,,,false,,,84239020,FALSE,,INR 745.00,INR 1862.50,Sales,,0.00,0.00,0.00,0.00,cm,kg,,true,,,goods,Motherboard- PMS 45(GREEN),,,,,,,,GENERIC SPARE PARTS,,GST18,18.000000,Group,IGST18,18.000000,Simple,1,,,Active,nos,nos,INR 650.00,Cost of Goods Sold,,,Inventory Asset,,fifo,,,,,,19.00,Inventory,true,true,true,false,false,false,,,,,,,,false,,
99381000008072076,PLATFORM SCALE INDICATOR ABS XK3100-B3+,PFINDXK3100B3,,,,,true,,,84239020,FALSE,,INR 1200.00,INR 3000.00,Sales,,0.00,0.00,0.00,0.00,cm,kg,,true,,,goods,PLATFORM SCALE INDICATOR ABS XK3100-B3+,,,,,,,,,,GST18,18.000000,Group,IGST18,18.000000,Simple,1,,,Inactive,nos,nos,INR 985.00,Cost of Goods Sold,,,Inventory Asset,,fifo,,,,,,0.00,Inventory,true,true,true,false,false,false,,,,,,,,false,,
99381000008184006,Retail Label Scale,RLBL,,,,,true,,,,FALSE,,INR 37000.00,,Sales,,0.00,0.00,0.00,0.00,cm,kg,,true,,,goods,Retail Label Scale,,,,,,,,,,GST18,18.000000,Group,IGST18,18.000000,Simple,1,,,Active,nos,nos,INR 28570.00,Cost of Goods Sold,,,Inventory Asset,,fifo,,,,,,1.00,Inventory,true,true,true,false,false,false,,,,,,,,false,,
99381000008696613,PLATFORM SCALE-BENCH(GREEN-O),BPCG,,,,,true,,,84238290,FALSE,Make: YESWEIGH Model:YSP-50 Max:50kg e:5g Min:100g Class:III Display : Green,INR 2450.00,INR 6125.00,Sales,,0.00,0.00,0.00,0.00,cm,kg,,true,,,goods,Platform Weighing Scale 400x500 (G-QZ-FSS),Make: YESWEIGH Model:YSP-50 Max:50kg e:5g Min:100g Class:III Display : Green,,,,,,,WEIGHING SCALE IMPORT,,GST18,18.000000,Group,IGST18,18.000000,Simple,1,,,Inactive,nos,nos,INR 2050.00,Cost of Goods Sold,,Make: YESWEIGH Model:YSP-50 Max:50kg e:5g Min:100g Class:III Display : Green,Inventory Asset,,fifo,,,,,,0.00,Inventory,true,true,true,false,false,false,,,,,,,,false,,
99381000008696634,PRICE COMPUTING SCALE - WHITE (AY),ATMPCWH,,,,,true,,,84238190,FALSE,Make: YESWEIGH Model: YSP 30 Max:20kg e:2g Min:40g Class:III,INR 1590.00,INR 3975.00,Sales,,0.00,0.00,0.00,0.00,cm,kg,,true,,,goods,PRICE COMPUTING SCALE - WHITE (AY),Make: YESWEIGH Model: YSP 30 Max:20kg e:2g Min:40g Class:III,,,,,,,,,GST18,18.000000,Group,IGST18,18.000000,Simple,1,,,Inactive,nos,nos,INR 1289.00,Cost of Goods Sold,,Make: YESWEIGH Model: YSP 30 Max:20kg e:2g Min:40g Class:III,Inventory Asset,,fifo,,,,,,0.00,Inventory,true,true,true,false,false,false,,,,,,,,false,,
99381000008699736,PLATFORM SCALE -BENCH (DUAL-AD),BPC50DAD2,,,,,true,,,84238290,FALSE,Make: YESWEIGH Model:YSP-50 Max:50kg e:5g Min:100g Class:III Display : Dual,INR 2100.00,INR 5250.00,Sales,,0.00,0.00,0.00,0.00,cm,kg,,true,,,goods,PLATFORM SCALE -BENCH (DUAL-AD),Make: YESWEIGH Model:YSP-50 Max:50kg e:5g Min:100g Class:III Display : Dual,,,,,,,,,GST18,18.000000,Group,IGST18,18.000000,Simple,1,,,Inactive,nos,nos,INR 1654.00,Cost of Goods Sold,,Make: YESWEIGH Model:YSP-50 Max:50kg e:5g Min:100g Class:III Display : Dual,Inventory Asset,,fifo,,,,,,0.00,Inventory,true,true,true,false,false,false,,,,,,,,false,,
99381000008699757,PRICE COMPUTING SCALE (DUAL-AD),ATM30DAD1,,,,,true,,,84238190,FALSE,"Max: 30kg  Min : 100g e : 5g Class III
Display : Dual",INR 1750.00,INR 4375.00,Sales,,0.00,0.00,0.00,0.00,cm,kg,,true,,,goods,PRICE COMPUTING SCALE (DUAL-AD),"Max: 30kg  Min : 100g e : 5g Class III
Display : Dual",,,,,,,,,GST18,18.000000,Group,IGST18,18.000000,Simple,1,,,Inactive,nos,nos,INR 1278.00,Cost of Goods Sold,,"Max: 30kg  Min : 100g e : 5g Class III
Display : Dual",Inventory Asset,,fifo,,,,,,0.00,Inventory,true,true,true,false,false,false,,,,,,,,false,,
99381000008766288,Bench Scale AD F Dual,BPCADF,,,,,true,,,84238290,FALSE,Max:50kg e:5g Min:100g Class:III Display : Dual,INR 1950.00,INR 4950.00,Sales,,0.00,0.00,0.00,0.00,cm,kg,,true,,,goods,PLATFORM SCALE -BENCH (DUAL-AD3),Max:50kg e:5g Min:100g Class:III Display : Dual,,,,,,,WEIGHING SCALE IMPORT,,GST18,18.000000,Group,IGST18,18.000000,Simple,1,,,Active,nos,nos,INR 1600.00,Cost of Goods Sold,, Max:50kg e:5g Min:100g Class:III Display : Dual,Inventory Asset,,fifo,,,,,,8.00,Inventory,true,true,true,false,false,false,,,,,,,,false,,
99381000008766305,PRICE CMPUTING INDIACTOR (AD-F),INDADF,,,,,true,,,84239020,FALSE,,INR 1200.00,INR 3000.00,Sales,,0.00,0.00,0.00,0.00,cm,kg,,true,,,goods,PRICE CMPUTING INDIACTOR (AD-F),,,,,,,,,,GST18,18.000000,Group,IGST18,18.000000,Simple,1,,,Inactive,nos,nos,INR 900.00,Cost of Goods Sold,,,Inventory Asset,,fifo,,,,,,0.00,Inventory,true,true,true,false,false,false,,,,,,,,false,,
99381000008766322,CURRENCY COUNTING MACHINE (AL800),AL80,,,,,true,,,84729090,FALSE,,INR 3600.00,INR 9000.00,Sales,,0.00,0.00,0.00,0.00,cm,kg,,true,,,goods,CURRENCY COUNTING MACHINE (AL800),,,,,,,,CURRENCY COUNTING MACHINES,,GST18,18.000000,Group,IGST18,18.000000,Simple,1,,,Active,nos,nos,INR 2877.00,Cost of Goods Sold,,,Inventory Asset,,fifo,,,,,,0.00,Inventory,true,true,true,false,false,false,,,,,,,,false,,
99381000008802067,Q9LBL PRINTER MOTHERBOARD,Q9719,,,,,false,,,84239020,FALSE,,INR 380.00,INR 950.00,Sales,,0.00,0.00,0.00,0.00,cm,kg,,true,,,goods,Q9LBL PRINTER MOTHERBOARD,,,,,,,,,,GST18,18.000000,Group,IGST18,18.000000,Simple,1,,,Active,nos,nos,INR 210.00,Cost of Goods Sold,,,Inventory Asset,,fifo,,,,,,0.00,Inventory,true,true,true,false,false,false,,,,,,,,false,,
99381000008802090,Q9LBL PRINTER ROLLER MECHANISM,Q9720,,,,,false,,,84239020,FALSE,,INR 630.00,INR 1575.00,Sales,,0.00,0.00,0.00,0.00,cm,kg,,true,,,goods,Q9LBL PRINTER ROLLER MECHANISM,,,,,,,,,,GST18,18.000000,Group,IGST18,18.000000,Simple,1,,,Active,nos,nos,INR 400.00,Cost of Goods Sold,,,Inventory Asset,,fifo,,,,,,13.00,Inventory,true,true,true,false,false,false,,,,,,,,false,,
99381000008869033,Q9LBL KEYPAD SILICON PAD,Q9722,,,,,false,,,84239020,FALSE,,INR 150.00,,Sales,,0.00,0.00,0.00,0.00,cm,kg,,true,,,goods,Q9LBL KEYPAD SILICON PAD,,,,,,,,,,GST18,18.000000,Group,IGST18,18.000000,Simple,1,,,Active,nos,nos,INR 20.00,Cost of Goods Sold,,,Inventory Asset,,fifo,,,,,,10.00,Inventory,true,true,true,false,false,false,,,,,,,,false,,
99381000008869052,Q9LBL PRINTER MOTHERBOARD CASE,Q9723,,,,,false,,,84239020,FALSE,,INR 75.00,INR 187.50,Sales,,0.00,0.00,0.00,0.00,cm,kg,,true,,,goods,Q9LBL PRINTER MOTHERBOARD CASE,,,,,,,,,,GST18,18.000000,Group,IGST18,18.000000,Simple,1,,,Active,nos,nos,INR 20.00,Cost of Goods Sold,,,Inventory Asset,,fifo,,,,,,15.00,Inventory,true,true,true,false,false,false,,,,,,,,false,,
99381000008869071,Q9LBL PRINTER PAPER FEEDER SET,Q9724,,,,,false,,,84239020,FALSE,,INR 120.00,INR 300.00,Sales,,0.00,0.00,0.00,0.00,cm,kg,,true,,,goods,Q9LBL PRINTER PAPER FEEDER SET,,,,,,,,,,GST18,18.000000,Group,IGST18,18.000000,Simple,1,,,Active,nos,nos,INR 88.00,Cost of Goods Sold,,,Inventory Asset,,fifo,,,,,,16.00,Inventory,true,true,true,false,false,false,,,,,,,,false,,
99381000008869090,Q9LBL PRINTER paper fix plastic case,Q9725,,,,,false,,,84239020,FALSE,,INR 60.00,INR 150.00,Sales,,0.00,0.00,0.00,0.00,cm,kg,,true,,,goods,Q9LBL PRINTER paper fix plastic case,,,,,,,,,,GST18,18.000000,Group,IGST18,18.000000,Simple,1,,,Active,nos,nos,INR 20.00,Cost of Goods Sold,,,Inventory Asset,,fifo,,,,,,31.00,Inventory,true,true,true,false,false,false,,,,,,,,false,,
99381000008869109,Q9LBL PRINTER paper install base,Q9726,,,,,false,,,84239020,FALSE,,INR 35.00,INR 87.50,Sales,,0.00,0.00,0.00,0.00,cm,kg,,true,,,goods,Q9LBL PRINTER paper install base,,,,,,,,,,GST18,18.000000,Group,IGST18,18.000000,Simple,1,,,Active,nos,nos,INR 15.00,Cost of Goods Sold,,,Inventory Asset,,fifo,,,,,,15.00,Inventory,true,true,true,false,false,false,,,,,,,,false,,
99381000008869128,Q9LBL printer head adjust spring small,Q9727,,,,,false,,,84239020,FALSE,,INR 25.00,INR 62.50,Sales,,0.00,0.00,0.00,0.00,cm,kg,,true,,,goods,Q9LBL printer head adjust spring small,,,,,,,,,,GST18,18.000000,Group,IGST18,18.000000,Simple,1,,,Active,nos,nos,INR 5.00,Cost of Goods Sold,,,Inventory Asset,,fifo,,,,,,4.00,Inventory,true,true,true,false,false,false,,,,,,,,false,,
99381000008869147,Q9LBL printer head adjust spring big,Q9728,,,,,false,,,84239020,FALSE,,INR 40.00,INR 100.00,Sales,,0.00,0.00,0.00,0.00,cm,kg,,true,,,goods,Q9LBL printer head adjust spring big,,,,,,,,,,GST18,18.000000,Group,IGST18,18.000000,Simple,1,,,Active,nos,nos,INR 10.00,Cost of Goods Sold,,,Inventory Asset,,fifo,,,,,,5.00,Inventory,true,true,true,false,false,false,,,,,,,,false,,
99381000008869166,Q9LBL printer roller metal base,Q9729,,,,,false,,,84239020,FALSE,,INR 120.00,INR 300.00,Sales,,0.00,0.00,0.00,0.00,cm,kg,,true,,,goods,Q9LBL printer roller metal base,,,,,,,,,,GST18,18.000000,Group,IGST18,18.000000,Simple,1,,,Active,nos,nos,INR 40.00,Cost of Goods Sold,,,Inventory Asset,,fifo,,,,,,5.00,Inventory,true,true,true,false,false,false,,,,,,,,false,,
99381000008869185,Q9LBL printer metal turning board,Q9730,,,,,false,,,84239020,FALSE,,INR 75.00,INR 187.50,Sales,,0.00,0.00,0.00,0.00,cm,kg,,true,,,goods,Q9LBL printer metal turning board,,,,,,,,,,GST18,18.000000,Group,IGST18,18.000000,Simple,1,,,Active,nos,nos,INR 30.00,Cost of Goods Sold,,,Inventory Asset,,fifo,,,,,,5.00,Inventory,true,true,true,false,false,false,,,,,,,,false,,
99381000008869204,Q9LBL printer rolling limit pole,Q9731,,,,,false,,,84239020,FALSE,,INR 60.00,INR 150.00,Sales,,0.00,0.00,0.00,0.00,cm,kg,,true,,,goods,Q9LBL printer rolling limit pole,,,,,,,,,,GST18,18.000000,Group,IGST18,18.000000,Simple,1,,,Active,nos,nos,INR 15.00,Cost of Goods Sold,,,Inventory Asset,,fifo,,,,,,4.00,Inventory,true,true,true,false,false,false,,,,,,,,false,,
99381000008869223,Q9LBL printer  paper rolling pole,Q9732,,,,,false,,,84239020,FALSE,,INR 50.00,INR 125.00,Sales,,0.00,0.00,0.00,0.00,cm,kg,,true,,,goods,Q9LBL printer  paper rolling pole,,,,,,,,,,GST18,18.000000,Group,IGST18,18.000000,Simple,1,,,Active,nos,nos,INR 10.00,Cost of Goods Sold,,,Inventory Asset,,fifo,,,,,,4.00,Inventory,true,true,true,false,false,false,,,,,,,,false,,
99381000008869242,Q9LBL printer  rubber rolling case,Q9733,,,,,false,,,84239020,FALSE,,INR 60.00,INR 150.00,Sales,,0.00,0.00,0.00,0.00,cm,kg,,true,,,goods,Q9LBL printer  rubber rolling case,,,,,,,,,,GST18,18.000000,Group,IGST18,18.000000,Simple,1,,,Active,nos,nos,INR 20.00,Cost of Goods Sold,,,Inventory Asset,,fifo,,,,,,10.00,Inventory,true,true,true,false,false,false,,,,,,,,false,,
99381000008869261,Q9LBL printer  nylon gear,Q9734,,,,,false,,,84239020,FALSE,,INR 40.00,INR 100.00,Sales,,0.00,0.00,0.00,0.00,cm,kg,,true,,,goods,Q9LBL printer  nylon gear,,,,,,,,,,GST18,18.000000,Group,IGST18,18.000000,Simple,1,,,Active,nos,nos,INR 15.00,Cost of Goods Sold,,,Inventory Asset,,fifo,,,,,,10.00,Inventory,true,true,true,false,false,false,,,,,,,,false,,
99381000008869280,Q9LBL printer  5 pin 150-190ph wires,Q9735,,,,,false,,,84239020,FALSE,,INR 60.00,INR 150.00,Sales,,0.00,0.00,0.00,0.00,cm,kg,,true,,,goods,Q9LBL printer  5 pin 150-190ph wires,,,,,,,,,,GST18,18.000000,Group,IGST18,18.000000,Simple,1,,,Active,nos,nos,INR 15.00,Cost of Goods Sold,,,Inventory Asset,,fifo,,,,,,17.00,Inventory,true,true,true,false,false,false,,,,,,,,false,,
99381000008869299,Q9LBL printer  15pin 150pj-180ph wires,Q9736,,,,,false,,,84239020,FALSE,,INR 185.00,INR 462.50,Sales,,0.00,0.00,0.00,0.00,cm,kg,,true,,,goods,Q9LBL printer  15pin 150pj-180ph wires,,,,,,,,,,GST18,18.000000,Group,IGST18,18.000000,Simple,1,,,Active,nos,nos,INR 60.00,Cost of Goods Sold,,,Inventory Asset,,fifo,,,,,,9.00,Inventory,true,true,true,false,false,false,,,,,,,,false,,
99381000008869318,Q9LBL PRINTER PAPER HEIGHT ADJUSTER,Q9737,,,,,false,,,84239020,FALSE,,INR 25.00,INR 62.50,Sales,,0.00,0.00,0.00,0.00,cm,kg,,true,,,goods,Q9LBL PRINTER PAPER HEIGHT ADJUSTER,,,,,,,,,,GST18,18.000000,Group,IGST18,18.000000,Simple,1,,,Active,nos,nos,INR 5.00,Cost of Goods Sold,,,Inventory Asset,,fifo,,,,,,15.00,Inventory,true,true,true,false,false,false,,,,,,,,false,,
99381000008869357,Q9LBL LABEL OUT SENSOR COVER,Q9738,,,,,false,,,84239020,FALSE,,INR 120.00,,Sales,,0.00,0.00,0.00,0.00,cm,kg,,true,,,goods,Q9LBL LABEL OUT SENSOR COVER,,,,,,,,,,GST18,18.000000,Group,IGST18,18.000000,Simple,1,,,Active,nos,nos,INR 15.00,Cost of Goods Sold,,,Inventory Asset,,fifo,,,,,,37.00,Inventory,true,true,true,false,false,false,,,,,,,,false,,
99381000008869376,Q9LBL PRINTER GEAR LOCK,Q9739,,,,,false,,,84239020,FALSE,,INR 30.00,INR 75.00,Sales,,0.00,0.00,0.00,0.00,cm,kg,,true,,,goods,Q9LBL PRINTER GEAR LOCK,,,,,,,,,,GST18,18.000000,Group,IGST18,18.000000,Simple,1,,,Active,nos,nos,INR 15.00,Cost of Goods Sold,,,Inventory Asset,,fifo,,,,,,28.00,Inventory,true,true,true,false,false,false,,,,,,,,false,,
99381000008869395,Q9LBL PRINTER WASTE PAPER ROLLER AND SPRING,Q9740,,,,,false,,,84239020,FALSE,,INR 250.00,INR 625.00,Sales,,0.00,0.00,0.00,0.00,cm,kg,,true,,,goods,Q9LBL PRINTER WASTE PAPER ROLLER AND SPRING,,,,,,,,,,GST18,18.000000,Group,IGST18,18.000000,Simple,1,,,Active,nos,nos,INR 100.00,Cost of Goods Sold,,,Inventory Asset,,fifo,,,,,,15.00,Inventory,true,true,true,false,false,false,,,,,,,,false,,
99381000008869414,Q9LBL PRINT HEAD LOCK BOTTOM SENSOR,Q9741,,,,,false,,,84239020,FALSE,,INR 350.00,,Sales,,0.00,0.00,0.00,0.00,cm,kg,,true,,,goods,Q9LBL PRINT HEAD LOCK BOTTOM SENSOR,,,,,,,,,,GST18,18.000000,Group,IGST18,18.000000,Simple,1,,,Active,nos,nos,INR 100.00,Cost of Goods Sold,,,Inventory Asset,,fifo,,,,,,15.00,Inventory,true,true,true,false,false,false,,,,,,,,false,,
99381000008869433,Q9LBL POLE CONNECTOR LOCK PLATE AND SCREW,Q9742,,,,,false,,,84239020,FALSE,,INR 75.00,,Sales,,0.00,0.00,0.00,0.00,cm,kg,,true,,,goods,Q9LBL POLE CONNECTOR LOCK PLATE AND SCREW,,,,,,,,,,GST18,18.000000,Group,IGST18,18.000000,Simple,1,,,Active,nos,nos,INR 20.00,Cost of Goods Sold,,,Inventory Asset,,fifo,,,,,,20.00,Inventory,true,true,true,false,false,false,,,,,,,,false,,
99381000008869452,Q9LBL MACHINE LEG,Q9743,,,,,false,,,84239020,FALSE,,INR 40.00,,Sales,,0.00,0.00,0.00,0.00,cm,kg,,true,,,goods,Q9LBL MACHINE LEG,,,,,,,,,,GST18,18.000000,Group,IGST18,18.000000,Simple,1,,,Active,nos,nos,INR 10.00,Cost of Goods Sold,,,Inventory Asset,,fifo,,,,,,52.00,Inventory,true,true,true,false,false,false,,,,,,,,false,,
99381000008869471,Q9LBL WEIGHING PAN LEG,Q9744,,,,,false,,,84239020,FALSE,,INR 25.00,,Sales,,0.00,0.00,0.00,0.00,cm,kg,,true,,,goods,Q9LBL WEIGHING PAN LEG,,,,,,,,,,GST18,18.000000,Group,IGST18,18.000000,Simple,1,,,Active,nos,nos,INR 10.00,Cost of Goods Sold,,,Inventory Asset,,fifo,,,,,,52.00,Inventory,true,true,true,false,false,false,,,,,,,,false,,
99381000008878005,Government Stamping Fee /Expense for 1mg,SF1MG,,,,,true,,,998729,FALSE,,INR 485.00,INR 1212.50,Sales,,0.00,0.00,0.00,0.00,cm,kg,,true,,,goods,Gujarath Government Stamping Fee /Expense for 20 kg,,,,,,,,Stamping KL,,GST18,18.000000,Group,IGST18,18.000000,Simple,1,,,Inactive,nos,nos,INR 335.00,Cost of Goods Sold,,,Inventory Asset,,fifo,,,,,,0.00,Inventory,true,true,true,false,false,false,,,,,,,,false,,
99381000009031017,Platform  Scale 50x60(Trolley),PF56TR,,,,,true,,,84238290,FALSE,"Make : YESWEIGH Model: YSP PC
Max: 300 kg e: 50g Min:1kg Class III",INR 8200.00,INR 14000.00,Sales,,0.00,0.00,0.00,0.00,cm,kg,,true,,,goods,Platform Weighing Scale 500x600 MS (Trolley),"Make : YESWEIGH Model: YSP PC
Max: 300 kg e: 50g Min:1kg Class III",,,,,,,WEIGHING SCALE IMPORT,,GST18,18.000000,Group,IGST18,18.000000,Simple,1,,,Active,nos,nos,INR 5727.00,Cost of Goods Sold,,"Make : YESWEIGH Model: YSP PC
Max: 300 kg e: 50g Min:1kg Class III",Inventory Asset,,fifo,,,,,,2.00,Inventory,true,true,true,false,false,false,,,,,,,,false,,
99381000009052132,Trolley Loadcell,TRLY04,,,,,false,,,84239020,FALSE,,INR 1350.00,,Sales,,0.00,0.00,0.00,0.00,cm,kg,,true,,,goods,Trolley Loadcell,,,,,,,,,,GST18,18.000000,Group,IGST18,18.000000,Simple,1,,,Active,nos,nos,INR 600.00,Cost of Goods Sold,,,Inventory Asset,,fifo,,,,,,1.00,Inventory,true,true,true,false,false,false,,,,,,,,false,,
99381000009222759,AY ATMPC-WH Body set (Top),AAWBST,,,,,true,,,84239020,FALSE,,INR 260.00,INR 650.00,Sales,,0.00,0.00,0.00,0.00,cm,kg,,true,,,goods,AY ATMPC-WH Body set (Top),,,,,,,,,,GST18,18.000000,Group,IGST18,18.000000,Simple,1,,,Active,nos,nos,INR 150.00,Cost of Goods Sold,,,Inventory Asset,,fifo,,,,,,50.00,Inventory,true,true,true,false,false,false,,,,,,,,false,,
99381000009222778,AY ATMPC-WH Body set (Base),AAWBSB,,,,,true,,,84239020,FALSE,,INR 160.00,INR 400.00,Sales,,0.00,0.00,0.00,0.00,cm,kg,,true,,,goods,AY ATMPC-WH Body set (Base),,,,,,,,,,GST18,18.000000,Group,IGST18,18.000000,Simple,1,,,Active,nos,nos,INR 70.00,Cost of Goods Sold,,,Inventory Asset,,fifo,,,,,,50.00,Inventory,true,true,true,false,false,false,,,,,,,,false,,
99381000009223084,AY ATM PC-WH Weigh pan leg,AAPWWP,,,,,true,,,84239020,FALSE,,INR 20.00,INR 50.00,Sales,,0.00,0.00,0.00,0.00,cm,kg,,true,,,goods,AY ATM PC-WH Weigh pan leg,,,,,,,,,,GST18,18.000000,Group,IGST18,18.000000,Simple,1,,,Active,nos,nos,INR 0.00,Cost of Goods Sold,,,Inventory Asset,,fifo,,,,,,22.00,Inventory,true,true,true,false,false,false,,,,,,,,false,,
99381000009316377,Motherboard (B3+),MOTHER,,,,,true,,,84239020,FALSE,,INR 350.00,INR 875.00,Sales,,0.00,0.00,0.00,0.00,cm,kg,,true,,,goods,Motherboard (B3+),,,,,,,,,,GST18,18.000000,Group,IGST18,18.000000,Simple,1,,,Active,nos,nos,INR 156.00,Cost of Goods Sold,,,Inventory Asset,,fifo,,,,,,1.00,Inventory,true,true,true,false,false,false,,,,,,,,false,,
99381000009316396,Display Board(B3+),DBB3,,,,,true,,,84239020,FALSE,,INR 170.00,INR 425.00,Sales,,0.00,0.00,0.00,0.00,cm,kg,,true,,,goods,Display Board(B3+),,,,,,,,,,GST18,18.000000,Group,IGST18,18.000000,Simple,1,,,Active,nos,nos,INR 76.00,Cost of Goods Sold,,,Inventory Asset,,fifo,,,,,,1.00,Inventory,true,true,true,false,false,false,,,,,,,,false,,
99381000009316523,Keypad (B3+),KEYPA2,,,,,true,,,84239020,FALSE,,INR 170.00,INR 425.00,Sales,,0.00,0.00,0.00,0.00,cm,kg,,true,,,goods,Keypad (B3+),,,,,,,,,,GST18,18.000000,Group,IGST18,18.000000,Simple,1,,,Active,nos,nos,INR 76.00,Cost of Goods Sold,,,Inventory Asset,,fifo,,,,,,1.00,Inventory,true,true,true,false,false,false,,,,,,,,false,,
99381000009316546,DC Adapter (B3+),ADAPTE,,,,,true,,,84239020,FALSE,5V 550mA,INR 270.00,INR 675.00,Sales,,0.00,0.00,0.00,0.00,cm,kg,,true,,,goods,DC Adapter (B3+),5V 550mA,,,,,,,,,GST18,18.000000,Group,IGST18,18.000000,Simple,1,,,Active,nos,nos,INR 120.00,Cost of Goods Sold,,,Inventory Asset,,fifo,,,,,,1.00,Inventory,true,true,true,false,false,false,,,,,,,,false,,
99381000009316565,Body / Housing Front (B3+),BHFB3,,,,,true,,,84239020,FALSE,,INR 220.00,INR 550.00,Sales,,0.00,0.00,0.00,0.00,cm,kg,,true,,,goods,Body / Housing Front (B3+),,,,,,,,,,GST18,18.000000,Group,IGST18,18.000000,Simple,1,,,Active,nos,nos,INR 98.00,Cost of Goods Sold,,,Inventory Asset,,fifo,,,,,,1.00,Inventory,true,true,true,false,false,false,,,,,,,,false,,
99381000009316584,Body / Housing Back (B3+),BHBB3,,,,,true,,,84239020,FALSE,,INR 280.00,INR 700.00,Sales,,0.00,0.00,0.00,0.00,cm,kg,,true,,,goods,Body / Housing Back (B3+),,,,,,,,,,GST18,18.000000,Group,IGST18,18.000000,Simple,1,,,Active,nos,nos,INR 124.00,Cost of Goods Sold,,,Inventory Asset,,fifo,,,,,,1.00,Inventory,true,true,true,false,false,false,,,,,,,,false,,
99381000009316607,socket (B3+) 2 Pin,SBP32,,,,,true,,,84239020,FALSE,,INR 15.00,INR 37.50,Sales,,0.00,0.00,0.00,0.00,cm,kg,,true,,,goods,socket (B3+) 2 Pin,,,,,,,,,,GST18,18.000000,Group,IGST18,18.000000,Simple,1,,,Active,nos,nos,INR 7.00,Cost of Goods Sold,,,Inventory Asset,,fifo,,,,,,1.00,Inventory,true,true,true,false,false,false,,,,,,,,false,,
99381000009316626,Buzzer (B3+),BUZZER,,,,,true,,,84239020,FALSE,,INR 20.00,INR 50.00,Sales,,0.00,0.00,0.00,0.00,cm,kg,,true,,,goods,Buzzer (B3+),,,,,,,,,,GST18,18.000000,Group,IGST18,18.000000,Simple,1,,,Active,nos,nos,INR 9.00,Cost of Goods Sold,,,Inventory Asset,,fifo,,,,,,1.00,Inventory,true,true,true,false,false,false,,,,,,,,false,,
99381000009316645,Indicator holder  (B3+),IHB3,,,,,true,,,84239020,FALSE,,INR 120.00,INR 300.00,Sales,,0.00,0.00,0.00,0.00,cm,kg,,true,,,goods,Indicator holder  (B3+),,,,,,,,,,GST18,18.000000,Group,IGST18,18.000000,Simple,1,,,Active,nos,nos,INR 53.00,Cost of Goods Sold,,,Inventory Asset,,fifo,,,,,,1.00,Inventory,true,true,true,false,false,false,,,,,,,,false,,
99381000009357947,ECS/LBL Display connector cable(15 CM),ECS831,,,,,true,,,84239020,FALSE,,INR 60.00,,Sales,,0.00,0.00,0.00,0.00,cm,kg,,true,,,goods,ECS/LBL Display connector cable(15 CM),,,,,,,,,,GST18,18.000000,Group,IGST18,18.000000,Simple,1,,,Active,nos,nos,INR 20.00,Cost of Goods Sold,,,Inventory Asset,,fifo,,,,,,29.00,Inventory,true,true,true,false,false,false,,,,,,,,false,,
99381000009380587,APCPQ Pole Display,APCPQP,,,,,true,,,84239020,FALSE,,INR 130.00,INR 325.00,Sales,,0.00,0.00,0.00,0.00,cm,kg,,true,,,goods,APCPQ Pole Display,,,,,,,,,,GST18,18.000000,Group,IGST18,18.000000,Simple,1,,,Active,nos,nos,INR 70.00,Cost of Goods Sold,,,Inventory Asset,,fifo,,,,,,47.00,Inventory,true,true,true,false,false,false,,,,,,,,false,,
99381000009380748,APCPQ Power code connector,APCC,,,,,true,,,84239020,FALSE,,INR 60.00,INR 150.00,Sales,,0.00,0.00,0.00,0.00,cm,kg,,true,,,goods,APCPQ Power code connector,,,,,,,,,,GST18,18.000000,Group,IGST18,18.000000,Simple,1,,,Active,nos,nos,INR 20.00,Cost of Goods Sold,,,Inventory Asset,,fifo,,,,,,6.00,Inventory,true,true,true,false,false,false,,,,,,,,false,,
99381000009380767,APCPQ Pan holder,APCPQ2,,,,,true,,,84239020,FALSE,,INR 40.00,INR 100.00,Sales,,0.00,0.00,0.00,0.00,cm,kg,,true,,,goods,APCPQ Pan holder,,,,,,,,,,GST18,18.000000,Group,IGST18,18.000000,Simple,1,,,Active,nos,nos,INR 27.00,Cost of Goods Sold,,,Inventory Asset,,fifo,,,,,,11.00,Inventory,true,true,true,false,false,false,,,,,,,,false,,
99381000009380786,APCPQ Pan,APCPQ1,,,,,true,,,84239020,FALSE,,INR 260.00,INR 650.00,Sales,,0.00,0.00,0.00,0.00,cm,kg,,true,,,goods,APCPQ Pan,,,,,,,,,,GST18,18.000000,Group,IGST18,18.000000,Simple,1,,,Active,nos,nos,INR 178.00,Cost of Goods Sold,,,Inventory Asset,,fifo,,,,,,9.00,Inventory,true,true,true,false,false,false,,,,,,,,false,,
99381000009380805,APCQ Pole pipe,APCQPO,,,,,true,,,84239020,FALSE,,INR 88.00,INR 220.00,Sales,,0.00,0.00,0.00,0.00,cm,kg,,true,,,goods,APCQ Pole pipe,,,,,,,,,,GST18,18.000000,Group,IGST18,18.000000,Simple,1,,,Active,nos,nos,INR 55.00,Cost of Goods Sold,,,Inventory Asset,,fifo,,,,,,11.00,Inventory,true,true,true,false,false,false,,,,,,,,false,,
99381000009380824,APCPQ Leg,APCPQL,,,,,true,,,84239020,FALSE,,INR 3.00,INR 75.00,Sales,,0.00,0.00,0.00,0.00,cm,kg,,true,,,goods,APCPQ Leg,,,,,,,,,,GST18,18.000000,Group,IGST18,18.000000,Simple,1,,,Active,nos,nos,INR 17.00,Cost of Goods Sold,,,Inventory Asset,,fifo,,,,,,1472.00,Inventory,true,true,true,false,false,false,,,,,,,,false,,
99381000009380843,APCPQ Keypad,APCPQK,,,,,true,,,84239020,FALSE,,INR 130.00,INR 325.00,Sales,,0.00,0.00,0.00,0.00,cm,kg,,true,,,goods,APCPQ Keypad,,,,,,,,,,GST18,18.000000,Group,IGST18,18.000000,Simple,1,,,Active,nos,nos,INR 92.00,Cost of Goods Sold,,,Inventory Asset,,fifo,,,,,,55.00,Inventory,true,true,true,false,false,false,,,,,,,,false,,
99381000009380862,APCPQ Body set top case,ABSTC,,,,,true,,,84239020,FALSE,,INR 320.00,INR 800.00,Sales,,0.00,0.00,0.00,0.00,cm,kg,,true,,,goods,APCPQ Body set top case,,,,,,,,,,GST18,18.000000,Group,IGST18,18.000000,Simple,1,,,Active,nos,nos,INR 219.00,Cost of Goods Sold,,,Inventory Asset,,fifo,,,,,,6.00,Inventory,true,true,true,false,false,false,,,,,,,,false,,
99381000009380881,APCPQ Body set bottom case,ABSBC,,,,,true,,,84239020,FALSE,,INR 380.00,INR 950.00,Sales,,0.00,0.00,0.00,0.00,cm,kg,,true,,,goods,APCPQ Body set bottom case,,,,,,,,,,GST18,18.000000,Group,IGST18,18.000000,Simple,1,,,Active,nos,nos,INR 260.00,Cost of Goods Sold,,,Inventory Asset,,fifo,,,,,,6.00,Inventory,true,true,true,false,false,false,,,,,,,,false,,
99381000009380900,APCPQ Pole Display case,APDC,,,,,true,,,84239020,FALSE,,INR 150.00,INR 375.00,Sales,,0.00,0.00,0.00,0.00,cm,kg,,true,,,goods,APCPQ Pole Display case,,,,,,,,,,GST18,18.000000,Group,IGST18,18.000000,Simple,1,,,Active,nos,nos,INR 102.00,Cost of Goods Sold,,,Inventory Asset,,fifo,,,,,,4.00,Inventory,true,true,true,false,false,false,,,,,,,,false,,
99381000009380919,APCQ BottomFront Display,APCQBO,,,,,true,,,84239020,FALSE,,INR 130.00,INR 325.00,Sales,,0.00,0.00,0.00,0.00,cm,kg,,true,,,goods,APCQ BottomFront Display,,,,,,,,,,GST18,18.000000,Group,IGST18,18.000000,Simple,1,,,Active,nos,nos,INR 100.00,Cost of Goods Sold,,,Inventory Asset,,fifo,,,,,,18.00,Inventory,true,true,true,false,false,false,,,,,,,,false,,
99381000009504047,ECS INDICATOR DISPALY STICKER,EIDS,,,,,true,,,84239020,FALSE,,INR 125.00,INR 312.50,Sales,,0.00,0.00,0.00,0.00,cm,kg,,true,,,goods,ECS INDICATOR DISPALY STICKER,,,,,,,,,,GST18,18.000000,Group,IGST18,18.000000,Simple,1,,,Active,nos,nos,INR 75.00,Cost of Goods Sold,,,Inventory Asset,,fifo,,,,,,9.00,Inventory,true,true,true,false,false,false,,,,,,,,false,,
99381000009504066,ECS/LBL DISPLAY CABLE (45CM),ECS833,,,,,true,,,84239020,FALSE,,INR 175.00,,Sales,,0.00,0.00,0.00,0.00,cm,kg,,true,,,goods,ECS/LBL DISPLAY CABLE (45CM),,,,,,,,,,GST18,18.000000,Group,IGST18,18.000000,Simple,1,,,Active,nos,nos,INR 119.00,Cost of Goods Sold,,,Inventory Asset,,fifo,,,,,,31.00,Inventory,true,true,true,false,false,false,,,,,,,,false,,
99381000009504085,ECS/LBL PRINTER CABLE,ECS832,,,,,true,,,84239020,FALSE,,INR 100.00,INR 250.00,Sales,,0.00,0.00,0.00,0.00,cm,kg,,true,,,goods,ECS/LBL PRINTER CABLE,,,,,,,,,,GST18,18.000000,Group,IGST18,18.000000,Simple,1,,,Active,nos,nos,INR 60.00,Cost of Goods Sold,,,Inventory Asset,,fifo,,,,,,19.00,Inventory,true,true,true,false,false,false,,,,,,,,false,,
99381000009504104,SS ADAPTOR 0.1MG,SA01,,,,,true,,,84239020,FALSE,,INR 270.00,INR 675.00,Sales,,0.00,0.00,0.00,0.00,cm,kg,,true,,,goods,SS ADAPTOR 0.1MG,,,,,,,,,,GST18,18.000000,Group,IGST18,18.000000,Simple,1,,,Active,nos,nos,INR 120.00,Cost of Goods Sold,,,Inventory Asset,,fifo,,,,,,2.00,Inventory,true,true,true,false,false,false,,,,,,,,false,,
99381000009504123,Q9LBL DISPLAY STICKER FRONT OEM,Q9745,,,,,true,,,84239020,FALSE,,INR 90.00,,Sales,,0.00,0.00,0.00,0.00,cm,kg,,true,,,goods,Q9LBL DISPLAY STICKER FRONT OEM,,,,,,,,,,GST18,18.000000,Group,IGST18,18.000000,Simple,1,,,Active,nos,nos,INR 38.00,Cost of Goods Sold,,,Inventory Asset,,fifo,,,,,,32.00,Inventory,true,true,true,false,false,false,,,,,,,,false,,
99381000009504142,ECS5W/Q10 OEM BACK DISPLAY STICKER (BLACK),ECS834,,,,,true,,,84239020,FALSE,,INR 90.00,INR 225.00,Sales,,0.00,0.00,0.00,0.00,cm,kg,,true,,,goods,ECS5W/Q10 OEM BACK DISPLAY STICKER (BLACK),,,,,,,,,,GST18,18.000000,Group,IGST18,18.000000,Simple,1,,,Active,nos,nos,INR 38.00,Cost of Goods Sold,,,Inventory Asset,,fifo,,,,,,40.00,Inventory,true,true,true,false,false,false,,,,,,,,false,,
99381000009504161,Q9LBL OEM BACK DISPLAY STICKER (BLACK),Q9746,,,,,true,,,84239020,FALSE,,INR 90.00,,Sales,,0.00,0.00,0.00,0.00,cm,kg,,true,,,goods,Q9LBL OEM BACK DISPLAY STICKER (BLACK),,,,,,,,,,GST18,18.000000,Group,IGST18,18.000000,Simple,1,,,Active,nos,nos,INR 38.00,Cost of Goods Sold,,,Inventory Asset,,fifo,,,,,,28.00,Inventory,true,true,true,false,false,false,,,,,,,,false,,
99381000009504180,Q9LBL OEM FRONT DISPLAY STICKER (BLACK),Q9747,,,,,true,,,84239020,FALSE,,INR 90.00,,Sales,,0.00,0.00,0.00,0.00,cm,kg,,true,,,goods,Q9LBL OEM FRONT DISPLAY STICKER (BLACK),,,,,,,,,,GST18,18.000000,Group,IGST18,18.000000,Simple,1,,,Active,nos,nos,INR 38.00,Cost of Goods Sold,,,Inventory Asset,,fifo,,,,,,20.00,Inventory,true,true,true,false,false,false,,,,,,,,false,,
99381000009504199,Q9/Q10LBL OEM KEYPAD STICKER (BLACK),Q9748,,,,,true,,,84239020,FALSE,,INR 185.00,INR 462.50,Sales,,0.00,0.00,0.00,0.00,cm,kg,,true,,,goods,Q9/Q10LBL OEM KEYPAD STICKER (BLACK),,,,,,,,,,GST18,18.000000,Group,IGST18,18.000000,Simple,1,,,Active,nos,nos,INR 38.00,Cost of Goods Sold,,,Inventory Asset,,fifo,,,,,,0.00,Inventory,true,true,true,false,false,false,,,,,,,,false,,
99381000009504218,ECS5W/Q10LBL OEM KEYPAD STICKER (BLACK),ECS835,,,,,true,,,84239020,FALSE,,INR 90.00,INR 225.00,Sales,,0.00,0.00,0.00,0.00,cm,kg,,true,,,goods,ECS5W/Q10LBL OEM KEYPAD STICKER (BLACK),,,,,,,,,,GST18,18.000000,Group,IGST18,18.000000,Simple,1,,,Active,nos,nos,INR 38.00,Cost of Goods Sold,,,Inventory Asset,,fifo,,,,,,37.00,Inventory,true,true,true,false,false,false,,,,,,,,false,,
99381000009504237,ECS5W/Q10LBL KEYPAD STICKER (BLACK),ECS836,,,,,true,,,84239020,FALSE,,INR 185.00,INR 462.50,Sales,,0.00,0.00,0.00,0.00,cm,kg,,true,,,goods,ECS5W/Q10LBL KEYPAD STICKER (BLACK),,,,,,,,,,GST18,18.000000,Group,IGST18,18.000000,Simple,1,,,Active,nos,nos,INR 38.00,Cost of Goods Sold,,,Inventory Asset,,fifo,,,,,,10.00,Inventory,true,true,true,false,false,false,,,,,,,,false,,
99381000009504256,ECS5W/Q10 OEM FRONT DISPLAY STICKER (BLACK),ECS837,,,,,true,,,84239020,FALSE,,INR 90.00,INR 225.00,Sales,,0.00,0.00,0.00,0.00,cm,kg,,true,,,goods,ECS5W/Q10 OEM FRONT DISPLAY STICKER (BLACK),,,,,,,,,,GST18,18.000000,Group,IGST18,18.000000,Simple,1,,,Active,nos,nos,INR 38.00,Cost of Goods Sold,,,Inventory Asset,,fifo,,,,,,51.00,Inventory,true,true,true,false,false,false,,,,,,,,false,,
99381000009504275,Q9/Q10LBL KEYPAD STICKER (BLACK),Q9749,,,,,true,,,84239020,FALSE,,INR 185.00,INR 462.50,Sales,,0.00,0.00,0.00,0.00,cm,kg,,true,,,goods,Q9/Q10LBL KEYPAD STICKER (BLACK),,,,,,,,,,GST18,18.000000,Group,IGST18,18.000000,Simple,1,,,Active,nos,nos,INR 38.00,Cost of Goods Sold,,,Inventory Asset,,fifo,,,,,,4.00,Inventory,true,true,true,false,false,false,,,,,,,,false,,
99381000009504294,Q10ECS/LBL DISPLAY STICKER FRONT,Q9750,,,,,true,,,84239020,FALSE,,INR 90.00,INR 225.00,Sales,,0.00,0.00,0.00,0.00,cm,kg,,true,,,goods,Q10ECS/LBL DISPLAY STICKER FRONT,,,,,,,,,,GST18,18.000000,Group,IGST18,18.000000,Simple,1,,,Active,nos,nos,INR 38.00,Cost of Goods Sold,,,Inventory Asset,,fifo,,,,,,20.00,Inventory,true,true,true,false,false,false,,,,,,,,false,,
99381000009504313,Q10ECS/LBL DISPLAY STICKER BACK,Q9751,,,,,true,,,84239020,FALSE,,INR 90.00,INR 225.00,Sales,,0.00,0.00,0.00,0.00,cm,kg,,true,,,goods,Q10ECS/LBL DISPLAY STICKER BACK,,,,,,,,,,GST18,18.000000,Group,IGST18,18.000000,Simple,1,,,Active,nos,nos,INR 38.00,Cost of Goods Sold,,,Inventory Asset,,fifo,,,,,,20.00,Inventory,true,true,true,false,false,false,,,,,,,,false,,
99381000009504332,Q9LBL DISPLAY PLASTIC CASE SET,Q9752,,,,,true,,,84239020,FALSE,,INR 280.00,,Sales,,0.00,0.00,0.00,0.00,cm,kg,,true,,,goods,Q9LBL DISPLAY PLASTIC CASE SET,,,,,,,,,,GST18,18.000000,Group,IGST18,18.000000,Simple,1,,,Active,nos,nos,INR 150.00,Cost of Goods Sold,,,Inventory Asset,,fifo,,,,,,8.00,Inventory,true,true,true,false,false,false,,,,,,,,false,,
99381000009504351,CCM display & Keypad sticker,CCM114,,,,,true,,,84239020,FALSE,,INR 290.00,INR 725.00,Sales,,0.00,0.00,0.00,0.00,cm,kg,,true,,,goods,CCM display & Keypad sticker,,,,,,,,,,GST18,18.000000,Group,IGST18,18.000000,Simple,1,,,Active,nos,nos,INR 119.00,Cost of Goods Sold,,,Inventory Asset,,fifo,,,,,,17.00,Inventory,true,true,true,false,false,false,,,,,,,,false,,
99381000009504370,CCM ROTATE WHEEL,CCM115,,,,,true,,,84239020,FALSE,,INR 60.00,INR 150.00,Sales,,0.00,0.00,0.00,0.00,cm,kg,,true,,,goods,CCM ROTATE WHEEL,,,,,,,,,,GST18,18.000000,Group,IGST18,18.000000,Simple,1,,,Active,nos,nos,INR 30.00,Cost of Goods Sold,,,Inventory Asset,,fifo,,,,,,284.00,Inventory,true,true,true,false,false,false,,,,,,,,false,,
99381000009540124,Precision Balance JA203P (210g/0.001g),YSA213P,,,,,true,,,84238190,FALSE,Max : 210g Min : 100mg e: 1mg d : 1mg  Class : I Model :YSA,INR 8000.00,INR 18000.00,Sales,,0.00,0.00,0.00,0.00,cm,kg,,true,,,goods,POS CLOUD Multi shop,Max : 210g Min : 100mg e: 1mg d : 1mg  Class : I Model :YSA,,,,,,,ANALYTICAL SCALES,,GST18,18.000000,Group,IGST18,18.000000,Simple,1,,,Active,nos,nos,INR 5911.00,Cost of Goods Sold,,Max : 210g Min : 100mg e: 1mg d : 1mg  Class : I Model :YSA,Inventory Asset,,fifo,,,,,,11.00,Inventory,true,true,true,false,false,false,,,,,,,,false,,
99381000009540143,Jwellery Scale XY600-2C (600g/0.01g),YSJ612C,,,,,true,,,84238190,FALSE,Max : 610g Min : 200mg e: 10mg d : 10mg Class : II Model :YSJ,INR 4000.00,INR 11000.00,Sales,,0.00,0.00,0.00,0.00,cm,kg,,true,,,goods,KITCHEN SCALE 5Kg,Max : 610g Min : 200mg e: 10mg d : 10mg Class : II Model :YSJ,,,,,,,ANALYTICAL SCALES,,GST18,18.000000,Group,IGST18,18.000000,Simple,1,,,Active,nos,nos,INR 3130.00,Cost of Goods Sold,,Max : 610g Min : 200mg e: 10mg d : 10mg Class : II Model :YSJ,Inventory Asset,,fifo,,,,,,2.00,Inventory,true,true,true,false,false,false,,,,,,,,false,,
99381000009540162,Jwellery Scale XY3000-2C (3100g/0.01g),YSJ3102C,,,,,true,,,84238190,FALSE,Max : 3100g Min : 200mg e: 10mg d : 10mg Class II Model :YSJ,INR 9500.00,INR 18500.00,Sales,,0.00,0.00,0.00,0.00,cm,kg,,true,,,goods,KITCHEN SCALE 5Kg,Max : 3100g Min : 200mg e: 10mg d : 10mg Class II Model :YSJ,,,,,,,ANALYTICAL SCALES,,GST18,18.000000,Group,IGST18,18.000000,Simple,1,,,Active,nos,nos,INR 6482.00,Cost of Goods Sold,,Max : 3100g Min : 200mg e: 10mg d : 10mg Class II Model :YSJ,Inventory Asset,,fifo,,,,,,2.00,Inventory,true,true,true,false,false,false,,,,,,,,false,,
99381000009540189,Moisture Analyzer  XY100MW (110g/0.001g),YSJ100MW,,,,,true,,,84238190,FALSE,"Max : 110g, Min : 100mg e: 1mg d: 1mg
Class : I",INR 72000.00,INR 95000.00,Sales,,0.00,0.00,0.00,0.00,cm,kg,,true,,,goods,PLATFORM SCALE -BENCH (G-QZ1),"Max : 110g, Min : 100mg e: 1mg d: 1mg
Class : I",,,,,,,ANALYTICAL SCALES,,GST18,18.000000,Group,IGST18,18.000000,Simple,1,,,Inactive,nos,nos,INR 50529.00,Cost of Goods Sold,,"Max : 110g, Min : 100mg e: 1mg d: 1mg Class : I",Inventory Asset,,fifo,,,,,,0.00,Inventory,true,true,true,false,false,false,,,,,,,,false,,
99381000009540208,Density Balance X600-2CM (610g/0.01g),YSJ612CM,,,,,true,,,84238190,FALSE,"Max : 610g, Min : 200mg e: 10mg d: 10mg Class : II",INR 14000.00,INR 26000.00,Sales,,0.00,0.00,0.00,0.00,cm,kg,,true,,,goods,Density Balance X600-2CM (610g/0.01g),,,,,,,,ANALYTICAL SCALES,,GST18,18.000000,Group,IGST18,18.000000,Simple,1,,,Active,nos,nos,INR 10355.00,Cost of Goods Sold,,"Max : 610g, Min : 200mg e: 10mg d: 10mg Class : II",Inventory Asset,,fifo,,,,,,1.00,Inventory,true,true,true,false,false,false,,,,,,,,false,,
99381000009540231,Precision Balance JA603 (600g/0.001g),YSA603JA,,,,,true,,,84238190,FALSE,Max : 600g Min : 100mg e: 1mg d : 1mg Class : I Model :YSA,INR 27000.00,INR 40000.00,Sales,,0.00,0.00,0.00,0.00,cm,kg,,true,,,goods,POS CLOUD Multi shop,Max : 600g Min : 100mg e: 1mg d : 1mg Class : I Model :YSA,,,,,,,ANALYTICAL SCALES,,GST18,18.000000,Group,IGST18,18.000000,Simple,1,,,Active,nos,nos,INR 20694.00,Cost of Goods Sold,,Max : 600g Min : 100mg e: 1mg d : 1mg Class : I Model :YSA,Inventory Asset,,fifo,,,,,,2.00,Inventory,true,true,true,false,false,false,,,,,,,,false,,
99381000009552528,"SCANGLE-POS TERMINAL SGT- 664 i5 15.6""",SGT664HDD280,,,,,true,,,84714190,FALSE,"SCANGLE  DESKTOP WINDOWS POS
INTEL i5 3RD GEN WINDOWS 10, 4GB+128GB SSD, 15.6'' FRONT DISPLAY, ALLUMINIUM FOLDABLE BODY,COLOUR : BLACK
",INR 32500.00,INR 81250.00,Sales,,0.00,0.00,0.00,0.00,cm,kg,,true,,,goods,"SCANGLE-POS TERMINAL SGT-i8 15.6""  i5 5TH GEN","SCANGLE  DESKTOP WINDOWS POS
INTEL i5 3RD GEN WINDOWS 10, 4GB+128GB SSD, 15.6'' FRONT DISPLAY, ALLUMINIUM FOLDABLE BODY,COLOUR : BLACK
",,,,,,,TOUCH POS SYSTEMS,,GST18,18.000000,Group,IGST18,18.000000,Simple,1,,,Inactive,nos,nos,INR 25000.00,Cost of Goods Sold,,"SCANGLE  DESKTOP WINDOWS POS
INTEL i5 3RD GEN WINDOWS 10, 4GB+128GB SSD, 15.6'' FRONT DISPLAY, ALLUMINIUM FOLDABLE BODY,COLOUR : BLACK
",Inventory Asset,,fifo,,,,,,0.00,Inventory,true,true,true,false,false,false,,,,,,,,false,,
99381000009552547,SCANGLE - POS TERMINAL SGT-101 (A12PRO),SGT101116,,,,,true,,,84714190,FALSE,"SCANGLE ALL IN ONE ANDROID POS
RK3566QUAD CORE ANDROID 11, 2GB+16GB, 11.6'' IPS SCREEN, 80mm THERMAL PRINTER",INR 21500.00,INR 53750.00,Sales,,0.00,0.00,0.00,0.00,cm,kg,,true,,,goods,"SCANGLE - POS TERMINAL SGT-664i5 15"" AFB (8GB)","SCANGLE ALL IN ONE ANDROID POS
RK3566QUAD CORE ANDROID 11, 2GB+16GB, 11.6'' IPS SCREEN, 80mm THERMAL PRINTER",,,,,,,TOUCH POS SYSTEMS,,GST18,18.000000,Group,IGST18,18.000000,Simple,1,,,Inactive,nos,nos,INR 16250.00,Cost of Goods Sold,,"SCANGLE ALL IN ONE ANDROID POS
RK3566QUAD CORE ANDROID 11, 2GB+16GB, 11.6'' IPS SCREEN, 80mm THERMAL PRINTER",Inventory Asset,,fifo,,,,,,0.00,Inventory,true,true,true,false,false,false,,,,,,,,false,,
99381000009552566,"Portable POS 5"" Q3",Q3,,,,,true,,,84714190,FALSE,"PROCESSOR: MTK6580(1.3GHz), 5'' IPS DISPLAY, RAM:1GB  ROM:8GB, PPRINTER: 58MM(2'')
",INR 10000.00,INR 25000.00,Sales,,0.00,0.00,0.00,0.00,cm,kg,,true,,,goods,"SCANGLE - POS TERMINAL SGT-668A 15.6"" (WH-4GB)","PROCESSOR: MTK6580(1.3GHz), 5'' IPS DISPLAY, RAM:1GB  ROM:8GB, PPRINTER: 58MM(2'')
",,,,,,,TOUCH POS SYSTEMS,,GST18,18.000000,Group,IGST18,18.000000,Simple,1,,,Active,nos,nos,INR 7900.00,Cost of Goods Sold,,"PROCESSOR: MTK6580(1.3GHz), 5'' IPS DISPLAY, RAM:1GB  ROM:8GB, PPRINTER: 58MM(2'')
",Inventory Asset,,fifo,,,,,,31.00,Inventory,true,true,true,false,false,false,,,,,,,,false,,
99381000009552593,SCANGLE - CASH DRAWER 5 CONTAINER POS,CASHDRAWERPOS,,,,,true,,,83030000,FALSE,"DIMENSION: 420(W)*410(D)*100(H), BILLS: 5 BILLS, COINS: 5 COINS ,INTERFACE: RJ11/USB/RS232
",INR 2750.00,INR 6875.00,Sales,,0.00,0.00,0.00,0.00,cm,kg,,true,,,goods,SCANGLE - BARCODE SERIAL SCANNER  1D HANDY,"DIMENSION: 420(W)*410(D)*100(H), BILLS: 5 BILLS, COINS: 5 COINS ,INTERFACE: RJ11/USB/RS232
",,,,,,,PRINTERS & SCANNERS,,GST18,18.000000,Group,IGST18,18.000000,Simple,1,,,Active,nos,nos,INR 2290.00,Cost of Goods Sold,,"DIMENSION: 420(W)*410(D)*100(H), BILLS: 5 BILLS, COINS: 5 COINS ,INTERFACE: RJ11/USB/RS232
",Inventory Asset,,fifo,,,,,,80.00,Inventory,true,true,true,false,false,false,,,,,,,,false,,
99381000009552612,SCANGLE - POS TERMINAL SGT-A7,SGTA714A12,,,,,true,,,84714190,FALSE,"SCANGLE ALL IN ONE ANDROID POS
RK3566QUAD CORE ANDROID 11, 2GB+16GB,  14'' IPS SCREEN,80mm THERMAL PRINTER AUTO CUTTER",INR 24750.00,INR 61875.00,Sales,,0.00,0.00,0.00,0.00,cm,kg,,true,,,goods,"SCANGLE - POS TERMINAL SGT-668A 15.6"" (WH-4GB)","SCANGLE ALL IN ONE ANDROID POS
RK3566QUAD CORE ANDROID 11, 2GB+16GB,  14'' IPS SCREEN,80mm THERMAL PRINTER AUTO CUTTER",,,,,,,TOUCH POS SYSTEMS,,GST18,18.000000,Group,IGST18,18.000000,Simple,1,,,Inactive,nos,nos,INR 19000.00,Cost of Goods Sold,,"SCANGLE ALL IN ONE ANDROID POS
RK3566QUAD CORE ANDROID 11, 2GB+16GB,  14'' IPS SCREEN,80mm THERMAL PRINTER AUTO CUTTER",Inventory Asset,,fifo,,,,,,0.00,Inventory,true,true,true,false,false,false,,,,,,,,false,,
99381000009552631,"SCANGLE - POS TERMINAL SGT-668A 14""",SGT665A14,,,,,true,,,84702900,FALSE,"RK3566/2GB/16GB DDR3, 14''  FRONT DISPLAY HD, CAPACITIVE TP, ANDROID 11, ALUMINIUM FOLDABLE BODY
",INR 19000.00,INR 47500.00,Sales,,0.00,0.00,0.00,0.00,cm,kg,,true,,,goods,"SCANGLE - POS TERMINAL SGT-664i5 15"" AFB (8GB)","RK3566/2GB/16GB DDR3, 14''  FRONT DISPLAY HD, CAPACITIVE TP, ANDROID 11, ALUMINIUM FOLDABLE BODY
",,,,,,,TOUCH POS SYSTEMS,,GST18,18.000000,Group,IGST18,18.000000,Simple,1,,,Inactive,nos,nos,INR 14650.00,Cost of Goods Sold,,"RK3566/2GB/16GB DDR3, 14''  FRONT DISPLAY HD, CAPACITIVE TP, ANDROID 11, ALUMINIUM FOLDABLE BODY
",Inventory Asset,,fifo,,,,,,0.00,Inventory,true,true,true,false,false,false,,,,,,,,false,,
99381000009552652,SCANGLE - BARCODE SCANNER EF10 1D HANDY,PT60SCR7,,,,,true,,,84716050,FALSE,"SCANGLE BARCODE SCANNER
TYPE: CCD, INTERFACE: USB
",INR 1200.00,INR 3000.00,Sales,,0.00,0.00,0.00,0.00,cm,kg,,true,,,goods,SCANGLE - BARCODE SERIAL SCANNER  1D HANDY,"SCANGLE BARCODE SCANNER
TYPE: CCD, INTERFACE: USB
",,,,,,,PRINTERS & SCANNERS,,GST18,18.000000,Group,IGST18,18.000000,Simple,1,,,Inactive,nos,nos,INR 950.00,Cost of Goods Sold,,"SCANGLE BARCODE SCANNER
TYPE: CCD, INTERFACE: USB
",Inventory Asset,,fifo,,,,,,0.00,Inventory,true,true,true,false,false,false,,,,,,,,false,,
99381000009552671,"POS TERMINAL 15"" Windows i3",280FI3,,,,,true,,,84714190,FALSE,"PROCESSOR: INTEL i3 3RD GEN , 4GB +128 GB SSD, 15'' FRONT DISPLAY, ALUMINIUM ALLOY CASE,COLOUR: BLACK 
",INR 30500.00,INR 38000.00,Sales,,0.00,0.00,0.00,0.00,cm,kg,,true,,,goods,SCANGLE-All IN ONE POS TERMINAL - Scale,"PROCESSOR: INTEL i3 3RD GEN , 4GB +128 GB SSD, 15'' FRONT DISPLAY, ALUMINIUM ALLOY CASE,COLOUR: BLACK 
",,,,,,,TOUCH POS SYSTEMS,,GST18,18.000000,Group,IGST18,18.000000,Simple,1,,,Active,nos,nos,INR 24500.00,Cost of Goods Sold,,"PROCESSOR: INTEL i3 3RD GEN , 4GB +128 GB SSD, 15'' FRONT DISPLAY, ALUMINIUM ALLOY CASE,COLOUR: BLACK 
",Inventory Asset,,fifo,,,,,,1.00,Inventory,true,true,true,false,false,false,,,,,,,,false,,
99381000009552716,"POS Terminal 15.6"" Android",668A156,,,,,true,,,84714190,FALSE,"SKU: 664A, RK3566/2GB/16GB DDR3, 15.6''  FRONT DISPLAY HD, CAPACITIVE TP, ANDROID 11 GOOGLE PLAY WIFI/BT, ALUMINIUM FOLDABLE BODY
",INR 23000.00,INR 30000.00,Sales,,0.00,0.00,0.00,0.00,cm,kg,,true,,,goods,"SCANGLE - POS TERMINAL SGT-664i5 15"" AFB (8GB)","SKU: 664A, RK3566/2GB/16GB DDR3, 15.6''  FRONT DISPLAY HD, CAPACITIVE TP, ANDROID 11 GOOGLE PLAY WIFI/BT, ALUMINIUM FOLDABLE BODY
",,,,,,,TOUCH POS SYSTEMS,,GST18,18.000000,Group,IGST18,18.000000,Simple,1,,,Active,nos,nos,INR 19050.00,Cost of Goods Sold,,"SKU: 664A, RK3566/2GB/16GB DDR3, 15.6''  FRONT DISPLAY HD, CAPACITIVE TP, ANDROID 11 GOOGLE PLAY WIFI/BT, ALUMINIUM FOLDABLE BODY
",Inventory Asset,,fifo,,,,,,4.00,Inventory,true,true,true,false,false,false,,,,,,,,false,,
99381000009552737,SCANGLE - THERMAL PRINTER SGT-88IV(U+L),XP350BUL,,,,,true,,,84433290,FALSE,"SCANGLE THERMAL PRINER
INTERFACE : USB+LAN,PRINTER : 80mm",INR 4200.00,INR 10500.00,Sales,,0.00,0.00,0.00,0.00,cm,kg,,true,,,goods,SCANGLE-All IN ONE POS TERMINAL - Scale,"SCANGLE THERMAL PRINER
INTERFACE : USB+LAN,PRINTER : 80mm",,,,,,,PRINTERS & SCANNERS,,GST18,18.000000,Group,IGST18,18.000000,Simple,1,,,Active,nos,nos,INR 3350.00,Cost of Goods Sold,,"SCANGLE THERMAL PRINER
INTERFACE : USB+LAN,PRINTER : 80mm",Inventory Asset,,fifo,,,,,,2.00,Inventory,true,true,true,false,false,false,,,,,,,,false,,
99381000009552762,SCANGLE - THERMAL PRINTER WITH BLUETOOTH,XP350BBT,,,,,true,,,84433290,FALSE,"SCANGLE THERMAL PRINER
INTERFACE : USB+BLUETOOTH,PRINTER : 80mm",INR 4700.00,INR 11750.00,Sales,,0.00,0.00,0.00,0.00,cm,kg,,true,,,goods,SCANGLE-All IN ONE POS TERMINAL - Scale,"SCANGLE THERMAL PRINER
INTERFACE : USB+BLUETOOTH,PRINTER : 80mm",,,,,,,PRINTERS & SCANNERS,,GST18,18.000000,Group,IGST18,18.000000,Simple,1,,,Active,nos,nos,INR 3750.00,Cost of Goods Sold,,"SCANGLE THERMAL PRINER
INTERFACE : USB+BLUETOOTH,PRINTER : 80mm",Inventory Asset,,fifo,,,,,,1.00,Inventory,true,true,true,false,false,false,,,,,,,,false,,
99381000009552781,SCANGLE - THERMAL PRINTER WITH WIFI,XP350BW,,,,,true,,,84433290,FALSE,"SCANGLE THERMAL PRINER
INTERFACE :USB+ WIFI,PRINTER : 80mm",INR 4700.00,INR 11750.00,Sales,,0.00,0.00,0.00,0.00,cm,kg,,true,,,goods,SCANGLE-All IN ONE POS TERMINAL - Scale,"SCANGLE THERMAL PRINER
INTERFACE :USB+ WIFI,PRINTER : 80mm",,,,,,,PRINTERS & SCANNERS,,GST18,18.000000,Group,IGST18,18.000000,Simple,1,,,Active,nos,nos,INR 3750.00,Cost of Goods Sold,,"SCANGLE THERMAL PRINER
INTERFACE :USB+ WIFI,PRINTER : 80mm",Inventory Asset,,fifo,,,,,,4.00,Inventory,true,true,true,false,false,false,,,,,,,,false,,
99381000009557023,"Portable POS 5"" Q6",Q6,,,,,true,,,84714190,FALSE,"SCANGLE HAND HELD ANDROID POS
MTK6580(1.3GHz) ANDROID 11,2GB+16GB,       5'' IPS DISPLAY,  58mm(2'') THERMAL PRINTER  , WIFI WITH 4G
",INR 11500.00,INR 28750.00,Sales,,0.00,0.00,0.00,0.00,cm,kg,,true,,,goods,"SCANGLE - POS TERMINAL SGT-668A 15.6"" (WH-4GB)","SCANGLE HAND HELD ANDROID POS
MTK6580(1.3GHz) ANDROID 11,2GB+16GB,       5'' IPS DISPLAY,  58mm(2'') THERMAL PRINTER  , WIFI WITH 4G
",,,,,,,TOUCH POS SYSTEMS,,GST18,18.000000,Group,IGST18,18.000000,Simple,1,,,Active,nos,nos,INR 8800.00,Cost of Goods Sold,,"SCANGLE HAND HELD ANDROID POS
MTK6580(1.3GHz) ANDROID 11,2GB+16GB,       5'' IPS DISPLAY,  58mm(2'') THERMAL PRINTER  , WIFI WITH 4G
",Inventory Asset,,fifo,,,,,,2.00,Inventory,true,true,true,false,false,false,,,,,,,,false,,
99381000009557042,"Portable POS 5"" Q6 NFC",Q6NFC,,,,,true,,,84714190,FALSE,"SCANGLE HAND HELD ANDROID POS
MTK6580(1.3GHz) ANDROID 11,2GB+16GB,       5'' IPS DISPLAY, 58mm(2'') THERMAL PRINTER, WIFI WITH 4G + NFC",INR 14000.00,INR 35000.00,Sales,,0.00,0.00,0.00,0.00,cm,kg,,true,,,goods,"SCANGLE - POS TERMINAL SGT-668A 15.6"" (WH-4GB)","SCANGLE HAND HELD ANDROID POS
MTK6580(1.3GHz) ANDROID 11,2GB+16GB,       5'' IPS DISPLAY, 58mm(2'') THERMAL PRINTER, WIFI WITH 4G + NFC",,,,,,,TOUCH POS SYSTEMS,,GST18,18.000000,Group,IGST18,18.000000,Simple,1,,,Active,nos,nos,INR 11300.00,Cost of Goods Sold,,"SCANGLE HAND HELD ANDROID POS
MTK6580(1.3GHz) ANDROID 11,2GB+16GB,       5'' IPS DISPLAY, 58mm(2'') THERMAL PRINTER, WIFI WITH 4G + NFC",Inventory Asset,,fifo,,,,,,1.00,Inventory,true,true,true,false,false,false,,,,,,,,false,,
99381000009557063,SCANGLE - BARCODE 2D SCANNER PT-138,PT138SCR88,,,,,true,,,84733099,FALSE,,INR 3600.00,INR 9000.00,Sales,,0.00,0.00,0.00,0.00,cm,kg,,true,,,goods,SCANGLE - BARCODE SERIAL SCANNER  1D HANDY,,,,,,,,PRINTERS & SCANNERS,,GST18,18.000000,Group,IGST18,18.000000,Simple,1,,,Active,nos,nos,INR 2000.00,Cost of Goods Sold,,,Inventory Asset,,fifo,,,,,,2.00,Inventory,true,true,true,false,false,false,,,,,,,,false,,
99381000009557082,SCANGLE - LABEL PRINTER THERMAL TRANSFER,XPTT426B,,,,,true,,,84433290,FALSE,,INR 8750.00,INR 21875.00,Sales,,0.00,0.00,0.00,0.00,cm,kg,,true,,,goods,SCANGLE - BARCODE SERIAL SCANNER  1D HANDY,,,,,,,,PRINTERS & SCANNERS,,GST18,18.000000,Group,IGST18,18.000000,Simple,1,,,Inactive,nos,nos,INR 7100.00,Cost of Goods Sold,,,Inventory Asset,,fifo,,,,,,0.00,Inventory,true,true,true,false,false,false,,,,,,,,false,,
99381000009564893,ATM PC GREEN FRONT DISPLAY,APGFD,,,,,true,,,84239020,FALSE,,INR 160.00,INR 400.00,Sales,,0.00,0.00,0.00,0.00,cm,kg,,true,,,goods,ATM PC GREEN FRONT DISPLAY,,,,,,,,,,GST18,18.000000,Group,IGST18,18.000000,Simple,1,,,Active,nos,nos,INR 115.00,Cost of Goods Sold,,,Inventory Asset,,fifo,,,,,,2.00,Inventory,true,true,true,false,false,false,,,,,,,,false,,
99381000009564912,LOAD CELL PROTECTION COVER 700KG,LCPC70,,,,,true,,,84239020,FALSE,,INR 150.00,INR 375.00,Sales,,0.00,0.00,0.00,0.00,cm,kg,,true,,,goods,LOAD CELL PROTECTION COVER 700KG,,,,,,,,,,GST18,18.000000,Group,IGST18,18.000000,Simple,1,,,Active,nos,nos,INR 70.00,Cost of Goods Sold,,,Inventory Asset,,fifo,,,,,,50.00,Inventory,true,true,true,false,false,false,,,,,,,,false,,
99381000009564931,LOAD CELL PROTECTION COVER 400KG,LCPC40,,,,,true,,,84239020,FALSE,,INR 100.00,INR 250.00,Sales,,0.00,0.00,0.00,0.00,cm,kg,,true,,,goods,LOAD CELL PROTECTION COVER 400KG,,,,,,,,,,GST18,18.000000,Group,IGST18,18.000000,Simple,1,,,Active,nos,nos,INR 40.00,Cost of Goods Sold,,,Inventory Asset,,fifo,,,,,,6.00,Inventory,true,true,true,false,false,false,,,,,,,,false,,
99381000009564950,LOAD CELL PROTECTION 50 KG,LCPK50,,,,,true,,,84239020,FALSE,,INR 80.00,INR 200.00,Sales,,0.00,0.00,0.00,0.00,cm,kg,,true,,,goods,LOAD CELL PROTECTION 50 KG,,,,,,,,,,GST18,18.000000,Group,IGST18,18.000000,Simple,1,,,Active,nos,nos,INR 30.00,Cost of Goods Sold,,,Inventory Asset,,fifo,,,,,,74.00,Inventory,true,true,true,false,false,false,,,,,,,,false,,
99381000009561730,SCANGLE - THERMAL PRINTER SGT-88IV(USB),EC8004L,,,,,true,,,84433210,FALSE,"USB printer for android pos
",INR 3600.00,INR 9000.00,Sales,,0.00,0.00,0.00,0.00,cm,kg,,true,,,goods,SCANGLE-All IN ONE POS TERMINAL - Scale,"USB printer for android pos
",,,,,,,PRINTERS & SCANNERS,,GST18,18.000000,Group,IGST18,18.000000,Simple,1,,,Active,nos,nos,INR 2900.00,Cost of Goods Sold,,"USB printer for android pos
",Inventory Asset,,fifo,,,,,,4.00,Inventory,true,true,true,false,false,false,,,,,,,,false,,
99381000009561749,SCANGLE - BARCODE SCANNER 1D WIRELESS-EF09,EF09,,,,,true,,,84716050,FALSE,"TYPE: LASER, INTERFACE: USB, SCAN MODE SINGLE LINE SCAN, DECODING SPEED 150 times/Second, TRANSMISSION MODE: 2.4GHz
",INR 2200.00,INR 5500.00,Sales,,0.00,0.00,0.00,0.00,cm,kg,,true,,,goods,SCANGLE - BARCODE SERIAL SCANNER  1D HANDY,"TYPE: LASER, INTERFACE: USB, SCAN MODE SINGLE LINE SCAN, DECODING SPEED 150 times/Second, TRANSMISSION MODE: 2.4GHz
",,,,,,,PRINTERS & SCANNERS,,GST18,18.000000,Group,IGST18,18.000000,Simple,1,,,Active,nos,nos,INR 1500.00,Cost of Goods Sold,,"TYPE: LASER, INTERFACE: USB, SCAN MODE SINGLE LINE SCAN, DECODING SPEED 150 times/Second, TRANSMISSION MODE: 2.4GHz
",Inventory Asset,,fifo,,,,,,1.00,Inventory,true,true,true,false,false,false,,,,,,,,false,,
99381000009675636,Government Stamping Fee / Expense for 600g,SF600,,,,,true,,,998729,FALSE,,INR 485.00,INR 1212.50,Sales,,0.00,0.00,0.00,0.00,cm,kg,,true,,,goods,Government Stamping Fee / Expense for 510g,,,,,,,,Stamping KL,,GST18,18.000000,Group,IGST18,18.000000,Simple,1,,,Inactive,nos,nos,INR 335.00,Cost of Goods Sold,,,Inventory Asset,,fifo,,,,,,0.00,Inventory,true,true,true,false,false,false,,,,,,,,false,,
99381000009797658,ATM30DAD1 Body set top case,ABSTC3,,,,,true,,,84239020,FALSE,,INR 320.00,INR 800.00,Sales,,0.00,0.00,0.00,0.00,cm,kg,,true,,,goods,ATM30DAD1 Body set top case,,,,,,,,,,GST18,18.000000,Group,IGST18,18.000000,Simple,1,,,Active,nos,nos,INR 170.00,Cost of Goods Sold,,,Inventory Asset,,fifo,,,,,,18.00,Inventory,true,true,true,false,false,false,,,,,,,,false,,
99381000009797677,ATM30DAD1 Body set bottom case,ABSBC3,,,,,true,,,84239020,FALSE,,INR 210.00,INR 525.00,Sales,,0.00,0.00,0.00,0.00,cm,kg,,true,,,goods,ATM30DAD1 Body set bottom case,,,,,,,,,,GST18,18.000000,Group,IGST18,18.000000,Simple,1,,,Active,nos,nos,INR 85.00,Cost of Goods Sold,,,Inventory Asset,,fifo,,,,,,20.00,Inventory,true,true,true,false,false,false,,,,,,,,false,,
99381000009797696,ATM30DAD1 PAN bush Leg,APBL30,,,,,true,,,84239020,FALSE,,INR 3.00,INR 50.00,Sales,,0.00,0.00,0.00,0.00,cm,kg,,true,,,goods,ATM30DAD1 PAN bush Leg,,,,,,,,,,GST18,18.000000,Group,IGST18,18.000000,Simple,1,,,Active,nos,nos,INR 6.00,Cost of Goods Sold,,,Inventory Asset,,fifo,,,,,,99.00,Inventory,true,true,true,false,false,false,,,,,,,,false,,
99381000009797715,ATM30DAD1 Display front and back (dual LED),ADFABD,,,,,true,,,84239020,FALSE,,INR 375.00,INR 937.50,Sales,,0.00,0.00,0.00,0.00,cm,kg,,true,,,goods,ATM30DAD1 Display front and back (dual LED),,,,,,,,,,GST18,18.000000,Group,IGST18,18.000000,Simple,1,,,Active,nos,nos,INR 322.00,Cost of Goods Sold,,,Inventory Asset,,fifo,,,,,,58.00,Inventory,true,true,true,false,false,false,,,,,,,,false,,
99381000009797734,ATM30DAD1 Dust Cover,ADC301,,,,,true,,,84239020,FALSE,,INR 65.00,INR 162.50,Sales,,0.00,0.00,0.00,0.00,cm,kg,,true,,,goods,ATM30DAD1 Dust Cover,,,,,,,,,,GST18,18.000000,Group,IGST18,18.000000,Simple,1,,,Active,nos,nos,INR 13.00,Cost of Goods Sold,,,Inventory Asset,,fifo,,,,,,0.00,Inventory,true,true,true,false,false,false,,,,,,,,false,,
99381000009817915,ECS 5W/4W/ECR/INDICATOR Printer Roller,ECS838,,,,,true,,,84239020,FALSE,,INR 210.00,INR 525.00,Sales,,0.00,0.00,0.00,0.00,cm,kg,,true,,,goods,ECS 5W/4W/ECR/INDICATOR Printer Roller,,,,,,,,,,GST18,18.000000,Group,IGST18,18.000000,Simple,1,,,Active,nos,nos,INR 100.00,Cost of Goods Sold,,,Inventory Asset,,fifo,,,,,,47.00,Inventory,true,true,true,false,false,false,,,,,,,,false,,
99381000009819402,BPC50DAD2 WEIGHING PAN,BWP502,,,,,true,,,84239020,FALSE,,INR 400.00,INR 1000.00,Sales,,0.00,0.00,0.00,0.00,cm,kg,,true,,,goods,BPC50DAD2 WEIGHING PAN,,,,,,,,,,GST18,18.000000,Group,IGST18,18.000000,Simple,1,,,Active,nos,nos,INR 212.00,Cost of Goods Sold,,,Inventory Asset,,fifo,,,,,,9.00,Inventory,true,true,true,false,false,false,,,,,,,,false,,
99381000009819421,Bench  Machine Leg,BPCLEG,,,,,true,,,84239020,FALSE,,INR 15.00,INR 50.00,Sales,,0.00,0.00,0.00,0.00,cm,kg,,true,,,goods,Bench  Machine Leg,,,,,,,,,,GST18,18.000000,Group,IGST18,18.000000,Simple,1,,,Active,nos,nos,INR 5.00,Cost of Goods Sold,,,Inventory Asset,,fifo,,,,,,92.00,Inventory,true,true,true,false,false,false,,,,,,,,false,,
99381000009819440,Cord wire 2 pin,2PINCW,,,,,true,,,84239020,FALSE,,INR 50.00,INR 150.00,Sales,,0.00,0.00,0.00,0.00,cm,kg,,true,,,goods,Power Cord with connector,,,,,,,,,,GST18,18.000000,Group,IGST18,18.000000,Simple,1,,,Active,nos,nos,INR 26.00,Cost of Goods Sold,,,Inventory Asset,,fifo,,,,,,152.00,Inventory,true,true,true,false,false,false,,,,,,,,false,,
99381000009819459,BPC50DAD2 Dust Cover,BDC502,,,,,true,,,84239020,FALSE,,INR 35.00,INR 87.50,Sales,,0.00,0.00,0.00,0.00,cm,kg,,true,,,goods,BPC50DAD2 Dust Cover,,,,,,,,,,GST18,18.000000,Group,IGST18,18.000000,Simple,1,,,Active,nos,nos,INR 13.00,Cost of Goods Sold,,,Inventory Asset,,fifo,,,,,,95.00,Inventory,true,true,true,false,false,false,,,,,,,,false,,
99381000009819478,Loadcell Protection cover 50KG 2HOLE,LPC,,,,,true,,,84239020,FALSE,,INR 135.00,INR 337.50,Sales,,0.00,0.00,0.00,0.00,cm,kg,,true,,,goods,Loadcell Protection cover 50KG 2HOLE,,,,,,,,,,GST18,18.000000,Group,IGST18,18.000000,Simple,1,,,Active,nos,nos,INR 42.00,Cost of Goods Sold,,,Inventory Asset,,fifo,,,,,,24.00,Inventory,true,true,true,false,false,false,,,,,,,,false,,
99381000009819497,BPC50DAD2 Loadcell and Indicator connector,BLAIC5,,,,,true,,,84239020,FALSE,,INR 15.00,INR 37.50,Sales,,0.00,0.00,0.00,0.00,cm,kg,,true,,,goods,BPC50DAD2 Loadcell and Indicator connector,,,,,,,,,,GST18,18.000000,Group,IGST18,18.000000,Simple,1,,,Active,nos,nos,INR 5.00,Cost of Goods Sold,,,Inventory Asset,,fifo,,,,,,100.00,Inventory,true,true,true,false,false,false,,,,,,,,false,,
99381000009819516,AY ATM PC-WH Front Display board,AAPWFD,,,,,true,,,84239020,FALSE,,INR 180.00,INR 450.00,Sales,,0.00,0.00,0.00,0.00,cm,kg,,true,,,goods,AY ATM PC-WH Front Display board,,,,,,,,,,GST18,18.000000,Group,IGST18,18.000000,Simple,1,,,Active,nos,nos,INR 130.00,Cost of Goods Sold,,,Inventory Asset,,fifo,,,,,,14.00,Inventory,true,true,true,false,false,false,,,,,,,,false,,
99381000009819535,AY ATM PC-WH Front Display Sticker,AAPWF1,,,,,true,,,84239020,FALSE,,INR 90.00,INR 225.00,Sales,,0.00,0.00,0.00,0.00,cm,kg,,true,,,goods,AY ATM PC-WH Front Display Sticker,,,,,,,,,,GST18,18.000000,Group,IGST18,18.000000,Simple,1,,,Active,nos,nos,INR 40.00,Cost of Goods Sold,,,Inventory Asset,,fifo,,,,,,23.00,Inventory,true,true,true,false,false,false,,,,,,,,false,,
99381000009819554,AY ATM PC-WH Back Display Sticker,AAPWBD,,,,,true,,,84239020,FALSE,,INR 90.00,INR 225.00,Sales,,0.00,0.00,0.00,0.00,cm,kg,,true,,,goods,AY ATM PC-WH Back Display Sticker,,,,,,,,,,GST18,18.000000,Group,IGST18,18.000000,Simple,1,,,Active,nos,nos,INR 40.00,Cost of Goods Sold,,,Inventory Asset,,fifo,,,,,,23.00,Inventory,true,true,true,false,false,false,,,,,,,,false,,
99381000010045245,APCPQ Pole connector,APCPQ3,,,,,true,,,84239020,FALSE,,INR 60.00,INR 150.00,Sales,,0.00,0.00,0.00,0.00,cm,kg,,true,,,goods,APCPQ Pole connector,,,,,,,,,,GST18,18.000000,Group,IGST18,18.000000,Simple,1,,,Active,nos,nos,INR 25.00,Cost of Goods Sold,,,Inventory Asset,,fifo,,,,,,0.00,Inventory,true,true,true,false,false,false,,,,,,,,false,,
99381000010253573,BATTERY 4V 4.5AH UPLUS,BU445,,,,,true,,,85072000,FALSE,,INR 185.00,INR 550.00,Sales,,0.00,0.00,0.00,0.00,cm,kg,,true,,,goods,BATTERY 4V 4.5AH UPLUS,,,,,,,,,,GST18,18.000000,Group,IGST18,18.000000,Simple,1,,,Active,nos,nos,INR 164.00,Cost of Goods Sold,,,Inventory Asset,,fifo,,,,,,43.00,Inventory,true,true,true,false,false,false,,,,,,,,false,,
99381000010397001,SPOS CLOUD SERVICE CHARGE,SPCSC,,,,,false,,,998598,FALSE,,INR 2000.00,INR 5000.00,Sales,,0.00,0.00,0.00,0.00,cm,kg,,true,,,service,SPOS CLOUD SERVICE CHARGE,,,,,,,,,,GST18,18.000000,Group,IGST18,18.000000,Simple,1,,,Inactive,Lumpsum,,INR 0.00,,,,,,,,,,,,,Sales,true,false,false,false,false,false,,,,,,,,false,,
99381000010465420,YS 50G Lock Spring,BPC124,,,,,true,,,84239020,FALSE,,INR 30.00,INR 75.00,Sales,,0.00,0.00,0.00,0.00,cm,kg,,true,,,goods,YS 50G Lock Spring,,,,,,,,,,GST18,18.000000,Group,IGST18,18.000000,Simple,1,,,Active,nos,nos,INR 0.00,Cost of Goods Sold,,,Inventory Asset,,fifo,,,,,,14.00,Inventory,true,true,true,false,false,false,,,,,,,,false,,
99381000010465439,YS 50G Dustcover,YD50,,,,,true,,,84239020,FALSE,,INR 65.00,INR 162.50,Sales,,0.00,0.00,0.00,0.00,cm,kg,,true,,,goods,YS 50G Dustcover,,,,,,,,,,GST18,18.000000,Group,IGST18,18.000000,Simple,1,,,Active,nos,nos,INR 15.00,Cost of Goods Sold,,,Inventory Asset,,fifo,,,,,,18.00,Inventory,true,true,true,false,false,false,,,,,,,,false,,
99381000010465458,ATMWPC white Dust Cover,ATMWDC,,,,,true,,,84239020,FALSE,,INR 65.00,INR 162.50,Sales,,0.00,0.00,0.00,0.00,cm,kg,,true,,,goods,ATMWPC white Dust Cover,,,,,,,,,,GST18,18.000000,Group,IGST18,18.000000,Simple,1,,,Active,nos,nos,INR 15.00,Cost of Goods Sold,,,Inventory Asset,,fifo,,,,,,65.00,Inventory,true,true,true,false,false,false,,,,,,,,false,,
99381000010465477,Loadcell Trolley 800 Kg,LTK800,,,,,true,,,84239020,FALSE,,INR 1400.00,INR 3500.00,Sales,,0.00,0.00,0.00,0.00,cm,kg,,true,,,goods,Loadcell Trolley 800 Kg,,,,,,,,,,GST18,18.000000,Group,IGST18,18.000000,Simple,1,,,Active,nos,nos,INR 800.00,Cost of Goods Sold,,,Inventory Asset,,fifo,,,,,,6.00,Inventory,true,true,true,false,false,false,,,,,,,,false,,
99381000010805630,B3P WEIGHING INDICATOR,B3PIND,,,,,true,,,84231000,FALSE,,INR 5000.00,INR 9000.00,Sales,,0.00,0.00,0.00,0.00,cm,kg,,true,,,goods,B3P WEIGHING INDICATOR,,,,,,,,WEIGHING INDICATORS,,GST18,18.000000,Group,IGST18,18.000000,Simple,1,,,Active,nos,nos,INR 4000.00,Cost of Goods Sold,,,Inventory Asset,,fifo,,,,,,9.00,Inventory,true,true,true,false,false,false,,,,,,,,false,,
99381000010960592,SPOS Standard,SPOSSW01,,,,,false,,,998314,FALSE,,INR 2000.00,INR 5000.00,Sales,,0.00,0.00,0.00,0.00,cm,kg,false,true,,,service,SPOS Standard,,,,,,,,,,GST18,18.000000,Group,IGST18,18.000000,Simple,1,,,Inactive,Lumpsum,,INR 1299.00,Cloud charges,,,Inventory Asset,,,,,,,,,Sales and Purchases,true,true,false,false,false,false,,,,,,,,false,,
99381000010960601,SPOS Premium,SPOSSW02,,,,,false,,,998598,FALSE,,INR 3000.00,INR 7500.00,Sales,,0.00,0.00,0.00,0.00,cm,kg,,true,,,service,SPOS Premium,,,,,,,,,,GST18,18.000000,Group,IGST18,18.000000,Simple,1,,,Inactive,Lumpsum,,INR 2099.00,Cost of Goods Sold,,,Inventory Asset,,,,,,,,,Sales and Purchases,true,true,false,false,false,false,,,,,,,,false,,
99381000010960679,SPOS Additional 1000 products,SPOSSW03,,,,,false,,,998598,FALSE,,INR 1000.00,INR 2500.00,Sales,,0.00,0.00,0.00,0.00,cm,kg,,true,,,service,SPOS Additional 1000 products,,,,,,,,,,GST18,18.000000,Group,IGST18,18.000000,Simple,1,,,Inactive,Lumpsum,,INR 849.00,Cost of Goods Sold,,,Inventory Asset,,,,,,,,,Sales and Purchases,true,true,false,false,false,false,,,,,,,,false,,
99381000010960688,SPOS KOT Support,SPOSSW04,,,,,false,,,998598,FALSE,,INR 2500.00,INR 6250.00,Sales,,0.00,0.00,0.00,0.00,cm,kg,,true,,,service,SPOS KOT Support,,,,,,,,,,GST18,18.000000,Group,IGST18,18.000000,Simple,1,,,Inactive,Lumpsum,,INR 2099.00,Cost of Goods Sold,,,Inventory Asset,,,,,,,,,Sales and Purchases,true,true,false,false,false,false,,,,,,,,false,,
99381000010960697,SPOS Additional one terminal,SPOSSW05,,,,,false,,,998598,FALSE,,INR 850.00,INR 2125.00,Sales,,0.00,0.00,0.00,0.00,cm,kg,false,true,,,service,SPOS Additional one terminal,,,,,,,,,,GST18,18.000000,Group,IGST18,18.000000,Simple,1,,,Inactive,Lumpsum,,INR 849.00,Cost of Goods Sold,,,Inventory Asset,,,,,,,,,Sales and Purchases,true,true,false,false,false,false,,,,,,,,false,,
99381000010960706,SPOS Additional one user,SPOSSW06,,,,,false,,,998598,FALSE,,INR 750.00,INR 1875.00,Sales,,0.00,0.00,0.00,0.00,cm,kg,,true,,,service,SPOS Additional one user,,,,,,,,,,GST18,18.000000,Group,IGST18,18.000000,Simple,1,,,Inactive,Lumpsum,,INR 449.00,Cost of Goods Sold,,,Inventory Asset,,,,,,,,,Sales and Purchases,true,true,false,false,false,false,,,,,,,,false,,
99381000010960715,SPOS External API support,SPOSSW07,,,,,false,,,998598,FALSE,,INR 1250.00,INR 3125.00,Sales,,0.00,0.00,0.00,0.00,cm,kg,,true,,,service,SPOS External API support,,,,,,,,,,GST18,18.000000,Group,IGST18,18.000000,Simple,1,,,Inactive,Lumpsum,,INR 849.00,Cost of Goods Sold,,,Inventory Asset,,,,,,,,,Sales and Purchases,true,true,false,false,false,false,,,,,,,,false,,
99381000010960724,SPOS Image support,SPOSSW08,,,,,false,,,998598,FALSE,,INR 750.00,INR 1875.00,Sales,,0.00,0.00,0.00,0.00,cm,kg,,true,,,service,SPOS Image support,,,,,,,,,,GST18,18.000000,Group,IGST18,18.000000,Simple,1,,,Inactive,Lumpsum,,INR 449.00,Cost of Goods Sold,,,Inventory Asset,,,,,,,,,Sales and Purchases,true,true,false,false,false,false,,,,,,,,false,,
99381000010960733,SPOS Smart scale support,SPOSSW09,,,,,false,,,998598,FALSE,,INR 1250.00,INR 3125.00,Sales,,0.00,0.00,0.00,0.00,cm,kg,,true,,,service,SPOS Smart scale support,,,,,,,,,,GST18,18.000000,Group,IGST18,18.000000,Simple,1,,,Inactive,Lumpsum,,INR 849.00,Cost of Goods Sold,,,Inventory Asset,,,,,,,,,Sales and Purchases,true,true,false,false,false,false,,,,,,,,false,,
99381000011249321,Government Stamping Fee / Expense for 15kg/30kg,SF1530,,,,,true,,,76061190,FALSE,,INR 485.00,INR 1212.50,Sales,,0.00,0.00,0.00,0.00,cm,kg,,true,,,goods,Government Stamping Fee / Expense for 510g,,,,,,,,Stamping KL,,GST18,18.000000,Group,IGST18,18.000000,Simple,1,,,Inactive,nos,nos,INR 335.00,Cost of Goods Sold,,,Inventory Asset,,fifo,,,,,,0.00,Inventory,true,true,true,false,false,false,,,,,,,,false,,
99381000011340592,"SCANGLE - POS TERMINAL SGT-664 i5 15""",SGT664I515,,,,,true,,,84705010,FALSE,"SCANGLE  DESKTOP WINDOWS POS
INTEL i5 3RD GEN WINDOWS 10, 4GB +128 GB SSD, 15'' FRONT DISPLAY, ALUMINIUM ALLOY CASE,COLOUR: BLACK ",INR 32000.00,INR 80000.00,Sales,,0.00,0.00,0.00,0.00,cm,kg,,true,,,goods,"SCANGLE - POS TERMINAL SGT-664i5 15"" AFB (8GB)","SCANGLE  DESKTOP WINDOWS POS
INTEL i5 3RD GEN WINDOWS 10, 4GB +128 GB SSD, 15'' FRONT DISPLAY, ALUMINIUM ALLOY CASE,COLOUR: BLACK ",,,,,,,TOUCH POS SYSTEMS,,GST18,18.000000,Group,IGST18,18.000000,Simple,1,,,Inactive,nos,nos,INR 25500.00,Cost of Goods Sold,,"SCANGLE  DESKTOP WINDOWS POS
INTEL i5 3RD GEN WINDOWS 10, 4GB +128 GB SSD, 15'' FRONT DISPLAY, ALUMINIUM ALLOY CASE,COLOUR: BLACK ",Inventory Asset,,fifo,,,,,,0.00,Inventory,true,true,true,false,false,false,,,,,,,,false,,
99381000011340619,SCANGLE - LABEL PRINTER DIRECT THERMAL,LDT,,,,,true,,,84433290,FALSE,"SCANGLE LABEL PRINTER
DIRECT THERMAL,LBL PRINTER",INR 5000.00,INR 12500.00,Sales,,0.00,0.00,0.00,0.00,cm,kg,,true,,,goods,SCANGLE - BARCODE SERIAL SCANNER  1D HANDY,"SCANGLE LABEL PRINTER
DIRECT THERMAL,LBL PRINTER",,,,,,,PRINTERS & SCANNERS,,GST18,18.000000,Group,IGST18,18.000000,Simple,1,,,Active,nos,nos,INR 4000.00,Cost of Goods Sold,,"SCANGLE LABEL PRINTER
DIRECT THERMAL,LBL PRINTER",Inventory Asset,,fifo,,,,,,17.00,Inventory,true,true,true,false,false,false,,,,,,,,false,,
99381000011340642,SCANGLE- PORTABLE THERMAL PRINTER,PTP,,,,,true,,,84433290,FALSE,"SCANGLE PORTABLE PRINTER,2 INCH
INTERFACE: USB, BLUETOOTH",INR 1900.00,INR 4750.00,Sales,,0.00,0.00,0.00,0.00,cm,kg,,true,,,goods,SCANGLE-All IN ONE POS TERMINAL - Scale,"SCANGLE PORTABLE PRINTER,2 INCH
INTERFACE: USB, BLUETOOTH",,,,,,,PRINTERS & SCANNERS,,GST18,18.000000,Group,IGST18,18.000000,Simple,1,,,Active,nos,nos,INR 1575.00,Cost of Goods Sold,,"SCANGLE PORTABLE PRINTER, 2 INCH
INTERFACE: USB, BLUETOOTH",Inventory Asset,,fifo,,,,,,41.00,Inventory,true,true,true,false,false,false,,,,,,,,false,,
99381000011340661,"POS TERMINAL  14"" Windows",664W14,,,,,true,,,84705010,FALSE,"SCANGLE  DESKTOP WINDOWS POS
INTEL i3 3RD GEN WINDOWS 10,4GB+128GB SSD, 14'' FRONT DISPLAY,ALUMINIUM ALLOY CASE,COLOUR: BLACK
",INR 26000.00,INR 33500.00,Sales,,0.00,0.00,0.00,0.00,cm,kg,,true,,,goods,"SCANGLE - POS TERMINAL SGT-664i5 15"" AFB (8GB)","SCANGLE  DESKTOP WINDOWS POS
INTEL i3 3RD GEN WINDOWS 10,4GB+128GB SSD, 14'' FRONT DISPLAY,ALUMINIUM ALLOY CASE,COLOUR: BLACK
",,,,,,,TOUCH POS SYSTEMS,,GST18,18.000000,Group,IGST18,18.000000,Simple,1,,,Active,nos,nos,INR 21000.00,Cost of Goods Sold,,"SCANGLE  DESKTOP WINDOWS POS
INTEL i5 3RD GEN WINDOWS 10,4GB+128GB SSD, 14'' FRONT DISPLAY,ALUMINIUM ALLOY CASE,COLOUR: BLACK
",Inventory Asset,,fifo,,,,,,10.00,Inventory,true,true,true,false,false,false,,,,,,,,false,,
99381000011340680,"SCANGLE - PRICE VERIFIER 10.1""",PRICEVERIFIER101,,,,,true,,,84433290,FALSE,"SCANGLE PRICE VERIFIER
RK3568 ANDROID 11,2GB+32GB, 10.1 "" DISPLAY",INR 22000.00,INR 55000.00,Sales,,0.00,0.00,0.00,0.00,cm,kg,,true,,,goods,SCANGLE-All IN ONE POS TERMINAL - Scale,"SCANGLE PRICE VERIFIER
RK3568 ANDROID 11,2GB+32GB, 10.1 "" DISPLAY",,,,,,,TOUCH POS SYSTEMS,,GST18,18.000000,Group,IGST18,18.000000,Simple,1,,,Active,nos,nos,INR 17500.00,Cost of Goods Sold,,"SCANGLE PRICE VERIFIER
RK3568 ANDROID 11,2GB+32GB, 10.1 "" DISPLAY",Inventory Asset,,fifo,,,,,,1.00,Inventory,true,true,true,false,false,false,,,,,,,,false,,
99381000011323171,"POS TERMINAL 14"" Android",668,,,,,true,,,84705010,FALSE," SCANGLE  DESKTOP ANDROID POS
RK3288  ANDROID 11, 2GB+32GB, DDR3, 14''  FRONT DISPLAY , CAPACITIVE TP",INR 18900.00,INR 25000.00,Sales,,0.00,0.00,0.00,0.00,cm,kg,,true,,,goods,"SCANGLE - POS TERMINAL SGT-668A 15.6"" (WH-4GB)"," SCANGLE  DESKTOP ANDROID POS
RK3288  ANDROID 11, 2GB+32GB, DDR3, 14''  FRONT DISPLAY , CAPACITIVE TP",,,,,,,TOUCH POS SYSTEMS,,GST18,18.000000,Group,IGST18,18.000000,Simple,1,,,Active,nos,nos,INR 15750.00,Cost of Goods Sold,," SCANGLE  DESKTOP ANDROID POS
RK3288  ANDROID 11, 2GB+32GB, DDR3, 14''  FRONT DISPLAY , CAPACITIVE TP",Inventory Asset,,fifo,,,,,,5.00,Inventory,true,true,true,false,false,false,,,,,,,,false,,
99381000011356031,"SCANGLE- PORTABLE THERMAL PRINTER 3""",PTP3,,,,,true,,,84433290,FALSE,"SCANGLE PORTABLE PRINTER 3""
INTERFACE: USB, BLUETOOTH",INR 2000.00,INR 5000.00,Sales,,0.00,0.00,0.00,0.00,cm,kg,,true,,,goods,"SCANGLE- PORTABLE THERMAL PRINTER 3""","SCANGLE PORTABLE PRINTER 3""
INTERFACE: USB, BLUETOOTH",,,,,,,,,GST18,18.000000,Group,IGST18,18.000000,Simple,1,,,Inactive,nos,nos,INR 1500.00,Cost of Goods Sold,,"SCANGLE PORTABLE PRINTER 3""
INTERFACE: USB, BLUETOOTH",Inventory Asset,,fifo,,,,,,0.00,Inventory,true,true,true,false,false,false,,,,,,,,false,,
99381000011429532,TABLE TOP WITH BLUETOOTH,TTWB,,,,,true,,,84238190,FALSE,,INR 2000.00,INR 5000.00,Sales,,0.00,0.00,0.00,0.00,cm,kg,,true,,,goods,TABLE TOP WITH BLUETOOTH,,,,,,,,,,GST18,18.000000,Group,IGST18,18.000000,Simple,1,,,Inactive,nos,nos,INR 1650.00,Cost of Goods Sold,,,Inventory Asset,,fifo,,,,,,1.00,Inventory,true,true,true,false,false,false,,,,,,,,false,,
99381000011439709,Bill Printing scale Q8POS (UB),ECS5WW,,,,,false,,,84238190,FALSE,Make:YESWEIGH  Model:YS-30   Max:30kg  e:5g  Min:100g  Class:III,INR 15500.00,INR 38750.00,Sales,,14.00,55.00,45.00,52.00,cm,kg,,true,,,goods,Bill Printing scale Q8POS (UB),Make:YESWEIGH  Model:YS-30   Max:30kg  e:5g  Min:100g  Class:III,,,,,,,BILL PRINTING SCALES,,GST18,18.000000,Group,IGST18,18.000000,Simple,1,,,Inactive,nos,nos,INR 10779.00,Cost of Goods Sold,,,Inventory Asset,,fifo,,,,,,0.00,Inventory,true,true,true,false,false,false,,,,,,,,false,,2
99381000011626755,ECS PRINTER CASE LID,ECS840,,,,,true,,,84239020,FALSE,,INR 60.00,INR 150.00,Sales,,0.00,0.00,0.00,0.00,cm,kg,,true,,,goods,ECS PRINTER CASE LID,,,,,,,,,,GST18,18.000000,Group,IGST18,18.000000,Simple,1,,,Active,nos,nos,INR 20.00,Cost of Goods Sold,,,Inventory Asset,,fifo,,,,,,6.00,Inventory,true,true,true,false,false,false,,,,,,,,false,,
99381000011994635,BY Bench Dual Display Front & Back (Green & Red LED),BY019,,,,,true,,,84239020,FALSE,,INR 275.00,,Sales,,0.00,0.00,0.00,0.00,cm,kg,,true,,,goods,BY Bench Dual Display Front & Back (Green & Red LED),,,,,,,,,,GST18,18.000000,Group,IGST18,18.000000,Simple,1,,,Active,nos,nos,INR 200.00,Cost of Goods Sold,,,Inventory Asset,,fifo,,,,,,173.00,Inventory,true,true,true,false,false,false,,,,,,,,false,,
99381000012074915,U4 8720 CHIP,UC4872,,,,,true,,,84239020,FALSE,,INR 250.00,INR 625.00,Sales,,0.00,0.00,0.00,0.00,cm,kg,,true,,,goods,U4 8720 CHIP,,,,,,,,,,GST18,18.000000,Group,IGST18,18.000000,Simple,1,,,Active,nos,nos,INR 0.00,Cost of Goods Sold,,,Inventory Asset,,fifo,,,,,,150.00,Inventory,true,true,true,false,false,false,,,,,,,,false,,
99381000012074942,U9/U1O 53R/50,UU9153,,,,,true,,,84239020,FALSE,,INR 250.00,INR 625.00,Sales,,0.00,0.00,0.00,0.00,cm,kg,,true,,,goods,U9/U1O 53R/50,,,,,,,,,,GST18,18.000000,Group,IGST18,18.000000,Simple,1,,,Active,nos,nos,INR 0.00,Cost of Goods Sold,,,Inventory Asset,,fifo,,,,,,150.00,Inventory,true,true,true,false,false,false,,,,,,,,false,,
99381000012074969,ECS PRINTER GEAR SMALL,EPGS,,,,,true,,,84239020,FALSE,,INR 75.00,INR 187.50,Sales,,0.00,0.00,0.00,0.00,cm,kg,,true,,,goods,ECS PRINTER GEAR SMALL,,,,,,,,,,GST18,18.000000,Group,IGST18,18.000000,Simple,1,,,Active,nos,nos,INR 0.00,Cost of Goods Sold,,,Inventory Asset,,fifo,,,,,,267.00,Inventory,true,true,true,false,false,false,,,,,,,,false,,
99381000012074996,ECS PRINTER GEAR BIG,EPGB,,,,,true,,,84239020,FALSE,,INR 110.00,INR 275.00,Sales,,0.00,0.00,0.00,0.00,cm,kg,,true,,,goods,ECS PRINTER GEAR BIG,,,,,,,,,,GST18,18.000000,Group,IGST18,18.000000,Simple,1,,,Active,nos,nos,INR 80.00,Cost of Goods Sold,,,Inventory Asset,,fifo,,,,,,267.00,Inventory,true,true,true,false,false,false,,,,,,,,false,,
99381000012085023,Q9LBL PRINTER PART BUSH,Q9753,,,,,true,,,84239020,FALSE,,INR 100.00,INR 250.00,Sales,,0.00,0.00,0.00,0.00,cm,kg,,true,,,goods,Q9LBL PRINTER PART BUSH,,,,,,,,,,GST18,18.000000,Group,IGST18,18.000000,Simple,1,,,Active,nos,nos,INR 0.00,Cost of Goods Sold,,,Inventory Asset,,fifo,,,,,,56.00,Inventory,true,true,true,false,false,false,,,,,,,,false,,
99381000012085046,PCB PALLET SCALE(YCS),PPSY,,,,,true,,,84239020,FALSE,,INR 450.00,INR 1125.00,Sales,,0.00,0.00,0.00,0.00,cm,kg,,true,,,goods,PCB PALLET SCALE(YCS),,,,,,,,,,GST18,18.000000,Group,IGST18,18.000000,Simple,1,,,Active,nos,nos,INR 0.00,Cost of Goods Sold,,,Inventory Asset,,fifo,,,,,,1.00,Inventory,true,true,true,false,false,false,,,,,,,,false,,
99381000012261441,PLATFORM SCALE -BENCH (DUAL-AD4),DY5030DAD4,,,,,true,,,84238290,FALSE,"Make: YESWEIGH Model: YSP PC
Capacity :50kg/5g Size : 30*34
Display : Green",INR 2200.00,INR 5500.00,Sales,,0.00,0.00,0.00,0.00,cm,kg,,true,,,goods,PLATFORM SCALE -BENCH (DUAL-AD4),"Make: YESWEIGH Model: YSP PC
Capacity :50kg/5g Size : 30*34
Display : Green",,,,,,,,,GST18,18.000000,Group,IGST18,18.000000,Simple,1,,,Inactive,nos,nos,INR 1800.00,Cost of Goods Sold,,"Make: YESWEIGH Model: YSP PC
Capacity :50kg/5g Size : 30*34
Display : Green",Inventory Asset,,fifo,,,,,,0.00,Inventory,true,true,true,false,false,false,,,,,,,,false,,
99381000012297433,ECONOMIC BENCH MS (B),BY5039EB,,,,,true,,,84238290,FALSE,"Size : 30*34 Max: 50kg e: 5g
Dual display, LED RED display,Foldable platform",INR 1950.00,INR 4875.00,Sales,,0.00,0.00,0.00,0.00,cm,kg,,true,,,goods,ECONOMIC BENCH MS (B),"Size : 30*34 Max: 50kg e: 5g
Dual display, LED RED display,Foldable platform",,,,,,,,,GST18,18.000000,Group,IGST18,18.000000,Simple,1,,,Inactive,nos,nos,INR 1508.00,Cost of Goods Sold,,"Size : 30*34 Max: 50kg e: 5g
Dual display, LED RED display,Foldable platform",Inventory Asset,,fifo,,,,,,0.00,Inventory,true,true,true,false,false,false,,,,,,,,false,,
99381000012407744,PORTABLE SCALE 30X40 BACK DISPLAY,PSDGQ001,,,,,true,,,84239020,FALSE,,INR 370.00,INR 925.00,Sales,,0.00,0.00,0.00,0.00,cm,kg,,true,,,goods,PORTABLE SCALE 30X40 BACK DISPLAY,,,,,,,,,,GST18,18.000000,Group,IGST18,18.000000,Simple,1,,,Inactive,nos,nos,INR 280.00,Cost of Goods Sold,,,Inventory Asset,,fifo,,,,,,0.00,Inventory,true,true,true,false,false,false,,,,,,,,false,,
99381000012432640,Q9LBL POLE CABLE CONNECTOR,Q9754,,,,,true,,,84239020,FALSE,,INR 250.00,,Sales,,0.00,0.00,0.00,0.00,cm,kg,,true,,,goods,Q9LBL POLE CABLE CONNECTOR,,,,,,,,,,GST18,18.000000,Group,IGST18,18.000000,Simple,1,,,Active,nos,nos,INR 100.00,Cost of Goods Sold,,,Inventory Asset,,fifo,,,,,,0.00,Inventory,true,true,true,false,false,false,,,,,,,,false,,
99381000012777202,Government Stamping Fee /Expense for 210g,SF210,,,,,true,,,76061190,FALSE,,INR 485.00,INR 1212.50,Sales,,0.00,0.00,0.00,0.00,cm,kg,,true,,,goods,Government Stamping Fee /Expense for 210g,,,,,,,,,,GST18,18.000000,Group,IGST18,18.000000,Simple,1,,,Inactive,nos,nos,INR 335.00,Cost of Goods Sold,,,Inventory Asset,,fifo,,,,,,0.00,Inventory,true,true,true,false,false,false,,,,,,,,false,,
99381000012887614,ATM PC SS,ATMFSS,,,,,true,,,84238190,FALSE,"Make: YESWEIGH Model: YSP 30
Max:30kg e:5g Min:100g Class:III",INR 2750.00,INR 5500.00,Sales,,0.00,0.00,0.00,0.00,cm,kg,,true,,,goods,PRICE COMPUTING SCALE FSS(DQZ),"Make: YESWEIGH Model: YSP 30
Max:30kg e:5g Min:100g Class:III",,,,,,,WEIGHING SCALE IMPORT,,GST18,18.000000,Group,IGST18,18.000000,Simple,1,,,Active,nos,nos,INR 2219.00,Cost of Goods Sold,,"Make: YESWEIGH Model: YSP 30
Max:30kg e:5g Min:100g Class:III",Inventory Asset,,fifo,,,,,,204.00,Inventory,true,true,true,false,false,false,,,,,,,,false,,
99381000013065631,ECS PRINTER DOOR,ESC828,,,,,true,,,84239020,FALSE,,INR 170.00,INR 425.00,Sales,,0.00,0.00,0.00,0.00,cm,kg,,true,,,goods,ECS PRINTER DOOR,,,,,,,,,,GST18,18.000000,Group,IGST18,18.000000,Simple,1,,,Inactive,nos,nos,INR 80.00,Cost of Goods Sold,,,Inventory Asset,,fifo,,,,,,0.00,Inventory,true,true,true,false,false,false,,,,,,,,false,,
99381000013430359,ATM PC AD dual,ATMADG,,,,,true,,,84238190,FALSE,"Max: 30kg Min : 100g e : 5g Class III
Display : Red& Green",INR 1700.00,INR 5200.00,Sales,,0.00,0.00,0.00,0.00,cm,kg,,true,,,goods,PRICE COMPUTING SCALE (DUAL-AD-ECONOMY),"Max: 30kg Min : 100g e : 5g Class III
Display : Red& Green",,,,,,,WEIGHING SCALE IMPORT,,GST18,18.000000,Group,IGST18,18.000000,Simple,1,,,Active,nos,nos,INR 1229.00,Cost of Goods Sold,,"Max: 30kg Min : 100g e : 5g Class III
Display : Red & Green",Inventory Asset,,fifo,,,,,,2.00,Inventory,true,true,true,false,false,false,,,,,,,,false,,
99381000013636140,CCM DONGLE,CCM117,,,,,true,,,84239020,FALSE,,INR 690.00,INR 1725.00,Sales,,0.00,0.00,0.00,0.00,cm,kg,,true,,,goods,CCM DONGLE,,,,,,,,,,GST18,18.000000,Group,IGST18,18.000000,Simple,1,,,Active,nos,nos,INR 301.00,Cost of Goods Sold,,,Inventory Asset,,fifo,,,,,,4.00,Inventory,true,true,true,false,false,false,,,,,,,,false,,
99381000013636183,ENCODING SENSOR CCM-AL800,ESCA80,,,,,true,,,84239020,FALSE,,INR 140.00,INR 350.00,Sales,,0.00,0.00,0.00,0.00,cm,kg,,true,,,goods,ENCODING SENSOR CCM-AL800,,,,,,,,,,GST18,18.000000,Group,IGST18,18.000000,Simple,1,,,Active,nos,nos,INR 0.00,Cost of Goods Sold,,,Inventory Asset,,fifo,,,,,,2.00,Inventory,true,true,true,false,false,false,,,,,,,,false,,
99381000013636202,STACKER SENSOR (IR EMITTER & RECEIVER)CCM-AL800,SSIERC,,,,,true,,,84239020,FALSE,,INR 125.00,INR 312.50,Sales,,0.00,0.00,0.00,0.00,cm,kg,,true,,,goods,STACKER SENSOR (IR EMITTER & RECEIVER)CCM-AL800,,,,,,,,,,GST18,18.000000,Group,IGST18,18.000000,Simple,1,,,Active,nos,nos,INR 0.00,Cost of Goods Sold,,,Inventory Asset,,fifo,,,,,,7.00,Inventory,true,true,true,false,false,false,,,,,,,,false,,
99381000013636221,HOPPER SENSOR CCM-AL800,HSCA80,,,,,true,,,84239020,FALSE,,INR 240.00,INR 600.00,Sales,,0.00,0.00,0.00,0.00,cm,kg,,true,,,goods,HOPPER SENSOR CCM-AL800,,,,,,,,,,GST18,18.000000,Group,IGST18,18.000000,Simple,1,,,Active,nos,nos,INR 0.00,Cost of Goods Sold,,,Inventory Asset,,fifo,,,,,,4.00,Inventory,true,true,true,false,false,false,,,,,,,,false,,
99381000013636240,UV SENSOR CCM-AL800,USCA80,,,,,true,,,84239020,FALSE,,INR 120.00,INR 300.00,Sales,,0.00,0.00,0.00,0.00,cm,kg,,true,,,goods,UV SENSOR CCM-AL800,,,,,,,,,,GST18,18.000000,Group,IGST18,18.000000,Simple,1,,,Active,nos,nos,INR 0.00,Cost of Goods Sold,,,Inventory Asset,,fifo,,,,,,16.00,Inventory,true,true,true,false,false,false,,,,,,,,false,,
99381000013636259,MOTHER BOARD CCM-AL800,MBCA80,,,,,true,,,84239020,FALSE,,INR 980.00,INR 2450.00,Sales,,0.00,0.00,0.00,0.00,cm,kg,,true,,,goods,MOTHER BOARD CCM-AL800,,,,,,,,,,GST18,18.000000,Group,IGST18,18.000000,Simple,1,,,Active,nos,nos,INR 0.00,Cost of Goods Sold,,,Inventory Asset,,fifo,,,,,,6.00,Inventory,true,true,true,false,false,false,,,,,,,,false,,
99381000013636278,CCM DISPLAY KEYPAD-AL800,CDKA80,,,,,true,,,84239020,FALSE,,INR 130.00,INR 325.00,Sales,,0.00,0.00,0.00,0.00,cm,kg,,true,,,goods,CCM DISPLAY KEYPAD-AL800,,,,,,,,,,GST18,18.000000,Group,IGST18,18.000000,Simple,1,,,Active,nos,nos,INR 0.00,Cost of Goods Sold,,,Inventory Asset,,fifo,,,,,,4.00,Inventory,true,true,true,false,false,false,,,,,,,,false,,
99381000013636301,CCM COUNTING SENSOR,CCM116,,,,,true,,,84239020,FALSE,,INR 180.00,INR 450.00,Sales,,0.00,0.00,0.00,0.00,cm,kg,,true,,,goods,CCM COUNTING SENSOR,,,,,,,,,,GST18,18.000000,Group,IGST18,18.000000,Simple,1,,,Active,nos,nos,INR 0.00,Cost of Goods Sold,,,Inventory Asset,,fifo,,,,,,10.00,Inventory,true,true,true,false,false,false,,,,,,,,false,,
99381000013636320,CCM COUNTING SENSOR -AL800,CCSA80,,,,,true,,,84239020,FALSE,,INR 180.00,INR 450.00,Sales,,0.00,0.00,0.00,0.00,cm,kg,,true,,,goods,CCM COUNTING SENSOR -AL800,,,,,,,,,,GST18,18.000000,Group,IGST18,18.000000,Simple,1,,,Active,nos,nos,INR 0.00,Cost of Goods Sold,,,Inventory Asset,,fifo,,,,,,8.00,Inventory,true,true,true,false,false,false,,,,,,,,false,,
99381000013636339,CCM LCD DISPLAY,CCM118,,,,,true,,,84239020,FALSE,,INR 980.00,INR 2450.00,Sales,,0.00,0.00,0.00,0.00,cm,kg,,true,,,goods,CCM LCD DISPLAY,,,,,,,,,,GST18,18.000000,Group,IGST18,18.000000,Simple,1,,,Active,nos,nos,INR 0.00,Cost of Goods Sold,,,Inventory Asset,,fifo,,,,,,13.00,Inventory,true,true,true,false,false,false,,,,,,,,false,,
99381000013663693,STICKER 620G 0.01G,DJ108,,,,,true,,,84239020,FALSE,,INR 150.00,INR 375.00,Sales,,0.00,0.00,0.00,0.00,cm,kg,,true,,,goods,STICKER 620G 0.01G,,,,,,,,,,GST18,18.000000,Group,IGST18,18.000000,Simple,1,,,Active,nos,nos,INR 0.00,Cost of Goods Sold,,,Inventory Asset,,fifo,,,,,,27.00,Inventory,true,true,true,false,false,false,,,,,,,,false,,
99381000013663712,YSA DISPLAY WITH KEYS,YDWK,,,,,true,,,84239020,FALSE,,INR 220.00,INR 550.00,Sales,,0.00,0.00,0.00,0.00,cm,kg,,true,,,goods,YSA DISPLAY WITH KEYS,,,,,,,,,,GST18,18.000000,Group,IGST18,18.000000,Simple,1,,,Active,nos,nos,INR 0.00,Cost of Goods Sold,,,Inventory Asset,,fifo,,,,,,3.00,Inventory,true,true,true,false,false,false,,,,,,,,false,,
99381000013663731,YSA DISPLAY STICKER,YSADIS,,,,,true,,,84239020,FALSE,,INR 230.00,INR 575.00,Sales,,0.00,0.00,0.00,0.00,cm,kg,,true,,,goods,YSA DISPLAY STICKER,,,,,,,,,,GST18,18.000000,Group,IGST18,18.000000,Simple,1,,,Active,nos,nos,INR 0.00,Cost of Goods Sold,,,Inventory Asset,,fifo,,,,,,3.00,Inventory,true,true,true,false,false,false,,,,,,,,false,,
99381000013663750,YSA GLASS SET ASSEMBLY,YGSA,,,,,true,,,84239020,FALSE,,INR 1800.00,INR 4500.00,Sales,,0.00,0.00,0.00,0.00,cm,kg,,true,,,goods,YSA GLASS SET ASSEMBLY,,,,,,,,,,GST18,18.000000,Group,IGST18,18.000000,Simple,1,,,Active,nos,nos,INR 0.00,Cost of Goods Sold,,,Inventory Asset,,fifo,,,,,,3.00,Inventory,true,true,true,false,false,false,,,,,,,,false,,
99381000013663769,YSA POWERCODE,YSAPOW,,,,,true,,,84239020,FALSE,,INR 75.00,INR 475.00,Sales,,0.00,0.00,0.00,0.00,cm,kg,,true,,,goods,YSA POWERCODE,,,,,,,,,,GST18,18.000000,Group,IGST18,18.000000,Simple,1,,,Inactive,nos,nos,INR 0.00,Cost of Goods Sold,,,Inventory Asset,,fifo,,,,,,0.00,Inventory,true,true,true,false,false,false,,,,,,,,false,,
99381000013663788,YSA MAGNETIC SENSOR,YSAMAG,,,,,true,,,84239020,FALSE,,INR 8500.00,INR 8500.00,Sales,,0.00,0.00,0.00,0.00,cm,kg,,true,,,goods,YSA MAGNETIC SENSOR,,,,,,,,,,GST18,18.000000,Group,IGST18,18.000000,Simple,1,,,Active,nos,nos,INR 0.00,Cost of Goods Sold,,,Inventory Asset,,fifo,,,,,,1.00,Inventory,true,true,true,false,false,false,,,,,,,,false,,
99381000013663807,YSA MAINBOARD,YSAMAI,,,,,true,,,84239020,FALSE,,INR 4600.00,INR 11500.00,Sales,,0.00,0.00,0.00,0.00,cm,kg,,true,,,goods,YSA MAINBOARD,,,,,,,,,,GST18,18.000000,Group,IGST18,18.000000,Simple,1,,,Active,nos,nos,INR 0.00,Cost of Goods Sold,,,Inventory Asset,,fifo,,,,,,1.00,Inventory,true,true,true,false,false,false,,,,,,,,false,,
99381000013663826,YSA ADAPTOR,YSAADA,,,,,true,,,84239020,FALSE,,INR 450.00,INR 1125.00,Sales,,0.00,0.00,0.00,0.00,cm,kg,,true,,,goods,YSA ADAPTOR,,,,,,,,,,GST18,18.000000,Group,IGST18,18.000000,Simple,1,,,Active,nos,nos,INR 0.00,Cost of Goods Sold,,,Inventory Asset,,fifo,,,,,,3.00,Inventory,true,true,true,false,false,false,,,,,,,,false,,
99381000013663845,AY ATM PC-Pan,AAPP,,,,,true,,,84239020,FALSE,,INR 280.00,INR 700.00,Sales,,0.00,0.00,0.00,0.00,cm,kg,,true,,,goods,AY ATM PC-Pan,,,,,,,,,,GST18,18.000000,Group,IGST18,18.000000,Simple,1,,,Active,nos,nos,INR 0.00,Cost of Goods Sold,,,Inventory Asset,,fifo,,,,,,5.00,Inventory,true,true,true,false,false,false,,,,,,,,false,,
99381000013670394,"SPOS Customer support,Vendor support",SPOSSW11,,,,,false,,,998314,FALSE,,INR 1250.00,INR 3125.00,Sales,,0.00,0.00,0.00,0.00,cm,kg,false,true,,,service,"SPOS Customer support,Vendor support",,,,,,,,,,GST18,18.000000,Group,IGST18,18.000000,Simple,1,,,Inactive,Lumpsum,,INR 849.00,Cloud charges,,,Inventory Asset,,,,,,,,,Sales and Purchases,true,true,false,false,false,false,,,,,,,,false,,
99381000013731278,PRICE COMPUTING SCALE - WHITE - EC(AY),ATMPCWHEC,,,,,true,,,84238190,FALSE,Make: YESWEIGH Model: YSP 30 Max:20kg e:2g Min:40g Class:III,INR 1500.00,INR 3750.00,Sales,,0.00,0.00,0.00,0.00,cm,kg,,true,,,goods,PRICE COMPUTING SCALE - WHITE - EC(AY),Make: YESWEIGH Model: YSP 30 Max:20kg e:2g Min:40g Class:III,,,,,,,WEIGHING SCALE IMPORT,,GST18,18.000000,Group,IGST18,18.000000,Simple,1,,,Inactive,nos,nos,INR 1253.00,Cost of Goods Sold,,Make: YESWEIGH Model: YSP 30 Max:20kg e:2g Min:40g Class:III,Inventory Asset,,fifo,,,,,,0.00,Inventory,true,true,true,false,false,false,,,,,,,,false,,
99381000013731297,PLATFORM SCALE-BENCH(GREEN-EC),BPCGEC,,,,,true,,,84238290,FALSE,Make: YESWEIGH Model:YSP-50 Max:50kg e:5g Min:100g Class:III Display : Green,INR 1350.00,INR 3375.00,Sales,,0.00,0.00,0.00,0.00,cm,kg,,true,,,goods,PLATFORM SCALE -BENCH (G-QZ2),Make: YESWEIGH Model:YSP-50 Max:50kg e:5g Min:100g Class:III Display : Green,,,,,,,WEIGHING SCALE IMPORT,,GST18,18.000000,Group,IGST18,18.000000,Simple,1,,,Inactive,nos,nos,INR 1273.00,Cost of Goods Sold,,Make: YESWEIGH Model:YSP-50 Max:50kg e:5g Min:100g Class:III Display : Green,Inventory Asset,,fifo,,,,,,0.00,Inventory,true,true,true,false,false,false,,,,,,,,false,,
99381000013888905,ECS5W BLACK PAN (UNDER SS PAN),ECS841,,,,,true,,,84239020,FALSE,,INR 320.00,,Sales,,0.00,0.00,0.00,0.00,cm,kg,,true,,,goods,ECS5W BLACK PAN (UNDER SS PAN),,,,,,,,,,GST18,18.000000,Group,IGST18,18.000000,Simple,1,,,Active,nos,nos,INR 170.00,Cost of Goods Sold,,,Inventory Asset,,fifo,,,,,,3.00,Inventory,true,true,true,false,false,false,,,,,,,,false,,
99381000014077882,SPOS Multi shop support,SPOSSW12,,,,,false,,,998314,FALSE,,INR 1250.00,INR 3125.00,Sales,,0.00,0.00,0.00,0.00,cm,kg,false,true,,,service,SPOS Multi shop support,,,,,,,,,,GST18,18.000000,Group,IGST18,18.000000,Simple,1,,,Inactive,Lumpsum,,INR 849.00,Cloud charges,,,Inventory Asset,,,,,,,,,Sales and Purchases,true,true,false,false,false,false,,,,,,,,false,,
99381000014077891,SPOS Subscription Upgrade (Standard to Premium),SPOSSW13,,,,,false,,,998598,FALSE,,INR 700.00,INR 1750.00,Sales,,0.00,0.00,0.00,0.00,cm,kg,,true,,,service,SPOS Subscription Upgrade (Standard to Premium),,,,,,,,,,GST18,18.000000,Group,IGST18,18.000000,Simple,1,,,Inactive,Lumpsum,,INR 700.00,Cost of Goods Sold,,,Inventory Asset,,,,,,,,,Sales and Purchases,true,true,false,false,false,false,,,,,,,,false,,
99381000014078081,"Portable POS 7""",A7,,,,,true,,,84705010,FALSE,"RK3566,Android 11,2GB,32GB,7"" Display,80mm printer",INR 16500.00,INR 41250.00,Sales,,0.00,0.00,0.00,0.00,cm,kg,,true,,,goods,SCANGLE-All IN ONE POS TERMINAL - Scale,"RK3566,Android 11,2GB,32GB,7"" Display,80mm printer",,,,,,,TOUCH POS SYSTEMS,,GST18,18.000000,Group,IGST18,18.000000,Simple,1,,,Active,nos,nos,INR 13500.00,Cost of Goods Sold,,"RK3566,Android 11,2GB,32GB,7"" Display,80mm printer",Inventory Asset,,fifo,,,,,,1.00,Inventory,true,true,true,false,false,false,,,,,,,,false,,
99381000014429027,Bench Scale SS AD,BPCFSS,,,,,false,,,84238290,FALSE,Capacity :50kg/5g Dual display(LED) Size 30*34 Full SS,INR 3800.00,INR 6500.00,Sales,,22.00,62.00,60.00,36.00,cm,kg,,true,,,goods,Platform Scale Full SS -50AD,Capacity :50kg/5g Dual display(LED) Size 30*34 Full SS,,,,,,,WEIGHING SCALE IMPORT,,GST18,18.000000,Group,IGST18,18.000000,Simple,1,,,Active,nos,nos,INR 3147.00,Cost of Goods Sold,,Capacity :50kg/5g Dual display(LED) Size 30*34 Full SS,Inventory Asset,,fifo,,,,,,351.00,Inventory,true,true,true,false,false,false,,,,,,,,false,,4
99381000014429046,Platform Weighing Scale 400x500 FSS,PFPC40X50DADFSS,,,,,false,,,84238290,FALSE,"Make : YESWEIGH Model:YSP
Max:300 kg e: 50gm Min:1kg Class III",INR 5600.00,INR 14000.00,Sales,,12.00,82.00,49.00,19.00,cm,kg,,true,,,goods,Platform Weighing Scale 400x500 (G-QZ-FSS),"Make : YESWEIGH Model:YSP
Max:300 kg e: 50gm Min:1kg Class III",,,,,,,WEIGHING SCALE IMPORT,,GST18,18.000000,Group,IGST18,18.000000,Simple,1,,,Inactive,nos,nos,INR 4067.00,Cost of Goods Sold,,,Inventory Asset,,fifo,,,,,,0.00,Inventory,true,true,true,false,false,false,,,,,,,,false,,1
99381000014692072,PLATFORM SCALE -BENCH (DUAL-AD3-Y),PSBDAY,,,,,true,,,84238290,FALSE,Make : YESWEIGH Max:50kg e:5g Min:100g Class:III Display : Dual,INR 2200.00,INR 5500.00,Sales,,0.00,0.00,0.00,0.00,cm,kg,,true,,,goods,PLATFORM SCALE -BENCH (DUAL-AD3-Y),Make : YESWEIGH Max:50kg e:5g Min:100g Class:III Display : Dual,,,,,,,,,GST18,18.000000,Group,IGST18,18.000000,Simple,1,,,Inactive,nos,nos,INR 1654.00,Cost of Goods Sold,,Make : YESWEIGH Max:50kg e:5g Min:100g Class:III Display : Dual,Inventory Asset,,fifo,,,,,,2.00,Inventory,true,true,true,false,false,false,,,,,,,,false,,
99381000014789987,ECS INDICATOR MOTHER BOARD,EIMB,,,,,true,,,84239020,FALSE,,INR 5900.00,INR 14750.00,Sales,,0.00,0.00,0.00,0.00,cm,kg,,true,,,goods,ECS INDICATOR MOTHER BOARD,,,,,,,,,,GST18,18.000000,Group,IGST18,18.000000,Simple,1,,,Active,nos,nos,INR 4067.00,Cost of Goods Sold,,,Inventory Asset,,fifo,,,,,,10.00,Inventory,true,true,true,false,false,false,,,,,,,,false,,
99381000014793006,Cordwire 2pin L type,ECS828,,,,,true,,,84239020,FALSE,,INR 75.00,INR 975.00,Sales,,0.00,0.00,0.00,0.00,cm,kg,,true,,,goods,Cordwire 2pin L type,,,,,,,,,,GST18,18.000000,Group,IGST18,18.000000,Simple,1,,,Active,nos,nos,INR 287.00,Cost of Goods Sold,,,Inventory Asset,,fifo,,,,,,19.00,Inventory,true,true,true,false,false,false,,,,,,,,false,,
99381000014793025,TMA HANGING SCALE KEYBOARD STICKER,HAG004,,,,,true,,,84239020,FALSE,,INR 170.00,,Sales,,0.00,0.00,0.00,0.00,cm,kg,,true,,,goods,TMA HANGING SCALE KEYBOARD STICKER,,,,,,,,,,GST18,18.000000,Group,IGST18,18.000000,Simple,1,,,Active,nos,nos,INR 119.00,Cost of Goods Sold,,,Inventory Asset,,fifo,,,,,,2.00,Inventory,true,true,true,false,false,false,,,,,,,,false,,
99381000014793044,TMA PRINTER ROLLER WASHER,Q9718,,,,,true,,,84239020,FALSE,,INR 120.00,INR 300.00,Sales,,0.00,0.00,0.00,0.00,cm,kg,,true,,,goods,TMA PRINTER ROLLER WASHER,,,,,,,,,,GST18,18.000000,Group,IGST18,18.000000,Simple,1,,,Active,nos,nos,INR 77.00,Cost of Goods Sold,,,Inventory Asset,,fifo,,,,,,20.00,Inventory,true,true,true,false,false,false,,,,,,,,false,,
99381000014793063,TMA PRINTER RUBBER WASHER,Q9721,,,,,true,,,84239020,FALSE,,INR 120.00,INR 300.00,Sales,,0.00,0.00,0.00,0.00,cm,kg,,true,,,goods,TMA PRINTER RUBBER WASHER,,,,,,,,,,GST18,18.000000,Group,IGST18,18.000000,Simple,1,,,Active,nos,nos,INR 77.00,Cost of Goods Sold,,,Inventory Asset,,fifo,,,,,,25.00,Inventory,true,true,true,false,false,false,,,,,,,,false,,
99381000014847616,TMA HANGING SCALE KEYBOARD,HAG005,,,,,true,,,84239020,FALSE,,INR 1350.00,,Sales,,0.00,0.00,0.00,0.00,cm,kg,,true,,,goods,TMA HANGING SCALE KEYBOARD,,,,,,,,,,GST18,18.000000,Group,IGST18,18.000000,Simple,1,,,Active,nos,nos,INR 875.00,Cost of Goods Sold,,,Inventory Asset,,fifo,,,,,,2.00,Inventory,true,true,true,false,false,false,,,,,,,,false,,
99381000015093320,Table Top Scale  220x170 ABS 6 Volt (G),TTABS6VG,,,,,false,,,84231000,FALSE,"Model : YST-20
Max : 20kg e:2gm Min: 40g Class III
Display : Green",INR 1375.00,INR 3437.50,Sales,,20.00,62.00,32.00,48.00,cm,kg,,true,,,goods,TABLE TOP SCALE PC (GREEN-AY),"Model : YST-20
Max : 20kg e:2gm Min: 40g Class III
Display : Green",,,,,,,WEIGHING SCALES INDIA,,GST18,18.000000,Group,IGST18,18.000000,Simple,1,,,Inactive,nos,nos,INR 1150.00,Cost of Goods Sold,,"Max : 20kg e:2gm Min: 40g Class III
Display : Green",Inventory Asset,,fifo,,,,,,0.00,Inventory,true,true,true,false,false,false,,,,,,,,false,,6
99381000015792985,PORTABLE SCALE 50x50,PS50SS,,,,,false,,,84238190,FALSE,"Make : YESWEIGH Model : YSC PC
Max : 300kg e:50g Min:1kg
Class : III Size : 500x500 mm Display :F & B Red ",INR 4200.00,INR 9000.00,Sales,,0.00,0.00,0.00,0.00,cm,kg,,true,,,goods,PORTABLE SCALE 50x50 (300kg) SS,"Make : YESWEIGH Model : YSC PC
Max : 300kg e:50g Min:1kg
Class : III Size : 500x500 mm Display :F & B Red ",,,,,,,WEIGHING SCALE IMPORT,,GST18,18.000000,Group,IGST18,18.000000,Simple,1,,,Active,nos,nos,INR 3381.00,Cost of Goods Sold,,"Make : YESWEIGH Model : YSC PC
Max : 300kg e:50g Min:1kg
Class : III Size : 500x500 mm Display :F & B Red ",Inventory Asset,,fifo,,,,,,26.00,Inventory,true,true,true,false,false,false,,,,,,,,false,,
99381000015796004,PORTABLE SCALE 50x50 CHQ,PS50MS,,,,,false,,,84238190,FALSE,"Make : YESWEIGH Model : YSC PC
Max : 300kg e:50g Min:1kg
Class : III Size : 500x500 mm Display :F & B Red 2pin Adaptor",INR 4200.00,INR 9000.00,Sales,,0.00,0.00,0.00,0.00,cm,kg,,true,,,goods,PORTABLE SCALE 50x50 (300kg) MS,"Make : YESWEIGH Model : YSC PC
Max : 300kg e:50g Min:1kg
Class : III Size : 500x500 mm Display :F & B Red 2pin Adaptor",,,,,,,WEIGHING SCALE IMPORT,,GST18,18.000000,Group,IGST18,18.000000,Simple,1,,,Active,nos,nos,INR 3381.00,Cost of Goods Sold,,"Make : YESWEIGH Model : YSC PC
Max : 300kg e:50g Min:1kg
Class : III Size : 500x500 mm Display :F & B Red 2pin Adaptor",Inventory Asset,,fifo,,,,,,2.00,Inventory,true,true,true,false,false,false,,,,,,,,false,,
99381000015796507,"POS TERMINAL 15.6"" Windows i5 5",280F156,,,,,true,,,84705010,FALSE,"SCANGLE  DESKTOP WINDOWS POS
INTEL i5 3RD GEN WINDOWS 10, 4GB+128GB SSD, 15.6'' FRONT DISPLAY, ALLUMINIUM FOLDABLE BODY,COLOUR : BLACK
",INR 32500.00,INR 40000.00,Sales,,0.00,0.00,0.00,0.00,cm,kg,,true,,,goods,"SCANGLE-POS TERMINAL SGT-i8 15.6""  i5 5TH GEN","SCANGLE  DESKTOP WINDOWS POS
INTEL i5 3RD GEN WINDOWS 10, 4GB+128GB SSD, 15.6'' FRONT DISPLAY, ALLUMINIUM FOLDABLE BODY,COLOUR : BLACK
",,,,,,,TOUCH POS SYSTEMS,,GST18,18.000000,Group,IGST18,18.000000,Simple,1,,,Active,nos,nos,INR 26000.00,Cost of Goods Sold,,"SCANGLE  DESKTOP WINDOWS POS
INTEL i5 3RD GEN WINDOWS 10, 4GB+128GB SSD, 15.6'' FRONT DISPLAY, ALLUMINIUM FOLDABLE BODY,COLOUR : BLACK
",Inventory Asset,,fifo,,,,,,2.00,Inventory,true,true,true,false,false,false,,,,,,,,false,,
99381000015796532,"All in one pos terminal 12.5""",A121,,,,,true,,,84705010,FALSE,"SCANGLE ALL IN ONE ANDROID POS
RK3566QUAD CORE ANDROID 11, 2GB+16GB, 11.6'' IPS SCREEN, 80mm THERMAL PRINTER",INR 20500.00,INR 53750.00,Sales,,0.00,0.00,0.00,0.00,cm,kg,,true,,,goods,"SCANGLE - POS TERMINAL SGT-664i5 15"" AFB (8GB)","SCANGLE ALL IN ONE ANDROID POS
RK3566QUAD CORE ANDROID 11, 2GB+16GB, 11.6'' IPS SCREEN, 80mm THERMAL PRINTER",,,,,,,TOUCH POS SYSTEMS,,GST18,18.000000,Group,IGST18,18.000000,Simple,1,,,Active,nos,nos,INR 17200.00,Cost of Goods Sold,,"SCANGLE ALL IN ONE ANDROID POS
RK3566QUAD CORE ANDROID 11, 2GB+16GB, 11.6'' IPS SCREEN, 80mm THERMAL PRINTER",Inventory Asset,,fifo,,,,,,7.00,Inventory,true,true,true,false,false,false,,,,,,,,false,,
99381000015796551,"All in one pos 14"" Android",A14,,,,,true,,,84705010,FALSE,"SCANGLE ALL IN ONE ANDROID POS
RK3566QUAD CORE ANDROID 11, 2GB+16GB,  14'' IPS SCREEN,80mm THERMAL PRINTER AUTO CUTTER",INR 24750.00,INR 61875.00,Sales,,0.00,0.00,0.00,0.00,cm,kg,,true,,,goods,"All in one pos 14"" Android","SCANGLE ALL IN ONE ANDROID POS
RK3566QUAD CORE ANDROID 11, 2GB+16GB,  14'' IPS SCREEN,80mm THERMAL PRINTER AUTO CUTTER",,,,,,,TOUCH POS SYSTEMS,,GST18,18.000000,Group,IGST18,18.000000,Simple,1,,,Active,nos,nos,INR 19800.00,Cost of Goods Sold,,"SCANGLE ALL IN ONE ANDROID POS
RK3566QUAD CORE ANDROID 11, 2GB+16GB,  14'' IPS SCREEN,80mm THERMAL PRINTER AUTO CUTTER",Inventory Asset,,fifo,,,,,,21.00,Inventory,true,true,true,false,false,false,,,,,,,,false,,
99381000015807919,SCANGLE - POS TERMINAL SGT-A1 Q6 (M),SGTA1Q6M,,,,,true,,,84705010,FALSE,"SCANGLE HAND HELD ANDROID POS
MTK6580(1.3GHz) ANDROID 11,2GB+16GB,       5'' IPS DISPLAY,  58mm(2'') THERMAL PRINTER  , WIFI WITH 4G
",INR 11500.00,INR 28750.00,Sales,,0.00,0.00,0.00,0.00,cm,kg,,true,,,goods,"SCANGLE - POS TERMINAL SGT-668A 15.6"" (WH-4GB)","SCANGLE HAND HELD ANDROID POS
MTK6580(1.3GHz) ANDROID 11,2GB+16GB,       5'' IPS DISPLAY,  58mm(2'') THERMAL PRINTER  , WIFI WITH 4G
",,,,,,,TOUCH POS SYSTEMS,,GST18,18.000000,Group,IGST18,18.000000,Simple,1,,,Inactive,nos,nos,INR 9200.00,Cost of Goods Sold,,"SCANGLE HAND HELD ANDROID POS
MTK6580(1.3GHz) ANDROID 11,2GB+16GB,       5'' IPS DISPLAY,  58mm(2'') THERMAL PRINTER  , WIFI WITH 4G
",Inventory Asset,,fifo,,,,,,0.00,Inventory,true,true,true,false,false,false,,,,,,,,false,,
99381000016053057,Cloud Service Charge - Premium,YESCSC002,,,,,false,,,998314,FALSE,,INR 2500.00,,Sales,,0.00,0.00,0.00,0.00,cm,kg,false,true,,,service,Cloud Service Charge - Premium,,,,,,,,,,GST18,18.000000,Group,IGST18,18.000000,Simple,1,,,Inactive,Lumpsum,,INR 2500.00,Cloud charges,,,Inventory Asset,,,,,,,,,Sales and Purchases,true,true,false,false,false,false,,,,,,,,false,,
99381000016053078,Cloud Service Charge - Additional ECS Terminal,YESCSC003,,,,,false,,,998314,FALSE,,INR 900.00,,Sales,,0.00,0.00,0.00,0.00,cm,kg,false,true,,,service,Cloud Service Charge - Additional ECS Terminal,,,,,,,,,,GST18,18.000000,Group,IGST18,18.000000,Simple,1,,,Inactive,Lumpsum,,INR 899.00,Cloud charges,,,Inventory Asset,,,,,,,,,Sales and Purchases,true,true,false,false,false,false,,,,,,,,false,,
99381000016053227,Cloud Service Charge - Additional Sales,YESCSC004,,,,,false,,,998314,FALSE,,INR 500.00,,Sales,,0.00,0.00,0.00,0.00,cm,kg,false,true,,,service,Cloud Service Charge - Additional Sales,,,,,,,,,,GST18,18.000000,Group,IGST18,18.000000,Simple,1,,,Inactive,Lumpsum,,INR 300.00,Cloud charges,,,Inventory Asset,,,,,,,,,Sales and Purchases,true,true,false,false,false,false,,,,,,,,false,,
99381000016114687,ECS PRINTER COVER,ECS106,,,,,false,,,84239020,FALSE,,INR 170.00,INR 425.00,Sales,,0.00,0.00,0.00,0.00,cm,kg,,true,,,goods,ECS PRINTER COVER,,,,,,,,,,GST18,18.000000,Group,IGST18,18.000000,Simple,1,,,Active,nos,nos,INR 83.41,Cost of Goods Sold,,,Inventory Asset,,fifo,,,,,,22.00,Inventory,true,true,true,false,false,false,,,,,,,,false,,
99381000016247707,SPOS Additional 3000 sales logs,SPOSSW14,,,,,false,,,998598,FALSE,,INR 500.00,INR 1250.00,Sales,,0.00,0.00,0.00,0.00,cm,kg,false,true,,,service,SPOS Additional 3000 sales logs,,,,,,,,,,GST18,18.000000,Group,IGST18,18.000000,Simple,1,,,Inactive,Lumpsum,,INR 300.00,Cost of Goods Sold,,,Inventory Asset,,,,,,,,,Sales and Purchases,true,true,false,false,false,false,,,,,,,,false,,
99381000016247834,Cloud Service Charge - Standard (1 month),YESCSC005,,,,,false,,,998314,FALSE,,INR 191.00,,Sales,,0.00,0.00,0.00,0.00,cm,kg,false,true,,,service,Cloud Service Charge - Standard (1 month),,,,,,,,,,GST18,18.000000,Group,IGST18,18.000000,Simple,1,,,Inactive,Lumpsum,,INR 150.00,Cloud charges,,,Inventory Asset,,,,,,,,,Sales and Purchases,true,true,false,false,false,false,,,,,,,,false,,
99381000016247843,Cloud Service Charge - Premium (1 Month),YESCSC006,,,,,false,,,998314,FALSE,,INR 250.00,,Sales,,0.00,0.00,0.00,0.00,cm,kg,false,true,,,service,Cloud Service Charge - Premium (1 Month),,,,,,,,,,GST18,18.000000,Group,IGST18,18.000000,Simple,1,,,Inactive,Lumpsum,,INR 250.00,Cloud charges,,,Inventory Asset,,,,,,,,,Sales and Purchases,true,true,false,false,false,false,,,,,,,,false,,
99381000016713754,PORTABLE SCALE 30X40 FRONT DISPLAY PLACTIC CASE,PSFDPC,,,,,true,,,84239020,FALSE,,INR 332.00,INR 830.00,Sales,,0.00,0.00,0.00,0.00,cm,kg,,true,,,goods,PORTABLE SCALE 30X40 FRONT DISPLAY PLACTIC CASE,,,,,,,,,,GST18,18.000000,Group,IGST18,18.000000,Simple,1,,,Active,nos,nos,INR 246.00,Cost of Goods Sold,,,Inventory Asset,,fifo,,,,,,29.00,Inventory,true,true,true,false,false,false,,,,,,,,false,,
99381000016713773,PORTABLE SCALE 30X40 BACK DISPLAY CASE,PSBDC3,,,,,true,,,84239020,FALSE,,INR 150.00,INR 375.00,Sales,,0.00,0.00,0.00,0.00,cm,kg,,true,,,goods,PORTABLE SCALE 30X40 BACK DISPLAY CASE,,,,,,,,,,GST18,18.000000,Group,IGST18,18.000000,Simple,1,,,Active,nos,nos,INR 0.00,Cost of Goods Sold,,,Inventory Asset,,fifo,,,,,,50.00,Inventory,true,true,true,false,false,false,,,,,,,,false,,
99381000016713792,PORTABLE SCALE 30X40 MACHINE LEG,PSDGQ005,,,,,true,,,84239020,FALSE,,INR 25.00,INR 62.50,Sales,,0.00,0.00,0.00,0.00,cm,kg,,true,,,goods,PORTABLE SCALE 30X40 MACHINE LEG,,,,,,,,,,GST18,18.000000,Group,IGST18,18.000000,Simple,1,,,Inactive,nos,nos,INR 0.00,Cost of Goods Sold,,,Inventory Asset,,fifo,,,,,,0.00,Inventory,true,true,true,false,false,false,,,,,,,,false,,
99381000016713811,PORTABLE SCALE 30X40 HANDLE,PSH304,,,,,true,,,84239020,FALSE,,INR 30.00,INR 75.00,Sales,,0.00,0.00,0.00,0.00,cm,kg,,true,,,goods,PORTABLE SCALE 30X40 HANDLE,,,,,,,,,,GST18,18.000000,Group,IGST18,18.000000,Simple,1,,,Active,nos,nos,INR 0.00,Cost of Goods Sold,,,Inventory Asset,,fifo,,,,,,55.00,Inventory,true,true,true,false,false,false,,,,,,,,false,,
99381000016713830,PFG555SSQ KEYPAD,PK555,,,,,true,,,84239020,FALSE,,INR 130.00,INR 325.00,Sales,,0.00,0.00,0.00,0.00,cm,kg,,true,,,goods,PFG555SSQ KEYPAD,,,,,,,,,,GST18,18.000000,Group,IGST18,18.000000,Simple,1,,,Active,nos,nos,INR 40.00,Cost of Goods Sold,,,Inventory Asset,,fifo,,,,,,20.00,Inventory,true,true,true,false,false,false,,,,,,,,false,,
99381000016713849,BATTERY 6V 4.5AH,BAT6V,,,,,true,,,84239020,FALSE,,INR 200.00,INR 625.00,Sales,,0.00,0.00,0.00,0.00,cm,kg,,true,,,goods,BATTERY 6V 4.5AH,,,,,,,,,,GST18,18.000000,Group,IGST18,18.000000,Simple,1,,,Active,nos,nos,INR 185.00,Cost of Goods Sold,,,Inventory Asset,,fifo,,,,,,15.00,Inventory,true,true,true,false,false,false,,,,,,,,false,,
99381000016713868,TRANSFORMER 9V,TRANSF,,,,,true,,,84239020,FALSE,,INR 95.00,INR 237.50,Sales,,0.00,0.00,0.00,0.00,cm,kg,,true,,,goods,TRANSFORMER 9V,,,,,,,,,,GST18,18.000000,Group,IGST18,18.000000,Simple,1,,,Active,nos,nos,INR 40.00,Cost of Goods Sold,,,Inventory Asset,,fifo,,,,,,25.00,Inventory,true,true,true,false,false,false,,,,,,,,false,,
99381000016713887,PFG555SSQ LEG,PL555,,,,,true,,,84239020,FALSE,,INR 25.00,INR 62.50,Sales,,0.00,0.00,0.00,0.00,cm,kg,,true,,,goods,PFG555SSQ LEG,,,,,,,,,,GST18,18.000000,Group,IGST18,18.000000,Simple,1,,,Active,nos,nos,INR 18.00,Cost of Goods Sold,,,Inventory Asset,,fifo,,,,,,2.00,Inventory,true,true,true,false,false,false,,,,,,,,false,,
99381000016785236,ATM PC AD Red,ATM30RAD,,,,,true,,,84238190,FALSE,"Max: 20kg  Min : 40g e : 2g Class III
Display : Red",INR 1550.00,INR 3875.00,Sales,,0.00,0.00,0.00,0.00,cm,kg,,true,,,goods,TABLE TOP SCALE PC (GREEN-AY),,,,,,,,WEIGHING SCALE IMPORT,,GST18,18.000000,Group,IGST18,18.000000,Simple,1,,,Active,nos,nos,INR 1115.00,Cost of Goods Sold,,"Max: 20kg  Min : 40g e : 2g Class III
Display : Red",Inventory Asset,,fifo,,,,,,6.00,Inventory,true,true,true,false,false,false,,,,,,,,false,,
99381000016785255,PLATFORM SCALE -BENCH (RED-AD1),DY5030FRAD1,,,,,true,,,84238290,FALSE,Max:50kg e:5g Min:100g Class:III Display : Dual,INR 1300.00,INR 3250.00,Sales,,0.00,0.00,0.00,0.00,cm,kg,,true,,,goods,PLATFORM SCALE -BENCH (RED-AD1),Max:50kg e:5g Min:100g Class:III Display : Dual,,,,,,,,,GST18,18.000000,Group,IGST18,18.000000,Simple,1,,,Inactive,nos,nos,INR 1130.00,Cost of Goods Sold,, Max:50kg e:5g Min:100g Class:III Display : Dual,Inventory Asset,,fifo,,,,,,0.00,Inventory,true,true,true,false,false,false,,,,,,,,false,,
99381000017052005,ECS CLOUD Standard (Yearly),YESCLOUDSTDY,,,,,true,,,85238020,FALSE,,INR 2000.00,INR 2500.00,Sales,,0.00,0.00,0.00,0.00,cm,kg,,true,,,goods,ECS CLOUD Standard (Yearly),,,,,,,,SOFTWARE KEYS,,GST18,18.000000,Group,IGST18,18.000000,Simple,1,,,Active,nos,nos,INR 1500.00,Cost of Goods Sold,,,Inventory Asset,,fifo,,,,,,-24.00,Inventory,true,true,true,true,false,false,,,,,,,,false,,
99381000017052032,POS Standard Subscription (Y),YESPOSSTDY,,,,,true,,,998314,FALSE,,INR 2000.00,INR 5000.00,Sales,,0.00,0.00,0.00,0.00,cm,kg,,true,,,goods,POS Standard Subscription (Y),,,,,,,,,,GST18,18.000000,Group,IGST18,18.000000,Simple,1,,,Inactive,nos,nos,INR 1300.00,Cost of Goods Sold,,,Inventory Asset,,fifo,,,,,,0.00,Inventory,true,true,true,true,false,false,,,,,,,,false,,
99381000017145085,ECS CLOUD Standard (Monthly),YESCLOUDSTDM,,,,,true,,,85238010,FALSE,,INR 190.68,INR 476.70,Sales,,0.00,0.00,0.00,0.00,cm,kg,,true,,,goods,ECS CLOUD Standard (Monthly),,,,,,,,SOFTWARE KEYS,,GST18,18.000000,Group,IGST18,18.000000,Simple,1,,,Inactive,nos,nos,INR 150.00,Cost of Goods Sold,,,Inventory Asset,,fifo,,,,,,0.00,Inventory,true,true,true,true,false,false,,,,,,,,false,,
99381000017395545,Cloud Service Charge - Standard to Premium,YESCSC007,,,,,false,,,998314,FALSE,,INR 1000.00,,Sales,,0.00,0.00,0.00,0.00,cm,kg,false,true,,,service,Cloud Service Charge - Standard to Premium,,,,,,,,,,GST18,18.000000,Group,IGST18,18.000000,Simple,1,,,Inactive,Lumpsum,,INR 1000.00,Cloud charges,,,Inventory Asset,,,,,,,,,Sales and Purchases,true,true,false,false,false,false,,,,,,,,false,,
99381000017395612,Cloud Service Charge - Customer / Vendor,YESCSC008,,,,,false,,,998314,FALSE,,INR 1250.00,,Sales,,0.00,0.00,0.00,0.00,cm,kg,false,true,,,service,Cloud Service Charge - Customer / Vendor,,,,,,,,,,GST18,18.000000,Group,IGST18,18.000000,Simple,1,,,Inactive,Lumpsum,,INR 849.00,Cloud charges,,,Inventory Asset,,,,,,,,,Sales and Purchases,true,true,false,false,false,false,,,,,,,,false,,
99381000017498027,Cloud Service Charge - Multi shop support,YESCSC009,,,,,false,,,998314,FALSE,,INR 1250.00,,Sales,,0.00,0.00,0.00,0.00,cm,kg,false,true,,,service,Cloud Service Charge - Multi shop support,,,,,,,,,,GST18,18.000000,Group,IGST18,18.000000,Simple,1,,,Inactive,Lumpsum,,INR 849.00,Cloud charges,,,Inventory Asset,,,,,,,,,Sales and Purchases,true,true,false,false,false,false,,,,,,,,false,,
99381000017677203,PLATFORM SCALE -BENCH (DUAL-AD5)-G,DY5030DAD5,,,,,true,,,84238290,FALSE,Max:50kg e:5g Min:100g Class:III Display : Dual,INR 1300.00,INR 3250.00,Sales,,0.00,0.00,0.00,0.00,cm,kg,,true,,,goods,PLATFORM SCALE -BENCH (DUAL-AD5)-G,Max:50kg e:5g Min:100g Class:III Display : Dual,,,,,,,,,GST18,18.000000,Group,IGST18,18.000000,Simple,1,,,Inactive,nos,nos,INR 1146.00,Cost of Goods Sold,, Max:50kg e:5g Min:100g Class:III Display : Dual,Inventory Asset,,fifo,,,,,,0.00,Inventory,true,true,true,false,false,false,,,,,,,,false,,
99381000017700129,ECR motherboard board with WIFI,ECR107,,,,,false,,,84239020,FALSE,,INR 6900.00,INR 17250.00,Sales,,0.00,0.00,0.00,0.00,cm,kg,,true,,,goods,ECR motherboard board with WIFI,,,,,,,,,,GST18,18.000000,Group,IGST18,18.000000,Simple,1,,,Active,nos,nos,INR 4176.00,Cost of Goods Sold,,,Inventory Asset,,fifo,,,,,,8.00,Inventory,true,true,true,false,false,false,,,,,,,,false,,
99381000017822041,Cloud Service Charge - Additional 1000 products,YESCSC010,,,,,false,,,998314,FALSE,,INR 1250.00,,Sales,,0.00,0.00,0.00,0.00,cm,kg,false,true,,,service,Cloud Service Charge - Additional 1000 products,,,,,,,,,,GST18,18.000000,Group,IGST18,18.000000,Simple,1,,,Inactive,Lumpsum,,INR 849.00,Cloud charges,,,Inventory Asset,,,,,,,,,Sales and Purchases,true,true,false,false,false,false,,,,,,,,false,,
99381000017833628,SCANGLE - POS TERMINAL SGT-668 KIOSK,KIOSKS215P,,,,,true,,,84705010,FALSE,"RK3566 2GB+32GB SSD 21.5"" HD 1080P IPS CAPACITIVE TP 21.5"" 80MM PRINTER ANDROID 11
",INR 44000.00,INR 110000.00,Sales,,0.00,0.00,0.00,0.00,cm,kg,,true,,,goods,"SCANGLE - POS TERMINAL SGT-664i5 15"" AFB (8GB)","RK3566 2GB+32GB SSD 21.5"" HD 1080P IPS CAPACITIVE TP 21.5"" 80MM PRINTER ANDROID 11
",,,,,,,TOUCH POS SYSTEMS,,GST18,18.000000,Group,IGST18,18.000000,Simple,1,,,Inactive,nos,nos,INR 37850.00,Cost of Goods Sold,,"RK3566 2GB+32GB SSD 21.5"" HD 1080P IPS CAPACITIVE TP 21.5"" 80MM PRINTER ANDROID 11
",Inventory Asset,,fifo,,,,,,0.00,Inventory,true,true,true,false,false,false,,,,,,,,false,,
99381000017833647,"SCANGLE-POS TERMINAL SGT-i8 15.6"" 10TH GEN",SGTI8156I310THGEN,,,,,true,,,84705010,FALSE,"INTEL i3 10TH GEN 8GB+128GB SSD 15.6"" FRONT DISPLAY 11.6"" 2ND DISPLAY BUILT IN 80MM PRINTER
",INR 39500.00,INR 98750.00,Sales,,0.00,0.00,0.00,0.00,cm,kg,,true,,,goods,"SCANGLE-POS TERMINAL SGT-i8 15.6""  i5 5TH GEN","INTEL i3 10TH GEN 8GB+128GB SSD 15.6"" FRONT DISPLAY 11.6"" 2ND DISPLAY BUILT IN 80MM PRINTER
",,,,,,,TOUCH POS SYSTEMS,,GST18,18.000000,Group,IGST18,18.000000,Simple,1,,,Inactive,nos,nos,INR 33000.00,Cost of Goods Sold,,"INTEL i3 10TH GEN 8GB+128GB SSD 15.6"" FRONT DISPLAY 11.6"" 2ND DISPLAY BUILT IN 80MM PRINTER
",Inventory Asset,,fifo,,,,,,0.00,Inventory,true,true,true,false,false,false,,,,,,,,false,,
99381000017833666,"SCANGLE-POS TERMINAL SGT-i8 15.6""  i3 3RD GEN",SGTI8156I33RDGEN,,,,,true,,,84705010,FALSE," INTEL i3 3rd GEN 4GB+128GB SSD 15.6"" FRONT DISPLAY 
11.6"" 2ND DISPLAY BUILT IN 80MM PRINTER",INR 29500.00,INR 73750.00,Sales,,0.00,0.00,0.00,0.00,cm,kg,,true,,,goods,"SCANGLE-POS TERMINAL SGT-i8 15.6""  i5 5TH GEN"," INTEL i3 3rd GEN 4GB+128GB SSD 15.6"" FRONT DISPLAY 
11.6"" 2ND DISPLAY BUILT IN 80MM PRINTER",,,,,,,TOUCH POS SYSTEMS,,GST18,18.000000,Group,IGST18,18.000000,Simple,1,,,Inactive,nos,nos,INR 24500.00,Cost of Goods Sold,," INTEL i3 3rd GEN 4GB+128GB SSD 15.6"" FRONT DISPLAY 
11.6"" 2ND DISPLAY BUILT IN 80MM PRINTER",Inventory Asset,,fifo,,,,,,0.00,Inventory,true,true,true,false,false,false,,,,,,,,false,,
99381000017833689,"Pos  Terminal  A 15.6""",880P,,,,,true,,,84705010,FALSE,"RK3566 QUAD CORE 2GB+32GB SSD 15.6"" FRONT DISPLAY  80MM PRINTER
",INR 24900.00,INR 32500.00,Sales,,0.00,0.00,0.00,0.00,cm,kg,,true,,,goods,"SCANGLE-POS TERMINAL SGT-i8 15.6""  i5 5TH GEN","RK3566 QUAD CORE 2GB+32GB SSD 15.6"" FRONT DISPLAY  80MM PRINTER
",,,,,,,TOUCH POS SYSTEMS,,GST18,18.000000,Group,IGST18,18.000000,Simple,1,,,Active,nos,nos,INR 20750.00,Cost of Goods Sold,,"RK3566 QUAD CORE 2GB+32GB SSD 15.6"" FRONT DISPLAY  80MM PRINTER
",Inventory Asset,,fifo,,,,,,6.00,Inventory,true,true,true,false,false,false,,,,,,,,false,,
99381000017833708,"Pos Terminal A 15.6"" Rear 11""",880PRD,,,,,true,,,84705010,FALSE,"880P ANDROID RK3568 QUAD CORE 2GB+32GB SSD 15.6"" FRONT DISPLAY 11.6"" 2ND DISPLAY  80MM PRINTER
",INR 29700.00,INR 37000.00,Sales,,0.00,0.00,0.00,0.00,cm,kg,,true,,,goods,"SCANGLE-POS TERMINAL SGT-i8 15.6""  i5 5TH GEN","880P ANDROID RK3568 QUAD CORE 2GB+32GB SSD 15.6"" FRONT DISPLAY 11.6"" 2ND DISPLAY  80MM PRINTER
",,,,,,,TOUCH POS SYSTEMS,,GST18,18.000000,Group,IGST18,18.000000,Simple,1,,,Active,nos,nos,INR 24750.00,Cost of Goods Sold,,"880P ANDROID RK3568 QUAD CORE 2GB+32GB SSD 15.6"" FRONT DISPLAY 11.6"" 2ND DISPLAY  80MM PRINTER
",Inventory Asset,,fifo,,,,,,10.00,Inventory,true,true,true,false,false,false,,,,,,,,false,,
99381000017833727,SCANGLE - CASH DRAWER 3 CONTAINER POS,CDP3TRAY,,,,,true,,,83030000,FALSE,"DIMENSION: 420(W)*410(D)*100(H), BILLS: 5 BILLS, COINS: 5 COINS ,INTERFACE: RJ11/USB/RS232
",INR 2500.00,INR 6250.00,Sales,,0.00,0.00,0.00,0.00,cm,kg,,true,,,goods,SCANGLE - BARCODE SERIAL SCANNER  1D HANDY,"DIMENSION: 420(W)*410(D)*100(H), BILLS: 5 BILLS, COINS: 5 COINS ,INTERFACE: RJ11/USB/RS232
",,,,,,,PRINTERS & SCANNERS,,GST18,18.000000,Group,IGST18,18.000000,Simple,1,,,Inactive,nos,nos,INR 2050.00,Cost of Goods Sold,,"DIMENSION: 420(W)*410(D)*100(H), BILLS: 5 BILLS, COINS: 5 COINS ,INTERFACE: RJ11/USB/RS232
",Inventory Asset,,fifo,,,,,,0.00,Inventory,true,true,true,false,false,false,,,,,,,,false,,
99381000017833746,"SCANGLE - POS TERMINAL SGT-664i5 15""",SGT664I5155THGEN,,,,,true,,,84714190,FALSE,"i5 5TH GEN 8+128GB SSD 15"" FRONT DISPLAY WINDOWS 10
",INR 26500.00,INR 66250.00,Sales,,0.00,0.00,0.00,0.00,cm,kg,,true,,,goods,"SCANGLE - POS TERMINAL SGT-664i5 15"" AFB (8GB)","i5 5TH GEN 8+128GB SSD 15"" FRONT DISPLAY WINDOWS 10
",,,,,,,TOUCH POS SYSTEMS,,GST18,18.000000,Group,IGST18,18.000000,Simple,1,,,Inactive,nos,nos,INR 22000.00,Cost of Goods Sold,,"i5 5TH GEN 8+128GB SSD 15"" FRONT DISPLAY WINDOWS 10
",Inventory Asset,,fifo,,,,,,0.00,Inventory,true,true,true,false,false,false,,,,,,,,false,,
99381000017833765,SCANGLE - XP-350B THERMAL PRINTER,XP350BLANEC,,,,,true,,,84433290,FALSE,"USB+LAN PRINTER 80MM
",INR 3250.00,INR 8125.00,Sales,,0.00,0.00,0.00,0.00,cm,kg,,true,,,goods,SCANGLE-All IN ONE POS TERMINAL - Scale,"USB+LAN PRINTER 80MM
",,,,,,,PRINTERS & SCANNERS,,GST18,18.000000,Group,IGST18,18.000000,Simple,1,,,Active,nos,nos,INR 2600.00,Cost of Goods Sold,,"USB+LAN PRINTER 80MM
",Inventory Asset,,fifo,,,,,,1.00,Inventory,true,true,true,false,false,false,,,,,,,,false,,
99381000017838622,CCM  - Value Counting Machine (WB),CCMAL66B,,,,,false,,,84729090,FALSE,,INR 7243.00,INR 18107.50,Sales,,0.00,0.00,0.00,0.00,cm,kg,,true,,,goods,CCM  - Value Counting Machine (WB),,,,,,,,,,GST18,18.000000,Group,IGST18,18.000000,Simple,1,,,Inactive,nos,nos,INR 6898.00,Cost of Goods Sold,,,Inventory Asset,,fifo,,,,,,0.00,Inventory,true,true,true,true,false,false,,,,,,,,false,,
99381000017965769,Cloud Service Charge - Additional ECS Terminal (1Month),YESCSC011,,,,,false,,,998314,FALSE,,INR 93.00,,Sales,,0.00,0.00,0.00,0.00,cm,kg,false,true,,,service,Cloud Service Charge - Additional ECS Terminal (1Month),,,,,,,,,,GST18,18.000000,Group,IGST18,18.000000,Simple,1,,,Inactive,Lumpsum,,INR 90.00,Cloud charges,,,Inventory Asset,,,,,,,,,Sales and Purchases,true,true,false,false,false,false,,,,,,,,false,,
99381000018596182,CCM DISPLAY UNIT FRONT - AL800,CDUFA8,,,,,true,,,84239020,FALSE,,INR 680.00,INR 1700.00,Sales,,0.00,0.00,0.00,0.00,cm,kg,,true,,,goods,CCM DISPLAY UNIT FRONT - AL800,,,,,,,,,,GST18,18.000000,Group,IGST18,18.000000,Simple,1,,,Active,nos,nos,INR 0.00,Cost of Goods Sold,,,Inventory Asset,,fifo,,,,,,3.00,Inventory,true,true,true,false,false,false,,,,,,,,false,,
99381000018596201,C.M TRANSFORMER CCM  -AL800,CMTCA8,,,,,false,,,84239020,FALSE,,INR 265.00,INR 662.50,Sales,,0.00,0.00,0.00,0.00,cm,kg,,true,,,goods,C.M TRANSFORMER CCM  -AL800,,,,,,,,,,GST18,18.000000,Group,IGST18,18.000000,Simple,1,,,Active,nos,nos,INR 0.00,Cost of Goods Sold,,,Inventory Asset,,fifo,,,,,,1.00,Inventory,true,true,true,false,false,false,,,,,,,,false,,
99381000018988784,Floor Scale Indicator A5,FSINDA5,,,,,false,,,84238190,FALSE,,INR 1400.00,INR 3800.00,Sales,,2.00,22.00,34.00,23.00,cm,kg,,true,,,goods,Floor Scale Indicator A5,,,,,,,,WEIGHING INDICATORS,,GST18,18.000000,Group,IGST18,18.000000,Simple,1,,,Active,nos,nos,INR 1075.00,Cost of Goods Sold,,,Inventory Asset,,fifo,,,,,,8.00,Inventory,true,true,true,false,false,false,,,,,,,,false,,1
99381000019013465,Bench Scale AD F,BPCGADF,,,,,true,,,84238290,FALSE,Max:50kg e:5g Min:100g Class:III Display : Green,INR 1950.00,INR 6300.00,Sales,,0.00,0.00,0.00,0.00,cm,kg,,true,,,goods,PLATFORM SCALE -BENCH (FG-AD1),Max:50kg e:5g Min:100g Class:III Display : Green,,,,,,,WEIGHING SCALE IMPORT,,GST18,18.000000,Group,IGST18,18.000000,Simple,1,,,Active,nos,nos,INR 1728.00,Cost of Goods Sold,, Max:50kg e:5g Min:100g Class:III Display : Green,Inventory Asset,,fifo,,,,,,279.00,Inventory,true,true,true,false,false,false,,,,,,,,false,,
99381000019013484,Bench Scale AD G,BPCADG,,,,,true,,,84238290,FALSE,Max:50kg e:5g Min:100g Class:III Display : Green,INR 1950.00,INR 6300.00,Sales,,0.00,0.00,0.00,0.00,cm,kg,,true,,,goods,PLATFORM SCALE -BENCH (GG-AD1),Max:50kg e:5g Min:100g Class:III Display : Green,,,,,,,WEIGHING SCALE IMPORT,,GST18,18.000000,Group,IGST18,18.000000,Simple,1,,,Active,nos,nos,INR 1728.00,Cost of Goods Sold,, Max:50kg e:5g Min:100g Class:III Display : Green,Inventory Asset,,fifo,,,,,,70.00,Inventory,true,true,true,false,false,false,,,,,,,,false,,
99381000019013503,Platform Scale 40x50 AD,PF4050AD,,,,,false,,,84238290,FALSE,"Make : YESWEIGH Model:YSP-100
Max:300 kg e: 50gm Min:1kg Class III",INR 3400.00,INR 7500.00,Sales,,13.00,68.00,41.00,18.00,cm,kg,,true,,,goods,Platform Weighing Scale 400x500 MS Chq. (AD),"Make : YESWEIGH Model:YSP-100
Max:300 kg e: 50gm Min:1kg Class III",,,,,,,WEIGHING SCALE IMPORT,,GST18,18.000000,Group,IGST18,18.000000,Simple,1,,,Active,nos,nos,INR 2556.00,Cost of Goods Sold,,"Make : YESWEIGH Model:YSP-100
Max:300 kg e: 50gm Min:1kg Class III",Inventory Asset,,fifo,,,,,,56.00,Inventory,true,true,true,false,false,false,,,,,,,,false,,1
99381000019013526,Platform Scale 45x60,PF4560AD,,,,,false,,,84238290,FALSE,"Make : YESWEIGH Model:YSP-100
Max:300 kg e: 50gm Min:1kg Class III",INR 4100.00,INR 9000.00,Sales,,13.00,68.00,41.00,18.00,cm,kg,,true,,,goods,Platform Weighing Scale 450x600 MS Chq (AD),"Make : YESWEIGH Model:YSP-100
Max:300 kg e: 50gm Min:1kg Class III",,,,,,,WEIGHING SCALE IMPORT,,GST18,18.000000,Group,IGST18,18.000000,Simple,1,,,Active,nos,nos,INR 3011.00,Cost of Goods Sold,,"Make : YESWEIGH Model:YSP-100
Max:300 kg e: 50gm Min:1kg Class III",Inventory Asset,,fifo,,,,,,59.00,Inventory,true,true,true,false,false,false,,,,,,,,false,,1
99381000019013545,TABLE TOP SCALE PC (RED-AD-629S),DY629S,,,,,true,,,84238190,FALSE,"Max: 30kg  Min : 100g e : 5g Class III
Display : Red",INR 1150.00,INR 2875.00,Sales,,0.00,0.00,0.00,0.00,cm,kg,,true,,,goods,TABLE TOP SCALE PC (RED-AD-629S),"Max: 30kg  Min : 100g e : 5g Class III
Display : Red",,,,,,,,,GST18,18.000000,Group,IGST18,18.000000,Simple,1,,,Inactive,nos,nos,INR 1097.00,Cost of Goods Sold,,"Max: 30kg  Min : 100g e : 5g Class III
Display : Red",Inventory Asset,,fifo,,,,,,0.00,Inventory,true,true,true,false,false,false,,,,,,,,false,,
99381000019013564,Indicator-618,IND618,,,,,false,,,84238190,FALSE,Display : Red,INR 1115.00,INR 2787.50,Sales,,0.00,0.00,0.00,0.00,cm,kg,,true,,,goods,Indicator-618,Display : Red,,,,,,,,,GST18,18.000000,Group,IGST18,18.000000,Simple,1,,,Active,nos,nos,INR 857.00,Cost of Goods Sold,,Display : Red,Inventory Asset,,fifo,,,,,,0.00,Inventory,true,true,true,false,false,false,,,,,,,,false,,
99381000019095001,SCANGLE-All IN ONE POS TERMINAL - Scale,SGT665TS156,,,,,true,,,84705010,FALSE,"15.6 INCH ANDROID POS
 RK3566/2GB+ 32GB SSD
 80MM PRINTER
 ANDROID 11
Weighing scale ",INR 28800.00,INR 72000.00,Sales,,0.00,0.00,0.00,0.00,cm,kg,,true,,,goods,SCANGLE-All IN ONE POS TERMINAL - Scale,"15.6 INCH ANDROID POS
 RK3566/2GB+ 32GB SSD
 80MM PRINTER
 ANDROID 11
Weighing scale ",,,,,,,TOUCH POS SYSTEMS,,GST18,18.000000,Group,IGST18,18.000000,Simple,1,,,Inactive,nos,nos,INR 24000.00,Cost of Goods Sold,,"15.6 INCH ANDROID POS
 RK3566/2GB+ 32GB SSD
 80MM PRINTER
 ANDROID 11
 WITH WEIGHING ",Inventory Asset,,fifo,,,,,,0.00,Inventory,true,true,true,false,false,false,,,,,,,,false,,
99381000019095020,AI Pos Scale,AIPOS,,,,,true,,,84705010,FALSE,"15.6 INCH ANDROID POS
 RK3566/2GB+ 32GB SSD
 80MM PRINTER
 ANDROID 11
 AI CAMERA
 WITH WEIGHING",INR 31750.00,INR 79375.00,Sales,,0.00,0.00,0.00,0.00,cm,kg,,true,,,goods,"SCANGLE-POS TERMINAL SGT-i8 15.6""  i5 5TH GEN","15.6 INCH ANDROID POS
 RK3566/2GB+ 32GB SSD
 80MM PRINTER
 ANDROID 11
 AI CAMERA
 WITH WEIGHING",,,,,,,BILL PRINTING SCALES,,GST18,18.000000,Group,IGST18,18.000000,Simple,1,,,Active,nos,nos,INR 26450.00,Cost of Goods Sold,,"15.6 INCH ANDROID POS
 RK3566/2GB+ 32GB SSD
 80MM PRINTER
 ANDROID 11
 AI CAMERA
 WITH WEIGHING",Inventory Asset,,fifo,,,,,,21.00,Inventory,true,true,true,false,false,false,,,,,,,,false,,
99381000019195231,SANOFT POS LITE,SANOFT001,,,,,false,,,998314,FALSE,,INR 2000.00,,Sales,,0.00,0.00,0.00,0.00,cm,kg,false,true,,,service,SANOFT POS LITE,,,,,,,,,,GST18,18.000000,Group,IGST18,18.000000,Simple,1,,,Inactive,nos,nos,INR 1500.00,Cloud charges,,,Inventory Asset,,,,,,,,,Sales and Purchases,true,true,false,false,false,false,,,,,,,,false,,
99381000019579265,SANOFT POS Pro,SANOFT002,,,,,false,,,998314,FALSE,,INR 3000.00,,Sales,,0.00,0.00,0.00,0.00,cm,kg,false,true,,,service,SANOFT POS Pro,,,,,,,,,,GST18,18.000000,Group,IGST18,18.000000,Simple,1,,,Inactive,nos,nos,INR 2500.00,Cloud charges,,,Inventory Asset,,,,,,,,,Sales and Purchases,true,true,false,false,false,false,,,,,,,,false,,
99381000019579274,SANOFT POS Elite,SANOFT003,,,,,false,,,998314,FALSE,,INR 4000.00,,Sales,,0.00,0.00,0.00,0.00,cm,kg,false,true,,,service,SANOFT POS Elite,,,,,,,,,,GST18,18.000000,Group,IGST18,18.000000,Simple,1,,,Inactive,nos,nos,INR 3500.00,Cloud charges,,,Inventory Asset,,,,,,,,,Sales and Purchases,true,true,false,false,false,false,,,,,,,,false,,
99381000019572493,Government Stamping Fee / Expense for 3100g,SF3100,,,,,false,,,76061190,FALSE,,INR 485.00,INR 1212.50,Sales,,0.00,0.00,0.00,0.00,cm,kg,,true,,,goods,Government Stamping Fee / Expense for 510g,,,,,,,,Stamping KL,,GST18,18.000000,Group,IGST18,18.000000,Simple,1,,,Inactive,nos,nos,INR 335.00,Cost of Goods Sold,,,Inventory Asset,,fifo,,,,,,0.00,Inventory,true,true,true,false,false,false,,,,,,,,false,,
99381000019863053,Government Stamping Fee / Expense for 610g,SF610,,,,,true,,,76061190,FALSE,,INR 485.00,INR 1212.50,Sales,,0.00,0.00,0.00,0.00,cm,kg,,true,,,goods,Gujarath Government Stamping Fee /Expense for 20 kg,,,,,,,,Stamping KL,,GST18,18.000000,Group,IGST18,18.000000,Simple,1,,,Inactive,nos,nos,INR 335.00,Cost of Goods Sold,,,Inventory Asset,,fifo,,,,,,0.00,Inventory,true,true,true,false,false,false,,,,,,,,false,,
99381000019918882,PORTABLE SCALE 30X40 PAN & STRUCTURE,PSPS30,,,,,true,,,84239020,FALSE,,INR 1000.00,INR 2500.00,Sales,,0.00,0.00,0.00,0.00,cm,kg,,true,,,goods,PORTABLE SCALE 30X40 PAN & STRUCTURE,,,,,,,,,,GST18,18.000000,Group,IGST18,18.000000,Simple,1,,,Active,nos,nos,INR 500.00,Cost of Goods Sold,,,Inventory Asset,,fifo,,,,,,5.00,Inventory,true,true,true,false,false,false,,,,,,,,false,,
99381000019974105,LI-ION A1Q7,LIA17,,,,,true,,,84239020,FALSE,,INR 1370.00,INR 3425.00,Sales,,0.00,0.00,0.00,0.00,cm,kg,,true,,,goods,LI-ION A1Q7,,,,,,,,,,GST18,18.000000,Group,IGST18,18.000000,Simple,1,,,Inactive,nos,nos,INR 1056.00,Cost of Goods Sold,,,Inventory Asset,,fifo,,,,,,0.00,Inventory,true,true,true,false,false,false,,,,,,,,false,,
99381000019974136,CASH DRAWER SPRING LOCK,CDS,,,,,true,,,84239020,FALSE,,INR 460.00,INR 1150.00,Sales,,0.00,0.00,0.00,0.00,cm,kg,,true,,,goods,CASH DRAWER SPRING LOCK,,,,,,,,,,GST18,18.000000,Group,IGST18,18.000000,Simple,1,,,Active,nos,nos,INR 352.00,Cost of Goods Sold,,,Inventory Asset,,fifo,,,,,,3.00,Inventory,true,true,true,false,false,false,,,,,,,,false,,
99381000019974155,CASH DRAWER  LOCK WITH 2 KEYS,CDLOCK,,,,,true,,,84239020,FALSE,,INR 170.00,INR 425.00,Sales,,0.00,0.00,0.00,0.00,cm,kg,,true,,,goods,CASH DRAWER  LOCK WITH 2 KEYS,,,,,,,,,,GST18,18.000000,Group,IGST18,18.000000,Simple,1,,,Active,nos,nos,INR 132.00,Cost of Goods Sold,,,Inventory Asset,,fifo,,,,,,1.00,Inventory,true,true,true,false,false,false,,,,,,,,false,,
99381000019974174,POWER ADAPTOR 12V 5A,PAD12V,,,,,true,,,84239020,FALSE,,INR 570.00,INR 1425.00,Sales,,0.00,0.00,0.00,0.00,cm,kg,,true,,,goods,POWER ADAPTOR 12V 5A,,,,,,,,,,GST18,18.000000,Group,IGST18,18.000000,Simple,1,,,Active,nos,nos,INR 440.00,Cost of Goods Sold,,,Inventory Asset,,fifo,,,,,,0.00,Inventory,true,true,true,false,false,false,,,,,,,,false,,
99381000019974193,PRINTER SET A12,A12PRT,,,,,true,,,84239020,FALSE,,INR 3090.00,INR 7725.00,Sales,,0.00,0.00,0.00,0.00,cm,kg,,true,,,goods,PRINTER SET A12,,,,,,,,,,GST18,18.000000,Group,IGST18,18.000000,Simple,1,,,Active,nos,nos,INR 2376.00,Cost of Goods Sold,,,Inventory Asset,,fifo,,,,,,1.00,Inventory,true,true,true,false,false,false,,,,,,,,false,,
99381000019974212,Printer Set AI POS,AIPRT,,,,,true,,,84239020,FALSE,,INR 5490.00,INR 13725.00,Sales,,0.00,0.00,0.00,0.00,cm,kg,,true,,,goods,Printer Set AI POS,,,,,,,,,,GST18,18.000000,Group,IGST18,18.000000,Simple,1,,,Active,nos,nos,INR 4224.00,Cost of Goods Sold,,,Inventory Asset,,fifo,,,,,,2.00,Inventory,true,true,true,false,false,false,,,,,,,,false,,
99381000019974231,LI-ION A1Q3,LIA13,,,,,true,,,84239020,FALSE,,INR 1600.00,INR 4000.00,Sales,,0.00,0.00,0.00,0.00,cm,kg,,true,,,goods,LI-ION A1Q3,,,,,,,,,,GST18,18.000000,Group,IGST18,18.000000,Simple,1,,,Active,nos,nos,INR 1232.00,Cost of Goods Sold,,,Inventory Asset,,fifo,,,,,,2.00,Inventory,true,true,true,false,false,false,,,,,,,,false,,
99381000019974250,PRINTER HEAD WITH ROLLER A5,A5PRT,,,,,true,,,84239020,FALSE,,INR 1370.00,INR 3425.00,Sales,,0.00,0.00,0.00,0.00,cm,kg,,true,,,goods,PRINTER HEAD WITH ROLLER A5,,,,,,,,,,GST18,18.000000,Group,IGST18,18.000000,Simple,1,,,Active,nos,nos,INR 1056.00,Cost of Goods Sold,,,Inventory Asset,,fifo,,,,,,3.00,Inventory,true,true,true,false,false,false,,,,,,,,false,,
99381000019974269,RUBBER ROLLER FOR HAND HELD POS,RRFHHP,,,,,true,,,84239020,FALSE,,INR 170.00,INR 425.00,Sales,,0.00,0.00,0.00,0.00,cm,kg,,true,,,goods,RUBBER ROLLER FOR HAND HELD POS,,,,,,,,,,GST18,18.000000,Group,IGST18,18.000000,Simple,1,,,Active,nos,nos,INR 132.00,Cost of Goods Sold,,,Inventory Asset,,fifo,,,,,,4.00,Inventory,true,true,true,false,false,false,,,,,,,,false,,
99381000019974288,DC Adapter 5v 2a type C,ATC52,,,,,true,,,84239020,FALSE,,INR 460.00,INR 1150.00,Sales,,0.00,0.00,0.00,0.00,cm,kg,,true,,,goods,DC Adapter 5v 2a type C,,,,,,,,,,GST18,18.000000,Group,IGST18,18.000000,Simple,1,,,Active,nos,nos,INR 352.00,Cost of Goods Sold,,,Inventory Asset,,fifo,,,,,,2.00,Inventory,true,true,true,false,false,false,,,,,,,,false,,
99381000019974307,"DISPLAY 11.6""",D116,,,,,true,,,84239020,FALSE,,INR 2970.00,INR 7425.00,Sales,,0.00,0.00,0.00,0.00,cm,kg,,true,,,goods,"DISPLAY 11.6""",,,,,,,,,,GST18,18.000000,Group,IGST18,18.000000,Simple,1,,,Active,nos,nos,INR 2288.00,Cost of Goods Sold,,,Inventory Asset,,fifo,,,,,,2.00,Inventory,true,true,true,false,false,false,,,,,,,,false,,
99381000019974326,"DISPLAY 14.7""",D147,,,,,true,,,84239020,FALSE,,INR 4580.00,INR 11450.00,Sales,,0.00,0.00,0.00,0.00,cm,kg,,true,,,goods,"DISPLAY 14.7""",,,,,,,,,,GST18,18.000000,Group,IGST18,18.000000,Simple,1,,,Active,nos,nos,INR 3520.00,Cost of Goods Sold,,,Inventory Asset,,fifo,,,,,,3.00,Inventory,true,true,true,false,false,false,,,,,,,,false,,
99381000019974345,"DISPLAY 15.6""",D156,,,,,true,,,84239020,FALSE,,INR 4580.00,INR 11450.00,Sales,,0.00,0.00,0.00,0.00,cm,kg,,true,,,goods,"DISPLAY 15.6""",,,,,,,,,,GST18,18.000000,Group,IGST18,18.000000,Simple,1,,,Active,nos,nos,INR 3520.00,Cost of Goods Sold,,,Inventory Asset,,fifo,,,,,,2.00,Inventory,true,true,true,false,false,false,,,,,,,,false,,
99381000019974364,"TOUCH SCREEN 15.6"" FRONT STRAPS",TSFS15,,,,,true,,,84239020,FALSE,,INR 2970.00,INR 7425.00,Sales,,0.00,0.00,0.00,0.00,cm,kg,,true,,,goods,"TOUCH SCREEN 15.6"" FRONT STRAPS",,,,,,,,,,GST18,18.000000,Group,IGST18,18.000000,Simple,1,,,Active,nos,nos,INR 2288.00,Cost of Goods Sold,,,Inventory Asset,,fifo,,,,,,2.00,Inventory,true,true,true,false,false,false,,,,,,,,false,,
99381000019974383,"TOUCH SCREEN 15.6"" SIDE  STRAPS",TSSS15,,,,,true,,,84239020,FALSE,,INR 2970.00,INR 7425.00,Sales,,0.00,0.00,0.00,0.00,cm,kg,,true,,,goods,"TOUCH SCREEN 15.6"" SIDE  STRAPS",,,,,,,,,,GST18,18.000000,Group,IGST18,18.000000,Simple,1,,,Active,nos,nos,INR 2288.00,Cost of Goods Sold,,,Inventory Asset,,fifo,,,,,,1.00,Inventory,true,true,true,false,false,false,,,,,,,,false,,
99381000019974402,"TOUCH Panel  14""",TP14,,,,,true,,,84239020,FALSE,,INR 2970.00,INR 7425.00,Sales,,0.00,0.00,0.00,0.00,cm,kg,,true,,,goods,"TOUCH Panel  14""",,,,,,,,,,GST18,18.000000,Group,IGST18,18.000000,Simple,1,,,Active,nos,nos,INR 2288.00,Cost of Goods Sold,,,Inventory Asset,,fifo,,,,,,2.00,Inventory,true,true,true,false,false,false,,,,,,,,false,,
99381000019974421,"TOUCH SCREEN 11.6 """,TS116,,,,,true,,,84239020,FALSE,,INR 2740.00,INR 6850.00,Sales,,0.00,0.00,0.00,0.00,cm,kg,,true,,,goods,"TOUCH SCREEN 11.6 """,,,,,,,,,,GST18,18.000000,Group,IGST18,18.000000,Simple,1,,,Active,nos,nos,INR 2112.00,Cost of Goods Sold,,,Inventory Asset,,fifo,,,,,,2.00,Inventory,true,true,true,false,false,false,,,,,,,,false,,
99381000020293432,ECS CLOUD Premium (Yearly),YESCLOUDPREY,,,,,true,,,85238020,FALSE,,INR 3000.00,INR 3500.00,Sales,,0.00,0.00,0.00,0.00,cm,kg,,true,,,goods,ECS CLOUD Premium (Yearly),,,,,,,,SOFTWARE KEYS,,GST18,18.000000,Group,IGST18,18.000000,Simple,1,,,Active,nos,nos,INR 2500.00,Cost of Goods Sold,,,Inventory Asset,,fifo,,,,,,0.00,Inventory,true,true,true,true,false,false,,,,,,,,false,,
99381000020308843,SPOS KEY -LITE,SPOSLITE,,,,,true,,,85238020,FALSE,,INR 2500.00,INR 4500.00,Sales,,0.00,0.00,0.00,0.00,cm,kg,,true,,,goods,SPOS KEY -LITE,,,,,,,,SOFTWARE KEYS,,GST18,18.000000,Group,IGST18,18.000000,Simple,1,,,Active,nos,nos,INR 2000.00,Cost of Goods Sold,,,Inventory Asset,,fifo,,,,,,-29.00,Inventory,true,true,true,false,false,false,,,,,,,,false,,
99381000020386560,BY Motherboard Bench & ATMPCW,BY020,,,,,true,,,84239020,FALSE,,INR 100.00,INR 250.00,Sales,,0.00,0.00,0.00,0.00,cm,kg,,true,,,goods,BY Motherboard Bench & ATMPCW,,,,,,,,,,GST18,18.000000,Group,IGST18,18.000000,Simple,1,,,Active,nos,nos,INR 72.00,Cost of Goods Sold,,,Inventory Asset,,fifo,,,,,,28.00,Inventory,true,true,true,false,false,false,,,,,,,,false,,
99381000020386585,ATM30RAD DISPLAY RED COLOUR,ADRC30,,,,,true,,,84239020,FALSE,,INR 250.00,INR 625.00,Sales,,0.00,0.00,0.00,0.00,cm,kg,,true,,,goods,ATM30RAD DISPLAY RED COLOUR,,,,,,,,,,GST18,18.000000,Group,IGST18,18.000000,Simple,1,,,Active,nos,nos,INR 180.00,Cost of Goods Sold,,,Inventory Asset,,fifo,,,,,,24.00,Inventory,true,true,true,false,false,false,,,,,,,,false,,
99381000020386610,ATM30RAD BODY BASE (BOTTOM),ABBB30,,,,,true,,,84239020,FALSE,,INR 100.00,INR 250.00,Sales,,0.00,0.00,0.00,0.00,cm,kg,,true,,,goods,ATM30RAD BODY BASE (BOTTOM),,,,,,,,,,GST18,18.000000,Group,IGST18,18.000000,Simple,1,,,Active,nos,nos,INR 72.00,Cost of Goods Sold,,,Inventory Asset,,fifo,,,,,,10.00,Inventory,true,true,true,false,false,false,,,,,,,,false,,
99381000020386635,BY Front/Rear Housing for Bench G TYPE,BY021,,,,,true,,,84239020,FALSE,,INR 150.00,,Sales,,0.00,0.00,0.00,0.00,cm,kg,,true,,,goods,BY Front/Rear Housing for Bench G TYPE,,,,,,,,,,GST18,18.000000,Group,IGST18,18.000000,Simple,1,,,Active,nos,nos,INR 99.00,Cost of Goods Sold,,,Inventory Asset,,fifo,,,,,,10.00,Inventory,true,true,true,false,false,false,,,,,,,,false,,
99381000020386660,CPU Socket CLIP TYPE 3 Pin,CSCTP3,,,,,true,,,84239020,FALSE,,INR 20.00,INR 50.00,Sales,,0.00,0.00,0.00,0.00,cm,kg,,true,,,goods,CPU Socket CLIP TYPE 3 Pin,,,,,,,,GENERIC SPARE PARTS,,GST18,18.000000,Group,IGST18,18.000000,Simple,1,,,Active,nos,nos,INR 0.00,Cost of Goods Sold,,,Inventory Asset,,fifo,,,,,,19.00,Inventory,true,true,true,false,false,false,,,,,,,,false,,
99381000020778183,"All In One Pos Terminal 12.5"" AC",A12N,,,,,true,,,84705010,FALSE,"SCANGLE ALL IN ONE ANDROID POS
RK3566QUAD CORE ANDROID 11, 2GB+32GB, 11.6'' IPS SCREEN, 80mm THERMAL PRINTER,AUTO CUTTER,ADDITIONAL DISPLAY",INR 20800.00,INR 52000.00,Sales,,0.00,0.00,0.00,0.00,cm,kg,,true,,,goods,"SCANGLE - POS TERMINAL SGT-664i5 15"" AFB (8GB)","SCANGLE ALL IN ONE ANDROID POS
RK3566QUAD CORE ANDROID 11, 2GB+32GB, 11.6'' IPS SCREEN, 80mm THERMAL PRINTER,AUTO CUTTER,ADDITIONAL DISPLAY",,,,,,,TOUCH POS SYSTEMS,,GST18,18.000000,Group,IGST18,18.000000,Simple,1,,,Active,nos,nos,INR 17300.00,Cost of Goods Sold,,"SCANGLE ALL IN ONE ANDROID POS
RK3566QUAD CORE ANDROID 11, 2GB+32GB, 11.6'' IPS SCREEN, 80mm THERMAL PRINTER,AUTO CUTTER,ADDITIONAL DISPLAY",Inventory Asset,,fifo,,,,,,5.00,Inventory,true,true,true,false,false,false,,,,,,,,false,,
99381000020778202,"POS TERMINAL  15"" Windows",AFB,,,,,true,,,84705010,FALSE,"i5 5TH GEN 4+128GB SSD 15"" FRONT DISPLAY WINDOWS 10,ALUMINIUM AALOY",INR 25800.00,INR 36000.00,Sales,,0.00,0.00,0.00,0.00,cm,kg,,true,,,goods,"POS TERMINAL  15"" Windows","i5 5TH GEN 4+128GB SSD 15"" FRONT DISPLAY WINDOWS 10,ALUMINIUM AALOY",,,,,,,TOUCH POS SYSTEMS,,GST18,18.000000,Group,IGST18,18.000000,Simple,1,,,Active,nos,nos,INR 21500.00,Cost of Goods Sold,,"i5 5TH GEN 4+128GB SSD 15"" FRONT DISPLAY WINDOWS 10,ALUMINIUM AALOY",Inventory Asset,,fifo,,,,,,5.00,Inventory,true,true,true,false,false,false,,,,,,,,false,,
99381000020778225,SCANGLE - LABEL PRINTER THERMAL TRANSFER (BV-496),LTPBV496,,,,,true,,,84433290,FALSE,Label Thermal Printer,INR 7800.00,INR 19500.00,Sales,,0.00,0.00,0.00,0.00,cm,kg,,true,,,goods,SCANGLE - LABEL PRINTER THERMAL TRANSFER (BV-496),Label Thermal Printer,,,,,,,PRINTERS & SCANNERS,,GST18,18.000000,Group,IGST18,18.000000,Simple,1,,,Active,nos,nos,INR 6500.00,Cost of Goods Sold,,Label Thermal Printer,Inventory Asset,,fifo,,,,,,3.00,Inventory,true,true,true,false,false,false,,,,,,,,false,,
99381000020778244,SCANGLE - BARCODE 2D SCANNER PT-138 (Square),PT138SCR882CSQ,,,,,true,,,84433290,FALSE,Barcode Printer 2D,INR 3900.00,INR 9750.00,Sales,,0.00,0.00,0.00,0.00,cm,kg,,true,,,goods,SCANGLE - BARCODE SERIAL SCANNER  1D HANDY,Barcode Printer 2D,,,,,,,PRINTERS & SCANNERS,,GST18,18.000000,Group,IGST18,18.000000,Simple,1,,,Inactive,nos,nos,INR 3250.00,Cost of Goods Sold,,Barcode Printer 2D,Inventory Asset,,fifo,,,,,,0.00,Inventory,true,true,true,false,false,false,,,,,,,,false,,
99381000020778263,"POS TERMINAL 15.6"" Android",156A,,,,,true,,,84705010,FALSE,"RK3566/2GB/32GB DDR3 15.6"" FRONT DISPLAY CAPACITIVE TP ADROID 11 COLOUR -WHITE",INR 21600.00,INR 32000.00,Sales,,0.00,0.00,0.00,0.00,cm,kg,,true,,,goods,"ANDROID POS TERMINAL 15.6"" (WH)",,,,,,,,TOUCH POS SYSTEMS,,GST18,18.000000,Group,IGST18,18.000000,Simple,1,,,Active,nos,nos,INR 18000.00,Cost of Goods Sold,,"RK3566/2GB/32GB DDR3 15.6"" FRONT DISPLAY CAPACITIVE TP ADROID 11 COLOUR -WHITE",Inventory Asset,,fifo,,,,,,0.00,Inventory,true,true,true,false,false,false,,,,,,,,false,,
99381000020778282,"POS TERMINAL 15.6"" REAR 11.6""",156ARD,,,,,true,,,84705010,FALSE,"RK3568/2GB/16GB SSD 15.6"" FRONT DISPLAY CAPACITIVE TP ADROID 11, 11.6"" REAR DISPLAY COLOUR -WHITE",INR 25350.00,INR 36000.00,Sales,,0.00,0.00,0.00,0.00,cm,kg,,true,,,goods,"SCANGLE - POS TERMINAL SGT-668A 15.6"" (WH-4GB)","RK3568/2GB/16GB SSD 15.6"" FRONT DISPLAY CAPACITIVE TP ADROID 11, 11.6"" REAR DISPLAY COLOUR -WHITE",,,,,,,TOUCH POS SYSTEMS,,GST18,18.000000,Group,IGST18,18.000000,Simple,1,,,Active,nos,nos,INR 21100.00,Cost of Goods Sold,,"RK3568/2GB/16GB SSD 15.6"" FRONT DISPLAY CAPACITIVE TP ADROID 11, 11.6"" REAR DISPLAY COLOUR -WHITE",Inventory Asset,,fifo,,,,,,4.00,Inventory,true,true,true,false,false,false,,,,,,,,false,,
99381000020778301,AI Barcode Label scale,AILBL,,,,,true,,,84705010,FALSE,15.6 INCH ANDROID POS RK3566/2GB+ 32GB SSD 80MM PRINTER ANDROID 11 AI CAMERA BARCODE PRINTER WITH WEIGHING,INR 34200.00,INR 85500.00,Sales,,0.00,0.00,0.00,0.00,cm,kg,,true,,,goods,"SCANGLE-POS TERMINAL SGT-i8 15.6""  i5 5TH GEN",15.6 INCH ANDROID POS RK3566/2GB+ 32GB SSD 80MM PRINTER ANDROID 11 AI CAMERA BARCODE PRINTER WITH WEIGHING,,,,,,,BILL PRINTING SCALES,,GST18,18.000000,Group,IGST18,18.000000,Simple,1,,,Active,nos,nos,INR 28500.00,Cost of Goods Sold,,15.6 INCH ANDROID POS RK3566/2GB+ 32GB SSD 80MM PRINTER ANDROID 11 AI CAMERA BARCODE PRINTER WITH WEIGHING,Inventory Asset,,fifo,,,,,,2.00,Inventory,true,true,true,false,false,false,,,,,,,,false,,
99381000020792249,"Portable POS 5"" NFC",A5,,,,,true,,,84705010,FALSE,"SCANGLE HAND HELD ANDROID POS
MTK6580(1.3GHz) ANDROID 11,2GB+16GB, 5.5'' IPS DISPLAY, 58mm(2'') THERMAL PRINTER, WIFI WITH 4G + NFC",INR 11300.00,INR 28250.00,Sales,,0.00,0.00,0.00,0.00,cm,kg,,true,,,goods,"SCANGLE - POS TERMINAL SGT-668A 15.6"" (WH-4GB)","SCANGLE HAND HELD ANDROID POS
MTK6580(1.3GHz) ANDROID 11,2GB+16GB, 5.5'' IPS DISPLAY, 58mm(2'') THERMAL PRINTER, WIFI WITH 4G + NFC",,,,,,,TOUCH POS SYSTEMS,,GST18,18.000000,Group,IGST18,18.000000,Simple,1,,,Active,nos,nos,INR 9400.00,Cost of Goods Sold,,"SCANGLE HAND HELD ANDROID POS
MTK6580(1.3GHz) ANDROID 11,2GB+16GB, 5.5'' IPS DISPLAY, 58mm(2'') THERMAL PRINTER, WIFI WITH 4G + NFC",Inventory Asset,,fifo,,,,,,9.00,Inventory,true,true,true,false,false,false,,,,,,,,false,,
99381000021357054,WIFI ANTEENA CARD,ECS829,,,,,true,,,84239020,FALSE,,INR 1100.00,,Sales,,0.00,0.00,0.00,0.00,cm,kg,,true,,,goods,WIFI ANTEENA CARD,,,,,,,,,,GST18,18.000000,Group,IGST18,18.000000,Simple,1,,,Active,nos,nos,INR 770.00,Cost of Goods Sold,,,Inventory Asset,,fifo,,,,,,21.00,Inventory,true,true,true,false,false,false,,,,,,,,false,,
99381000021357075,ECS/LBL DISPLAY CABLE (25CMS),ECS839,,,,,true,,,84239020,FALSE,,INR 185.00,,Sales,,0.00,0.00,0.00,0.00,cm,kg,,true,,,goods,ECS/LBL DISPLAY CABLE (25CMS),,,,,,,,,,GST18,18.000000,Group,IGST18,18.000000,Simple,1,,,Active,nos,nos,INR 132.00,Cost of Goods Sold,,,Inventory Asset,,fifo,,,,,,18.00,Inventory,true,true,true,false,false,false,,,,,,,,false,,
99381000021357096,ECS Q11 DISPLAY,ECS853,,,,,true,,,84239020,FALSE,,INR 1270.00,INR 3175.00,Sales,,0.00,0.00,0.00,0.00,cm,kg,,true,,,goods,ECS Q11 DISPLAY,,,,,,,,,,GST18,18.000000,Group,IGST18,18.000000,Simple,1,,,Active,nos,nos,INR 905.00,Cost of Goods Sold,,,Inventory Asset,,fifo,,,,,,28.00,Inventory,true,true,true,false,false,false,,,,,,,,false,,
99381000021416445,ECS CLOUD Additional Terminal,YESCLOUDECSY,,,,,true,,,85238020,FALSE,,INR 1000.00,INR 1500.00,Sales,,0.00,0.00,0.00,0.00,cm,kg,,true,,,goods,ECS CLOUD Additional Terminal,,,,,,,,SOFTWARE KEYS,,GST18,18.000000,Group,IGST18,18.000000,Simple,1,,,Active,nos,nos,INR 899.00,Cost of Goods Sold,,,Inventory Asset,,fifo,,,,,,-8.00,Inventory,true,true,true,true,false,false,,,,,,,,false,,
99381000021416478,ECS CLOUD Additional Sales,YESCLOUDSALESY,,,,,true,,,85238020,FALSE,,INR 500.00,INR 750.00,Sales,,0.00,0.00,0.00,0.00,cm,kg,,true,,,goods,ECS CLOUD Additional Sales,,,,,,,,SOFTWARE KEYS,,GST18,18.000000,Group,IGST18,18.000000,Simple,1,,,Active,nos,nos,INR 300.00,Cost of Goods Sold,,,Inventory Asset,,fifo,,,,,,-1.00,Inventory,true,true,true,true,false,false,,,,,,,,false,,
99381000021423581,ECS CLOUD Standard TO Premium,YESCLOUDSTDPRE,,,,,true,,,85238020,FALSE,,INR 1000.00,INR 1000.00,Sales,,0.00,0.00,0.00,0.00,cm,kg,,true,,,goods,ECS CLOUD Standard TO Premium,,,,,,,,SOFTWARE KEYS,,GST18,18.000000,Group,IGST18,18.000000,Simple,1,,,Active,nos,nos,INR 1000.00,Cost of Goods Sold,,,Inventory Asset,,fifo,,,,,,-2.00,Inventory,true,true,true,true,false,false,,,,,,,,false,,
99381000021555350,Meta Advertisement charge,METAAD,,,,,false,,,998365,FALSE,,INR 5000.00,INR 12500.00,Advertisement payment,,0.00,0.00,0.00,0.00,cm,kg,false,true,,,service,Meta Advertisement charge,,,,,,,,,,GST18,18.000000,Group,IGST18,18.000000,Simple,1,,,Active,Lumpsum,,INR 5000.00,Advertisement expenses,,,Inventory Asset,,,,,,,,,Sales and Purchases,true,true,false,false,false,false,,,,,,,,false,,
99381000021769618,ELECTRONIC CASH REGISTER,ECRB,,,,,true,,,84705010,FALSE,,INR 7250.00,INR 13500.00,Sales,,0.00,0.00,0.00,0.00,cm,kg,,true,,,goods,ELECTRONIC CASH REGISTER (BLACK),,,,,,,,TOUCH POS SYSTEMS,,GST18,18.000000,Group,IGST18,18.000000,Simple,1,,,Active,nos,nos,INR 5750.00,Cost of Goods Sold,,,Inventory Asset,,fifo,,,,,,25.00,Inventory,true,true,true,false,false,false,,,,,,,,false,,
99381000021860294,ECS CLOUD Double Standard (Yearly),YESCLOUDSTDDY,,,,,true,,,85238020,FALSE,,INR 4000.00,INR 5000.00,Sales,,0.00,0.00,0.00,0.00,cm,kg,,true,,,goods,ECS CLOUD Double Standard (Yearly),,,,,,,,SOFTWARE KEYS,,GST18,18.000000,Group,IGST18,18.000000,Simple,1,,,Active,nos,nos,INR 3000.00,Cost of Goods Sold,,,Inventory Asset,,fifo,,,,,,-3.00,Inventory,true,true,true,true,false,false,,,,,,,,false,,
99381000021863981,SANOFT POS Light to Elite,SANOFT005,,,,,false,,,998314,FALSE,,INR 2000.00,,Sales,,0.00,0.00,0.00,0.00,cm,kg,false,true,,,service,SANOFT POS Light to Elite,,,,,,,,,,GST18,18.000000,Group,IGST18,18.000000,Simple,1,,,Inactive,nos,nos,INR 2000.00,Cloud charges,,,Inventory Asset,,,,,,,,,Sales and Purchases,true,true,false,false,false,false,,,,,,,,false,,
99381000021883265,A12 printer interface board,APIB12,,,,,true,,,84239020,FALSE,,INR 1625.00,INR 4062.50,Sales,,0.00,0.00,0.00,0.00,cm,kg,,true,,,goods,A12 printer interface board,,,,,,,,,,GST18,18.000000,Group,IGST18,18.000000,Simple,1,,,Active,nos,nos,INR 1250.00,Cost of Goods Sold,,,Inventory Asset,,fifo,,,,,,-1.00,Inventory,true,true,true,false,false,false,,,,,,,,false,,
99381000022144770,SPOS KEY -LITE TO ELITE,SPOSLITEELITE,,,,,true,,,85238020,FALSE,,INR 2500.00,INR 2500.00,Sales,,0.00,0.00,0.00,0.00,cm,kg,,true,,,goods,SPOS KEY -LITE TO ELITE,,,,,,,,SOFTWARE KEYS,,GST18,18.000000,Group,IGST18,18.000000,Simple,1,,,Active,nos,nos,INR 2500.00,Cost of Goods Sold,,,Inventory Asset,,fifo,,,,,,0.00,Inventory,true,true,true,false,false,false,,,,,,,,false,,
99381000022144812,SPOS KEY -ELITE,SPOSELITE,,,,,true,,,85238020,FALSE,,INR 5000.00,INR 7000.00,Sales,,0.00,0.00,0.00,0.00,cm,kg,,true,,,goods,SPOS KEY -ELITE,,,,,,,,SOFTWARE KEYS,,GST18,18.000000,Group,IGST18,18.000000,Simple,1,,,Active,nos,nos,INR 4500.00,Cost of Goods Sold,,,Inventory Asset,,fifo,,,,,,-5.00,Inventory,true,true,true,false,false,false,,,,,,,,false,,
99381000022446459,ECS CLOUD Additional Terminal (Monthly,YESCLOUDECSM,,,,,true,,,85238010,FALSE,,INR 140.00,INR 200.00,Sales,,0.00,0.00,0.00,0.00,cm,kg,,true,,,goods,ECS CLOUD Additional Terminal (Monthly,,,,,,,,,,GST18,18.000000,Group,IGST18,18.000000,Simple,1,,,Inactive,nos,nos,INR 90.00,Cost of Goods Sold,,,Inventory Asset,,fifo,,,,,,0.00,Inventory,true,true,true,true,false,false,,,,,,,,false,,
99381000022581743,APCPQ DISPLAY STICKER,APCPQD,,,,,true,,,84239020,FALSE,,INR 90.00,INR 225.00,Sales,,0.00,0.00,0.00,0.00,cm,kg,,true,,,goods,APCPQ DISPLAY STICKER,,,,,,,,,,GST18,18.000000,Group,IGST18,18.000000,Simple,1,,,Active,nos,nos,INR 40.00,Cost of Goods Sold,,,Inventory Asset,,fifo,,,,,,14.00,Inventory,true,true,true,false,false,false,,,,,,,,false,,
99381000022581764,ATMPCDQZ PAN BUSH,ATMPCD,,,,,true,,,84239020,FALSE,,INR 20.00,INR 50.00,Sales,,0.00,0.00,0.00,0.00,cm,kg,,true,,,goods,ATMPCDQZ PAN BUSH,,,,,,,,,,GST18,18.000000,Group,IGST18,18.000000,Simple,1,,,Active,nos,nos,INR 6.00,Cost of Goods Sold,,,Inventory Asset,,fifo,,,,,,10.00,Inventory,true,true,true,false,false,false,,,,,,,,false,,
99381000022581785,ATMPCDQZ PAN,ATMPC1,,,,,true,,,84239020,FALSE,,INR 190.00,INR 475.00,Sales,,0.00,0.00,0.00,0.00,cm,kg,,true,,,goods,ATMPCDQZ PAN,,,,,,,,,,GST18,18.000000,Group,IGST18,18.000000,Simple,1,,,Active,nos,nos,INR 140.00,Cost of Goods Sold,,,Inventory Asset,,fifo,,,,,,1.00,Inventory,true,true,true,false,false,false,,,,,,,,false,,
99381000022581806,APCPQ  FRONT DISPLAY STICKER,AFDS,,,,,true,,,84239020,FALSE,,INR 90.00,INR 225.00,Sales,,0.00,0.00,0.00,0.00,cm,kg,,true,,,goods,APCPQ  FRONT DISPLAY STICKER,,,,,,,,,,GST18,18.000000,Group,IGST18,18.000000,Simple,1,,,Active,nos,nos,INR 30.00,Cost of Goods Sold,,,Inventory Asset,,fifo,,,,,,12.00,Inventory,true,true,true,false,false,false,,,,,,,,false,,
99381000022858876,AI Camera,AI,,,,,true,,,84705010,FALSE,"Motherboard, Connection wire -20Nos",INR 2000.00,INR 5000.00,Sales,,0.00,0.00,0.00,0.00,cm,kg,,true,,,goods,AI Camera,"Motherboard, Connection wire -20Nos",,,,,,,,,GST18,18.000000,Group,IGST18,18.000000,Simple,1,,,Inactive,nos,nos,INR 2000.00,Cost of Goods Sold,,,Finished Goods,,fifo,,,,,,0.00,Inventory,true,true,true,false,false,false,,,,,,,,false,,
99381000022863490,CAPACITOR -CCM,CCM119,,,,,true,,,84239020,FALSE,,INR 35.00,INR 87.50,Sales,,0.00,0.00,0.00,0.00,cm,kg,,true,,,goods,CAPACITOR -CCM,,,,,,,,,,GST18,18.000000,Group,IGST18,18.000000,Simple,1,,,Active,nos,nos,INR 0.00,Cost of Goods Sold,,,Inventory Asset,,fifo,,,,,,50.00,Inventory,true,true,true,false,false,false,,,,,,,,false,,
99381000022863511,RUBBER PAD - CCM,CCM120,,,,,true,,,84239020,FALSE,,INR 140.00,INR 350.00,Sales,,0.00,0.00,0.00,0.00,cm,kg,,true,,,goods,RUBBER PAD - CCM,,,,,,,,,,GST18,18.000000,Group,IGST18,18.000000,Simple,1,,,Active,nos,nos,INR 0.00,Cost of Goods Sold,,,Inventory Asset,,fifo,,,,,,50.00,Inventory,true,true,true,false,false,false,,,,,,,,false,,
99381000023181452,"BT PRINTER 3"" (XP-Q600)",XPBT3,,,,,true,,,84433290,FALSE,,INR 4700.00,INR 11750.00,Sales,,0.00,0.00,0.00,0.00,cm,kg,,true,,,goods,"BT PRINTER 3"" (XP-Q600)",,,,,,,,PRINTERS & SCANNERS,,GST18,18.000000,Group,IGST18,18.000000,Simple,1,,,Active,nos,nos,INR 3800.00,Cost of Goods Sold,,,Inventory Asset,,fifo,,,,,,0.00,Inventory,true,true,true,false,false,false,,,,,,,,false,,
99381000023181471,"BT PRINTER 2"" (XP-P503A)",XPBT2,,,,,true,,,84433290,FALSE,,INR 1800.00,INR 4500.00,Sales,,0.00,0.00,0.00,0.00,cm,kg,,true,,,goods,"BT PRINTER 2"" (XP-P503A)",,,,,,,,PRINTERS & SCANNERS,,GST18,18.000000,Group,IGST18,18.000000,Simple,1,,,Active,nos,nos,INR 1450.00,Cost of Goods Sold,,,Inventory Asset,,fifo,,,,,,18.00,Inventory,true,true,true,false,false,false,,,,,,,,false,,
99381000023181490,BARCODE SCANNER 1D (XL-65),XL6500,,,,,true,,,84716050,FALSE,,INR 1100.00,INR 2750.00,Sales,,0.00,0.00,0.00,0.00,cm,kg,,true,,,goods,BARCODE SCANNER 1D (XL-65),,,,,,,,PRINTERS & SCANNERS,,GST18,18.000000,Group,IGST18,18.000000,Simple,1,,,Inactive,nos,nos,INR 625.00,Cost of Goods Sold,,,Inventory Asset,,fifo,,,,,,0.00,Inventory,true,true,true,false,false,false,,,,,,,,false,,
99381000023634760,POS BLUETOOTH SCALE SUPPORT,POSBT,,,,,true,,,85238010,FALSE,,INR 1250.00,INR 3125.00,Sales,,0.00,0.00,0.00,0.00,cm,kg,,true,,,goods,POS BLUETOOTH SCALE SUPPORT,,,,,,,,,,GST18,18.000000,Group,IGST18,18.000000,Simple,1,,,Inactive,nos,nos,INR 849.00,Cost of Goods Sold,,,Inventory Asset,,fifo,,,,,,0.00,Inventory,true,true,true,false,false,false,,,,,,,,false,,
99381000023775579,TABLE TOP WEIGHING SCALE,TTWS,,,,,true,,,84238190,FALSE,"Max: 20kg Min : 40g e : 2g Class III
Display : Red",INR 1650.00,INR 4125.00,Sales,,0.00,0.00,0.00,0.00,cm,kg,,true,,,goods,TABLE TOP WEIGHING SCALE,"Max: 20kg Min : 40g e : 2g Class III
Display : Red",,,,,,,,,GST18,18.000000,Group,IGST18,18.000000,Simple,1,,,Inactive,nos,nos,INR 1525.00,Cost of Goods Sold,,"Max: 20kg Min : 40g e : 2g Class III
Display : Red",Inventory Asset,,fifo,,,,,,1.00,Inventory,true,true,true,false,false,false,,,,,,,,false,,
99381000023878726,Display Led Green,LEDGAD,,,,,false,,,84239020,FALSE,,INR 4.00,INR 10.00,Sales,,0.00,0.00,0.00,0.00,cm,kg,,true,,,goods,Display Led Green,,,,,,,,,,GST18,18.000000,Group,IGST18,18.000000,Simple,1,,,Active,nos,nos,INR 0.00,Cost of Goods Sold,,,Inventory Asset,,fifo,,,,,,96.00,Inventory,true,true,true,false,false,false,,,,,,,,false,,
99381000024103392,Display Led White,LEDWAD,,,,,false,,,84239020,FALSE,,INR 4.00,INR 10.00,Sales,,0.00,0.00,0.00,0.00,cm,kg,,true,,,goods,Display Led White,,,,,,,,,,GST18,18.000000,Group,IGST18,18.000000,Simple,1,,,Active,nos,nos,INR 0.00,Cost of Goods Sold,,,Inventory Asset,,fifo,,,,,,100.00,Inventory,true,true,true,false,false,false,,,,,,,,false,,
99381000024103440,ECR PRINTER METAL CASE,ECR108,,,,,true,,,84239020,FALSE,,INR 3210.00,INR 8025.00,Sales,,0.00,0.00,0.00,0.00,cm,kg,,true,,,goods,ECR PRINTER METAL CASE,,,,,,,,,,GST18,18.000000,Group,IGST18,18.000000,Simple,1,,,Active,nos,nos,INR 2464.00,Cost of Goods Sold,,,Inventory Asset,,fifo,,,,,,4.00,Inventory,true,true,true,false,false,false,,,,,,,,false,,
99381000024103461,LBL INDICATOR KEYPAD,LBLIND001,,,,,true,,,84239020,FALSE,,INR 115.00,INR 287.50,Sales,,0.00,0.00,0.00,0.00,cm,kg,,true,,,goods,LBL INDICATOR KEYPAD,,,,,,,,,,GST18,18.000000,Group,IGST18,18.000000,Simple,1,,,Active,nos,nos,INR 88.00,Cost of Goods Sold,,,Inventory Asset,,fifo,,,,,,5.00,Inventory,true,true,true,false,false,false,,,,,,,,false,,
99381000024199057,BENCH Scale Qz1,BPCQZ1,,,,,true,,,84238290,FALSE,Max:50kg e:5g Min:100g Class:III Display : Green,INR 2200.00,INR 5500.00,Sales,,0.00,0.00,0.00,0.00,cm,kg,,true,,,goods,PLATFORM SCALE -BENCH (G-QZ1),Max:50kg e:5g Min:100g Class:III Display : Green,,,,,,,WEIGHING SCALE IMPORT,,GST18,18.000000,Group,IGST18,18.000000,Simple,1,,,Active,nos,nos,INR 1693.00,Cost of Goods Sold,, Max:50kg e:5g Min:100g Class:III Display : Green,Inventory Asset,,fifo,,,,,,850.00,Inventory,true,true,true,false,false,false,,,,,,,,false,,
99381000024199143,Platform 40x50 SS,PF45QZ,,,,,false,,,84238290,FALSE,"Make:YESWEIGH Model : YSP PC
Max : 200kg  e: 20g Min :400gm
Class: III,FULL SS",INR 6000.00,INR 10000.00,Sales,,13.00,70.00,40.00,15.00,cm,kg,,true,,,goods,Platform Weighing Scale 400x500 (G-QZ-FSS),"Make:YESWEIGH Model : YSP PC
Max : 200kg  e: 20g Min :400gm
Class: III,FULL SS",,,,,,,WEIGHING SCALE IMPORT,,GST18,18.000000,Group,IGST18,18.000000,Simple,1,,,Active,nos,nos,INR 4478.00,Cost of Goods Sold,,"Make:YESWEIGH Model : YSP PC
Max : 200kg  e: 20g Min :400gm
Class: III",Inventory Asset,,fifo,,,,,,31.00,Inventory,true,true,true,false,false,false,,,,,,,,false,,1
99381000024199181,ATM PC AD,ATM20GAD,,,,,true,,,84238190,FALSE,"Max: 20kg  Min : 40g e : 2g Class III
Display : Green",INR 1900.00,INR 4500.00,Sales,,0.00,0.00,0.00,0.00,cm,kg,,true,,,goods,ATM PC AD,"Max: 20kg  Min : 40g e : 2g Class III
Display : Green",,,,,,,WEIGHING SCALE IMPORT,,GST18,18.000000,Group,IGST18,18.000000,Simple,1,,,Active,nos,nos,INR 1650.00,Cost of Goods Sold,,"Max: 20kg  Min : 40g e : 2g Class III
Display : Green",Inventory Asset,,fifo,,,,,,5.00,Inventory,true,true,true,false,false,false,,,,,,,,false,,
99381000024227403,"DESKTOP PRINTER BT/USB 3"" (XP-Q600B)",XPDBP3R,,,,,true,,,84433290,FALSE,"3 inch Desktop BT Printer, Auto-cutter, wall mountable.
Support  58/80mm width paper,  USB/BT",INR 4600.00,INR 11500.00,Sales,,0.00,0.00,0.00,0.00,cm,kg,,true,,,goods,"DESKTOP PRINTER BT/USB 3"" (XP-Q600B)","3 inch Desktop BT Printer, Auto-cutter, wall mountable.
Support  58/80mm width paper,  USB/BT",,,,,,,PRINTERS & SCANNERS,,GST18,18.000000,Group,IGST18,18.000000,Simple,1,,,Active,nos,nos,INR 3800.00,Cost of Goods Sold,,"3 inch Desktop BT Printer, Auto-cutter, wall mountable.
Support  58/80mm width paper,  USB/BT",Inventory Asset,,fifo,,,,,,2.00,Inventory,true,true,true,false,false,false,,,,,,,,false,,
99381000024227424,"DESKTOP PRINETR BT/USB/RJ11 3"" (RECEIPT/LABEL) XP-H500B",XPDBP3RL,,,,,true,,,84433290,FALSE,"127mm/s high print speed, 82mm diameter paper roll, Imported ROHM print head",INR 5200.00,INR 13000.00,Sales,,0.00,0.00,0.00,0.00,cm,kg,,true,,,goods,"DESKTOP PRINETR BT/USB/RJ11 3"" (RECEIPT/LABEL) XP-H500B",,,,,,,,PRINTERS & SCANNERS,,GST18,18.000000,Group,IGST18,18.000000,Simple,1,,,Active,nos,nos,INR 4300.00,Cost of Goods Sold,,"127mm/s high print speed, 82mm diameter paper roll, Imported ROHM print head",Inventory Asset,,fifo,,,,,,7.00,Inventory,true,true,true,false,false,false,,,,,,,,false,,
99381000024227445,"PORTABLE PRINTER BT 2"" (RECEIPT/LABEL) XP-P201A",XPPBP2RL,,,,,true,,,84433290,FALSE,"Printing Speed:70mm/s, Printer width:48mm , Roll diameter:50mm, Thremal /Label",INR 2750.00,INR 6875.00,Sales,,0.00,0.00,0.00,0.00,cm,kg,,true,,,goods,POS CLOUD Multi shop,"Printing Speed:70mm/s, Printer width:48mm , Roll diameter:50mm, Thremal /Label",,,,,,,PRINTERS & SCANNERS,,GST18,18.000000,Group,IGST18,18.000000,Simple,1,,,Active,nos,nos,INR 2250.00,Cost of Goods Sold,,"Printing Speed:70mm/s, Printer width:48mm , Roll diameter:50mm, Thremal /Label",Inventory Asset,,fifo,,,,,,15.00,Inventory,true,true,true,false,false,false,,,,,,,,false,,
99381000024227466,"PORTABLE PRINTER BT 3"" (XP-P801A)",XPPBP3R,,,,,true,,,84433290,FALSE,"Printing Speed:70mm/s, Printer width:48mm , Roll diameter:50mm, Thremal /Label",INR 3750.00,INR 9375.00,Sales,,0.00,0.00,0.00,0.00,cm,kg,,true,,,goods,POS CLOUD Multi shop,"Printing Speed:70mm/s, Printer width:48mm , Roll diameter:50mm, Thremal /Label",,,,,,,PRINTERS & SCANNERS,,GST18,18.000000,Group,IGST18,18.000000,Simple,1,,,Active,nos,nos,INR 3100.00,Cost of Goods Sold,,"Printing Speed:70mm/s, Printer width:48mm , Roll diameter:50mm, Thremal /Label",Inventory Asset,,fifo,,,,,,16.00,Inventory,true,true,true,false,false,false,,,,,,,,false,,
99381000024419571,AI Pos Scale with rear Display,AIPOSRD,,,,,true,,,84705010,FALSE,"15.6 INCH ANDROID POS RK3568/2GB+ 32GB SSD 80MM PRINTER ANDROID 11 AI CAMERA WITH WEIGHING,REAR DISPLAY",INR 36000.00,INR 90000.00,Sales,,0.00,0.00,0.00,0.00,cm,kg,,true,,,goods,"SCANGLE-POS TERMINAL SGT-i8 15.6""  i5 5TH GEN","15.6 INCH ANDROID POS RK3568/2GB+ 32GB SSD 80MM PRINTER ANDROID 11 AI CAMERA WITH WEIGHING,REAR DISPLAY",,,,,,,BILL PRINTING SCALES,,GST18,18.000000,Group,IGST18,18.000000,Simple,1,,,Active,nos,nos,INR 30000.00,Cost of Goods Sold,,"15.6 INCH ANDROID POS RK3568/2GB+ 32GB SSD 80MM PRINTER ANDROID 11 AI CAMERA WITH WEIGHING,REAR DISPLAY",Inventory Asset,,fifo,,,,,,1.00,Inventory,true,true,true,false,false,false,,,,,,,,false,,
99381000024419592,"SCANGLE - POS TERMINAL SGT-A1 Q3 7""",SGTA1Q37,,,,,true,,,84705010,FALSE,"HANDHELD ANDROID POS 7"" DISPLAY 2GB+32GB",INR 16200.00,INR 40500.00,Sales,,0.00,0.00,0.00,0.00,cm,kg,,true,,,goods,"SCANGLE - POS TERMINAL SGT-668A 15.6"" (WH-4GB)","HANDHELD ANDROID POS 7"" DISPLAY 2GB+32GB",,,,,,,TOUCH POS SYSTEMS,,GST18,18.000000,Group,IGST18,18.000000,Simple,1,,,Inactive,nos,nos,INR 13500.00,Cost of Goods Sold,,"HANDHELD ANDROID POS 7"" DISPLAY 2GB+32GB",Inventory Asset,,fifo,,,,,,0.00,Inventory,true,true,true,false,false,false,,,,,,,,false,,
99381000024474071,"POS TERMINAL 15"" Windows",280F,,,,,true,,,84705010,FALSE,"i5 5TH GEN 8+256GB SSD 15"" FRONT DISPLAY WINDOWS 10,ALUMINIUM AALOY",INR 28100.00,INR 37000.00,Sales,,0.00,0.00,0.00,0.00,cm,kg,,true,,,goods,"SCANGLE - POS TERMINAL SGT-664i5 15"" AFB (8GB)","i5 5TH GEN 8+256GB SSD 15"" FRONT DISPLAY WINDOWS 10,ALUMINIUM AALOY",,,,,,,TOUCH POS SYSTEMS,,GST18,18.000000,Group,IGST18,18.000000,Simple,1,,,Active,nos,nos,INR 23400.00,Cost of Goods Sold,,"i5 5TH GEN 8+1256GB SSD 15"" FRONT DISPLAY WINDOWS 10,ALUMINIUM AALOY",Inventory Asset,,fifo,,,,,,5.00,Inventory,true,true,true,false,false,false,,,,,,,,false,,
99381000024554914,ATM30RAD TOP BODY CASE,ATBC30,,,,,true,,,84239020,FALSE,,INR 100.00,INR 250.00,Sales,,0.00,0.00,0.00,0.00,cm,kg,,true,,,goods,ATM30RAD TOP BODY CASE,,,,,,,,,,GST18,18.000000,Group,IGST18,18.000000,Simple,1,,,Active,nos,nos,INR 72.00,Cost of Goods Sold,,,Inventory Asset,,fifo,,,,,,15.00,Inventory,true,true,true,false,false,false,,,,,,,,false,,
99381000024554941,DUST COVER FOR DY5030FGAD1,DCFD50,,,,,true,,,84239020,FALSE,,INR 35.00,INR 87.50,Sales,,0.00,0.00,0.00,0.00,cm,kg,,true,,,goods,DUST COVER FOR DY5030FGAD1,,,,,,,,,,GST18,18.000000,Group,IGST18,18.000000,Simple,1,,,Active,nos,nos,INR 13.00,Cost of Goods Sold,,,Inventory Asset,,fifo,,,,,,20.00,Inventory,true,true,true,false,false,false,,,,,,,,false,,
99381000024554962,DUST COVER FOR DY5030GGAD1,DCFD51,,,,,true,,,84239020,FALSE,,INR 35.00,INR 87.50,Sales,,0.00,0.00,0.00,0.00,cm,kg,,true,,,goods,DUST COVER FOR DY5030GGAD1,,,,,,,,,,GST18,18.000000,Group,IGST18,18.000000,Simple,1,,,Active,nos,nos,INR 13.00,Cost of Goods Sold,,,Inventory Asset,,fifo,,,,,,30.00,Inventory,true,true,true,false,false,false,,,,,,,,false,,
99381000024554983,OVERLAY STICKER ATM30RAD FRONT,OSAF31,,,,,false,,,84239020,FALSE,,INR 45.00,INR 112.50,Sales,,0.00,0.00,0.00,0.00,cm,kg,,true,,,goods,OVERLAY STICKER ATM30RAD FRONT,,,,,,,,,,GST18,18.000000,Group,IGST18,18.000000,Simple,1,,,Active,pcs,,INR 16.08,Cost of Goods Sold,,,Inventory Asset,,fifo,,,,,,35.00,Inventory,true,true,true,false,false,false,,,,,,,,false,,
99381000024559004,OVERLAY STICKER ATM30RAD BACK,OSAB31,,,,,false,,,84239020,FALSE,,INR 45.00,INR 112.50,Sales,,0.00,0.00,0.00,0.00,cm,kg,,true,,,goods,OVERLAY STICKER ATM30RAD BACK,,,,,,,,,,GST18,18.000000,Group,IGST18,18.000000,Simple,1,,,Active,pcs,,INR 16.08,Cost of Goods Sold,,,Inventory Asset,,fifo,,,,,,32.00,Inventory,true,true,true,false,false,false,,,,,,,,false,,
99381000024559025,OVERLAY STICKER BENCH FRONT,OSBF,,,,,false,,,84239020,FALSE,,INR 45.00,INR 112.50,Sales,,0.00,0.00,0.00,0.00,cm,kg,,true,,,goods,OVERLAY STICKER BENCH FRONT,,,,,,,,,,GST18,18.000000,Group,IGST18,18.000000,Simple,1,,,Active,pcs,,INR 16.08,Cost of Goods Sold,,,Inventory Asset,,fifo,,,,,,23.00,Inventory,true,true,true,false,false,false,,,,,,,,false,,
99381000024559052,OVERLAY STICKER BENCH BACK,OSBB,,,,,false,,,84239020,FALSE,,INR 45.00,INR 112.50,Sales,,0.00,0.00,0.00,0.00,cm,kg,,true,,,goods,OVERLAY STICKER BENCH BACK,,,,,,,,,,GST18,18.000000,Group,IGST18,18.000000,Simple,1,,,Active,pcs,,INR 16.08,Cost of Goods Sold,,,Inventory Asset,,fifo,,,,,,22.00,Inventory,true,true,true,false,false,false,,,,,,,,false,,
99381000024559206,OVERLAY STICKER ATM30DADEC FRONT,OSAF30,,,,,false,,,84239020,FALSE,,INR 45.00,INR 112.50,Sales,,0.00,0.00,0.00,0.00,cm,kg,,true,,,goods,OVERLAY STICKER ATM30DADEC FRONT,,,,,,,,,,GST18,18.000000,Group,IGST18,18.000000,Simple,1,,,Active,pcs,,INR 16.08,Cost of Goods Sold,,,Inventory Asset,,fifo,,,,,,20.00,Inventory,true,true,true,false,false,false,,,,,,,,false,,
99381000024559227,OVERLAY STICKER ATM30DADEC  BACK,OSAB30,,,,,false,,,84239020,FALSE,,INR 45.00,INR 112.50,Sales,,0.00,0.00,0.00,0.00,cm,kg,,true,,,goods,OVERLAY STICKER ATM30DADEC  BACK,,,,,,,,,,GST18,18.000000,Group,IGST18,18.000000,Simple,1,,,Active,pcs,,INR 16.08,Cost of Goods Sold,,,Inventory Asset,,fifo,,,,,,20.00,Inventory,true,true,true,false,false,false,,,,,,,,false,,
99381000024584711,SWITCH 2 WAY,SWITC1,,,,,true,,,84239020,FALSE,,INR 20.00,INR 50.00,Sales,,0.00,0.00,0.00,0.00,cm,kg,,true,,,goods,SWITCH 2 WAY,,,,,,,,,,GST18,18.000000,Group,IGST18,18.000000,Simple,1,,,Active,nos,nos,INR 0.00,Cost of Goods Sold,,,Inventory Asset,,fifo,,,,,,50.00,Inventory,true,true,true,false,false,false,,,,,,,,false,,
99381000024594967,PORTABLE SCALE 40x40,PRT40O,,,,,false,,,84238290,FALSE,"400x400 mm Portable scale 300Kg /50g, LED green double display ,SS Cheq",INR 3100.00,INR 7500.00,Sales,,17.00,73.00,39.00,26.00,cm,kg,,true,,,goods,PORTABLE SCALE 400X400 SS Cheq.,"400x400 mm Portable scale 300Kg /50g, LED green double display ,SS Cheq",,,,,,,WEIGHING SCALE IMPORT,,GST18,18.000000,Group,IGST18,18.000000,Simple,1,,,Active,nos,nos,INR 2451.00,Cost of Goods Sold,,"400x400 mm Portable scale 300Kg /50g, LED green double display ,SS Cheq",Inventory Asset,,fifo,,,,,,421.00,Inventory,true,true,true,false,false,false,,,,,,,,false,,4
99381000024737022,"DESKTOP PRINTER USB/LAN 3"" (XP-Q600L)",XPDULP3R,,,,,true,,,84433290,FALSE,"3 inch Desktop U+L Printer,Printing Speed:230mm/s, Printer width:80mm , Interface:USB/USB+Lan, Thremal ",INR 4100.00,INR 10250.00,Sales,,0.00,0.00,0.00,0.00,cm,kg,,true,,,goods,"DESKTOP PRINTER USB/LAN 3"" (XP-Q600L)","3 inch Desktop U+L Printer,Printing Speed:230mm/s, Printer width:80mm , Interface:USB/USB+Lan, Thremal ",,,,,,,PRINTERS & SCANNERS,,GST18,18.000000,Group,IGST18,18.000000,Simple,1,,,Active,nos,nos,INR 2800.00,Cost of Goods Sold,,"3 inch Desktop U+L Printer,Printing Speed:230mm/s, Printer width:80mm , Interface:USB/USB+Lan, Thremal ",Inventory Asset,,fifo,,,,,,9.00,Inventory,true,true,true,false,false,false,,,,,,,,false,,
99381000024814221,AI POS LED REAR DISPLAY,APLRD,,,,,true,,,84239020,FALSE,,INR 600.00,INR 3000.00,Sales,,0.00,0.00,0.00,0.00,cm,kg,,true,,,goods,AI POS LED REAR DISPLAY,,,,,,,,,,GST18,18.000000,Group,IGST18,18.000000,Simple,1,,,Active,nos,nos,INR 1000.00,Cost of Goods Sold,,,Inventory Asset,,fifo,,,,,,8.00,Inventory,true,true,true,false,false,false,,,,,,,,false,,
99381000024847216,BLUETOOTH IC,BLIC,,,,,true,,,84239020,FALSE,,INR 165.00,INR 412.50,Sales,,0.00,0.00,0.00,0.00,cm,kg,,true,,,goods,BLUETOOTH IC,,,,,,,,GENERIC SPARE PARTS,,GST18,18.000000,Group,IGST18,18.000000,Simple,1,,,Active,nos,nos,INR 125.00,Cost of Goods Sold,,,Inventory Asset,,fifo,,,,,,80.00,Inventory,true,true,true,false,false,false,,,,,,,,false,,
99381000024954874,TABLE TOP CHOTTU 6V,CH6VSF,,,,,false,,,84231000,FALSE,"Model : YST-20
Max : 20kg e:2gm Min: 40g Class III
Display : Green",INR 1300.00,INR 4000.00,Sales,,20.00,62.00,32.00,48.00,cm,kg,,true,,,goods,TABLE TOP CHOTTU (G-EG),"Model : YST-20
Max : 20kg e:2gm Min: 40g Class III
Display : Green",,,,,,,WEIGHING SCALES INDIA,,GST18,18.000000,Group,IGST18,18.000000,Simple,1,,,Active,nos,nos,INR 1050.00,Cost of Goods Sold,,"Max : 20kg e:2gm Min: 40g Class III
Display : Led Green,With Colour box,Brevera Board,6V Batttery",Inventory Asset,,fifo,,,,,,-29.00,Inventory,true,true,true,false,false,false,,,,,,,,false,,6
99381000024954895,VIBRANT TABLE TOP,VBFR30,,,,,false,,,84231000,FALSE,"Model : YST-30
Max : 30kg e:5gm Min: 100g Class III
Display : Green",INR 1500.00,INR 3750.00,Sales,,20.00,62.00,32.00,48.00,cm,kg,,true,,,goods,VIBRANT TABLE TOP,,,,,,,,WEIGHING SCALES INDIA,,GST18,18.000000,Group,IGST18,18.000000,Simple,1,,,Inactive,nos,nos,INR 1350.00,Cost of Goods Sold,,"Model : YST-30
Max : 30kg e:5gm Min: 100g Class III
Display : Green",Inventory Asset,,fifo,,,,,,0.00,Inventory,true,true,true,false,false,false,,,,,,,,false,,6
99381000024954916,VIBRANT POLE,VBPL,,,,,false,,,84231000,FALSE,"Model : YST-30
Max : 30kg e:5gm Min: 100g Class III
Display : Green",INR 1730.00,INR 5900.00,Sales,,20.00,62.00,32.00,48.00,cm,kg,,true,,,goods,TABLE TOP SCALE PC (GREEN-AY),"Model : YST-30
Max : 30kg e:5gm Min: 100g Class III
Display : Green",,,,,,,WEIGHING SCALES INDIA,,GST18,18.000000,Group,IGST18,18.000000,Simple,1,,,Active,nos,nos,INR 1400.00,Cost of Goods Sold,,"Model : YST-30
Max : 30kg e:5gm Min: 100g Class III
Display : Led Green, Brevera Board,6V Battery",Inventory Asset,,fifo,,,,,,59.00,Inventory,true,true,true,false,false,false,,,,,,,,false,,6
99381000024954937,HANGING WEIGHING SCALE (WITH BL -50kg),HNG150,,,,,false,,,84231000,FALSE,"Model : YSH
Max : 100kg e:10gm Min: 200g Class III
Display : Green",INR 1950.00,INR 3500.00,Sales,,20.00,62.00,32.00,48.00,cm,kg,,true,,,goods,KITCHEN SCALE 5Kg,"Model : YSH
Max : 100kg e:10gm Min: 200g Class III
Display : Green",,,,,,,WEIGHING SCALES INDIA,,GST18,18.000000,Group,IGST18,18.000000,Simple,1,,,Active,nos,nos,INR 1580.00,Cost of Goods Sold,,"Model : YSH
Max : 100kg e:10gm Min: 200g Class III
Display :Led Green, Bangalore Intesys motherboard,6V Battery
(Bluetooth IC will be provided by us)",Inventory Asset,,fifo,,,,,,5.00,Inventory,true,true,true,false,false,false,,,,,,,,false,,6
99381000024954958,T3 INDICATOR,T3IND,,,,,false,,,84239020,FALSE,6V GREEN WITH USB,INR 1250.00,INR 3800.00,Sales,,0.00,0.00,0.00,0.00,cm,kg,,true,,,goods,T3 INDICATOR,6V GREEN WITH USB,,,,,,,WEIGHING INDICATORS,,GST18,18.000000,Group,IGST18,18.000000,Simple,1,,,Active,nos,nos,INR 1030.00,Cost of Goods Sold,,6V GREEN WITH USB,Inventory Asset,,fifo,,,,,,12.00,Inventory,true,true,true,false,false,false,,,,,,,,false,,
99381000025008055,VIBRANT POLE (BM+USB),VBPLU,,,,,false,,,84231000,FALSE,"Model : YST-30
Max : 30kg e:5gm Min: 100g Class III
Display : Green",INR 1990.00,INR 4975.00,Sales,,20.00,62.00,32.00,48.00,cm,kg,,true,,,goods,TABLE TOP SCALE PC (GREEN-AY),"Model : YST-30
Max : 30kg e:5gm Min: 100g Class III
Display : Green",,,,,,,WEIGHING SCALES INDIA,,GST18,18.000000,Group,IGST18,18.000000,Simple,1,,,Active,nos,nos,INR 1610.00,Cost of Goods Sold,,"Model : YST-30
Max : 30kg e:5gm Min: 100g Class III
Display : Green,6V Battery,Bangalore Motherboard, USB",Inventory Asset,,fifo,,,,,,21.00,Inventory,true,true,true,false,false,false,,,,,,,,false,,6
99381000025180086,PLATFORM WEIGHING SCALE 4ft*3ft (200kg),PFS4FX3F200SS,,,,,true,,,84239010,FALSE,"900x1200 4 Loadcell
Pipe Frames Ss202 Top
Ms Seperate Stand
Abs Indictor",INR 9420.00,INR 23550.00,Sales,,0.00,0.00,0.00,0.00,cm,kg,,true,,,goods,PLATFORM WEIGHING SCALE 4ft*3ft (200kg),"900x1200 4 Loadcell
Pipe Frames Ss202 Top
Ms Seperate Stand
Abs Indictor",,,,,,,,,GST18,18.000000,Group,IGST18,18.000000,Simple,1,,,Inactive,nos,nos,INR 8800.00,Cost of Goods Sold,,"900x1200 4 Loadcell
Pipe Frames Ss202 Top
Ms Seperate Stand
Abs Indictor",Inventory Asset,,fifo,,,,,,0.00,Inventory,true,true,true,false,false,false,,,,,,,,false,,
99381000025298001,BENCH SCALE PRO MAX Ms,BPMXMS,,,,,true,,,84238190,FALSE,"DISPLAY: 9/10 INCH
PRINTER: 58MM
PAN SIZE: 300X340 MM
BATTERY: 12V
Max : 30Kg Min : 100g e : 5g Class III
Make : SCANGLE",INR 14500.00,INR 36250.00,Sales,,0.00,0.00,0.00,0.00,cm,kg,,true,,,goods,BENCH SCALE PRO MAX (TOUCH),"DISPLAY: 9/10 INCH
PRINTER: 58MM
PAN SIZE: 300X340 MM
BATTERY: 12V
Max : 30Kg Min : 100g e : 5g Class III
Make : SCANGLE",,,,,,,BILL PRINTING SCALES,,GST18,18.000000,Group,IGST18,18.000000,Simple,1,,,Active,nos,nos,INR 9750.00,Cost of Goods Sold,,"DISPLAY: 9/10 INCH
PRINTER: 58MM
PAN SIZE: 300X340 MM
BATTERY: 12V",Inventory Asset,,fifo,,,,,,10.00,Inventory,true,true,true,false,false,false,,,,,,,,false,,
99381000025298037,TOUCH POS A10,A10POS,,,,,true,,,84705010,FALSE,"10 inch display IPS 
Android 15 
1K resolution 
4+64 GB 
2 inch printer 12V 
12 V 4200 mah  battery 
14.2 V adapter  India pin
2 USB port type A
Body : metal powder coated 
Make : scangle ",INR 11250.00,INR 28125.00,Sales,,0.00,0.00,0.00,0.00,cm,kg,,true,,,goods,TOUCH POS A10,"10 inch display IPS 
Android 15 
1K resolution 
4+64 GB 
2 inch printer 12V 
12 V 4200 mah  battery 
14.2 V adapter  India pin
2 USB port type A
Body : metal powder coated 
Make : scangle ",,,,,,,,,GST18,18.000000,Group,IGST18,18.000000,Simple,1,,,Active,nos,nos,INR 8677.00,Cost of Goods Sold,,"10 inch display IPS 
Android 15 
1K resolution 
4+64 GB 
2 inch printer 12V 
12 V 4200 mah  battery 
14.2 V adapter  India pin
2 USB port type A
Body : metal powder coated 
Make : scangle ",Inventory Asset,,fifo,,,,,,0.00,Inventory,true,true,true,false,false,false,,,,,,,,false,,
99381000025312009,PRICISION BALANCE 510g/1mg,YSA510,,,,,true,,,84238190,FALSE,Max : 510g Min : 100mg e: 1mg d : 1mg Class : I Model :YSA,INR 7900.00,INR 9500.00,Sales,,0.00,0.00,0.00,0.00,cm,kg,,true,,,goods,SCANGLE - BARCODE SERIAL SCANNER  1D HANDY,Max : 510g Min : 100mg e: 1mg d : 1mg Class : I Model :YSA,,,,,,,ANALYTICAL SCALES,,GST18,18.000000,Group,IGST18,18.000000,Simple,1,,,Active,nos,nos,INR 6417.00,Cost of Goods Sold,,Max : 510g Min : 100mg e: 1mg d : 1mg Class : I Model :YSA,Inventory Asset,,fifo,,,,,,76.00,Inventory,true,true,true,false,false,false,,,,,,,,false,,
99381000025312076,"POS Terminal 15.6"" Rear 11.6""",880PWRD,,,,,true,,,84705010,FALSE," INTEL i5 5th GEN 8GB+128GB SSD 15.6"" FRONT DISPLAY 
11.6"" 2ND DISPLAY BUILT IN 80MM PRINTER",INR 33850.00,INR 42000.00,Sales,,0.00,0.00,0.00,0.00,cm,kg,,true,,,goods,"SCANGLE-POS TERMINAL SGT-i8 15.6""  i5 5TH GEN"," INTEL i5 5th GEN 8GB+128GB SSD 15.6"" FRONT DISPLAY 
11.6"" 2ND DISPLAY BUILT IN 80MM PRINTER",,,,,,,TOUCH POS SYSTEMS,,GST18,18.000000,Group,IGST18,18.000000,Simple,1,,,Active,nos,nos,INR 28200.00,Cost of Goods Sold,," INTEL i3 3rd GEN 4GB+128GB SSD 15.6"" FRONT DISPLAY 
11.6"" 2ND DISPLAY BUILT IN 80MM PRINTER",Inventory Asset,,fifo,,,,,,7.00,Inventory,true,true,true,false,false,false,,,,,,,,false,,
99381000025312097,"SCANGLE - POS TERMINAL SGT-668A 15.6"" (WH-4GB)",SGT668A156WH4GB,,,,,true,,,84705010,FALSE,"RK3566/4GB/64GB DDR3 15.6"" FRONT DISPLAY CAPACITIVE TP ADROID 11 COLOUR -WHITE",INR 21600.00,INR 54000.00,Sales,,0.00,0.00,0.00,0.00,cm,kg,,true,,,goods,"SCANGLE - POS TERMINAL SGT-668A 15.6"" (WH-4GB)","RK3566/4GB/64GB DDR3 15.6"" FRONT DISPLAY CAPACITIVE TP ADROID 11 COLOUR -WHITE",,,,,,,TOUCH POS SYSTEMS,,GST18,18.000000,Group,IGST18,18.000000,Simple,1,,,Inactive,nos,nos,INR 18000.00,Cost of Goods Sold,,"RK3566/4GB/64GB DDR3 15.6"" FRONT DISPLAY CAPACITIVE TP ADROID 11 COLOUR -WHITE",Inventory Asset,,fifo,,,,,,0.00,Inventory,true,true,true,false,false,false,,,,,,,,false,,
99381000025312118,SCANGLE - BARCODE SERIAL SCANNER  1D HANDY,SERIALSCANNER,,,,,true,,,84716050,FALSE,"SCANGLE BARCODE SERIAL SCANNER
TYPE: CCD, INTERFACE: USB
",INR 1050.00,INR 2625.00,Sales,,0.00,0.00,0.00,0.00,cm,kg,,true,,,goods,SCANGLE - BARCODE SERIAL SCANNER  1D HANDY,"SCANGLE BARCODE SERIAL SCANNER
TYPE: CCD, INTERFACE: USB
",,,,,,,PRINTERS & SCANNERS,,GST18,18.000000,Group,IGST18,18.000000,Simple,1,,,Active,nos,nos,INR 850.00,Cost of Goods Sold,,"SCANGLE BARCODE SERIAL SCANNER
TYPE: CCD, INTERFACE: USB
",Inventory Asset,,fifo,,,,,,14.00,Inventory,true,true,true,false,false,false,,,,,,,,false,,
99381000025312139,"SCANGLE-POS TERMINAL SGT-665A 15.6"" (4GB)",SGT665ARK35664GB,,,,,true,,,84705010,FALSE,"RK3566 QUAD CORE 4GB+64GB SSD 15.6"" FRONT DISPLAY  80MM PRINTER
",INR 24700.00,INR 61750.00,Sales,,0.00,0.00,0.00,0.00,cm,kg,,true,,,goods,"SCANGLE-POS TERMINAL SGT-665A 15.6"" (4GB)","RK3566 QUAD CORE 4GB+64GB SSD 15.6"" FRONT DISPLAY  80MM PRINTER
",,,,,,,,,GST18,18.000000,Group,IGST18,18.000000,Simple,1,,,Inactive,nos,nos,INR 20750.00,Cost of Goods Sold,,"RK3566 QUAD CORE 4GB+64GB SSD 15.6"" FRONT DISPLAY  80MM PRINTER
",Inventory Asset,,fifo,,,,,,0.00,Inventory,true,true,true,false,false,false,,,,,,,,false,,
99381000025312294,SPOS KEY -PRO,SPOSPRO,,,,,true,,,85238020,FALSE,,INR 3500.00,INR 6000.00,Sales,,0.00,0.00,0.00,0.00,cm,kg,,true,,,goods,SPOS KEY -PRO,,,,,,,,SOFTWARE KEYS,,GST18,18.000000,Group,IGST18,18.000000,Simple,1,,,Active,nos,nos,INR 3000.00,Cost of Goods Sold,,,Inventory Asset,,fifo,,,,,,-2.00,Inventory,true,true,true,false,false,false,,,,,,,,false,,
99381000025462364,Government Stamping Fee / Expense for 510g,SF510,,,,,false,,,76061190,FALSE,,INR 485.00,INR 1212.50,Sales,,0.00,0.00,0.00,0.00,cm,kg,,true,,,goods,Government Stamping Fee / Expense for 510g,,,,,,,,Stamping KL,,GST18,18.000000,Group,IGST18,18.000000,Simple,1,,,Active,nos,nos,INR 335.00,Cost of Goods Sold,,,Inventory Asset,,fifo,,,,,,2.00,Inventory,true,true,true,false,false,false,,,,,,,,false,,
99381000025584059,"Motherboard - SGT A7 7"" 2GB 32GB",PCBA77,,,,,true,,,84239020,FALSE,,INR 9500.00,INR 23750.00,Sales,,0.00,0.00,0.00,0.00,cm,kg,,true,,,goods,"Motherboard - SGT A7 7"" 2GB 32GB",,,,,,,,,,GST18,18.000000,Group,IGST18,18.000000,Simple,1,,,Active,nos,nos,INR 7500.00,Cost of Goods Sold,,,Inventory Asset,,fifo,,,,,,-2.00,Inventory,true,true,true,false,false,false,,,,,,,,false,,
99381000025676213,ATMPCDQZ DISPLAY,ATMPC2,,,,,true,,,84239020,FALSE,,INR 350.00,INR 875.00,Sales,,0.00,0.00,0.00,0.00,cm,kg,,true,,,goods,ATMPCDQZ DISPLAY,,,,,,,,,,GST18,18.000000,Group,IGST18,18.000000,Simple,1,,,Active,nos,nos,INR 270.00,Cost of Goods Sold,,,Inventory Asset,,fifo,,,,,,19.00,Inventory,true,true,true,false,false,false,,,,,,,,false,,
99381000025676234,ATMPCDQZ KEYPAD,ATMPC3,,,,,true,,,84239020,FALSE,,INR 120.00,INR 300.00,Sales,,0.00,0.00,0.00,0.00,cm,kg,,true,,,goods,ATMPCDQZ KEYPAD,,,,,,,,,,GST18,18.000000,Group,IGST18,18.000000,Simple,1,,,Active,nos,nos,INR 90.00,Cost of Goods Sold,,,Inventory Asset,,fifo,,,,,,29.00,Inventory,true,true,true,false,false,false,,,,,,,,false,,
99381000025680150,ATMPCDQZ MOTHERBOARD,ATMPC5,,,,,true,,,84239020,FALSE,,INR 180.00,INR 450.00,Sales,,0.00,0.00,0.00,0.00,cm,kg,,true,,,goods,ATMPCDQZ MOTHERBOARD,,,,,,,,,,GST18,18.000000,Group,IGST18,18.000000,Simple,1,,,Active,nos,nos,INR 90.00,Cost of Goods Sold,,,Inventory Asset,,fifo,,,,,,20.00,Inventory,true,true,true,false,false,false,,,,,,,,false,,
99381000025726081,PLATFORM SCALE 400X400 SS(100Kg) -EG,PLT40EG,,,,,false,,,84239010,FALSE,"40X40CM Platform Scale, 100kg/10g,  green led indicator,  SS pan, with MS back rail, MS pole, SS top platform, MS Frame",INR 3250.00,INR 7600.00,Sales,,10.00,51.00,43.00,14.00,cm,kg,,true,,,goods,PLATFORM SCALE -BENCH (G-QZ2),"40X40CM Platform Scale, 100kg/10g,  green led indicator,  SS pan, with MS back rail, MS pole, SS top platform, MS Frame",,,,,,,WEIGHING SCALES INDIA,,GST18,18.000000,Group,IGST18,18.000000,Simple,1,,,Active,nos,nos,INR 2840.00,Cost of Goods Sold,,"40X40CM Platform Scale, 100kg/10g,  green led indicator,  SS pan, with MS back rail, MS pole, SS top platform, MS Frame",Inventory Asset,,fifo,,,,,,8.00,Inventory,true,true,true,false,false,false,,,,,,,,false,,1
99381000025726102,PLATFORM SCALE 500X500 SS(200kg) -EG,PLT50EG,,,,,false,,,84239010,FALSE,"50X50CM Platform Scale, 200kg/20g,  green led indicator,  SS pan, with MS back rail, MS pole, SS top platform, MS Frame",INR 3850.00,INR 8700.00,Sales,,10.00,51.00,43.00,14.00,cm,kg,,true,,,goods,PLATFORM SCALE -BENCH (G-QZ2),"50X50CM Platform Scale, 200kg/20g,  green led indicator,  SS pan, with MS back rail, MS pole, SS top platform, MS Frame",,,,,,,WEIGHING SCALES INDIA,,GST18,18.000000,Group,IGST18,18.000000,Simple,1,,,Active,nos,nos,INR 3337.00,Cost of Goods Sold,,"50X50CM Platform Scale, 200kg/20g,  green led indicator,  SS pan, with MS back rail, MS pole, SS top platform, MS Frame",Inventory Asset,,fifo,,,,,,15.00,Inventory,true,true,true,false,false,false,,,,,,,,false,,1
99381000025726129,PLATFORM SCALE 600X600 MS Chq (300kg)-EG,PLT60EG,,,,,false,,,84239010,FALSE,"60X60CM Platform Scale, 300kg/50g,  green led indicator,  MS Chq pan, with MS back rail, MS pole,MS Frame",INR 5100.00,INR 9400.00,Sales,,10.00,51.00,43.00,14.00,cm,kg,,true,,,goods,PLATFORM SCALE -BENCH (G-QZ2),"60X60CM Platform Scale, 300kg/50g,  green led indicator,  MS Chq pan, with MS back rail, MS pole,MS Frame",,,,,,,WEIGHING SCALES INDIA,,GST18,18.000000,Group,IGST18,18.000000,Simple,1,,,Active,nos,nos,INR 4421.00,Cost of Goods Sold,,"60X60CM Platform Scale, 300kg/50g,  green led indicator,  MS Chq pan, with MS back rail, MS pole,MS Frame",Inventory Asset,,fifo,,,,,,2.00,Inventory,true,true,true,false,false,false,,,,,,,,false,,1
99381000025744400,ATMPCDQZ DUSTCOVER,ATMPC4,,,,,true,,,84239020,FALSE,,INR 65.00,INR 162.50,Sales,,0.00,0.00,0.00,0.00,cm,kg,,true,,,goods,ATMPCDQZ DUSTCOVER,,,,,,,,,,GST18,18.000000,Group,IGST18,18.000000,Simple,1,,,Active,nos,nos,INR 15.00,Cost of Goods Sold,,,Inventory Asset,,fifo,,,,,,8.00,Inventory,true,true,true,false,false,false,,,,,,,,false,,
99381000025744421,ATMPCDQZ LOADCELL 70KG,AL70,,,,,true,,,84239020,FALSE,,INR 195.00,INR 487.50,Sales,,0.00,0.00,0.00,0.00,cm,kg,,true,,,goods,ATMPCDQZ LOADCELL 70KG,,,,,,,,,,GST18,18.000000,Group,IGST18,18.000000,Simple,1,,,Inactive,nos,nos,INR 150.00,Cost of Goods Sold,,,Inventory Asset,,fifo,,,,,,4.00,Inventory,true,true,true,false,false,false,,,,,,,,false,,
99381000025744442,APCPQ DUST COVER,APCPQ4,,,,,true,,,84239020,FALSE,,INR 65.00,INR 162.50,Sales,,0.00,0.00,0.00,0.00,cm,kg,,true,,,goods,APCPQ DUST COVER,,,,,,,,,,GST18,18.000000,Group,IGST18,18.000000,Simple,1,,,Active,nos,nos,INR 15.00,Cost of Goods Sold,,,Inventory Asset,,fifo,,,,,,15.00,Inventory,true,true,true,false,false,false,,,,,,,,false,,
99381000025744463,DISPLAY SET BPCGQZ,BPCGQZ,,,,,true,,,84239020,FALSE,,INR 195.00,INR 487.50,Sales,,0.00,0.00,0.00,0.00,cm,kg,,true,,,goods,DISPLAY SET BPCGQZ,,,,,,,,,,GST18,18.000000,Group,IGST18,18.000000,Simple,1,,,Active,nos,nos,INR 150.00,Cost of Goods Sold,,,Inventory Asset,,fifo,,,,,,55.00,Inventory,true,true,true,false,false,false,,,,,,,,false,,
99381000025744484,BPCGQZ1 KEYBOARD,BPCGQ1,,,,,true,,,84239020,FALSE,,INR 60.00,INR 150.00,Sales,,0.00,0.00,0.00,0.00,cm,kg,,true,,,goods,BPCGQZ1 KEYBOARD,,,,,,,,,,GST18,18.000000,Group,IGST18,18.000000,Simple,1,,,Active,nos,nos,INR 46.00,Cost of Goods Sold,,,Inventory Asset,,fifo,,,,,,44.00,Inventory,true,true,true,false,false,false,,,,,,,,false,,
99381000025744505,BPCGQZ1 PAN,BPCGQ2,,,,,false,,,84239020,FALSE,,INR 190.00,INR 475.00,Sales,,0.00,0.00,0.00,0.00,cm,kg,,true,,,goods,BPCGQZ1 PAN,,,,,,,,,,GST18,18.000000,Group,IGST18,18.000000,Simple,1,,,Active,nos,nos,INR 140.00,Cost of Goods Sold,,,Inventory Asset,,fifo,,,,,,2.00,Inventory,true,true,true,false,false,false,,,,,,,,false,,
99381000025744526,BPCGQZ1 HOUSING FRONT,BHF1,,,,,false,,,84239020,FALSE,,INR 300.00,INR 750.00,Sales,,0.00,0.00,0.00,0.00,cm,kg,,true,,,goods,BPCGQZ1 HOUSING FRONT,,,,,,,,,,GST18,18.000000,Group,IGST18,18.000000,Simple,1,,,Active,nos,nos,INR 200.00,Cost of Goods Sold,,,Inventory Asset,,fifo,,,,,,5.00,Inventory,true,true,true,false,false,false,,,,,,,,false,,
99381000025744547,BPCGQZ1 HOUSING BACK,BHB1,,,,,false,,,84239020,FALSE,,INR 275.00,INR 687.50,Sales,,0.00,0.00,0.00,0.00,cm,kg,,true,,,goods,BPCGQZ1 HOUSING BACK,,,,,,,,,,GST18,18.000000,Group,IGST18,18.000000,Simple,1,,,Active,nos,nos,INR 200.00,Cost of Goods Sold,,,Inventory Asset,,fifo,,,,,,5.00,Inventory,true,true,true,false,false,false,,,,,,,,false,,
99381000025744568,BPCGQZ1 DUST COVER,BDC1,,,,,false,,,84239020,FALSE,,INR 65.00,INR 162.50,Sales,,0.00,0.00,0.00,0.00,cm,kg,,true,,,goods,BPCGQZ1 DUST COVER,,,,,,,,,,GST18,18.000000,Group,IGST18,18.000000,Simple,1,,,Active,nos,nos,INR 15.00,Cost of Goods Sold,,,Inventory Asset,,fifo,,,,,,100.00,Inventory,true,true,true,false,false,false,,,,,,,,false,,
99381000025769162,Gujarath Government Stamping Fee /Expense for 30 kg,GSF30,,,,,false,,,76061190,FALSE,,INR 270.00,INR 675.00,Sales,,0.00,0.00,0.00,0.00,cm,kg,,true,,,goods,Gujarath Government Stamping Fee /Expense for 20 kg,,,,,,,,Stamping GJ,,GST18,18.000000,Group,IGST18,18.000000,Simple,1,,,Active,nos,nos,INR 250.00,Cost of Goods Sold,,,Inventory Asset,,fifo,,,,,,35.00,Inventory,true,true,true,false,false,false,,,,,,,,false,,
99381000025814653,PLATFORM SCALE 600X900  (200kg)-EG,AM69MS,,,,,false,,,84239010,FALSE,"60X90CM Platform Scale, 200kg/20g,  ",INR 9500.00,INR 23750.00,Sales,,10.00,51.00,43.00,14.00,cm,kg,,true,,,goods,PLATFORM SCALE 600X900  (200kg)-EG,"60X90CM Platform Scale, 200kg/20g,  ",,,,,,,,,GST18,18.000000,Group,IGST18,18.000000,Simple,1,,,Inactive,nos,nos,INR 8750.00,Cost of Goods Sold,,,Inventory Asset,,fifo,,,,,,0.00,Inventory,true,true,true,false,false,false,,,,,,,,false,,1
99381000025837096,Gujarath Government Stamping Fee /Expense for 50 kg,GSF50,,,,,false,,,76061190,FALSE,,INR 270.00,INR 675.00,Sales,,0.00,0.00,0.00,0.00,cm,kg,,true,,,goods,Gujarath Government Stamping Fee /Expense for 20 kg,,,,,,,,Stamping GJ,,GST18,18.000000,Group,IGST18,18.000000,Simple,1,,,Active,nos,nos,INR 250.00,Cost of Goods Sold,,,Inventory Asset,,fifo,,,,,,72.00,Inventory,true,true,true,false,false,false,,,,,,,,false,,
99381000025837117,Gujarath Government Stamping Fee /Expense for 20 kg,GSF20,,,,,false,,,76061190,FALSE,,INR 170.00,INR 425.00,Sales,,0.00,0.00,0.00,0.00,cm,kg,,true,,,goods,Gujarath Government Stamping Fee /Expense for 20 kg,,,,,,,,Stamping GJ,,GST18,18.000000,Group,IGST18,18.000000,Simple,1,,,Active,nos,nos,INR 150.00,Cost of Goods Sold,,,Inventory Asset,,fifo,,,,,,16.00,Inventory,true,true,true,false,false,false,,,,,,,,false,,
99381000025861093,VIBRANT POLE (S),VBPL30S,,,,,false,,,84231000,FALSE,"Model : YST-30
Max : 30kg e:5gm Min: 100g Class III
Display : Green",INR 1980.00,INR 4950.00,Sales,,20.00,62.00,32.00,48.00,cm,kg,,true,,,goods,VIBRANT POLE (S),"Model : YST-30
Max : 30kg e:5gm Min: 100g Class III
Display : Green",,,,,,,,,GST18,18.000000,Group,IGST18,18.000000,Simple,1,,,Inactive,nos,nos,INR 1650.00,Cost of Goods Sold,,"Model : YST-30
Max : 30kg e:5gm Min: 100g Class III
Display : Led Green, Brevera Board,6V Battery",Inventory Asset,,fifo,,,,,,0.00,Inventory,true,true,true,false,false,false,,,,,,,,false,,6
99381000025861114,HANGING WEIGHING SCALE (WITH BL -50kg) (S),HNG150S,,,,,false,,,84231000,FALSE,"Model : YSH
Max : 50kg e:5gm Min: 100g Class III
Display : Green",INR 2200.00,INR 5500.00,Sales,,20.00,62.00,32.00,48.00,cm,kg,,true,,,goods,HANGING WEIGHING SCALE (WITH BL -50kg) (S),"Model : YSH
Max : 50kg e:5gm Min: 100g Class III
Display : Green",,,,,,,,,GST18,18.000000,Group,IGST18,18.000000,Simple,1,,,Inactive,nos,nos,INR 1830.00,Cost of Goods Sold,,"Model : YSH
Max : 50kg e:5gm Min: 100g Class III
Display : Green
(Bluetooth IC will be provided by us)",Inventory Asset,,fifo,,,,,,0.00,Inventory,true,true,true,false,false,false,,,,,,,,false,,6
99381000025894939,ATM PC AD EC,AD619,,,,,true,,,84238190,FALSE,"Max: 20kg  Min : 40g e : 2g Class III
Display : Green",INR 1550.00,INR 4000.00,Sales,,0.00,0.00,0.00,0.00,cm,kg,,true,,,goods,TABLE TOP SCALE PC (GREEN-AD) -EC,"Max: 20kg  Min : 40g e : 2g Class III
Display : Green",,,,,,,WEIGHING SCALE IMPORT,,GST18,18.000000,Group,IGST18,18.000000,Simple,1,,,Active,nos,nos,INR 1100.00,Cost of Goods Sold,,"Max: 20kg  Min : 40g e : 2g Class III
Display : Green",Inventory Asset,,fifo,,,,,,1.00,Inventory,true,true,true,false,false,false,,,,,,,,false,,
99381000025972045,ON/OFF SWITCH With LED,OOSWL,,,,,true,,,84239020,FALSE,,INR 20.00,INR 50.00,Sales,,0.00,0.00,0.00,0.00,cm,kg,,true,,,goods,ON/OFF SWITCH With LED,,,,,,,,,,GST18,18.000000,Group,IGST18,18.000000,Simple,1,,,Active,nos,nos,INR 0.00,Cost of Goods Sold,,,Inventory Asset,,fifo,,,,,,50.00,Inventory,true,true,true,false,false,false,,,,,,,,false,,
99381000026286996,ATM20RAD DISPLAY GREEN,DISRAD,,,,,true,,,84239020,FALSE,,INR 320.00,INR 800.00,Sales,,0.00,0.00,0.00,0.00,cm,kg,,true,,,goods,ATM20RAD DISPLAY GREEN,,,,,,,,,,GST18,18.000000,Group,IGST18,18.000000,Simple,1,,,Active,nos,nos,INR 246.00,Cost of Goods Sold,,,Inventory Asset,,fifo,,,,,,27.00,Inventory,true,true,true,false,false,false,,,,,,,,false,,
99381000026299019,ATM30GAD BOTTOM BODY CASE,ABBC30,,,,,true,,,84239020,FALSE,,INR 120.00,INR 300.00,Sales,,0.00,0.00,0.00,0.00,cm,kg,,true,,,goods,ATM30GAD BOTTOM BODY CASE,,,,,,,,,,GST18,18.000000,Group,IGST18,18.000000,Simple,1,,,Active,nos,nos,INR 90.00,Cost of Goods Sold,,,Inventory Asset,,fifo,,,,,,15.00,Inventory,true,true,true,false,false,false,,,,,,,,false,,
99381000026299042,ATM20GAD619 PAN,AP2061,,,,,true,,,84239020,FALSE,,INR 180.00,INR 450.00,Sales,,0.00,0.00,0.00,0.00,cm,kg,,true,,,goods,ATM20GAD619 PAN,,,,,,,,,,GST18,18.000000,Group,IGST18,18.000000,Simple,1,,,Active,nos,nos,INR 90.00,Cost of Goods Sold,,,Inventory Asset,,fifo,,,,,,10.00,Inventory,true,true,true,false,false,false,,,,,,,,false,,
99381000026299065,ATM20GAD KEYPAD,AK20,,,,,true,,,84239020,FALSE,,INR 120.00,INR 300.00,Sales,,0.00,0.00,0.00,0.00,cm,kg,,true,,,goods,ATM20GAD KEYPAD,,,,,,,,,,GST18,18.000000,Group,IGST18,18.000000,Simple,1,,,Active,nos,nos,INR 90.00,Cost of Goods Sold,,,Inventory Asset,,fifo,,,,,,4.00,Inventory,true,true,true,false,false,false,,,,,,,,false,,
99381000026299088,ATM20GAD619 TOP BODY CASE,ATBC21,,,,,true,,,84239020,FALSE,,INR 120.00,INR 300.00,Sales,,0.00,0.00,0.00,0.00,cm,kg,,true,,,goods,ATM20GAD619 TOP BODY CASE,,,,,,,,,,GST18,18.000000,Group,IGST18,18.000000,Simple,1,,,Active,nos,nos,INR 90.00,Cost of Goods Sold,,,Inventory Asset,,fifo,,,,,,2.00,Inventory,true,true,true,false,false,false,,,,,,,,false,,
99381000026299111,ATM20GAD619  BOTTOM BODY CASE,ABBC20,,,,,true,,,84239020,FALSE,,INR 120.00,INR 300.00,Sales,,0.00,0.00,0.00,0.00,cm,kg,,true,,,goods,ATM20GAD619  BOTTOM BODY CASE,,,,,,,,,,GST18,18.000000,Group,IGST18,18.000000,Simple,1,,,Active,nos,nos,INR 90.00,Cost of Goods Sold,,,Inventory Asset,,fifo,,,,,,2.00,Inventory,true,true,true,false,false,false,,,,,,,,false,,
99381000026299134,ATM20GAD TOP BODY CASE,ATBC20,,,,,true,,,84239020,FALSE,,INR 130.00,INR 325.00,Sales,,0.00,0.00,0.00,0.00,cm,kg,,true,,,goods,ATM20GAD TOP BODY CASE,,,,,,,,,,GST18,18.000000,Group,IGST18,18.000000,Simple,1,,,Active,nos,nos,INR 100.00,Cost of Goods Sold,,,Inventory Asset,,fifo,,,,,,15.00,Inventory,true,true,true,false,false,false,,,,,,,,false,,
99381000026299175,ATM20GAD LEG,AL20,,,,,true,,,84239020,FALSE,,INR 15.00,INR 37.50,Sales,,0.00,0.00,0.00,0.00,cm,kg,,true,,,goods,ATM20GAD LEG,,,,,,,,,,GST18,18.000000,Group,IGST18,18.000000,Simple,1,,,Active,nos,nos,INR 3.00,Cost of Goods Sold,,,Inventory Asset,,fifo,,,,,,50.00,Inventory,true,true,true,false,false,false,,,,,,,,false,,
99381000026299198,ATM20GAD DISPLAY STICKER,ADS20,,,,,true,,,84239020,FALSE,,INR 100.00,INR 250.00,Sales,,0.00,0.00,0.00,0.00,cm,kg,,true,,,goods,ATM20GAD DISPLAY STICKER,,,,,,,,,,GST18,18.000000,Group,IGST18,18.000000,Simple,1,,,Active,nos,nos,INR 0.00,Cost of Goods Sold,,,Inventory Asset,,fifo,,,,,,15.00,Inventory,true,true,true,false,false,false,,,,,,,,false,,
99381000026401217,Gujarath Government Stamping Fee /Expense for 30 kg(S),SGSF30,,,,,false,,,76061190,FALSE,,INR 270.00,INR 675.00,Sales,,0.00,0.00,0.00,0.00,cm,kg,,true,,,goods,Gujarath Government Stamping Fee /Expense for 30 kg(S),,,,,,,,,,GST18,18.000000,Group,IGST18,18.000000,Simple,1,,,Inactive,nos,nos,INR 250.00,Cost of Goods Sold,,,Inventory Asset,,fifo,,,,,,0.00,Inventory,true,true,true,false,false,false,,,,,,,,false,,
99381000026401240,ECS CLOUD Additional 1000 products,YESCLOUDPRODUCTS,,,,,true,,,85238020,FALSE,,INR 1250.00,INR 1500.00,Sales,,0.00,0.00,0.00,0.00,cm,kg,,true,,,goods,ECS CLOUD Additional 1000 products,,,,,,,,SOFTWARE KEYS,,GST18,18.000000,Group,IGST18,18.000000,Simple,1,,,Active,nos,nos,INR 849.00,Cost of Goods Sold,,,Inventory Asset,,fifo,,,,,,0.00,Inventory,true,true,true,true,false,false,,,,,,,,false,,
99381000026526161,Gujarath Government Stamping Fee /Expense for 50 kg(S),SGSF50,,,,,false,,,76061190,FALSE,,INR 270.00,INR 675.00,Sales,,0.00,0.00,0.00,0.00,cm,kg,,true,,,goods,Gujarath Government Stamping Fee /Expense for 50 kg(S),,,,,,,,,,GST18,18.000000,Group,IGST18,18.000000,Simple,1,,,Inactive,nos,nos,INR 250.00,Cost of Goods Sold,,,Inventory Asset,,fifo,,,,,,0.00,Inventory,true,true,true,false,false,false,,,,,,,,false,,
99381000026538621,Gujarath Government Stamping Fee /Expense for 20 kg(S),SGSF20,,,,,false,,,76061190,FALSE,,INR 170.00,INR 425.00,Sales,,0.00,0.00,0.00,0.00,cm,kg,,true,,,goods,Gujarath Government Stamping Fee /Expense for 20 kg(S),,,,,,,,,,GST18,18.000000,Group,IGST18,18.000000,Simple,1,,,Active,nos,nos,INR 150.00,Cost of Goods Sold,,,Inventory Asset,,fifo,,,,,,21.00,Inventory,true,true,true,false,false,false,,,,,,,,false,,
99381000026920210,ECS CLOUD Standard (6 Month),YESCLOUDSTD6M,,,,,true,,,85238020,FALSE,,INR 1170.00,INR 1370.00,Sales,,0.00,0.00,0.00,0.00,cm,kg,,true,,,goods,ECS CLOUD Standard (6 Month),,,,,,,,SOFTWARE KEYS,,GST18,18.000000,Group,IGST18,18.000000,Simple,1,,,Active,nos,nos,INR 900.00,Cost of Goods Sold,,,Inventory Asset,,fifo,,,,,,-5.00,Inventory,true,true,true,true,false,false,,,,,,,,false,,
99381000026987001,"DESKTOP PRINTER USB/Wifi 3"" (XP-Q600W)",XPDUWP3R,,,,,true,,,84433290,FALSE,"3 inch Desktop U+Wifi Printer,Printing Speed:230mm/s, Printer width:80mm , Interface:USB/USB+Lan, Thremal ",INR 4750.00,INR 11875.00,Sales,,0.00,0.00,0.00,0.00,cm,kg,,true,,,goods,"DESKTOP PRINTER USB/Wifi 3"" (XP-Q600W)","3 inch Desktop U+Wifi Printer,Printing Speed:230mm/s, Printer width:80mm , Interface:USB/USB+Lan, Thremal ",,,,,,,PRINTERS & SCANNERS,,GST18,18.000000,Group,IGST18,18.000000,Simple,1,,,Active,nos,nos,INR 3955.00,Cost of Goods Sold,,"3 inch Desktop U+Wifi Printer,Printing Speed:230mm/s, Printer width:80mm , Interface:USB/USB+Lan, Thremal ",Inventory Asset,,fifo,,,,,,5.00,Inventory,true,true,true,false,false,false,,,,,,,,false,,
99381000027038022,Label Printing Scale Q9LBL (F&B),TMAFB,,,,,false,,,84238190,FALSE,Make:YESWEIGH  Model:YS-30   Max:30kg  e:5g  Min:100g  Class:III,INR 13346.00,INR 33365.00,Sales,,10.00,54.00,44.00,30.00,cm,kg,,true,,,goods,Label Printing Scale Q9LBL (F&B),Make:YESWEIGH  Model:YS-30   Max:30kg  e:5g  Min:100g  Class:III,,,,,,,,,GST18,18.000000,Group,IGST18,18.000000,Simple,1,,,Active,nos,nos,INR 12711.00,Cost of Goods Sold,,,Inventory Asset,,fifo,0.00,Shanghai Yousheng Weighing Apparatus Co. Ltd.,,,,0.00,Inventory,true,true,true,false,false,false,,,,,,,,false,,1
99381000027038048,Label Printing Scale TMA,TMAATL,,,,,false,,,84238190,FALSE,Make:YESWEIGH  Model:YS-30   Max:30kg  e:5g  Min:100g  Class:III,INR 13815.00,INR 34537.50,Sales,,10.00,54.00,44.00,30.00,cm,kg,,true,,,goods,Label Printing Scale TMA,Make:YESWEIGH  Model:YS-30   Max:30kg  e:5g  Min:100g  Class:III,,,,,,,,,GST18,18.000000,Group,IGST18,18.000000,Simple,1,,,Inactive,nos,nos,INR 13155.00,Cost of Goods Sold,,,Inventory Asset,,fifo,0.00,Shanghai Yousheng Weighing Apparatus Co. Ltd.,,,,0.00,Inventory,true,true,true,false,false,false,,,,,,,,false,,1
99381000027038074,Bill Printing scale ECS,ECSATL,,,,,false,,,84238190,FALSE,Make:YESWEIGH  Model:YS-30   Max:30kg  e:5g  Min:100g  Class:III,INR 15250.00,INR 38125.00,Sales,,14.00,55.00,45.00,52.00,cm,kg,,true,,,goods,Bill Printing scale ECS,Make:YESWEIGH  Model:YS-30   Max:30kg  e:5g  Min:100g  Class:III,,,,,,,,,GST18,18.000000,Group,IGST18,18.000000,Simple,1,,,Inactive,nos,nos,INR 14524.00,Cost of Goods Sold,,,Inventory Asset,,fifo,,,,,,0.00,Inventory,true,true,true,false,false,false,,,,,,,,false,,2
99381000027118831,Bench Scale Pro MS,BPPRMS,,,,,true,,,84238290,FALSE,"Max:50kg e:5g Min:100g Class:III Display : Green ,Printer",INR 5900.00,INR 14750.00,Sales,,0.00,0.00,0.00,0.00,cm,kg,,true,,,goods,PLATFORM SCALE -BENCH (G-QZ2),"Max:50kg e:5g Min:100g Class:III Display : Green ,Printer",,,,,,,BILL PRINTING SCALES,,GST18,18.000000,Group,IGST18,18.000000,Simple,1,,,Active,nos,nos,INR 4400.00,Cost of Goods Sold,,"Max:50kg e:5g Min:100g Class:III Display : Green ,Printer",Inventory Asset,,fifo,,,,,,12.00,Inventory,true,true,true,false,false,false,,,,,,,,false,,
99381000027118854,Bench scale Pro SS,BPPRSS,,,,,true,,,84238290,FALSE,"Max:50kg e:5g Min:100g Class:III Display : Green ,Printer",INR 7900.00,INR 19750.00,Sales,,0.00,0.00,0.00,0.00,cm,kg,,true,,,goods,PLATFORM SCALE -BENCH (G-QZ2),"Max:50kg e:5g Min:100g Class:III Display : Green ,Printer",,,,,,,BILL PRINTING SCALES,,GST18,18.000000,Group,IGST18,18.000000,Simple,1,,,Active,nos,nos,INR 5000.00,Cost of Goods Sold,,"Max:50kg e:5g Min:100g Class:III Display : Green ,Printer",Inventory Asset,,fifo,,,,,,0.00,Inventory,true,true,true,false,false,false,,,,,,,,false,,
99381000027248580,Programmer Burner (Bench Pro tool),PBBPT,,,,,true,,,84239020,FALSE,,INR 5000.00,INR 12500.00,Sales,,0.00,0.00,0.00,0.00,cm,kg,,true,,,goods,Programmer Burner (Bench Pro tool),,,,,,,,,,GST18,18.000000,Group,IGST18,18.000000,Simple,1,,,Active,nos,nos,INR 3805.00,Cost of Goods Sold,,,Finished Goods,,fifo,,,,,,6.00,Inventory,true,true,true,false,false,false,,,,,,,,false,,
99381000027370684,SPOS Smart scale support.,SSSS,,,,,true,,,85238020,FALSE,,INR 1250.00,INR 1500.00,Sales,,0.00,0.00,0.00,0.00,cm,kg,,true,,,goods,SPOS Smart scale support.,,,,,,,,,,GST18,18.000000,Group,IGST18,18.000000,Simple,1,,,Active,nos,nos,INR 849.00,Cost of Goods Sold,,,Inventory Asset,,fifo,,,,,,-2.00,Inventory,true,true,true,false,false,false,,,,,,,,false,,
99381000027370707,SPOS Bluetooth scale support,SPOSBT,,,,,true,,,85238020,FALSE,,INR 1250.00,INR 1500.00,Sales,,0.00,0.00,0.00,0.00,cm,kg,,true,,,goods,SPOS Bluetooth scale support,,,,,,,,SOFTWARE KEYS,,GST18,18.000000,Group,IGST18,18.000000,Simple,1,,,Active,nos,nos,INR 849.00,Cost of Goods Sold,,,Inventory Asset,,fifo,,,,,,-2.00,Inventory,true,true,true,false,false,false,,,,,,,,false,,
99381000027370736,SPOS ADDITIONAL TERMINAL,POSTERY,,,,,true,,,85238020,FALSE,,INR 1200.00,INR 1500.00,Sales,,0.00,0.00,0.00,0.00,cm,kg,,true,,,goods,SPOS ADDITIONAL TERMINAL,,,,,,,,SOFTWARE KEYS,,GST18,18.000000,Group,IGST18,18.000000,Simple,1,,,Active,nos,nos,INR 849.00,Cost of Goods Sold,,,Inventory Asset,,fifo,,,,,,-3.00,Inventory,true,true,true,false,false,false,,,,,,,,false,,
99381000027502868,ECS CLOUD Standard (2 Month),YESCLOUDSTD2M,,,,,true,,,85238020,FALSE,,INR 500.00,INR 750.00,Sales,,0.00,0.00,0.00,0.00,cm,kg,,true,,,goods,ECS CLOUD Standard (2 Month),,,,,,,,SOFTWARE KEYS,,GST18,18.000000,Group,IGST18,18.000000,Simple,1,,,Active,nos,nos,INR 400.00,Cost of Goods Sold,,,Inventory Asset,,fifo,,,,,,-10.00,Inventory,true,true,true,true,false,false,,,,,,,,false,,
99381000027505027,Multi shop Cloud,SPOSMULTISHOP,,,,,true,,,85238020,FALSE,,INR 1250.00,INR 1500.00,Sales,,0.00,0.00,0.00,0.00,cm,kg,,true,,,goods,Multi shop Cloud,,,,,,,,SOFTWARE KEYS,,GST18,18.000000,Group,IGST18,18.000000,Simple,1,,,Active,nos,nos,INR 849.00,Cost of Goods Sold,,,Inventory Asset,,fifo,,,,,,-2.00,Inventory,true,true,true,true,false,false,,,,,,,,false,,
99381000027610001,Double display Indicator (Green),INDDBG,,,,,false,,,84238190,FALSE,Display : Green,INR 1200.00,INR 3800.00,Sales,,0.00,0.00,0.00,0.00,cm,kg,,true,,,goods,Double display Indicator (Green),Display : Green,,,,,,,WEIGHING INDICATORS,,GST18,18.000000,Group,IGST18,18.000000,Simple,1,,,Active,nos,nos,INR 846.00,Cost of Goods Sold,,Display : Green,Inventory Asset,,fifo,,,,,,158.00,Inventory,true,true,true,false,false,false,,,,,,,,false,,
99381000027664507,BENCH Scale  Qz2,BPCQZ2,,,,,true,,,84238290,FALSE,Make : YESWEIGH Max:50kg e:5g Min:100g Class:III Display : Green,INR 2200.00,INR 5500.00,Sales,,0.00,0.00,0.00,0.00,cm,kg,,true,,,goods,PLATFORM SCALE -BENCH (G-QZ2),Make : YESWEIGH Max:50kg e:5g Min:100g Class:III Display : Green,,,,,,,WEIGHING SCALE IMPORT,,GST18,18.000000,Group,IGST18,18.000000,Simple,1,,,Active,nos,nos,INR 1670.00,Cost of Goods Sold,, Max:50kg e:5g Min:100g Class:III Display : Green,Inventory Asset,,fifo,,,,,,173.00,Inventory,true,true,true,false,false,false,,,,,,,,false,,
99381000027664964,ECS CLOUD Additional Terminal (6 month),YESCLOUDECS6M,,,,,true,,,85238020,FALSE,,INR 840.00,INR 1250.00,Sales,,0.00,0.00,0.00,0.00,cm,kg,,true,,,goods,ECS CLOUD Additional Terminal (6 month),,,,,,,,SOFTWARE KEYS,,GST18,18.000000,Group,IGST18,18.000000,Simple,1,,,Active,nos,nos,INR 540.00,Cost of Goods Sold,,,Inventory Asset,,fifo,,,,,,0.00,Inventory,true,true,true,true,false,false,,,,,,,,false,,
99381000027704286,Motherboard IS-171,MI171,,,,,true,,,84239020,FALSE,,INR 300.00,INR 750.00,Sales,,0.00,0.00,0.00,0.00,cm,kg,,true,,,goods,Motherboard IS-171,,,,,,,,GENERIC SPARE PARTS,,GST18,18.000000,Group,IGST18,18.000000,Simple,1,,,Active,nos,nos,INR 230.00,Cost of Goods Sold,,,Inventory Asset,,fifo,,,,,,104.00,Inventory,true,true,true,false,false,false,,,,,,,,false,,
99381000027777475,SPOS KEY -LITE TO PRO,SPOSLITEPRO,,,,,true,,,85238020,FALSE,,INR 1000.00,INR 1000.00,Sales,,0.00,0.00,0.00,0.00,cm,kg,,true,,,goods,SPOS KEY -LITE TO PRO,,,,,,,,SOFTWARE KEYS,,GST18,18.000000,Group,IGST18,18.000000,Simple,1,,,Active,nos,nos,INR 1000.00,Cost of Goods Sold,,,Inventory Asset,,fifo,,,,,,0.00,Inventory,true,true,true,false,false,false,,,,,,,,false,,
99381000027777498,UPLUS BATTERY 6V 5AH,UB65,,,,,true,,,85072000,FALSE,,INR 228.00,INR 550.00,Sales,,0.00,0.00,0.00,0.00,cm,kg,,true,,,goods,UPLUS BATTERY 6V 5AH,,,,,,,,,,GST18,18.000000,Group,IGST18,18.000000,Simple,1,,,Active,nos,nos,INR 207.63,Cost of Goods Sold,,,Inventory Asset,,fifo,,,,,,40.00,Inventory,true,true,true,false,false,false,,,,,,,,false,,
99381000027845117,SPOS KEY -PRO TO ELITE,SPOSPROELITE,,,,,true,,,85238020,FALSE,,INR 1500.00,INR 1500.00,Sales,,0.00,0.00,0.00,0.00,cm,kg,,true,,,goods,SPOS KEY -PRO TO ELITE,,,,,,,,SOFTWARE KEYS,,GST18,18.000000,Group,IGST18,18.000000,Simple,1,,,Active,nos,nos,INR 1500.00,Cost of Goods Sold,,,Inventory Asset,,fifo,,,,,,0.00,Inventory,true,true,true,false,false,false,,,,,,,,false,,
99381000027890001,ECS CLOUD Additional to STD,YESCLOUDADDITIONALSTD,,,,,true,,,85238020,FALSE,,INR 601.00,INR 1502.50,Sales,,0.00,0.00,0.00,0.00,cm,kg,,true,,,goods,ECS CLOUD Additional to STD,,,,,,,,SOFTWARE KEYS,,GST18,18.000000,Group,IGST18,18.000000,Simple,1,,,Active,nos,nos,INR 601.00,Cost of Goods Sold,,,Inventory Asset,,fifo,,,,,,0.00,Inventory,true,true,true,true,false,false,,,,,,,,false,,
99381000027893058,POST SCALE BODY (30X40)  WITH LOADCELL,PSBWL3,,,,,true,,,84239020,FALSE,"Max : 100kg e:10g Min:200g
Class : III Size : 300x400 mm ",INR 2500.00,INR 6250.00,Sales,,0.00,0.00,0.00,0.00,cm,kg,,true,,,goods,POST SCALE BODY (30X40)  WITH LOADCELL,,,,,,,,Inactive,,GST18,18.000000,Group,IGST18,18.000000,Simple,1,,,Active,nos,nos,INR 2000.00,Cost of Goods Sold,,"Max : 100kg e:10g Min:200g
Class : III Size : 300x400 mm ",Inventory Asset,,fifo,,,,,,100.00,Inventory,true,true,true,false,false,false,,,,,,,,false,,
99381000027893081,INDICATOR BODY SS -6 key set,IBSKS6,,,,,true,,,84239020,FALSE,"202 SS Indicator body,rubber,metal key pad, 6 ss key",INR 258.00,INR 645.00,Sales,,0.00,0.00,0.00,0.00,cm,kg,,true,,,goods,INDICATOR BODY SS -6 key set,"202 SS Indicator body,rubber,metal key pad, 6 ss key",,,,,,,,,GST18,18.000000,Group,IGST18,18.000000,Simple,1,,,Active,nos,nos,INR 258.00,Cost of Goods Sold,,"202 SS Indicator body,rubber,metal key pad, 6 ss key",Inventory Asset,,fifo,,,,,,200.00,Inventory,true,true,true,false,false,false,,,,,,,,false,,
99381000027922427,ECS CLOUD Additional Terminal (2 month),YESCLOUDECS2M,,,,,true,,,85238020,FALSE,,INR 280.00,INR 350.00,Sales,,0.00,0.00,0.00,0.00,cm,kg,,true,,,goods,ECS CLOUD Additional Terminal (2 month),,,,,,,,SOFTWARE KEYS,,GST18,18.000000,Group,IGST18,18.000000,Simple,1,,,Active,nos,nos,INR 180.00,Cost of Goods Sold,,,Inventory Asset,,fifo,,,,,,-2.00,Inventory,true,true,true,true,false,false,,,,,,,,false,,
99381000027934052,Price Computing Scale EC,PCSLEC,,,,,false,,,84238190,FALSE,Make :YESWEIGH Model:YS-30 Max:30kg e:5g Min:100g Class: III,INR 1561.00,INR 3902.50,Sales,,0.00,0.00,0.00,0.00,cm,kg,,true,,,goods,Price Computing Scale EC,Make :YESWEIGH Model:YS-30 Max:30kg e:5g Min:100g Class: III,,,,,,,,,GST18,18.000000,Group,IGST18,18.000000,Simple,1,,,Inactive,nos,nos,INR 1561.00,Cost of Goods Sold,,,Inventory Asset,,fifo,,,,,,0.00,Inventory,true,true,true,false,false,false,,,,,,,,false,,
99381000028054001,DISPLAY GREEN,DISPLA,,,,,true,,,84239010,FALSE,,INR 90.61,INR 226.53,Sales,,0.00,0.00,0.00,0.00,cm,kg,,true,,,goods,DISPLAY GREEN,,,,,,,,,,GST18,18.000000,Group,IGST18,18.000000,Simple,1,,,Active,nos,nos,INR 90.61,Cost of Goods Sold,,,Inventory Asset,,fifo,,,,,,0.00,Inventory,true,true,true,false,false,false,,,,,,,,false,,
99381000028054024,Doom Key,DKEG,,,,,true,,,84239010,FALSE,,INR 12.61,INR 31.53,Sales,,0.00,0.00,0.00,0.00,cm,kg,,true,,,goods,Doom Key,,,,,,,,,,GST18,18.000000,Group,IGST18,18.000000,Simple,1,,,Inactive,nos,nos,INR 12.61,Cost of Goods Sold,,,Inventory Asset,,fifo,,,,,,0.00,Inventory,true,true,true,false,false,false,,,,,,,,false,,
99381000028097001,Adaptor (Post scale 30x40),APS304,,,,,true,,,84239020,FALSE,,INR 150.00,INR 375.00,Sales,,0.00,0.00,0.00,0.00,cm,kg,,true,,,goods,Adaptor (Post scale 30x40),,,,,,,,,,GST18,18.000000,Group,IGST18,18.000000,Simple,1,,,Active,nos,nos,INR 102.955,Cost of Goods Sold,,,Inventory Asset,,fifo,,,,,,110.00,Inventory,true,true,true,false,false,false,,,,,,,,false,,
99381000028097024,Battery (Post scale body 30x40),BPSB30,,,,,true,,,84239020,FALSE,,INR 175.00,INR 437.50,Sales,,0.00,0.00,0.00,0.00,cm,kg,,true,,,goods,Battery (Post scale body 30x40),,,,,,,,,,GST18,18.000000,Group,IGST18,18.000000,Simple,1,,,Active,nos,nos,INR 134.00,Cost of Goods Sold,,,Inventory Asset,,fifo,,,,,,110.00,Inventory,true,true,true,false,false,false,,,,,,,,false,,
99381000028234263,ECS Loadcell (13cm),ECS861,,,,,false,,,84239020,FALSE,,INR 650.00,,Sales,,0.00,0.00,0.00,0.00,cm,kg,,true,,,goods,ECS Loadcell (13cm),,,,,,,,,,GST18,18.000000,Group,IGST18,18.000000,Simple,1,,,Active,nos,nos,INR 480.00,Cost of Goods Sold,,,Inventory Asset,,fifo,,,,,,20.00,Inventory,true,true,true,false,false,false,,,,,,,,false,,
99381000028318376,ECS CLOUD New User,YESCLOUDUSER,,,,,true,,,85238020,FALSE,,INR 580.00,INR 1450.00,Sales,,0.00,0.00,0.00,0.00,cm,kg,,true,,,goods,ECS CLOUD New User,,,,,,,,SOFTWARE KEYS,,GST18,18.000000,Group,IGST18,18.000000,Simple,1,,,Active,nos,nos,INR 449.00,Cost of Goods Sold,,,Inventory Asset,,fifo,,,,,,0.00,Inventory,true,true,true,true,false,false,,,,,,,,false,,
99381000028752026,SPOS  - KART,SPOSKA,,,,,true,,,85238010,FALSE,,INR 4000.00,INR 10000.00,Sales,,0.00,0.00,0.00,0.00,cm,kg,,true,,,goods,SPOS  - KART,,,,,,,,,,GST18,18.000000,Group,IGST18,18.000000,Simple,1,,,Inactive,nos,nos,INR 3000.00,Cost of Goods Sold,,,Inventory Asset,,fifo,,,,,,0.00,Inventory,true,true,true,false,false,false,,,,,,,,false,,
99381000028829001,TABLE TOP CHOTTU,CH6VEG,,,,,false,,,84231000,FALSE,"Model : YST-20
Max : 20kg e:2gm Min: 40g Class III
Display : Green",INR 1300.00,INR 4000.00,Sales,,20.00,62.00,32.00,48.00,cm,kg,,true,,,goods,TABLE TOP CHOTTU (G-EG),"Model : YST-20
Max : 20kg e:2gm Min: 40g Class III
Display : Green",,,,,,,WEIGHING SCALES INDIA,,GST18,18.000000,Group,IGST18,18.000000,Simple,1,,,Active,nos,nos,INR 1050.00,Cost of Goods Sold,,"Max : 20kg e:2gm Min: 40g Class III
Display : Led Green,With Colour box,Brevera Board,6V Batttery",Inventory Asset,,fifo,,,,,,47.00,Inventory,true,true,true,false,false,false,,,,,,,,false,,6
99381000028855355,PARTS OF WEIGHING SCALE WITH DISPLAY,PARTSMZ1,,,,,true,,,84238190,FALSE,,INR 1600.00,INR 4000.00,Sales,,0.00,0.00,0.00,0.00,cm,kg,,true,,,goods,PARTS OF WEIGHING SCALE WITH DISPLAY,,,,,,,,,,GST18,18.000000,Group,IGST18,18.000000,Simple,1,,,Inactive,nos,nos,INR 1586.39,Cost of Goods Sold,,,Inventory Asset,,fifo,,,,,,0.00,Inventory,true,true,true,false,false,false,,,,,,,,false,,
99381000028855384,PARTS OF WEIGHING SCALE WITH DISPLAY(Q),PARTSMZ2,,,,,true,,,84238190,FALSE,,INR 1800.00,INR 4500.00,Sales,,0.00,0.00,0.00,0.00,cm,kg,,true,,,goods,PARTS OF WEIGHING SCALE WITH DISPLAY(Q),,,,,,,,,,GST18,18.000000,Group,IGST18,18.000000,Simple,1,,,Inactive,nos,nos,INR 1767.27,Cost of Goods Sold,,,Inventory Asset,,fifo,,,,,,0.00,Inventory,true,true,true,false,false,false,,,,,,,,false,,
99381000028855407,PARTS OF WEIGHING SCALE WITH DISPLAY(R),PARTSMZ3,,,,,true,,,84238190,FALSE,,INR 1400.00,INR 3500.00,Sales,,0.00,0.00,0.00,0.00,cm,kg,,true,,,goods,PARTS OF WEIGHING SCALE WITH DISPLAY(R),,,,,,,,,,GST18,18.000000,Group,IGST18,18.000000,Simple,1,,,Inactive,nos,nos,INR 1370.49,Cost of Goods Sold,,,Inventory Asset,,fifo,,,,,,0.00,Inventory,true,true,true,false,false,false,,,,,,,,false,,
99381000029001001,ATMPCDQZ TRANSFORMER/SMPS (ACS-SS),ATSAS,,,,,true,,,84239020,FALSE,,INR 90.00,INR 225.00,Sales,,0.00,0.00,0.00,0.00,cm,kg,,true,,,goods,ATMPCDQZ TRANSFORMER/SMPS (ACS-SS),,,,,,,,,,GST18,18.000000,Group,IGST18,18.000000,Simple,1,,,Active,nos,nos,INR 40.00,Cost of Goods Sold,,,Inventory Asset,,fifo,,,,,,8.00,Inventory,true,true,true,false,false,false,,,,,,,,false,,
99381000029001024,Stamping Fees above 20 kg,GATC30,,,,,false,,,76061190,FALSE,,INR 250.00,INR 625.00,Sales,,0.00,0.00,0.00,0.00,cm,kg,,true,,,goods,Stamping Fees above 20 kg,,,,,,,,,,GST18,18.000000,Group,IGST18,18.000000,Simple,1,,,Inactive,nos,nos,INR 200.00,Cost of Goods Sold,,,Inventory Asset,,fifo,,,,,,0.00,Inventory,true,true,true,false,false,false,,,,,,,,false,,
99381000029005441,Stamping Fees  upto 20 kg,GATC20,,,,,false,,,76061190,FALSE,,INR 150.00,INR 375.00,Sales,,0.00,0.00,0.00,0.00,cm,kg,,true,,,goods,Stamping Fees  upto 20 kg,,,,,,,,,,GST18,18.000000,Group,IGST18,18.000000,Simple,1,,,Inactive,nos,nos,INR 120.00,Cost of Goods Sold,,,Inventory Asset,,fifo,,,,,,0.00,Inventory,true,true,true,false,false,false,,,,,,,,false,,
99381000029054888,PORTABLE SCALE 40X40 DISPLAY,PSD404,,,,,true,,,84239020,FALSE,,INR 342.00,INR 855.00,Sales,,0.00,0.00,0.00,0.00,cm,kg,,true,,,goods,PORTABLE SCALE 40X40 DISPLAY,,,,,,,,,,GST18,18.000000,Group,IGST18,18.000000,Simple,1,,,Active,nos,nos,INR 258.00,Cost of Goods Sold,,,Inventory Asset,,fifo,,,,,,6.00,Inventory,true,true,true,false,false,false,,,,,,,,false,,
99381000029054911,PORTABLE SCALE 50X50 DISPLAY,PSD505,,,,,true,,,84239020,FALSE,,INR 350.00,INR 875.00,Sales,,0.00,0.00,0.00,0.00,cm,kg,,true,,,goods,PORTABLE SCALE 50X50 DISPLAY,,,,,,,,,,GST18,18.000000,Group,IGST18,18.000000,Simple,1,,,Active,nos,nos,INR 250.00,Cost of Goods Sold,,,Inventory Asset,,fifo,,,,,,10.00,Inventory,true,true,true,false,false,false,,,,,,,,false,,
99381000029079991,ECS 5W LOAD CELL FIXING PLATE,ECS862,,,,,true,,,84239020,FALSE,,INR 120.00,,Sales,,0.00,0.00,0.00,0.00,cm,kg,,true,,,goods,ECS 5W LOAD CELL FIXING PLATE,,,,,,,,,,GST18,18.000000,Group,IGST18,18.000000,Simple,1,,,Active,nos,nos,INR 92.00,Cost of Goods Sold,,,Inventory Asset,,fifo,,,,,,4.00,Inventory,true,true,true,false,false,false,,,,,,,,false,,
99381000029083014,ECS 5W CLOSING COVER,ECS863,,,,,true,,,84239020,FALSE,,INR 180.00,,Sales,,0.00,0.00,0.00,0.00,cm,kg,,true,,,goods,ECS 5W CLOSING COVER,,,,,,,,,,GST18,18.000000,Group,IGST18,18.000000,Simple,1,,,Active,nos,nos,INR 138.00,Cost of Goods Sold,,,Inventory Asset,,fifo,,,,,,5.00,Inventory,true,true,true,false,false,false,,,,,,,,false,,
99381000029408001,BENCH SCALE PRO MAX SS,BPMXSS,,,,,true,,,84238190,FALSE,"DISPLAY: 9/10 INCH
PRINTER: 58MM
PAN SIZE: 300X340 MM
BATTERY: 12V
Max : 30Kg Min : 100g e : 5g Class III
Make : SCANGLE",INR 16500.00,INR 41250.00,Sales,,0.00,0.00,0.00,0.00,cm,kg,,true,,,goods,BENCH SCALE PRO MAX (TOUCH - SS),"DISPLAY: 9/10 INCH
PRINTER: 58MM
PAN SIZE: 300X340 MM
BATTERY: 12V
Max : 30Kg Min : 100g e : 5g Class III
Make : SCANGLE",,,,,,,BILL PRINTING SCALES,,GST18,18.000000,Group,IGST18,18.000000,Simple,1,,,Active,nos,nos,INR 11925.00,Cost of Goods Sold,,"DISPLAY: 9/10 INCH
PRINTER: 58MM
PAN SIZE: 300X340 MM
BATTERY: 12V",Inventory Asset,,fifo,,,,,,0.00,Inventory,true,true,true,false,false,false,,,,,,,,false,,
99381000029666129,ECS 5W BODY - POLE,EBP5,,,,,false,,,84239020,FALSE,,INR 450.00,INR 1125.00,Sales,,0.00,0.00,0.00,0.00,cm,kg,,true,,,goods,ECS 5W BODY - POLE,,,,,,,,,,GST18,18.000000,Group,IGST18,18.000000,Simple,1,,,Active,nos,nos,INR 200.00,Cost of Goods Sold,,,Inventory Asset,,fifo,,,,,,-1.00,Inventory,true,true,true,false,false,false,,,,,,,,false,,
99381000029691187,Spare parts - MZ,SPAREP,,,,,true,,,84239020,FALSE,,INR 79561.00,INR 198902.50,Sales,,0.00,0.00,0.00,0.00,cm,kg,,true,,,goods,Spare parts - MZ,,,,,,,,,,GST18,18.000000,Group,IGST18,18.000000,Simple,1,,,Inactive,box,,INR 79561.00,Cost of Goods Sold,,,Inventory Asset,,fifo,,,,,,0.00,Inventory,true,true,true,false,false,false,,,,,,,,false,,
99381000029829009,Weighing  Scale 10Kg,KS10BAY,,,,,true,,,84238190,FALSE,Make : YES WEIGH Max: 10kg  Min : 20g e :1g Class III,INR 700.00,INR 2000.00,Sales,,0.00,0.00,0.00,0.00,cm,kg,,true,,,goods,KITCHEN SCALE 10Kg,Make : YES WEIGH Max: 10kg  Min : 20g e :1g Class III,,,,,,,WEIGHING SCALE IMPORT,,GST18,18.000000,Group,IGST18,18.000000,Simple,1,,,Active,nos,nos,INR 490.00,Cost of Goods Sold,,Make : YES WEIGH Max: 10kg  Min : 20g e :1g Class III,Inventory Asset,,fifo,,,,,,0.00,Inventory,true,true,true,false,false,false,,,,,,,,false,,
99381000029829020,Weighing Scale 5Kg,KS05BAY,,,,,true,,,84238190,FALSE,"Make : YES WEIGH Max: 5kg  Min : 10g e : 0.5g Class III
",INR 700.00,INR 2000.00,Sales,,0.00,0.00,0.00,0.00,cm,kg,,true,,,goods,KITCHEN SCALE 5Kg,"Make : YES WEIGH Max: 5kg  Min : 10g e : 0.5g Class III
",,,,,,,WEIGHING SCALE IMPORT,,GST18,18.000000,Group,IGST18,18.000000,Simple,1,,,Active,nos,nos,INR 490.00,Cost of Goods Sold,,Make : YES WEIGH Max: 5kg  Min : 10g e : 0.5g Class III,Inventory Asset,,fifo,,,,,,0.00,Inventory,true,true,true,false,false,false,,,,,,,,false,,
99381000029829054,RV Service charge,RVINC,,,,,false,,,998319,FALSE,,INR 100.00,INR 250.00,Sales,,0.00,0.00,0.00,0.00,cm,kg,false,true,,,service,RV Service charge,,,,,,,,,,GST18,18.000000,Group,IGST18,18.000000,Simple,1,,,Active,nos,nos,INR 0.00,,,,,,,,,,,,,Sales,true,false,false,false,false,false,,,,,,,,false,,
99381000029833177,ATM PC Gold,ATM30GAY,,,,,true,,,84238190,FALSE,"Make : YESWEIGH Max: 30kg  Min : 100g e : 5g Class III
Display : Green",INR 1850.00,INR 4200.00,Sales,,0.00,0.00,0.00,0.00,cm,kg,,true,,,goods,TABLE TOP SCALE PC (GREEN-AY),"Make : YESWEIGH Max: 30kg  Min : 100g e : 5g Class III
Display : Green",,,,,,,WEIGHING SCALE IMPORT,,GST18,18.000000,Group,IGST18,18.000000,Simple,1,,,Active,nos,nos,INR 1400.00,Cost of Goods Sold,,"Make : YESWEIGH Max: 30kg  Min : 100g e : 5g Class III
Display : Green",Inventory Asset,,fifo,,,,,,0.00,Inventory,true,true,true,false,false,false,,,,,,,,false,,
99381000029965001,Bench Pro P4,PROP4,,,,,false,,,998319,FALSE,,INR 500.00,INR 1250.00,Sales,,0.00,0.00,0.00,0.00,cm,kg,false,true,,,service,Bench Pro P4,,,,,,,,,,GST18,18.000000,Group,IGST18,18.000000,Simple,1,,,Inactive,nos,nos,INR 500.00,Cost of Goods Sold,,,Inventory Asset,,,,,,,,,Sales and Purchases,true,true,false,false,false,false,,,,,,,,false,,
99381000030258102,Printer Adaptor 24V,PA24,,,,,true,,,84239020,FALSE,,INR 950.00,INR 1300.00,Sales,,0.00,0.00,0.00,0.00,cm,kg,,true,,,goods,Printer Adaptor 24V,,,,,,,,,,GST18,18.000000,Group,IGST18,18.000000,Simple,1,,,Active,nos,nos,INR 700.00,Cost of Goods Sold,,,Inventory Asset,,fifo,,,,,,5.00,Inventory,true,true,true,false,false,false,,,,,,,,false,,
99381000030360012,GATC Fees upto 20kg,GRV20,,,,,false,,,998346,FALSE,,INR 150.00,INR 150.00,Sales,,0.00,0.00,0.00,0.00,cm,kg,false,true,,,service,GATC Fees upto 20kg,,,,,,,,,,GST18,18.000000,Group,IGST18,18.000000,Simple,1,,,Active,no,,INR 120.00,Stamping expenses (Labour ),,,Inventory Asset,,,,,,,,,Sales and Purchases,true,true,false,false,false,false,,,,,,,,false,,
99381000030360017,GATC Fees above 20 kg,GRV30,,,,,false,,,998346,FALSE,,INR 250.00,INR 250.00,Sales,,0.00,0.00,0.00,0.00,cm,kg,false,true,,,service,GATC Fees above 20 kg,,,,,,,,,,GST18,18.000000,Group,IGST18,18.000000,Simple,1,,,Active,no,,INR 200.00,Stamping expenses (Labour ),,,Inventory Asset,,,,,,,,,Sales and Purchases,true,true,false,false,false,false,,,,,,,,false,,
99381000030918018,Printer Bench Pro,BPR001,,,,,true,,,84239020,FALSE,,INR 1500.00,INR 2500.00,Sales,,0.00,0.00,0.00,0.00,cm,kg,,true,,,goods,Printer - Bench Pro,,,,,,,,,,GST18,18.000000,Group,IGST18,18.000000,Simple,1,,,Active,nos,nos,INR 1093.00,Cost of Goods Sold,,,Inventory Asset,,fifo,,,,,,10.00,Inventory,true,true,true,false,false,false,,,,,,,,false,,
99381000030918032,Bluetooth module Bpro,BPR002,,,,,true,,,84239020,FALSE,,INR 350.00,INR 500.00,Sales,,0.00,0.00,0.00,0.00,cm,kg,,true,,,goods,Bluetooth Module with Cable,,,,,,,,,,GST18,18.000000,Group,IGST18,18.000000,Simple,1,,,Active,nos,nos,INR 364.00,Cost of Goods Sold,,,Inventory Asset,,fifo,,,,,,10.00,Inventory,true,true,true,false,false,false,,,,,,,,false,,
99381000030918046,Motherboard Bpro,BPR003,,,,,true,,,84239020,FALSE,,INR 1500.00,INR 2500.00,Sales,,0.00,0.00,0.00,0.00,cm,kg,,true,,,goods,Motherboard -Bench Pro,,,,,,,,,,GST18,18.000000,Group,IGST18,18.000000,Simple,1,,,Active,nos,nos,INR 607.00,Cost of Goods Sold,,,Inventory Asset,,fifo,,,,,,10.00,Inventory,true,true,true,false,false,false,,,,,,,,false,,
99381000030918060,Keyboard  - Indicator 202S,KI202,,,,,true,,,84239020,FALSE,,INR 160.00,INR 400.00,Sales,,0.00,0.00,0.00,0.00,cm,kg,,true,,,goods,Keyboard  - Indicator 202S,,,,,,,,,,GST18,18.000000,Group,IGST18,18.000000,Simple,1,,,Active,nos,nos,INR 121.00,Cost of Goods Sold,,,Inventory Asset,,fifo,,,,,,210.00,Inventory,true,true,true,false,false,false,,,,,,,,false,,
99381000030918074,Socket & Cap - Indicator 202S 3Pin,SCI202,,,,,true,,,84239020,FALSE,,INR 40.00,INR 100.00,Sales,,0.00,0.00,0.00,0.00,cm,kg,,true,,,goods,3Pin Socket & Cap - Indicator 202S,,,,,,,,,,GST18,18.000000,Group,IGST18,18.000000,Simple,1,,,Active,nos,nos,INR 24.00,Cost of Goods Sold,,,Inventory Asset,,fifo,,,,,,208.00,Inventory,true,true,true,false,false,false,,,,,,,,false,,
99381000030918088,Switch - Indicator 202S,SI202,,,,,true,,,84239020,FALSE,,INR 10.00,INR 25.00,Sales,,0.00,0.00,0.00,0.00,cm,kg,,true,,,goods,Switch - Indicator 202S,,,,,,,,,,GST18,18.000000,Group,IGST18,18.000000,Simple,1,,,Inactive,nos,nos,INR 6.00,Cost of Goods Sold,,,Inventory Asset,,fifo,,,,,,0.00,Inventory,true,true,true,false,false,false,,,,,,,,false,,
99381000031042055,Calibration Screw with hole,CALSR,,,,,true,,,998717,FALSE,,INR 5.00,,Sales,,0.00,0.00,0.00,0.00,cm,kg,,true,,,goods,Calibration Screw with hole,,,,,,,,GENERIC SPARE PARTS,,GST18,18.000000,Group,IGST18,18.000000,Simple,1,,,Active,nos,nos,INR 3.50,Cost of Goods Sold,,,Inventory Asset,,fifo,,,,,,0.00,Inventory,true,true,true,false,false,false,,,,,,,,false,,
99381000031124003,ATM PC Red,ATM30RJ,,,,,true,,,84231000,FALSE,"Make : YESWEIGH Max:40kg e:5g  Class:III
Display Red",INR 1850.00,INR 4200.00,Sales,,0.00,0.00,0.00,0.00,cm,kg,,true,,,goods,PRICE COMPUTING SCALE 30KG RED (RJ),"Make :YESWEIGH Model: YSP -30
Max:40kg e:5g Min:200g Class:
III Display : Red",,,,,,,WEIGHING SCALE IMPORT,,GST18,18.000000,Group,IGST18,18.000000,Simple,1,,,Active,nos,nos,INR 1707.00,Cost of Goods Sold,,,Inventory Asset,,fifo,,,,,,4.00,Inventory,true,true,true,false,false,false,,,,,,,,false,,
99381000031254012,"SUNMI D2 15.6""",D2,,,,,true,,,84705010,FALSE,SUMMI/EN version/ Multi Touch/RK3566/RAM 4GB/ROM 64GB/android 11 ,INR 14250.00,INR 35000.00,Sales,,0.00,0.00,0.00,0.00,cm,kg,,true,,,goods,"SUNMI D2 15.6""",,,,,,,,TOUCH POS SYSTEMS,,GST18,18.000000,Group,IGST18,18.000000,Simple,1,,,Active,nos,nos,INR 12000.00,Cost of Goods Sold,,"SUMMI/EN version/ Multi Touch/RK3566/RAM 4GB/ROM 64GB/android 11 
Working Warranty only ",Inventory Asset,,fifo,,,,,,27.00,Inventory,true,true,true,false,false,false,,,,,,,,false,,
99381000031254035,BLUETOOTH HEADSET,P47,,,,,true,,,85183000,FALSE,"Connectivity: Bluetooth,Powerful Stereo Sound with Deep Bass,Built-In HD Microphone",INR 200.00,INR 500.00,Sales,,0.00,0.00,0.00,0.00,cm,kg,,true,,,goods,BLUETOOTH HEADSET,,,,,,,,GENERIC SPARE PARTS,,GST18,18.000000,Group,IGST18,18.000000,Simple,1,,,Active,nos,nos,INR 150.00,Cost of Goods Sold,,"Connectivity: Bluetooth,Powerful Stereo Sound with Deep Bass,Built-In HD Microphone",Inventory Asset,,fifo,,,,,,0.00,Inventory,true,true,true,false,false,false,,,,,,,,false,,
99381000031285013,PORTABLE SCALE 30X40,PS30X40,,,,,true,,,84238290,FALSE,,INR 2500.00,INR 6250.00,Sales,,0.00,0.00,0.00,0.00,cm,kg,,true,,,goods,PORTABLE SCALE 30X40,,,,,,,,WEIGHING SCALE IMPORT,,GST18,18.000000,Group,IGST18,18.000000,Simple,1,,,Inactive,nos,nos,INR 2000.00,Cost of Goods Sold,,,Inventory Asset,,fifo,,,,,,0.00,Inventory,true,true,true,false,false,false,,,,,,,,false,,
99381000031285057,F2 Class weight -1mg to 500g,FCWT21,,,,,true,,,84239020,FALSE,,INR 7000.00,INR 17500.00,Sales,,0.00,0.00,0.00,0.00,cm,kg,,true,,,goods,F2 Class weight -1mg to 500g,,,,,,,,,,GST18,18.000000,Group,IGST18,18.000000,Simple,1,,,Active,box,,INR 7000.00,Cost of Goods Sold,,,Inventory Asset,,fifo,,,,,,1.00,Inventory,true,true,true,false,false,false,,,,,,,,false,,
99381000031285071,F2 Class weight -2mg,F22MG,,,,,true,,,84239020,FALSE,,INR 500.00,INR 1250.00,Sales,,0.00,0.00,0.00,0.00,cm,kg,,true,,,goods,F2 Class weight -2mg,,,,,,,,,,GST18,18.000000,Group,IGST18,18.000000,Simple,1,,,Active,nos,nos,INR 500.00,Cost of Goods Sold,,,Inventory Asset,,fifo,,,,,,1.00,Inventory,true,true,true,false,false,false,,,,,,,,false,,
99381000031285085,F2 Class weight -1kg,F21KG,,,,,true,,,84239020,FALSE,,INR 1400.00,INR 3500.00,Sales,,0.00,0.00,0.00,0.00,cm,kg,,true,,,goods,F2 Class weight -1kg,,,,,,,,,,GST18,18.000000,Group,IGST18,18.000000,Simple,1,,,Active,nos,nos,INR 1400.00,Cost of Goods Sold,,,Inventory Asset,,fifo,,,,,,2.00,Inventory,true,true,true,false,false,false,,,,,,,,false,,
99381000031285104,F2 Class weight -2kg,F22KG,,,,,true,,,84239020,FALSE,,INR 2250.00,INR 5625.00,Sales,,0.00,0.00,0.00,0.00,cm,kg,,true,,,goods,F2 Class weight -2kg,,,,,,,,,,GST18,18.000000,Group,IGST18,18.000000,Simple,1,,,Active,nos,nos,INR 2250.00,Cost of Goods Sold,,,Inventory Asset,,fifo,,,,,,2.00,Inventory,true,true,true,false,false,false,,,,,,,,false,,
99381000031285118,F2 Class weight -5kg,F25KG,,,,,true,,,84239020,FALSE,,INR 3200.00,INR 8000.00,Sales,,0.00,0.00,0.00,0.00,cm,kg,,true,,,goods,F2 Class weight -5kg,,,,,,,,,,GST18,18.000000,Group,IGST18,18.000000,Simple,1,,,Active,nos,nos,INR 3200.00,Cost of Goods Sold,,,Inventory Asset,,fifo,,,,,,4.00,Inventory,true,true,true,false,false,false,,,,,,,,false,,
99381000031285132,F2 Class weight -10kg,F210KG,,,,,true,,,84239020,FALSE,,INR 5400.00,INR 13500.00,Sales,,0.00,0.00,0.00,0.00,cm,kg,,true,,,goods,F2 Class weight -10kg,,,,,,,,,,GST18,18.000000,Group,IGST18,18.000000,Simple,1,,,Active,nos,nos,INR 5400.00,Cost of Goods Sold,,,Inventory Asset,,fifo,,,,,,8.00,Inventory,true,true,true,false,false,false,,,,,,,,false,,
99381000031285146,F2 Class weight -20kg,F220KG,,,,,true,,,84239020,FALSE,,INR 9500.00,INR 23750.00,Sales,,0.00,0.00,0.00,0.00,cm,kg,,true,,,goods,F2 Class weight -20kg,,,,,,,,,,GST18,18.000000,Group,IGST18,18.000000,Simple,1,,,Active,nos,nos,INR 9500.00,Cost of Goods Sold,,,Inventory Asset,,fifo,,,,,,10.00,Inventory,true,true,true,false,false,false,,,,,,,,false,,
99381000031359088,CHOTTU STICKER SET,CHOTT1,,,,,true,,,39199010,FALSE,,INR 30.00,INR 75.00,Sales,,0.00,0.00,0.00,0.00,cm,kg,,true,,,goods,CHOTTU STICKER SET,,,,,,,,,,GST18,18.000000,Group,IGST18,18.000000,Simple,1,,,Active,nos,nos,INR 21.00,Cost of Goods Sold,,,Inventory Asset,,fifo,,,,,,505.00,Inventory,true,true,true,false,false,false,,,,,,,,false,,
99381000031359125,CHOTTU KEYPAD STICKER,CHOTTU,,,,,true,,,39199010,FALSE,,INR 20.00,INR 50.00,Sales,,0.00,0.00,0.00,0.00,cm,kg,,true,,,goods,CHOTTU KEYPAD STICKER,,,,,,,,GENERIC SPARE PARTS,,GST18,18.000000,Group,IGST18,18.000000,Simple,1,,,Active,nos,nos,INR 13.00,Cost of Goods Sold,,,Inventory Asset,,fifo,,,,,,24.00,Inventory,true,true,true,false,false,false,,,,,,,,false,,
99381000031418005,REAR DISPLAY CASE AI Pos,ASRDC,,,,,true,,,81239020,FALSE,,INR 220.00,INR 550.00,Sales,,0.00,0.00,0.00,0.00,cm,kg,,true,,,goods,AI SCALE EXTRA DISPLAY CASE,,,,,,,,,,GST18,18.000000,Group,IGST18,18.000000,Simple,1,,,Active,nos,nos,INR 190.00,Cost of Goods Sold,,,Inventory Asset,,fifo,,,,,,20.00,Inventory,true,true,true,false,false,false,,,,,,,,false,,
99381000031421049,Cord wire UK Pin,PWCUK,,,,,true,,,84239020,FALSE,,INR 75.00,INR 475.00,Sales,,0.00,0.00,0.00,0.00,cm,kg,,true,,,goods,POWERCODE  UK PIN,,,,,,,,,,GST18,18.000000,Group,IGST18,18.000000,Simple,1,,,Active,nos,nos,INR 0.00,Cost of Goods Sold,,,Inventory Asset,,fifo,,,,,,10.00,Inventory,true,true,true,false,false,false,,,,,,,,false,,
99381000031438752,PLATFORM Load Cell 800kg,PFPC800,,,,,true,,,84239020,FALSE,,INR 850.00,,Sales,,0.00,0.00,0.00,0.00,cm,kg,,true,,,goods,PLATFORM Load Cell 800kg,,,,,,,,,,GST18,18.000000,Group,IGST18,18.000000,Simple,1,,,Active,nos,nos,INR 650.00,Cost of Goods Sold,,,Inventory Asset,,fifo,,,,,,0.00,Inventory,true,true,true,false,false,false,,,,,,,,false,,
99381000031438766,JW Back Display,BS0505,,,,,true,,,84239020,FALSE,,INR 450.00,,Sales,,0.00,0.00,0.00,0.00,cm,kg,,true,,,goods,JW Back Display,,,,,,,,,,GST18,18.000000,Group,IGST18,18.000000,Simple,1,,,Active,nos,nos,INR 300.00,Cost of Goods Sold,,,Inventory Asset,,fifo,,,,,,0.00,Inventory,true,true,true,false,false,false,,,,,,,,false,,
99381000031442555,Q10 DOT MATRIX DISPLAY SET,Q10DOT,,,,,true,,,84239020,FALSE,,INR 1350.00,,Sales,,0.00,0.00,0.00,0.00,cm,kg,,true,,,goods,Q10 DOT MATRIX DISPLAY SET,,,,,,,,,,GST18,18.000000,Group,IGST18,18.000000,Simple,1,,,Active,nos,nos,INR 1050.00,Cost of Goods Sold,,,Inventory Asset,,fifo,,,,,,0.00,Inventory,true,true,true,false,false,false,,,,,,,,false,,
99381000031442569,POWERSUPPLY TO SMPS CONNECTOR,SMPSCON,,,,,true,,,84239020,FALSE,,INR 15.00,,Sales,,0.00,0.00,0.00,0.00,cm,kg,,true,,,goods,POWERSUPPLY TO SMPS CONNECTOR,,,,,,,,,,GST18,18.000000,Group,IGST18,18.000000,Simple,1,,,Active,nos,nos,INR 10.00,Cost of Goods Sold,,,Inventory Asset,,fifo,,,,,,0.00,Inventory,true,true,true,false,false,false,,,,,,,,false,,
99381000031442583,IND202 DUST COVER,IND202DUST,,,,,true,,,84239020,FALSE,,INR 20.00,,Sales,,0.00,0.00,0.00,0.00,cm,kg,,true,,,goods,IND202 DUST COVER,,,,,,,,,,GST18,18.000000,Group,IGST18,18.000000,Simple,1,,,Active,nos,nos,INR 12.00,Cost of Goods Sold,,,Inventory Asset,,fifo,,,,,,0.00,Inventory,true,true,true,false,false,false,,,,,,,,false,,
99381000031442597,YSA ANALYTICAL PAN,YSAPAN,,,,,true,,,84239020,FALSE,,INR 130.00,,Sales,,0.00,0.00,0.00,0.00,cm,kg,,true,,,goods,YSA ANALYTICAL PAN,,,,,,,,,,GST18,18.000000,Group,IGST18,18.000000,Simple,1,,,Active,nos,nos,INR 105.00,Cost of Goods Sold,,,Inventory Asset,,fifo,,,,,,0.00,Inventory,true,true,true,false,false,false,,,,,,,,false,,
99381000031442611,BEN PLT FRONT STICKER,BENSTR,,,,,true,,,84239020,FALSE,,INR 20.00,,Sales,,0.00,0.00,0.00,0.00,cm,kg,,true,,,goods,BEN PLT FRONT STICKER,,,,,,,,,,GST18,18.000000,Group,IGST18,18.000000,Simple,1,,,Active,nos,nos,INR 12.00,Cost of Goods Sold,,,Inventory Asset,,fifo,,,,,,0.00,Inventory,true,true,true,false,false,false,,,,,,,,false,,
99381000031442625,VIBRANT BATTERY CAP,VIBCAP,,,,,true,,,84239020,FALSE,,INR 20.00,,Sales,,0.00,0.00,0.00,0.00,cm,kg,,true,,,goods,VIBRANT BATTERY CAP,,,,,,,,,,GST18,18.000000,Group,IGST18,18.000000,Simple,1,,,Active,nos,nos,INR 15.00,Cost of Goods Sold,,,Inventory Asset,,fifo,,,,,,0.00,Inventory,true,true,true,false,false,false,,,,,,,,false,,
99381000031442639,ATM PC BOTTOM BATTERY CAP,ATMBATCAP,,,,,true,,,84239020,FALSE,,INR 20.00,,Sales,,0.00,0.00,0.00,0.00,cm,kg,,true,,,goods,ATM PC BOTTOM BATTERY CAP,,,,,,,,,,GST18,18.000000,Group,IGST18,18.000000,Simple,1,,,Active,nos,nos,INR 15.00,Cost of Goods Sold,,,Inventory Asset,,fifo,,,,,,0.00,Inventory,true,true,true,false,false,false,,,,,,,,false,,
99381000031442653,ATMPCP MASKING STICKER FRONT,ATMPCPMASSTIKFRONT,,,,,true,,,84239020,FALSE,,INR 5.00,,Sales,,0.00,0.00,0.00,0.00,cm,kg,,true,,,goods,ATMPCP MASKING STICKER FRONT,,,,,,,,,,GST18,18.000000,Group,IGST18,18.000000,Simple,1,,,Active,nos,nos,INR 3.00,Cost of Goods Sold,,,Inventory Asset,,fifo,,,,,,0.00,Inventory,true,true,true,false,false,false,,,,,,,,false,,
99381000031442667,ATMPCP MASKING STICKER BACK,ATMPCPMASSTIKBACK,,,,,true,,,84239020,FALSE,,INR 5.00,,Sales,,0.00,0.00,0.00,0.00,cm,kg,,true,,,goods,ATMPCP MASKING STICKER BACK,,,,,,,,,,GST18,18.000000,Group,IGST18,18.000000,Simple,1,,,Active,nos,nos,INR 3.00,Cost of Goods Sold,,,Inventory Asset,,fifo,,,,,,0.00,Inventory,true,true,true,false,false,false,,,,,,,,false,,
99381000031442758,BY WATERPROOF FRONT DISPLAY STICKER,BYW01,,,,,true,,,84239020,FALSE,,INR 20.00,,Sales,,0.00,0.00,0.00,0.00,cm,kg,,true,,,goods,BY WATERPROOF FRONT DISPLAY STICKER,,,,,,,,,,GST18,18.000000,Group,IGST18,18.000000,Simple,1,,,Active,nos,nos,INR 12.00,Cost of Goods Sold,,,Inventory Asset,,fifo,,,,,,0.00,Inventory,true,true,true,false,false,false,,,,,,,,false,,
99381000031442772,BY WATERPROOF BACK DISPLAY STICKER,BYW02,,,,,true,,,84239020,FALSE,,INR 20.00,,Sales,,0.00,0.00,0.00,0.00,cm,kg,,true,,,goods,BY WATERPROOF BACK DISPLAY STICKER,,,,,,,,,,GST18,18.000000,Group,IGST18,18.000000,Simple,1,,,Active,nos,nos,INR 12.00,Cost of Goods Sold,,,Inventory Asset,,fifo,,,,,,0.00,Inventory,true,true,true,false,false,false,,,,,,,,false,,
99381000031442786,BY WATERPROOF KEYPAD STICKER,BYW03,,,,,true,,,84239020,FALSE,,INR 20.00,,Sales,,0.00,0.00,0.00,0.00,cm,kg,,true,,,goods,BY WATERPROOF KEYPAD STICKER,,,,,,,,,,GST18,18.000000,Group,IGST18,18.000000,Simple,1,,,Active,nos,nos,INR 12.00,Cost of Goods Sold,,,Inventory Asset,,fifo,,,,,,0.00,Inventory,true,true,true,false,false,false,,,,,,,,false,,
99381000031453247,BENCH STRUCTURE CAP,BSCAP,,,,,true,,,84239020,FALSE,,INR 5.00,,Sales,,0.00,0.00,0.00,0.00,cm,kg,,true,,,goods,BENCH STRUCTURE CAP,,,,,,,,,,GST18,18.000000,Group,IGST18,18.000000,Simple,1,,,Active,nos,nos,INR 3.00,Cost of Goods Sold,,,Inventory Asset,,fifo,,,,,,0.00,Inventory,true,true,true,false,false,false,,,,,,,,false,,
99381000031453261,Q9LBL LOADCELL FIXING PLATE,Q9LCFP,,,,,true,,,84239020,FALSE,,INR 60.00,,Sales,,0.00,0.00,0.00,0.00,cm,kg,,true,,,goods,Q9LBL LOADCELL FIXING PLATE,,,,,,,,,,GST18,18.000000,Group,IGST18,18.000000,Simple,1,,,Active,nos,nos,INR 45.00,Cost of Goods Sold,,,Inventory Asset,,fifo,,,,,,0.00,Inventory,true,true,true,false,false,false,,,,,,,,false,,
99381000031453275,SAFAL VIBRANT STICKER,SFLSTCK,,,,,true,,,84239020,FALSE,,INR 2.00,,Sales,,0.00,0.00,0.00,0.00,cm,kg,,true,,,goods,SAFAL VIBRANT STICKER,,,,,,,,,,GST18,18.000000,Group,IGST18,18.000000,Simple,1,,,Active,nos,nos,INR 1.00,Cost of Goods Sold,,,Inventory Asset,,fifo,,,,,,0.00,Inventory,true,true,true,false,false,false,,,,,,,,false,,
99381000031453289,YESWEIGH DOOM STICKER,YDOMSTCK,,,,,true,,,84239020,FALSE,,INR 5.00,,Sales,,0.00,0.00,0.00,0.00,cm,kg,,true,,,goods,YESWEIGH DOOM STICKER,,,,,,,,,,GST18,18.000000,Group,IGST18,18.000000,Simple,1,,,Active,nos,nos,INR 3.00,Cost of Goods Sold,,,Inventory Asset,,fifo,,,,,,0.00,Inventory,true,true,true,false,false,false,,,,,,,,false,,
99381000031453303,Portable scale rear display,PRCCKNBACK,,,,,true,,,84239020,FALSE,,INR 180.00,INR 450.00,Sales,,0.00,0.00,0.00,0.00,cm,kg,,true,,,goods,PRC CHICKEN SCALE BACK DISPLAY (PUSHPAK),,,,,,,,,,GST18,18.000000,Group,IGST18,18.000000,Simple,1,,,Active,nos,nos,INR 150.00,Cost of Goods Sold,,,Inventory Asset,,fifo,,,,,,0.00,Inventory,true,true,true,false,false,false,,,,,,,,false,,
99381000031453317,ECS5W POLE CONNECTOR PCB,ECSPOLECON,,,,,true,,,84239020,FALSE,,INR 120.00,,Sales,,0.00,0.00,0.00,0.00,cm,kg,,true,,,goods,ECS5W POLE CONNECTOR PCB,,,,,,,,,,GST18,18.000000,Group,IGST18,18.000000,Simple,1,,,Active,nos,nos,INR 80.00,Cost of Goods Sold,,,Inventory Asset,,fifo,,,,,,0.00,Inventory,true,true,true,false,false,false,,,,,,,,false,,
99381000031453331,BENCH PC BLACK FRONT STIKCER,BY5039EFRNTSTCKR,,,,,true,,,84239020,FALSE,,INR 80.00,,Sales,,0.00,0.00,0.00,0.00,cm,kg,,true,,,goods,BENCH PC BLACK FRONT STIKCER,,,,,,,,,,GST18,18.000000,Group,IGST18,18.000000,Simple,1,,,Active,nos,nos,INR 50.00,Cost of Goods Sold,,,Inventory Asset,,fifo,,,,,,0.00,Inventory,true,true,true,false,false,false,,,,,,,,false,,
99381000031453652,DISPLAY DIGIT,DISDGT,,,,,true,,,84239020,FALSE,,INR 1.00,,Sales,,0.00,0.00,0.00,0.00,cm,kg,,true,,,goods,DISPLAY DIGIT,,,,,,,,,,GST18,18.000000,Group,IGST18,18.000000,Simple,1,,,Active,nos,nos,INR 1.00,Cost of Goods Sold,,,Inventory Asset,,fifo,,,,,,0.00,Inventory,true,true,true,false,false,false,,,,,,,,false,,
99381000031453667,Capacitor 1000 µF,CAP1000,,,,,true,,,85322200,FALSE,,INR 15.00,,Sales,,0.00,0.00,0.00,0.00,cm,kg,,true,,,goods,Capacitor 1000 µF,,,,,,,,,,GST18,18.000000,Group,IGST18,18.000000,Simple,1,,,Active,nos,nos,INR 10.00,Cost of Goods Sold,,,Inventory Asset,,fifo,,,,,,0.00,Inventory,true,true,true,false,false,false,,,,,,,,false,,
99381000031453681,Capacitor 470 µF,CAP470,,,,,true,,,85322200,FALSE,,INR 15.00,,Sales,,0.00,0.00,0.00,0.00,cm,kg,,true,,,goods,Capacitor 470 µF,,,,,,,,,,GST18,18.000000,Group,IGST18,18.000000,Simple,1,,,Active,nos,nos,INR 10.00,Cost of Goods Sold,,,Inventory Asset,,fifo,,,,,,0.00,Inventory,true,true,true,false,false,false,,,,,,,,false,,
99381000031453696,Transistor,TRANS,,,,,true,,,85412100,FALSE,,INR 5.00,,Sales,,0.00,0.00,0.00,0.00,cm,kg,,true,,,goods,Transistor,,,,,,,,,,GST18,18.000000,Group,IGST18,18.000000,Simple,1,,,Active,nos,nos,INR 2.00,Cost of Goods Sold,,,Inventory Asset,,fifo,,,,,,0.00,Inventory,true,true,true,false,false,false,,,,,,,,false,,
99381000031453711,Resistor 1.5ohm,RESISTOR,,,,,true,,,85331000,FALSE,,INR 2.00,,Sales,,0.00,0.00,0.00,0.00,cm,kg,,true,,,goods,Resistor 1.5ohm,,,,,,,,,,GST18,18.000000,Group,IGST18,18.000000,Simple,1,,,Active,nos,nos,INR 1.00,Cost of Goods Sold,,,Inventory Asset,,fifo,,,,,,0.00,Inventory,true,true,true,false,false,false,,,,,,,,false,,
99381000031453726,DC ADAPTOR 8V,ADAPTOR8V,,,,,true,,,85044090,FALSE,,INR 200.00,INR 500.00,Sales,,0.00,0.00,0.00,0.00,cm,kg,,true,,,goods,AC/DC ADAPTOR 8V,,,,,,,,,,GST18,18.000000,Group,IGST18,18.000000,Simple,1,,,Active,nos,nos,INR 150.00,Cost of Goods Sold,,,Inventory Asset,,fifo,,,,,,0.00,Inventory,true,true,true,false,false,false,,,,,,,,false,,
99381000031453741,BUZZER,15,,,,,true,,,85318000,FALSE,,INR 15.00,,Sales,,0.00,0.00,0.00,0.00,cm,kg,,true,,,goods,BUZZER,,,,,,,,,,GST18,18.000000,Group,IGST18,18.000000,Simple,1,,,Active,nos,nos,INR 10.00,Cost of Goods Sold,,,Inventory Asset,,fifo,,,,,,0.00,Inventory,true,true,true,false,false,false,,,,,,,,false,,
99381000031453756,RS232 TO RJ11 CABLE,RS232RJ11,,,,,true,,,85444299,FALSE,,INR 150.00,,Sales,,0.00,0.00,0.00,0.00,cm,kg,,true,,,goods,RS232 TO RJ11 CABLE,,,,,,,,,,GST18,18.000000,Group,IGST18,18.000000,Simple,1,,,Active,nos,nos,INR 100.00,Cost of Goods Sold,,,Inventory Asset,,fifo,,,,,,0.00,Inventory,true,true,true,false,false,false,,,,,,,,false,,
99381000031453770,DC ADAPTOR 6V 500MA,ADAPTOR6V,,,,,true,,,85044090,FALSE,,INR 200.00,INR 500.00,Sales,,0.00,0.00,0.00,0.00,cm,kg,,true,,,goods,AC/DC ADAPTOR 6V 500MA,,,,,,,,,,GST18,18.000000,Group,IGST18,18.000000,Simple,1,,,Active,nos,nos,INR 150.00,Cost of Goods Sold,,,Inventory Asset,,fifo,,,,,,0.00,Inventory,true,true,true,false,false,false,,,,,,,,false,,
99381000031453784,AC/DC ADAPTOR 7.4V 500MA,ADAPTOR7V,,,,,true,,,85044090,FALSE,,INR 200.00,,Sales,,0.00,0.00,0.00,0.00,cm,kg,,true,,,goods,AC/DC ADAPTOR 7.4V 500MA,,,,,,,,,,GST18,18.000000,Group,IGST18,18.000000,Simple,1,,,Active,nos,nos,INR 150.00,Cost of Goods Sold,,,Inventory Asset,,fifo,,,,,,0.00,Inventory,true,true,true,false,false,false,,,,,,,,false,,
99381000031453798,DC ADAPTOR 12 1A,ADAPTOR12V,,,,,true,,,85044090,FALSE,,INR 200.00,INR 500.00,Sales,,0.00,0.00,0.00,0.00,cm,kg,,true,,,goods,AC/DC ADAPTOR 12 1A,,,,,,,,,,GST18,18.000000,Group,IGST18,18.000000,Simple,1,,,Active,nos,nos,INR 150.00,Cost of Goods Sold,,,Inventory Asset,,fifo,,,,,,0.00,Inventory,true,true,true,false,false,false,,,,,,,,false,,
99381000031453812,DC ADAPTOR 9V 3A,ADAPTOR9V,,,,,true,,,85044090,FALSE,,INR 300.00,INR 750.00,Sales,,0.00,0.00,0.00,0.00,cm,kg,,true,,,goods,AC/DC ADAPTOR 9V 3A,,,,,,,,,,GST18,18.000000,Group,IGST18,18.000000,Simple,1,,,Active,nos,nos,INR 225.00,Cost of Goods Sold,,,Inventory Asset,,fifo,,,,,,0.00,Inventory,true,true,true,false,false,false,,,,,,,,false,,
99381000031453827,PRESSFIT SWITCH WITH WIRE,PRSWITCH,,,,,true,,,85365020,FALSE,,INR 40.00,,Sales,,0.00,0.00,0.00,0.00,cm,kg,,true,,,goods,PRESSFIT SWITCH WITH WIRE,,,,,,,,,,GST18,18.000000,Group,IGST18,18.000000,Simple,1,,,Active,nos,nos,INR 25.00,Cost of Goods Sold,,,Inventory Asset,,fifo,,,,,,0.00,Inventory,true,true,true,false,false,false,,,,,,,,false,,
99381000031453842,ECS GAP CONNCTOR BOTTOM,ECSGAPCON,,,,,true,,,85369090,FALSE,,INR 20.00,,Sales,,0.00,0.00,0.00,0.00,cm,kg,,true,,,goods,ECS GAP CONNCTOR BOTTOM,,,,,,,,,,GST18,18.000000,Group,IGST18,18.000000,Simple,1,,,Active,nos,nos,INR 10.00,Cost of Goods Sold,,,Inventory Asset,,fifo,,,,,,0.00,Inventory,true,true,true,false,false,false,,,,,,,,false,,
99381000031453856,STICKER INDIAN STANDRAD,INDSTCKR,,,,,true,,,84239020,FALSE,,INR 2.00,INR 5.00,Sales,,0.00,0.00,0.00,0.00,cm,kg,,true,,,goods,STICKER INDIAN STANDRAD,,,,,,,,,,GST18,18.000000,Group,IGST18,18.000000,Simple,1,,,Active,nos,nos,INR 2.00,Cost of Goods Sold,,,Inventory Asset,,fifo,,,,,,0.00,Inventory,true,true,true,false,false,false,,,,,,,,false,,
99381000031421165,Table top scale,ACS30RAD,,,,,true,,,84231000,FALSE,,INR 1300.00,INR 3800.00,Sales,,0.00,0.00,0.00,0.00,cm,kg,,true,,,goods,Table top scale,"Max : 30kg E:5g Min:100g Class III
",,,,,,,WEIGHING SCALE IMPORT,,GST18,18.000000,Group,IGST18,18.000000,Simple,1,,,Active,no,,INR 800.00,Cost of Goods Sold,,,Inventory Asset,,fifo,200.00,,,,,0.00,Inventory,true,true,true,false,false,false,,,,,,,,false,,
99381000031436108,Sunmi D2 Mini,D2MINI,,,,,true,,,,FALSE,"Android 8.1 SUNMI OS,8GB ROM+2GB RAM 10.1""Support BT 2.1/3.0/4.2,Printer :58mm",INR 15400.00,INR 25000.00,Sales,,0.00,0.00,0.00,0.00,cm,kg,,true,,,goods,Sunmi D2 Min,,,,,,,,TOUCH POS SYSTEMS,,GST18,18.000000,Group,IGST18,18.000000,Simple,12,,,Active,no,,INR 13000.00,Cost of Goods Sold,,"Android 8.1 SUNMI OS,8GB ROM+2GB RAM 10.1""Support BT 2.1/3.0/4.2,Printer :58mm",Inventory Asset,,fifo,,,,,,0.00,Inventory,true,true,true,false,false,false,,,,,,,,false,,
99381000031522703,ECS 5W STICKER SET,ECSS1,,,,,true,,,84239020,FALSE,,INR 290.00,INR 600.00,Sales,,0.00,0.00,0.00,0.00,cm,kg,,true,,,goods,ECS 5W STICKER SET,,,,,,,,GENERIC SPARE PARTS,,GST18,18.000000,Group,IGST18,18.000000,Simple,1,,,Active,nos,nos,INR 215.00,Cost of Goods Sold,,,Inventory Asset,,fifo,,,,,,35.00,Inventory,true,true,true,false,false,false,,,,,,,,false,,
99381000031522718,Q9LBL STICKER SET,Q9LS1,,,,,true,,,84239020,FALSE,,INR 290.00,INR 600.00,Sales,,0.00,0.00,0.00,0.00,cm,kg,,true,,,goods,Q9LBL STICKER SET,,,,,,,,GENERIC SPARE PARTS,,GST18,18.000000,Group,IGST18,18.000000,Simple,1,,,Active,nos,nos,INR 215.00,Cost of Goods Sold,,,Inventory Asset,,fifo,,,,,,35.00,Inventory,true,true,true,false,false,false,,,,,,,,false,,
99381000031557085,ATM PC Green,ATM30GRJ,,,,,true,,,84231000,FALSE,"Make : YESWEIGH Max:40kg e:5g  Class:III
Display Red",INR 1900.00,INR 4200.00,Sales,,0.00,0.00,0.00,0.00,cm,kg,,true,,,goods,ATM PC Green,"Make :YESWEIGH Model: YSP -30
Max:40kg e:5g Min:200g Class:
III Display : Green",,,,,,,WEIGHING SCALE IMPORT,,GST18,18.000000,Group,IGST18,18.000000,Simple,1,,,Active,nos,nos,INR 1750.00,Cost of Goods Sold,,,Inventory Asset,,fifo,,,,,,10.00,Inventory,true,true,true,false,false,false,,,,,,,,false,,
99381000031589001,Printer A14,PRTA14,,,,,true,,,84705010,FALSE,,INR 5500.00,,Sales,,0.00,0.00,0.00,0.00,cm,kg,,true,,,goods,Printer A14,,,,,,,,,,GST18,18.000000,Group,IGST18,18.000000,Simple,1,,,Active,no,,INR 4500.00,Cost of Goods Sold,,,Inventory Asset,,fifo,,,,,,0.00,Inventory,true,true,true,false,false,true,,,,,,,,false,,
99381000031589015,Printer Head A14,HDA14,,,,,true,,,84705010,FALSE,,INR 3500.00,,Sales,,0.00,0.00,0.00,0.00,cm,kg,,true,,,goods,Printer Head A14,,,,,,,,,,GST18,18.000000,Group,IGST18,18.000000,Simple,1,,,Active,no,,INR 2500.00,Cost of Goods Sold,,,Inventory Asset,,fifo,,,,,,0.00,Inventory,true,true,true,false,false,true,,,,,,,,false,,
99381000031589029,FRC wire CCM,FRCCM,,,,,false,,,84239020,FALSE,,INR 100.00,INR 200.00,Sales,,0.00,0.00,0.00,0.00,cm,kg,,true,,,goods,FRC wire CCM,,,,,,,,,,GST18,18.000000,Group,IGST18,18.000000,Simple,1,,,Active,nos,nos,INR 50.00,Cost of Goods Sold,,,Inventory Asset,,fifo,,,,,,0.00,Inventory,true,true,true,false,false,false,,,,,,,,false,,
99381000031589043,Sticker Portable scale SF,STCHSF,,,,,true,,,84239020,FALSE,,INR 40.00,INR 100.00,Sales,,0.00,0.00,0.00,0.00,cm,kg,,true,,,goods,Sticker Portable scale SF,,,,,,,,,,GST18,18.000000,Group,IGST18,18.000000,Simple,1,,,Active,nos,nos,INR 20.00,Cost of Goods Sold,,,Inventory Asset,,fifo,,,,,,0.00,Inventory,true,true,true,false,false,false,,,,,,,,false,,
99381000031589094,Q9LBL Printer Metal Parts,Q9PMT,,,,,false,,,84239020,FALSE,,INR 200.00,,Sales,,0.00,0.00,0.00,0.00,cm,kg,,true,,,goods,Q9LBL Printer Metal Parts,,,,,,,,,,GST18,18.000000,Group,IGST18,18.000000,Simple,1,,,Active,nos,nos,INR 150.00,Cost of Goods Sold,,,Inventory Asset,,fifo,,,,,,0.00,Inventory,true,true,true,false,false,false,,,,,,,,false,,
99381000031630229,RETSOL BARCODE SCANNER 2D -PD200,PD2000,,,,,true,,,84716050,FALSE,"Barcode Scanner 2D
With usb",INR 3320.00,INR 5500.00,Sales,,0.00,0.00,0.00,0.00,cm,kg,,true,,,goods,RETSOL BARCODE SCANNER 2D -PD200,,,,,,,,PRINTERS & SCANNERS,,GST18,18.000000,Group,IGST18,18.000000,Simple,1,,,Active,nos,nos,INR 2800.00,Cost of Goods Sold,,"Barcode Scanner 2D
With usb",Inventory Asset,,fifo,,,,,,0.00,Inventory,true,true,true,false,false,false,,,,,,,,false,,
99381000031630248,Pallet Scale Indicator,PSCIND,,,,,true,,,84238190,FALSE,,INR 2800.00,,Sales,,0.00,0.00,0.00,0.00,cm,kg,,true,,,goods,Pallet Scale Indicator,,,,,,,,GENERIC SPARE PARTS,,GST18,18.000000,Group,IGST18,18.000000,Simple,1,,,Active,nos,nos,INR 2150.00,Cost of Goods Sold,,,Inventory Asset,,fifo,,,,,,0.00,Inventory,true,true,true,false,false,false,,,,,,,,false,,
99381000031630281,TSC BARCODE LABEL PRINTER TL 240,TL240,,,,,true,,,84433290,FALSE,"DRAM 64MB/FLASH 16MB, USB 2.0, IN PRINTER
Printer Warranty: 1 year
Printer Head warranty: 25 kms or 6 Months whichever is earlier
Printer Power supply Warranty: 3 Months",INR 9400.00,,Sales,,0.00,0.00,0.00,0.00,cm,kg,,true,,,goods,TSC BARCODE LABEL PRINTER TL 240,,,,,,,,PRINTERS & SCANNERS,,GST18,18.000000,Group,IGST18,18.000000,Simple,1,,,Active,nos,nos,INR 7900.00,Cost of Goods Sold,,"DRAM 64MB/FLASH 16MB, USB 2.0, IN PRINTER
Printer Warranty: 1 year
Printer Head warranty: 25 kms or 6 Months whichever is earlier
Printer Power supply Warranty: 3 Months",Inventory Asset,,fifo,,,,,,0.00,Inventory,true,true,true,false,false,false,,,,,,,,false,,
99381000031630316,TSC DESKTOP THERMAL TRANSFER BARCODE PRINTER TA220TL 240,TA220,,,,,true,,,84433290,FALSE,"Printer Warranty: 1 year
Printer Head warranty: 25 kms or 6 Months whichever is earlier
Printer Power supply Warranty: 3 Months Warranty: 3 Months",INR 14000.00,,Sales,,0.00,0.00,0.00,0.00,cm,kg,,true,,,goods,TSC DESKTOP THERMAL TRANSFER BARCODE PRINTER TA220TL 240,,,,,,,,PRINTERS & SCANNERS,,GST18,18.000000,Group,IGST18,18.000000,Simple,1,,,Active,nos,nos,INR 11750.00,Cost of Goods Sold,,"Printer Warranty: 1 year
Printer Head warranty: 25 kms or 6 Months whichever is earlier
Printer Power supply Warranty: 3 Months",Inventory Asset,,fifo,,,,,,0.00,Inventory,true,true,true,false,false,false,,,,,,,,false,,
99381000031675080,GATC Stamping Fees above 20kg,GATC50,,,,,false,,,998346,FALSE,,INR 300.00,,Sales,,0.00,0.00,0.00,0.00,cm,kg,false,true,,,service,GATC Stamping Fees above 20kg,,,,,,,,,,GST18,18.000000,Group,IGST18,18.000000,Simple,1,,,Active,nos,nos,INR 200.00,Cost of Goods Sold,,,Inventory Asset,,,,,,,,,Sales and Purchases,true,true,false,false,false,false,,,,,,,,false,,
99381000031675092,GATC Stamping Fees Up to 20kg,GATC10,,,,,false,,,998346,FALSE,,INR 200.00,,Sales,,0.00,0.00,0.00,0.00,cm,kg,false,true,,,service,GATC Stamping Fees Up to 20kg,,,,,,,,,,GST18,18.000000,Group,IGST18,18.000000,Simple,1,,,Active,nos,nos,INR 120.00,Cost of Goods Sold,,,Inventory Asset,,,,,,,,,Sales and Purchases,true,true,false,false,false,false,,,,,,,,false,,
99381000031675117,SERVICE CHARGES,SEC,,,,,false,,,998719,FALSE,,INR 750.00,,Sales,,0.00,0.00,0.00,0.00,cm,kg,false,true,,,service,SERVICE CHARGES,,,,,,,,,,GST18,18.000000,Group,IGST18,18.000000,Simple,1,,,Active,Lumpsum,,INR 0.00,Cost of Goods Sold,,,Inventory Asset,,,,,,,,,Sales and Purchases,true,true,false,false,false,false,,,,,,,,false,,
99381000031675143,ST COURIER FREIGHT,STFRC,,,,,false,,,996812,FALSE,,INR 9.00,,Sales,,0.00,0.00,0.00,0.00,cm,kg,false,true,,,service,ST COURIER FREIGHT,,,,,,,,,,GST18,18.000000,Group,IGST18,18.000000,Simple,1,,,Active,kg,,INR 0.00,Cost of Goods Sold,,,Inventory Asset,,,,,,,,,Sales and Purchases,true,true,false,false,false,false,,,,,,,,false,,
99381000031675164,TRACKON COURIER FREIGHT,TRFRC,,,,,false,,,996812,FALSE,,INR 0.00,,Sales,,0.00,0.00,0.00,0.00,cm,kg,false,true,,,service,TRACKON COURIER FREIGHT,,,,,,,,,,GST18,18.000000,Group,IGST18,18.000000,Simple,1,,,Active,Lumpsum,,INR 0.00,Cost of Goods Sold,,,Inventory Asset,,,,,,,,,Sales and Purchases,true,true,false,false,false,false,,,,,,,,false,,
99381000031675199,DELHIVERY COURIER FREIGHT,DELFRC,,,,,false,,,996812,FALSE,,INR 0.00,,Sales,,0.00,0.00,0.00,0.00,cm,kg,false,true,,,service,DELHIVERY COURIER FREIGHT,,,,,,,,,,GST18,18.000000,Group,IGST18,18.000000,Simple,1,,,Active,Lumpsum,,INR 0.00,Cost of Goods Sold,,,Inventory Asset,,,,,,,,,Sales and Purchases,true,true,false,false,false,false,,,,,,,,false,,
99381000031675218,OTHERS FREIGHT CHARGES,FRC,,,,,false,,,996812,FALSE,,INR 0.00,,Sales,,0.00,0.00,0.00,0.00,cm,kg,false,true,,,service,OTHERS FREIGHT CHARGES,,,,,,,,,,GST18,18.000000,Group,IGST18,18.000000,Simple,1,,,Active,Lumpsum,,INR 0.00,Cost of Goods Sold,,,Inventory Asset,,,,,,,,,Sales and Purchases,true,true,false,false,false,false,,,,,,,,false,,
99381000031703152,Self Adhesive Tape,TAPE,,,,,true,,,39191000,FALSE,,INR 110.00,,Sales,,0.00,0.00,0.00,0.00,cm,kg,,true,,,goods,Self Adhesive Tape,,,,,,,,GENERIC SPARE PARTS,,GST18,18.000000,Group,IGST18,18.000000,Simple,1,,,Active,nos,nos,INR 82.39,Cost of Goods Sold,,,Inventory Asset,,fifo,,,,,,72.00,Inventory,true,true,true,false,false,false,,,,,,,,false,,
