Purchase Order ID,Purchase Order Date,Branch ID,Branch Name,Delivery Date,Purchase Order Number,Reference#,Purchase Order Status,Vendor Name,HSN/SAC,Is Tax Calculated on Label Price,Source of Supply,Destination of Supply,GST Treatment,GST Identification Number (GSTIN),Is Inclusive Tax,Currency Code,Exchange Rate,Template Name,Reference No,Delivery Instructions,Terms & Conditions,Shipment preference,Expected Arrival Date,Account,Account Code,Item Price,Item Name,Product ID,SKU,UPC,MPN,EAN,ISBN,Item Desc,QuantityOrdered,QuantityCancelled,QuantityReceived,QuantityBilled,Usage unit,Warehouse Name,Discount Type,Is Discount Before Tax,Discount,Discount Amount,Tax ID,Item Tax,Item Tax %,Item Tax Amount,Item Tax Type,Item Exemption Code,Item Type,Reverse Charge Tax Name,Reverse Charge Tax Rate,Reverse Charge Tax Type,Item Total,Total,Adjustment,Adjustment Description,Entity Discount Percent,Entity Discount Amount,Discount Account,Discount Account Code,Supply Type,MRP,Loaction,Project ID,Project Name,Payment Terms,Payment Terms Label,Attention,Address,City,State,Country,Code,Phone,Deliver To Customer,Recipient Address,Recipient City,Recipient State,Recipient Country,Recipient Postal Code,Recipient Phone,TDS Name,TDS Section Code,TDS Section,TDS Percentage,TDS Amount,TCS Tax Name,TCS Percentage,TCS Amount,Nature Of Collection,Submitted By,Approved By,Submitted Date,Approved Date,CF.PO Created By/ Resolved By,CF.Payment terms 
99381000000154083,2019-07-24,99381000000098082,Cochin,,PO-00004,PI NO. 190723,Billed,Meezan electronic scales Pvt Ltd,84729090,FALSE,KL,KL,business_gst,32AAECM1277C1ZY,false,INR,1.000000000000,Compact 1,PI NO. 190723,,,,,Cost of Goods Sold,,5124.00,Billing Counter CCM,99381000000302452,AL66,,,,,,200.00,0.00,0.00,200.00,nos,Cochin,entity_level,true,0.00,0.0,99381000000006208,GST18,18.00,184464.00,Tax Group,,goods,,,,1024800.00,1210208.00,0.00,Adjustment,0.00,0.000,,,,,,,,,,,,,,,,,,HMT  ROAD,Cochin,Kerala,India,683503,,,,,,0.000,,,,,,,,,,
99381000000154083,2019-07-24,99381000000098082,Cochin,,PO-00004,PI NO. 190723,Billed,Meezan electronic scales Pvt Ltd,84734090,FALSE,KL,KL,business_gst,32AAECM1277C1ZY,false,INR,1.000000000000,Compact 1,PI NO. 190723,,,,,Cost of Goods Sold,,800.00,CCM SPARE,99381000000302471,CCMSPARE,,,,,,1.00,0.00,0.00,1.00,,Cochin,entity_level,true,0.00,0.0,99381000000006208,GST18,18.00,144.00,Tax Group,,goods,,,,800.00,1210208.00,0.00,Adjustment,0.00,0.000,,,,,,,,,,,,,,,,,,HMT  ROAD,Cochin,Kerala,India,683503,,,,,,0.000,,,,,,,,,,
99381000000194013,2019-08-09,99381000000098082,Cochin,2019-08-09,PO-00005,,Billed,Meezan electronic scales Pvt Ltd,84701000,FALSE,KL,KL,business_gst,32AAECM1277C1ZY,false,INR,1.000000000000,Standard Template,,,,,,Cost of Goods Sold,,7430.00,Electronic cash register,99381000000194004,ECR,,,,,Wifi inbuilt,50.00,0.00,0.00,50.00,nos,Cochin,entity_level,true,0.00,0.0,99381000000006208,GST18,18.00,66870.00,Tax Group,,goods,,,,371500.00,4280450.00,0.00,Adjustment,0.00,0.000,,,,,,,,,,Interweighing Pvt LTD,"Regd office : 49/468A, CITY CENTER 2F VYTTILA ,ERNAKULAM, 682019",COCHIN,Kerala,India,683503,8803333444,,,,,,,,,,,,0.000,,,,,,,,,,
99381000000194013,2019-08-09,99381000000098082,Cochin,2019-08-09,PO-00005,,Billed,Meezan electronic scales Pvt Ltd,84231000,FALSE,KL,KL,business_gst,32AAECM1277C1ZY,false,INR,1.000000000000,Standard Template,,,,,,Cost of Goods Sold,,12500.00,Label Printing scale,99381000000194633,Q8LBL,,,,,,100.00,0.00,0.00,100.00,nos,Cochin,entity_level,true,0.00,0.0,99381000000006208,GST18,18.00,225000.00,Tax Group,,goods,,,,1250000.00,4280450.00,0.00,Adjustment,0.00,0.000,,,,,,,,,,Interweighing Pvt LTD,"Regd office : 49/468A, CITY CENTER 2F VYTTILA ,ERNAKULAM, 682019",COCHIN,Kerala,India,683503,8803333444,,,,,,,,,,,,0.000,,,,,,,,,,
99381000000194013,2019-08-09,99381000000098082,Cochin,2019-08-09,PO-00005,,Billed,Meezan electronic scales Pvt Ltd,84231000,FALSE,KL,KL,business_gst,32AAECM1277C1ZY,false,INR,1.000000000000,Standard Template,,,,,,Cost of Goods Sold,,7400.00,ECS 12  4W Printer,99381000000343190,ECS4W,,,,,,200.00,0.00,0.00,200.00,nos,Cochin,entity_level,true,0.00,0.0,99381000000006208,GST18,18.00,266400.00,Tax Group,,goods,,,,1480000.00,4280450.00,0.00,Adjustment,0.00,0.000,,,,,,,,,,Interweighing Pvt LTD,"Regd office : 49/468A, CITY CENTER 2F VYTTILA ,ERNAKULAM, 682019",COCHIN,Kerala,India,683503,8803333444,,,,,,,,,,,,0.000,,,,,,,,,,
99381000000194013,2019-08-09,99381000000098082,Cochin,2019-08-09,PO-00005,,Billed,Meezan electronic scales Pvt Ltd,84231000,FALSE,KL,KL,business_gst,32AAECM1277C1ZY,false,INR,1.000000000000,Standard Template,,,,,,Cost of Goods Sold,,10500.00,ECS Indicator,99381000000343199,ECSIND,,,,,,25.00,0.00,0.00,25.00,nos,Cochin,entity_level,true,0.00,0.0,99381000000006208,GST18,18.00,47250.00,Tax Group,,goods,,,,262500.00,4280450.00,0.00,Adjustment,0.00,0.000,,,,,,,,,,Interweighing Pvt LTD,"Regd office : 49/468A, CITY CENTER 2F VYTTILA ,ERNAKULAM, 682019",COCHIN,Kerala,India,683503,8803333444,,,,,,,,,,,,0.000,,,,,,,,,,
99381000000194013,2019-08-09,99381000000098082,Cochin,2019-08-09,PO-00005,,Billed,Meezan electronic scales Pvt Ltd,84231000,FALSE,KL,KL,business_gst,32AAECM1277C1ZY,false,INR,1.000000000000,Standard Template,,,,,,Cost of Goods Sold,,1690.00,Cash Box,99381000000343208,ECSCD,,,,,,50.00,0.00,0.00,50.00,nos,Cochin,entity_level,true,0.00,0.0,99381000000006208,GST18,18.00,15210.00,Tax Group,,goods,,,,84500.00,4280450.00,0.00,Adjustment,0.00,0.000,,,,,,,,,,Interweighing Pvt LTD,"Regd office : 49/468A, CITY CENTER 2F VYTTILA ,ERNAKULAM, 682019",COCHIN,Kerala,India,683503,8803333444,,,,,,,,,,,,0.000,,,,,,,,,,
99381000000194013,2019-08-09,99381000000098082,Cochin,2019-08-09,PO-00005,,Billed,Meezan electronic scales Pvt Ltd,84239020,FALSE,KL,KL,business_gst,32AAECM1277C1ZY,false,INR,1.000000000000,Standard Template,,,,,,Inventory Asset,,8950.00,Floor Scale 1.2mx1.2m,99381000000035245,PLT1200,,,,,,20.00,0.00,0.00,20.00,nos,Cochin,entity_level,true,0.00,0.0,99381000000006208,GST18,18.00,32220.00,Tax Group,,goods,,,,179000.00,4280450.00,0.00,Adjustment,0.00,0.000,,,,,,,,,,Interweighing Pvt LTD,"Regd office : 49/468A, CITY CENTER 2F VYTTILA ,ERNAKULAM, 682019",COCHIN,Kerala,India,683503,8803333444,,,,,,,,,,,,0.000,,,,,,,,,,
99381000000194648,2019-08-10,99381000000098082,Cochin,,PO-00006,,Billed,Meezan electronic scales Pvt Ltd,84231000,FALSE,KL,KL,business_gst,32AAECM1277C1ZY,false,INR,1.000000000000,Standard Template,,,,,,Cost of Goods Sold,,12500.00,Barcode Label Printing scale,99381000000194633,Q8LBL,,,,,,40.00,0.00,0.00,40.00,nos,Cochin,entity_level,true,0.00,0.0,99381000000006208,GST18,18.00,90000.00,Tax Group,,goods,,,,500000.00,737500.00,0.00,Adjustment,0.00,0.000,,,,,,,,,,Yes Weigh ,"Regd office : 49/468A, CITY CENTER 2F VYTTILA ,ERNAKULAM, 682019",COCHIN,Kerala,India,683503,8803333444,,,,,,,,,,,,0.000,,,,,,,,,,
99381000000194648,2019-08-10,99381000000098082,Cochin,,PO-00006,,Billed,Meezan electronic scales Pvt Ltd,84231000,FALSE,KL,KL,business_gst,32AAECM1277C1ZY,false,INR,1.000000000000,Standard Template,,,,,,Cost of Goods Sold,,12500.00,Label Printing scale F&R,99381000000226107,Q8PCK,,,,,,10.00,0.00,0.00,10.00,no,Cochin,entity_level,true,0.00,0.0,99381000000006208,GST18,18.00,22500.00,Tax Group,,goods,,,,125000.00,737500.00,0.00,Adjustment,0.00,0.000,,,,,,,,,,Yes Weigh ,"Regd office : 49/468A, CITY CENTER 2F VYTTILA ,ERNAKULAM, 682019",COCHIN,Kerala,India,683503,8803333444,,,,,,,,,,,,0.000,,,,,,,,,,
99381000000275898,2019-09-21,99381000000098082,Cochin,2019-09-21,PO-00007,,Billed,AXIS ELECTRONICS,84239020,FALSE,UK,KL,business_gst,05AMDPS1287L1ZP,false,INR,1.000000000000,Standard Template,,,,,,Cost of Goods Sold,,878.00,Indicators,99381000000306107,FSIND,,,,,,50.00,0.00,0.00,50.00,nos,Cochin,entity_level,true,0.00,0.0,99381000000006196,IGST18,18.00,7902.00,ItemAmount,,goods,,,,43900.00,66552.00,0.00,Adjustment,0.00,0.000,,,,,,,,,,,,,,,,,,HMT  ROAD,Cochin,Kerala,India,683503,,,,,,0.000,,,,,,,,,,
99381000000275898,2019-09-21,99381000000098082,Cochin,2019-09-21,PO-00007,,Billed,AXIS ELECTRONICS,84239020,FALSE,UK,KL,business_gst,05AMDPS1287L1ZP,false,INR,1.000000000000,Standard Template,,,,,,Cost of Goods Sold,,250.00,TRIPOLE STAND,99381000000306493,TRIPOLESTAND,,,,,,50.00,0.00,0.00,50.00,nos,Cochin,entity_level,true,0.00,0.0,99381000000006196,IGST18,18.00,2250.00,ItemAmount,,goods,,,,12500.00,66552.00,0.00,Adjustment,0.00,0.000,,,,,,,,,,,,,,,,,,HMT  ROAD,Cochin,Kerala,India,683503,,,,,,0.000,,,,,,,,,,
99381000000287680,2019-10-02,99381000000098082,Cochin,,PO-00010,,Billed,SAFAL ENTERPRISE,8423,FALSE,GJ,KL,business_gst,24AFSPP3726R1ZK,false,INR,1.000000000000,Lite,,,,,,Cost of Goods Sold,,835.00,Table Top Scale- Chottu Model,99381000000337254,TT220X170ABS,,,,,,200.00,0.00,0.00,200.00,nos,Cochin,entity_level,true,0.00,0.0,99381000000006196,IGST18,18.00,30060.00,ItemAmount,,goods,,,,167000.00,502385.00,0.00,Adjustment,0.00,0.000,,,,,,,,,,,,,,,,,,HMT  ROAD,Cochin,Kerala,India,683503,,,,,,0.000,,,,,,,,,,
99381000000287680,2019-10-02,99381000000098082,Cochin,,PO-00010,,Billed,SAFAL ENTERPRISE,8423,FALSE,GJ,KL,business_gst,24AFSPP3726R1ZK,false,INR,1.000000000000,Lite,,,,,,Cost of Goods Sold,,890.00,Table Top Scale 220x170 ABS (10/1),99381000000349067,TTSS22,,,,,,150.00,0.00,0.00,150.00,nos,Cochin,entity_level,true,0.00,0.0,99381000000006196,IGST18,18.00,24030.00,ItemAmount,,goods,,,,133500.00,502385.00,0.00,Adjustment,0.00,0.000,,,,,,,,,,,,,,,,,,HMT  ROAD,Cochin,Kerala,India,683503,,,,,,0.000,,,,,,,,,,
99381000000287680,2019-10-02,99381000000098082,Cochin,,PO-00010,,Billed,SAFAL ENTERPRISE,8423,FALSE,GJ,KL,business_gst,24AFSPP3726R1ZK,false,INR,1.000000000000,Lite,,,,,,Cost of Goods Sold,,835.00,Table Top Scale 220x170 ABS(20/2),99381000000349058,CH4VSF,,,,,,150.00,0.00,0.00,150.00,nos,Cochin,entity_level,true,0.00,0.0,99381000000006196,IGST18,18.00,22545.00,ItemAmount,,goods,,,,125250.00,502385.00,0.00,Adjustment,0.00,0.000,,,,,,,,,,,,,,,,,,HMT  ROAD,Cochin,Kerala,India,683503,,,,,,0.000,,,,,,,,,,
99381000000313355,2019-10-16,99381000000098082,Cochin,,PO-00011,,Billed,Meezan electronic scales Pvt Ltd,84239020,FALSE,KL,KL,business_gst,32AAECM1277C1ZY,false,INR,1.000000000000,Compact 1,,,,,,Cost of Goods Sold,,115.00,ATM PRC M/B PCB,99381000000313080,BPC114,,,,,,40.00,0.00,0.00,40.00,nos,Cochin,entity_level,true,0.00,0.0,99381000000006208,GST18,18.00,828.00,Tax Group,,goods,,,,4600.00,11682.00,0.00,Adjustment,0.00,0.000,,,,,,,,,,Yes Weigh ,"Regd office : 49/468A, CITY CENTER 2F VYTTILA ,ERNAKULAM, 682019",COCHIN,Kerala,India,683503,8803333444,,,,,,,,,,,,0.000,,,,,,,,,,
99381000000313355,2019-10-16,99381000000098082,Cochin,,PO-00011,,Billed,Meezan electronic scales Pvt Ltd,84239020,FALSE,KL,KL,business_gst,32AAECM1277C1ZY,false,INR,1.000000000000,Compact 1,,,,,,Cost of Goods Sold,,200.00,FRONT DISPLAY PCB (ACS-799-QX-E-V2),99381000000313049,APC206,,,,,,15.00,0.00,0.00,15.00,nos,Cochin,entity_level,true,0.00,0.0,99381000000006208,GST18,18.00,540.00,Tax Group,,goods,,,,3000.00,11682.00,0.00,Adjustment,0.00,0.000,,,,,,,,,,Yes Weigh ,"Regd office : 49/468A, CITY CENTER 2F VYTTILA ,ERNAKULAM, 682019",COCHIN,Kerala,India,683503,8803333444,,,,,,,,,,,,0.000,,,,,,,,,,
99381000000313355,2019-10-16,99381000000098082,Cochin,,PO-00011,,Billed,Meezan electronic scales Pvt Ltd,84239020,FALSE,KL,KL,business_gst,32AAECM1277C1ZY,false,INR,1.000000000000,Compact 1,,,,,,Cost of Goods Sold,,115.00,ATM PUSH BUTTON KEY PCB (ACS-189-AJ-V21),99381000000313040,APC202,,,,,,20.00,0.00,0.00,20.00,nos,Cochin,entity_level,true,0.00,0.0,99381000000006208,GST18,18.00,414.00,Tax Group,,goods,,,,2300.00,11682.00,0.00,Adjustment,0.00,0.000,,,,,,,,,,Yes Weigh ,"Regd office : 49/468A, CITY CENTER 2F VYTTILA ,ERNAKULAM, 682019",COCHIN,Kerala,India,683503,8803333444,,,,,,,,,,,,0.000,,,,,,,,,,
99381000000326217,2019-10-21,99381000000098082,Cochin,,PO-00012,,Billed,Meezan electronic scales Pvt Ltd,84231000,FALSE,KL,KL,business_gst,32AAECM1277C1ZY,false,INR,1.000000000000,Compact 1,,,,,,Cost of Goods Sold,,1294.97,Price Computing scale,99381000000016031,ATMPC,,,,,,985.00,0.00,0.00,985.00,nos,Cochin,entity_level,true,0.00,0.0,99381000000006208,GST18,18.00,229598.18,Tax Group,,goods,,,,1275545.45,3790349.33,0.00,Adjustment,0.00,0.000,,,,,,,,,,Yes Weigh ,"Regd office : 49/468A, CITY CENTER 2F VYTTILA ,ERNAKULAM, 682019",COCHIN,Kerala,India,683503,8803333444,,,,,,,,,,,,0.000,,,,,,,,,,
99381000000326217,2019-10-21,99381000000098082,Cochin,,PO-00012,,Billed,Meezan electronic scales Pvt Ltd,84231000,FALSE,KL,KL,business_gst,32AAECM1277C1ZY,false,INR,1.000000000000,Compact 1,,,,,,Cost of Goods Sold,,1390.00,Price Computing Scale-W,99381000000035371,ATMPCW,,,,,,400.00,0.00,0.00,400.00,nos,Cochin,entity_level,true,0.00,0.0,99381000000006208,GST18,18.00,100080.00,Tax Group,,goods,,,,556000.00,3790349.33,0.00,Adjustment,0.00,0.000,,,,,,,,,,Yes Weigh ,"Regd office : 49/468A, CITY CENTER 2F VYTTILA ,ERNAKULAM, 682019",COCHIN,Kerala,India,683503,8803333444,,,,,,,,,,,,0.000,,,,,,,,,,
99381000000326217,2019-10-21,99381000000098082,Cochin,,PO-00012,,Billed,Meezan electronic scales Pvt Ltd,8423,FALSE,KL,KL,business_gst,32AAECM1277C1ZY,false,INR,1.000000000000,Compact 1,,,,,,Cost of Goods Sold,,2421.36,Platform Scale 400x500 SS,99381000000326157,PFPC400X500SS,,,,,,200.00,0.00,0.00,200.00,nos,Cochin,entity_level,true,0.00,0.0,99381000000006208,GST18,18.00,87168.96,Tax Group,,goods,,,,484272.00,3790349.33,0.00,Adjustment,0.00,0.000,,,,,,,,,,Yes Weigh ,"Regd office : 49/468A, CITY CENTER 2F VYTTILA ,ERNAKULAM, 682019",COCHIN,Kerala,India,683503,8803333444,,,,,,,,,,,,0.000,,,,,,,,,,
99381000000326217,2019-10-21,99381000000098082,Cochin,,PO-00012,,Billed,Meezan electronic scales Pvt Ltd,8423,FALSE,KL,KL,business_gst,32AAECM1277C1ZY,false,INR,1.000000000000,Compact 1,,,,,,Cost of Goods Sold,,2966.94,Platform Scale 450x600 SS,99381000000326166,PF4560,,,,,,100.00,0.00,0.00,100.00,nos,Cochin,entity_level,true,0.00,0.0,99381000000006208,GST18,18.00,53404.92,Tax Group,,goods,,,,296694.00,3790349.33,0.00,Adjustment,0.00,0.000,,,,,,,,,,Yes Weigh ,"Regd office : 49/468A, CITY CENTER 2F VYTTILA ,ERNAKULAM, 682019",COCHIN,Kerala,India,683503,8803333444,,,,,,,,,,,,0.000,,,,,,,,,,
99381000000326217,2019-10-21,99381000000098082,Cochin,,PO-00012,,Billed,Meezan electronic scales Pvt Ltd,8423,FALSE,KL,KL,business_gst,32AAECM1277C1ZY,false,INR,1.000000000000,Compact 1,,,,,,Cost of Goods Sold,,3255.34,Platform Scale 600x600 MS,99381000000326175,PF60MS,,,,,,100.00,0.00,0.00,100.00,nos,Cochin,entity_level,true,0.00,0.0,99381000000006208,GST18,18.00,58596.12,Tax Group,,goods,,,,325534.00,3790349.33,0.00,Adjustment,0.00,0.000,,,,,,,,,,Yes Weigh ,"Regd office : 49/468A, CITY CENTER 2F VYTTILA ,ERNAKULAM, 682019",COCHIN,Kerala,India,683503,8803333444,,,,,,,,,,,,0.000,,,,,,,,,,
99381000000326217,2019-10-21,99381000000098082,Cochin,,PO-00012,,Billed,Meezan electronic scales Pvt Ltd,8423,FALSE,KL,KL,business_gst,32AAECM1277C1ZY,false,INR,1.000000000000,Compact 1,,,,,,Cost of Goods Sold,,9171.90,Platform Scale 600x800 MS,99381000000326192,PFPC600X800MS,,,,,,10.00,0.00,0.00,10.00,nos,Cochin,entity_level,true,0.00,0.0,99381000000006208,GST18,18.00,16509.42,Tax Group,,goods,,,,91719.00,3790349.33,0.00,Adjustment,0.00,0.000,,,,,,,,,,Yes Weigh ,"Regd office : 49/468A, CITY CENTER 2F VYTTILA ,ERNAKULAM, 682019",COCHIN,Kerala,India,683503,8803333444,,,,,,,,,,,,0.000,,,,,,,,,,
99381000000326217,2019-10-21,99381000000098082,Cochin,,PO-00012,,Billed,Meezan electronic scales Pvt Ltd,84231000,FALSE,KL,KL,business_gst,32AAECM1277C1ZY,false,INR,1.000000000000,Compact 1,,,,,,Cost of Goods Sold,,5219.80,BSM520.3,99381000000205935,BSM2203,,,,,,10.00,0.00,0.00,10.00,nos,Cochin,entity_level,true,0.00,0.0,99381000000006208,GST18,18.00,9395.64,Tax Group,,goods,,,,52198.00,3790349.33,0.00,Adjustment,0.00,0.000,,,,,,,,,,Yes Weigh ,"Regd office : 49/468A, CITY CENTER 2F VYTTILA ,ERNAKULAM, 682019",COCHIN,Kerala,India,683503,8803333444,,,,,,,,,,,,0.000,,,,,,,,,,
99381000000326217,2019-10-21,99381000000098082,Cochin,,PO-00012,,Billed,Meezan electronic scales Pvt Ltd,84231000,FALSE,KL,KL,business_gst,32AAECM1277C1ZY,false,INR,1.000000000000,Compact 1,,,,,,Cost of Goods Sold,,13019.80,BSM220.4,99381000000205926,BSM2204,,,,,,10.00,0.00,0.00,10.00,nos,Cochin,entity_level,true,0.00,0.0,99381000000006208,GST18,18.00,23435.64,Tax Group,,goods,,,,130198.00,3790349.33,0.00,Adjustment,0.00,0.000,,,,,,,,,,Yes Weigh ,"Regd office : 49/468A, CITY CENTER 2F VYTTILA ,ERNAKULAM, 682019",COCHIN,Kerala,India,683503,8803333444,,,,,,,,,,,,0.000,,,,,,,,,,
99381000000542456,2020-01-17,99381000000098082,Cochin,,PO-00014,,Billed,Meezan electronic scales Pvt Ltd,84239020,FALSE,KL,KL,business_gst,32AAECM1277C1ZY,false,INR,1.000000000000,Compact 1,,,,,,Inventory Asset,,80.00,Metallic Keypad Bench PC,99381000000542107,BPC101,,,,,,40.00,0.00,0.00,40.00,pcs,Cochin,entity_level,true,0.00,0.0,99381000000006208,GST18,18.00,576.00,Tax Group,,goods,,,,3200.00,145942.40,0.00,Adjustment,0.00,0.000,,,,,,,,,,Yes Weigh ,"Regd office : 49/468A, CITY CENTER 2F VYTTILA ,ERNAKULAM, 682019",COCHIN,Kerala,India,683503,8803333444,,,,,,,,,,,,0.000,,,,,,,,,,
99381000000542456,2020-01-17,99381000000098082,Cochin,,PO-00014,,Billed,Meezan electronic scales Pvt Ltd,84239020,FALSE,KL,KL,business_gst,32AAECM1277C1ZY,false,INR,1.000000000000,Compact 1,,,,,,Inventory Asset,,96.00,Keypad Board Bench PC,99381000000542116,BPC102,,,,,,50.00,0.00,0.00,50.00,pcs,Cochin,entity_level,true,0.00,0.0,99381000000006208,GST18,18.00,864.00,Tax Group,,goods,,,,4800.00,145942.40,0.00,Adjustment,0.00,0.000,,,,,,,,,,Yes Weigh ,"Regd office : 49/468A, CITY CENTER 2F VYTTILA ,ERNAKULAM, 682019",COCHIN,Kerala,India,683503,8803333444,,,,,,,,,,,,0.000,,,,,,,,,,
99381000000542456,2020-01-17,99381000000098082,Cochin,,PO-00014,,Billed,Meezan electronic scales Pvt Ltd,84239020,FALSE,KL,KL,business_gst,32AAECM1277C1ZY,false,INR,1.000000000000,Compact 1,,,,,,Inventory Asset,,16.00,Panel Overlay Sticker Bench PC,99381000000542125,BPC103,,,,,,30.00,0.00,0.00,30.00,pcs,Cochin,entity_level,true,0.00,0.0,99381000000006208,GST18,18.00,86.40,Tax Group,,goods,,,,480.00,145942.40,0.00,Adjustment,0.00,0.000,,,,,,,,,,Yes Weigh ,"Regd office : 49/468A, CITY CENTER 2F VYTTILA ,ERNAKULAM, 682019",COCHIN,Kerala,India,683503,8803333444,,,,,,,,,,,,0.000,,,,,,,,,,
99381000000542456,2020-01-17,99381000000098082,Cochin,,PO-00014,,Billed,Meezan electronic scales Pvt Ltd,84239020,FALSE,KL,KL,business_gst,32AAECM1277C1ZY,false,INR,1.000000000000,Compact 1,,,,,,Inventory Asset,,24.00,Protection Duct Cover Bench PC,99381000000542134,BPC104,,,,,,100.00,0.00,0.00,100.00,pcs,Cochin,entity_level,true,0.00,0.0,99381000000006208,GST18,18.00,432.00,Tax Group,,goods,,,,2400.00,145942.40,0.00,Adjustment,0.00,0.000,,,,,,,,,,Yes Weigh ,"Regd office : 49/468A, CITY CENTER 2F VYTTILA ,ERNAKULAM, 682019",COCHIN,Kerala,India,683503,8803333444,,,,,,,,,,,,0.000,,,,,,,,,,
99381000000542456,2020-01-17,99381000000098082,Cochin,,PO-00014,,Billed,Meezan electronic scales Pvt Ltd,84239020,FALSE,KL,KL,business_gst,32AAECM1277C1ZY,false,INR,1.000000000000,Compact 1,,,,,,Inventory Asset,,16.00,3 Pin Power Cord Connector Port Bench PC,99381000000542143,BPC105,,,,,,20.00,0.00,0.00,20.00,pcs,Cochin,entity_level,true,0.00,0.0,99381000000006208,GST18,18.00,57.60,Tax Group,,goods,,,,320.00,145942.40,0.00,Adjustment,0.00,0.000,,,,,,,,,,Yes Weigh ,"Regd office : 49/468A, CITY CENTER 2F VYTTILA ,ERNAKULAM, 682019",COCHIN,Kerala,India,683503,8803333444,,,,,,,,,,,,0.000,,,,,,,,,,
99381000000542456,2020-01-17,99381000000098082,Cochin,,PO-00014,,Billed,Meezan electronic scales Pvt Ltd,84239020,FALSE,KL,KL,business_gst,32AAECM1277C1ZY,false,INR,1.000000000000,Compact 1,,,,,,Inventory Asset,,8.00,Load Cell Fiber Body (Outer Cover) Bench PC,99381000000542152,BPC106,,,,,,20.00,0.00,0.00,20.00,pcs,Cochin,entity_level,true,0.00,0.0,99381000000006208,GST18,18.00,28.80,Tax Group,,goods,,,,160.00,145942.40,0.00,Adjustment,0.00,0.000,,,,,,,,,,Yes Weigh ,"Regd office : 49/468A, CITY CENTER 2F VYTTILA ,ERNAKULAM, 682019",COCHIN,Kerala,India,683503,8803333444,,,,,,,,,,,,0.000,,,,,,,,,,
99381000000542456,2020-01-17,99381000000098082,Cochin,,PO-00014,,Billed,Meezan electronic scales Pvt Ltd,84239020,FALSE,KL,KL,business_gst,32AAECM1277C1ZY,false,INR,1.000000000000,Compact 1,,,,,,Inventory Asset,,64.00,Step Down Transformer (Output: 6.5v AC) Bench PC,99381000000542161,TRF6V,,,,,,100.00,0.00,0.00,100.00,pcs,Cochin,entity_level,true,0.00,0.0,99381000000006208,GST18,18.00,1152.00,Tax Group,,goods,,,,6400.00,145942.40,0.00,Adjustment,0.00,0.000,,,,,,,,,,Yes Weigh ,"Regd office : 49/468A, CITY CENTER 2F VYTTILA ,ERNAKULAM, 682019",COCHIN,Kerala,India,683503,8803333444,,,,,,,,,,,,0.000,,,,,,,,,,
99381000000542456,2020-01-17,99381000000098082,Cochin,,PO-00014,,Billed,Meezan electronic scales Pvt Ltd,84239020,FALSE,KL,KL,business_gst,32AAECM1277C1ZY,false,INR,1.000000000000,Compact 1,,,,,,Inventory Asset,,8.00,Battery To Board (2 Pin connector) Bench PC,99381000000542170,BPC108,,,,,,20.00,0.00,0.00,20.00,pcs,Cochin,entity_level,true,0.00,0.0,99381000000006208,GST18,18.00,28.80,Tax Group,,goods,,,,160.00,145942.40,0.00,Adjustment,0.00,0.000,,,,,,,,,,Yes Weigh ,"Regd office : 49/468A, CITY CENTER 2F VYTTILA ,ERNAKULAM, 682019",COCHIN,Kerala,India,683503,8803333444,,,,,,,,,,,,0.000,,,,,,,,,,
99381000000542456,2020-01-17,99381000000098082,Cochin,,PO-00014,,Billed,Meezan electronic scales Pvt Ltd,84239020,FALSE,KL,KL,business_gst,32AAECM1277C1ZY,false,INR,1.000000000000,Compact 1,,,,,,Inventory Asset,,16.00,Transformer Box Bench PC,99381000000542179,BPC109,,,,,,10.00,0.00,0.00,10.00,pcs,Cochin,entity_level,true,0.00,0.0,99381000000006208,GST18,18.00,28.80,Tax Group,,goods,,,,160.00,145942.40,0.00,Adjustment,0.00,0.000,,,,,,,,,,Yes Weigh ,"Regd office : 49/468A, CITY CENTER 2F VYTTILA ,ERNAKULAM, 682019",COCHIN,Kerala,India,683503,8803333444,,,,,,,,,,,,0.000,,,,,,,,,,
99381000000542456,2020-01-17,99381000000098082,Cochin,,PO-00014,,Billed,Meezan electronic scales Pvt Ltd,84239020,FALSE,KL,KL,business_gst,32AAECM1277C1ZY,false,INR,1.000000000000,Compact 1,,,,,,Inventory Asset,,8.00,On/Off Switch Bench PC,99381000000542188,BPC110,,,,,,50.00,0.00,0.00,50.00,,Cochin,entity_level,true,0.00,0.0,99381000000006208,GST18,18.00,72.00,Tax Group,,goods,,,,400.00,145942.40,0.00,Adjustment,0.00,0.000,,,,,,,,,,Yes Weigh ,"Regd office : 49/468A, CITY CENTER 2F VYTTILA ,ERNAKULAM, 682019",COCHIN,Kerala,India,683503,8803333444,,,,,,,,,,,,0.000,,,,,,,,,,
99381000000542456,2020-01-17,99381000000098082,Cochin,,PO-00014,,Billed,Meezan electronic scales Pvt Ltd,84239020,FALSE,KL,KL,business_gst,32AAECM1277C1ZY,false,INR,1.000000000000,Compact 1,,,,,,Inventory Asset,,96.00,Front Display Board Bench PC,99381000000542197,BPC111,,,,,,100.00,0.00,0.00,100.00,pcs,Cochin,entity_level,true,0.00,0.0,99381000000006208,GST18,18.00,1728.00,Tax Group,,goods,,,,9600.00,145942.40,0.00,Adjustment,0.00,0.000,,,,,,,,,,Yes Weigh ,"Regd office : 49/468A, CITY CENTER 2F VYTTILA ,ERNAKULAM, 682019",COCHIN,Kerala,India,683503,8803333444,,,,,,,,,,,,0.000,,,,,,,,,,
99381000000542456,2020-01-17,99381000000098082,Cochin,,PO-00014,,Billed,Meezan electronic scales Pvt Ltd,84239020,FALSE,KL,KL,business_gst,32AAECM1277C1ZY,false,INR,1.000000000000,Compact 1,,,,,,Inventory Asset,,80.00,Back Display Board Bench PC,99381000000542206,BPC112,,,,,,100.00,0.00,0.00,100.00,pcs,Cochin,entity_level,true,0.00,0.0,99381000000006208,GST18,18.00,1440.00,Tax Group,,goods,,,,8000.00,145942.40,0.00,Adjustment,0.00,0.000,,,,,,,,,,Yes Weigh ,"Regd office : 49/468A, CITY CENTER 2F VYTTILA ,ERNAKULAM, 682019",COCHIN,Kerala,India,683503,8803333444,,,,,,,,,,,,0.000,,,,,,,,,,
99381000000542456,2020-01-17,99381000000098082,Cochin,,PO-00014,,Billed,Meezan electronic scales Pvt Ltd,84239020,FALSE,KL,KL,business_gst,32AAECM1277C1ZY,false,INR,1.000000000000,Compact 1,,,,,,Inventory Asset,,160.00,Load Cell 70kg Bench PC,99381000000542215,BPC113,,,,,,50.00,0.00,0.00,50.00,pcs,Cochin,entity_level,true,0.00,0.0,99381000000006208,GST18,18.00,1440.00,Tax Group,,goods,,,,8000.00,145942.40,0.00,Adjustment,0.00,0.000,,,,,,,,,,Yes Weigh ,"Regd office : 49/468A, CITY CENTER 2F VYTTILA ,ERNAKULAM, 682019",COCHIN,Kerala,India,683503,8803333444,,,,,,,,,,,,0.000,,,,,,,,,,
99381000000542456,2020-01-17,99381000000098082,Cochin,,PO-00014,,Billed,Meezan electronic scales Pvt Ltd,84239020,FALSE,KL,KL,business_gst,32AAECM1277C1ZY,false,INR,1.000000000000,Compact 1,,,,,,Inventory Asset,,96.00,ATM PRC M/B PCB,99381000000313080,BPC114,,,,,,250.00,0.00,0.00,250.00,nos,Cochin,entity_level,true,0.00,0.0,99381000000006208,GST18,18.00,4320.00,Tax Group,,goods,,,,24000.00,145942.40,0.00,Adjustment,0.00,0.000,,,,,,,,,,Yes Weigh ,"Regd office : 49/468A, CITY CENTER 2F VYTTILA ,ERNAKULAM, 682019",COCHIN,Kerala,India,683503,8803333444,,,,,,,,,,,,0.000,,,,,,,,,,
99381000000542456,2020-01-17,99381000000098082,Cochin,,PO-00014,,Billed,Meezan electronic scales Pvt Ltd,84239020,FALSE,KL,KL,business_gst,32AAECM1277C1ZY,false,INR,1.000000000000,Compact 1,,,,,,Inventory Asset,,80.00,Metalic Keypad ATM PC,99381000000542224,APC201,,,,,,40.00,0.00,0.00,40.00,pcs,Cochin,entity_level,true,0.00,0.0,99381000000006208,GST18,18.00,576.00,Tax Group,,goods,,,,3200.00,145942.40,0.00,Adjustment,0.00,0.000,,,,,,,,,,Yes Weigh ,"Regd office : 49/468A, CITY CENTER 2F VYTTILA ,ERNAKULAM, 682019",COCHIN,Kerala,India,683503,8803333444,,,,,,,,,,,,0.000,,,,,,,,,,
99381000000542456,2020-01-17,99381000000098082,Cochin,,PO-00014,,Billed,Meezan electronic scales Pvt Ltd,84239020,FALSE,KL,KL,business_gst,32AAECM1277C1ZY,false,INR,1.000000000000,Compact 1,,,,,,Inventory Asset,,80.00,ATM Push Button Key PCB (ACS-189-AJ-V21),99381000000313040,APC202,,,,,,50.00,0.00,0.00,50.00,nos,Cochin,entity_level,true,0.00,0.0,99381000000006208,GST18,18.00,720.00,Tax Group,,goods,,,,4000.00,145942.40,0.00,Adjustment,0.00,0.000,,,,,,,,,,Yes Weigh ,"Regd office : 49/468A, CITY CENTER 2F VYTTILA ,ERNAKULAM, 682019",COCHIN,Kerala,India,683503,8803333444,,,,,,,,,,,,0.000,,,,,,,,,,
99381000000542456,2020-01-17,99381000000098082,Cochin,,PO-00014,,Billed,Meezan electronic scales Pvt Ltd,84239020,FALSE,KL,KL,business_gst,32AAECM1277C1ZY,false,INR,1.000000000000,Compact 1,,,,,,Inventory Asset,,16.00,Panel Sticker (Front and Back) ATM PC,99381000000542252,APC203,,,,,,50.00,0.00,0.00,50.00,pcs,Cochin,entity_level,true,0.00,0.0,99381000000006208,GST18,18.00,144.00,Tax Group,,goods,,,,800.00,145942.40,0.00,Adjustment,0.00,0.000,,,,,,,,,,Yes Weigh ,"Regd office : 49/468A, CITY CENTER 2F VYTTILA ,ERNAKULAM, 682019",COCHIN,Kerala,India,683503,8803333444,,,,,,,,,,,,0.000,,,,,,,,,,
99381000000542456,2020-01-17,99381000000098082,Cochin,,PO-00014,,Billed,Meezan electronic scales Pvt Ltd,84239020,FALSE,KL,KL,business_gst,32AAECM1277C1ZY,false,INR,1.000000000000,Compact 1,,,,,,Inventory Asset,,24.00,Protection Dust Cover ATM PC,99381000000542261,APC204,,,,,,200.00,0.00,0.00,200.00,pcs,Cochin,entity_level,true,0.00,0.0,99381000000006208,GST18,18.00,864.00,Tax Group,,goods,,,,4800.00,145942.40,0.00,Adjustment,0.00,0.000,,,,,,,,,,Yes Weigh ,"Regd office : 49/468A, CITY CENTER 2F VYTTILA ,ERNAKULAM, 682019",COCHIN,Kerala,India,683503,8803333444,,,,,,,,,,,,0.000,,,,,,,,,,
99381000000542456,2020-01-17,99381000000098082,Cochin,,PO-00014,,Billed,Meezan electronic scales Pvt Ltd,84239020,FALSE,KL,KL,business_gst,32AAECM1277C1ZY,false,INR,1.000000000000,Compact 1,,,,,,Inventory Asset,,8.00,3 Pin Power Cord Connector Port ATM PC,99381000000542270,APC205,,,,,,20.00,0.00,0.00,20.00,pcs,Cochin,entity_level,true,0.00,0.0,99381000000006208,GST18,18.00,28.80,Tax Group,,goods,,,,160.00,145942.40,0.00,Adjustment,0.00,0.000,,,,,,,,,,Yes Weigh ,"Regd office : 49/468A, CITY CENTER 2F VYTTILA ,ERNAKULAM, 682019",COCHIN,Kerala,India,683503,8803333444,,,,,,,,,,,,0.000,,,,,,,,,,
99381000000542456,2020-01-17,99381000000098082,Cochin,,PO-00014,,Billed,Meezan electronic scales Pvt Ltd,84239020,FALSE,KL,KL,business_gst,32AAECM1277C1ZY,false,INR,1.000000000000,Compact 1,,,,,,Inventory Asset,,96.00,FRONT DISPLAY PCB (ACS-799-QX-E-V2),99381000000313049,APC206,,,,,,100.00,0.00,0.00,100.00,nos,Cochin,entity_level,true,0.00,0.0,99381000000006208,GST18,18.00,1728.00,Tax Group,,goods,,,,9600.00,145942.40,0.00,Adjustment,0.00,0.000,,,,,,,,,,Yes Weigh ,"Regd office : 49/468A, CITY CENTER 2F VYTTILA ,ERNAKULAM, 682019",COCHIN,Kerala,India,683503,8803333444,,,,,,,,,,,,0.000,,,,,,,,,,
99381000000542456,2020-01-17,99381000000098082,Cochin,,PO-00014,,Billed,Meezan electronic scales Pvt Ltd,84239020,FALSE,KL,KL,business_gst,32AAECM1277C1ZY,false,INR,1.000000000000,Compact 1,,,,,,Inventory Asset,,80.00,Back Display Board ATM PC,99381000000542279,APC207,,,,,,100.00,0.00,0.00,100.00,nos,Cochin,entity_level,true,0.00,0.0,99381000000006208,GST18,18.00,1440.00,Tax Group,,goods,,,,8000.00,145942.40,0.00,Adjustment,0.00,0.000,,,,,,,,,,Yes Weigh ,"Regd office : 49/468A, CITY CENTER 2F VYTTILA ,ERNAKULAM, 682019",COCHIN,Kerala,India,683503,8803333444,,,,,,,,,,,,0.000,,,,,,,,,,
99381000000542456,2020-01-17,99381000000098082,Cochin,,PO-00014,,Billed,Meezan electronic scales Pvt Ltd,84239020,FALSE,KL,KL,business_gst,32AAECM1277C1ZY,false,INR,1.000000000000,Compact 1,,,,,,Inventory Asset,,120.00,Load Cell 40kg,99381000000542288,APC208,,,,,,30.00,0.00,0.00,30.00,pcs,Cochin,entity_level,true,0.00,0.0,99381000000006208,GST18,18.00,648.00,Tax Group,,goods,,,,3600.00,145942.40,0.00,Adjustment,0.00,0.000,,,,,,,,,,Yes Weigh ,"Regd office : 49/468A, CITY CENTER 2F VYTTILA ,ERNAKULAM, 682019",COCHIN,Kerala,India,683503,8803333444,,,,,,,,,,,,0.000,,,,,,,,,,
99381000000542456,2020-01-17,99381000000098082,Cochin,,PO-00014,,Billed,Meezan electronic scales Pvt Ltd,84239020,FALSE,KL,KL,business_gst,32AAECM1277C1ZY,false,INR,1.000000000000,Compact 1,,,,,,Inventory Asset,,16.00,Panel Sticker With Keypad ATM PC Touch,99381000000542297,TPC301,,,,,,10.00,0.00,0.00,10.00,PCS,Cochin,entity_level,true,0.00,0.0,99381000000006208,GST18,18.00,28.80,Tax Group,,goods,,,,160.00,145942.40,0.00,Adjustment,0.00,0.000,,,,,,,,,,Yes Weigh ,"Regd office : 49/468A, CITY CENTER 2F VYTTILA ,ERNAKULAM, 682019",COCHIN,Kerala,India,683503,8803333444,,,,,,,,,,,,0.000,,,,,,,,,,
99381000000542456,2020-01-17,99381000000098082,Cochin,,PO-00014,,Billed,Meezan electronic scales Pvt Ltd,84239020,FALSE,KL,KL,business_gst,32AAECM1277C1ZY,false,INR,1.000000000000,Compact 1,,,,,,Inventory Asset,,152.00,Touch Keypad ATM PC Touch,99381000000542306,TPC302,,,,,,10.00,0.00,0.00,10.00,pcs,Cochin,entity_level,true,0.00,0.0,99381000000006208,GST18,18.00,273.60,Tax Group,,goods,,,,1520.00,145942.40,0.00,Adjustment,0.00,0.000,,,,,,,,,,Yes Weigh ,"Regd office : 49/468A, CITY CENTER 2F VYTTILA ,ERNAKULAM, 682019",COCHIN,Kerala,India,683503,8803333444,,,,,,,,,,,,0.000,,,,,,,,,,
99381000000542456,2020-01-17,99381000000098082,Cochin,,PO-00014,,Billed,Meezan electronic scales Pvt Ltd,84239020,FALSE,KL,KL,business_gst,32AAECM1277C1ZY,false,INR,1.000000000000,Compact 1,,,,,,Inventory Asset,,104.00,Front Display Board ATM PC Touch,99381000000542319,TPC303,,,,,,10.00,0.00,0.00,10.00,pcs,Cochin,entity_level,true,0.00,0.0,99381000000006208,GST18,18.00,187.20,Tax Group,,goods,,,,1040.00,145942.40,0.00,Adjustment,0.00,0.000,,,,,,,,,,Yes Weigh ,"Regd office : 49/468A, CITY CENTER 2F VYTTILA ,ERNAKULAM, 682019",COCHIN,Kerala,India,683503,8803333444,,,,,,,,,,,,0.000,,,,,,,,,,
99381000000542456,2020-01-17,99381000000098082,Cochin,,PO-00014,,Billed,Meezan electronic scales Pvt Ltd,84239020,FALSE,KL,KL,business_gst,32AAECM1277C1ZY,false,INR,1.000000000000,Compact 1,,,,,,Inventory Asset,,80.00,Back Display Board ATM PC Touch,99381000000542328,TPC304,,,,,,10.00,0.00,0.00,10.00,pcs,Cochin,entity_level,true,0.00,0.0,99381000000006208,GST18,18.00,144.00,Tax Group,,goods,,,,800.00,145942.40,0.00,Adjustment,0.00,0.000,,,,,,,,,,Yes Weigh ,"Regd office : 49/468A, CITY CENTER 2F VYTTILA ,ERNAKULAM, 682019",COCHIN,Kerala,India,683503,8803333444,,,,,,,,,,,,0.000,,,,,,,,,,
99381000000542456,2020-01-17,99381000000098082,Cochin,,PO-00014,,Billed,Meezan electronic scales Pvt Ltd,84239020,FALSE,KL,KL,business_gst,32AAECM1277C1ZY,false,INR,1.000000000000,Compact 1,,,,,,Inventory Asset,,64.00,Step Down Tranformer (Output: 6.5v AC) ATM PC Touch,99381000000542337,TPC305,,,,,,10.00,0.00,0.00,10.00,pcs,Cochin,entity_level,true,0.00,0.0,99381000000006208,GST18,18.00,115.20,Tax Group,,goods,,,,640.00,145942.40,0.00,Adjustment,0.00,0.000,,,,,,,,,,Yes Weigh ,"Regd office : 49/468A, CITY CENTER 2F VYTTILA ,ERNAKULAM, 682019",COCHIN,Kerala,India,683503,8803333444,,,,,,,,,,,,0.000,,,,,,,,,,
99381000000542456,2020-01-17,99381000000098082,Cochin,,PO-00014,,Billed,Meezan electronic scales Pvt Ltd,84239020,FALSE,KL,KL,business_gst,32AAECM1277C1ZY,false,INR,1.000000000000,Compact 1,,,,,,Inventory Asset,,16.00,Panel Sticker (Front and Back) ATM PC Waterproof,99381000000542346,WPC401,,,,,,30.00,0.00,0.00,30.00,pcs,Cochin,entity_level,true,0.00,0.0,99381000000006208,GST18,18.00,86.40,Tax Group,,goods,,,,480.00,145942.40,0.00,Adjustment,0.00,0.000,,,,,,,,,,Yes Weigh ,"Regd office : 49/468A, CITY CENTER 2F VYTTILA ,ERNAKULAM, 682019",COCHIN,Kerala,India,683503,8803333444,,,,,,,,,,,,0.000,,,,,,,,,,
99381000000542456,2020-01-17,99381000000098082,Cochin,,PO-00014,,Billed,Meezan electronic scales Pvt Ltd,84239020,FALSE,KL,KL,business_gst,32AAECM1277C1ZY,false,INR,1.000000000000,Compact 1,,,,,,Inventory Asset,,96.00,Motherboard ATM PC Waterproof,99381000000542355,WPC402,,,,,,30.00,0.00,0.00,30.00,pcs,Cochin,entity_level,true,0.00,0.0,99381000000006208,GST18,18.00,518.40,Tax Group,,goods,,,,2880.00,145942.40,0.00,Adjustment,0.00,0.000,,,,,,,,,,Yes Weigh ,"Regd office : 49/468A, CITY CENTER 2F VYTTILA ,ERNAKULAM, 682019",COCHIN,Kerala,India,683503,8803333444,,,,,,,,,,,,0.000,,,,,,,,,,
99381000000542456,2020-01-17,99381000000098082,Cochin,,PO-00014,,Billed,Meezan electronic scales Pvt Ltd,84239020,FALSE,KL,KL,business_gst,32AAECM1277C1ZY,false,INR,1.000000000000,Compact 1,,,,,,Inventory Asset,,104.00,Front Dispaly Board ATM PC Waterproof,99381000000542364,WPC403,,,,,,30.00,0.00,0.00,30.00,nos,Cochin,entity_level,true,0.00,0.0,99381000000006208,GST18,18.00,561.60,Tax Group,,goods,,,,3120.00,145942.40,0.00,Adjustment,0.00,0.000,,,,,,,,,,Yes Weigh ,"Regd office : 49/468A, CITY CENTER 2F VYTTILA ,ERNAKULAM, 682019",COCHIN,Kerala,India,683503,8803333444,,,,,,,,,,,,0.000,,,,,,,,,,
99381000000542456,2020-01-17,99381000000098082,Cochin,,PO-00014,,Billed,Meezan electronic scales Pvt Ltd,84239020,FALSE,KL,KL,business_gst,32AAECM1277C1ZY,false,INR,1.000000000000,Compact 1,,,,,,Inventory Asset,,80.00,Back Display Board ATM PC Waterproof,99381000000542373,WPC404,,,,,,30.00,0.00,0.00,30.00,pcs,Cochin,entity_level,true,0.00,0.0,99381000000006208,GST18,18.00,432.00,Tax Group,,goods,,,,2400.00,145942.40,0.00,Adjustment,0.00,0.000,,,,,,,,,,Yes Weigh ,"Regd office : 49/468A, CITY CENTER 2F VYTTILA ,ERNAKULAM, 682019",COCHIN,Kerala,India,683503,8803333444,,,,,,,,,,,,0.000,,,,,,,,,,
99381000000542456,2020-01-17,99381000000098082,Cochin,,PO-00014,,Billed,Meezan electronic scales Pvt Ltd,84239020,FALSE,KL,KL,business_gst,32AAECM1277C1ZY,false,INR,1.000000000000,Compact 1,,,,,,Inventory Asset,,96.00,Keyboard ATM PC Waterproof,99381000000542382,WPC405,,,,,,30.00,0.00,0.00,30.00,nos,Cochin,entity_level,true,0.00,0.0,99381000000006208,GST18,18.00,518.40,Tax Group,,goods,,,,2880.00,145942.40,0.00,Adjustment,0.00,0.000,,,,,,,,,,Yes Weigh ,"Regd office : 49/468A, CITY CENTER 2F VYTTILA ,ERNAKULAM, 682019",COCHIN,Kerala,India,683503,8803333444,,,,,,,,,,,,0.000,,,,,,,,,,
99381000000542456,2020-01-17,99381000000098082,Cochin,,PO-00014,,Billed,Meezan electronic scales Pvt Ltd,84239020,FALSE,KL,KL,business_gst,32AAECM1277C1ZY,false,INR,1.000000000000,Compact 1,,,,,,Inventory Asset,,64.00,AC/DC Adaptor,99381000000542391,WPC406,,,,,,30.00,0.00,0.00,30.00,pcs,Cochin,entity_level,true,0.00,0.0,99381000000006208,GST18,18.00,345.60,Tax Group,,goods,,,,1920.00,145942.40,0.00,Adjustment,0.00,0.000,,,,,,,,,,Yes Weigh ,"Regd office : 49/468A, CITY CENTER 2F VYTTILA ,ERNAKULAM, 682019",COCHIN,Kerala,India,683503,8803333444,,,,,,,,,,,,0.000,,,,,,,,,,
99381000000542456,2020-01-17,99381000000098082,Cochin,,PO-00014,,Billed,Meezan electronic scales Pvt Ltd,84239020,FALSE,KL,KL,business_gst,32AAECM1277C1ZY,false,INR,1.000000000000,Compact 1,,,,,,Inventory Asset,,120.00,Loadcell 40kg,99381000000542400,WPC407,,,,,,30.00,0.00,0.00,30.00,pcs,Cochin,entity_level,true,0.00,0.0,99381000000006208,GST18,18.00,648.00,Tax Group,,goods,,,,3600.00,145942.40,0.00,Adjustment,0.00,0.000,,,,,,,,,,Yes Weigh ,"Regd office : 49/468A, CITY CENTER 2F VYTTILA ,ERNAKULAM, 682019",COCHIN,Kerala,India,683503,8803333444,,,,,,,,,,,,0.000,,,,,,,,,,
99381000000566496,2020-01-23,99381000000098082,Cochin,,PO-00015,,Billed,SAFAL ENTERPRISE,8423,FALSE,GJ,KL,business_gst,24AFSPP3726R1ZK,false,INR,1.000000000000,Compact 1,,,,,,Inventory Asset,,935.00,Table Top Scale  220x170 ABS 10kg/1g,99381000000562040,TTABS6V,,,,,,100.00,0.00,0.00,100.00,nos,Cochin,entity_level,true,0.00,0.0,99381000000006196,IGST18,18.00,16830.00,ItemAmount,,goods,,,,93500.00,404740.00,0.00,Adjustment,0.00,0.000,,,,,,,,,,Yes Weigh ,"Regd office : 49/468A, CITY CENTER 2F VYTTILA ,ERNAKULAM, 682019",COCHIN,Kerala,India,683503,8803333444,,,,,,,,,,,,0.000,,,,,,,,,,
99381000000566496,2020-01-23,99381000000098082,Cochin,,PO-00015,,Billed,SAFAL ENTERPRISE,8423,FALSE,GJ,KL,business_gst,24AFSPP3726R1ZK,false,INR,1.000000000000,Compact 1,,,,,,Inventory Asset,,835.00,Table Top Scale 220x170 ABS 20kg/2g,99381000000349058,CH4VSF,,,,,,200.00,0.00,0.00,200.00,nos,Cochin,entity_level,true,0.00,0.0,99381000000006196,IGST18,18.00,30060.00,ItemAmount,,goods,,,,167000.00,404740.00,0.00,Adjustment,0.00,0.000,,,,,,,,,,Yes Weigh ,"Regd office : 49/468A, CITY CENTER 2F VYTTILA ,ERNAKULAM, 682019",COCHIN,Kerala,India,683503,8803333444,,,,,,,,,,,,0.000,,,,,,,,,,
99381000000566496,2020-01-23,99381000000098082,Cochin,,PO-00015,,Billed,SAFAL ENTERPRISE,8423,FALSE,GJ,KL,business_gst,24AFSPP3726R1ZK,false,INR,1.000000000000,Compact 1,,,,,,Inventory Asset,,1300.00,Table Top Scale  250x300 M 30kg/5g,99381000000562023,TTSTDM,,,,,,50.00,0.00,0.00,50.00,nos,Cochin,entity_level,true,0.00,0.0,99381000000006196,IGST18,18.00,11700.00,ItemAmount,,goods,,,,65000.00,404740.00,0.00,Adjustment,0.00,0.000,,,,,,,,,,Yes Weigh ,"Regd office : 49/468A, CITY CENTER 2F VYTTILA ,ERNAKULAM, 682019",COCHIN,Kerala,India,683503,8803333444,,,,,,,,,,,,0.000,,,,,,,,,,
99381000000566496,2020-01-23,99381000000098082,Cochin,,PO-00015,,Billed,SAFAL ENTERPRISE,9968,FALSE,GJ,KL,business_gst,24AFSPP3726R1ZK,false,INR,1.000000000000,Compact 1,,,,,,Cost of Goods Sold,,17500.00,Freight Charges,99381000000557009,COCS,,,,,,1.00,0.00,0.00,1.00,kg,,entity_level,true,0.00,0.0,99381000000006196,IGST18,18.00,3150.00,ItemAmount,,service,,,,17500.00,404740.00,0.00,Adjustment,0.00,0.000,,,,,,,,,,Yes Weigh ,"Regd office : 49/468A, CITY CENTER 2F VYTTILA ,ERNAKULAM, 682019",COCHIN,Kerala,India,683503,8803333444,,,,,,,,,,,,0.000,,,,,,,,,,
99381000000687001,2020-04-18,99381000000098082,Cochin,,PO-00016,,Partially Billed,SAFAL ENTERPRISE,8423,FALSE,GJ,KL,business_gst,24AFSPP3726R1ZK,false,INR,1.000000000000,Compact 1,,,,,,Inventory Asset,,1400.00,Table Top Scale  250x300 M 30kg/5g,99381000000562023,TTSTDM,,,,,,100.00,0.00,0.00,100.00,nos,Cochin,entity_level,true,0.00,0.0,99381000000006196,IGST18,18.00,25200.00,ItemAmount,,goods,,,,140000.00,613600.00,0.00,Adjustment,0.00,0.000,,,,,,,,0,Due on Receipt,Yes Weigh ,"Regd office : 49/468A, CITY CENTER 2F VYTTILA ,ERNAKULAM, 682019",COCHIN,Kerala,India,683503,8803333444,,,,,,,,,,,,0.000,,,,,,,,,,
99381000000687001,2020-04-18,99381000000098082,Cochin,,PO-00016,,Partially Billed,SAFAL ENTERPRISE,84231000,FALSE,GJ,KL,business_gst,24AFSPP3726R1ZK,false,INR,1.000000000000,Compact 1,,,,,,Inventory Asset,,900.00,Table Top Scale 220x170 ABS 20kg/2g 4 Volt,99381000000349058,CH4VSF,,,,,,200.00,0.00,0.00,145.00,nos,Cochin,entity_level,true,0.00,0.0,99381000000006196,IGST18,18.00,32400.00,ItemAmount,,goods,,,,180000.00,613600.00,0.00,Adjustment,0.00,0.000,,,,,,,,0,Due on Receipt,Yes Weigh ,"Regd office : 49/468A, CITY CENTER 2F VYTTILA ,ERNAKULAM, 682019",COCHIN,Kerala,India,683503,8803333444,,,,,,,,,,,,0.000,,,,,,,,,,
99381000000687001,2020-04-18,99381000000098082,Cochin,,PO-00016,,Partially Billed,SAFAL ENTERPRISE,8423,FALSE,GJ,KL,business_gst,24AFSPP3726R1ZK,false,INR,1.000000000000,Compact 1,,,,,,Inventory Asset,,1000.00,Table Top Scale  220x170 ABS 20kg 2g 6 Volt,99381000000562040,TTABS6V,,,,,,200.00,0.00,0.00,200.00,nos,Cochin,entity_level,true,0.00,0.0,99381000000006196,IGST18,18.00,36000.00,ItemAmount,,goods,,,,200000.00,613600.00,0.00,Adjustment,0.00,0.000,,,,,,,,0,Due on Receipt,Yes Weigh ,"Regd office : 49/468A, CITY CENTER 2F VYTTILA ,ERNAKULAM, 682019",COCHIN,Kerala,India,683503,8803333444,,,,,,,,,,,,0.000,,,,,,,,,,
99381000000687018,2020-02-24,99381000000098082,Cochin,,PO-00017,,Billed,AXIS ELECTRONICS,84239020,FALSE,UK,KL,business_gst,05AMDPS1287L1ZP,false,INR,1.000000000000,Compact 1,,,,,,Inventory Asset,,1100.00,K12 Indicator Green Display,99381000000716302,K12,,,,,,25.00,0.00,0.00,25.00,nos,Cochin,entity_level,true,0.00,0.0,99381000000006196,IGST18,18.00,4950.00,ItemAmount,,goods,,,,27500.00,33276.00,0.00,Adjustment,0.00,0.000,,,,,,,,0,Due on Receipt,Yes Weigh ,"Regd office : 49/468A, CITY CENTER 2F VYTTILA ,ERNAKULAM, 682019",COCHIN,Kerala,India,683503,8803333444,,,,,,,,,,,,0.000,,,,,,,,,,
99381000000687018,2020-02-24,99381000000098082,Cochin,,PO-00017,,Billed,AXIS ELECTRONICS,,FALSE,UK,KL,business_gst,05AMDPS1287L1ZP,false,INR,1.000000000000,Compact 1,,,,,,N/A,,700.00,,,,,,,,FREIGHT,1.00,0.00,0.00,1.00,,,entity_level,true,0.00,0.0,99381000000006196,IGST18,18.00,126.00,ItemAmount,,service,,,,700.00,33276.00,0.00,Adjustment,0.00,0.000,,,,,,,,0,Due on Receipt,Yes Weigh ,"Regd office : 49/468A, CITY CENTER 2F VYTTILA ,ERNAKULAM, 682019",COCHIN,Kerala,India,683503,8803333444,,,,,,,,,,,,0.000,,,,,,,,,,
99381000000691074,2020-02-25,99381000000098082,Cochin,,PO-00018,,Partially Billed,Amul Scales,84231000,FALSE,GJ,KL,business_gst,24ASEPD6762E1Z0,false,INR,1.000000000000,Compact 1,,,,,,Inventory Asset,,1200.00,Table Top 300X230 MS Pole 6v,99381000000738002,TT300X230MSPOLE6V,,,,,,100.00,0.00,0.00,51.00,nos,Cochin,entity_level,true,0.00,0.0,99381000000006196,IGST18,18.00,21600.00,ItemAmount,,goods,,,,120000.00,141600.00,0.00,Adjustment,0.00,0.000,,,,,,,,0,Due on Receipt,Yes Weigh ,"Regd office : 49/468A, CITY CENTER 2F VYTTILA ,ERNAKULAM, 682019",COCHIN,Kerala,India,683503,8803333444,,,,,,,,,,,,0.000,,,,,,,,,,
99381000000714022,2020-03-09,99381000000098082,Cochin,,PO-00019,,Billed,Sonic Weighing System,84231000,FALSE,KA,KL,business_gst,29BYZPK8240C1ZW,false,INR,1.000000000000,Compact 1,,,,,,Inventory Asset,,1750.00,Portable Floor Scale 300x300 SS,99381000000803236,PS300X300SS,,,,,"Max :100kg e:10g Min:200g Class: III
Model : YSP 100",100.00,0.00,0.00,100.00,nos,Cochin,entity_level,true,0.00,0.0,99381000000006196,IGST18,18.00,31500.00,ItemAmount,,goods,,,,175000.00,516250.00,0.00,Adjustment,0.00,0.000,,,,,,,,0,Due on Receipt,Yes Weigh ,"Regd office : 49/468A, CITY CENTER 2F VYTTILA ,ERNAKULAM, 682019",COCHIN,Kerala,India,683503,8803333444,,,,,,,,,,,,0.000,,,,,,,,,,
99381000000714022,2020-03-09,99381000000098082,Cochin,,PO-00019,,Billed,Sonic Weighing System,84231000,FALSE,KA,KL,business_gst,29BYZPK8240C1ZW,false,INR,1.000000000000,Compact 1,,,,,,Inventory Asset,,2600.00,Portable Floor Scale 400x400 SS,99381000000803245,PS400X400SS,,,,,"Max:300kg e:50g Min:1kg Class :III
Model : YSP 300",50.00,0.00,0.00,50.00,nos,Cochin,entity_level,true,0.00,0.0,99381000000006196,IGST18,18.00,23400.00,ItemAmount,,goods,,,,130000.00,516250.00,0.00,Adjustment,0.00,0.000,,,,,,,,0,Due on Receipt,Yes Weigh ,"Regd office : 49/468A, CITY CENTER 2F VYTTILA ,ERNAKULAM, 682019",COCHIN,Kerala,India,683503,8803333444,,,,,,,,,,,,0.000,,,,,,,,,,
99381000000714022,2020-03-09,99381000000098082,Cochin,,PO-00019,,Billed,Sonic Weighing System,84231000,FALSE,KA,KL,business_gst,29BYZPK8240C1ZW,false,INR,1.000000000000,Compact 1,,,,,,Inventory Asset,,2650.00,Portable Floor Scale 400X400 MS,99381000000803254,PS400X400MS,,,,,"Max :300kg e:50g Min:1kg Class: III
Model : YSP 300",50.00,0.00,0.00,50.00,nos,Cochin,entity_level,true,0.00,0.0,99381000000006196,IGST18,18.00,23850.00,ItemAmount,,goods,,,,132500.00,516250.00,0.00,Adjustment,0.00,0.000,,,,,,,,0,Due on Receipt,Yes Weigh ,"Regd office : 49/468A, CITY CENTER 2F VYTTILA ,ERNAKULAM, 682019",COCHIN,Kerala,India,683503,8803333444,,,,,,,,,,,,0.000,,,,,,,,,,
99381000000735153,2020-03-16,99381000000098082,Cochin,,PO-00020,,Billed,Meezan electronic scales Pvt Ltd,84231000,FALSE,KL,KL,business_gst,32AAECM1277C1ZY,false,INR,1.000000000000,Compact 1,,,,,,Inventory Asset,,10716.00,ECS with Printer,99381000000011617,ECS5W,,,,,,300.00,0.00,0.00,300.00,nos,Cochin,entity_level,true,0.00,0.0,99381000000006208,GST18,18.00,578664.00,Tax Group,,goods,,,,3214800.00,5791617.00,0.00,Adjustment,0.00,0.000,,,,,,,,0,Due on Receipt,Yes Weigh ,"Regd office : 49/468A, CITY CENTER 2F VYTTILA ,ERNAKULAM, 682019",COCHIN,Kerala,India,683503,8803333444,,,,,,,,,,,,0.000,,,,,,,,,,
99381000000735153,2020-03-16,99381000000098082,Cochin,,PO-00020,,Billed,Meezan electronic scales Pvt Ltd,84231000,FALSE,KL,KL,business_gst,32AAECM1277C1ZY,false,INR,1.000000000000,Compact 1,,,,,,Inventory Asset,,11289.00,Label Printing scale Q9,99381000000735165,TMAQ9,,,,,,150.00,0.00,0.00,150.00,nos,Cochin,entity_level,true,0.00,0.0,99381000000006208,GST18,18.00,304803.00,Tax Group,,goods,,,,1693350.00,5791617.00,0.00,Adjustment,0.00,0.000,,,,,,,,0,Due on Receipt,Yes Weigh ,"Regd office : 49/468A, CITY CENTER 2F VYTTILA ,ERNAKULAM, 682019",COCHIN,Kerala,India,683503,8803333444,,,,,,,,,,,,0.000,,,,,,,,,,
99381000000796352,2020-04-22,99381000000098082,Cochin,,PO-00024,,Billed,Meezan electronic scales Pvt Ltd,84231000,FALSE,KL,KL,business_gst,32AAECM1277C1ZY,false,INR,1.000000000000,Compact 1,,,,,,Inventory Asset,,3316.00,Electronic weighing scale DJ600,99381000000796329,DJ600,,,,,,68.00,0.00,0.00,68.00,nos,Cochin,entity_level,true,0.00,0.0,99381000000006208,GST18,18.00,40587.84,Tax Group,,goods,,,,225488.00,266075.84,0.00,Adjustment,0.00,0.000,,,,,,,,0,Due on Receipt,Yes Weigh ,"Regd office : 49/468A, CITY CENTER 2F VYTTILA ,ERNAKULAM, 682019",COCHIN,Kerala,India,683503,8803333444,,,,,,,,,,,,0.000,,,,,,,,,,
99381000000799421,2020-04-26,99381000000098082,Cochin,,PO-00025,,Billed,Meezan electronic scales Pvt Ltd,84239020,FALSE,KL,KL,business_gst,32AAECM1277C1ZY,false,INR,1.000000000000,Compact 1,,,,,,Inventory Asset,,14660.00,Jwell Spare Box,99381000000799408,JWELLS,,,,,,1.00,0.00,0.00,1.00,nos,Cochin,entity_level,true,0.00,0.0,99381000000006208,GST18,18.00,2638.80,Tax Group,,goods,,,,14660.00,17298.80,0.00,Adjustment,0.00,0.000,,,,,,,,0,Due on Receipt,Yes Weigh ,"Regd office : 49/468A, CITY CENTER 2F VYTTILA ,ERNAKULAM, 682019",COCHIN,Kerala,India,683503,8803333444,,,,,,,,,,,,0.000,,,,,,,,,,
99381000000889111,2020-05-15,99381000000098082,Cochin,,PO-00028,,Billed,Lotus Impex,90251910,FALSE,MH,KL,business_gst,27BQKPS9737D1Z9,false,INR,1.000000000000,Compact 1,,,,,,Inventory Asset,,2300.00,Infrared Thermometer,99381000000931034,INFRATHERMO,,,,,,50.00,0.00,0.00,50.00,nos,Cochin,entity_level,true,0.00,0.0,99381000000006196,IGST18,18.00,20700.00,ItemAmount,,goods,,,,115000.00,135700.00,0.00,Adjustment,0.00,0.000,,,,,,,,0,Due on Receipt,Yes Weigh ,"Regd office : 49/468A, CITY CENTER 2F VYTTILA ,ERNAKULAM, 682019",COCHIN,Kerala,India,683503,8803333444,,,,,,,,,,,,0.000,,,,,,,,,,
99381000000940393,2020-06-03,99381000000098082,Cochin,,PO-00032,,Billed,Meezan electronic scales Pvt Ltd,84239020,FALSE,KL,KL,business_gst,32AAECM1277C1ZY,false,INR,1.000000000000,Compact 1,,,,,,Inventory Asset,,1650.00,DISPLAY SET FRONT,99381000000306342,ECS808,,,,,,10.00,0.00,0.00,10.00,nos,Cochin,entity_level,true,0.00,0.0,99381000000006208,GST18,18.00,2970.00,Tax Group,,goods,,,,16500.00,28910.00,0.00,Adjustment,0.00,0.000,,,,,,,,0,Due on Receipt,Yes Weigh ,"Regd office : 49/468A, CITY CENTER 2F VYTTILA ,ERNAKULAM, 682019",COCHIN,Kerala,India,683503,8803333444,,,,,,,,,,,,0.000,,,,,,,,,,
99381000000940393,2020-06-03,99381000000098082,Cochin,,PO-00032,,Billed,Meezan electronic scales Pvt Ltd,84239020,FALSE,KL,KL,business_gst,32AAECM1277C1ZY,false,INR,1.000000000000,Compact 1,,,,,,Inventory Asset,,800.00,DISPLAY BACK,99381000000306351,ECS809,,,,,,10.00,0.00,0.00,10.00,nos,Cochin,entity_level,true,0.00,0.0,99381000000006208,GST18,18.00,1440.00,Tax Group,,goods,,,,8000.00,28910.00,0.00,Adjustment,0.00,0.000,,,,,,,,0,Due on Receipt,Yes Weigh ,"Regd office : 49/468A, CITY CENTER 2F VYTTILA ,ERNAKULAM, 682019",COCHIN,Kerala,India,683503,8803333444,,,,,,,,,,,,0.000,,,,,,,,,,
99381000000965153,2020-06-12,99381000000098082,Cochin,,PO-00034,,Billed,Meezan electronic scales Pvt Ltd,84231000,FALSE,KL,KL,business_gst,32AAECM1277C1ZY,false,INR,1.000000000000,Compact 1,,,,,,Inventory Asset,,1369.73,Price Computing scale,99381000000016031,ATMPC,,,,,,1000.00,0.00,0.00,1000.00,nos,Cochin,entity_level,true,0.00,0.0,99381000000006208,GST18,18.00,246551.40,Tax Group,,goods,,,,1369730.00,4110285.00,0.44,Adjustment,0.00,0.000,,,,,,,,0,Due on Receipt,Yes Weigh ,"Regd office : 49/468A, CITY CENTER 2F VYTTILA ,ERNAKULAM, 682019",COCHIN,Kerala,India,683503,8803333444,,,,,,,,,,,,0.000,,,,,,,,,,
99381000000965153,2020-06-12,99381000000098082,Cochin,,PO-00034,,Billed,Meezan electronic scales Pvt Ltd,84231000,FALSE,KL,KL,business_gst,32AAECM1277C1ZY,false,INR,1.000000000000,Compact 1,,,,,,Inventory Asset,,1530.07,Platform scale,99381000000016068,BENCHPC,,,,,,1000.00,0.00,0.00,1000.00,nos,Cochin,entity_level,true,0.00,0.0,99381000000006208,GST18,18.00,275412.60,Tax Group,,goods,,,,1530070.00,4110285.00,0.44,Adjustment,0.00,0.000,,,,,,,,0,Due on Receipt,Yes Weigh ,"Regd office : 49/468A, CITY CENTER 2F VYTTILA ,ERNAKULAM, 682019",COCHIN,Kerala,India,683503,8803333444,,,,,,,,,,,,0.000,,,,,,,,,,
99381000000965153,2020-06-12,99381000000098082,Cochin,,PO-00034,,Billed,Meezan electronic scales Pvt Ltd,84231000,FALSE,KL,KL,business_gst,32AAECM1277C1ZY,false,INR,1.000000000000,Compact 1,,,,,,Inventory Asset,,2622.42,Platform Weighing Scale 200kg/20g,99381000000326157,PFPC400X500SS,,,,,,100.00,0.00,0.00,100.00,nos,Cochin,entity_level,true,0.00,0.0,99381000000006208,GST18,18.00,47203.56,Tax Group,,goods,,,,262242.00,4110285.00,0.44,Adjustment,0.00,0.000,,,,,,,,0,Due on Receipt,Yes Weigh ,"Regd office : 49/468A, CITY CENTER 2F VYTTILA ,ERNAKULAM, 682019",COCHIN,Kerala,India,683503,8803333444,,,,,,,,,,,,0.000,,,,,,,,,,
99381000000965153,2020-06-12,99381000000098082,Cochin,,PO-00034,,Billed,Meezan electronic scales Pvt Ltd,84231000,FALSE,KL,KL,business_gst,32AAECM1277C1ZY,false,INR,1.000000000000,Compact 1,,,,,,Inventory Asset,,3212.50,Platform Weighing Scale 300kg/50g,99381000000326166,PF4560,,,,,,100.00,0.00,0.00,100.00,nos,Cochin,entity_level,true,0.00,0.0,99381000000006208,GST18,18.00,57825.00,Tax Group,,goods,,,,321250.00,4110285.00,0.44,Adjustment,0.00,0.000,,,,,,,,0,Due on Receipt,Yes Weigh ,"Regd office : 49/468A, CITY CENTER 2F VYTTILA ,ERNAKULAM, 682019",COCHIN,Kerala,India,683503,8803333444,,,,,,,,,,,,0.000,,,,,,,,,,
99381000001003081,2020-06-20,99381000000098082,Cochin,,PO-00035,SO-00090,Billed,Elmass System & Services,998729,FALSE,KL,KL,business_gst,32AACFE8918M1Z7,false,INR,1.000000000000,Compact 1,SO-00090,STAMPING PLATES FOR GLOBAL MEASUREMENT YS745,,,,Inventory Asset,,565.00,Stamping Fees 500kg,99381000000590328,SF500,,,,,,1.00,0.00,0.00,1.00,nos,Cochin,entity_level,true,0.00,0.0,99381000000006208,GST18,18.00,101.70,Tax Group,,goods,,,,565.00,667.00,0.30,Adjustment,0.00,0.000,,,,,,,,0,Due on Receipt,Yes Weigh ,"Regd office : 49/468A, CITY CENTER 2F VYTTILA ,ERNAKULAM, 682019",COCHIN,Kerala,India,683503,8803333444,,,,,,,,,,,,0.000,,,,,,,,,,
99381000001171161,2020-07-29,99381000000098082,Cochin,,PO-00043,,Billed,Meezan electronic scales Pvt Ltd,84231000,FALSE,KL,KL,business_gst,32AAECM1277C1ZY,false,INR,1.000000000000,Compact 1,,,,,,Inventory Asset,,1352.69,Price Computing scale,99381000000016031,ATMPC,,,,,,1000.00,0.00,0.00,1000.00,nos,Cochin,entity_level,false,0.00,0.000,99381000000006208,GST18,18.00,243484.20,Tax Group,,goods,,,,1352690.00,3697558.00,0.00,Adjustment,0.00,0.080,Bank Fees and Charges,,,,,,,0,Due on Receipt,Yes Weigh ,"Regd office : 49/468A, CITY CENTER 2F VYTTILA ,ERNAKULAM, 682019",COCHIN,Kerala,India,683503,8803333444,,,,,,,,,,,,0.000,,,,,,,,,,
99381000001171161,2020-07-29,99381000000098082,Cochin,,PO-00043,,Billed,Meezan electronic scales Pvt Ltd,84231000,FALSE,KL,KL,business_gst,32AAECM1277C1ZY,false,INR,1.000000000000,Compact 1,,,,,,Inventory Asset,,1461.50,Price Computing Scale-W,99381000000035371,ATMPCW,,,,,,100.00,0.00,0.00,100.00,nos,Cochin,entity_level,false,0.00,0.000,99381000000006208,GST18,18.00,26307.00,Tax Group,,goods,,,,146150.00,3697558.00,0.00,Adjustment,0.00,0.080,Bank Fees and Charges,,,,,,,0,Due on Receipt,Yes Weigh ,"Regd office : 49/468A, CITY CENTER 2F VYTTILA ,ERNAKULAM, 682019",COCHIN,Kerala,India,683503,8803333444,,,,,,,,,,,,0.000,,,,,,,,,,
99381000001171161,2020-07-29,99381000000098082,Cochin,,PO-00043,,Billed,Meezan electronic scales Pvt Ltd,84231000,FALSE,KL,KL,business_gst,32AAECM1277C1ZY,false,INR,1.000000000000,Compact 1,,,,,,Inventory Asset,,1516.73,Platform scale,99381000000016068,BENCHPC,,,,,,700.00,0.00,0.00,700.00,nos,Cochin,entity_level,false,0.00,0.000,99381000000006208,GST18,18.00,191107.98,Tax Group,,goods,,,,1061711.00,3697558.00,0.00,Adjustment,0.00,0.080,Bank Fees and Charges,,,,,,,0,Due on Receipt,Yes Weigh ,"Regd office : 49/468A, CITY CENTER 2F VYTTILA ,ERNAKULAM, 682019",COCHIN,Kerala,India,683503,8803333444,,,,,,,,,,,,0.000,,,,,,,,,,
99381000001171161,2020-07-29,99381000000098082,Cochin,,PO-00043,,Billed,Meezan electronic scales Pvt Ltd,84231000,FALSE,KL,KL,business_gst,32AAECM1277C1ZY,false,INR,1.000000000000,Compact 1,,,,,,Inventory Asset,,2598.50,Platform Weighing Scale 200kg/20g,99381000000326157,PFPC400X500SS,,,,,,50.00,0.00,0.00,50.00,nos,Cochin,entity_level,false,0.00,0.000,99381000000006208,GST18,18.00,23386.50,Tax Group,,goods,,,,129925.00,3697558.00,0.00,Adjustment,0.00,0.080,Bank Fees and Charges,,,,,,,0,Due on Receipt,Yes Weigh ,"Regd office : 49/468A, CITY CENTER 2F VYTTILA ,ERNAKULAM, 682019",COCHIN,Kerala,India,683503,8803333444,,,,,,,,,,,,0.000,,,,,,,,,,
99381000001171161,2020-07-29,99381000000098082,Cochin,,PO-00043,,Billed,Meezan electronic scales Pvt Ltd,84231000,FALSE,KL,KL,business_gst,32AAECM1277C1ZY,false,INR,1.000000000000,Compact 1,,,,,,Inventory Asset,,3179.66,Platform Weighing Scale 300kg/50g,99381000000326166,PF4560,,,,,,50.00,0.00,0.00,50.00,nos,Cochin,entity_level,false,0.00,0.000,99381000000006208,GST18,18.00,28616.94,Tax Group,,goods,,,,158983.00,3697558.00,0.00,Adjustment,0.00,0.080,Bank Fees and Charges,,,,,,,0,Due on Receipt,Yes Weigh ,"Regd office : 49/468A, CITY CENTER 2F VYTTILA ,ERNAKULAM, 682019",COCHIN,Kerala,India,683503,8803333444,,,,,,,,,,,,0.000,,,,,,,,,,
99381000001171161,2020-07-29,99381000000098082,Cochin,,PO-00043,,Billed,Meezan electronic scales Pvt Ltd,84231000,FALSE,KL,KL,business_gst,32AAECM1277C1ZY,false,INR,1.000000000000,Compact 1,,,,,,Inventory Asset,,3719.38,Platform Weighing Scale 500kgx50g MS,99381000000326175,PF60MS,,,,,,50.00,0.00,0.00,50.00,nos,Cochin,entity_level,false,0.00,0.000,99381000000006208,GST18,18.00,33474.42,Tax Group,,goods,,,,185969.00,3697558.00,0.00,Adjustment,0.00,0.080,Bank Fees and Charges,,,,,,,0,Due on Receipt,Yes Weigh ,"Regd office : 49/468A, CITY CENTER 2F VYTTILA ,ERNAKULAM, 682019",COCHIN,Kerala,India,683503,8803333444,,,,,,,,,,,,0.000,,,,,,,,,,
99381000001171161,2020-07-29,99381000000098082,Cochin,,PO-00043,,Billed,Meezan electronic scales Pvt Ltd,84231000,FALSE,KL,KL,business_gst,32AAECM1277C1ZY,false,INR,1.000000000000,Compact 1,,,,,,Inventory Asset,,9809.58,Platform Weighing Scale 1000kg/100g (Trolley),99381000000326192,PFPC600X800MS,,,,,,10.00,0.00,0.00,10.00,nos,Cochin,entity_level,false,0.00,0.000,99381000000006208,GST18,18.00,17657.24,Tax Group,,goods,,,,98095.80,3697558.00,0.00,Adjustment,0.00,0.080,Bank Fees and Charges,,,,,,,0,Due on Receipt,Yes Weigh ,"Regd office : 49/468A, CITY CENTER 2F VYTTILA ,ERNAKULAM, 682019",COCHIN,Kerala,India,683503,8803333444,,,,,,,,,,,,0.000,,,,,,,,,,
99381000001256255,2020-08-14,99381000000098082,Cochin,,PO-00047,,Billed,Meezan electronic scales Pvt Ltd,84231000,FALSE,KL,KL,business_gst,32AAECM1277C1ZY,false,INR,1.000000000000,Compact 1,,,,,,Inventory Asset,,1315.68,ATM JUNIOR YS669,99381000001247038,YS669,,,,,"Make : YESWEIGH Model : YSP-20
Max : 20kg e:2g Min:40g
Class : III",1200.00,0.00,0.00,1200.00,nos,Cochin,entity_level,true,0.00,0.0,99381000000006208,GST18,18.00,284186.88,Tax Group,,goods,,,,1578816.00,2229140.36,0.00,Adjustment,0.00,0.000,,,,,,,,0,Due on Receipt,Yes Weigh ,"Regd office : 49/468A, CITY CENTER 2F VYTTILA ,ERNAKULAM, 682019",COCHIN,Kerala,India,683503,8803333444,,,,,,,,,,,,0.000,,,,,,,,,,
99381000001256255,2020-08-14,99381000000098082,Cochin,,PO-00047,,Billed,Meezan electronic scales Pvt Ltd,84231000,FALSE,KL,KL,business_gst,32AAECM1277C1ZY,false,INR,1.000000000000,Compact 1,,,,,,Inventory Asset,,1551.43,Price Computing Scale-T,99381000000035362,ATMPCT,,,,,,200.00,0.00,0.00,200.00,nos,Cochin,entity_level,true,0.00,0.0,99381000000006208,GST18,18.00,55851.48,Tax Group,,goods,,,,310286.00,2229140.36,0.00,Adjustment,0.00,0.000,,,,,,,,0,Due on Receipt,Yes Weigh ,"Regd office : 49/468A, CITY CENTER 2F VYTTILA ,ERNAKULAM, 682019",COCHIN,Kerala,India,683503,8803333444,,,,,,,,,,,,0.000,,,,,,,,,,
99381000001312046,2020-08-26,99381000000098082,Cochin,,PO-00051,,Billed,Shanghai Yousheng Weighing Apparatus Co. Ltd.,84239010,FALSE,,KL,overseas,,false,USD,74.305246000000,Compact 1,,,,,,Inventory Asset,,115.00,Bill Printing scale Q8POS,99381000000011617,ECS5W,,,,,,1000.00,0.00,0.00,1000.00,nos,Cochin,entity_level,true,0.00,0.0,,,,,,,goods,,,,115000.00,122650.00,0.00,Adjustment,0.00,0.000,,,,,,,,0,Due on Receipt,Yes Weigh ,"Regd office : 49/468A, CITY CENTER 2F VYTTILA ,ERNAKULAM, 682019",COCHIN,Kerala,India,683503,8803333444,,,,,,,,,,,,0.000,,,,,,,,,,
99381000001312046,2020-08-26,99381000000098082,Cochin,,PO-00051,,Billed,Shanghai Yousheng Weighing Apparatus Co. Ltd.,83030000,FALSE,,KL,overseas,,false,USD,74.305246000000,Compact 1,,,,,,Inventory Asset,,20.00,Cash Box,99381000000343208,ECSCD,,,,,,162.00,0.00,0.00,162.00,nos,Cochin,entity_level,true,0.00,0.0,,,,,,,goods,,,,3240.00,122650.00,0.00,Adjustment,0.00,0.000,,,,,,,,0,Due on Receipt,Yes Weigh ,"Regd office : 49/468A, CITY CENTER 2F VYTTILA ,ERNAKULAM, 682019",COCHIN,Kerala,India,683503,8803333444,,,,,,,,,,,,0.000,,,,,,,,,,
99381000001312046,2020-08-26,99381000000098082,Cochin,,PO-00051,,Billed,Shanghai Yousheng Weighing Apparatus Co. Ltd.,84239020,FALSE,,KL,overseas,,false,USD,74.305246000000,Compact 1,,,,,,Inventory Asset,,2205.00,Spare Parts,99381000001847007,SPARE,,,,,,2.00,0.00,0.00,2.00,box,Cochin,entity_level,true,0.00,0.0,,,,,,,goods,,,,4410.00,122650.00,0.00,Adjustment,0.00,0.000,,,,,,,,0,Due on Receipt,Yes Weigh ,"Regd office : 49/468A, CITY CENTER 2F VYTTILA ,ERNAKULAM, 682019",COCHIN,Kerala,India,683503,8803333444,,,,,,,,,,,,0.000,,,,,,,,,,
99381000001343001,2020-09-04,99381000000098082,Cochin,,PO-00053,,Billed,Zhejiang Sifang Import and Export Co. Ltd,84231000,FALSE,,KL,overseas,,false,USD,73.136839000000,Compact 1,,,,,,Inventory Asset,,29.80,Platform Weighing Scale 200kg/20g,99381000000326157,PFPC400X500SS,,,,,,300.00,0.00,0.00,300.00,nos,Cochin,entity_level,true,0.00,0.0,,,,,,,goods,,,,8940.00,30020.00,0.00,Adjustment,0.00,0.000,,,,,,,,0,Due on Receipt,Yes Weigh ,"Regd office : 49/468A, CITY CENTER 2F VYTTILA ,ERNAKULAM, 682019",COCHIN,Kerala,India,683503,8803333444,,,,,,,,,,,,0.000,,,,,,,,,,
99381000001343001,2020-09-04,99381000000098082,Cochin,,PO-00053,,Billed,Zhejiang Sifang Import and Export Co. Ltd,84231000,FALSE,,KL,overseas,,false,USD,73.136839000000,Compact 1,,,,,,Inventory Asset,,36.50,Platform Weighing Scale 300kg/50g,99381000000326166,PF4560,,,,,,50.00,0.00,0.00,50.00,nos,Cochin,entity_level,true,0.00,0.0,,,,,,,goods,,,,1825.00,30020.00,0.00,Adjustment,0.00,0.000,,,,,,,,0,Due on Receipt,Yes Weigh ,"Regd office : 49/468A, CITY CENTER 2F VYTTILA ,ERNAKULAM, 682019",COCHIN,Kerala,India,683503,8803333444,,,,,,,,,,,,0.000,,,,,,,,,,
99381000001343001,2020-09-04,99381000000098082,Cochin,,PO-00053,,Billed,Zhejiang Sifang Import and Export Co. Ltd,84239020,FALSE,,KL,overseas,,false,USD,73.136839000000,Compact 1,,,,,,Inventory Asset,,26.80,Plateform Weighing Scale 100kgx10g MS,99381000001476013,PFPC400X400MS,,,,,,400.00,0.00,0.00,400.00,nos,Cochin,entity_level,true,0.00,0.0,,,,,,,goods,,,,10720.00,30020.00,0.00,Adjustment,0.00,0.000,,,,,,,,0,Due on Receipt,Yes Weigh ,"Regd office : 49/468A, CITY CENTER 2F VYTTILA ,ERNAKULAM, 682019",COCHIN,Kerala,India,683503,8803333444,,,,,,,,,,,,0.000,,,,,,,,,,
99381000001343001,2020-09-04,99381000000098082,Cochin,,PO-00053,,Billed,Zhejiang Sifang Import and Export Co. Ltd,84231000,FALSE,,KL,overseas,,false,USD,73.136839000000,Compact 1,,,,,,Inventory Asset,,42.00,Platform Weighing Scale 500kgx50g MS,99381000000326175,PF60MS,,,,,,150.00,0.00,0.00,150.00,nos,Cochin,entity_level,true,0.00,0.0,,,,,,,goods,,,,6300.00,30020.00,0.00,Adjustment,0.00,0.000,,,,,,,,0,Due on Receipt,Yes Weigh ,"Regd office : 49/468A, CITY CENTER 2F VYTTILA ,ERNAKULAM, 682019",COCHIN,Kerala,India,683503,8803333444,,,,,,,,,,,,0.000,,,,,,,,,,
99381000001343001,2020-09-04,99381000000098082,Cochin,,PO-00053,,Billed,Zhejiang Sifang Import and Export Co. Ltd,84239020,FALSE,,KL,overseas,,false,USD,73.136839000000,Compact 1,,,,,,Inventory Asset,,42.70,Platform Weighing Scale 100kgx10g SS,99381000001476030,PFPC420X520SS,,,,,,50.00,0.00,0.00,50.00,nos,Cochin,entity_level,true,0.00,0.0,,,,,,,goods,,,,2135.00,30020.00,0.00,Adjustment,0.00,0.000,,,,,,,,0,Due on Receipt,Yes Weigh ,"Regd office : 49/468A, CITY CENTER 2F VYTTILA ,ERNAKULAM, 682019",COCHIN,Kerala,India,683503,8803333444,,,,,,,,,,,,0.000,,,,,,,,,,
99381000001343001,2020-09-04,99381000000098082,Cochin,,PO-00053,,Billed,Zhejiang Sifang Import and Export Co. Ltd,84239020,FALSE,,KL,overseas,,false,USD,73.136839000000,Compact 1,,,,,,Inventory Asset,,50.00,Spare Parts,99381000001847007,SPARE,,,,,,2.00,0.00,0.00,2.00,box,Cochin,entity_level,true,0.00,0.0,,,,,,,goods,,,,100.00,30020.00,0.00,Adjustment,0.00,0.000,,,,,,,,0,Due on Receipt,Yes Weigh ,"Regd office : 49/468A, CITY CENTER 2F VYTTILA ,ERNAKULAM, 682019",COCHIN,Kerala,India,683503,8803333444,,,,,,,,,,,,0.000,,,,,,,,,,
99381000001418005,2020-09-22,99381000000098082,Cochin,,PO-00055,,Billed,Zhejiang Sifang Import and Export Co. Ltd,84231000,FALSE,,KL,overseas,,false,USD,73.578103000000,Compact 1,,,,,,Inventory Asset,,15.60,Price Computing scale,99381000000016031,ATMPC,,,,,Max:20kg  e:2g  Min:40g  ,1650.00,0.00,0.00,1650.00,nos,Cochin,entity_level,true,0.00,0.0,,,,,,,goods,,,,25740.00,98421.20,0.00,Adjustment,0.00,0.000,,,,,,,,0,Due on Receipt,Yes Weigh ,"Regd office : 49/468A, CITY CENTER 2F VYTTILA ,ERNAKULAM, 682019",COCHIN,Kerala,India,683503,8803333444,,,,,,,,,,,,0.000,,,,,,,,,,
99381000001418005,2020-09-22,99381000000098082,Cochin,,PO-00055,,Billed,Zhejiang Sifang Import and Export Co. Ltd,84231000,FALSE,,KL,overseas,,false,USD,73.578103000000,Compact 1,,,,,,Inventory Asset,,15.60,ATM JUNIOR YS669,99381000001247038,YS669,,,,,"Make : YESWEIGH Model : YSP-20
Max : 20kg e:2g Min:40g
Class : III",1650.00,0.00,0.00,1650.00,nos,Cochin,entity_level,true,0.00,0.0,,,,,,,goods,,,,25740.00,98421.20,0.00,Adjustment,0.00,0.000,,,,,,,,0,Due on Receipt,Yes Weigh ,"Regd office : 49/468A, CITY CENTER 2F VYTTILA ,ERNAKULAM, 682019",COCHIN,Kerala,India,683503,8803333444,,,,,,,,,,,,0.000,,,,,,,,,,
99381000001418005,2020-09-22,99381000000098082,Cochin,,PO-00055,,Billed,Zhejiang Sifang Import and Export Co. Ltd,84231000,FALSE,,KL,overseas,,false,USD,73.578103000000,Compact 1,,,,,,Inventory Asset,,17.85,Platform scale,99381000000016068,BENCHPC,,,,,Max:50kg  e:5g  Min:100g ,2112.00,0.00,0.00,2112.00,nos,Cochin,entity_level,true,0.00,0.0,,,,,,,goods,,,,37699.20,98421.20,0.00,Adjustment,0.00,0.000,,,,,,,,0,Due on Receipt,Yes Weigh ,"Regd office : 49/468A, CITY CENTER 2F VYTTILA ,ERNAKULAM, 682019",COCHIN,Kerala,India,683503,8803333444,,,,,,,,,,,,0.000,,,,,,,,,,
99381000001418005,2020-09-22,99381000000098082,Cochin,,PO-00055,,Billed,Zhejiang Sifang Import and Export Co. Ltd,84231000,FALSE,,KL,overseas,,false,USD,73.578103000000,Compact 1,,,,,,Inventory Asset,,40.75,Electronic weighing scale DJ600,99381000000796329,DJ600,,,,,,200.00,0.00,0.00,200.00,nos,Cochin,entity_level,true,0.00,0.0,,,,,,,goods,,,,8150.00,98421.20,0.00,Adjustment,0.00,0.000,,,,,,,,0,Due on Receipt,Yes Weigh ,"Regd office : 49/468A, CITY CENTER 2F VYTTILA ,ERNAKULAM, 682019",COCHIN,Kerala,India,683503,8803333444,,,,,,,,,,,,0.000,,,,,,,,,,
99381000001418005,2020-09-22,99381000000098082,Cochin,,PO-00055,,Billed,Zhejiang Sifang Import and Export Co. Ltd,84239020,FALSE,,KL,overseas,,false,USD,73.578103000000,Compact 1,,,,,,Inventory Asset,,84.00,Spare Parts,99381000001847007,SPARE,,,,,,13.00,0.00,0.00,13.00,box,Cochin,entity_level,true,0.00,0.0,,,,,,,goods,,,,1092.00,98421.20,0.00,Adjustment,0.00,0.000,,,,,,,,0,Due on Receipt,Yes Weigh ,"Regd office : 49/468A, CITY CENTER 2F VYTTILA ,ERNAKULAM, 682019",COCHIN,Kerala,India,683503,8803333444,,,,,,,,,,,,0.000,,,,,,,,,,
99381000001804382,2020-11-20,99381000000098082,Cochin,,PO-00061,,Billed,Accurate Trade Links,84239020,FALSE,KL,KL,business_gst,32AHJPK1741Q1Z4,true,INR,1.000000000000,Compact 1,,,,,,Inventory Asset,,1150.00,SMPS 7V,99381000000306148,ECS817,,,,,,2.00,0.00,0.00,2.00,nos,Cochin,entity_level,true,0.00,0.0,99381000000006208,GST18,18.00,350.84,Tax Group,,goods,,,,1949.16,2300.00,0.00,Round off,0.00,0.000,,,,,,,,0,Due on Receipt,Yes Weigh ,"Regd office : 49/468A, CITY CENTER 2F VYTTILA ,ERNAKULAM, 682019",COCHIN,Kerala,India,683503,8803333444,,,,,,,,,,,,0.000,,,,,,,,,,
99381000001867267,2020-11-28,99381000000098082,Cochin,,PO-00062,,Billed,AXIS ELECTRONICS,90319000,FALSE,UK,KL,business_gst,05AMDPS1287L1ZP,false,INR,1.000000000000,Compact 1,,,,,,Inventory Asset,,230.00,K12 -MOTHER BOARD,99381000001867233,K1201,,,,,,5.00,0.00,0.00,5.00,,Cochin,entity_level,true,0.00,0.0,99381000000006196,IGST18,18.00,207.00,ItemAmount,,goods,,,,1150.00,2507.50,0.00,Adjustment,0.00,0.000,,,,,,,,0,Due on Receipt,Yes Weigh ,"Regd office : 49/468A, CITY CENTER 2F VYTTILA ,ERNAKULAM, 682019",COCHIN,Kerala,India,683503,8803333444,,,,,,,,,,,,0.000,,,,,,,,,,
99381000001867267,2020-11-28,99381000000098082,Cochin,,PO-00062,,Billed,AXIS ELECTRONICS,8471,FALSE,UK,KL,business_gst,05AMDPS1287L1ZP,false,INR,1.000000000000,Compact 1,,,,,,Inventory Asset,,15.00,K12 DOME KEYPAD,99381000001867245,K1202,,,,,,5.00,0.00,0.00,5.00,,Cochin,entity_level,true,0.00,0.0,99381000000006196,IGST18,18.00,13.50,ItemAmount,,goods,,,,75.00,2507.50,0.00,Adjustment,0.00,0.000,,,,,,,,0,Due on Receipt,Yes Weigh ,"Regd office : 49/468A, CITY CENTER 2F VYTTILA ,ERNAKULAM, 682019",COCHIN,Kerala,India,683503,8803333444,,,,,,,,,,,,0.000,,,,,,,,,,
99381000001867267,2020-11-28,99381000000098082,Cochin,,PO-00062,,Billed,AXIS ELECTRONICS,8504,FALSE,UK,KL,business_gst,05AMDPS1287L1ZP,false,INR,1.000000000000,Compact 1,,,,,,Inventory Asset,,100.00,K12 TRANSFORMER,99381000001867257,K1203,,,,,,5.00,0.00,0.00,5.00,,Cochin,entity_level,true,0.00,0.0,99381000000006196,IGST18,18.00,90.00,ItemAmount,,goods,,,,500.00,2507.50,0.00,Adjustment,0.00,0.000,,,,,,,,0,Due on Receipt,Yes Weigh ,"Regd office : 49/468A, CITY CENTER 2F VYTTILA ,ERNAKULAM, 682019",COCHIN,Kerala,India,683503,8803333444,,,,,,,,,,,,0.000,,,,,,,,,,
99381000001867267,2020-11-28,99381000000098082,Cochin,,PO-00062,,Billed,AXIS ELECTRONICS,9968,FALSE,UK,KL,business_gst,05AMDPS1287L1ZP,false,INR,1.000000000000,Compact 1,,,,,,Cost of Goods Sold,,400.00,Freight Charges,99381000000557009,COCS,,,,,,1.00,0.00,0.00,1.00,kg,,entity_level,true,0.00,0.0,99381000000006196,IGST18,18.00,72.00,ItemAmount,,service,,,,400.00,2507.50,0.00,Adjustment,0.00,0.000,,,,,,,,0,Due on Receipt,Yes Weigh ,"Regd office : 49/468A, CITY CENTER 2F VYTTILA ,ERNAKULAM, 682019",COCHIN,Kerala,India,683503,8803333444,,,,,,,,,,,,0.000,,,,,,,,,,
99381000001933039,2020-12-10,99381000000098082,Cochin,,PO-00063,,Billed,SAFAL ENTERPRISE,84239010,FALSE,GJ,KL,business_gst,24AFSPP3726R1ZK,false,INR,1.000000000000,Compact 1,,,,,,Inventory Asset,,1850.00,CHICKEN SCALE 100 KG SS,99381000001933001,CS300X300SS,,,,,,300.00,0.00,0.00,300.00,nos,Cochin,entity_level,true,0.00,0.0,99381000000006196,IGST18,18.00,99900.00,ItemAmount,,goods,,,,555000.00,1593000.00,0.00,Adjustment,0.00,0.000,,,,,,,,0,Due on Receipt,Yes Weigh ,"Regd office : 49/468A, CITY CENTER 2F VYTTILA ,ERNAKULAM, 682019",COCHIN,Kerala,India,683503,8803333444,,,,,,,,,,,,0.000,,,,,,,,,,
99381000001933039,2020-12-10,99381000000098082,Cochin,,PO-00063,,Billed,SAFAL ENTERPRISE,84239010,FALSE,GJ,KL,business_gst,24AFSPP3726R1ZK,false,INR,1.000000000000,Compact 1,,,,,,Inventory Asset,,2650.00,CHICKEN SCALE 300KG SS,99381000001933011,CS400X400SS,,,,,,200.00,0.00,0.00,200.00,nos,Cochin,entity_level,true,0.00,0.0,99381000000006196,IGST18,18.00,95400.00,ItemAmount,,goods,,,,530000.00,1593000.00,0.00,Adjustment,0.00,0.000,,,,,,,,0,Due on Receipt,Yes Weigh ,"Regd office : 49/468A, CITY CENTER 2F VYTTILA ,ERNAKULAM, 682019",COCHIN,Kerala,India,683503,8803333444,,,,,,,,,,,,0.000,,,,,,,,,,
99381000001933039,2020-12-10,99381000000098082,Cochin,,PO-00063,,Billed,SAFAL ENTERPRISE,84239010,FALSE,GJ,KL,business_gst,24AFSPP3726R1ZK,false,INR,1.000000000000,Compact 1,,,,,,Inventory Asset,,2650.00,CHICKEN SCALE 300KG MS,99381000001933021,CS400X400MS,,,,,,100.00,0.00,0.00,100.00,nos,Cochin,entity_level,true,0.00,0.0,99381000000006196,IGST18,18.00,47700.00,ItemAmount,,goods,,,,265000.00,1593000.00,0.00,Adjustment,0.00,0.000,,,,,,,,0,Due on Receipt,Yes Weigh ,"Regd office : 49/468A, CITY CENTER 2F VYTTILA ,ERNAKULAM, 682019",COCHIN,Kerala,India,683503,8803333444,,,,,,,,,,,,0.000,,,,,,,,,,
99381000002001010,2020-12-18,99381000000098082,Cochin,,PO-00064,,Partially Billed,Shanghai Yousheng Weighing Apparatus Co. Ltd.,84231000,FALSE,,KL,overseas,,false,USD,73.518600000000,Compact 1,,,,,,Inventory Asset,,115.00,Label Printing scale Q9,99381000000735165,TMAQ9,,,,,,200.00,0.00,0.00,200.00,nos,Cochin,entity_level,true,0.00,0.0,,,,,,,goods,,,,23000.00,46150.00,0.00,Adjustment,0.00,0.000,,,,,,,,0,Due on Receipt,Yes Weigh ,"Regd office : 49/468A, CITY CENTER 2F VYTTILA ,ERNAKULAM, 682019",COCHIN,Kerala,India,683503,8803333444,,,,,,,,,,,,0.000,,,,,,,,,,
99381000002001010,2020-12-18,99381000000098082,Cochin,,PO-00064,,Partially Billed,Shanghai Yousheng Weighing Apparatus Co. Ltd.,84239020,FALSE,,KL,overseas,,false,USD,73.518600000000,Compact 1,,,,,,Inventory Asset,,150.00,Spare Parts,99381000001847007,SPARE,,,,,,1.00,0.00,0.00,1.00,box,Cochin,entity_level,true,0.00,0.0,,,,,,,goods,,,,150.00,46150.00,0.00,Adjustment,0.00,0.000,,,,,,,,0,Due on Receipt,Yes Weigh ,"Regd office : 49/468A, CITY CENTER 2F VYTTILA ,ERNAKULAM, 682019",COCHIN,Kerala,India,683503,8803333444,,,,,,,,,,,,0.000,,,,,,,,,,
99381000002001010,2020-12-18,99381000000098082,Cochin,,PO-00064,,Partially Billed,Shanghai Yousheng Weighing Apparatus Co. Ltd.,84231000,FALSE,,KL,overseas,,false,USD,73.518600000000,Compact 1,,,,,,Cost of Goods Sold,,115.00,Label Printing scale Q9LBL,99381000002529005,Q9LBLB,,,,,,200.00,0.00,0.00,0.00,nos,,entity_level,true,0.00,0.0,,,,,,,goods,,,,23000.00,46150.00,0.00,Adjustment,0.00,0.000,,,,,,,,0,Due on Receipt,Yes Weigh ,"Regd office : 49/468A, CITY CENTER 2F VYTTILA ,ERNAKULAM, 682019",COCHIN,Kerala,India,683503,8803333444,,,,,,,,,,,,0.000,,,,,,,,,,
99381000002013026,2020-12-19,99381000000098082,Cochin,,PO-00065,,Billed,Zhejiang Sifang Import and Export Co. Ltd,84238190,FALSE,,KL,overseas,,false,USD,73.605182000000,Compact 1,,,,,,Inventory Asset,,16.00,Price Computing scale,99381000000016031,ATMPC,,,,,Max:20kg  e:2g  Min:40g  ,1670.00,0.00,0.00,1670.00,nos,Cochin,entity_level,true,0.00,0.0,,,,,,,goods,,,,26720.00,90616.20,0.00,Adjustment,0.00,0.000,,,,,,,,0,Due on Receipt,Yes Weigh ,"Regd office : 49/468A, CITY CENTER 2F VYTTILA ,ERNAKULAM, 682019",COCHIN,Kerala,India,683503,8803333444,,,,,,,,,,,,0.000,,,,,,,,,,
99381000002013026,2020-12-19,99381000000098082,Cochin,,PO-00065,,Billed,Zhejiang Sifang Import and Export Co. Ltd,84238190,FALSE,,KL,overseas,,false,USD,73.605182000000,Compact 1,,,,,,Inventory Asset,,15.20,ATM JUNIOR YS669,99381000001247038,YS669,,,,,"Make : YESWEIGH Model : YSP-20
Max : 20kg e:2g Min:40g
Class : III",1700.00,0.00,0.00,1700.00,nos,Cochin,entity_level,true,0.00,0.0,,,,,,,goods,,,,25840.00,90616.20,0.00,Adjustment,0.00,0.000,,,,,,,,0,Due on Receipt,Yes Weigh ,"Regd office : 49/468A, CITY CENTER 2F VYTTILA ,ERNAKULAM, 682019",COCHIN,Kerala,India,683503,8803333444,,,,,,,,,,,,0.000,,,,,,,,,,
99381000002013026,2020-12-19,99381000000098082,Cochin,,PO-00065,,Billed,Zhejiang Sifang Import and Export Co. Ltd,84238290,FALSE,,KL,overseas,,false,USD,73.605182000000,Compact 1,,,,,,Inventory Asset,,17.85,Platform scale,99381000000016068,BENCHPC,,,,,Max:50kg  e:5g  Min:100g ,2132.00,0.00,0.00,2132.00,nos,Cochin,entity_level,true,0.00,0.0,,,,,,,goods,,,,38056.20,90616.20,0.00,Adjustment,0.00,0.000,,,,,,,,0,Due on Receipt,Yes Weigh ,"Regd office : 49/468A, CITY CENTER 2F VYTTILA ,ERNAKULAM, 682019",COCHIN,Kerala,India,683503,8803333444,,,,,,,,,,,,0.000,,,,,,,,,,
99381000002069001,2020-12-24,99381000000098082,Cochin,,PO-00066,,Billed,SAFAL ENTERPRISE,84231000,FALSE,GJ,KL,business_gst,24AFSPP3726R1ZK,false,INR,1.000000000000,Compact 1,,,,,,Inventory Asset,,950.00,Table Top Scale 220x170 ABS 4 Volt,99381000000349058,CH4VSF,,,,,Max :20kg e:2gm Min: 40g Class III,150.00,0.00,0.00,150.00,nos,Cochin,entity_level,true,0.00,0.0,99381000000006196,IGST18,18.00,25650.00,ItemAmount,,goods,,,,142500.00,601800.00,0.00,Adjustment,0.00,0.000,,,,,,,,0,Due on Receipt,Yes Weigh ,"Regd office : 49/468A, CITY CENTER 2F VYTTILA ,ERNAKULAM, 682019",COCHIN,Kerala,India,683503,8803333444,,,,,,,,,,,,0.000,,,,,,,,,,
99381000002069001,2020-12-24,99381000000098082,Cochin,,PO-00066,,Billed,SAFAL ENTERPRISE,84231000,FALSE,GJ,KL,business_gst,24AFSPP3726R1ZK,false,INR,1.000000000000,Compact 1,,,,,,Inventory Asset,,1050.00,Table Top Scale  220x170 ABS 6 Volt,99381000000562040,TTABS6V,,,,,Max : 20kg e:2gm Min: 40g Class III,350.00,0.00,0.00,350.00,nos,Cochin,entity_level,true,0.00,0.0,99381000000006196,IGST18,18.00,66150.00,ItemAmount,,goods,,,,367500.00,601800.00,0.00,Adjustment,0.00,0.000,,,,,,,,0,Due on Receipt,Yes Weigh ,"Regd office : 49/468A, CITY CENTER 2F VYTTILA ,ERNAKULAM, 682019",COCHIN,Kerala,India,683503,8803333444,,,,,,,,,,,,0.000,,,,,,,,,,
99381000002149294,2021-01-06,99381000000098082,Cochin,,PO-00067,,Billed,V H ENTERPRISE,84239020,FALSE,GJ,KL,business_gst,24AYOPS5704K1ZY,false,INR,1.000000000000,Compact 1,,,,,,Inventory Asset,,42.50,Display Board Green ( 6 LED),99381000002007010,DISGR6,,,,,,1000.00,0.00,0.00,1000.00,nos,Cochin,entity_level,true,0.00,0.0,99381000000006196,IGST18,18.00,7650.00,ItemAmount,,goods,,,,42500.00,96465.00,0.00,Adjustment,0.00,0.000,,,,,,,,0,Due on Receipt,,"Interweighing Pvt Ltd,","ERNAKULAM, ",,,682019,,,,,,,,,,,,,0.000,,,,,,,,,,
99381000002149294,2021-01-06,99381000000098082,Cochin,,PO-00067,,Billed,V H ENTERPRISE,84239020,FALSE,GJ,KL,business_gst,24AYOPS5704K1ZY,false,INR,1.000000000000,Compact 1,,,,,,Inventory Asset,,39.00,Display Board Red ( 6  LED),99381000002007001,DBRL6,,,,,,1000.00,0.00,0.00,1000.00,nos,Cochin,entity_level,true,0.00,0.0,99381000000006196,IGST18,18.00,7020.00,ItemAmount,,goods,,,,39000.00,96465.00,0.00,Adjustment,0.00,0.000,,,,,,,,0,Due on Receipt,,"Interweighing Pvt Ltd,","ERNAKULAM, ",,,682019,,,,,,,,,,,,,0.000,,,,,,,,,,
99381000002149294,2021-01-06,99381000000098082,Cochin,,PO-00067,,Billed,V H ENTERPRISE,,FALSE,GJ,KL,business_gst,24AYOPS5704K1ZY,false,INR,1.000000000000,Compact 1,,,,,,N/A,,250.00,,,,,,,,PACKING AND FORWARDING,1.00,0.00,0.00,1.00,,,entity_level,true,0.00,0.0,99381000000006196,IGST18,18.00,45.00,ItemAmount,,service,,,,250.00,96465.00,0.00,Adjustment,0.00,0.000,,,,,,,,0,Due on Receipt,,"Interweighing Pvt Ltd,","ERNAKULAM, ",,,682019,,,,,,,,,,,,,0.000,,,,,,,,,,
99381000002158067,2021-01-07,99381000000098082,Cochin,,PO-00068,,Billed,Shanghai Yousheng Weighing Apparatus Co. Ltd.,84231000,FALSE,,KL,overseas,,false,USD,73.104759000000,Compact 1,,,,,,Inventory Asset,,88.00,Bill  Printing scale Q74W,99381000000343190,ECS4W,,,,,,230.00,0.00,0.00,230.00,nos,Cochin,entity_level,true,0.00,0.0,,,,,,,goods,,,,20240.00,29500.00,0.00,Adjustment,0.00,0.000,,,,,,,,0,Due on Receipt,Yes Weigh ,"Regd office : 49/468A, CITY CENTER 2F VYTTILA ,ERNAKULAM, 682019",COCHIN,Kerala,India,683503,8803333444,,,,,,,,,,,,0.000,,,,,,,,,,
99381000002158067,2021-01-07,99381000000098082,Cochin,,PO-00068,,Billed,Shanghai Yousheng Weighing Apparatus Co. Ltd.,84239020,FALSE,,KL,overseas,,false,USD,73.104759000000,Compact 1,,,,,,Inventory Asset,,83.00,Floor Scale 1mx1m,99381000000035236,PLT1000,,,,,,50.00,0.00,0.00,50.00,nos,Cochin,entity_level,true,0.00,0.0,,,,,,,goods,,,,4150.00,29500.00,0.00,Adjustment,0.00,0.000,,,,,,,,0,Due on Receipt,Yes Weigh ,"Regd office : 49/468A, CITY CENTER 2F VYTTILA ,ERNAKULAM, 682019",COCHIN,Kerala,India,683503,8803333444,,,,,,,,,,,,0.000,,,,,,,,,,
99381000002158067,2021-01-07,99381000000098082,Cochin,,PO-00068,,Billed,Shanghai Yousheng Weighing Apparatus Co. Ltd.,84239020,FALSE,,KL,overseas,,false,USD,73.104759000000,Compact 1,,,,,,Inventory Asset,,108.00,Floor Scale 1.2mx1.2m,99381000000035245,PLT1200,,,,,,10.00,0.00,0.00,10.00,nos,Cochin,entity_level,true,0.00,0.0,,,,,,,goods,,,,1080.00,29500.00,0.00,Adjustment,0.00,0.000,,,,,,,,0,Due on Receipt,Yes Weigh ,"Regd office : 49/468A, CITY CENTER 2F VYTTILA ,ERNAKULAM, 682019",COCHIN,Kerala,India,683503,8803333444,,,,,,,,,,,,0.000,,,,,,,,,,
99381000002158067,2021-01-07,99381000000098082,Cochin,,PO-00068,,Billed,Shanghai Yousheng Weighing Apparatus Co. Ltd.,84239020,FALSE,,KL,overseas,,false,USD,73.104759000000,Compact 1,,,,,,Inventory Asset,,143.00,Floor Scale 1.5mx1.5m,99381000000035254,PLT1500,,,,,,10.00,0.00,0.00,10.00,nos,Cochin,entity_level,true,0.00,0.0,,,,,,,goods,,,,1430.00,29500.00,0.00,Adjustment,0.00,0.000,,,,,,,,0,Due on Receipt,Yes Weigh ,"Regd office : 49/468A, CITY CENTER 2F VYTTILA ,ERNAKULAM, 682019",COCHIN,Kerala,India,683503,8803333444,,,,,,,,,,,,0.000,,,,,,,,,,
99381000002158067,2021-01-07,99381000000098082,Cochin,,PO-00068,,Billed,Shanghai Yousheng Weighing Apparatus Co. Ltd.,84231000,FALSE,,KL,overseas,,false,USD,73.104759000000,Compact 1,,,,,,Inventory Asset,,115.00,ECS Indicator,99381000000343199,ECSIND,,,,,,20.00,0.00,0.00,20.00,nos,Cochin,entity_level,true,0.00,0.0,,,,,,,goods,,,,2300.00,29500.00,0.00,Adjustment,0.00,0.000,,,,,,,,0,Due on Receipt,Yes Weigh ,"Regd office : 49/468A, CITY CENTER 2F VYTTILA ,ERNAKULAM, 682019",COCHIN,Kerala,India,683503,8803333444,,,,,,,,,,,,0.000,,,,,,,,,,
99381000002158067,2021-01-07,99381000000098082,Cochin,,PO-00068,,Billed,Shanghai Yousheng Weighing Apparatus Co. Ltd.,84239020,FALSE,,KL,overseas,,false,USD,73.104759000000,Compact 1,,,,,,Inventory Asset,,15.00,Floor Scale Indicator,99381000000306107,FSIND,,,,,,20.00,0.00,0.00,20.00,nos,Cochin,entity_level,true,0.00,0.0,,,,,,,goods,,,,300.00,29500.00,0.00,Adjustment,0.00,0.000,,,,,,,,0,Due on Receipt,Yes Weigh ,"Regd office : 49/468A, CITY CENTER 2F VYTTILA ,ERNAKULAM, 682019",COCHIN,Kerala,India,683503,8803333444,,,,,,,,,,,,0.000,,,,,,,,,,
99381000002245312,2021-01-21,99381000000098082,Cochin,,PO-00069,,Billed,PETRA CREATIONS PVT LTD,,FALSE,KL,KL,business_gst,32AAGCP0925Q1Z7,false,INR,1.000000000000,Compact 1,,,,,,Marketing expenses,,560.00,,,,,,,,Gift set,60.00,0.00,0.00,60.00,,,entity_level,true,0.00,0.0,99381000000006208,GST18,18.00,6048.00,Tax Group,,service,,,,33600.00,39648.00,0.00,Adjustment,0.00,0.000,,,,,,,,0,Due on Receipt,,"Interweighing Pvt Ltd,","ERNAKULAM, ",,,682019,,,,,,,,,,,,,0.000,,,,,,,,,,
99381000002250057,2021-01-22,99381000000098082,Cochin,,PO-00070,,Billed,SAFAL ENTERPRISE,84231000,FALSE,GJ,KL,business_gst,24AFSPP3726R1ZK,false,INR,1.000000000000,Compact 1,,,,,,Inventory Asset,,950.00,Table Top Scale 220x170 ABS 4 Volt,99381000000349058,CH4VSF,,,,,Max :20kg e:2gm Min: 40g Class III,300.00,0.00,0.00,300.00,nos,Cochin,entity_level,true,0.00,0.0,99381000000006196,IGST18,18.00,51300.00,ItemAmount,,goods,,,,285000.00,708000.00,0.00,Adjustment,0.00,0.000,,,,,,,,0,Due on Receipt,Yes Weigh ,"Regd office : 49/468A, CITY CENTER 2F VYTTILA ,ERNAKULAM, 682019",COCHIN,Kerala,India,683503,8803333444,,,,,,,,,,,,0.000,,,,,,,,,,
99381000002250057,2021-01-22,99381000000098082,Cochin,,PO-00070,,Billed,SAFAL ENTERPRISE,84231000,FALSE,GJ,KL,business_gst,24AFSPP3726R1ZK,false,INR,1.000000000000,Compact 1,,,,,,Inventory Asset,,1050.00,Table Top Scale  220x170 ABS 6 Volt,99381000000562040,TTABS6V,,,,,Max : 20kg e:2gm Min: 40g Class III,300.00,0.00,0.00,300.00,nos,Cochin,entity_level,true,0.00,0.0,99381000000006196,IGST18,18.00,56700.00,ItemAmount,,goods,,,,315000.00,708000.00,0.00,Adjustment,0.00,0.000,,,,,,,,0,Due on Receipt,Yes Weigh ,"Regd office : 49/468A, CITY CENTER 2F VYTTILA ,ERNAKULAM, 682019",COCHIN,Kerala,India,683503,8803333444,,,,,,,,,,,,0.000,,,,,,,,,,
99381000002304105,2021-01-31,99381000000098082,Cochin,,PO-00071,,Billed,G J IMPEX,84239020,FALSE,GJ,KL,business_gst,24AANFG8787H1ZR,false,INR,1.000000000000,Compact 1,,,,,,Inventory Asset,,1.45,FRC CONNECTOR 14 PIN,99381000002008014,CON14,,,,,,10000.00,0.00,0.00,10000.00,nos,Cochin,entity_level,true,0.00,0.0,99381000000006196,IGST18,18.00,2610.00,ItemAmount,,goods,,,,14500.00,53076.40,0.00,Adjustment,0.00,0.000,,,,,,,,0,Due on Receipt,,"Interweighing Pvt Ltd,","ERNAKULAM, ",,,682019,,,,,,,,,,,,,0.000,,,,,,,,,,
99381000002304105,2021-01-31,99381000000098082,Cochin,,PO-00071,,Billed,G J IMPEX,84239020,FALSE,GJ,KL,business_gst,24AANFG8787H1ZR,false,INR,1.000000000000,Compact 1,,,,,,Inventory Asset,,22.00,AC Cord wire 2pin(3 yrad),99381000002008023,CW2X3,,,,,,240.00,0.00,0.00,240.00,nos,Cochin,entity_level,true,0.00,0.0,99381000000006196,IGST18,18.00,950.40,ItemAmount,,goods,,,,5280.00,53076.40,0.00,Adjustment,0.00,0.000,,,,,,,,0,Due on Receipt,,"Interweighing Pvt Ltd,","ERNAKULAM, ",,,682019,,,,,,,,,,,,,0.000,,,,,,,,,,
99381000002304105,2021-01-31,99381000000098082,Cochin,,PO-00071,,Billed,G J IMPEX,84239020,FALSE,GJ,KL,business_gst,24AANFG8787H1ZR,false,INR,1.000000000000,Compact 1,,,,,,Inventory Asset,,40.00,AC Cord wire CPU Cord(3 yard),99381000002008032,CW3X3,,,,,,210.00,0.00,0.00,210.00,nos,Cochin,entity_level,true,0.00,0.0,99381000000006196,IGST18,18.00,1512.00,ItemAmount,,goods,,,,8400.00,53076.40,0.00,Adjustment,0.00,0.000,,,,,,,,0,Due on Receipt,,"Interweighing Pvt Ltd,","ERNAKULAM, ",,,682019,,,,,,,,,,,,,0.000,,,,,,,,,,
99381000002304105,2021-01-31,99381000000098082,Cochin,,PO-00071,,Billed,G J IMPEX,84239020,FALSE,GJ,KL,business_gst,24AANFG8787H1ZR,false,INR,1.000000000000,Compact 1,,,,,,Inventory Asset,,5.00,Keypad,99381000002008082,KEYPA1,,,,,,1000.00,0.00,0.00,1000.00,nos,Cochin,entity_level,true,0.00,0.0,99381000000006196,IGST18,18.00,900.00,ItemAmount,,goods,,,,5000.00,53076.40,0.00,Adjustment,0.00,0.000,,,,,,,,0,Due on Receipt,,"Interweighing Pvt Ltd,","ERNAKULAM, ",,,682019,,,,,,,,,,,,,0.000,,,,,,,,,,
99381000002304105,2021-01-31,99381000000098082,Cochin,,PO-00071,,Billed,G J IMPEX,84239020,FALSE,GJ,KL,business_gst,24AANFG8787H1ZR,false,INR,1.000000000000,Compact 1,,,,,,Inventory Asset,,3.00,RMC Connector 5 Pin,99381000002008091,RCP5,,,,,,1000.00,0.00,0.00,1000.00,nos,Cochin,entity_level,true,0.00,0.0,99381000000006196,IGST18,18.00,540.00,ItemAmount,,goods,,,,3000.00,53076.40,0.00,Adjustment,0.00,0.000,,,,,,,,0,Due on Receipt,,"Interweighing Pvt Ltd,","ERNAKULAM, ",,,682019,,,,,,,,,,,,,0.000,,,,,,,,,,
99381000002304105,2021-01-31,99381000000098082,Cochin,,PO-00071,,Billed,G J IMPEX,84239020,FALSE,GJ,KL,business_gst,24AANFG8787H1ZR,false,INR,1.000000000000,Compact 1,,,,,,Inventory Asset,,2.00,RMC Connector 3 Pin,99381000002008100,RCP3,,,,,,1000.00,0.00,0.00,1000.00,nos,Cochin,entity_level,true,0.00,0.0,99381000000006196,IGST18,18.00,360.00,ItemAmount,,goods,,,,2000.00,53076.40,0.00,Adjustment,0.00,0.000,,,,,,,,0,Due on Receipt,,"Interweighing Pvt Ltd,","ERNAKULAM, ",,,682019,,,,,,,,,,,,,0.000,,,,,,,,,,
99381000002304105,2021-01-31,99381000000098082,Cochin,,PO-00071,,Billed,G J IMPEX,84239020,FALSE,GJ,KL,business_gst,24AANFG8787H1ZR,false,INR,1.000000000000,Compact 1,,,,,,Inventory Asset,,1.40,RMC Connector 2 Pin,99381000002008109,RCP2,,,,,,1000.00,0.00,0.00,1000.00,nos,Cochin,entity_level,true,0.00,0.0,99381000000006196,IGST18,18.00,252.00,ItemAmount,,goods,,,,1400.00,53076.40,0.00,Adjustment,0.00,0.000,,,,,,,,0,Due on Receipt,,"Interweighing Pvt Ltd,","ERNAKULAM, ",,,682019,,,,,,,,,,,,,0.000,,,,,,,,,,
99381000002304105,2021-01-31,99381000000098082,Cochin,,PO-00071,,Billed,G J IMPEX,84239020,FALSE,GJ,KL,business_gst,24AANFG8787H1ZR,false,INR,1.000000000000,Compact 1,,,,,,Inventory Asset,,1.10,Led Red,99381000002008118,LEDR,,,,,,1000.00,0.00,0.00,1000.00,nos,Cochin,entity_level,true,0.00,0.0,99381000000006196,IGST18,18.00,198.00,ItemAmount,,goods,,,,1100.00,53076.40,0.00,Adjustment,0.00,0.000,,,,,,,,0,Due on Receipt,,"Interweighing Pvt Ltd,","ERNAKULAM, ",,,682019,,,,,,,,,,,,,0.000,,,,,,,,,,
99381000002304105,2021-01-31,99381000000098082,Cochin,,PO-00071,,Billed,G J IMPEX,84239020,FALSE,GJ,KL,business_gst,24AANFG8787H1ZR,false,INR,1.000000000000,Compact 1,,,,,,Inventory Asset,,21.00,Metal Connector 4 Pin,99381000002008127,CONMT4,,,,,,100.00,0.00,0.00,100.00,nos,Cochin,entity_level,true,0.00,0.0,99381000000006196,IGST18,18.00,378.00,ItemAmount,,goods,,,,2100.00,53076.40,0.00,Adjustment,0.00,0.000,,,,,,,,0,Due on Receipt,,"Interweighing Pvt Ltd,","ERNAKULAM, ",,,682019,,,,,,,,,,,,,0.000,,,,,,,,,,
99381000002304105,2021-01-31,99381000000098082,Cochin,,PO-00071,,Billed,G J IMPEX,84239020,FALSE,GJ,KL,business_gst,24AANFG8787H1ZR,false,INR,1.000000000000,Compact 1,,,,,,Inventory Asset,,22.00,Metal Connector 5 Pin,99381000002008136,CONMT5,,,,,,100.00,0.00,0.00,100.00,nos,Cochin,entity_level,true,0.00,0.0,99381000000006196,IGST18,18.00,396.00,ItemAmount,,goods,,,,2200.00,53076.40,0.00,Adjustment,0.00,0.000,,,,,,,,0,Due on Receipt,,"Interweighing Pvt Ltd,","ERNAKULAM, ",,,682019,,,,,,,,,,,,,0.000,,,,,,,,,,
99381000002304135,2021-01-31,99381000000098082,Cochin,,PO-00072,,Billed,SAURYA ENTERPRISE,84239020,FALSE,GJ,KL,business_gst,24ALPPP7228K1ZJ,false,INR,1.000000000000,Compact 1,,,,,,Inventory Asset,,48.00,Transformer,99381000002007028,TR12V,,,,,,480.00,0.00,0.00,480.00,nos,Cochin,entity_level,true,0.00,0.0,99381000000006196,IGST18,18.00,4147.20,ItemAmount,,goods,,,,23040.00,27187.20,0.00,Adjustment,0.00,0.000,,,,,,,,0,Due on Receipt,,"Interweighing Pvt Ltd,","ERNAKULAM, ",,,682019,,,,,,,,,,,,,0.000,,,,,,,,,,
99381000002304147,2021-01-31,99381000000098082,Cochin,,PO-00073,,Billed,PMS SOFTINFO TECHNOLOGIES PVT LTD,84239020,FALSE,RJ,KL,business_gst,08AAECP8296N1ZI,false,INR,1.000000000000,Compact 1,,,,,,Inventory Asset,,185.00,Motherboard PMS 63,99381000002007019,MP63,,,,,,1000.00,0.00,0.00,1000.00,nos,Cochin,entity_level,true,0.00,0.0,99381000000006196,IGST18,18.00,33300.00,ItemAmount,,goods,,,,185000.00,218300.00,0.00,Adjustment,0.00,0.000,,,,,,,,0,Due on Receipt,,"Interweighing Pvt Ltd,","ERNAKULAM, ",,,682019,,,,,,,,,,,,,0.000,,,,,,,,,,
99381000002304159,2021-01-31,99381000000098082,Cochin,,PO-00074,,Billed,U & U POWER PRODUCTS,84239020,FALSE,GJ,KL,business_gst,24AEBPA8749R1Z1,false,INR,1.000000000000,Compact 1,,,,,,Inventory Asset,,3.25,3 Pin CPU Socket,99381000002008041,CSP3,,,,,,500.00,0.00,0.00,500.00,nos,Cochin,entity_level,true,0.00,0.0,99381000000006196,IGST18,18.00,292.50,ItemAmount,,goods,,,,1625.00,20207.50,0.00,Adjustment,0.00,0.000,,,,,,,,0,Due on Receipt,,"Interweighing Pvt Ltd,","ERNAKULAM, ",,,682019,,,,,,,,,,,,,0.000,,,,,,,,,,
99381000002304159,2021-01-31,99381000000098082,Cochin,,PO-00074,,Billed,U & U POWER PRODUCTS,84239020,FALSE,GJ,KL,business_gst,24AEBPA8749R1Z1,false,INR,1.000000000000,Compact 1,,,,,,Inventory Asset,,3.50,On/Off Switch,99381000002008051,SWITCH,,,,,,2000.00,0.00,0.00,2000.00,nos,Cochin,entity_level,true,0.00,0.0,99381000000006196,IGST18,18.00,1260.00,ItemAmount,,goods,,,,7000.00,20207.50,0.00,Adjustment,0.00,0.000,,,,,,,,0,Due on Receipt,,"Interweighing Pvt Ltd,","ERNAKULAM, ",,,682019,,,,,,,,,,,,,0.000,,,,,,,,,,
99381000002304159,2021-01-31,99381000000098082,Cochin,,PO-00074,,Billed,U & U POWER PRODUCTS,84239020,FALSE,GJ,KL,business_gst,24AEBPA8749R1Z1,false,INR,1.000000000000,Compact 1,,,,,,Inventory Asset,,11.00,Push Tare Switch Metal Type,99381000002008060,PTSMT,,,,,,500.00,0.00,0.00,500.00,nos,Cochin,entity_level,true,0.00,0.0,99381000000006196,IGST18,18.00,990.00,ItemAmount,,goods,,,,5500.00,20207.50,0.00,Adjustment,0.00,0.000,,,,,,,,0,Due on Receipt,,"Interweighing Pvt Ltd,","ERNAKULAM, ",,,682019,,,,,,,,,,,,,0.000,,,,,,,,,,
99381000002304159,2021-01-31,99381000000098082,Cochin,,PO-00074,,Billed,U & U POWER PRODUCTS,84239020,FALSE,GJ,KL,business_gst,24AEBPA8749R1Z1,false,INR,1.000000000000,Compact 1,,,,,,Inventory Asset,,6.00,Push Tare Switch Normal Type,99381000002008073,PTSNR,,,,,,500.00,0.00,0.00,500.00,nos,Cochin,entity_level,true,0.00,0.0,99381000000006196,IGST18,18.00,540.00,ItemAmount,,goods,,,,3000.00,20207.50,0.00,Adjustment,0.00,0.000,,,,,,,,0,Due on Receipt,,"Interweighing Pvt Ltd,","ERNAKULAM, ",,,682019,,,,,,,,,,,,,0.000,,,,,,,,,,
99381000002304225,2021-01-31,99381000000098082,Cochin,,PO-00075,,Billed,BALAJI SALES AND SENSOR,84239020,FALSE,DL,KL,business_gst,07AHKPT5401B1ZL,false,INR,1.000000000000,Compact 1,,,,,,Inventory Asset,,132.00,Loadcell 10KG 130mm,99381000002001001,L10130,,,,,,100.00,0.00,0.00,100.00,nos,Cochin,entity_level,true,0.00,0.0,99381000000006196,IGST18,18.00,2376.00,ItemAmount,,goods,,,,13200.00,281548.00,0.00,Adjustment,0.00,0.000,,,,,,,,0,Due on Receipt,,"Interweighing Pvt Ltd,","ERNAKULAM, ",,,682019,,,,,,,,,,,,,0.000,,,,,,,,,,
99381000002304225,2021-01-31,99381000000098082,Cochin,,PO-00075,,Billed,BALAJI SALES AND SENSOR,84239020,FALSE,DL,KL,business_gst,07AHKPT5401B1ZL,false,INR,1.000000000000,Compact 1,,,,,,Inventory Asset,,132.00,Loadcell 20 kg 130 mm,99381000002001022,LKM201,,,,,,300.00,0.00,0.00,300.00,nos,Cochin,entity_level,true,0.00,0.0,99381000000006196,IGST18,18.00,7128.00,ItemAmount,,goods,,,,39600.00,281548.00,0.00,Adjustment,0.00,0.000,,,,,,,,0,Due on Receipt,,"Interweighing Pvt Ltd,","ERNAKULAM, ",,,682019,,,,,,,,,,,,,0.000,,,,,,,,,,
99381000002304225,2021-01-31,99381000000098082,Cochin,,PO-00075,,Billed,BALAJI SALES AND SENSOR,84239020,FALSE,DL,KL,business_gst,07AHKPT5401B1ZL,false,INR,1.000000000000,Compact 1,,,,,,Inventory Asset,,132.00,Loadcell 40 kg: 130 mm,99381000002001031,LKM401,,,,,,200.00,0.00,0.00,200.00,nos,Cochin,entity_level,true,0.00,0.0,99381000000006196,IGST18,18.00,4752.00,ItemAmount,,goods,,,,26400.00,281548.00,0.00,Adjustment,0.00,0.000,,,,,,,,0,Due on Receipt,,"Interweighing Pvt Ltd,","ERNAKULAM, ",,,682019,,,,,,,,,,,,,0.000,,,,,,,,,,
99381000002304225,2021-01-31,99381000000098082,Cochin,,PO-00075,,Billed,BALAJI SALES AND SENSOR,84239020,FALSE,DL,KL,business_gst,07AHKPT5401B1ZL,false,INR,1.000000000000,Compact 1,,,,,,Inventory Asset,,132.00,Loadcell 80 kg:130mm,99381000002001040,LK8013,,,,,,300.00,0.00,0.00,300.00,nos,Cochin,entity_level,true,0.00,0.0,99381000000006196,IGST18,18.00,7128.00,ItemAmount,,goods,,,,39600.00,281548.00,0.00,Adjustment,0.00,0.000,,,,,,,,0,Due on Receipt,,"Interweighing Pvt Ltd,","ERNAKULAM, ",,,682019,,,,,,,,,,,,,0.000,,,,,,,,,,
99381000002304225,2021-01-31,99381000000098082,Cochin,,PO-00075,,Billed,BALAJI SALES AND SENSOR,84239020,FALSE,DL,KL,business_gst,07AHKPT5401B1ZL,false,INR,1.000000000000,Compact 1,,,,,,Inventory Asset,,195.00,Loadcell 150 kg: 3 Hole,99381000002001069,LKH150,,,,,,180.00,0.00,0.00,180.00,nos,Cochin,entity_level,true,0.00,0.0,99381000000006196,IGST18,18.00,6318.00,ItemAmount,,goods,,,,35100.00,281548.00,0.00,Adjustment,0.00,0.000,,,,,,,,0,Due on Receipt,,"Interweighing Pvt Ltd,","ERNAKULAM, ",,,682019,,,,,,,,,,,,,0.000,,,,,,,,,,
99381000002304225,2021-01-31,99381000000098082,Cochin,,PO-00075,,Billed,BALAJI SALES AND SENSOR,84239020,FALSE,DL,KL,business_gst,07AHKPT5401B1ZL,false,INR,1.000000000000,Compact 1,,,,,,Inventory Asset,,195.00,Loadcell 200KG 3 HOLE,99381000002001079,LH2003,,,,,,180.00,0.00,0.00,180.00,nos,Cochin,entity_level,true,0.00,0.0,99381000000006196,IGST18,18.00,6318.00,ItemAmount,,goods,,,,35100.00,281548.00,0.00,Adjustment,0.00,0.000,,,,,,,,0,Due on Receipt,,"Interweighing Pvt Ltd,","ERNAKULAM, ",,,682019,,,,,,,,,,,,,0.000,,,,,,,,,,
99381000002304225,2021-01-31,99381000000098082,Cochin,,PO-00075,,Billed,BALAJI SALES AND SENSOR,84239020,FALSE,DL,KL,business_gst,07AHKPT5401B1ZL,false,INR,1.000000000000,Compact 1,,,,,,Inventory Asset,,310.00,Loadcell 300 kg 25 x25- 40 mm 4 HOLE,99381000002001110,LC300,,,,,,80.00,0.00,0.00,80.00,nos,Cochin,entity_level,true,0.00,0.0,99381000000006196,IGST18,18.00,4464.00,ItemAmount,,goods,,,,24800.00,281548.00,0.00,Adjustment,0.00,0.000,,,,,,,,0,Due on Receipt,,"Interweighing Pvt Ltd,","ERNAKULAM, ",,,682019,,,,,,,,,,,,,0.000,,,,,,,,,,
99381000002304225,2021-01-31,99381000000098082,Cochin,,PO-00075,,Billed,BALAJI SALES AND SENSOR,84239020,FALSE,DL,KL,business_gst,07AHKPT5401B1ZL,false,INR,1.000000000000,Compact 1,,,,,,Inventory Asset,,310.00,Loadcell 500 kg 25 x25- 40 mm 4 HOLE,99381000002001119,LC500,,,,,,80.00,0.00,0.00,80.00,nos,Cochin,entity_level,true,0.00,0.0,99381000000006196,IGST18,18.00,4464.00,ItemAmount,,goods,,,,24800.00,281548.00,0.00,Adjustment,0.00,0.000,,,,,,,,0,Due on Receipt,,"Interweighing Pvt Ltd,","ERNAKULAM, ",,,682019,,,,,,,,,,,,,0.000,,,,,,,,,,
99381000002304251,2021-01-31,99381000000098082,Cochin,,PO-00076,,Billed,ROYAL TRADERS,84239020,FALSE,MH,KL,business_gst,27AITPA3314N1Z1,false,INR,1.000000000000,Compact 1,,,,,,Inventory Asset,,82.00,Loadcell 40KG 88mm,99381000001991033,LC4088,,,,,,400.00,0.00,0.00,400.00,nos,Cochin,entity_level,true,0.00,0.0,99381000000006196,IGST18,18.00,5904.00,ItemAmount,,goods,,,,32800.00,147618.00,0.00,Adjustment,0.00,0.000,,,,,,,,0,Due on Receipt,,"Interweighing Pvt Ltd,","ERNAKULAM, ",,,682019,,,,,,,,,,,,,0.000,,,,,,,,,,
99381000002304251,2021-01-31,99381000000098082,Cochin,,PO-00076,,Billed,ROYAL TRADERS,84239020,FALSE,MH,KL,business_gst,27AITPA3314N1Z1,false,INR,1.000000000000,Compact 1,,,,,,Inventory Asset,,285.00,Loadcell 200 kg 25 x25- 40 mm 4 HOLE,99381000002001101,LC200,,,,,,90.00,0.00,0.00,90.00,nos,Cochin,entity_level,true,0.00,0.0,99381000000006196,IGST18,18.00,4617.00,ItemAmount,,goods,,,,25650.00,147618.00,0.00,Adjustment,0.00,0.000,,,,,,,,0,Due on Receipt,,"Interweighing Pvt Ltd,","ERNAKULAM, ",,,682019,,,,,,,,,,,,,0.000,,,,,,,,,,
99381000002304251,2021-01-31,99381000000098082,Cochin,,PO-00076,,Billed,ROYAL TRADERS,84239020,FALSE,MH,KL,business_gst,27AITPA3314N1Z1,false,INR,1.000000000000,Compact 1,,,,,,Inventory Asset,,475.00,Loadcell 500 kg 25 x35 4 HOLE,99381000002001139,LKXH50,,,,,,60.00,0.00,0.00,60.00,nos,Cochin,entity_level,true,0.00,0.0,99381000000006196,IGST18,18.00,5130.00,ItemAmount,,goods,,,,28500.00,147618.00,0.00,Adjustment,0.00,0.000,,,,,,,,0,Due on Receipt,,"Interweighing Pvt Ltd,","ERNAKULAM, ",,,682019,,,,,,,,,,,,,0.000,,,,,,,,,,
99381000002304251,2021-01-31,99381000000098082,Cochin,,PO-00076,,Billed,ROYAL TRADERS,84239020,FALSE,MH,KL,business_gst,27AITPA3314N1Z1,false,INR,1.000000000000,Compact 1,,,,,,Inventory Asset,,525.00,Shearbeam Loadcell 1000kg,99381000002008154,SBLC1T,,,,,,36.00,0.00,0.00,36.00,nos,Cochin,entity_level,true,0.00,0.0,99381000000006196,IGST18,18.00,3402.00,ItemAmount,,goods,,,,18900.00,147618.00,0.00,Adjustment,0.00,0.000,,,,,,,,0,Due on Receipt,,"Interweighing Pvt Ltd,","ERNAKULAM, ",,,682019,,,,,,,,,,,,,0.000,,,,,,,,,,
99381000002304251,2021-01-31,99381000000098082,Cochin,,PO-00076,,Billed,ROYAL TRADERS,84239020,FALSE,MH,KL,business_gst,27AITPA3314N1Z1,false,INR,1.000000000000,Compact 1,,,,,,Inventory Asset,,525.00,Loadcell 500 kg,99381000002008145,SLK500,,,,,,36.00,0.00,0.00,36.00,nos,Cochin,entity_level,true,0.00,0.0,99381000000006196,IGST18,18.00,3402.00,ItemAmount,,goods,,,,18900.00,147618.00,0.00,Adjustment,0.00,0.000,,,,,,,,0,Due on Receipt,,"Interweighing Pvt Ltd,","ERNAKULAM, ",,,682019,,,,,,,,,,,,,0.000,,,,,,,,,,
99381000002304251,2021-01-31,99381000000098082,Cochin,,PO-00076,,Billed,ROYAL TRADERS,,FALSE,MH,KL,business_gst,27AITPA3314N1Z1,false,INR,1.000000000000,Compact 1,,,,,,N/A,,25.00,,,,,,,,PACKING AND FORWARDING,14.00,0.00,0.00,14.00,,,entity_level,true,0.00,0.0,99381000000006196,IGST18,18.00,63.00,ItemAmount,,service,,,,350.00,147618.00,0.00,Adjustment,0.00,0.000,,,,,,,,0,Due on Receipt,,"Interweighing Pvt Ltd,","ERNAKULAM, ",,,682019,,,,,,,,,,,,,0.000,,,,,,,,,,
99381000002325506,2021-02-03,99381000000098082,Cochin,,PO-00077,,Billed,Sonic Weighing System,84239010,FALSE,KA,KL,business_gst,29ABXFS4266Q1ZS,false,INR,1.000000000000,Compact 1,,,,,,Inventory Asset,,2700.00,CHICKEN SCALE 300KG SS,99381000001933011,CS400X400SS,,,,,400X400 C/M F/B - SS,100.00,0.00,0.00,100.00,nos,Cochin,entity_level,true,0.00,0.0,99381000000006196,IGST18,18.00,48600.00,ItemAmount,,goods,,,,270000.00,318600.00,0.00,Adjustment,0.00,0.000,,,,,,,,0,Due on Receipt,Yes Weigh ,"Regd office : 49/468A, CITY CENTER 2F VYTTILA ,ERNAKULAM, 682019",COCHIN,Kerala,India,683503,8803333444,,,,,,,,,,,,0.000,,,,,,,,,,
99381000002422029,2021-02-20,99381000000098082,Cochin,,PO-00078,,Billed,AXIS ELECTRONICS,84239020,FALSE,UK,KL,business_gst,05AMDPS1287L1ZP,false,INR,1.000000000000,Compact 1,,,,,,Inventory Asset,,1040.00,FLOOR SCALE INDICATOR,99381000001429925,K12IND,,,,,,30.00,0.00,0.00,30.00,nos,Cochin,entity_level,true,0.00,0.0,99381000000006196,IGST18,18.00,5616.00,ItemAmount,,goods,,,,31200.00,75756.00,0.00,Adjustment,0.00,0.000,,,,,,,,0,Due on Receipt,Yes Weigh ,"Regd office : 49/468A, CITY CENTER 2F VYTTILA ,ERNAKULAM, 682019",COCHIN,Kerala,India,683503,8803333444,,,,,,,,,,,,0.000,,,,,,,,,,
99381000002422029,2021-02-20,99381000000098082,Cochin,,PO-00078,,Billed,AXIS ELECTRONICS,84239020,FALSE,UK,KL,business_gst,05AMDPS1287L1ZP,false,INR,1.000000000000,Compact 1,,,,,,Inventory Asset,,350.00,TRIPOLE STAND SET,99381000000306493,TRIPOLESTAND,,,,,,80.00,0.00,0.00,80.00,nos,Cochin,entity_level,true,0.00,0.0,99381000000006196,IGST18,18.00,5040.00,ItemAmount,,goods,,,,28000.00,75756.00,0.00,Adjustment,0.00,0.000,,,,,,,,0,Due on Receipt,Yes Weigh ,"Regd office : 49/468A, CITY CENTER 2F VYTTILA ,ERNAKULAM, 682019",COCHIN,Kerala,India,683503,8803333444,,,,,,,,,,,,0.000,,,,,,,,,,
99381000002422029,2021-02-20,99381000000098082,Cochin,,PO-00078,,Billed,AXIS ELECTRONICS,9968,FALSE,UK,KL,business_gst,05AMDPS1287L1ZP,false,INR,1.000000000000,Compact 1,,,,,,Cost of Goods Sold,,5000.00,Freight Charges,99381000000557009,COCS,,,,,,1.00,0.00,0.00,1.00,kg,,entity_level,true,0.00,0.0,99381000000006196,IGST18,18.00,900.00,ItemAmount,,service,,,,5000.00,75756.00,0.00,Adjustment,0.00,0.000,,,,,,,,0,Due on Receipt,Yes Weigh ,"Regd office : 49/468A, CITY CENTER 2F VYTTILA ,ERNAKULAM, 682019",COCHIN,Kerala,India,683503,8803333444,,,,,,,,,,,,0.000,,,,,,,,,,
99381000002697037,2021-03-22,99381000000098082,Cochin,,PO-00081,,Billed,G J IMPEX,84239020,FALSE,GJ,KL,business_gst,24AANFG8787H1ZR,false,INR,1.000000000000,Compact 1,,,,,,Inventory Asset,,22.00,AC Cord wire 2pin(3 yrad),99381000002008023,CW2X3,,,,,,480.00,0.00,0.00,480.00,nos,Cochin,entity_level,true,0.00,0.0,99381000000006196,IGST18,18.00,1900.80,ItemAmount,,goods,,,,10560.00,12460.80,0.00,Adjustment,0.00,0.000,,,,,,,,0,Due on Receipt,,"Interweighing Pvt Ltd,","ERNAKULAM, ",,,682019,,,,,,,,,,,,,0.000,,,,,,,,,,
99381000002704025,2021-03-23,99381000000098082,Cochin,,PO-00082,,Billed,Zhejiang Sifang Import and Export Co. Ltd,84231000,FALSE,,KL,overseas,,false,USD,72.358900000000,Compact 1,,,,,,Inventory Asset,,20.89,Price Computing Scale-W,99381000000035371,ATMPCW,,,,,Dual LED Display Red/Green Light Covert,500.00,0.00,0.00,500.00,nos,Cochin,entity_level,true,0.00,0.0,,,,,,,goods,,,,10445.00,49338.67,0.19,Adjustment,0.00,0.000,,,,,,,,0,Due on Receipt,Yes Weigh ,"Regd office : 49/468A, CITY CENTER 2F VYTTILA ,ERNAKULAM, 682019",COCHIN,Kerala,India,683503,8803333444,,,,,,,,,,,,0.000,,,,,,,,,Sheba,100%Paid
99381000002704025,2021-03-23,99381000000098082,Cochin,,PO-00082,,Billed,Zhejiang Sifang Import and Export Co. Ltd,84231000,FALSE,,KL,overseas,,false,USD,72.358900000000,Compact 1,,,,,,Inventory Asset,,34.27,Platform Weighing Scale 200kg/20g,99381000000326157,PFPC400X500SS,,,,,,200.00,0.00,0.00,200.00,nos,Cochin,entity_level,true,0.00,0.0,,,,,,,goods,,,,6854.00,49338.67,0.19,Adjustment,0.00,0.000,,,,,,,,0,Due on Receipt,Yes Weigh ,"Regd office : 49/468A, CITY CENTER 2F VYTTILA ,ERNAKULAM, 682019",COCHIN,Kerala,India,683503,8803333444,,,,,,,,,,,,0.000,,,,,,,,,Sheba,100%Paid
99381000002704025,2021-03-23,99381000000098082,Cochin,,PO-00082,,Billed,Zhejiang Sifang Import and Export Co. Ltd,84239020,FALSE,,KL,overseas,,false,USD,72.358900000000,Compact 1,,,,,,Inventory Asset,,30.82,Plateform Weighing Scale 100kgx10g MS,99381000001476013,PFPC400X400MS,,,,,,300.00,0.00,0.00,300.00,nos,Cochin,entity_level,true,0.00,0.0,,,,,,,goods,,,,9246.00,49338.67,0.19,Adjustment,0.00,0.000,,,,,,,,0,Due on Receipt,Yes Weigh ,"Regd office : 49/468A, CITY CENTER 2F VYTTILA ,ERNAKULAM, 682019",COCHIN,Kerala,India,683503,8803333444,,,,,,,,,,,,0.000,,,,,,,,,Sheba,100%Paid
99381000002704025,2021-03-23,99381000000098082,Cochin,,PO-00082,,Billed,Zhejiang Sifang Import and Export Co. Ltd,84231000,FALSE,,KL,overseas,,false,USD,72.358900000000,Compact 1,,,,,,Inventory Asset,,131.10,Platform Weighing Scale 1000kg/100g (Trolley),99381000000326192,PFPC600X800MS,,,,,,10.00,0.00,0.00,10.00,nos,Cochin,entity_level,true,0.00,0.0,,,,,,,goods,,,,1311.00,49338.67,0.19,Adjustment,0.00,0.000,,,,,,,,0,Due on Receipt,Yes Weigh ,"Regd office : 49/468A, CITY CENTER 2F VYTTILA ,ERNAKULAM, 682019",COCHIN,Kerala,India,683503,8803333444,,,,,,,,,,,,0.000,,,,,,,,,Sheba,100%Paid
99381000002704025,2021-03-23,99381000000098082,Cochin,,PO-00082,,Billed,Zhejiang Sifang Import and Export Co. Ltd,84239020,FALSE,,KL,overseas,,false,USD,72.358900000000,Compact 1,,,,,,Inventory Asset,,49.10,Platform Weighing Scale 200kgx20g SS,99381000001476030,PFPC420X520SS,,,,,,220.00,0.00,0.00,220.00,nos,Cochin,entity_level,true,0.00,0.0,,,,,,,goods,,,,10802.00,49338.67,0.19,Adjustment,0.00,0.000,,,,,,,,0,Due on Receipt,Yes Weigh ,"Regd office : 49/468A, CITY CENTER 2F VYTTILA ,ERNAKULAM, 682019",COCHIN,Kerala,India,683503,8803333444,,,,,,,,,,,,0.000,,,,,,,,,Sheba,100%Paid
99381000002704025,2021-03-23,99381000000098082,Cochin,,PO-00082,,Billed,Zhejiang Sifang Import and Export Co. Ltd,84239020,FALSE,,KL,overseas,,false,USD,72.358900000000,Compact 1,,,,,,Inventory Asset,,172.84,Spare Parts,99381000001847007,SPARE,,,,,,2.00,0.00,0.00,2.00,box,Cochin,entity_level,true,0.00,0.0,,,,,,,goods,,,,345.68,49338.67,0.19,Adjustment,0.00,0.000,,,,,,,,0,Due on Receipt,Yes Weigh ,"Regd office : 49/468A, CITY CENTER 2F VYTTILA ,ERNAKULAM, 682019",COCHIN,Kerala,India,683503,8803333444,,,,,,,,,,,,0.000,,,,,,,,,Sheba,100%Paid
99381000002704025,2021-03-23,99381000000098082,Cochin,,PO-00082,,Billed,Zhejiang Sifang Import and Export Co. Ltd,84238190,FALSE,,KL,overseas,,false,USD,72.358900000000,Compact 1,,,,,,Inventory Asset,,3.80,MECHANICAL KITCHEN SCALE,99381000003586668,MK2003,,,,,"Capacity : 5Kg
Scale Type : Mechanical  Scale Weight : 717g",608.00,0.00,0.00,608.00,nos,Cochin,entity_level,true,0.00,0.0,,,,,,,goods,,,,2310.40,49338.67,0.19,Adjustment,0.00,0.000,,,,,,,,0,Due on Receipt,Yes Weigh ,"Regd office : 49/468A, CITY CENTER 2F VYTTILA ,ERNAKULAM, 682019",COCHIN,Kerala,India,683503,8803333444,,,,,,,,,,,,0.000,,,,,,,,,Sheba,100%Paid
99381000002704025,2021-03-23,99381000000098082,Cochin,,PO-00082,,Billed,Zhejiang Sifang Import and Export Co. Ltd,84238190,FALSE,,KL,overseas,,false,USD,72.358900000000,Compact 1,,,,,,Inventory Asset,,2.10,LUGGAGE SCALE,99381000003586677,EP3004,,,,,"Capacity :50Kg/10g
Scale Weight : 92g",600.00,0.00,0.00,600.00,nos,Cochin,entity_level,true,0.00,0.0,,,,,,,goods,,,,1260.00,49338.67,0.19,Adjustment,0.00,0.000,,,,,,,,0,Due on Receipt,Yes Weigh ,"Regd office : 49/468A, CITY CENTER 2F VYTTILA ,ERNAKULAM, 682019",COCHIN,Kerala,India,683503,8803333444,,,,,,,,,,,,0.000,,,,,,,,,Sheba,100%Paid
99381000002704025,2021-03-23,99381000000098082,Cochin,,PO-00082,,Billed,Zhejiang Sifang Import and Export Co. Ltd,84238190,FALSE,,KL,overseas,,false,USD,72.358900000000,Compact 1,,,,,,Inventory Asset,,3.60,DIGITAL KITCHEN SCALE -10Kg,99381000003586695,EK6003,,,,,"Make :YESWEIGH Model :YSK-10
Max : 10Kg e: 1g",600.00,0.00,0.00,600.00,nos,Cochin,entity_level,true,0.00,0.0,,,,,,,goods,,,,2160.00,49338.67,0.19,Adjustment,0.00,0.000,,,,,,,,0,Due on Receipt,Yes Weigh ,"Regd office : 49/468A, CITY CENTER 2F VYTTILA ,ERNAKULAM, 682019",COCHIN,Kerala,India,683503,8803333444,,,,,,,,,,,,0.000,,,,,,,,,Sheba,100%Paid
99381000002704025,2021-03-23,99381000000098082,Cochin,,PO-00082,,Billed,Zhejiang Sifang Import and Export Co. Ltd,84238190,FALSE,,KL,overseas,,false,USD,72.358900000000,Compact 1,,,,,,Inventory Asset,,3.70,DIGITAL KITCHEN SCALE,99381000003586686,EK6005,,,,,"Make : YESWEIGH Model :YSK-5
Capacity : 5Kg e : 0.1g
",312.00,0.00,0.00,312.00,nos,Cochin,entity_level,true,0.00,0.0,,,,,,,goods,,,,1154.40,49338.67,0.19,Adjustment,0.00,0.000,,,,,,,,0,Due on Receipt,Yes Weigh ,"Regd office : 49/468A, CITY CENTER 2F VYTTILA ,ERNAKULAM, 682019",COCHIN,Kerala,India,683503,8803333444,,,,,,,,,,,,0.000,,,,,,,,,Sheba,100%Paid
99381000002704025,2021-03-23,99381000000098082,Cochin,,PO-00082,,Billed,Zhejiang Sifang Import and Export Co. Ltd,84238190,FALSE,,KL,overseas,,false,USD,72.358900000000,Compact 1,,,,,,Inventory Asset,,5.75,GLASS ELECTRONIC PERSONAL SCALE,99381000003586659,EB8020,,,,,"Make: YESWEIGH Model : YSB
Max :180 Kg Div:100g",600.00,0.00,0.00,600.00,nos,Cochin,entity_level,true,0.00,0.0,,,,,,,goods,,,,3450.00,49338.67,0.19,Adjustment,0.00,0.000,,,,,,,,0,Due on Receipt,Yes Weigh ,"Regd office : 49/468A, CITY CENTER 2F VYTTILA ,ERNAKULAM, 682019",COCHIN,Kerala,India,683503,8803333444,,,,,,,,,,,,0.000,,,,,,,,,Sheba,100%Paid
99381000002720045,2021-03-25,99381000000098082,Cochin,,PO-00083,,Billed,Xiamen Merc Electronic Technology Co.Ltd,84238190,FALSE,,KL,overseas,,false,USD,72.648020000000,Compact 1,,,,,,Inventory Asset,,216.00,"Label Printing Scale - Smart 4.3""",99381000002720027,LPS43,,,,,"Smart - 4.3""
30Kg/5g",1.00,0.00,0.00,1.00,nos,Cochin,entity_level,true,0.00,0.0,,,,,,,goods,,,,216.00,708.00,0.00,Adjustment,0.00,0.000,,,,,,,,0,Due on Receipt,Yes Weigh ,"Regd office : 49/468A, CITY CENTER 2F VYTTILA ,ERNAKULAM, 682019",COCHIN,Kerala,India,683503,8803333444,,,,,,,,,,,,0.000,,,,,,,,,Sheba,100% PAID
99381000002720045,2021-03-25,99381000000098082,Cochin,,PO-00083,,Billed,Xiamen Merc Electronic Technology Co.Ltd,84238190,FALSE,,KL,overseas,,false,USD,72.648020000000,Compact 1,,,,,,Inventory Asset,,246.00,Label Printing Scale - Smart 7,99381000002720036,LPS7,,,,,"Smart - 7""
30Kg/50g",2.00,0.00,0.00,2.00,nos,Cochin,entity_level,true,0.00,0.0,,,,,,,goods,,,,492.00,708.00,0.00,Adjustment,0.00,0.000,,,,,,,,0,Due on Receipt,Yes Weigh ,"Regd office : 49/468A, CITY CENTER 2F VYTTILA ,ERNAKULAM, 682019",COCHIN,Kerala,India,683503,8803333444,,,,,,,,,,,,0.000,,,,,,,,,Sheba,100% PAID
99381000002741069,2021-03-29,99381000000098082,Cochin,,PO-00084,,Billed,BREVERA TECHNOLOGIES PRIVATE LIMITED,8423,FALSE,KA,KL,business_gst,29AAFCB7108Q1Z4,false,INR,1.000000000000,Compact 1,,,,,,Inventory Asset,,135.00,SAFAL - 99MB 6V,99381000001165607,CH602,,,,,,224.00,0.00,0.00,224.00,nos,Cochin,entity_level,true,0.00,0.0,99381000000006196,IGST18,18.00,5443.20,ItemAmount,,goods,,,,30240.00,35860.20,0.00,Adjustment,0.00,0.000,,,,,,,,0,Due on Receipt,,"Interweighing Pvt Ltd,","ERNAKULAM, ",,,682019,,,,,,,,,,,,,0.000,,,,,,,,,,
99381000002741069,2021-03-29,99381000000098082,Cochin,,PO-00084,,Billed,BREVERA TECHNOLOGIES PRIVATE LIMITED,9968,FALSE,KA,KL,business_gst,29AAFCB7108Q1Z4,false,INR,1.000000000000,Compact 1,,,,,,Cost of Goods Sold,,150.00,Freight Charges,99381000000557009,COCS,,,,,,1.00,0.00,0.00,1.00,kg,,entity_level,true,0.00,0.0,99381000000006196,IGST18,18.00,27.00,ItemAmount,,service,,,,150.00,35860.20,0.00,Adjustment,0.00,0.000,,,,,,,,0,Due on Receipt,,"Interweighing Pvt Ltd,","ERNAKULAM, ",,,682019,,,,,,,,,,,,,0.000,,,,,,,,,,
99381000002806013,2021-04-08,99381000000098082,Cochin,,PO-00085,,Billed,Elmass System & Services,84231000,FALSE,KL,KL,business_gst,32AACFE8918M1Z7,false,INR,1.000000000000,Compact 1,,,,,,Inventory Asset,,2080.00,Platform scale,99381000000016068,BENCHPC,,,,,Max:50kg  e:5g  Min:100g ,12.00,0.00,0.00,12.00,nos,Cochin,entity_level,true,0.00,0.0,99381000000006208,GST18,18.00,4492.80,Tax Group,,goods,,,,24960.00,29452.80,0.00,Adjustment,0.00,0.000,,,,,,,,0,Due on Receipt,Yes Weigh ,"Regd office : 49/468A, CITY CENTER 2F VYTTILA ,ERNAKULAM, 682019",COCHIN,Kerala,India,683503,8803333444,,,,,,,,,,,,0.000,,,,,,,,,,
99381000002812294,2021-04-09,99381000000098082,Cochin,,PO-00086,,Billed,Elmass System & Services,84231000,FALSE,KL,KL,business_gst,32AACFE8918M1Z7,false,INR,1.000000000000,Compact 1,,,,,,Inventory Asset,,2080.00,Platform scale,99381000000016068,BENCHPC,,,,,Max:50kg  e:5g  Min:100g ,4.00,0.00,0.00,4.00,nos,Cochin,entity_level,true,0.00,0.0,99381000000006208,GST18,18.00,1497.60,Tax Group,,goods,,,,8320.00,9817.60,0.00,Adjustment,0.00,0.000,,,,,,,,0,Due on Receipt,Yes Weigh ,"Regd office : 49/468A, CITY CENTER 2F VYTTILA ,ERNAKULAM, 682019",COCHIN,Kerala,India,683503,8803333444,,,,,,,,,,,,0.000,,,,,,,,,,
99381000002826007,2021-04-12,99381000000098082,Cochin,,PO-00087,,Billed,Shanghai Yousheng Weighing Apparatus Co. Ltd.,84231000,FALSE,,KL,overseas,,false,USD,75.097627000000,Compact 1,,,,,,Inventory Asset,,123.00,Bill Printing scale Q8POS,99381000000011617,ECS5W,,,,,,460.00,0.00,0.00,460.00,nos,Cochin,entity_level,true,0.00,0.0,,,,,,,goods,,,,56580.00,59345.52,0.00,Adjustment,0.00,0.000,,,,,,,,0,Due on Receipt,Yes Weigh ,"Regd office : 49/468A, CITY CENTER 2F VYTTILA ,ERNAKULAM, 682019",COCHIN,Kerala,India,683503,8803333444,,,,,,,,,,,,0.000,,,,,,,,,Shalima,Fully paid
99381000002826007,2021-04-12,99381000000098082,Cochin,,PO-00087,,Billed,Shanghai Yousheng Weighing Apparatus Co. Ltd.,84239020,FALSE,,KL,overseas,,false,USD,75.097627000000,Compact 1,,,,,,Inventory Asset,,691.38,Spare Parts,99381000001847007,SPARE,,,,,,4.00,0.00,0.00,4.00,box,Cochin,entity_level,true,0.00,0.0,,,,,,,goods,,,,2765.52,59345.52,0.00,Adjustment,0.00,0.000,,,,,,,,0,Due on Receipt,Yes Weigh ,"Regd office : 49/468A, CITY CENTER 2F VYTTILA ,ERNAKULAM, 682019",COCHIN,Kerala,India,683503,8803333444,,,,,,,,,,,,0.000,,,,,,,,,Shalima,Fully paid
99381000002829209,2021-04-12,99381000000098082,Cochin,,PO-00088,,Billed,Elmass System & Services,84231000,FALSE,KL,KL,business_gst,32AACFE8918M1Z7,false,INR,1.000000000000,Compact 1,,,,,,Inventory Asset,,2080.00,Platform scale,99381000000016068,BENCHPC,,,,,Max:50kg  e:5g  Min:100g ,12.00,0.00,0.00,12.00,nos,Cochin,entity_level,true,0.00,0.0,99381000000006208,GST18,18.00,4492.80,Tax Group,,goods,,,,24960.00,29452.80,0.00,Adjustment,0.00,0.000,,,,,,,,0,Due on Receipt,Yes Weigh ,"Regd office : 49/468A, CITY CENTER 2F VYTTILA ,ERNAKULAM, 682019",COCHIN,Kerala,India,683503,8803333444,,,,,,,,,,,,0.000,,,,,,,,,,
99381000002829643,2021-04-13,99381000000098082,Cochin,,PO-00089,,Billed,SCANGLE RETAIL PVT.LTD,84231000,FALSE,KL,KL,business_gst,32ABECS9205P1ZZ,false,INR,1.000000000000,Compact 1,,,,,,Inventory Asset,,2080.00,Platform scale,99381000000016068,BENCHPC,,,,,Max:50kg  e:5g  Min:100g ,1.00,0.00,0.00,1.00,nos,Cochin,entity_level,true,0.00,0.0,99381000000006208,GST18,18.00,374.40,Tax Group,,goods,,,,2080.00,2454.00,-0.40,Adjustment,0.00,0.000,,,,,,,,0,Due on Receipt,Yes Weigh ,"Regd office : 49/468A, CITY CENTER 2F VYTTILA ,ERNAKULAM, 682019",COCHIN,Kerala,India,683503,8803333444,,,,,,,,,,,,0.000,,,,,,,,,,
99381000002873003,2021-04-19,99381000000098082,Cochin,,PO-00090,,Billed,Accurate Trade Links,84231000,FALSE,KL,KL,business_gst,32AHJPK1741Q1Z4,false,INR,1.000000000000,Compact 1,,,,,,Inventory Asset,,2515.25,Platform scale,99381000000016068,BENCHPC,,,,,Max:50kg  e:5g  Min:100g ,5.00,0.00,0.00,5.00,nos,Cochin,entity_level,true,0.00,0.0,99381000000006208,GST18,18.00,2263.72,Tax Group,,goods,,,,12576.25,27707.00,0.00,Adjustment,0.00,0.000,,,,,,,,0,Due on Receipt,Yes Weigh ,"Regd office : 49/468A, CITY CENTER 2F VYTTILA ,ERNAKULAM, 682019",COCHIN,Kerala,India,683503,8803333444,,,,,,,,,,,,0.000,,,,,,,,,,
99381000002873003,2021-04-19,99381000000098082,Cochin,,PO-00090,,Billed,Accurate Trade Links,84239020,FALSE,KL,KL,business_gst,32AHJPK1741Q1Z4,false,INR,1.000000000000,Compact 1,,,,,,Inventory Asset,,3634.75,Platform Weighing Scale 100kgx10g MS,99381000001476013,PFPC400X400MS,,,,,,3.00,0.00,0.00,3.00,nos,Cochin,entity_level,true,0.00,0.0,99381000000006208,GST18,18.00,1962.78,Tax Group,,goods,,,,10904.25,27707.00,0.00,Adjustment,0.00,0.000,,,,,,,,0,Due on Receipt,Yes Weigh ,"Regd office : 49/468A, CITY CENTER 2F VYTTILA ,ERNAKULAM, 682019",COCHIN,Kerala,India,683503,8803333444,,,,,,,,,,,,0.000,,,,,,,,,,
99381000002873115,2021-03-30,99381000000098082,Cochin,,PO-00091,,Billed,Accurate Trade Links,84239020,FALSE,KL,KL,business_gst,32AHJPK1741Q1Z4,false,INR,1.000000000000,Compact 1,,,,,,Inventory Asset,,3250.00,Platform Weighing Scale 100kgx10g MS,99381000001476013,PFPC400X400MS,,,,,,2.00,0.00,0.00,2.00,nos,Cochin,entity_level,true,0.00,0.0,99381000000006208,GST18,18.00,1170.00,Tax Group,,goods,,,,6500.00,7670.00,0.00,Adjustment,0.00,0.000,,,,,,,,0,Due on Receipt,Yes Weigh ,"Regd office : 49/468A, CITY CENTER 2F VYTTILA ,ERNAKULAM, 682019",COCHIN,Kerala,India,683503,8803333444,,,,,,,,,,,,0.000,,,,,,,,,,
99381000002879161,2021-04-16,99381000000098082,Cochin,,PO-00093,,Billed,DYNAMIC ENTERPRISES,84231000,FALSE,KL,KL,business_gst,32ATJPS7075B1ZN,false,INR,1.000000000000,Compact 1,,,,,,Inventory Asset,,2080.00,Platform scale,99381000000016068,BENCHPC,,,,,Max:50kg  e:5g  Min:100g ,4.00,0.00,0.00,4.00,nos,Cochin,entity_level,true,0.00,0.0,99381000000006208,GST18,18.00,1497.60,Tax Group,,goods,,,,8320.00,9817.60,0.00,Adjustment,0.00,0.000,,,,,,,,0,Due on Receipt,Yes Weigh ,"Regd office : 49/468A, CITY CENTER 2F VYTTILA ,ERNAKULAM, 682019",COCHIN,Kerala,India,683503,8803333444,,,,,,,,,,,,0.000,,,,,,,,,,
99381000002891147,2021-04-26,99381000000098082,Cochin,,PO-00094,,Billed,Elmass System & Services,84231000,FALSE,KL,KL,business_gst,32AACFE8918M1Z7,false,INR,1.000000000000,Compact 1,,,,,,Inventory Asset,,10000.00,Bill  Printing scale Q74W,99381000000343190,ECS4W,,,,,,6.00,0.00,0.00,6.00,nos,Cochin,entity_level,true,0.00,0.0,99381000000006208,GST18,18.00,10800.00,Tax Group,,goods,,,,60000.00,70800.00,0.00,Adjustment,0.00,0.000,,,,,,,,0,Due on Receipt,Yes Weigh ,"Regd office : 49/468A, CITY CENTER 2F VYTTILA ,ERNAKULAM, 682019",COCHIN,Kerala,India,683503,8803333444,,,,,,,,,,,,0.000,,,,,,,,,,
99381000002895630,2021-04-27,99381000000098082,Cochin,,PO-00095,,Billed,Elmass System & Services,84231000,FALSE,KL,KL,business_gst,32AACFE8918M1Z7,false,INR,1.000000000000,Compact 1,,,,,,Inventory Asset,,10500.00,Bill  Printing scale Q74W,99381000000343190,ECS4W,,,,,,2.00,0.00,0.00,2.00,nos,Cochin,entity_level,true,0.00,0.0,99381000000006208,GST18,18.00,3780.00,Tax Group,,goods,,,,21000.00,24780.00,0.00,Adjustment,0.00,0.000,,,,,,,,0,Due on Receipt,Yes Weigh ,"Regd office : 49/468A, CITY CENTER 2F VYTTILA ,ERNAKULAM, 682019",COCHIN,Kerala,India,683503,8803333444,,,,,,,,,,,,0.000,,,,,,,,,,
99381000002898105,2021-04-17,99381000000098082,Cochin,,PO-00097,,Billed,DYNAMIC ENTERPRISES,84231000,FALSE,KL,KL,business_gst,32ATJPS7075B1ZN,false,INR,1.000000000000,Compact 1,,,,,,Inventory Asset,,9650.00,Bill  Printing scale Q74W,99381000000343190,ECS4W,,,,,,1.00,0.00,0.00,1.00,nos,Cochin,entity_level,true,0.00,0.0,99381000000006208,GST18,18.00,1737.00,Tax Group,,goods,,,,9650.00,11387.00,0.00,Adjustment,0.00,0.000,,,,,,,,0,Due on Receipt,Yes Weigh ,"Regd office : 49/468A, CITY CENTER 2F VYTTILA ,ERNAKULAM, 682019",COCHIN,Kerala,India,683503,8803333444,,,,,,,,,,,,0.000,,,,,,,,,,
99381000002967272,2021-05-07,99381000000098082,Cochin,,PO-00100,,Billed,"ZHEJIANG NEW VISION IMP & EXP  CO, LTD",,FALSE,,KL,overseas,,false,USD,73.610600000000,Compact 1,,SAMPLE PURCHASE - PAYMENT DIRECT BY FAISAL SIR IN 300 RMB. PICKED THROUGH MEEZAN DHL,,DHL,,Inventory Asset,,23.20,CHICKEN SCALE,99381000003120323,SSCKNSCALE30X34,,,,,SAMPLE ,2.00,0.00,0.00,2.00,nos,Cochin,entity_level,true,0.00,0.0,,,,,,,goods,,,,46.40,46.40,0.00,Adjustment,0.00,0.000,,,,,,,,0,Due on Receipt,Yes Weigh ,"Regd office : 49/468A, CITY CENTER 2F VYTTILA ,ERNAKULAM, 682019",COCHIN,Kerala,India,683503,8803333444,,,,,,,,,,,,0.000,,,,,,,,,,
99381000003057091,2021-05-12,99381000000098082,Cochin,,PO-00101,,Partially Billed,Zhejiang Sifang Import and Export Co. Ltd,84231000,FALSE,,KL,overseas,,false,USD,73.443008000000,Compact 1,,,,,,Inventory Asset,,20.80,PLATFORM SCALE,99381000002790630,YS50GY,,,,,"Make: YESWEIGH  Model:YSP-50
Max:50kg  e:5g  Min:100g  Class:III",1500.00,0.00,0.00,900.00,nos,Cochin,entity_level,true,0.00,0.0,,,,,,,goods,,,,31200.00,31200.00,0.00,Adjustment,0.00,0.000,,,,,,,,0,Due on Receipt,Yes Weigh ,"Regd office : 49/468A, CITY CENTER 2F VYTTILA ,ERNAKULAM, 682019",COCHIN,Kerala,India,683503,8803333444,,,,,,,,,,,,0.000,,,,,,,,,Sheba,paid
99381000003055165,2021-05-12,99381000000098082,Cochin,,PO-00102,,Billed,Shanghai Yousheng Weighing Apparatus Co. Ltd.,84239020,FALSE,,KL,overseas,,false,USD,73.437615000000,Compact 1,,,,,,Inventory Asset,,75.00,Q8LBL MOTHERBOARD,99381000001687423,Q8622,,,,,,15.00,0.00,0.00,15.00,nos,Cochin,entity_level,true,0.00,0.0,,,,,,,goods,,,,1125.00,1325.00,0.00,Adjustment,0.00,0.000,,,,,,,,0,Due on Receipt,Yes Weigh ,"Regd office : 49/468A, CITY CENTER 2F VYTTILA ,ERNAKULAM, 682019",COCHIN,Kerala,India,683503,8803333444,,,,,,,,,,,,0.000,,,,,,,,,,
99381000003055165,2021-05-12,99381000000098082,Cochin,,PO-00102,,Billed,Shanghai Yousheng Weighing Apparatus Co. Ltd.,84239020,FALSE,,KL,overseas,,false,USD,73.437615000000,Compact 1,,,,,,Inventory Asset,,10.00,Q8LBL Dot Matrix Display Set,99381000001073021,Q8602,,,,,,20.00,0.00,0.00,20.00,nos,Cochin,entity_level,true,0.00,0.0,,,,,,,goods,,,,200.00,1325.00,0.00,Adjustment,0.00,0.000,,,,,,,,0,Due on Receipt,Yes Weigh ,"Regd office : 49/468A, CITY CENTER 2F VYTTILA ,ERNAKULAM, 682019",COCHIN,Kerala,India,683503,8803333444,,,,,,,,,,,,0.000,,,,,,,,,,
99381000003087024,2021-05-18,99381000000098082,Cochin,,PO-00105,,Billed,Elmass System & Services,84231000,FALSE,KL,KL,business_gst,32AACFE8918M1Z7,false,INR,1.000000000000,Compact 1,,,,,,Inventory Asset,,14000.00,Bill Printing scale Q8POS,99381000000011617,ECS5W,,,,,,1.00,0.00,0.00,1.00,nos,Cochin,entity_level,true,0.00,0.0,99381000000006208,GST18,18.00,2520.00,Tax Group,,goods,,,,14000.00,16520.00,0.00,Adjustment,0.00,0.000,,,,,,,,0,Due on Receipt,Yes Weigh ,"Regd office : 49/468A, CITY CENTER 2F VYTTILA ,ERNAKULAM, 682019",COCHIN,Kerala,India,683503,8803333444,,,,,,,,,,,,0.000,,,,,,,,,,
99381000003120235,2021-05-24,99381000000098082,Cochin,,PO-00106,,Billed,Elmass System & Services,84231000,FALSE,KL,KL,business_gst,32AACFE8918M1Z7,false,INR,1.000000000000,Compact 1,,,,,,Inventory Asset,,9500.00,Bill  Printing scale Q74W,99381000000343190,ECS4W,,,,,,6.00,0.00,0.00,6.00,nos,Cochin,entity_level,true,0.00,0.0,99381000000006208,GST18,18.00,10260.00,Tax Group,,goods,,,,57000.00,67260.00,0.00,Adjustment,0.00,0.000,,,,,,,,0,Due on Receipt,Yes Weigh ,"Regd office : 49/468A, CITY CENTER 2F VYTTILA ,ERNAKULAM, 682019",COCHIN,Kerala,India,683503,8803333444,,,,,,,,,,,,0.000,,,,,,,,,,
99381000003152276,2021-05-29,99381000000098082,Cochin,,PO-00107,,Billed,AXIS ELECTRONICS,84239020,FALSE,UK,KL,business_gst,05AMDPS1287L1ZP,false,INR,1.000000000000,Compact 1,,,,,,Inventory Asset,,1040.00,FLOOR SCALE INDICATOR,99381000001429925,K12IND,,,,,,32.00,0.00,0.00,32.00,nos,Cochin,entity_level,true,0.00,0.0,99381000000006196,IGST18,18.00,5990.40,ItemAmount,,goods,,,,33280.00,40804.40,0.00,Adjustment,0.00,0.000,,,,,,,,0,Due on Receipt,Yes Weigh ,"Regd office : 49/468A, CITY CENTER 2F VYTTILA ,ERNAKULAM, 682019",COCHIN,Kerala,India,683503,8803333444,,,,,,,,,,,,0.000,,,,,,,,,,
99381000003152276,2021-05-29,99381000000098082,Cochin,,PO-00107,,Billed,AXIS ELECTRONICS,996819,FALSE,UK,KL,business_gst,05AMDPS1287L1ZP,false,INR,1.000000000000,Compact 1,,,,,,Cost of Goods Sold,,1300.00,Freight,99381000003152296,FREIGH,,,,,,1.00,0.00,0.00,1.00,Lumpsum,,entity_level,true,0.00,0.0,99381000000006196,IGST18,18.00,234.00,ItemAmount,,service,,,,1300.00,40804.40,0.00,Adjustment,0.00,0.000,,,,,,,,0,Due on Receipt,Yes Weigh ,"Regd office : 49/468A, CITY CENTER 2F VYTTILA ,ERNAKULAM, 682019",COCHIN,Kerala,India,683503,8803333444,,,,,,,,,,,,0.000,,,,,,,,,,
99381000003163359,2021-05-31,99381000000098082,Cochin,,PO-00108,,Billed,SHREE HARI PRODUCTS,84239020,FALSE,GJ,KL,business_gst,24ADNFS8168D1ZQ,false,INR,1.000000000000,Compact 1,,,,,,Inventory Asset,,36.00,AC Cord wire CPU Cord(3 yard),99381000002008032,CW3X3,,,,,,300.00,0.00,0.00,300.00,nos,Cochin,entity_level,true,0.00,0.0,99381000000006196,IGST18,18.00,1944.00,ItemAmount,,goods,,,,10800.00,12744.00,0.00,Adjustment,0.00,0.000,,,,,,,,0,Due on Receipt,,"Interweighing Pvt Ltd,","ERNAKULAM, ",,,682019,,,,,,,,,,,,,0.000,,,,,,,,,,
99381000003192148,2021-06-03,99381000000098082,Cochin,,PO-00110,,Billed,"ZHEJIANG NEW VISION IMP & EXP  CO, LTD",84238290,FALSE,,KL,overseas,,false,USD,72.950102000000,Compact 1,,,,,,Inventory Asset,,13.50,CHICKEN SCALE 50Kg/5g,99381000003120323,SSCKNSCALE30X34,,,,,"30x34cm Portable scale 50Kg/5g, 1901 single display indicator, Li battery inside, SS pan, with full plastic handle",500.00,0.00,0.00,500.00,nos,Cochin,entity_level,true,0.00,0.0,,,,,,,goods,,,,6750.00,42587.50,0.00,Adjustment,0.00,0.000,,,,,,,,0,Due on Receipt,Yes Weigh ,"Regd office : 49/468A, CITY CENTER 2F VYTTILA ,ERNAKULAM, 682019",COCHIN,Kerala,India,683503,8803333444,,,,,,,,,,,,0.000,,,,,,,,,Sheba,30% advance payment
99381000003192148,2021-06-03,99381000000098082,Cochin,,PO-00110,,Billed,"ZHEJIANG NEW VISION IMP & EXP  CO, LTD",84238290,FALSE,,KL,overseas,,false,USD,72.950102000000,Compact 1,,,,,,Inventory Asset,,23.50,CHICKEN SCALE 300Kg/50g,99381000003192114,MSCKNSCALE40X40,,,,,"40x40cm MS portable scale with SS chequred  plate 
Capacity : 300kg/50g, 1901 single display indicator, Li battery, Mild steel pan with full SS handle.",500.00,0.00,0.00,500.00,nos,Cochin,entity_level,true,0.00,0.0,,,,,,,goods,,,,11750.00,42587.50,0.00,Adjustment,0.00,0.000,,,,,,,,0,Due on Receipt,Yes Weigh ,"Regd office : 49/468A, CITY CENTER 2F VYTTILA ,ERNAKULAM, 682019",COCHIN,Kerala,India,683503,8803333444,,,,,,,,,,,,0.000,,,,,,,,,Sheba,30% advance payment
99381000003192148,2021-06-03,99381000000098082,Cochin,,PO-00110,,Billed,"ZHEJIANG NEW VISION IMP & EXP  CO, LTD",84239020,FALSE,,KL,overseas,,false,USD,72.950102000000,Compact 1,,,,,,Inventory Asset,,26.50,PLATFORM SCALE 40X40 SS (150Kgx20g),99381000003192139,PF4040,,,,,"40X40CM Platform Scale, 150kg/20g, 1702 double display, green led indicator, AC Charger. 4V battery, SS pan, with SS back rail, SS pole, SS top platform, MS Frame",500.00,0.00,0.00,500.00,nos,Cochin,entity_level,true,0.00,0.0,,,,,,,goods,,,,13250.00,42587.50,0.00,Adjustment,0.00,0.000,,,,,,,,0,Due on Receipt,Yes Weigh ,"Regd office : 49/468A, CITY CENTER 2F VYTTILA ,ERNAKULAM, 682019",COCHIN,Kerala,India,683503,8803333444,,,,,,,,,,,,0.000,,,,,,,,,Sheba,30% advance payment
99381000003192148,2021-06-03,99381000000098082,Cochin,,PO-00110,,Billed,"ZHEJIANG NEW VISION IMP & EXP  CO, LTD",84238290,FALSE,,KL,overseas,,false,USD,72.950102000000,Compact 1,,,,,,Inventory Asset,,16.80,Platform Weighing Scale 30x34 MS,99381000003938861,PFPC30X34SS,,,,,Max : 50kg  e: 5g Class III,600.00,0.00,0.00,600.00,nos,Cochin,entity_level,true,0.00,0.0,,,,,,,goods,,,,10080.00,42587.50,0.00,Adjustment,0.00,0.000,,,,,,,,0,Due on Receipt,Yes Weigh ,"Regd office : 49/468A, CITY CENTER 2F VYTTILA ,ERNAKULAM, 682019",COCHIN,Kerala,India,683503,8803333444,,,,,,,,,,,,0.000,,,,,,,,,Sheba,30% advance payment
99381000003192148,2021-06-03,99381000000098082,Cochin,,PO-00110,,Billed,"ZHEJIANG NEW VISION IMP & EXP  CO, LTD",84239020,FALSE,,KL,overseas,,false,USD,72.950102000000,Compact 1,,,,,,Inventory Asset,,7.20,RED LED DOUBLE DISPLAY INDICATOR,99381000004301165,1802INDICATORR,,,,,,100.00,0.00,0.00,100.00,nos,Cochin,entity_level,true,0.00,0.0,,,,,,,goods,,,,720.00,42587.50,0.00,Adjustment,0.00,0.000,,,,,,,,0,Due on Receipt,Yes Weigh ,"Regd office : 49/468A, CITY CENTER 2F VYTTILA ,ERNAKULAM, 682019",COCHIN,Kerala,India,683503,8803333444,,,,,,,,,,,,0.000,,,,,,,,,Sheba,30% advance payment
99381000003192148,2021-06-03,99381000000098082,Cochin,,PO-00110,,Billed,"ZHEJIANG NEW VISION IMP & EXP  CO, LTD",84239020,FALSE,,KL,overseas,,false,USD,72.950102000000,Compact 1,,,,,,Inventory Asset,,37.50,Spare Parts,99381000001847007,SPARE,,,,,,1.00,0.00,0.00,1.00,box,Cochin,entity_level,true,0.00,0.0,,,,,,,goods,,,,37.50,42587.50,0.00,Adjustment,0.00,0.000,,,,,,,,0,Due on Receipt,Yes Weigh ,"Regd office : 49/468A, CITY CENTER 2F VYTTILA ,ERNAKULAM, 682019",COCHIN,Kerala,India,683503,8803333444,,,,,,,,,,,,0.000,,,,,,,,,Sheba,30% advance payment
99381000003192178,2021-06-03,99381000000098082,Cochin,,PO-00111,,Billed,ROYAL TRADERS,84239020,FALSE,MH,KL,business_gst,27AITPA3314N1Z1,false,INR,1.000000000000,Compact 1,,,,,,Inventory Asset,,540.00,Shearbeam Loadcell 1000kg,99381000002008154,SBLC1T,,,,,,36.00,0.00,0.00,36.00,nos,Cochin,entity_level,true,0.00,0.0,99381000000006196,IGST18,18.00,3499.20,ItemAmount,,goods,,,,19440.00,23045.40,0.00,Adjustment,0.00,0.000,,,,,,,,0,Due on Receipt,Yes Weigh ,"Regd office : 49/468A, CITY CENTER 2F VYTTILA ,ERNAKULAM, 682019",COCHIN,Kerala,India,683503,8803333444,,,,,,,,,,,,0.000,,,,,,,,,,
99381000003192178,2021-06-03,99381000000098082,Cochin,,PO-00111,,Billed,ROYAL TRADERS,996819,FALSE,MH,KL,business_gst,27AITPA3314N1Z1,false,INR,1.000000000000,Compact 1,,,,,,Cost of Goods Sold,,30.00,Freight,99381000003152296,FREIGH,,,,,,3.00,0.00,0.00,3.00,Lumpsum,,entity_level,true,0.00,0.0,99381000000006196,IGST18,18.00,16.20,ItemAmount,,service,,,,90.00,23045.40,0.00,Adjustment,0.00,0.000,,,,,,,,0,Due on Receipt,Yes Weigh ,"Regd office : 49/468A, CITY CENTER 2F VYTTILA ,ERNAKULAM, 682019",COCHIN,Kerala,India,683503,8803333444,,,,,,,,,,,,0.000,,,,,,,,,,
99381000003238001,2021-06-11,99381000000098082,Cochin,,PO-00112,,Billed,SREEKRISHNA TRADERS,85068090,FALSE,KL,KL,business_gst,32AECFS0538R1ZR,false,INR,1.000000000000,Compact 1,,,,,,Inventory Asset,,152.34,ATM PC / BENCH PC BATTERY 4V  4.5AH,99381000000691252,APC209,,,,,,100.00,0.00,0.00,100.00,nos,Cochin,entity_level,true,0.00,0.0,99381000000006224,GST28,28.00,4265.52,Tax Group,,goods,,,,15234.00,19500.00,0.48,Adjustment,0.00,0.000,,,,,,,,0,Due on Receipt,Yes Weigh ,"Regd office : 49/468A, CITY CENTER 2F VYTTILA ,ERNAKULAM, 682019",COCHIN,Kerala,India,683503,8803333444,,,,,,,,,,,,0.000,,,,,,,,,,
99381000003238013,2021-06-11,99381000000098082,Cochin,,PO-00113,,Billed,BREVERA TECHNOLOGIES PRIVATE LIMITED,84239020,FALSE,KA,KL,business_gst,29AAFCB7108Q1Z4,false,INR,1.000000000000,Compact 1,,,,,,Inventory Asset,,113.00,CHOTTU MOTHERBOARD - 99MB 4V,99381000001165620,CH603,,,,,,112.00,0.00,0.00,112.00,nos,Cochin,entity_level,true,0.00,0.0,99381000000006196,IGST18,18.00,2278.08,ItemAmount,,goods,,,,12656.00,15064.00,0.12,Adjustment,0.00,0.000,,,,,,,,0,Due on Receipt,Yes Weigh ,"Regd office : 49/468A, CITY CENTER 2F VYTTILA ,ERNAKULAM, 682019",COCHIN,Kerala,India,683503,8803333444,,,,,,,,,,,,0.000,,,,,,,,,,
99381000003238013,2021-06-11,99381000000098082,Cochin,,PO-00113,,Billed,BREVERA TECHNOLOGIES PRIVATE LIMITED,996819,FALSE,KA,KL,business_gst,29AAFCB7108Q1Z4,false,INR,1.000000000000,Compact 1,,,,,,Cost of Goods Sold,,110.00,Freight,99381000003152296,FREIGH,,,,,,1.00,0.00,0.00,1.00,Lumpsum,,entity_level,true,0.00,0.0,99381000000006196,IGST18,18.00,19.80,ItemAmount,,service,,,,110.00,15064.00,0.12,Adjustment,0.00,0.000,,,,,,,,0,Due on Receipt,Yes Weigh ,"Regd office : 49/468A, CITY CENTER 2F VYTTILA ,ERNAKULAM, 682019",COCHIN,Kerala,India,683503,8803333444,,,,,,,,,,,,0.000,,,,,,,,,,
99381000003281001,2021-06-16,99381000000098082,Cochin,,PO-00114,,Billed,SAURYA ENTERPRISE,84239020,FALSE,GJ,KL,business_gst,24ALPPP7228K1ZJ,false,INR,1.000000000000,Compact 1,,,,,,Inventory Asset,,54.00,Transformer,99381000002007028,TR12V,,,,,,480.00,0.00,0.00,480.00,nos,Cochin,entity_level,true,0.00,0.0,99381000000006196,IGST18,18.00,4665.60,ItemAmount,,goods,,,,25920.00,30585.60,0.00,Adjustment,0.00,0.000,,,,,,,,0,Due on Receipt,Yes Weigh ,"Regd office : 49/468A, CITY CENTER 2F VYTTILA ,ERNAKULAM, 682019",COCHIN,Kerala,India,683503,8803333444,,,,,,,,,,,,0.000,,,,,,,,,Teslin,Advance
99381000003305480,2021-06-22,99381000000098082,Cochin,,PO-00115,,Billed,SAFAL ENTERPRISE PVT. LTD.,84231000,FALSE,GJ,KL,business_gst,24ABFCS6034B1ZR,false,INR,1.000000000000,Compact 1,,,,,,Inventory Asset,,1050.00,Table Top Scale  220x170 ABS 6 Volt,99381000000562040,TTABS6V,,,,,Max : 20kg e:2gm Min: 40g Class III,180.00,0.00,0.00,180.00,nos,Cochin,entity_level,true,0.00,0.0,99381000000006196,IGST18,18.00,34020.00,ItemAmount,,goods,,,,189000.00,357540.00,0.00,Adjustment,0.00,0.000,,,,,,,,0,Due on Receipt,Yes Weigh ,"Regd office : 49/468A, CITY CENTER 2F VYTTILA ,ERNAKULAM, 682019",COCHIN,Kerala,India,683503,8803333444,,,,,,,,,,,,0.000,,,,,,,,,Sheba,30 DAYS CREDIT
99381000003305480,2021-06-22,99381000000098082,Cochin,,PO-00115,,Billed,SAFAL ENTERPRISE PVT. LTD.,84231000,FALSE,GJ,KL,business_gst,24ABFCS6034B1ZR,false,INR,1.000000000000,Compact 1,,,,,,Inventory Asset,,950.00,Table Top Scale 220x170 ABS 4 Volt,99381000000349058,CH4VSF,,,,,Max :20kg e:2gm Min: 40g Class III,120.00,0.00,0.00,120.00,nos,Cochin,entity_level,true,0.00,0.0,99381000000006196,IGST18,18.00,20520.00,ItemAmount,,goods,,,,114000.00,357540.00,0.00,Adjustment,0.00,0.000,,,,,,,,0,Due on Receipt,Yes Weigh ,"Regd office : 49/468A, CITY CENTER 2F VYTTILA ,ERNAKULAM, 682019",COCHIN,Kerala,India,683503,8803333444,,,,,,,,,,,,0.000,,,,,,,,,Sheba,30 DAYS CREDIT
99381000003311262,2021-06-23,99381000000098082,Cochin,,PO-00116,,Billed,Accurate Trade Links,84231000,FALSE,KL,KL,business_gst,32AHJPK1741Q1Z4,false,INR,1.000000000000,Compact 1,,,,,,Inventory Asset,,7400.00,Analytical Balance 220g/1 mg,99381000000205935,BSM2203,,,,,,2.00,0.00,0.00,2.00,nos,Cochin,entity_level,true,0.00,0.0,99381000000006208,GST18,18.00,2664.00,Tax Group,,goods,,,,14800.00,17464.00,0.00,Adjustment,0.00,0.000,,,,,,,,0,Due on Receipt,Yes Weigh ,"Regd office : 49/468A, CITY CENTER 2F VYTTILA ,ERNAKULAM, 682019",COCHIN,Kerala,India,683503,8803333444,,,,,,,,,,,,0.000,,,,,,,,,Sheba,PAYMENT UPON RECEIPT OF ORDER
99381000003400009,2021-07-05,99381000000098082,Cochin,,PO-00122,,Billed,SREEKRISHNA TRADERS,85068090,FALSE,KL,KL,business_gst,32AECFS0538R1ZR,false,INR,1.000000000000,Compact 1,,,,,,Inventory Asset,,152.34,ATM PC / BENCH PC BATTERY 4V  4.5AH,99381000000691252,APC209,,,,,,100.00,0.00,0.00,100.00,nos,Cochin,entity_level,true,0.00,0.0,99381000000006224,GST28,28.00,4265.52,Tax Group,,goods,,,,15234.00,19499.52,0.00,Round off,0.00,0.000,,,,,,,,0,Due on Receipt,Yes Weigh ,"Regd office : 49/468A, CITY CENTER 2F VYTTILA ,ERNAKULAM, 682019",COCHIN,Kerala,India,683503,8803333444,,,,,,,,,,,,0.000,,,,,,,,,Teslin,advance
99381000003500001,2021-07-16,99381000000098082,Cochin,,PO-00124,,Billed,G J IMPEX,84239020,FALSE,GJ,KL,business_gst,24AANFG8787H1ZR,false,INR,1.000000000000,Compact 1,,,,,,Inventory Asset,,23.00,AC Cord wire 2pin(3 yrad),99381000002008023,CW2X3,,,,,,560.00,0.00,0.00,560.00,nos,Cochin,entity_level,true,0.00,0.0,99381000000006196,IGST18,18.00,2318.40,ItemAmount,,goods,,,,12880.00,15198.40,0.00,Adjustment,0.00,0.000,,,,,,,,0,Due on Receipt,Yes Weigh ,"Regd office : 49/468A, CITY CENTER 2F VYTTILA ,ERNAKULAM, 682019",COCHIN,Kerala,India,683503,8803333444,,,,,,,,,,,,0.000,,,,,,,,,Teslin,advance payment
99381000003523913,2021-07-09,99381000000098082,Cochin,,PO-00126,,Billed,Shanghai Yousheng Weighing Apparatus Co. Ltd.,84231000,FALSE,,KL,overseas,,false,USD,74.487896000000,Compact 1,,,,,,Inventory Asset,,30.00,Analytical Balance 220g/1 mg,99381000000205935,BSM2203,,,,,,6.00,0.00,0.00,6.00,nos,Cochin,entity_level,true,0.00,0.0,,,,,,,goods,,,,180.00,250.00,0.00,Adjustment,0.00,0.000,,,,,,,,0,Due on Receipt,Yes Weigh ,"Regd office : 49/468A, CITY CENTER 2F VYTTILA ,ERNAKULAM, 682019",COCHIN,Kerala,India,683503,8803333444,,,,,,,,,,,,0.000,,,,,,,,,Sheba,Replacement
99381000003523913,2021-07-09,99381000000098082,Cochin,,PO-00126,,Billed,Shanghai Yousheng Weighing Apparatus Co. Ltd.,84239020,FALSE,,KL,overseas,,false,USD,74.487896000000,Compact 1,,,,,,Inventory Asset,,5.00,ECS5W DISPLAY SET FRONT,99381000000306342,ECS808,,,,,,5.00,0.00,0.00,5.00,nos,Cochin,entity_level,true,0.00,0.0,,,,,,,goods,,,,25.00,250.00,0.00,Adjustment,0.00,0.000,,,,,,,,0,Due on Receipt,Yes Weigh ,"Regd office : 49/468A, CITY CENTER 2F VYTTILA ,ERNAKULAM, 682019",COCHIN,Kerala,India,683503,8803333444,,,,,,,,,,,,0.000,,,,,,,,,Sheba,Replacement
99381000003523913,2021-07-09,99381000000098082,Cochin,,PO-00126,,Billed,Shanghai Yousheng Weighing Apparatus Co. Ltd.,84239020,FALSE,,KL,overseas,,false,USD,74.487896000000,Compact 1,,,,,,Inventory Asset,,1.00,ECS5W DOT  MATRIX DISPLAY,99381000001687432,ECS826,,,,,,45.00,0.00,0.00,45.00,nos,Cochin,entity_level,true,0.00,0.0,,,,,,,goods,,,,45.00,250.00,0.00,Adjustment,0.00,0.000,,,,,,,,0,Due on Receipt,Yes Weigh ,"Regd office : 49/468A, CITY CENTER 2F VYTTILA ,ERNAKULAM, 682019",COCHIN,Kerala,India,683503,8803333444,,,,,,,,,,,,0.000,,,,,,,,,Sheba,Replacement
99381000003561005,2021-07-26,99381000000098082,Cochin,,PO-00128,,Billed,BREVERA TECHNOLOGIES PRIVATE LIMITED,84239020,FALSE,KA,KL,business_gst,29AAFCB7108Q1Z4,false,INR,1.000000000000,Compact 1,,,,,,Inventory Asset,,149.00,CHOTTU MOTHERBOARD - 99MB 6V,99381000001165607,CH602,,,,,,112.00,0.00,0.00,112.00,nos,Cochin,entity_level,true,0.00,0.0,99381000000006196,IGST18,18.00,3003.84,ItemAmount,,goods,,,,16688.00,19833.00,-0.44,Adjustment,0.00,0.000,,,,,,,,0,Due on Receipt,,"Interweighing Pvt Ltd,","ERNAKULAM, ",,,682019,,,,,,,,,,,,,0.000,,,,,,,,,Teslin,Advance payment
99381000003561005,2021-07-26,99381000000098082,Cochin,,PO-00128,,Billed,BREVERA TECHNOLOGIES PRIVATE LIMITED,996819,FALSE,KA,KL,business_gst,29AAFCB7108Q1Z4,false,INR,1.000000000000,Compact 1,,,,,,Cost of Goods Sold,,120.00,Freight,99381000003152296,FREIGH,,,,,,1.00,0.00,0.00,1.00,Lumpsum,,entity_level,true,0.00,0.0,99381000000006196,IGST18,18.00,21.60,ItemAmount,,service,,,,120.00,19833.00,-0.44,Adjustment,0.00,0.000,,,,,,,,0,Due on Receipt,,"Interweighing Pvt Ltd,","ERNAKULAM, ",,,682019,,,,,,,,,,,,,0.000,,,,,,,,,Teslin,Advance payment
99381000003662358,2021-08-09,99381000000098082,Cochin,,PO-00132,,Billed,SREEKRISHNA TRADERS,85068090,FALSE,KL,KL,business_gst,32AECFS0538R1ZR,false,INR,1.000000000000,Compact 1,,,,,,Inventory Asset,,152.34,ATM PC / BENCH PC BATTERY 4V  4.5AH,99381000000691252,APC209,,,,,,100.00,0.00,0.00,100.00,nos,Cochin,entity_level,true,0.00,0.0,99381000000006224,GST28,28.00,4265.52,Tax Group,,goods,,,,15234.00,19499.52,0.00,Adjustment,0.00,0.000,,,,,,,,0,Due on Receipt,Yes Weigh ,"Regd office : 49/468A, CITY CENTER 2F VYTTILA ,ERNAKULAM, 682019",COCHIN,Kerala,India,683503,8803333444,,,,,,,,,,,,0.000,,,,,,,,,Teslin,ADVANCE
99381000003651525,2021-08-09,99381000000098082,Cochin,,PO-00133,,Billed,Shanghai Yousheng Weighing Apparatus Co. Ltd.,84239020,FALSE,,KL,overseas,,false,USD,74.222519000000,Compact 1,,,,,,Inventory Asset,,107.00,Floor Scale 1mx1m,99381000000035236,PLT1000,,,,,without Indicator,100.00,0.00,0.00,100.00,nos,Cochin,entity_level,true,0.00,0.0,,,,,,,goods,,,,10700.00,20058.00,0.00,Adjustment,0.00,0.000,,,,,,,,0,Due on Receipt,Yes Weigh ,"Regd office : 49/468A, CITY CENTER 2F VYTTILA ,ERNAKULAM, 682019",COCHIN,Kerala,India,683503,8803333444,,,,,,,,,,,,0.000,,,,,,,,,Sheba,Advance 30%
99381000003651525,2021-08-09,99381000000098082,Cochin,,PO-00133,,Billed,Shanghai Yousheng Weighing Apparatus Co. Ltd.,84239020,FALSE,,KL,overseas,,false,USD,74.222519000000,Compact 1,,,,,,Inventory Asset,,137.00,Floor Scale 1.2mx1.2m,99381000000035245,PLT1200,,,,,,30.00,0.00,0.00,30.00,nos,Cochin,entity_level,true,0.00,0.0,,,,,,,goods,,,,4110.00,20058.00,0.00,Adjustment,0.00,0.000,,,,,,,,0,Due on Receipt,Yes Weigh ,"Regd office : 49/468A, CITY CENTER 2F VYTTILA ,ERNAKULAM, 682019",COCHIN,Kerala,India,683503,8803333444,,,,,,,,,,,,0.000,,,,,,,,,Sheba,Advance 30%
99381000003651525,2021-08-09,99381000000098082,Cochin,,PO-00133,,Billed,Shanghai Yousheng Weighing Apparatus Co. Ltd.,84239020,FALSE,,KL,overseas,,false,USD,74.222519000000,Compact 1,,,,,,Inventory Asset,,182.00,Floor Scale 1.5mx1.5m,99381000000035254,PLT1500,,,,,,10.00,0.00,0.00,10.00,nos,Cochin,entity_level,true,0.00,0.0,,,,,,,goods,,,,1820.00,20058.00,0.00,Adjustment,0.00,0.000,,,,,,,,0,Due on Receipt,Yes Weigh ,"Regd office : 49/468A, CITY CENTER 2F VYTTILA ,ERNAKULAM, 682019",COCHIN,Kerala,India,683503,8803333444,,,,,,,,,,,,0.000,,,,,,,,,Sheba,Advance 30%
99381000003651525,2021-08-09,99381000000098082,Cochin,,PO-00133,,Billed,Shanghai Yousheng Weighing Apparatus Co. Ltd.,84239020,FALSE,,KL,overseas,,false,USD,74.222519000000,Compact 1,,,,,,Inventory Asset,,13.00,Floor Scale Indicator,99381000000306107,FSIND,,,,,,40.00,0.00,0.00,40.00,nos,Cochin,entity_level,true,0.00,0.0,,,,,,,goods,,,,520.00,20058.00,0.00,Adjustment,0.00,0.000,,,,,,,,0,Due on Receipt,Yes Weigh ,"Regd office : 49/468A, CITY CENTER 2F VYTTILA ,ERNAKULAM, 682019",COCHIN,Kerala,India,683503,8803333444,,,,,,,,,,,,0.000,,,,,,,,,Sheba,Advance 30%
99381000003651525,2021-08-09,99381000000098082,Cochin,,PO-00133,,Billed,Shanghai Yousheng Weighing Apparatus Co. Ltd.,84239020,FALSE,,KL,overseas,,false,USD,74.222519000000,Compact 1,,,,,,Inventory Asset,,308.00,Spare Parts,99381000001847007,SPARE,,,,,,1.00,0.00,0.00,1.00,box,Cochin,entity_level,true,0.00,0.0,,,,,,,goods,,,,308.00,20058.00,0.00,Adjustment,0.00,0.000,,,,,,,,0,Due on Receipt,Yes Weigh ,"Regd office : 49/468A, CITY CENTER 2F VYTTILA ,ERNAKULAM, 682019",COCHIN,Kerala,India,683503,8803333444,,,,,,,,,,,,0.000,,,,,,,,,Sheba,Advance 30%
99381000003651525,2021-08-09,99381000000098082,Cochin,,PO-00133,,Billed,Shanghai Yousheng Weighing Apparatus Co. Ltd.,84231000,FALSE,,KL,overseas,,false,USD,74.222519000000,Compact 1,,,,,,Inventory Asset,,130.00,Label Printing Scale Q9LBL,99381000002536240,Q9LBL,,,,,,20.00,0.00,0.00,20.00,nos,Cochin,entity_level,true,0.00,0.0,,,,,,,goods,,,,2600.00,20058.00,0.00,Adjustment,0.00,0.000,,,,,,,,0,Due on Receipt,Yes Weigh ,"Regd office : 49/468A, CITY CENTER 2F VYTTILA ,ERNAKULAM, 682019",COCHIN,Kerala,India,683503,8803333444,,,,,,,,,,,,0.000,,,,,,,,,Sheba,Advance 30%
99381000003651542,2021-08-09,99381000000098082,Cochin,,PO-00134,,Billed,Zhejiang Sifang Import and Export Co. Ltd,84238290,FALSE,,KL,overseas,,false,USD,74.228029000000,Compact 1,,,,,,Inventory Asset,,20.80,Platform Scale,99381000004079187,BENCHPCD,,,,,"Make: YESWEIGH Model:YSP-50
Max:50kg e:5g Min:100g Class:III",1000.00,0.00,0.00,1000.00,nos,Cochin,entity_level,true,0.00,0.0,,,,,,,goods,,,,20800.00,43360.60,0.00,Adjustment,0.00,0.000,,,,,,,,0,Due on Receipt,Yes Weigh ,"Regd office : 49/468A, CITY CENTER 2F VYTTILA ,ERNAKULAM, 682019",COCHIN,Kerala,India,683503,8803333444,,,,,,,,,,,,0.000,,,,,,,,,Sheba,30% Advance
99381000003651542,2021-08-09,99381000000098082,Cochin,,PO-00134,,Billed,Zhejiang Sifang Import and Export Co. Ltd,84231000,FALSE,,KL,overseas,,false,USD,74.228029000000,Compact 1,,,,,,Inventory Asset,,42.00,Platform Weighing Scale 450x600 SS,99381000000326166,PF4560,,,,,,50.00,0.00,0.00,50.00,nos,Cochin,entity_level,true,0.00,0.0,,,,,,,goods,,,,2100.00,43360.60,0.00,Adjustment,0.00,0.000,,,,,,,,0,Due on Receipt,Yes Weigh ,"Regd office : 49/468A, CITY CENTER 2F VYTTILA ,ERNAKULAM, 682019",COCHIN,Kerala,India,683503,8803333444,,,,,,,,,,,,0.000,,,,,,,,,Sheba,30% Advance
99381000003651542,2021-08-09,99381000000098082,Cochin,,PO-00134,,Billed,Zhejiang Sifang Import and Export Co. Ltd,84231000,FALSE,,KL,overseas,,false,USD,74.228029000000,Compact 1,,,,,,Inventory Asset,,20.80,PLATFORM SCALE,99381000002790630,YS50GY,,,,,"Make: YESWEIGH  Model:YSP-50
Max:50kg  e:5g  Min:100g  Class:III",600.00,0.00,0.00,600.00,nos,Cochin,entity_level,true,0.00,0.0,,,,,,,goods,,,,12480.00,43360.60,0.00,Adjustment,0.00,0.000,,,,,,,,0,Due on Receipt,Yes Weigh ,"Regd office : 49/468A, CITY CENTER 2F VYTTILA ,ERNAKULAM, 682019",COCHIN,Kerala,India,683503,8803333444,,,,,,,,,,,,0.000,,,,,,,,,Sheba,30% Advance
99381000003651542,2021-08-09,99381000000098082,Cochin,,PO-00134,,Billed,Zhejiang Sifang Import and Export Co. Ltd,84238190,FALSE,,KL,overseas,,false,USD,74.228029000000,Compact 1,,,,,,Inventory Asset,,3.70,DIGITAL KITCHEN SCALE,99381000003586686,EK6005,,,,,"Make : YESWEIGH Model :YSK-5
Capacity : 5kg e : 0.1g
",288.00,0.00,0.00,288.00,nos,Cochin,entity_level,true,0.00,0.0,,,,,,,goods,,,,1065.60,43360.60,0.00,Adjustment,0.00,0.000,,,,,,,,0,Due on Receipt,Yes Weigh ,"Regd office : 49/468A, CITY CENTER 2F VYTTILA ,ERNAKULAM, 682019",COCHIN,Kerala,India,683503,8803333444,,,,,,,,,,,,0.000,,,,,,,,,Sheba,30% Advance
99381000003651542,2021-08-09,99381000000098082,Cochin,,PO-00134,,Billed,Zhejiang Sifang Import and Export Co. Ltd,84231000,FALSE,,KL,overseas,,false,USD,74.228029000000,Compact 1,,,,,,Inventory Asset,,41.64,Electronic weighing scale DJ600,99381000000796329,DJ600,,,,,,150.00,0.00,0.00,150.00,nos,Cochin,entity_level,true,0.00,0.0,,,,,,,goods,,,,6246.00,43360.60,0.00,Adjustment,0.00,0.000,,,,,,,,0,Due on Receipt,Yes Weigh ,"Regd office : 49/468A, CITY CENTER 2F VYTTILA ,ERNAKULAM, 682019",COCHIN,Kerala,India,683503,8803333444,,,,,,,,,,,,0.000,,,,,,,,,Sheba,30% Advance
99381000003651542,2021-08-09,99381000000098082,Cochin,,PO-00134,,Billed,Zhejiang Sifang Import and Export Co. Ltd,84239020,FALSE,,KL,overseas,,false,USD,74.228029000000,Compact 1,,,,,,Inventory Asset,,334.50,Spare Parts,99381000001847007,SPARE,,,,,,2.00,0.00,0.00,2.00,box,Cochin,entity_level,true,0.00,0.0,,,,,,,goods,,,,669.00,43360.60,0.00,Adjustment,0.00,0.000,,,,,,,,0,Due on Receipt,Yes Weigh ,"Regd office : 49/468A, CITY CENTER 2F VYTTILA ,ERNAKULAM, 682019",COCHIN,Kerala,India,683503,8803333444,,,,,,,,,,,,0.000,,,,,,,,,Sheba,30% Advance
99381000003690055,2021-08-10,99381000000098082,Cochin,,PO-00135,,Cancelled,Shenzhen Big Dipper Scale Co. Ltd,84231000,FALSE,,KL,overseas,,false,USD,74.426913000000,Compact 1,,,,,,Inventory Asset,,41.64,Electronic weighing scale DJ600,99381000000796329,DJ600,,,,,,150.00,0.00,0.00,0.00,nos,Cochin,entity_level,true,0.00,0.0,,,,,,,goods,,,,6246.00,6328.00,0.00,Adjustment,0.00,0.000,,,,,,,,0,Due on Receipt,Yes Weigh ,"Regd office : 49/468A, CITY CENTER 2F VYTTILA ,ERNAKULAM, 682019",COCHIN,Kerala,India,683503,8803333444,,,,,,,,,,,,0.000,,,,,,,,,Sheba,30% Advance 
99381000003690055,2021-08-10,99381000000098082,Cochin,,PO-00135,,Cancelled,Shenzhen Big Dipper Scale Co. Ltd,,FALSE,,KL,overseas,,false,USD,74.426913000000,Compact 1,,,,,,Bank Fees and Charges,,82.00,,,,,,,,Bank Charges,1.00,0.00,0.00,0.00,,,entity_level,true,0.00,0.0,,,,,,,service,,,,82.00,6328.00,0.00,Adjustment,0.00,0.000,,,,,,,,0,Due on Receipt,Yes Weigh ,"Regd office : 49/468A, CITY CENTER 2F VYTTILA ,ERNAKULAM, 682019",COCHIN,Kerala,India,683503,8803333444,,,,,,,,,,,,0.000,,,,,,,,,Sheba,30% Advance 
99381000003842122,2021-08-24,99381000000098082,Cochin,,PO-00136,,Billed,Vishwakarma scale Co,84239020,FALSE,GJ,KL,business_gst,24AALFV6819K1ZM,false,INR,1.000000000000,Compact 1,,,,,,Inventory Asset,,170.00,Loadcell 150 kg: 3 Hole,99381000002001069,LKH150,,,,,,180.00,0.00,0.00,180.00,nos,Cochin,entity_level,true,0.00,0.0,99381000000006196,IGST18,18.00,5508.00,ItemAmount,,goods,,,,30600.00,179006.00,0.00,Adjustment,0.00,0.000,,,,,,,,0,Due on Receipt,,"Interweighing Pvt Ltd,","ERNAKULAM, ",,,682019,,,,,,,,,,,,,0.000,,,,,,,,,Teslin,DUE WITH RECEIPT
99381000003842122,2021-08-24,99381000000098082,Cochin,,PO-00136,,Billed,Vishwakarma scale Co,84239020,FALSE,GJ,KL,business_gst,24AALFV6819K1ZM,false,INR,1.000000000000,Compact 1,,,,,,Inventory Asset,,275.00,Loadcell 200 kg 25 x25- 40 mm 4 HOLE,99381000002001101,LC200,,,,,,90.00,0.00,0.00,90.00,nos,Cochin,entity_level,true,0.00,0.0,99381000000006196,IGST18,18.00,4455.00,ItemAmount,,goods,,,,24750.00,179006.00,0.00,Adjustment,0.00,0.000,,,,,,,,0,Due on Receipt,,"Interweighing Pvt Ltd,","ERNAKULAM, ",,,682019,,,,,,,,,,,,,0.000,,,,,,,,,Teslin,DUE WITH RECEIPT
99381000003842122,2021-08-24,99381000000098082,Cochin,,PO-00136,,Billed,Vishwakarma scale Co,84239020,FALSE,GJ,KL,business_gst,24AALFV6819K1ZM,false,INR,1.000000000000,Compact 1,,,,,,Inventory Asset,,280.00,Loadcell 300 kg 25 x25- 40 mm 4 HOLE,99381000002001110,LC300,,,,,,90.00,0.00,0.00,90.00,nos,Cochin,entity_level,true,0.00,0.0,99381000000006196,IGST18,18.00,4536.00,ItemAmount,,goods,,,,25200.00,179006.00,0.00,Adjustment,0.00,0.000,,,,,,,,0,Due on Receipt,,"Interweighing Pvt Ltd,","ERNAKULAM, ",,,682019,,,,,,,,,,,,,0.000,,,,,,,,,Teslin,DUE WITH RECEIPT
99381000003842122,2021-08-24,99381000000098082,Cochin,,PO-00136,,Billed,Vishwakarma scale Co,84239020,FALSE,GJ,KL,business_gst,24AALFV6819K1ZM,false,INR,1.000000000000,Compact 1,,,,,,Inventory Asset,,550.00,Loadcell 500 kg,99381000002008145,SLK500,,,,,,32.00,0.00,0.00,32.00,nos,Cochin,entity_level,true,0.00,0.0,99381000000006196,IGST18,18.00,3168.00,ItemAmount,,goods,,,,17600.00,179006.00,0.00,Adjustment,0.00,0.000,,,,,,,,0,Due on Receipt,,"Interweighing Pvt Ltd,","ERNAKULAM, ",,,682019,,,,,,,,,,,,,0.000,,,,,,,,,Teslin,DUE WITH RECEIPT
99381000003842122,2021-08-24,99381000000098082,Cochin,,PO-00136,,Billed,Vishwakarma scale Co,84239020,FALSE,GJ,KL,business_gst,24AALFV6819K1ZM,false,INR,1.000000000000,Compact 1,,,,,,Inventory Asset,,275.00,Loadcell 500 kg 25 x25- 40 mm 4 HOLE,99381000002001119,LC500,,,,,,90.00,0.00,0.00,90.00,nos,Cochin,entity_level,true,0.00,0.0,99381000000006196,IGST18,18.00,4455.00,ItemAmount,,goods,,,,24750.00,179006.00,0.00,Adjustment,0.00,0.000,,,,,,,,0,Due on Receipt,,"Interweighing Pvt Ltd,","ERNAKULAM, ",,,682019,,,,,,,,,,,,,0.000,,,,,,,,,Teslin,DUE WITH RECEIPT
99381000003842122,2021-08-24,99381000000098082,Cochin,,PO-00136,,Billed,Vishwakarma scale Co,84239020,FALSE,GJ,KL,business_gst,24AALFV6819K1ZM,false,INR,1.000000000000,Compact 1,,,,,,Inventory Asset,,480.00,Loadcell 500 kg 25 x35 4 HOLE,99381000002001139,LKXH50,,,,,,60.00,0.00,0.00,60.00,nos,Cochin,entity_level,true,0.00,0.0,99381000000006196,IGST18,18.00,5184.00,ItemAmount,,goods,,,,28800.00,179006.00,0.00,Adjustment,0.00,0.000,,,,,,,,0,Due on Receipt,,"Interweighing Pvt Ltd,","ERNAKULAM, ",,,682019,,,,,,,,,,,,,0.000,,,,,,,,,Teslin,DUE WITH RECEIPT
99381000003880582,2021-08-28,99381000000098082,Cochin,,PO-00139,,Billed,Yongkang Quancheng Import & Export Co. Ltd,84238290,FALSE,,KL,overseas,,false,USD,73.496987000000,Compact 1,,,,,,Inventory Asset,,15.00,ELECTRONIC PLATFORM SCALE-100kg,99381000003880548,BEN30X40MSBR,,,,,"Model : YSP100 Max : 100kg e :10g
Size : 30*40 cm",1130.00,0.00,0.00,1130.00,nos,Cochin,entity_level,true,0.00,0.0,,,,,,,goods,,,,16950.00,30960.00,0.00,Adjustment,0.00,0.000,,,,,,,,0,Due on Receipt,Yes Weigh ,"Regd office : 49/468A, CITY CENTER 2F VYTTILA ,ERNAKULAM, 682019",COCHIN,Kerala,India,683503,8803333444,,,,,,,,,,,,0.000,,,,,,,,,Shalima,Advance USD10000
99381000003880582,2021-08-28,99381000000098082,Cochin,,PO-00139,,Billed,Yongkang Quancheng Import & Export Co. Ltd,84238290,FALSE,,KL,overseas,,false,USD,73.496987000000,Compact 1,,,,,,Inventory Asset,,28.02,ELECTRONIC PLATFORM SCALE,99381000003880539,PLT4050,,,,,"Model : YSP300 Max : 300 kg e: 50g
Size : 40*50 cm",500.00,0.00,0.00,500.00,nos,Cochin,entity_level,true,0.00,0.0,,,,,,,goods,,,,14010.00,30960.00,0.00,Adjustment,0.00,0.000,,,,,,,,0,Due on Receipt,Yes Weigh ,"Regd office : 49/468A, CITY CENTER 2F VYTTILA ,ERNAKULAM, 682019",COCHIN,Kerala,India,683503,8803333444,,,,,,,,,,,,0.000,,,,,,,,,Shalima,Advance USD10000
99381000003932001,2021-09-08,99381000000098082,Cochin,,PO-00141,,Billed,Vishwakarma scale Co,84239020,FALSE,GJ,KL,business_gst,24AALFV6819K1ZM,false,INR,1.000000000000,Compact 1,,,,,,Inventory Asset,,550.00,Shearbeam Loadcell 1000kg,99381000002008154,SBLC1T,,,,,,100.00,0.00,0.00,100.00,nos,Cochin,entity_level,true,0.00,0.0,99381000000006196,IGST18,18.00,9900.00,ItemAmount,,goods,,,,55000.00,142780.00,0.00,Adjustment,0.00,0.000,,,,,,,,0,Due on Receipt,Yes Weigh ,"Regd office : 49/468A, CITY CENTER 2F VYTTILA ,ERNAKULAM, 682019",COCHIN,Kerala,India,683503,8803333444,,,,,,,,,,,,0.000,,,,,,,,,Teslin,advance
99381000003932001,2021-09-08,99381000000098082,Cochin,,PO-00141,,Billed,Vishwakarma scale Co,84239020,FALSE,GJ,KL,business_gst,24AALFV6819K1ZM,false,INR,1.000000000000,Compact 1,,,,,,Inventory Asset,,550.00,Loadcell 500 kg,99381000002008145,SLK500,,,,,,100.00,0.00,0.00,100.00,nos,Cochin,entity_level,true,0.00,0.0,99381000000006196,IGST18,18.00,9900.00,ItemAmount,,goods,,,,55000.00,142780.00,0.00,Adjustment,0.00,0.000,,,,,,,,0,Due on Receipt,Yes Weigh ,"Regd office : 49/468A, CITY CENTER 2F VYTTILA ,ERNAKULAM, 682019",COCHIN,Kerala,India,683503,8803333444,,,,,,,,,,,,0.000,,,,,,,,,Teslin,advance
99381000003932001,2021-09-08,99381000000098082,Cochin,,PO-00141,,Billed,Vishwakarma scale Co,84239020,FALSE,GJ,KL,business_gst,24AALFV6819K1ZM,false,INR,1.000000000000,Compact 1,,,,,,Inventory Asset,,550.00,Shearbeam Loadcell 2000kg,99381000003971368,SBLC2T,,,,,,20.00,0.00,0.00,20.00,nos,Cochin,entity_level,true,0.00,0.0,99381000000006196,IGST18,18.00,1980.00,ItemAmount,,goods,,,,11000.00,142780.00,0.00,Adjustment,0.00,0.000,,,,,,,,0,Due on Receipt,Yes Weigh ,"Regd office : 49/468A, CITY CENTER 2F VYTTILA ,ERNAKULAM, 682019",COCHIN,Kerala,India,683503,8803333444,,,,,,,,,,,,0.000,,,,,,,,,Teslin,advance
99381000003934074,2021-09-09,99381000000098082,Cochin,,PO-00142,,Partially Billed,"HIMMEL (CHANGZHOU) SCIENTIFIC INSTRUMENTS CO.,LTD",90160020,FALSE,,KL,overseas,,false,USD,73.583517000000,Compact 1,,,,,,Inventory Asset,,175.00,Analytical Scale 200g/0.0001g -External,99381000003934056,YSA204E,,,,,Model :YSA 2004E SKU : YSA 2004E,80.00,0.00,0.00,80.00,nos,Cochin,entity_level,true,0.00,0.0,,,,,,,goods,,,,14000.00,18290.00,0.00,Adjustment,0.00,0.000,,,,,,,,0,Due on Receipt,Yes Weigh ,"Regd office : 49/468A, CITY CENTER 2F VYTTILA ,ERNAKULAM, 682019",COCHIN,Kerala,India,683503,8803333444,,,,,,,,,,,,0.000,,,,,,,,,Shalima,USD 10000 as advance
99381000003934074,2021-09-09,99381000000098082,Cochin,,PO-00142,,Partially Billed,"HIMMEL (CHANGZHOU) SCIENTIFIC INSTRUMENTS CO.,LTD",90160020,FALSE,,KL,overseas,,false,USD,73.583517000000,Compact 1,,,,,,Inventory Asset,,210.00,Analytical Scale 200g/0.0001g - Internal,99381000003934065,YSA204I,,,,,Model :YSA 2004IN,20.00,0.00,0.00,20.00,nos,Cochin,entity_level,true,0.00,0.0,,,,,,,goods,,,,4200.00,18290.00,0.00,Adjustment,0.00,0.000,,,,,,,,0,Due on Receipt,Yes Weigh ,"Regd office : 49/468A, CITY CENTER 2F VYTTILA ,ERNAKULAM, 682019",COCHIN,Kerala,India,683503,8803333444,,,,,,,,,,,,0.000,,,,,,,,,Shalima,USD 10000 as advance
99381000003934074,2021-09-09,99381000000098082,Cochin,,PO-00142,,Partially Billed,"HIMMEL (CHANGZHOU) SCIENTIFIC INSTRUMENTS CO.,LTD",,FALSE,,KL,overseas,,false,USD,73.583517000000,Compact 1,,,,,,Import Expenses,,90.00,,,,,,,,Customed Panel Fee,1.00,0.00,0.00,0.00,,,entity_level,true,0.00,0.0,,,,,,,service,,,,90.00,18290.00,0.00,Adjustment,0.00,0.000,,,,,,,,0,Due on Receipt,Yes Weigh ,"Regd office : 49/468A, CITY CENTER 2F VYTTILA ,ERNAKULAM, 682019",COCHIN,Kerala,India,683503,8803333444,,,,,,,,,,,,0.000,,,,,,,,,Shalima,USD 10000 as advance
99381000003941919,2021-09-11,99381000000098082,Cochin,,PO-00144,,Billed,"ZHEJIANG NEW VISION IMP & EXP  CO, LTD",84238290,FALSE,,KL,overseas,,false,USD,73.524006000000,Compact 1,,,,,,Inventory Asset,,16.80,Platform Weighing Scale 30x34 MS,99381000003938861,PFPC30X34SS,,,,,Max : 50kg  e: 5g Class III,830.00,0.00,0.00,830.00,nos,Cochin,entity_level,true,0.00,0.0,,,,,,,goods,,,,13944.00,29719.50,0.00,Adjustment,0.00,0.000,,,,,,,,0,Due on Receipt,Yes Weigh ,"Regd office : 49/468A, CITY CENTER 2F VYTTILA ,ERNAKULAM, 682019",COCHIN,Kerala,India,683503,8803333444,,,,,,,,,,,,0.000,,,,,,,,,Shalima,usd 15000 as advance
99381000003941919,2021-09-11,99381000000098082,Cochin,,PO-00144,,Billed,"ZHEJIANG NEW VISION IMP & EXP  CO, LTD",84238290,FALSE,,KL,overseas,,false,USD,73.524006000000,Compact 1,,,,,,Inventory Asset,,54.00,Platform Weighing Scale 40X50 SS,99381000003938870,PFPC40X50SS,,,,,Max : 100kg  e: 10g Class III,200.00,0.00,0.00,200.00,nos,Cochin,entity_level,true,0.00,0.0,,,,,,,goods,,,,10800.00,29719.50,0.00,Adjustment,0.00,0.000,,,,,,,,0,Due on Receipt,Yes Weigh ,"Regd office : 49/468A, CITY CENTER 2F VYTTILA ,ERNAKULAM, 682019",COCHIN,Kerala,India,683503,8803333444,,,,,,,,,,,,0.000,,,,,,,,,Shalima,usd 15000 as advance
99381000003941919,2021-09-11,99381000000098082,Cochin,,PO-00144,,Billed,"ZHEJIANG NEW VISION IMP & EXP  CO, LTD",84239020,FALSE,,KL,overseas,,false,USD,73.524006000000,Compact 1,,,,,,Inventory Asset,,338.75,Spare Parts,99381000001847007,SPARE,,,,,,10.00,0.00,0.00,10.00,box,Cochin,entity_level,true,0.00,0.0,,,,,,,goods,,,,3387.50,29719.50,0.00,Adjustment,0.00,0.000,,,,,,,,0,Due on Receipt,Yes Weigh ,"Regd office : 49/468A, CITY CENTER 2F VYTTILA ,ERNAKULAM, 682019",COCHIN,Kerala,India,683503,8803333444,,,,,,,,,,,,0.000,,,,,,,,,Shalima,usd 15000 as advance
99381000003941919,2021-09-11,99381000000098082,Cochin,,PO-00144,,Billed,"ZHEJIANG NEW VISION IMP & EXP  CO, LTD",,FALSE,,KL,overseas,,false,USD,73.524006000000,Compact 1,,,,,,Inventory Asset,,7.94,Indicator,99381000005590121,IND202,,,,,Display : Red ,200.00,0.00,0.00,200.00,nos,Cochin,entity_level,true,0.00,0.0,,,,,,,goods,,,,1588.00,29719.50,0.00,Adjustment,0.00,0.000,,,,,,,,0,Due on Receipt,Yes Weigh ,"Regd office : 49/468A, CITY CENTER 2F VYTTILA ,ERNAKULAM, 682019",COCHIN,Kerala,India,683503,8803333444,,,,,,,,,,,,0.000,,,,,,,,,Shalima,usd 15000 as advance
99381000003946119,2021-09-13,99381000000098082,Cochin,,PO-00145,,Billed,SAFAL ENTERPRISE PVT. LTD.,84231000,FALSE,GJ,KL,business_gst,24ABFCS6034B1ZR,false,INR,1.000000000000,Compact 1,,,,,,Inventory Asset,,1500.00,TABLE TOP ABS (VIBRANT),99381000001171138,VIBRANT300X240ABS,,,,,Max : 30Kg e:5gm Min: 100g Class III,100.00,0.00,0.00,100.00,pcs,Cochin,entity_level,true,0.00,0.0,99381000000006196,IGST18,18.00,27000.00,ItemAmount,,goods,,,,150000.00,493240.00,0.00,Adjustment,0.00,0.000,,,,,,,,0,Due on Receipt,Yes Weigh ,"Regd office : 49/468A, CITY CENTER 2F VYTTILA ,ERNAKULAM, 682019",COCHIN,Kerala,India,683503,8803333444,,,,,,,,,,,,0.000,,,,,,,,,Ardhra,one month credit
99381000003946119,2021-09-13,99381000000098082,Cochin,,PO-00145,,Billed,SAFAL ENTERPRISE PVT. LTD.,84239010,FALSE,GJ,KL,business_gst,24ABFCS6034B1ZR,false,INR,1.000000000000,Compact 1,,,,,,Inventory Asset,,2680.00,CHICKEN SCALE 300KG MS,99381000001933021,CS400X400MS,,,,,"Make : YESWEIGH Model : YSC
Max : 300kg e:50g Min:1kg
Class : III",100.00,0.00,0.00,100.00,nos,Cochin,entity_level,true,0.00,0.0,99381000000006196,IGST18,18.00,48240.00,ItemAmount,,goods,,,,268000.00,493240.00,0.00,Adjustment,0.00,0.000,,,,,,,,0,Due on Receipt,Yes Weigh ,"Regd office : 49/468A, CITY CENTER 2F VYTTILA ,ERNAKULAM, 682019",COCHIN,Kerala,India,683503,8803333444,,,,,,,,,,,,0.000,,,,,,,,,Ardhra,one month credit
99381000003950891,2021-09-15,99381000000098082,Cochin,,PO-00146,,Billed,Weighvox International FZE LLC,84231000,FALSE,,KL,overseas,,false,USD,73.632280000000,Compact 1,,,,,,Inventory Asset,,180.00,Analytical Balance 220g /0.1mg,99381000000205926,BSM2204,,,,,"BSM  220.4   220g/0.1mg analytical balance
",30.00,0.00,0.00,30.00,nos,Cochin,entity_level,true,0.00,0.0,,,,,,,goods,,,,5400.00,7800.00,0.00,Adjustment,0.00,0.000,,,,,,,,0,Due on Receipt,Yes Weigh ,"Regd office : 49/468A, CITY CENTER 2F VYTTILA ,ERNAKULAM, 682019",COCHIN,Kerala,India,683503,8803333444,,,,,,,,,,,,0.000,,,,,,,,,Shalima,Full payment as advance
99381000003950891,2021-09-15,99381000000098082,Cochin,,PO-00146,,Billed,Weighvox International FZE LLC,84231000,FALSE,,KL,overseas,,false,USD,73.632280000000,Compact 1,,,,,,Inventory Asset,,80.00,Analytical Balance 220g/1 mg,99381000000205935,BSM2203,,,,,,30.00,0.00,0.00,30.00,nos,Cochin,entity_level,true,0.00,0.0,,,,,,,goods,,,,2400.00,7800.00,0.00,Adjustment,0.00,0.000,,,,,,,,0,Due on Receipt,Yes Weigh ,"Regd office : 49/468A, CITY CENTER 2F VYTTILA ,ERNAKULAM, 682019",COCHIN,Kerala,India,683503,8803333444,,,,,,,,,,,,0.000,,,,,,,,,Shalima,Full payment as advance
99381000003987001,2021-09-24,99381000000098082,Cochin,,PO-00147,,Billed,SAFAL ENTERPRISE PVT. LTD.,84231000,FALSE,GJ,KL,business_gst,24ABFCS6034B1ZR,false,INR,1.000000000000,Compact 1,,,,,,Inventory Asset,,950.00,Table Top Scale 220x170 ABS 4 Volt,99381000000349058,CH4VSF,,,,,Max :20kg e:2gm Min: 40g Class III,100.00,0.00,0.00,100.00,nos,Cochin,entity_level,true,0.00,0.0,99381000000006196,IGST18,18.00,17100.00,ItemAmount,,goods,,,,95000.00,236000.00,0.00,Adjustment,0.00,0.000,,,,,,,,0,Due on Receipt,Yes Weigh ,"Regd office : 49/468A, CITY CENTER 2F VYTTILA ,ERNAKULAM, 682019",COCHIN,Kerala,India,683503,8803333444,,,,,,,,,,,,0.000,,,,,,,,,Ardhra,ONE MONTH CREDIT
99381000003987001,2021-09-24,99381000000098082,Cochin,,PO-00147,,Billed,SAFAL ENTERPRISE PVT. LTD.,84231000,FALSE,GJ,KL,business_gst,24ABFCS6034B1ZR,false,INR,1.000000000000,Compact 1,,,,,,Inventory Asset,,1050.00,Table Top Scale  220x170 ABS 6 Volt,99381000000562040,TTABS6V,,,,,Max : 20kg e:2gm Min: 40g Class III,100.00,0.00,0.00,100.00,nos,Cochin,entity_level,true,0.00,0.0,99381000000006196,IGST18,18.00,18900.00,ItemAmount,,goods,,,,105000.00,236000.00,0.00,Adjustment,0.00,0.000,,,,,,,,0,Due on Receipt,Yes Weigh ,"Regd office : 49/468A, CITY CENTER 2F VYTTILA ,ERNAKULAM, 682019",COCHIN,Kerala,India,683503,8803333444,,,,,,,,,,,,0.000,,,,,,,,,Ardhra,ONE MONTH CREDIT
99381000004015545,2021-10-02,99381000000098082,Cochin,,PO-00148,,Billed,BREVERA TECHNOLOGIES PRIVATE LIMITED,84239020,FALSE,KA,KL,business_gst,29AAFCB7108Q1Z4,false,INR,1.000000000000,Compact 1,,,,,,Inventory Asset,,118.00,CHOTTU MOTHERBOARD - 99MB 4V,99381000001165620,CH603,,,,,,112.00,0.00,0.00,112.00,nos,Cochin,entity_level,true,0.00,0.0,99381000000006196,IGST18,18.00,2378.88,ItemAmount,,goods,,,,13216.00,35464.00,0.28,Adjustment,0.00,0.000,,,,,,,,0,Due on Receipt,Yes Weigh ,"Regd office : 49/468A, CITY CENTER 2F VYTTILA ,ERNAKULAM, 682019",COCHIN,Kerala,India,683503,8803333444,,,,,,,,,,,,0.000,,,,,,,,,Ardhra,100% Advance
99381000004015545,2021-10-02,99381000000098082,Cochin,,PO-00148,,Billed,BREVERA TECHNOLOGIES PRIVATE LIMITED,84239020,FALSE,KA,KL,business_gst,29AAFCB7108Q1Z4,false,INR,1.000000000000,Compact 1,,,,,,Inventory Asset,,149.00,CHOTTU MOTHERBOARD - 99MB 6V,99381000001165607,CH602,,,,,,112.00,0.00,0.00,112.00,nos,Cochin,entity_level,true,0.00,0.0,99381000000006196,IGST18,18.00,3003.84,ItemAmount,,goods,,,,16688.00,35464.00,0.28,Adjustment,0.00,0.000,,,,,,,,0,Due on Receipt,Yes Weigh ,"Regd office : 49/468A, CITY CENTER 2F VYTTILA ,ERNAKULAM, 682019",COCHIN,Kerala,India,683503,8803333444,,,,,,,,,,,,0.000,,,,,,,,,Ardhra,100% Advance
99381000004015545,2021-10-02,99381000000098082,Cochin,,PO-00148,,Billed,BREVERA TECHNOLOGIES PRIVATE LIMITED,996819,FALSE,KA,KL,business_gst,29AAFCB7108Q1Z4,false,INR,1.000000000000,Compact 1,,,,,,Cost of Goods Sold,,150.00,Freight,99381000003152296,FREIGH,,,,,,1.00,0.00,0.00,1.00,Lumpsum,,entity_level,true,0.00,0.0,99381000000006196,IGST18,18.00,27.00,ItemAmount,,service,,,,150.00,35464.00,0.28,Adjustment,0.00,0.000,,,,,,,,0,Due on Receipt,Yes Weigh ,"Regd office : 49/468A, CITY CENTER 2F VYTTILA ,ERNAKULAM, 682019",COCHIN,Kerala,India,683503,8803333444,,,,,,,,,,,,0.000,,,,,,,,,Ardhra,100% Advance
99381000004032400,2021-10-06,99381000000098082,Cochin,,PO-00149,,Billed,Yongkang Quancheng Import & Export Co. Ltd,84238290,FALSE,,KL,overseas,,false,USD,74.771946000000,Compact 1,,,,,,Inventory Asset,,21.00,ELECTRONIC PLATFORM SCALE 50-100kg,99381000004032287,BEN340,,,,,"Model : YSP PC Max : 100kg e:10g
Size : 30*40cm, Plate : SS, Display : LED (Red)",1450.00,0.00,0.00,1450.00,nos,Cochin,entity_level,true,0.00,0.0,,,,,,,goods,,,,30450.00,53585.00,0.00,Adjustment,0.00,0.000,,,,,,,,0,Due on Receipt,Yes Weigh ,"Regd office : 49/468A, CITY CENTER 2F VYTTILA ,ERNAKULAM, 682019",COCHIN,Kerala,India,683503,8803333444,,,,,,,,,,,,0.000,,,,,,,,,Shalima,USD 15000 AS ADVANCE
99381000004032400,2021-10-06,99381000000098082,Cochin,,PO-00149,,Billed,Yongkang Quancheng Import & Export Co. Ltd,84238290,FALSE,,KL,overseas,,false,USD,74.771946000000,Compact 1,,,,,,Inventory Asset,,20.00,ELECTRONIC PLATFORM SCALE-100kg,99381000003880548,BEN30X40MSBR,,,,,"Model : YSP PC Max : 100kg e :10g
Size : 30*40 cm, Display : LED(Red),With Back Rail",1100.00,0.00,0.00,1100.00,nos,Cochin,entity_level,true,0.00,0.0,,,,,,,goods,,,,22000.00,53585.00,0.00,Adjustment,0.00,0.000,,,,,,,,0,Due on Receipt,Yes Weigh ,"Regd office : 49/468A, CITY CENTER 2F VYTTILA ,ERNAKULAM, 682019",COCHIN,Kerala,India,683503,8803333444,,,,,,,,,,,,0.000,,,,,,,,,Shalima,USD 15000 AS ADVANCE
99381000004032400,2021-10-06,99381000000098082,Cochin,,PO-00149,,Billed,Yongkang Quancheng Import & Export Co. Ltd,84239020,FALSE,,KL,overseas,,false,USD,74.771946000000,Compact 1,,,,,,Inventory Asset,,36.00,DIGITAL HEIGHT AND WEIGHT SCALE,99381000004182473,BMISPARE,,,,,,20.00,0.00,0.00,20.00,nos,Cochin,entity_level,true,0.00,0.0,,,,,,,goods,,,,720.00,53585.00,0.00,Adjustment,0.00,0.000,,,,,,,,0,Due on Receipt,Yes Weigh ,"Regd office : 49/468A, CITY CENTER 2F VYTTILA ,ERNAKULAM, 682019",COCHIN,Kerala,India,683503,8803333444,,,,,,,,,,,,0.000,,,,,,,,,Shalima,USD 15000 AS ADVANCE
99381000004032400,2021-10-06,99381000000098082,Cochin,,PO-00149,,Billed,Yongkang Quancheng Import & Export Co. Ltd,84239020,FALSE,,KL,overseas,,false,USD,74.771946000000,Compact 1,,,,,,Inventory Asset,,138.334,Spare Parts,99381000001847007,SPARE,,,,,,3.00,0.00,0.00,3.00,box,Cochin,entity_level,true,0.00,0.0,,,,,,,goods,,,,415.00,53585.00,0.00,Adjustment,0.00,0.000,,,,,,,,0,Due on Receipt,Yes Weigh ,"Regd office : 49/468A, CITY CENTER 2F VYTTILA ,ERNAKULAM, 682019",COCHIN,Kerala,India,683503,8803333444,,,,,,,,,,,,0.000,,,,,,,,,Shalima,USD 15000 AS ADVANCE
99381000004059071,2021-10-09,99381000000098082,Cochin,,PO-00151,,Billed,GANDHI SEMICON,84239020,FALSE,GJ,KL,business_gst,24AACHH7700Q1Z3,false,INR,1.000000000000,Compact 1,,,,,,Inventory Asset,,175.00,Motherboard PMS 63,99381000002007019,MP63,,,,,,1000.00,0.00,0.00,1000.00,nos,Cochin,entity_level,true,0.00,0.0,99381000000006196,IGST18,18.00,31500.00,ItemAmount,,goods,,,,175000.00,206500.00,0.00,Adjustment,0.00,0.000,,,,,,,,0,Due on Receipt,Yes Weigh ,"Regd office : 49/468A, CITY CENTER 2F VYTTILA ,ERNAKULAM, 682019",COCHIN,Kerala,India,683503,8803333444,,,,,,,,,,,,0.000,,,,,,,,,Shalima,100% advance
99381000004059108,2022-05-12,99381000003083031,Head Office,,PO-00152,,Billed,SAURYA ENTERPRISE,84239020,FALSE,GJ,KL,business_gst,24ALPPP7228K1ZJ,false,INR,1.000000000000,Compact 1,,,,,,Inventory Asset,,58.00,Transformer,99381000002007028,TR12V,,,,,,480.00,0.00,0.00,480.00,nos,Head Office,entity_level,true,0.00,0.0,99381000000006196,IGST18,18.00,5011.20,ItemAmount,,goods,,,,27840.00,32851.00,-0.20,Adjustment,0.00,0.000,,,,,,,,0,Due on Receipt,Vytila-COK," 49/468A, CITY CENTER 2ND FLOOR VYTTILA ",COCHIN,Kerala,India,,8803333444,,,,,,,,,,,,0.000,,,,,,,,,Shalima,100% advance
99381000004179832,2021-10-31,99381000000098082,Cochin,,PO-00155,,Partially Billed,Weighvox International FZE LLC,84238290,FALSE,,KL,overseas,,false,USD,74.928818000000,Compact 1,,,,,,Inventory Asset,,33.00,Platform Scale SS,99381000004179819,YS5010SS,,,,,Capacity :50kg/5g Double display(LED) Size 30*34 Full SS,200.00,0.00,0.00,0.00,nos,Cochin,entity_level,true,0.00,0.0,,,,,,,goods,,,,6600.00,37950.28,0.00,Round off,0.00,0.000,,,,,,,,0,Due on Receipt,Yes Weigh ,"Regd office : 49/468A, CITY CENTER 2F VYTTILA ,ERNAKULAM, 682019",COCHIN,Kerala,India,683503,8803333444,,,,,,,,,,,,0.000,,,,,,,,,Shalima,USD 15000 as Advance
99381000004179832,2021-10-31,99381000000098082,Cochin,,PO-00155,,Partially Billed,Weighvox International FZE LLC,84238290,FALSE,,KL,overseas,,false,USD,74.928818000000,Compact 1,,,,,,Inventory Asset,,11.00,Platform scale -Foldable,99381000004179810,DY5030,,,,,"Size : 30*34 Foldable
",2820.00,0.00,0.00,2616.00,nos,Cochin,entity_level,true,0.00,0.0,,,,,,,goods,,,,31020.00,37950.28,0.00,Round off,0.00,0.000,,,,,,,,0,Due on Receipt,Yes Weigh ,"Regd office : 49/468A, CITY CENTER 2F VYTTILA ,ERNAKULAM, 682019",COCHIN,Kerala,India,683503,8803333444,,,,,,,,,,,,0.000,,,,,,,,,Shalima,USD 15000 as Advance
99381000004179832,2021-10-31,99381000000098082,Cochin,,PO-00155,,Partially Billed,Weighvox International FZE LLC,84238290,FALSE,,KL,overseas,,false,USD,74.928818000000,Compact 1,,,,,,Inventory Asset,,10.00,Normal Weighing Scale (Sample),99381000004791073,NWS,,,,,,1.00,0.00,0.00,1.00,nos,Cochin,entity_level,true,0.00,0.0,,,,,,,goods,,,,10.00,37950.28,0.00,Round off,0.00,0.000,,,,,,,,0,Due on Receipt,Yes Weigh ,"Regd office : 49/468A, CITY CENTER 2F VYTTILA ,ERNAKULAM, 682019",COCHIN,Kerala,India,683503,8803333444,,,,,,,,,,,,0.000,,,,,,,,,Shalima,USD 15000 as Advance
99381000004179832,2021-10-31,99381000000098082,Cochin,,PO-00155,,Partially Billed,Weighvox International FZE LLC,84239020,FALSE,,KL,overseas,,false,USD,74.928818000000,Compact 1,,,,,,Inventory Asset,,53.38,Spare Parts,99381000001847007,SPARE,,,,,,6.00,0.00,0.00,6.00,box,Cochin,entity_level,true,0.00,0.0,,,,,,,goods,,,,320.28,37950.28,0.00,Round off,0.00,0.000,,,,,,,,0,Due on Receipt,Yes Weigh ,"Regd office : 49/468A, CITY CENTER 2F VYTTILA ,ERNAKULAM, 682019",COCHIN,Kerala,India,683503,8803333444,,,,,,,,,,,,0.000,,,,,,,,,Shalima,USD 15000 as Advance
99381000004254522,2021-11-11,99381000000098082,Cochin,,PO-00158,,Billed,ELIANCE CONNECTORS LLP,84239020,FALSE,GJ,KL,business_gst,24AAIFE9216E1ZM,false,INR,1.000000000000,Compact 1,,,,,,Inventory Asset,,2.50,ON/OFF SWITCH,99381000002008051,SWITCH,,,,,,1000.00,0.00,0.00,1000.00,nos,Cochin,entity_level,true,0.00,0.0,99381000000006196,IGST18,18.00,450.00,ItemAmount,,goods,,,,2500.00,3540.00,0.00,Adjustment,0.00,0.000,,,,,,,,0,Due on Receipt,Yes Weigh ,"Regd office : 49/468A, CITY CENTER 2F VYTTILA ,ERNAKULAM, 682019",COCHIN,Kerala,India,683503,8803333444,,,,,,,,,,,,0.000,,,,,,,,,Shalima,100% Advance
99381000004254522,2021-11-11,99381000000098082,Cochin,,PO-00158,,Billed,ELIANCE CONNECTORS LLP,996819,FALSE,GJ,KL,business_gst,24AAIFE9216E1ZM,false,INR,1.000000000000,Compact 1,,,,,,Cost of Goods Sold,,500.00,Freight,99381000003152296,FREIGH,,,,,,1.00,0.00,0.00,1.00,Lumpsum,,entity_level,true,0.00,0.0,99381000000006196,IGST18,18.00,90.00,ItemAmount,,service,,,,500.00,3540.00,0.00,Adjustment,0.00,0.000,,,,,,,,0,Due on Receipt,Yes Weigh ,"Regd office : 49/468A, CITY CENTER 2F VYTTILA ,ERNAKULAM, 682019",COCHIN,Kerala,India,683503,8803333444,,,,,,,,,,,,0.000,,,,,,,,,Shalima,100% Advance
99381000004427569,2021-12-11,99381000000098082,Cochin,,PO-00161,,Billed,TAKYON SYSTEMS,84231000,FALSE,KL,KL,business_gst,32AANFT0176D1ZE,false,INR,1.000000000000,Compact 1,,,,,,Inventory Asset,,14000.00,Label Printing scale Q9,99381000000735165,TMAQ9,,,,,,3.00,0.00,0.00,3.00,nos,Cochin,entity_level,true,0.00,0.0,99381000000006208,GST18,18.00,7560.00,Tax Group,,goods,,,,42000.00,49914.00,0.00,Adjustment,0.00,0.000,,,,,,,,0,Due on Receipt,Yes Weigh ,"Regd office : 49/468A, CITY CENTER 2F VYTTILA ,ERNAKULAM, 682019",COCHIN,Kerala,India,683503,8803333444,,,,,,,,,,,,0.000,,,,,,,,,Shalima,Advance payment
99381000004427569,2021-12-11,99381000000098082,Cochin,,PO-00161,,Billed,TAKYON SYSTEMS,996819,FALSE,KL,KL,business_gst,32AANFT0176D1ZE,false,INR,1.000000000000,Compact 1,,,,,,Cost of Goods Sold,,300.00,Freight,99381000003152296,FREIGH,,,,,,1.00,0.00,0.00,1.00,Lumpsum,,entity_level,true,0.00,0.0,99381000000006208,GST18,18.00,54.00,Tax Group,,service,,,,300.00,49914.00,0.00,Adjustment,0.00,0.000,,,,,,,,0,Due on Receipt,Yes Weigh ,"Regd office : 49/468A, CITY CENTER 2F VYTTILA ,ERNAKULAM, 682019",COCHIN,Kerala,India,683503,8803333444,,,,,,,,,,,,0.000,,,,,,,,,Shalima,Advance payment
99381000004538049,2022-01-04,99381000000098082,Cochin,,PO-00162,,Billed,G J IMPEX,84239020,FALSE,GJ,KL,business_gst,24AANFG8787H1ZR,false,INR,1.000000000000,Compact 1,,,,,,Inventory Asset,,37.00,AC Cord wire CPU Cord(3 yard),99381000002008032,CW3X3,,,,,,180.00,0.00,0.00,180.00,nos,Cochin,entity_level,true,0.00,0.0,99381000000006196,IGST18,18.00,1198.80,ItemAmount,,goods,,,,6660.00,15458.00,0.00,Adjustment,0.00,0.000,,,,,,,,0,Due on Receipt,Yes Weigh ,"Regd office : 49/468A, CITY CENTER 2F VYTTILA ,ERNAKULAM, 682019",COCHIN,Kerala,India,683503,8803333444,,,,,,,,,,,,0.000,,,,,,,,,Shalima,100% advance
99381000004538049,2022-01-04,99381000000098082,Cochin,,PO-00162,,Billed,G J IMPEX,84239020,FALSE,GJ,KL,business_gst,24AANFG8787H1ZR,false,INR,1.000000000000,Compact 1,,,,,,Inventory Asset,,23.00,AC Cord wire 2pin(3 yrad),99381000002008023,CW2X3,,,,,,280.00,0.00,0.00,280.00,nos,Cochin,entity_level,true,0.00,0.0,99381000000006196,IGST18,18.00,1159.20,ItemAmount,,goods,,,,6440.00,15458.00,0.00,Adjustment,0.00,0.000,,,,,,,,0,Due on Receipt,Yes Weigh ,"Regd office : 49/468A, CITY CENTER 2F VYTTILA ,ERNAKULAM, 682019",COCHIN,Kerala,India,683503,8803333444,,,,,,,,,,,,0.000,,,,,,,,,Shalima,100% advance
99381000004562281,2022-01-07,99381000000098082,Cochin,,PO-00163,,Billed,BREVERA TECHNOLOGIES PRIVATE LIMITED,84239020,FALSE,KA,KL,business_gst,29AAFCB7108Q1Z4,false,INR,1.000000000000,Compact 1,,,,,,Inventory Asset,,152.00,CHOTTU MOTHERBOARD - 99MB 6V,99381000001165607,CH602,,,,,,224.00,0.00,0.00,224.00,nos,Cochin,entity_level,true,0.00,0.0,99381000000006196,IGST18,18.00,6128.64,ItemAmount,,goods,,,,34048.00,40342.00,0.16,Adjustment,0.00,0.000,,,,,,,,0,Due on Receipt,Yes Weigh ,"Regd office : 49/468A, CITY CENTER 2F VYTTILA ,ERNAKULAM, 682019",COCHIN,Kerala,India,683503,8803333444,,,,,,,,,,,,0.000,,,,,,,,,Shalima,100% advance
99381000004562281,2022-01-07,99381000000098082,Cochin,,PO-00163,,Billed,BREVERA TECHNOLOGIES PRIVATE LIMITED,996819,FALSE,KA,KL,business_gst,29AAFCB7108Q1Z4,false,INR,1.000000000000,Compact 1,,,,,,Cost of Goods Sold,,140.00,Freight,99381000003152296,FREIGH,,,,,,1.00,0.00,0.00,1.00,Lumpsum,,entity_level,true,0.00,0.0,99381000000006196,IGST18,18.00,25.20,ItemAmount,,service,,,,140.00,40342.00,0.16,Adjustment,0.00,0.000,,,,,,,,0,Due on Receipt,Yes Weigh ,"Regd office : 49/468A, CITY CENTER 2F VYTTILA ,ERNAKULAM, 682019",COCHIN,Kerala,India,683503,8803333444,,,,,,,,,,,,0.000,,,,,,,,,Shalima,100% advance
99381000004644941,2022-01-22,99381000000098082,Cochin,,PO-00166,,Billed,Meezan electronic scales Pvt Ltd,84701000,FALSE,KL,KL,business_gst,32AAECM1277C1ZY,false,INR,1.000000000000,Compact 1,,,,,,Inventory Asset,,9500.00,Electronic cash register,99381000000194004,ECR,,,,,Wifi inbuilt,70.00,0.00,0.00,70.00,nos,Cochin,entity_level,true,0.00,0.0,99381000000006208,GST18,18.00,119700.00,Tax Group,,goods,,,,665000.00,3307092.00,0.40,Adjustment,0.00,0.000,,,,,,,,0,Due on Receipt,Yes Weigh ,"Regd office : 49/468A, CITY CENTER 2F VYTTILA ,ERNAKULAM, 682019",COCHIN,Kerala,India,683503,8803333444,,,,,,,,,,,,0.000,,,,,,,,,Shalima,30%advance
99381000004644941,2022-01-22,99381000000098082,Cochin,,PO-00166,,Billed,Meezan electronic scales Pvt Ltd,84238290,FALSE,KL,KL,business_gst,32AAECM1277C1ZY,false,INR,1.000000000000,Compact 1,,,,,,Inventory Asset,,6500.00,Price Computing Scale,99381000005334231,PCSL,,,,,,295.00,0.00,0.00,295.00,nos,Cochin,entity_level,true,0.00,0.0,99381000000006208,GST18,18.00,345150.00,Tax Group,,goods,,,,1917500.00,3307092.00,0.40,Adjustment,0.00,0.000,,,,,,,,0,Due on Receipt,Yes Weigh ,"Regd office : 49/468A, CITY CENTER 2F VYTTILA ,ERNAKULAM, 682019",COCHIN,Kerala,India,683503,8803333444,,,,,,,,,,,,0.000,,,,,,,,,Shalima,30%advance
99381000004644941,2022-01-22,99381000000098082,Cochin,,PO-00166,,Billed,Meezan electronic scales Pvt Ltd,84231000,FALSE,KL,KL,business_gst,32AAECM1277C1ZY,false,INR,1.000000000000,Compact 1,,,,,,Inventory Asset,,11252.00,ECS Indicator,99381000000343199,ECSIND,,,,,,10.00,0.00,0.00,10.00,nos,Cochin,entity_level,true,0.00,0.0,99381000000006208,GST18,18.00,20253.60,Tax Group,,goods,,,,112520.00,3307092.00,0.40,Adjustment,0.00,0.000,,,,,,,,0,Due on Receipt,Yes Weigh ,"Regd office : 49/468A, CITY CENTER 2F VYTTILA ,ERNAKULAM, 682019",COCHIN,Kerala,India,683503,8803333444,,,,,,,,,,,,0.000,,,,,,,,,Shalima,30%advance
99381000004644941,2022-01-22,99381000000098082,Cochin,,PO-00166,,Billed,Meezan electronic scales Pvt Ltd,84239020,FALSE,KL,KL,business_gst,32AAECM1277C1ZY,false,INR,1.000000000000,Compact 1,,,,,,Inventory Asset,,2152.00,Cash Box,99381000000343208,ECSCD,,,,,,50.00,0.00,0.00,50.00,nos,Cochin,entity_level,true,0.00,0.0,99381000000006208,GST18,18.00,19368.00,Tax Group,,goods,,,,107600.00,3307092.00,0.40,Adjustment,0.00,0.000,,,,,,,,0,Due on Receipt,Yes Weigh ,"Regd office : 49/468A, CITY CENTER 2F VYTTILA ,ERNAKULAM, 682019",COCHIN,Kerala,India,683503,8803333444,,,,,,,,,,,,0.000,,,,,,,,,Shalima,30%advance
99381000004759383,2022-02-14,99381000000098082,Cochin,,PO-00168,,Billed,ELIANCE CONNECTORS LLP,84239020,FALSE,GJ,KL,business_gst,24AAIFE9216E1ZM,false,INR,1.000000000000,Compact 1,,,,,,Inventory Asset,,2.50,ON/OFF SWITCH,99381000002008051,SWITCH,,,,,,1000.00,0.00,0.00,1000.00,nos,Cochin,entity_level,true,0.00,0.0,99381000000006196,IGST18,18.00,450.00,ItemAmount,,goods,,,,2500.00,3540.00,0.00,Adjustment,0.00,0.000,,,,,,,,0,Due on Receipt,Yes Weigh ,"Regd office : 49/468A, CITY CENTER 2F VYTTILA ,ERNAKULAM, 682019",COCHIN,Kerala,India,683503,8803333444,,,,,,,,,,,,0.000,,,,,,,,,Shalima,100% as advance
99381000004759383,2022-02-14,99381000000098082,Cochin,,PO-00168,,Billed,ELIANCE CONNECTORS LLP,996819,FALSE,GJ,KL,business_gst,24AAIFE9216E1ZM,false,INR,1.000000000000,Compact 1,,,,,,Cost of Goods Sold,,500.00,Freight,99381000003152296,FREIGH,,,,,,1.00,0.00,0.00,1.00,Lumpsum,,entity_level,true,0.00,0.0,99381000000006196,IGST18,18.00,90.00,ItemAmount,,service,,,,500.00,3540.00,0.00,Adjustment,0.00,0.000,,,,,,,,0,Due on Receipt,Yes Weigh ,"Regd office : 49/468A, CITY CENTER 2F VYTTILA ,ERNAKULAM, 682019",COCHIN,Kerala,India,683503,8803333444,,,,,,,,,,,,0.000,,,,,,,,,Shalima,100% as advance
99381000004793233,2022-02-17,99381000000098082,Cochin,,PO-00169,,Billed,GANDHI SEMICON,84239020,FALSE,GJ,KL,business_gst,24AACHH7700Q1Z3,false,INR,1.000000000000,Compact 1,,,,,,Inventory Asset,,180.00,Motherboard PMS 63,99381000002007019,MP63,,,,,,1000.00,0.00,0.00,1000.00,nos,Cochin,entity_level,true,0.00,0.0,99381000000006196,IGST18,18.00,32400.00,ItemAmount,,goods,,,,180000.00,212400.00,0.00,Round off,0.00,0.000,,,,,,,,0,Due on Receipt,Yes Weigh ,"Regd office : 49/468A, CITY CENTER 2F VYTTILA ,ERNAKULAM, 682019",COCHIN,Kerala,India,683503,8803333444,,,,,,,,,,,,0.000,,,,,,,,,Shalima,100% advance
99381000004850135,2022-02-25,99381000000098082,Cochin,,PO-00171,,Billed,ROYAL TRADERS,84239020,FALSE,MH,KL,business_gst,27AITPA3314N1Z1,false,INR,1.000000000000,Compact 1,,,,,,Inventory Asset,,550.00,Shearbeam Loadcell 1000kg,99381000002008154,SBLC1T,,,,,,108.00,0.00,0.00,108.00,nos,Cochin,entity_level,true,0.00,0.0,99381000000006196,IGST18,18.00,10692.00,ItemAmount,,goods,,,,59400.00,132396.00,0.00,Adjustment,0.00,0.000,,,,,,,,0,Due on Receipt,Yes Weigh ,"Regd office : 49/468A, CITY CENTER 2F VYTTILA ,ERNAKULAM, 682019",COCHIN,Kerala,India,683503,8803333444,,,,,,,,,,,,0.000,,,,,,,,,Shalima,100% as advance
99381000004850135,2022-02-25,99381000000098082,Cochin,,PO-00171,,Billed,ROYAL TRADERS,84239020,FALSE,MH,KL,business_gst,27AITPA3314N1Z1,false,INR,1.000000000000,Compact 1,,,,,,Inventory Asset,,550.00,Shearbeam Loadcell 2000kg,99381000003971368,SBLC2T,,,,,,48.00,0.00,0.00,48.00,nos,Cochin,entity_level,true,0.00,0.0,99381000000006196,IGST18,18.00,4752.00,ItemAmount,,goods,,,,26400.00,132396.00,0.00,Adjustment,0.00,0.000,,,,,,,,0,Due on Receipt,Yes Weigh ,"Regd office : 49/468A, CITY CENTER 2F VYTTILA ,ERNAKULAM, 682019",COCHIN,Kerala,India,683503,8803333444,,,,,,,,,,,,0.000,,,,,,,,,Shalima,100% as advance
99381000004850135,2022-02-25,99381000000098082,Cochin,,PO-00171,,Billed,ROYAL TRADERS,84239020,FALSE,MH,KL,business_gst,27AITPA3314N1Z1,false,INR,1.000000000000,Compact 1,,,,,,Inventory Asset,,550.00,Shearbeam Loadcell 500 kg,99381000002008145,SLK500,,,,,,48.00,0.00,0.00,48.00,nos,Cochin,entity_level,true,0.00,0.0,99381000000006196,IGST18,18.00,4752.00,ItemAmount,,goods,,,,26400.00,132396.00,0.00,Adjustment,0.00,0.000,,,,,,,,0,Due on Receipt,Yes Weigh ,"Regd office : 49/468A, CITY CENTER 2F VYTTILA ,ERNAKULAM, 682019",COCHIN,Kerala,India,683503,8803333444,,,,,,,,,,,,0.000,,,,,,,,,Shalima,100% as advance
99381000004858599,2022-02-26,99381000000098082,Cochin,,PO-00172,,Billed,Vishwakarma scale Co,84239020,FALSE,GJ,KL,business_gst,24AALFV6819K1ZM,false,INR,1.000000000000,Compact 1,,,,,,Inventory Asset,,40.00,Step Down Transformer (Output: 6.5v AC) Bench PC,99381000000542161,TRF6V,,,,,,400.00,0.00,0.00,400.00,pcs,Cochin,entity_level,true,0.00,0.0,99381000000006196,IGST18,18.00,2880.00,ItemAmount,,goods,,,,16000.00,18880.00,0.00,Adjustment,0.00,0.000,,,,,,,,0,Due on Receipt,Yes Weigh ,"Regd office : 49/468A, CITY CENTER 2F VYTTILA ,ERNAKULAM, 682019",COCHIN,Kerala,India,683503,8803333444,,,,,,,,,,,,0.000,,,,,,,,,Shalima,100% as advance
99381000005104940,2022-04-12,99381000000098082,Cochin,,PO-00174,,Billed,AXIS ELECTRONICS,84239020,FALSE,UK,KL,business_gst,05AMDPS1287L1ZP,false,INR,1.000000000000,Compact 1,,,,,,Inventory Asset,,1040.00,FLOOR SCALE INDICATOR,99381000001429925,K12IND,,,,,,40.00,0.00,0.00,40.00,nos,Cochin,entity_level,true,0.00,0.0,99381000000006196,IGST18,18.00,7488.00,ItemAmount,,goods,,,,41600.00,51212.00,0.00,Adjustment,0.00,0.000,,,,,,,,0,Due on Receipt,Cochin,C/O LOGIWIZ LOGISTICS INDIA PVT LTD,COCHIN,Kerala,India,683503,8803333444,,,,,,,,,,,,0.000,,,,,,,,,Shalima,100% advance
99381000005104940,2022-04-12,99381000000098082,Cochin,,PO-00174,,Billed,AXIS ELECTRONICS,996819,FALSE,UK,KL,business_gst,05AMDPS1287L1ZP,false,INR,1.000000000000,Compact 1,,,,,,Cost of Goods Sold,,1800.00,Freight,99381000003152296,FREIGH,,,,,,1.00,0.00,0.00,1.00,Lumpsum,,entity_level,true,0.00,0.0,99381000000006196,IGST18,18.00,324.00,ItemAmount,,service,,,,1800.00,51212.00,0.00,Adjustment,0.00,0.000,,,,,,,,0,Due on Receipt,Cochin,C/O LOGIWIZ LOGISTICS INDIA PVT LTD,COCHIN,Kerala,India,683503,8803333444,,,,,,,,,,,,0.000,,,,,,,,,Shalima,100% advance
99381000005120043,2022-01-25,99381000000098082,Cochin,,PO-00175,,Billed,Weighvox International FZE LLC,84238290,FALSE,,KL,overseas,,false,USD,74.766355000000,Compact 1,,,,,,Inventory Asset,,12.00,Platform Weighing Scale (FG),99381000004981828,BY5030FG,,,,,,2100.00,0.00,0.00,2100.00,nos,Cochin,entity_level,true,0.00,0.0,,,,,,,goods,,,,25200.00,31594.00,0.00,Adjustment,0.00,0.000,,,,,,,,0,Due on Receipt,Cochin,C/O LOGIWIZ LOGISTICS INDIA PVT LTD,COCHIN,Kerala,India,683503,8803333444,,,,,,,,,,,,0.000,,,,,,,,,Shalima,100 % TT in advance
99381000005120043,2022-01-25,99381000000098082,Cochin,,PO-00175,,Billed,Weighvox International FZE LLC,84238290,FALSE,,KL,overseas,,false,USD,74.766355000000,Compact 1,,,,,,Inventory Asset,,12.00,Platform Weighing Scale(GG),99381000004981819,PWSG,,,,,,500.00,0.00,0.00,500.00,nos,Cochin,entity_level,true,0.00,0.0,,,,,,,goods,,,,6000.00,31594.00,0.00,Adjustment,0.00,0.000,,,,,,,,0,Due on Receipt,Cochin,C/O LOGIWIZ LOGISTICS INDIA PVT LTD,COCHIN,Kerala,India,683503,8803333444,,,,,,,,,,,,0.000,,,,,,,,,Shalima,100 % TT in advance
99381000005120043,2022-01-25,99381000000098082,Cochin,,PO-00175,,Billed,Weighvox International FZE LLC,84238290,FALSE,,KL,overseas,,false,USD,74.766355000000,Compact 1,,,,,,Inventory Asset,,12.00,Platform scale -Bench,99381000004179810,DY5030,,,,,"Size : 30*34 
",32.00,0.00,0.00,32.00,nos,Cochin,entity_level,true,0.00,0.0,,,,,,,goods,,,,384.00,31594.00,0.00,Adjustment,0.00,0.000,,,,,,,,0,Due on Receipt,Cochin,C/O LOGIWIZ LOGISTICS INDIA PVT LTD,COCHIN,Kerala,India,683503,8803333444,,,,,,,,,,,,0.000,,,,,,,,,Shalima,100 % TT in advance
99381000005120043,2022-01-25,99381000000098082,Cochin,,PO-00175,,Billed,Weighvox International FZE LLC,84239020,FALSE,,KL,overseas,,false,USD,74.766355000000,Compact 1,,,,,,Inventory Asset,,10.00,Spare Parts,99381000001847007,SPARE,,,,,,1.00,0.00,0.00,1.00,box,Cochin,entity_level,true,0.00,0.0,,,,,,,goods,,,,10.00,31594.00,0.00,Adjustment,0.00,0.000,,,,,,,,0,Due on Receipt,Cochin,C/O LOGIWIZ LOGISTICS INDIA PVT LTD,COCHIN,Kerala,India,683503,8803333444,,,,,,,,,,,,0.000,,,,,,,,,Shalima,100 % TT in advance
99381000005309904,2022-05-12,99381000003083031,Head Office,,PO-00178,,Billed,SREEKRISHNA TRADERS,85068090,FALSE,KL,KL,business_gst,32AECFS0538R1ZR,false,INR,1.000000000000,Compact 1,,,,,,Inventory Asset,,160.94,ATM PC / BENCH PC BATTERY 4V  4.5AH,99381000000691252,APC209,,,,,,100.00,0.00,0.00,100.00,nos,Head Office,entity_level,true,0.00,0.0,99381000000006224,GST28,28.00,4506.32,Tax Group,,goods,,,,16094.00,20600.00,-0.32,Adjustment,0.00,0.000,,,,,,,,0,Due on Receipt,Vytila-COK," 49/468A, CITY CENTER 2ND FLOOR VYTTILA ",COCHIN,Kerala,India,,8803333444,,,,,,,,,,,,0.000,,,,,,,,,Shalima,100% advance
99381000005311013,2022-05-12,99381000003083031,Head Office,,PO-00179,,Billed,BREVERA TECHNOLOGIES PRIVATE LIMITED,84239020,FALSE,KA,KL,business_gst,29AAFCB7108Q1Z4,false,INR,1.000000000000,Compact 1,,,,,,Inventory Asset,,152.00,CHOTTU MOTHERBOARD - 99MB 6V,99381000001165607,CH602,,,,,,200.00,0.00,0.00,200.00,nos,Head Office,entity_level,true,0.00,0.0,99381000000006196,IGST18,18.00,5472.00,ItemAmount,,goods,,,,30400.00,50079.00,-0.20,Adjustment,0.00,0.000,,,,,,,,0,Due on Receipt,Vytila-COK," 49/468A, CITY CENTER 2ND FLOOR VYTTILA ",COCHIN,Kerala,India,,8803333444,,,,,,,,,,,,0.000,,,,,,,,,Shalima,100% advance
99381000005311013,2022-05-12,99381000003083031,Head Office,,PO-00179,,Billed,BREVERA TECHNOLOGIES PRIVATE LIMITED,84239020,FALSE,KA,KL,business_gst,29AAFCB7108Q1Z4,false,INR,1.000000000000,Compact 1,,,,,,Inventory Asset,,118.00,CHOTTU MOTHERBOARD - 99MB 4V,99381000001165620,CH603,,,,,,100.00,0.00,0.00,100.00,nos,Head Office,entity_level,true,0.00,0.0,99381000000006196,IGST18,18.00,2124.00,ItemAmount,,goods,,,,11800.00,50079.00,-0.20,Adjustment,0.00,0.000,,,,,,,,0,Due on Receipt,Vytila-COK," 49/468A, CITY CENTER 2ND FLOOR VYTTILA ",COCHIN,Kerala,India,,8803333444,,,,,,,,,,,,0.000,,,,,,,,,Shalima,100% advance
99381000005311013,2022-05-12,99381000003083031,Head Office,,PO-00179,,Billed,BREVERA TECHNOLOGIES PRIVATE LIMITED,996819,FALSE,KA,KL,business_gst,29AAFCB7108Q1Z4,false,INR,1.000000000000,Compact 1,,,,,,Cost of Goods Sold,,240.00,Freight,99381000003152296,FREIGH,,,,,,1.00,0.00,0.00,1.00,Lumpsum,,entity_level,true,0.00,0.0,99381000000006196,IGST18,18.00,43.20,ItemAmount,,service,,,,240.00,50079.00,-0.20,Adjustment,0.00,0.000,,,,,,,,0,Due on Receipt,Vytila-COK," 49/468A, CITY CENTER 2ND FLOOR VYTTILA ",COCHIN,Kerala,India,,8803333444,,,,,,,,,,,,0.000,,,,,,,,,Shalima,100% advance
99381000005338227,2022-05-17,99381000000098082,Cochin,,PO-00180,,Partially Billed,"ZHEJIANG NEW VISION IMP & EXP  CO, LTD",84238190,FALSE,,KL,overseas,,false,USD,77.597579000000,Compact 1,,,,,,Inventory Asset,,18.00,PORTABLE SCALE 30X34,99381000006252159,PS3034,,,,,"Make : YESWEIGH Model : YSC
Max : 100kg e:10g Min:200g
Class : III Size : 300x340 mm Display : F & B Green 2pin Adaptor",1000.00,0.00,0.00,998.00,nos,Cochin,entity_level,true,0.00,0.0,,,,,,,goods,,,,18000.00,80690.00,0.00,Adjustment,0.00,0.000,,,,,,,,0,Due on Receipt,Cochin,C/O LOGIWIZ LOGISTICS INDIA PVT LTD,COCHIN,Kerala,India,683503,8803333444,,,,,,,,,,,,0.000,,,,,,,,,Shalima,10000$ as Advance
99381000005338227,2022-05-17,99381000000098082,Cochin,,PO-00180,,Partially Billed,"ZHEJIANG NEW VISION IMP & EXP  CO, LTD",84231000,FALSE,,KL,overseas,,false,USD,77.597579000000,Compact 1,,,,,,Inventory Asset,,17.00,PRICE COMPUTING SCALE WITH POLE-GREEN,99381000002951037,APCPQ,,,,,"Make :YESWEIGH Model: YSP -30 Model approval No: IND/09/20/23
 Max :30kg e :5g
Display :Green",500.00,0.00,0.00,500.00,nos,Cochin,entity_level,true,0.00,0.0,,,,,,,goods,,,,8500.00,80690.00,0.00,Adjustment,0.00,0.000,,,,,,,,0,Due on Receipt,Cochin,C/O LOGIWIZ LOGISTICS INDIA PVT LTD,COCHIN,Kerala,India,683503,8803333444,,,,,,,,,,,,0.000,,,,,,,,,Shalima,10000$ as Advance
99381000005338227,2022-05-17,99381000000098082,Cochin,,PO-00180,,Partially Billed,"ZHEJIANG NEW VISION IMP & EXP  CO, LTD",8428190,FALSE,,KL,overseas,,false,USD,77.597579000000,Compact 1,,,,,,Inventory Asset,,44.00,PRICE COMPUTING SCALE WITH POLE-BT,99381000006252186,APCBTQ,,,,,"Make :YESWEIGH Model: YSP -30 Model approval No: IND/09/20/23
Max :30kg e :5g
Display :Green, Bluetooth,Inbuilt printer,ATM Keypad, size : 230x330 mm",500.00,0.00,0.00,0.00,nos,Cochin,entity_level,true,0.00,0.0,,,,,,,goods,,,,22000.00,80690.00,0.00,Adjustment,0.00,0.000,,,,,,,,0,Due on Receipt,Cochin,C/O LOGIWIZ LOGISTICS INDIA PVT LTD,COCHIN,Kerala,India,683503,8803333444,,,,,,,,,,,,0.000,,,,,,,,,Shalima,10000$ as Advance
99381000005338227,2022-05-17,99381000000098082,Cochin,,PO-00180,,Partially Billed,"ZHEJIANG NEW VISION IMP & EXP  CO, LTD",84238190,FALSE,,KL,overseas,,false,USD,77.597579000000,Compact 1,,,,,,Inventory Asset,,45.60,PLATFORM PRICE COMPUTING SCALE -BT,99381000006252209,BPCBTQ,,,,,"Make :YESWEIGH Model: YSP PC Max :50kg e :5g Display :Green, Bluetooth,Inbuilt printer,ATM Keypad, Loadcell protection cover size : 300x340 mm",500.00,0.00,0.00,0.00,nos,Cochin,entity_level,true,0.00,0.0,,,,,,,goods,,,,22800.00,80690.00,0.00,Adjustment,0.00,0.000,,,,,,,,0,Due on Receipt,Cochin,C/O LOGIWIZ LOGISTICS INDIA PVT LTD,COCHIN,Kerala,India,683503,8803333444,,,,,,,,,,,,0.000,,,,,,,,,Shalima,10000$ as Advance
99381000005338227,2022-05-17,99381000000098082,Cochin,,PO-00180,,Partially Billed,"ZHEJIANG NEW VISION IMP & EXP  CO, LTD",84238190,FALSE,,KL,overseas,,false,USD,77.597579000000,Compact 1,,,,,,Inventory Asset,,40.00,PLATFORM SCALE 500X500-FSS,99381000006252224,PF5055,,,,,"Make : YESWEIGH Model:YSP PC
Max:300 kg e: 50gm Min:1kg Class III
Full SS,Green Display,Pan size : 500x500 mm 3pin CPU power cable, Loadcell protection cover",200.00,0.00,0.00,200.00,nos,Cochin,entity_level,true,0.00,0.0,,,,,,,goods,,,,8000.00,80690.00,0.00,Adjustment,0.00,0.000,,,,,,,,0,Due on Receipt,Cochin,C/O LOGIWIZ LOGISTICS INDIA PVT LTD,COCHIN,Kerala,India,683503,8803333444,,,,,,,,,,,,0.000,,,,,,,,,Shalima,10000$ as Advance
99381000005338227,2022-05-17,99381000000098082,Cochin,,PO-00180,,Partially Billed,"ZHEJIANG NEW VISION IMP & EXP  CO, LTD",84238290,FALSE,,KL,overseas,,false,USD,77.597579000000,Compact 1,,,,,,Inventory Asset,,60.90,Platform Weighing Scale 500x600 MS (Trolley),99381000009031017,PF56TR,,,,,,20.00,0.00,0.00,20.00,nos,Cochin,entity_level,true,0.00,0.0,,,,,,,goods,,,,1218.00,80690.00,0.00,Adjustment,0.00,0.000,,,,,,,,0,Due on Receipt,Cochin,C/O LOGIWIZ LOGISTICS INDIA PVT LTD,COCHIN,Kerala,India,683503,8803333444,,,,,,,,,,,,0.000,,,,,,,,,Shalima,10000$ as Advance
99381000005338227,2022-05-17,99381000000098082,Cochin,,PO-00180,,Partially Billed,"ZHEJIANG NEW VISION IMP & EXP  CO, LTD",84239020,FALSE,,KL,overseas,,false,USD,77.597579000000,Compact 1,,,,,,Inventory Asset,,50.00,Spare Parts,99381000001847007,SPARE,,,,,,2.00,0.00,0.00,2.00,box,Cochin,entity_level,true,0.00,0.0,,,,,,,goods,,,,100.00,80690.00,0.00,Adjustment,0.00,0.000,,,,,,,,0,Due on Receipt,Cochin,C/O LOGIWIZ LOGISTICS INDIA PVT LTD,COCHIN,Kerala,India,683503,8803333444,,,,,,,,,,,,0.000,,,,,,,,,Shalima,10000$ as Advance
99381000005338227,2022-05-17,99381000000098082,Cochin,,PO-00180,,Partially Billed,"ZHEJIANG NEW VISION IMP & EXP  CO, LTD",,FALSE,,KL,overseas,,false,USD,77.597579000000,Compact 1,,,,,,Import Expenses,,72.00,,,,,,,,BANK CHARGES,1.00,0.00,0.00,1.00,,,entity_level,true,0.00,0.0,,,,,,,service,,,,72.00,80690.00,0.00,Adjustment,0.00,0.000,,,,,,,,0,Due on Receipt,Cochin,C/O LOGIWIZ LOGISTICS INDIA PVT LTD,COCHIN,Kerala,India,683503,8803333444,,,,,,,,,,,,0.000,,,,,,,,,Shalima,10000$ as Advance
99381000005377349,2022-05-23,99381000003083031,Head Office,,PO-00181,,Billed,NOVA SCALES,84239020,FALSE,KA,KL,business_gst,29BUEPS5447J1ZZ,false,INR,1.000000000000,Compact 1,,,,,,Inventory Asset,,540.00,Shearbeam Loadcell 1000kg,99381000002008154,SBLC1T,,,,,,108.00,0.00,0.00,108.00,nos,Head Office,entity_level,true,0.00,0.0,99381000000006196,IGST18,18.00,10497.60,ItemAmount,,goods,,,,58320.00,68818.00,0.40,Adjustment,0.00,0.000,,,,,,,,0,Due on Receipt,Vytila-COK," 49/468A, CITY CENTER 2ND FLOOR VYTTILA ",COCHIN,Kerala,India,,8803333444,,,,,,,,,,,,0.000,,,,,,,,,Shalima,100%Advance
99381000005430085,2022-05-30,99381000003083031,Head Office,,PO-00182,,Billed,VISHAL ENTERPRISE,84239020,FALSE,GJ,KL,business_gst,24BXUPP9092H1ZM,false,INR,1.000000000000,Compact 1,,Dispatch By  SRS Transport in ToPay Basis ,,,,Inventory Asset,,33.00,Display Board Green ( 6 LED),99381000002007010,DISGR6,,,,,,1200.00,0.00,0.00,1200.00,nos,Head Office,entity_level,true,0.00,0.0,99381000000006196,IGST18,18.00,7128.00,ItemAmount,,goods,,,,39600.00,89208.00,0.00,Adjustment,0.00,0.000,,,,,,,,0,Due on Receipt,Vytila-COK," 49/468A, CITY CENTER 2ND FLOOR VYTTILA ",COCHIN,Kerala,India,,8803333444,,,,,,,,,,,,0.000,,,,,,,,,Teslin,Advance
99381000005430085,2022-05-30,99381000003083031,Head Office,,PO-00182,,Billed,VISHAL ENTERPRISE,84239020,FALSE,GJ,KL,business_gst,24BXUPP9092H1ZM,false,INR,1.000000000000,Compact 1,,Dispatch By  SRS Transport in ToPay Basis ,,,,Inventory Asset,,30.00,Display Board Red ( 6  LED),99381000002007001,DBRL6,,,,,,1200.00,0.00,0.00,1200.00,nos,Head Office,entity_level,true,0.00,0.0,99381000000006196,IGST18,18.00,6480.00,ItemAmount,,goods,,,,36000.00,89208.00,0.00,Adjustment,0.00,0.000,,,,,,,,0,Due on Receipt,Vytila-COK," 49/468A, CITY CENTER 2ND FLOOR VYTTILA ",COCHIN,Kerala,India,,8803333444,,,,,,,,,,,,0.000,,,,,,,,,Teslin,Advance
99381000005448359,2022-05-31,99381000003083031,Head Office,,PO-00183,,Billed,TAKYON SYSTEMS,84239020,FALSE,KL,KL,business_gst,32AANFT0176D1ZE,false,INR,1.000000000000,Compact 1,,,,,,Inventory Asset,,550.00,ECS5W SMPS 7V,99381000000306148,ECS817,,,,,,10.00,0.00,0.00,10.00,nos,Head Office,entity_level,true,0.00,0.0,99381000000006208,GST18,18.00,990.00,Tax Group,,goods,,,,5500.00,6608.00,0.00,Adjustment,0.00,0.000,,,,,,,,0,Due on Receipt,Vytila-COK," 49/468A, CITY CENTER 2ND FLOOR VYTTILA ",COCHIN,Kerala,India,,8803333444,,,,,,,,,,,,0.000,,,,,,,,,Teslin,advancve
99381000005448359,2022-05-31,99381000003083031,Head Office,,PO-00183,,Billed,TAKYON SYSTEMS,996819,FALSE,KL,KL,business_gst,32AANFT0176D1ZE,false,INR,1.000000000000,Compact 1,,,,,,Cost of Goods Sold,,100.00,Freight,99381000003152296,FREIGH,,,,,,1.00,0.00,0.00,1.00,Lumpsum,,entity_level,true,0.00,0.0,99381000000006208,GST18,18.00,18.00,Tax Group,,service,,,,100.00,6608.00,0.00,Adjustment,0.00,0.000,,,,,,,,0,Due on Receipt,Vytila-COK," 49/468A, CITY CENTER 2ND FLOOR VYTTILA ",COCHIN,Kerala,India,,8803333444,,,,,,,,,,,,0.000,,,,,,,,,Teslin,advancve
99381000005463777,2022-06-02,99381000000098082,Cochin,,PO-00184,,Billed,SAFAL ENTERPRISE PVT. LTD.,84231000,FALSE,GJ,KL,business_gst,24ABFCS6034B1ZR,false,INR,1.000000000000,Compact 1,,,,,,Inventory Asset,,1500.00,TABLE TOP ABS (VIBRANT),99381000001171138,VIBRANT300X240ABS,,,,,Max : 30Kg e:5gm Min: 100g Class III,50.00,0.00,0.00,50.00,pcs,Cochin,entity_level,true,0.00,0.0,99381000000006196,IGST18,18.00,13500.00,ItemAmount,,goods,,,,75000.00,390580.00,0.00,Adjustment,0.00,0.000,,,,,,,,0,Due on Receipt,Cochin,C/O LOGIWIZ LOGISTICS INDIA PVT LTD,COCHIN,Kerala,India,683503,8803333444,,,,,,,,,,,,0.000,,,,,,,,,Shalima,One month Credit
99381000005463777,2022-06-02,99381000000098082,Cochin,,PO-00184,,Billed,SAFAL ENTERPRISE PVT. LTD.,84239010,FALSE,GJ,KL,business_gst,24ABFCS6034B1ZR,false,INR,1.000000000000,Compact 1,,,,,,Inventory Asset,,2200.00,CHICKEN SCALE 100 KG SS,99381000001933001,CS300X300SS,,,,,"Make : YESWEIGH Model : YSC
Max : 100kg e:10g Min:200g
Class : III",30.00,0.00,0.00,30.00,nos,Cochin,entity_level,true,0.00,0.0,99381000000006196,IGST18,18.00,11880.00,ItemAmount,,goods,,,,66000.00,390580.00,0.00,Adjustment,0.00,0.000,,,,,,,,0,Due on Receipt,Cochin,C/O LOGIWIZ LOGISTICS INDIA PVT LTD,COCHIN,Kerala,India,683503,8803333444,,,,,,,,,,,,0.000,,,,,,,,,Shalima,One month Credit
99381000005463777,2022-06-02,99381000000098082,Cochin,,PO-00184,,Billed,SAFAL ENTERPRISE PVT. LTD.,84239010,FALSE,GJ,KL,business_gst,24ABFCS6034B1ZR,false,INR,1.000000000000,Compact 1,,,,,,Inventory Asset,,1925.00,CHICKEN SCALE 50KG MS,99381000005463762,CSM50,,,,,,20.00,0.00,0.00,20.00,nos,Cochin,entity_level,true,0.00,0.0,99381000000006196,IGST18,18.00,6930.00,ItemAmount,,goods,,,,38500.00,390580.00,0.00,Adjustment,0.00,0.000,,,,,,,,0,Due on Receipt,Cochin,C/O LOGIWIZ LOGISTICS INDIA PVT LTD,COCHIN,Kerala,India,683503,8803333444,,,,,,,,,,,,0.000,,,,,,,,,Shalima,One month Credit
99381000005463777,2022-06-02,99381000000098082,Cochin,,PO-00184,,Billed,SAFAL ENTERPRISE PVT. LTD.,84239010,FALSE,GJ,KL,business_gst,24ABFCS6034B1ZR,false,INR,1.000000000000,Compact 1,,,,,,Inventory Asset,,1925.00,CHICKEN SCALE 50KG SS,99381000005463747,CS250X250SS,,,,,,20.00,0.00,0.00,20.00,nos,Cochin,entity_level,true,0.00,0.0,99381000000006196,IGST18,18.00,6930.00,ItemAmount,,goods,,,,38500.00,390580.00,0.00,Adjustment,0.00,0.000,,,,,,,,0,Due on Receipt,Cochin,C/O LOGIWIZ LOGISTICS INDIA PVT LTD,COCHIN,Kerala,India,683503,8803333444,,,,,,,,,,,,0.000,,,,,,,,,Shalima,One month Credit
99381000005463777,2022-06-02,99381000000098082,Cochin,,PO-00184,,Billed,SAFAL ENTERPRISE PVT. LTD.,84231000,FALSE,GJ,KL,business_gst,24ABFCS6034B1ZR,false,INR,1.000000000000,Compact 1,,,,,,Inventory Asset,,1100.00,Table Top Scale  220x170 ABS 6 Volt,99381000000562040,TTABS6V,,,,,Max : 20kg e:2gm Min: 40g Class III,50.00,0.00,0.00,50.00,nos,Cochin,entity_level,true,0.00,0.0,99381000000006196,IGST18,18.00,9900.00,ItemAmount,,goods,,,,55000.00,390580.00,0.00,Adjustment,0.00,0.000,,,,,,,,0,Due on Receipt,Cochin,C/O LOGIWIZ LOGISTICS INDIA PVT LTD,COCHIN,Kerala,India,683503,8803333444,,,,,,,,,,,,0.000,,,,,,,,,Shalima,One month Credit
99381000005463777,2022-06-02,99381000000098082,Cochin,,PO-00184,,Billed,SAFAL ENTERPRISE PVT. LTD.,84239010,FALSE,GJ,KL,business_gst,24ABFCS6034B1ZR,false,INR,1.000000000000,Compact 1,,,,,,Inventory Asset,,2900.00,CHICKEN SCALE 300KG MS,99381000001933021,CS400X400MS,,,,,"Make : YESWEIGH Model : YSC
Max : 300kg e:50g Min:1kg
Class : III",20.00,0.00,0.00,20.00,nos,Cochin,entity_level,true,0.00,0.0,99381000000006196,IGST18,18.00,10440.00,ItemAmount,,goods,,,,58000.00,390580.00,0.00,Adjustment,0.00,0.000,,,,,,,,0,Due on Receipt,Cochin,C/O LOGIWIZ LOGISTICS INDIA PVT LTD,COCHIN,Kerala,India,683503,8803333444,,,,,,,,,,,,0.000,,,,,,,,,Shalima,One month Credit
99381000005482173,2022-06-04,99381000000098082,Cochin,,PO-00185,,Billed,Accurate Trade Links,84231000,FALSE,KL,KL,business_gst,32AHJPK1741Q1Z4,false,INR,1.000000000000,Compact 1,,,,,,Inventory Asset,,13500.00,Label Printing Scale Q9LBL,99381000002536240,Q9LBL,,,,,,1.00,0.00,0.00,1.00,nos,Cochin,entity_level,true,0.00,0.0,99381000000006208,GST18,18.00,2430.00,Tax Group,,goods,,,,13500.00,15930.00,0.00,Adjustment,0.00,0.000,,,,,,,,0,Due on Receipt,Cochin,C/O LOGIWIZ LOGISTICS INDIA PVT LTD,COCHIN,Kerala,India,683503,8803333444,,,,,,,,,,,,0.000,,,,,,,,,Shalima,100% advance
99381000005469064,2022-06-06,99381000003083031,Head Office,,PO-00186,,Billed,VISHAL ENTERPRISE,84239020,FALSE,GJ,KL,business_gst,24BXUPP9092H1ZM,false,INR,1.000000000000,Compact 1,,,,,,Inventory Asset,,5.00,Keypad,99381000002008082,KEYPA1,,,,,,1000.00,0.00,0.00,1000.00,nos,Head Office,entity_level,true,0.00,0.0,99381000000006196,IGST18,18.00,900.00,ItemAmount,,goods,,,,5000.00,47589.40,0.00,Adjustment,0.00,0.000,,,,,,,,0,Due on Receipt,Vytila-COK," 49/468A, CITY CENTER 2ND FLOOR VYTTILA ",COCHIN,Kerala,India,,8803333444,,,,,,,,,,,,0.000,,,,,,,,,Teslin,Advanced
99381000005469064,2022-06-06,99381000003083031,Head Office,,PO-00186,,Billed,VISHAL ENTERPRISE,84239020,FALSE,GJ,KL,business_gst,24BXUPP9092H1ZM,false,INR,1.000000000000,Compact 1,,,,,,Inventory Asset,,24.00,AC Cord wire 2pin(3 yrad),99381000002008023,CW2X3,,,,,,400.00,0.00,0.00,400.00,nos,Head Office,entity_level,true,0.00,0.0,99381000000006196,IGST18,18.00,1728.00,ItemAmount,,goods,,,,9600.00,47589.40,0.00,Adjustment,0.00,0.000,,,,,,,,0,Due on Receipt,Vytila-COK," 49/468A, CITY CENTER 2ND FLOOR VYTTILA ",COCHIN,Kerala,India,,8803333444,,,,,,,,,,,,0.000,,,,,,,,,Teslin,Advanced
99381000005469064,2022-06-06,99381000003083031,Head Office,,PO-00186,,Billed,VISHAL ENTERPRISE,84239020,FALSE,GJ,KL,business_gst,24BXUPP9092H1ZM,false,INR,1.000000000000,Compact 1,,,,,,Inventory Asset,,1250.00,Loadcell Cable,99381000005469015,LCCABLE,,,,,,3.00,0.00,0.00,3.00,nos,Head Office,entity_level,true,0.00,0.0,99381000000006196,IGST18,18.00,675.00,ItemAmount,,goods,,,,3750.00,47589.40,0.00,Adjustment,0.00,0.000,,,,,,,,0,Due on Receipt,Vytila-COK," 49/468A, CITY CENTER 2ND FLOOR VYTTILA ",COCHIN,Kerala,India,,8803333444,,,,,,,,,,,,0.000,,,,,,,,,Teslin,Advanced
99381000005469064,2022-06-06,99381000003083031,Head Office,,PO-00186,,Billed,VISHAL ENTERPRISE,84239020,FALSE,GJ,KL,business_gst,24BXUPP9092H1ZM,false,INR,1.000000000000,Compact 1,,,,,,Inventory Asset,,240.00,FRC CABLE 14 PIN,99381000002008005,14FRC,,,,,,52.00,0.00,0.00,52.00,nos,Head Office,entity_level,true,0.00,0.0,99381000000006196,IGST18,18.00,2246.40,ItemAmount,,goods,,,,12480.00,47589.40,0.00,Adjustment,0.00,0.000,,,,,,,,0,Due on Receipt,Vytila-COK," 49/468A, CITY CENTER 2ND FLOOR VYTTILA ",COCHIN,Kerala,India,,8803333444,,,,,,,,,,,,0.000,,,,,,,,,Teslin,Advanced
99381000005469064,2022-06-06,99381000003083031,Head Office,,PO-00186,,Billed,VISHAL ENTERPRISE,84239020,FALSE,GJ,KL,business_gst,24BXUPP9092H1ZM,false,INR,1.000000000000,Compact 1,,,,,,Inventory Asset,,19.00,4 Pin Metal Connector,99381000005469049,4PINC,,,,,,500.00,0.00,0.00,500.00,nos,Head Office,entity_level,true,0.00,0.0,99381000000006196,IGST18,18.00,1710.00,ItemAmount,,goods,,,,9500.00,47589.40,0.00,Adjustment,0.00,0.000,,,,,,,,0,Due on Receipt,Vytila-COK," 49/468A, CITY CENTER 2ND FLOOR VYTTILA ",COCHIN,Kerala,India,,8803333444,,,,,,,,,,,,0.000,,,,,,,,,Teslin,Advanced
99381000005469103,2022-06-06,99381000003083031,Head Office,,PO-00187,,Billed,ELIANCE CONNECTORS LLP,84239020,FALSE,GJ,KL,business_gst,24AAIFE9216E1ZM,false,INR,1.000000000000,Compact 1,,,,,,Inventory Asset,,2.55,ON/OFF SWITCH,99381000002008051,SWITCH,,,,,,1000.00,0.00,0.00,1000.00,nos,Head Office,entity_level,true,0.00,0.0,99381000000006196,IGST18,18.00,459.00,ItemAmount,,goods,,,,2550.00,6047.50,0.00,Adjustment,0.00,0.000,,,,,,,,0,Due on Receipt,Vytila-COK," 49/468A, CITY CENTER 2ND FLOOR VYTTILA ",COCHIN,Kerala,India,,8803333444,,,,,,,,,,,,0.000,,,,,,,,,Teslin,Advance
99381000005469103,2022-06-06,99381000003083031,Head Office,,PO-00187,,Billed,ELIANCE CONNECTORS LLP,84239020,FALSE,GJ,KL,business_gst,24AAIFE9216E1ZM,false,INR,1.000000000000,Compact 1,,,,,,Inventory Asset,,4.15,3 Pin CPU Socket,99381000002008041,CSP3,,,,,,500.00,0.00,0.00,500.00,nos,Head Office,entity_level,true,0.00,0.0,99381000000006196,IGST18,18.00,373.50,ItemAmount,,goods,,,,2075.00,6047.50,0.00,Adjustment,0.00,0.000,,,,,,,,0,Due on Receipt,Vytila-COK," 49/468A, CITY CENTER 2ND FLOOR VYTTILA ",COCHIN,Kerala,India,,8803333444,,,,,,,,,,,,0.000,,,,,,,,,Teslin,Advance
99381000005469103,2022-06-06,99381000003083031,Head Office,,PO-00187,,Billed,ELIANCE CONNECTORS LLP,996819,FALSE,GJ,KL,business_gst,24AAIFE9216E1ZM,false,INR,1.000000000000,Compact 1,,,,,,Cost of Goods Sold,,500.00,Freight,99381000003152296,FREIGH,,,,,,1.00,0.00,0.00,1.00,Lumpsum,,entity_level,true,0.00,0.0,99381000000006196,IGST18,18.00,90.00,ItemAmount,,service,,,,500.00,6047.50,0.00,Adjustment,0.00,0.000,,,,,,,,0,Due on Receipt,Vytila-COK," 49/468A, CITY CENTER 2ND FLOOR VYTTILA ",COCHIN,Kerala,India,,8803333444,,,,,,,,,,,,0.000,,,,,,,,,Teslin,Advance
99381000005469136,2022-06-06,99381000003083031,Head Office,,PO-00188,,Billed,NOVA SCALES,84239020,FALSE,KA,KL,business_gst,29BUEPS5447J1ZZ,false,INR,1.000000000000,Compact 1,,,,,,Inventory Asset,,82.00,Loadcell 40KG 88mm,99381000001991033,LC4088,,,,,,200.00,0.00,0.00,200.00,nos,Head Office,entity_level,true,0.00,0.0,99381000000006196,IGST18,18.00,2952.00,ItemAmount,,goods,,,,16400.00,259883.20,0.00,Adjustment,0.00,0.000,,,,,,,,0,Due on Receipt,Vytila-COK," 49/468A, CITY CENTER 2ND FLOOR VYTTILA ",COCHIN,Kerala,India,,8803333444,,,,,,,,,,,,0.000,,,,,,,,,Teslin,Advance
99381000005469136,2022-06-06,99381000003083031,Head Office,,PO-00188,,Billed,NOVA SCALES,84239020,FALSE,KA,KL,business_gst,29BUEPS5447J1ZZ,false,INR,1.000000000000,Compact 1,,,,,,Inventory Asset,,130.00,Loadcell 40 kg: 130 mm,99381000002001031,LKM401,,,,,,200.00,0.00,0.00,200.00,nos,Head Office,entity_level,true,0.00,0.0,99381000000006196,IGST18,18.00,4680.00,ItemAmount,,goods,,,,26000.00,259883.20,0.00,Adjustment,0.00,0.000,,,,,,,,0,Due on Receipt,Vytila-COK," 49/468A, CITY CENTER 2ND FLOOR VYTTILA ",COCHIN,Kerala,India,,8803333444,,,,,,,,,,,,0.000,,,,,,,,,Teslin,Advance
99381000005469136,2022-06-06,99381000003083031,Head Office,,PO-00188,,Billed,NOVA SCALES,84239020,FALSE,KA,KL,business_gst,29BUEPS5447J1ZZ,false,INR,1.000000000000,Compact 1,,,,,,Inventory Asset,,186.00,Loadcell 150 kg: 3 Hole,99381000002001069,LKH150,,,,,,180.00,0.00,0.00,180.00,nos,Head Office,entity_level,true,0.00,0.0,99381000000006196,IGST18,18.00,6026.40,ItemAmount,,goods,,,,33480.00,259883.20,0.00,Adjustment,0.00,0.000,,,,,,,,0,Due on Receipt,Vytila-COK," 49/468A, CITY CENTER 2ND FLOOR VYTTILA ",COCHIN,Kerala,India,,8803333444,,,,,,,,,,,,0.000,,,,,,,,,Teslin,Advance
99381000005469136,2022-06-06,99381000003083031,Head Office,,PO-00188,,Billed,NOVA SCALES,84239020,FALSE,KA,KL,business_gst,29BUEPS5447J1ZZ,false,INR,1.000000000000,Compact 1,,,,,,Inventory Asset,,186.00,Loadcell 200KG 3 HOLE,99381000002001079,LH2003,,,,,,180.00,0.00,0.00,180.00,nos,Head Office,entity_level,true,0.00,0.0,99381000000006196,IGST18,18.00,6026.40,ItemAmount,,goods,,,,33480.00,259883.20,0.00,Adjustment,0.00,0.000,,,,,,,,0,Due on Receipt,Vytila-COK," 49/468A, CITY CENTER 2ND FLOOR VYTTILA ",COCHIN,Kerala,India,,8803333444,,,,,,,,,,,,0.000,,,,,,,,,Teslin,Advance
99381000005469136,2022-06-06,99381000003083031,Head Office,,PO-00188,,Billed,NOVA SCALES,84239020,FALSE,KA,KL,business_gst,29BUEPS5447J1ZZ,false,INR,1.000000000000,Compact 1,,,,,,Inventory Asset,,308.00,Loadcell 300 kg 25 x25- 40 mm 4 HOLE,99381000002001110,LC300,,,,,,180.00,0.00,0.00,180.00,nos,Head Office,entity_level,true,0.00,0.0,99381000000006196,IGST18,18.00,9979.20,ItemAmount,,goods,,,,55440.00,259883.20,0.00,Adjustment,0.00,0.000,,,,,,,,0,Due on Receipt,Vytila-COK," 49/468A, CITY CENTER 2ND FLOOR VYTTILA ",COCHIN,Kerala,India,,8803333444,,,,,,,,,,,,0.000,,,,,,,,,Teslin,Advance
99381000005469136,2022-06-06,99381000003083031,Head Office,,PO-00188,,Billed,NOVA SCALES,84239020,FALSE,KA,KL,business_gst,29BUEPS5447J1ZZ,false,INR,1.000000000000,Compact 1,,,,,,Inventory Asset,,308.00,Loadcell 500 kg 25 x25- 40 mm 4 HOLE,99381000002001119,LC500,,,,,,180.00,0.00,0.00,180.00,nos,Head Office,entity_level,true,0.00,0.0,99381000000006196,IGST18,18.00,9979.20,ItemAmount,,goods,,,,55440.00,259883.20,0.00,Adjustment,0.00,0.000,,,,,,,,0,Due on Receipt,Vytila-COK," 49/468A, CITY CENTER 2ND FLOOR VYTTILA ",COCHIN,Kerala,India,,8803333444,,,,,,,,,,,,0.000,,,,,,,,,Teslin,Advance
99381000005499001,2022-06-08,99381000003083031,Head Office,,PO-00190,,Billed,PMS SOFTINFO TECHNOLOGIES PVT LTD,84239020,FALSE,RJ,KL,business_gst,08AAECP8296N1ZI,false,INR,1.000000000000,Compact 1,,,,,,Inventory Asset,,190.00,Motherboard PMS 63,99381000002007019,MP63,,,,,,1000.00,0.00,0.00,1000.00,nos,Head Office,entity_level,true,0.00,0.0,99381000000006196,IGST18,18.00,34200.00,ItemAmount,,goods,,,,190000.00,224200.00,0.00,Adjustment,0.00,0.000,,,,,,,,0,Due on Receipt,Vytila-COK," 49/468A, CITY CENTER 2ND FLOOR VYTTILA ",COCHIN,Kerala,India,,8803333444,,,,,,,,,,,,0.000,,,,,,,,,Teslin,Advance
99381000005544099,2022-06-14,99381000000098082,Cochin,,PO-00191,,Billed,Meezan electronic scales Pvt Ltd,84231000,FALSE,KL,KL,business_gst,32AAECM1277C1ZY,false,INR,1.000000000000,Compact 1,,,,,,Inventory Asset,,12500.00,ECS Indicator,99381000000343199,ECSIND,,,,,,5.00,0.00,0.00,5.00,nos,Cochin,entity_level,true,0.00,0.0,99381000000006208,GST18,18.00,11250.00,Tax Group,,goods,,,,62500.00,73750.00,0.00,Adjustment,0.00,0.000,,,,,,,,0,Due on Receipt,Cochin,C/O LOGIWIZ LOGISTICS INDIA PVT LTD,COCHIN,Kerala,India,683503,8803333444,,,,,,,,,,,,0.000,,,,,,,,,Shalima,Advance payment
99381000005571353,2022-06-17,99381000000098082,Cochin,,PO-00192,,Billed,SAFAL ENTERPRISE PVT. LTD.,84231000,FALSE,GJ,KL,business_gst,24ABFCS6034B1ZR,false,INR,1.000000000000,Compact 1,,,,,,Inventory Asset,,1000.00,Table Top Scale 220x170 ABS 4 Volt,99381000000349058,CH4VSF,,,,,Max :20kg e:2gm Min: 40g Class III,50.00,0.00,0.00,50.00,nos,Cochin,entity_level,true,0.00,0.0,99381000000006196,IGST18,18.00,9000.00,ItemAmount,,goods,,,,50000.00,59000.00,0.00,Adjustment,0.00,0.000,,,,,,,,0,Due on Receipt,Cochin,C/O LOGIWIZ LOGISTICS INDIA PVT LTD,COCHIN,Kerala,India,683503,8803333444,,,,,,,,,,,,0.000,,,,,,,,,Shalima,after 1 month
99381000005590144,2022-06-21,99381000000098082,Cochin,,PO-00193,,Billed,Weighvox International FZE LLC,84729090,FALSE,,KL,overseas,,false,USD,78.070107000000,Compact 1,,,,,,Inventory Asset,,25.00,SIMPLE VALUE COUNTING MACHINE ECONOMIC,99381000004261110,VALUECOUNTER,,,,,,50.00,0.00,0.00,50.00,nos,Cochin,entity_level,true,0.00,0.0,,,,,,,goods,,,,1250.00,13103.00,0.00,Adjustment,0.00,0.000,,,,,,,,0,Due on Receipt,Cochin,C/O LOGIWIZ LOGISTICS INDIA PVT LTD,COCHIN,Kerala,India,683503,8803333444,,,,,,,,,,,,0.000,,,,,,,,,Shalima,100% advance
99381000005590144,2022-06-21,99381000000098082,Cochin,,PO-00193,,Billed,Weighvox International FZE LLC,84231000,FALSE,,KL,overseas,,false,USD,78.070107000000,Compact 1,,,,,,Inventory Asset,,185.00,Analytical Balance 220g /0.1mg,99381000000205926,BSM2204,,,,,"BSM  220.4   220g/0.1mg analytical balance
",50.00,0.00,0.00,50.00,nos,Cochin,entity_level,true,0.00,0.0,,,,,,,goods,,,,9250.00,13103.00,0.00,Adjustment,0.00,0.000,,,,,,,,0,Due on Receipt,Cochin,C/O LOGIWIZ LOGISTICS INDIA PVT LTD,COCHIN,Kerala,India,683503,8803333444,,,,,,,,,,,,0.000,,,,,,,,,Shalima,100% advance
99381000005590144,2022-06-21,99381000000098082,Cochin,,PO-00193,,Billed,Weighvox International FZE LLC,84239020,FALSE,,KL,overseas,,false,USD,78.070107000000,Compact 1,,,,,,Inventory Asset,,2330.00,Spare Parts,99381000001847007,SPARE,,,,,,1.00,0.00,0.00,1.00,box,Cochin,entity_level,true,0.00,0.0,,,,,,,goods,,,,2330.00,13103.00,0.00,Adjustment,0.00,0.000,,,,,,,,0,Due on Receipt,Cochin,C/O LOGIWIZ LOGISTICS INDIA PVT LTD,COCHIN,Kerala,India,683503,8803333444,,,,,,,,,,,,0.000,,,,,,,,,Shalima,100% advance
99381000005590144,2022-06-21,99381000000098082,Cochin,,PO-00193,,Billed,Weighvox International FZE LLC,84239020,FALSE,,KL,overseas,,false,USD,78.070107000000,Compact 1,,,,,,Inventory Asset,,147.00,Spare Parts,99381000001847007,SPARE,,,,,,1.00,0.00,0.00,1.00,box,Cochin,entity_level,true,0.00,0.0,,,,,,,goods,,,,147.00,13103.00,0.00,Adjustment,0.00,0.000,,,,,,,,0,Due on Receipt,Cochin,C/O LOGIWIZ LOGISTICS INDIA PVT LTD,COCHIN,Kerala,India,683503,8803333444,,,,,,,,,,,,0.000,,,,,,,,,Shalima,100% advance
99381000005590144,2022-06-21,99381000000098082,Cochin,,PO-00193,,Billed,Weighvox International FZE LLC,84239020,FALSE,,KL,overseas,,false,USD,78.070107000000,Compact 1,,,,,,Inventory Asset,,126.00,Spare Parts,99381000001847007,SPARE,,,,,,1.00,0.00,0.00,1.00,box,Cochin,entity_level,true,0.00,0.0,,,,,,,goods,,,,126.00,13103.00,0.00,Adjustment,0.00,0.000,,,,,,,,0,Due on Receipt,Cochin,C/O LOGIWIZ LOGISTICS INDIA PVT LTD,COCHIN,Kerala,India,683503,8803333444,,,,,,,,,,,,0.000,,,,,,,,,Shalima,100% advance
99381000005591268,2022-06-23,99381000003083031,Head Office,,PO-00194,,Billed,ROYAL TRADERS,84239020,FALSE,MH,KL,business_gst,27AITPA3314N1Z1,false,INR,1.000000000000,Compact 1,,,,,,Inventory Asset,,165.00,Loadcell 3kg 130mm,99381000001991042,L3130,,,,,,100.00,0.00,0.00,100.00,nos,Head Office,entity_level,true,0.00,0.0,99381000000006196,IGST18,18.00,2970.00,ItemAmount,,goods,,,,16500.00,66929.60,0.00,Adjustment,0.00,0.000,,,,,,,,0,Due on Receipt,Vytila-COK," 49/468A, CITY CENTER 2ND FLOOR VYTTILA ",COCHIN,Kerala,India,,8803333444,,,,,,,,,,,,0.000,,,,,,,,,Teslin,Advance
99381000005591268,2022-06-23,99381000003083031,Head Office,,PO-00194,,Billed,ROYAL TRADERS,84239020,FALSE,MH,KL,business_gst,27AITPA3314N1Z1,false,INR,1.000000000000,Compact 1,,,,,,Inventory Asset,,155.00,Loadcell 10KG 130mm,99381000002001001,L10130,,,,,,100.00,0.00,0.00,100.00,nos,Head Office,entity_level,true,0.00,0.0,99381000000006196,IGST18,18.00,2790.00,ItemAmount,,goods,,,,15500.00,66929.60,0.00,Adjustment,0.00,0.000,,,,,,,,0,Due on Receipt,Vytila-COK," 49/468A, CITY CENTER 2ND FLOOR VYTTILA ",COCHIN,Kerala,India,,8803333444,,,,,,,,,,,,0.000,,,,,,,,,Teslin,Advance
99381000005591268,2022-06-23,99381000003083031,Head Office,,PO-00194,,Billed,ROYAL TRADERS,84239020,FALSE,MH,KL,business_gst,27AITPA3314N1Z1,false,INR,1.000000000000,Compact 1,,,,,,Inventory Asset,,515.00,Shearbeam Loadcell 500 kg,99381000002008145,SLK500,,,,,,48.00,0.00,0.00,48.00,nos,Head Office,entity_level,true,0.00,0.0,99381000000006196,IGST18,18.00,4449.60,ItemAmount,,goods,,,,24720.00,66929.60,0.00,Adjustment,0.00,0.000,,,,,,,,0,Due on Receipt,Vytila-COK," 49/468A, CITY CENTER 2ND FLOOR VYTTILA ",COCHIN,Kerala,India,,8803333444,,,,,,,,,,,,0.000,,,,,,,,,Teslin,Advance
99381000005619832,2022-06-27,99381000000098082,Cochin,,PO-00195,,Billed,Meezan electronic scales Pvt Ltd,84231000,FALSE,KL,KL,business_gst,32AAECM1277C1ZY,false,INR,1.000000000000,Compact 1,,,,,,Inventory Asset,,12750.00,Label Printing Scale Q9LBL,99381000002536240,Q9LBL,,,,,,4.00,0.00,0.00,4.00,nos,Cochin,entity_level,true,0.00,0.0,99381000000006208,GST18,18.00,9180.00,Tax Group,,goods,,,,51000.00,60180.00,0.00,Adjustment,0.00,0.000,,,,,,,,0,Due on Receipt,Cochin,C/O LOGIWIZ LOGISTICS INDIA PVT LTD,COCHIN,Kerala,India,683503,8803333444,,,,,,,,,,,,0.000,,,,,,,,,Shalima,Advance
99381000005672161,2022-07-01,99381000000098082,Cochin,,PO-00196,,Billed,Meezan electronic scales Pvt Ltd,84231000,FALSE,KL,KL,business_gst,32AAECM1277C1ZY,false,INR,1.000000000000,Compact 1,,,,,,Inventory Asset,,12750.00,Label Printing Scale Q9LBL,99381000002536240,Q9LBL,,,,,,5.00,0.00,0.00,5.00,nos,Cochin,entity_level,true,0.00,0.0,99381000000006208,GST18,18.00,11475.00,Tax Group,,goods,,,,63750.00,75225.00,0.00,Adjustment,0.00,0.000,,,,,,,,0,Due on Receipt,Cochin,C/O LOGIWIZ LOGISTICS INDIA PVT LTD,COCHIN,Kerala,India,683503,8803333444,,,,,,,,,,,,0.000,,,,,,,,,Shalima,advance
99381000005710529,2022-07-06,99381000000098082,Cochin,,PO-00197,,Billed,Meezan electronic scales Pvt Ltd,84231000,FALSE,KL,KL,business_gst,32AAECM1277C1ZY,false,INR,1.000000000000,Compact 1,,,,,,Inventory Asset,,12750.00,Label Printing Scale Q9LBL,99381000002536240,Q9LBL,,,,,,3.00,0.00,0.00,3.00,nos,Cochin,entity_level,true,0.00,0.0,99381000000006208,GST18,18.00,6885.00,Tax Group,,goods,,,,38250.00,45135.00,0.00,Adjustment,0.00,0.000,,,,,,,,0,Due on Receipt,Cochin,C/O LOGIWIZ LOGISTICS INDIA PVT LTD,COCHIN,Kerala,India,683503,8803333444,,,,,,,,,,,,0.000,,,,,,,,,Shalima,100% advance
99381000005769435,2022-07-12,99381000000098082,Cochin,,PO-00198,,Billed,Meezan electronic scales Pvt Ltd,84231000,FALSE,KL,KL,business_gst,32AAECM1277C1ZY,false,INR,1.000000000000,Compact 1,,,,,,Inventory Asset,,12750.00,Label Printing Scale Q9LBL,99381000002536240,Q9LBL,,,,,,1.00,0.00,0.00,1.00,nos,Cochin,entity_level,true,0.00,0.0,99381000000006208,GST18,18.00,2295.00,Tax Group,,goods,,,,12750.00,15045.00,0.00,Adjustment,0.00,0.000,,,,,,,,0,Due on Receipt,Cochin,C/O LOGIWIZ LOGISTICS INDIA PVT LTD,COCHIN,Kerala,India,683503,8803333444,,,,,,,,,,,,0.000,,,,,,,,,Shalima,100% advance
99381000005850170,2022-07-23,99381000003083031,Head Office,,PO-00199,,Billed,Meezan electronic scales Pvt Ltd,84239020,FALSE,KL,KL,business_gst,32AAECM1277C1ZY,false,INR,1.000000000000,Compact 1,,,,,,Inventory Asset,,1250.00,Q9LBL Wifi module (old),99381000005850155,Q9LBLWIFI,,,,,,1.00,0.00,0.00,1.00,nos,Head Office,entity_level,true,0.00,0.0,99381000000006208,GST18,18.00,225.00,Tax Group,,goods,,,,1250.00,1475.00,0.00,Adjustment,0.00,0.000,,,,,,,,0,Due on Receipt,Vytila-COK," 49/468A, CITY CENTER 2ND FLOOR VYTTILA ",COCHIN,Kerala,India,,8803333444,,,,,,,,,,,,0.000,,,,,,,,,Teslin,advance
99381000005855056,2022-07-25,99381000000098082,Cochin,,PO-00200,,Billed,Accurate Trade Links,84729090,FALSE,KL,KL,business_gst,32AHJPK1741Q1Z4,false,INR,1.000000000000,Compact 1,,,,,,Inventory Asset,,6500.00,CCM  - Value Counting Machine,99381000000302452,AL66,,,,,,6.00,0.00,0.00,6.00,nos,Cochin,entity_level,true,0.00,0.0,99381000000006208,GST18,18.00,7020.00,Tax Group,,goods,,,,39000.00,46020.00,0.00,Adjustment,0.00,0.000,,,,,,,,0,Due on Receipt,Cochin,C/O LOGIWIZ LOGISTICS INDIA PVT LTD,COCHIN,Kerala,India,683503,8803333444,,,,,,,,,,,,0.000,,,,,,,,,Shalima,100% Advance
99381000005867734,2022-07-27,99381000000098082,Cochin,,PO-00201,,Billed,Meezan electronic scales Pvt Ltd,84231000,FALSE,KL,KL,business_gst,32AAECM1277C1ZY,false,INR,1.000000000000,Compact 1,,,,,,Inventory Asset,,12750.00,Label Printing Scale Q9LBL,99381000002536240,Q9LBL,,,,,,2.00,0.00,0.00,2.00,nos,Cochin,entity_level,true,0.00,0.0,99381000000006208,GST18,18.00,4590.00,Tax Group,,goods,,,,25500.00,30326.00,0.00,Adjustment,0.00,0.000,,,,,,,,0,Due on Receipt,Cochin,C/O LOGIWIZ LOGISTICS INDIA PVT LTD,COCHIN,Kerala,India,683503,8803333444,,,,,,,,,,,,0.000,,,,,,,,,Shalima,Advance
99381000005867734,2022-07-27,99381000000098082,Cochin,,PO-00201,,Billed,Meezan electronic scales Pvt Ltd,996819,FALSE,KL,KL,business_gst,32AAECM1277C1ZY,false,INR,1.000000000000,Compact 1,,,,,,Cost of Goods Sold,,200.00,Freight,99381000003152296,FREIGH,,,,,,1.00,0.00,0.00,1.00,Lumpsum,,entity_level,true,0.00,0.0,99381000000006208,GST18,18.00,36.00,Tax Group,,service,,,,200.00,30326.00,0.00,Adjustment,0.00,0.000,,,,,,,,0,Due on Receipt,Cochin,C/O LOGIWIZ LOGISTICS INDIA PVT LTD,COCHIN,Kerala,India,683503,8803333444,,,,,,,,,,,,0.000,,,,,,,,,Shalima,Advance
99381000005890019,2022-07-29,99381000000098082,Cochin,,PO-00202,,Billed,Meezan electronic scales Pvt Ltd,84231000,FALSE,KL,KL,business_gst,32AAECM1277C1ZY,false,INR,1.000000000000,Compact 1,,,,,,Inventory Asset,,12750.00,Label Printing Scale Q9LBL,99381000002536240,Q9LBL,,,,,,1.00,0.00,0.00,1.00,nos,Cochin,entity_level,true,0.00,0.0,99381000000006208,GST18,18.00,2295.00,Tax Group,,goods,,,,12750.00,15517.00,0.00,Adjustment,0.00,0.000,,,,,,,,0,Due on Receipt,Cochin,C/O LOGIWIZ LOGISTICS INDIA PVT LTD,COCHIN,Kerala,India,683503,8803333444,,,,,,,,,,,,0.000,,,,,,,,,Shalima,ADVANCE
99381000005890019,2022-07-29,99381000000098082,Cochin,,PO-00202,,Billed,Meezan electronic scales Pvt Ltd,996819,FALSE,KL,KL,business_gst,32AAECM1277C1ZY,false,INR,1.000000000000,Compact 1,,,,,,Cost of Goods Sold,,400.00,Freight,99381000003152296,FREIGH,,,,,,1.00,0.00,0.00,1.00,Lumpsum,,entity_level,true,0.00,0.0,99381000000006208,GST18,18.00,72.00,Tax Group,,service,,,,400.00,15517.00,0.00,Adjustment,0.00,0.000,,,,,,,,0,Due on Receipt,Cochin,C/O LOGIWIZ LOGISTICS INDIA PVT LTD,COCHIN,Kerala,India,683503,8803333444,,,,,,,,,,,,0.000,,,,,,,,,Shalima,ADVANCE
99381000005960881,2022-08-08,99381000000098082,Cochin,,PO-00203,,Billed,Weighvox International FZE LLC,84239020,FALSE,,KL,overseas,,false,USD,79.630514000000,Compact 1,,,,,,Inventory Asset,,2.96,ATM JUNIOR FRONT DISPLAY (BI COLOR),99381000001991051,AJFDBC,,,,,,20.00,0.00,0.00,20.00,nos,Cochin,entity_level,true,0.00,0.0,,,,,,,goods,,,,59.20,180.40,0.00,Adjustment,0.00,0.000,,,,,,,,0,Due on Receipt,Cochin,C/O LOGIWIZ LOGISTICS INDIA PVT LTD,COCHIN,Kerala,India,683503,8803333444,,,,,,,,,,,,0.000,,,,,,,,,Shalima,100% Advance
99381000005960881,2022-08-08,99381000000098082,Cochin,,PO-00203,,Billed,Weighvox International FZE LLC,84239020,FALSE,,KL,overseas,,false,USD,79.630514000000,Compact 1,,,,,,Inventory Asset,,2.22,ATM PC FRONT DISPLAY BOARD,99381000000313049,APC206,,,,,,20.00,0.00,0.00,20.00,nos,Cochin,entity_level,true,0.00,0.0,,,,,,,goods,,,,44.40,180.40,0.00,Adjustment,0.00,0.000,,,,,,,,0,Due on Receipt,Cochin,C/O LOGIWIZ LOGISTICS INDIA PVT LTD,COCHIN,Kerala,India,683503,8803333444,,,,,,,,,,,,0.000,,,,,,,,,Shalima,100% Advance
99381000005960881,2022-08-08,99381000000098082,Cochin,,PO-00203,,Billed,Weighvox International FZE LLC,84239020,FALSE,,KL,overseas,,false,USD,79.630514000000,Compact 1,,,,,,Inventory Asset,,1.48,ATM/BENCH PC MOTHER BOARD,99381000000313080,BPC114,,,,,,20.00,0.00,0.00,20.00,nos,Cochin,entity_level,true,0.00,0.0,,,,,,,goods,,,,29.60,180.40,0.00,Adjustment,0.00,0.000,,,,,,,,0,Due on Receipt,Cochin,C/O LOGIWIZ LOGISTICS INDIA PVT LTD,COCHIN,Kerala,India,683503,8803333444,,,,,,,,,,,,0.000,,,,,,,,,Shalima,100% Advance
99381000005960881,2022-08-08,99381000000098082,Cochin,,PO-00203,,Billed,Weighvox International FZE LLC,84239020,FALSE,,KL,overseas,,false,USD,79.630514000000,Compact 1,,,,,,Inventory Asset,,1.18,ATM PC KEYPAD BOARD,99381000000313040,APC202,,,,,,20.00,0.00,0.00,20.00,nos,Cochin,entity_level,true,0.00,0.0,,,,,,,goods,,,,23.60,180.40,0.00,Adjustment,0.00,0.000,,,,,,,,0,Due on Receipt,Cochin,C/O LOGIWIZ LOGISTICS INDIA PVT LTD,COCHIN,Kerala,India,683503,8803333444,,,,,,,,,,,,0.000,,,,,,,,,Shalima,100% Advance
99381000005960881,2022-08-08,99381000000098082,Cochin,,PO-00203,,Billed,Weighvox International FZE LLC,84239020,FALSE,,KL,overseas,,false,USD,79.630514000000,Compact 1,,,,,,Inventory Asset,,1.18,Bench PC Keypad Board,99381000000542116,BPC102,,,,,,20.00,0.00,0.00,20.00,pcs,Cochin,entity_level,true,0.00,0.0,,,,,,,goods,,,,23.60,180.40,0.00,Adjustment,0.00,0.000,,,,,,,,0,Due on Receipt,Cochin,C/O LOGIWIZ LOGISTICS INDIA PVT LTD,COCHIN,Kerala,India,683503,8803333444,,,,,,,,,,,,0.000,,,,,,,,,Shalima,100% Advance
99381000005960908,2022-08-08,99381000000098082,Cochin,,PO-00204,,Partially Billed,Shanghai Yousheng Weighing Apparatus Co. Ltd.,84239020,FALSE,,KL,overseas,,false,USD,79.649542000000,Compact 1,,,,,,Inventory Asset,,1.00,ECS5W INTERFACE BOARD,99381000000306315,ECS812,,,,,,20.00,0.00,0.00,20.00,nos,Cochin,entity_level,true,0.00,0.0,,,,,,,goods,,,,20.00,910.00,0.00,Adjustment,0.00,0.000,,,,,,,,0,Due on Receipt,Cochin,C/O LOGIWIZ LOGISTICS INDIA PVT LTD,COCHIN,Kerala,India,683503,8803333444,,,,,,,,,,,,0.000,,,,,,,,,Shalima,ADVANCE PAYMENT
99381000005960908,2022-08-08,99381000000098082,Cochin,,PO-00204,,Partially Billed,Shanghai Yousheng Weighing Apparatus Co. Ltd.,84239020,FALSE,,KL,overseas,,false,USD,79.649542000000,Compact 1,,,,,,Inventory Asset,,1.00,ECS5W PRINTER CASE,99381000000306369,ECS806,,,,,,15.00,0.00,0.00,0.00,nos,Cochin,entity_level,true,0.00,0.0,,,,,,,goods,,,,15.00,910.00,0.00,Adjustment,0.00,0.000,,,,,,,,0,Due on Receipt,Cochin,C/O LOGIWIZ LOGISTICS INDIA PVT LTD,COCHIN,Kerala,India,683503,8803333444,,,,,,,,,,,,0.000,,,,,,,,,Shalima,ADVANCE PAYMENT
99381000005960908,2022-08-08,99381000000098082,Cochin,,PO-00204,,Partially Billed,Shanghai Yousheng Weighing Apparatus Co. Ltd.,84239020,FALSE,,KL,overseas,,false,USD,79.649542000000,Compact 1,,,,,,Inventory Asset,,10.00,Q8LBL Dot Matrix Display Set,99381000001073021,Q8602,,,,,,10.00,0.00,0.00,10.00,nos,Cochin,entity_level,true,0.00,0.0,,,,,,,goods,,,,100.00,910.00,0.00,Adjustment,0.00,0.000,,,,,,,,0,Due on Receipt,Cochin,C/O LOGIWIZ LOGISTICS INDIA PVT LTD,COCHIN,Kerala,India,683503,8803333444,,,,,,,,,,,,0.000,,,,,,,,,Shalima,ADVANCE PAYMENT
99381000005960908,2022-08-08,99381000000098082,Cochin,,PO-00204,,Partially Billed,Shanghai Yousheng Weighing Apparatus Co. Ltd.,84239020,FALSE,,KL,overseas,,false,USD,79.649542000000,Compact 1,,,,,,Inventory Asset,,29.00,ECS5W PRINTER ROLLER WITH HEAD,99381000002008253,ECS820,,,,,,20.00,0.00,0.00,20.00,nos,Cochin,entity_level,true,0.00,0.0,,,,,,,goods,,,,580.00,910.00,0.00,Adjustment,0.00,0.000,,,,,,,,0,Due on Receipt,Cochin,C/O LOGIWIZ LOGISTICS INDIA PVT LTD,COCHIN,Kerala,India,683503,8803333444,,,,,,,,,,,,0.000,,,,,,,,,Shalima,ADVANCE PAYMENT
99381000005960908,2022-08-08,99381000000098082,Cochin,,PO-00204,,Partially Billed,Shanghai Yousheng Weighing Apparatus Co. Ltd.,84239020,FALSE,,KL,overseas,,false,USD,79.649542000000,Compact 1,,,,,,Inventory Asset,,25.00,Printer Header,99381000002713256,ECR102,,,,,,5.00,0.00,0.00,5.00,nos,Cochin,entity_level,true,0.00,0.0,,,,,,,goods,,,,125.00,910.00,0.00,Adjustment,0.00,0.000,,,,,,,,0,Due on Receipt,Cochin,C/O LOGIWIZ LOGISTICS INDIA PVT LTD,COCHIN,Kerala,India,683503,8803333444,,,,,,,,,,,,0.000,,,,,,,,,Shalima,ADVANCE PAYMENT
99381000005960908,2022-08-08,99381000000098082,Cochin,,PO-00204,,Partially Billed,Shanghai Yousheng Weighing Apparatus Co. Ltd.,84239020,FALSE,,KL,overseas,,false,USD,79.649542000000,Compact 1,,,,,,Inventory Asset,,1.50,ECS5W KEYBOARD STICKER,99381000001663037,ECS825,,,,,,20.00,0.00,0.00,20.00,nos,Cochin,entity_level,true,0.00,0.0,,,,,,,goods,,,,30.00,910.00,0.00,Adjustment,0.00,0.000,,,,,,,,0,Due on Receipt,Cochin,C/O LOGIWIZ LOGISTICS INDIA PVT LTD,COCHIN,Kerala,India,683503,8803333444,,,,,,,,,,,,0.000,,,,,,,,,Shalima,ADVANCE PAYMENT
99381000005960908,2022-08-08,99381000000098082,Cochin,,PO-00204,,Partially Billed,Shanghai Yousheng Weighing Apparatus Co. Ltd.,84239020,FALSE,,KL,overseas,,false,USD,79.649542000000,Compact 1,,,,,,Inventory Asset,,0.50,ECS5W Pan support Leg,99381000005950275,ECS827,,,,,,80.00,0.00,0.00,80.00,nos,Cochin,entity_level,true,0.00,0.0,,,,,,,goods,,,,40.00,910.00,0.00,Adjustment,0.00,0.000,,,,,,,,0,Due on Receipt,Cochin,C/O LOGIWIZ LOGISTICS INDIA PVT LTD,COCHIN,Kerala,India,683503,8803333444,,,,,,,,,,,,0.000,,,,,,,,,Shalima,ADVANCE PAYMENT
99381000006024612,2022-08-17,99381000000098082,Cochin,,PO-00205,,Billed,SAFAL ENTERPRISE PVT. LTD.,84231000,FALSE,GJ,KL,business_gst,24ABFCS6034B1ZR,false,INR,1.000000000000,Compact 1,,,,,,Inventory Asset,,1100.00,Table Top Scale  220x170 ABS 6 Volt,99381000000562040,TTABS6V,,,,,Max : 20kg e:2gm Min: 40g Class III,100.00,0.00,0.00,100.00,nos,Cochin,entity_level,true,0.00,0.0,99381000000006196,IGST18,18.00,19800.00,ItemAmount,,goods,,,,110000.00,188800.00,0.00,Adjustment,0.00,0.000,,,,,,,,0,Due on Receipt,Cochin,C/O LOGIWIZ LOGISTICS INDIA PVT LTD,COCHIN,Kerala,India,683503,8803333444,,,,,,,,,,,,0.000,,,,,,,,,Shalima,1 Month Credit
99381000006024612,2022-08-17,99381000000098082,Cochin,,PO-00205,,Billed,SAFAL ENTERPRISE PVT. LTD.,84231000,FALSE,GJ,KL,business_gst,24ABFCS6034B1ZR,false,INR,1.000000000000,Compact 1,,,,,,Inventory Asset,,1000.00,Table Top Scale 220x170 ABS 4 Volt,99381000000349058,CH4VSF,,,,,Max :20kg e:2gm Min: 40g Class III,50.00,0.00,0.00,50.00,nos,Cochin,entity_level,true,0.00,0.0,99381000000006196,IGST18,18.00,9000.00,ItemAmount,,goods,,,,50000.00,188800.00,0.00,Adjustment,0.00,0.000,,,,,,,,0,Due on Receipt,Cochin,C/O LOGIWIZ LOGISTICS INDIA PVT LTD,COCHIN,Kerala,India,683503,8803333444,,,,,,,,,,,,0.000,,,,,,,,,Shalima,1 Month Credit
99381000006073015,2022-08-23,99381000003083031,Head Office,,PO-00206,,Billed,NOVA SCALES,84239020,FALSE,KA,KL,business_gst,29BUEPS5447J1ZZ,false,INR,1.000000000000,Compact 1,,,,,,Inventory Asset,,450.00,Shearbeam Loadcell 1000kg,99381000002008154,SBLC1T,,,,,,120.00,0.00,0.00,120.00,nos,Head Office,entity_level,true,0.00,0.0,99381000000006196,IGST18,18.00,9720.00,ItemAmount,,goods,,,,54000.00,101952.00,0.00,Adjustment,0.00,0.000,,,,,,,,0,Due on Receipt,Vytila-COK," 49/468A, CITY CENTER 2ND FLOOR VYTTILA ",COCHIN,Kerala,India,,8803333444,,,,,,,,,,,,0.000,,,,,,,,,Teslin,advanced
99381000006073015,2022-08-23,99381000003083031,Head Office,,PO-00206,,Billed,NOVA SCALES,84239020,FALSE,KA,KL,business_gst,29BUEPS5447J1ZZ,false,INR,1.000000000000,Compact 1,,,,,,Inventory Asset,,450.00,Shearbeam Loadcell 500 kg,99381000002008145,SLK500,,,,,,72.00,0.00,0.00,72.00,nos,Head Office,entity_level,true,0.00,0.0,99381000000006196,IGST18,18.00,5832.00,ItemAmount,,goods,,,,32400.00,101952.00,0.00,Adjustment,0.00,0.000,,,,,,,,0,Due on Receipt,Vytila-COK," 49/468A, CITY CENTER 2ND FLOOR VYTTILA ",COCHIN,Kerala,India,,8803333444,,,,,,,,,,,,0.000,,,,,,,,,Teslin,advanced
99381000006107073,2022-08-26,99381000003083031,Head Office,,PO-00207,,Billed,SREEKRISHNA TRADERS,85068090,FALSE,KL,KL,business_gst,32AECFS0538R1ZR,false,INR,1.000000000000,Compact 1,,,,,,Inventory Asset,,160.16,ATM PC / BENCH PC BATTERY 4V  4.5AH,99381000000691252,APC209,,,,,,100.00,0.00,0.00,100.00,nos,Head Office,entity_level,true,0.00,0.0,99381000000006224,GST28,28.00,4484.48,Tax Group,,goods,,,,16016.00,20500.00,-0.48,Adjustment,0.00,0.000,,,,,,,,0,Due on Receipt,Vytila-COK," 49/468A, CITY CENTER 2ND FLOOR VYTTILA ",COCHIN,Kerala,India,,8803333444,,,,,,,,,,,,0.000,,,,,,,,,Teslin,advance
99381000006107262,2022-08-26,99381000003083031,Head Office,,PO-00208,,Billed,BREVERA TECHNOLOGIES PRIVATE LIMITED,84239020,FALSE,KA,KL,business_gst,29AAFCB7108Q1Z4,false,INR,1.000000000000,Compact 1,,,,,,Inventory Asset,,152.00,CHOTTU MOTHERBOARD - 99MB 6V,99381000001165607,CH602,,,,,,200.00,0.00,0.00,200.00,nos,Head Office,entity_level,true,0.00,0.0,99381000000006196,IGST18,18.00,5472.00,ItemAmount,,goods,,,,30400.00,36155.00,-0.20,Adjustment,0.00,0.000,,,,,,,,0,Due on Receipt,Vytila-COK," 49/468A, CITY CENTER 2ND FLOOR VYTTILA ",COCHIN,Kerala,India,,8803333444,,,,,,,,,,,,0.000,,,,,,,,,Teslin,ADVANCE
99381000006107262,2022-08-26,99381000003083031,Head Office,,PO-00208,,Billed,BREVERA TECHNOLOGIES PRIVATE LIMITED,996819,FALSE,KA,KL,business_gst,29AAFCB7108Q1Z4,false,INR,1.000000000000,Compact 1,,,,,,Cost of Goods Sold,,240.00,Freight,99381000003152296,FREIGH,,,,,,1.00,0.00,0.00,1.00,Lumpsum,,entity_level,true,0.00,0.0,99381000000006196,IGST18,18.00,43.20,ItemAmount,,service,,,,240.00,36155.00,-0.20,Adjustment,0.00,0.000,,,,,,,,0,Due on Receipt,Vytila-COK," 49/468A, CITY CENTER 2ND FLOOR VYTTILA ",COCHIN,Kerala,India,,8803333444,,,,,,,,,,,,0.000,,,,,,,,,Teslin,ADVANCE
99381000006174221,2022-09-02,99381000000098082,Cochin,,PO-00209,,Partially Billed,Zhejiang Sifang Import and Export Co. Ltd,84231000,FALSE,,KL,overseas,,false,USD,79.782990000000,Compact 1,,,,,,Inventory Asset,,19.00,PLATFORM SCALE-BENCH (G),99381000002790630,YS50GY,,,,,"Make: YESWEIGH  Model:YSP-50
Max:50kg  e:5g  Min:100g  Class:III",1040.00,0.00,0.00,872.00,nos,Cochin,entity_level,true,0.00,0.0,,,,,,,goods,,,,19760.00,47010.00,0.00,Adjustment,0.00,0.000,,,,,,,,0,Due on Receipt,Cochin,C/O LOGIWIZ LOGISTICS INDIA PVT LTD,COCHIN,Kerala,India,683503,8803333444,,,,,,,,,,,,0.000,,,,,,,,,Shalima,15000$ As advance
99381000006174221,2022-09-02,99381000000098082,Cochin,,PO-00209,,Partially Billed,Zhejiang Sifang Import and Export Co. Ltd,84238190,FALSE,,KL,overseas,,false,USD,79.782990000000,Compact 1,,,,,,Inventory Asset,,19.00,PLATFORM SCALE - BENCH(O),99381000006174206,YS50GO,,,,,Max:50kg e:5g Min:100g Class:III,1000.00,0.00,0.00,964.00,nos,Cochin,entity_level,true,0.00,0.0,,,,,,,goods,,,,19000.00,47010.00,0.00,Adjustment,0.00,0.000,,,,,,,,0,Due on Receipt,Cochin,C/O LOGIWIZ LOGISTICS INDIA PVT LTD,COCHIN,Kerala,India,683503,8803333444,,,,,,,,,,,,0.000,,,,,,,,,Shalima,15000$ As advance
99381000006174221,2022-09-02,99381000000098082,Cochin,,PO-00209,,Partially Billed,Zhejiang Sifang Import and Export Co. Ltd,84238190,FALSE,,KL,overseas,,false,USD,79.782990000000,Compact 1,,,,,,Inventory Asset,,16.50,PRICE COMPUTING SCALE - GOLD,99381000006684037,ATMGL,,,,,"Make: YESWEIGH Model:YSP-30
Max:20kg e:2g Min:40g Class:III",500.00,0.00,0.00,500.00,nos,Cochin,entity_level,true,0.00,0.0,,,,,,,goods,,,,8250.00,47010.00,0.00,Adjustment,0.00,0.000,,,,,,,,0,Due on Receipt,Cochin,C/O LOGIWIZ LOGISTICS INDIA PVT LTD,COCHIN,Kerala,India,683503,8803333444,,,,,,,,,,,,0.000,,,,,,,,,Shalima,15000$ As advance
99381000006175017,2022-09-02,99381000000098082,Cochin,,PO-00210,,Billed,Shanghai Yousheng Weighing Apparatus Co. Ltd.,84231000,FALSE,,KL,overseas,,false,USD,79.789356000000,Compact 1,,,,,,Inventory Asset,,120.00,Label Printing scale Q9,99381000000735165,TMAQ9,,,,,,160.00,0.00,0.00,160.00,nos,Cochin,entity_level,true,0.00,0.0,,,,,,,goods,,,,19200.00,53930.00,0.00,Adjustment,0.00,0.000,,,,,,,,0,Due on Receipt,Cochin,C/O LOGIWIZ LOGISTICS INDIA PVT LTD,COCHIN,Kerala,India,683503,8803333444,,,,,,,,,,,,0.000,,,,,,,,,Shalima,15000 $ as advance 
99381000006175017,2022-09-02,99381000000098082,Cochin,,PO-00210,,Billed,Shanghai Yousheng Weighing Apparatus Co. Ltd.,84238190,FALSE,,KL,overseas,,false,USD,79.789356000000,Compact 1,,,,,,Inventory Asset,,155.00,LABEL PRINTING SCALE Q10,99381000006174108,Q10LBL,,,,,"Make: YESWEIGH Model: YS LBL
Max: 30kg e:5g Min: 100g",40.00,0.00,0.00,40.00,nos,Cochin,entity_level,true,0.00,0.0,,,,,,,goods,,,,6200.00,53930.00,0.00,Adjustment,0.00,0.000,,,,,,,,0,Due on Receipt,Cochin,C/O LOGIWIZ LOGISTICS INDIA PVT LTD,COCHIN,Kerala,India,683503,8803333444,,,,,,,,,,,,0.000,,,,,,,,,Shalima,15000 $ as advance 
99381000006175017,2022-09-02,99381000000098082,Cochin,,PO-00210,,Billed,Shanghai Yousheng Weighing Apparatus Co. Ltd.,84231000,FALSE,,KL,overseas,,false,USD,79.789356000000,Compact 1,,,,,,Inventory Asset,,120.00,Bill Printing scale Q8POS,99381000000011617,ECS5W,,,,,SKU : ECS Q8,180.00,0.00,0.00,180.00,nos,Cochin,entity_level,true,0.00,0.0,,,,,,,goods,,,,21600.00,53930.00,0.00,Adjustment,0.00,0.000,,,,,,,,0,Due on Receipt,Cochin,C/O LOGIWIZ LOGISTICS INDIA PVT LTD,COCHIN,Kerala,India,683503,8803333444,,,,,,,,,,,,0.000,,,,,,,,,Shalima,15000 $ as advance 
99381000006175017,2022-09-02,99381000000098082,Cochin,,PO-00210,,Billed,Shanghai Yousheng Weighing Apparatus Co. Ltd.,84238190,FALSE,,KL,overseas,,false,USD,79.789356000000,Compact 1,,,,,,Inventory Asset,,135.00,Bill Printing scale Q10POS,99381000006174123,ECSQ10,,,,,Make:YESWEIGH Model:YS-30 Max:30kg e:5g Min:100g Class:III,20.00,0.00,0.00,20.00,nos,Cochin,entity_level,true,0.00,0.0,,,,,,,goods,,,,2700.00,53930.00,0.00,Adjustment,0.00,0.000,,,,,,,,0,Due on Receipt,Cochin,C/O LOGIWIZ LOGISTICS INDIA PVT LTD,COCHIN,Kerala,India,683503,8803333444,,,,,,,,,,,,0.000,,,,,,,,,Shalima,15000 $ as advance 
99381000006175017,2022-09-02,99381000000098082,Cochin,,PO-00210,,Billed,Shanghai Yousheng Weighing Apparatus Co. Ltd.,84238190,FALSE,,KL,overseas,,false,USD,79.789356000000,Compact 1,,,,,,Inventory Asset,,290.00,HANGING SCALE TMA,99381000006174164,HGLBL,,,,,Capacity : 30kg/5g,5.00,0.00,0.00,5.00,nos,Cochin,entity_level,true,0.00,0.0,,,,,,,goods,,,,1450.00,53930.00,0.00,Adjustment,0.00,0.000,,,,,,,,0,Due on Receipt,Cochin,C/O LOGIWIZ LOGISTICS INDIA PVT LTD,COCHIN,Kerala,India,683503,8803333444,,,,,,,,,,,,0.000,,,,,,,,,Shalima,15000 $ as advance 
99381000006175017,2022-09-02,99381000000098082,Cochin,,PO-00210,,Billed,Shanghai Yousheng Weighing Apparatus Co. Ltd.,84231000,FALSE,,KL,overseas,,false,USD,79.789356000000,Compact 1,,,,,,Inventory Asset,,85.00,Analytical Balance 220g/1 mg,99381000000205935,BSM2203,,,,,,20.00,0.00,0.00,20.00,nos,Cochin,entity_level,true,0.00,0.0,,,,,,,goods,,,,1700.00,53930.00,0.00,Adjustment,0.00,0.000,,,,,,,,0,Due on Receipt,Cochin,C/O LOGIWIZ LOGISTICS INDIA PVT LTD,COCHIN,Kerala,India,683503,8803333444,,,,,,,,,,,,0.000,,,,,,,,,Shalima,15000 $ as advance 
99381000006175017,2022-09-02,99381000000098082,Cochin,,PO-00210,,Billed,Shanghai Yousheng Weighing Apparatus Co. Ltd.,84238190,FALSE,,KL,overseas,,false,USD,79.789356000000,Compact 1,,,,,,Inventory Asset,,180.00,PALLET SCALE,99381000006174179,PSC,,,,,Capacity : 2.5T/0.5kg,6.00,0.00,0.00,6.00,nos,Cochin,entity_level,true,0.00,0.0,,,,,,,goods,,,,1080.00,53930.00,0.00,Adjustment,0.00,0.000,,,,,,,,0,Due on Receipt,Cochin,C/O LOGIWIZ LOGISTICS INDIA PVT LTD,COCHIN,Kerala,India,683503,8803333444,,,,,,,,,,,,0.000,,,,,,,,,Shalima,15000 $ as advance 
99381000006173013,2022-09-02,99381000000098082,Cochin,,PO-00211,,Billed,Weighvox International FZE LLC,84238290,FALSE,,KL,overseas,,false,USD,79.853070000000,Compact 1,,,,,,Inventory Asset,,34.65,Platform Scale Full SS,99381000004179819,YS5010SS,,,,,Capacity :50kg/5g Double display(LED) Size 30*34 Full SS,200.00,0.00,0.00,200.00,nos,Cochin,entity_level,true,0.00,0.0,,,,,,,goods,,,,6930.00,45730.78,-0.02,Adjustment,0.00,0.000,,,,,,,,0,Due on Receipt,Cochin,C/O LOGIWIZ LOGISTICS INDIA PVT LTD,COCHIN,Kerala,India,683503,8803333444,,,,,,,,,,,,0.000,,,,,,,,,Shalima,Fully paid
99381000006173013,2022-09-02,99381000000098082,Cochin,,PO-00211,,Billed,Weighvox International FZE LLC,84238290,FALSE,,KL,overseas,,false,USD,79.853070000000,Compact 1,,,,,,Inventory Asset,,17.85,PLATFORM PRICE COMPUTING SCALE (RED),99381000005432019,GR2204R,,,,,"Make: YESWEIGH Model:YSP-50
Max:50kg e:5g Min:100g Class:III
Display : Red",940.00,0.00,0.00,940.00,nos,Cochin,entity_level,true,0.00,0.0,,,,,,,goods,,,,16779.00,45730.78,-0.02,Adjustment,0.00,0.000,,,,,,,,0,Due on Receipt,Cochin,C/O LOGIWIZ LOGISTICS INDIA PVT LTD,COCHIN,Kerala,India,683503,8803333444,,,,,,,,,,,,0.000,,,,,,,,,Shalima,Fully paid
99381000006173013,2022-09-02,99381000000098082,Cochin,,PO-00211,,Billed,Weighvox International FZE LLC,84238190,FALSE,,KL,overseas,,false,USD,79.853070000000,Compact 1,,,,,,Inventory Asset,,15.65,ECONOMIC BENCH MS,99381000006175159,BY5039,,,,,"Size : 30*34 Max: 50kg e: 5g
Dual display, LED RED display,Foldable platform",652.00,0.00,0.00,652.00,nos,Cochin,entity_level,true,0.00,0.0,,,,,,,goods,,,,10203.80,45730.78,-0.02,Adjustment,0.00,0.000,,,,,,,,0,Due on Receipt,Cochin,C/O LOGIWIZ LOGISTICS INDIA PVT LTD,COCHIN,Kerala,India,683503,8803333444,,,,,,,,,,,,0.000,,,,,,,,,Shalima,Fully paid
99381000006173013,2022-09-02,99381000000098082,Cochin,,PO-00211,,Billed,Weighvox International FZE LLC,84238290,FALSE,,KL,overseas,,false,USD,79.853070000000,Compact 1,,,,,,Inventory Asset,,16.65,Price Computing Scale with Pole-Green,99381000005338212,ATMPCPBY828B,,,,,Make :YESWEIGH  Capacity : 30kg/5g Display : Green,300.00,0.00,0.00,300.00,nos,Cochin,entity_level,true,0.00,0.0,,,,,,,goods,,,,4995.00,45730.78,-0.02,Adjustment,0.00,0.000,,,,,,,,0,Due on Receipt,Cochin,C/O LOGIWIZ LOGISTICS INDIA PVT LTD,COCHIN,Kerala,India,683503,8803333444,,,,,,,,,,,,0.000,,,,,,,,,Shalima,Fully paid
99381000006173013,2022-09-02,99381000000098082,Cochin,,PO-00211,,Billed,Weighvox International FZE LLC,84239020,FALSE,,KL,overseas,,false,USD,79.853070000000,Compact 1,,,,,,Inventory Asset,,99.00,FLOOR SCALE WITH INDICATOR,99381000006175184,DY8037,,,,,Make: YES WEIGH Model:YSP-1000 Max:1000kg e:100g Min:2kg Class:III,10.00,0.00,0.00,10.00,nos,Cochin,entity_level,true,0.00,0.0,,,,,,,goods,,,,990.00,45730.78,-0.02,Adjustment,0.00,0.000,,,,,,,,0,Due on Receipt,Cochin,C/O LOGIWIZ LOGISTICS INDIA PVT LTD,COCHIN,Kerala,India,683503,8803333444,,,,,,,,,,,,0.000,,,,,,,,,Shalima,Fully paid
99381000006173013,2022-09-02,99381000000098082,Cochin,,PO-00211,,Billed,Weighvox International FZE LLC,84239020,FALSE,,KL,overseas,,false,USD,79.853070000000,Compact 1,,,,,,Inventory Asset,,29.00,ELECTRONIC WEIGHING SCALE 600.81g/10mg,99381000005907086,JW600,,,,,Capacity : 600.81g/10mg Display : Green,32.00,0.00,0.00,32.00,nos,Cochin,entity_level,true,0.00,0.0,,,,,,,goods,,,,928.00,45730.78,-0.02,Adjustment,0.00,0.000,,,,,,,,0,Due on Receipt,Cochin,C/O LOGIWIZ LOGISTICS INDIA PVT LTD,COCHIN,Kerala,India,683503,8803333444,,,,,,,,,,,,0.000,,,,,,,,,Shalima,Fully paid
99381000006173013,2022-09-02,99381000000098082,Cochin,,PO-00211,,Billed,Weighvox International FZE LLC,84239020,FALSE,,KL,overseas,,false,USD,79.853070000000,Compact 1,,,,,,Inventory Asset,,35.00,ELECTRONIC WEIGHING SCALE 2000.81g/10mg,99381000005907101,JW2000,,,,,Capacity : 2000.81g/10mg Display : Green,8.00,0.00,0.00,8.00,nos,Cochin,entity_level,true,0.00,0.0,,,,,,,goods,,,,280.00,45730.78,-0.02,Adjustment,0.00,0.000,,,,,,,,0,Due on Receipt,Cochin,C/O LOGIWIZ LOGISTICS INDIA PVT LTD,COCHIN,Kerala,India,683503,8803333444,,,,,,,,,,,,0.000,,,,,,,,,Shalima,Fully paid
99381000006173013,2022-09-02,99381000000098082,Cochin,,PO-00211,,Billed,Weighvox International FZE LLC,84239020,FALSE,,KL,overseas,,false,USD,79.853070000000,Compact 1,,,,,,Inventory Asset,,8.00,IRON SEALING MACHINE 20CM,99381000005907116,SM20,,,,,,50.00,0.00,0.00,50.00,nos,Cochin,entity_level,true,0.00,0.0,,,,,,,goods,,,,400.00,45730.78,-0.02,Adjustment,0.00,0.000,,,,,,,,0,Due on Receipt,Cochin,C/O LOGIWIZ LOGISTICS INDIA PVT LTD,COCHIN,Kerala,India,683503,8803333444,,,,,,,,,,,,0.000,,,,,,,,,Shalima,Fully paid
99381000006173013,2022-09-02,99381000000098082,Cochin,,PO-00211,,Billed,Weighvox International FZE LLC,84239020,FALSE,,KL,overseas,,false,USD,79.853070000000,Compact 1,,,,,,Inventory Asset,,10.50,IRON SEALING MACHINE 30CM,99381000005907131,SM30,,,,,,50.00,0.00,0.00,50.00,nos,Cochin,entity_level,true,0.00,0.0,,,,,,,goods,,,,525.00,45730.78,-0.02,Adjustment,0.00,0.000,,,,,,,,0,Due on Receipt,Cochin,C/O LOGIWIZ LOGISTICS INDIA PVT LTD,COCHIN,Kerala,India,683503,8803333444,,,,,,,,,,,,0.000,,,,,,,,,Shalima,Fully paid
99381000006173013,2022-09-02,99381000000098082,Cochin,,PO-00211,,Billed,Weighvox International FZE LLC,84238290,FALSE,,KL,overseas,,false,USD,79.853070000000,Compact 1,,,,,,Inventory Asset,,18.50,Price Computing scale -W,99381000006409443,DY798,,,,,"Make: YESWEIGH Model: YSP 30
Max:20kg e:2g Min:40g Class:III",200.00,0.00,0.00,200.00,nos,Cochin,entity_level,true,0.00,0.0,,,,,,,goods,,,,3700.00,45730.78,-0.02,Adjustment,0.00,0.000,,,,,,,,0,Due on Receipt,Cochin,C/O LOGIWIZ LOGISTICS INDIA PVT LTD,COCHIN,Kerala,India,683503,8803333444,,,,,,,,,,,,0.000,,,,,,,,,Shalima,Fully paid
99381000006195033,2022-09-06,99381000000098082,Cochin,,PO-00212,PRM-0017,Billed,Weighvox International FZE LLC,90160020,FALSE,,KL,overseas,,false,USD,79.872204000000,Compact 1,PRM-0017,,,,,Inventory Asset,,175.00,Analytical Balance 200g/0.0001g -External,99381000003934056,YSA204E,,,,,Model :YSA  SKU : YSA 2004E,75.00,0.00,0.00,75.00,nos,Cochin,entity_level,true,0.00,0.0,,,,,,,goods,,,,13125.00,24452.00,0.00,Adjustment,0.00,0.000,,,,,,,,0,Due on Receipt,Cochin,C/O LOGIWIZ LOGISTICS INDIA PVT LTD,COCHIN,Kerala,India,683503,8803333444,,,,,,,,,,,,0.000,,,,,,,,,Shalima,Advance 30000$ paid
99381000006195033,2022-09-06,99381000000098082,Cochin,,PO-00212,PRM-0017,Billed,Weighvox International FZE LLC,90160020,FALSE,,KL,overseas,,false,USD,79.872204000000,Compact 1,PRM-0017,,,,,Inventory Asset,,200.00,Analytical Balance 200g/0.0001g - Internal,99381000003934065,YSA204I,,,,, Max : 200g Min : 100mg e: 1mg        d : 0.1mg Model :YSA ,25.00,0.00,0.00,25.00,nos,Cochin,entity_level,true,0.00,0.0,,,,,,,goods,,,,5000.00,24452.00,0.00,Adjustment,0.00,0.000,,,,,,,,0,Due on Receipt,Cochin,C/O LOGIWIZ LOGISTICS INDIA PVT LTD,COCHIN,Kerala,India,683503,8803333444,,,,,,,,,,,,0.000,,,,,,,,,Shalima,Advance 30000$ paid
99381000006195033,2022-09-06,99381000000098082,Cochin,,PO-00212,PRM-0017,Billed,Weighvox International FZE LLC,84238190,FALSE,,KL,overseas,,false,USD,79.872204000000,Compact 1,PRM-0017,,,,,Inventory Asset,,65.00,Precision Balance JA203P (210g/0.001g),99381000009540124,YSA213P,,,,,Max : 210g Min : 100mg e: 1mg d : 1mg  Class : I Model :YSA,40.00,0.00,0.00,40.00,nos,Cochin,entity_level,true,0.00,0.0,,,,,,,goods,,,,2600.00,24452.00,0.00,Adjustment,0.00,0.000,,,,,,,,0,Due on Receipt,Cochin,C/O LOGIWIZ LOGISTICS INDIA PVT LTD,COCHIN,Kerala,India,683503,8803333444,,,,,,,,,,,,0.000,,,,,,,,,Shalima,Advance 30000$ paid
99381000006195033,2022-09-06,99381000000098082,Cochin,,PO-00212,PRM-0017,Billed,Weighvox International FZE LLC,84238190,FALSE,,KL,overseas,,false,USD,79.872204000000,Compact 1,PRM-0017,,,,,Inventory Asset,,35.00,Jwellery Scale XY600-2C (610g/0.01g),99381000009540143,YSJ612C,,,,,Max : 610g Min : 200mg e: 10mg d : 10mg Class : II Model :YSJ,50.00,0.00,0.00,50.00,nos,Cochin,entity_level,true,0.00,0.0,,,,,,,goods,,,,1750.00,24452.00,0.00,Adjustment,0.00,0.000,,,,,,,,0,Due on Receipt,Cochin,C/O LOGIWIZ LOGISTICS INDIA PVT LTD,COCHIN,Kerala,India,683503,8803333444,,,,,,,,,,,,0.000,,,,,,,,,Shalima,Advance 30000$ paid
99381000006195033,2022-09-06,99381000000098082,Cochin,,PO-00212,PRM-0017,Billed,Weighvox International FZE LLC,84238190,FALSE,,KL,overseas,,false,USD,79.872204000000,Compact 1,PRM-0017,,,,,Inventory Asset,,71.00,Jwellery Scale XY3000-2C (3100g/0.01g),99381000009540162,YSJ3102C,,,,,Max : 3100g Min : 200mg e: 10mg d : 10mg Class II Model :YSJ,10.00,0.00,0.00,10.00,nos,Cochin,entity_level,true,0.00,0.0,,,,,,,goods,,,,710.00,24452.00,0.00,Adjustment,0.00,0.000,,,,,,,,0,Due on Receipt,Cochin,C/O LOGIWIZ LOGISTICS INDIA PVT LTD,COCHIN,Kerala,India,683503,8803333444,,,,,,,,,,,,0.000,,,,,,,,,Shalima,Advance 30000$ paid
99381000006195033,2022-09-06,99381000000098082,Cochin,,PO-00212,PRM-0017,Billed,Weighvox International FZE LLC,84238190,FALSE,,KL,overseas,,false,USD,79.872204000000,Compact 1,PRM-0017,,,,,Inventory Asset,,231.00,Precision Balance JA603 (600g/0.001g),99381000009540231,YSA603JA,,,,,Max : 600g Min : 100mg e: 1mg d : 1mg Class : I Model :YSA,2.00,0.00,0.00,2.00,nos,Cochin,entity_level,true,0.00,0.0,,,,,,,goods,,,,462.00,24452.00,0.00,Adjustment,0.00,0.000,,,,,,,,0,Due on Receipt,Cochin,C/O LOGIWIZ LOGISTICS INDIA PVT LTD,COCHIN,Kerala,India,683503,8803333444,,,,,,,,,,,,0.000,,,,,,,,,Shalima,Advance 30000$ paid
99381000006195033,2022-09-06,99381000000098082,Cochin,,PO-00212,PRM-0017,Billed,Weighvox International FZE LLC,84238190,FALSE,,KL,overseas,,false,USD,79.872204000000,Compact 1,PRM-0017,,,,,Inventory Asset,,575.00,Moisture Analyzer  XY100MW (110g/0.001g),99381000009540189,YSJ100MW,,,,,"Max : 110g, Min : 100mg e: 1mg d: 1mg Class : I",1.00,0.00,0.00,1.00,nos,Cochin,entity_level,true,0.00,0.0,,,,,,,goods,,,,575.00,24452.00,0.00,Adjustment,0.00,0.000,,,,,,,,0,Due on Receipt,Cochin,C/O LOGIWIZ LOGISTICS INDIA PVT LTD,COCHIN,Kerala,India,683503,8803333444,,,,,,,,,,,,0.000,,,,,,,,,Shalima,Advance 30000$ paid
99381000006195033,2022-09-06,99381000000098082,Cochin,,PO-00212,PRM-0017,Billed,Weighvox International FZE LLC,84238190,FALSE,,KL,overseas,,false,USD,79.872204000000,Compact 1,PRM-0017,,,,,Inventory Asset,,115.00,Density Balance X600-2CM (610g/0.01g),99381000009540208,YSJ612CM,,,,,"Max : 610g, Min : 200mg e: 10mg d: 10mg Class : II",2.00,0.00,0.00,2.00,nos,Cochin,entity_level,true,0.00,0.0,,,,,,,goods,,,,230.00,24452.00,0.00,Adjustment,0.00,0.000,,,,,,,,0,Due on Receipt,Cochin,C/O LOGIWIZ LOGISTICS INDIA PVT LTD,COCHIN,Kerala,India,683503,8803333444,,,,,,,,,,,,0.000,,,,,,,,,Shalima,Advance 30000$ paid
99381000006252144,2022-04-20,99381000000098082,Cochin,,PO-00213,,Billed,Weighvox International FZE LLC,84238290,FALSE,,KL,overseas,,false,USD,76.277651000000,Compact 1,,,,,,Inventory Asset,,12.00,Platform Weighing Scale(D-FG),99381000007010001,DY5030FG,,,,,,980.00,0.00,0.00,980.00,nos,Cochin,entity_level,true,0.00,0.0,,,,,,,goods,,,,11760.00,32927.55,0.00,Adjustment,0.00,0.000,,,,,,,,0,Due on Receipt,Cochin,C/O LOGIWIZ LOGISTICS INDIA PVT LTD,COCHIN,Kerala,India,683503,8803333444,,,,,,,,,,,,0.000,,,,,,,,,Shalima,100% advance
99381000006252144,2022-04-20,99381000000098082,Cochin,,PO-00213,,Billed,Weighvox International FZE LLC,84238190,FALSE,,KL,overseas,,false,USD,76.277651000000,Compact 1,,,,,,Inventory Asset,,12.00,PLATFORM SCALE (GGP),99381000006175144,DY5030GGP,,,,,,1000.00,0.00,0.00,1000.00,nos,Cochin,entity_level,true,0.00,0.0,,,,,,,goods,,,,12000.00,32927.55,0.00,Adjustment,0.00,0.000,,,,,,,,0,Due on Receipt,Cochin,C/O LOGIWIZ LOGISTICS INDIA PVT LTD,COCHIN,Kerala,India,683503,8803333444,,,,,,,,,,,,0.000,,,,,,,,,Shalima,100% advance
99381000006252144,2022-04-20,99381000000098082,Cochin,,PO-00213,,Billed,Weighvox International FZE LLC,84238290,FALSE,,KL,overseas,,false,USD,76.277651000000,Compact 1,,,,,,Inventory Asset,,16.65,Price Computing Scale with Pole-Green,99381000005338212,ATMPCPBY828B,,,,,Make :YESWEIGH  Capacity : 30kg/5g Display : Green,500.00,0.00,0.00,500.00,nos,Cochin,entity_level,true,0.00,0.0,,,,,,,goods,,,,8325.00,32927.55,0.00,Adjustment,0.00,0.000,,,,,,,,0,Due on Receipt,Cochin,C/O LOGIWIZ LOGISTICS INDIA PVT LTD,COCHIN,Kerala,India,683503,8803333444,,,,,,,,,,,,0.000,,,,,,,,,Shalima,100% advance
99381000006252144,2022-04-20,99381000000098082,Cochin,,PO-00213,,Billed,Weighvox International FZE LLC,84239020,FALSE,,KL,overseas,,false,USD,76.277651000000,Compact 1,,,,,,Inventory Asset,,210.637,Spare Parts,99381000001847007,SPARE,,,,,,4.00,0.00,0.00,4.00,box,Cochin,entity_level,true,0.00,0.0,,,,,,,goods,,,,842.55,32927.55,0.00,Adjustment,0.00,0.000,,,,,,,,0,Due on Receipt,Cochin,C/O LOGIWIZ LOGISTICS INDIA PVT LTD,COCHIN,Kerala,India,683503,8803333444,,,,,,,,,,,,0.000,,,,,,,,,Shalima,100% advance
99381000006246528,2022-09-16,99381000003083031,Head Office,,PO-00214,,Billed,V H ENTERPRISE,84239020,FALSE,GJ,KL,business_gst,24AYOPS5704K1ZY,false,INR,1.000000000000,Compact 1,,,,,,Inventory Asset,,2.29,ON/OFF SWITCH,99381000002008051,SWITCH,,,,,,1000.00,0.00,0.00,1000.00,nos,Head Office,entity_level,true,0.00,0.0,99381000000006196,IGST18,18.00,412.20,ItemAmount,,goods,,,,2290.00,27181.30,0.00,Adjustment,0.00,0.000,,,,,,,,0,Due on Receipt,Vytila-COK," 49/468A, CITY CENTER 2ND FLOOR VYTTILA ",COCHIN,Kerala,India,,8803333444,,,,,,,,,,,,0.000,,,,,,,,,Teslin,advance
99381000006246528,2022-09-16,99381000003083031,Head Office,,PO-00214,,Billed,V H ENTERPRISE,84239020,FALSE,GJ,KL,business_gst,24AYOPS5704K1ZY,false,INR,1.000000000000,Compact 1,,,,,,Inventory Asset,,33.50,AC Cord wire CPU Cord(3 yard),99381000002008032,CW3X3,,,,,,500.00,0.00,0.00,500.00,nos,Head Office,entity_level,true,0.00,0.0,99381000000006196,IGST18,18.00,3015.00,ItemAmount,,goods,,,,16750.00,27181.30,0.00,Adjustment,0.00,0.000,,,,,,,,0,Due on Receipt,Vytila-COK," 49/468A, CITY CENTER 2ND FLOOR VYTTILA ",COCHIN,Kerala,India,,8803333444,,,,,,,,,,,,0.000,,,,,,,,,Teslin,advance
99381000006246528,2022-09-16,99381000003083031,Head Office,,PO-00214,,Billed,V H ENTERPRISE,84239020,FALSE,GJ,KL,business_gst,24AYOPS5704K1ZY,false,INR,1.000000000000,Compact 1,,,,,,Inventory Asset,,7.99,Push Tare Switch Normal Type,99381000002008073,PTSNR,,,,,,500.00,0.00,0.00,500.00,nos,Head Office,entity_level,true,0.00,0.0,99381000000006196,IGST18,18.00,719.10,ItemAmount,,goods,,,,3995.00,27181.30,0.00,Adjustment,0.00,0.000,,,,,,,,0,Due on Receipt,Vytila-COK," 49/468A, CITY CENTER 2ND FLOOR VYTTILA ",COCHIN,Kerala,India,,8803333444,,,,,,,,,,,,0.000,,,,,,,,,Teslin,advance
99381000006258068,2022-09-19,99381000000098082,Cochin,,PO-00215,,Billed,SAFAL ENTERPRISE PVT. LTD.,84231000,FALSE,GJ,KL,business_gst,24ABFCS6034B1ZR,false,INR,1.000000000000,Compact 1,,,,,,Inventory Asset,,1000.00,Table Top Scale 220x170 ABS 4 Volt,99381000000349058,CH4VSF,,,,,Max :20kg e:2gm Min: 40g Class III,100.00,0.00,0.00,100.00,nos,Cochin,entity_level,true,0.00,0.0,99381000000006196,IGST18,18.00,18000.00,ItemAmount,,goods,,,,100000.00,206500.00,0.00,Adjustment,0.00,0.000,,,,,,,,0,Due on Receipt,Cochin,C/O LOGIWIZ LOGISTICS INDIA PVT LTD,COCHIN,Kerala,India,683503,8803333444,,,,,,,,,,,,0.000,,,,,,,,,Shalima,One Month Credit
99381000006258068,2022-09-19,99381000000098082,Cochin,,PO-00215,,Billed,SAFAL ENTERPRISE PVT. LTD.,84231000,FALSE,GJ,KL,business_gst,24ABFCS6034B1ZR,false,INR,1.000000000000,Compact 1,,,,,,Inventory Asset,,1500.00,TABLE TOP ABS (VIBRANT),99381000001171138,VIBRANT300X240ABS,,,,,Max : 30Kg e:5gm Min: 100g Class III,50.00,0.00,0.00,50.00,pcs,Cochin,entity_level,true,0.00,0.0,99381000000006196,IGST18,18.00,13500.00,ItemAmount,,goods,,,,75000.00,206500.00,0.00,Adjustment,0.00,0.000,,,,,,,,0,Due on Receipt,Cochin,C/O LOGIWIZ LOGISTICS INDIA PVT LTD,COCHIN,Kerala,India,683503,8803333444,,,,,,,,,,,,0.000,,,,,,,,,Shalima,One Month Credit
99381000006279944,2022-09-22,99381000003083031,Head Office,,PO-00216,,Draft,Shanghai Yousheng Weighing Apparatus Co. Ltd.,84239020,FALSE,,KL,overseas,,false,USD,80.716765000000,Compact 1,,,,,,Inventory Asset,,7.50,ECS5W SMPS 7V,99381000000306148,ECS817,,,,,,25.00,0.00,0.00,0.00,nos,Head Office,entity_level,true,0.00,0.0,,,,,,,goods,,,,187.50,2139.04,0.00,Adjustment,0.00,0.000,,,,,,,,0,Due on Receipt,Vytila-COK," 49/468A, CITY CENTER 2ND FLOOR VYTTILA ",COCHIN,Kerala,India,,8803333444,,,,,,,,,,,,0.000,,,,,,,,,Shalima,nil
99381000006279944,2022-09-22,99381000003083031,Head Office,,PO-00216,,Draft,Shanghai Yousheng Weighing Apparatus Co. Ltd.,84239020,FALSE,,KL,overseas,,false,USD,80.716765000000,Compact 1,,,,,,Inventory Asset,,1.00,ECS5W POWER SUPPLY BOARD,99381000000306225,ECS816,,,,,,20.00,0.00,0.00,0.00,nos,Head Office,entity_level,true,0.00,0.0,,,,,,,goods,,,,20.00,2139.04,0.00,Adjustment,0.00,0.000,,,,,,,,0,Due on Receipt,Vytila-COK," 49/468A, CITY CENTER 2ND FLOOR VYTTILA ",COCHIN,Kerala,India,,8803333444,,,,,,,,,,,,0.000,,,,,,,,,Shalima,nil
99381000006279944,2022-09-22,99381000003083031,Head Office,,PO-00216,,Draft,Shanghai Yousheng Weighing Apparatus Co. Ltd.,84239020,FALSE,,KL,overseas,,false,USD,80.716765000000,Compact 1,,,,,,Inventory Asset,,29.00,ECS5W PRINTER,99381000000306297,ECS814,,,,,,10.00,0.00,0.00,0.00,nos,Head Office,entity_level,true,0.00,0.0,,,,,,,goods,,,,290.00,2139.04,0.00,Adjustment,0.00,0.000,,,,,,,,0,Due on Receipt,Vytila-COK," 49/468A, CITY CENTER 2ND FLOOR VYTTILA ",COCHIN,Kerala,India,,8803333444,,,,,,,,,,,,0.000,,,,,,,,,Shalima,nil
99381000006279944,2022-09-22,99381000003083031,Head Office,,PO-00216,,Draft,Shanghai Yousheng Weighing Apparatus Co. Ltd.,84239020,FALSE,,KL,overseas,,false,USD,80.716765000000,Compact 1,,,,,,Inventory Asset,,0.20,ECS5W CALIBRATION BOARD,99381000000306306,ECS813,,,,,,10.00,0.00,0.00,0.00,nos,Head Office,entity_level,true,0.00,0.0,,,,,,,goods,,,,2.00,2139.04,0.00,Adjustment,0.00,0.000,,,,,,,,0,Due on Receipt,Vytila-COK," 49/468A, CITY CENTER 2ND FLOOR VYTTILA ",COCHIN,Kerala,India,,8803333444,,,,,,,,,,,,0.000,,,,,,,,,Shalima,nil
99381000006279944,2022-09-22,99381000003083031,Head Office,,PO-00216,,Draft,Shanghai Yousheng Weighing Apparatus Co. Ltd.,84239020,FALSE,,KL,overseas,,false,USD,80.716765000000,Compact 1,,,,,,Inventory Asset,,1.50,ECS5W INTERFACE BOARD,99381000000306315,ECS812,,,,,,20.00,0.00,0.00,0.00,nos,Head Office,entity_level,true,0.00,0.0,,,,,,,goods,,,,30.00,2139.04,0.00,Adjustment,0.00,0.000,,,,,,,,0,Due on Receipt,Vytila-COK," 49/468A, CITY CENTER 2ND FLOOR VYTTILA ",COCHIN,Kerala,India,,8803333444,,,,,,,,,,,,0.000,,,,,,,,,Shalima,nil
99381000006279944,2022-09-22,99381000003083031,Head Office,,PO-00216,,Draft,Shanghai Yousheng Weighing Apparatus Co. Ltd.,84239020,FALSE,,KL,overseas,,false,USD,80.716765000000,Compact 1,,,,,,Inventory Asset,,7.50,ECS5W KEYBOARD,99381000000306324,ECS811,,,,,,10.00,0.00,0.00,0.00,nos,Head Office,entity_level,true,0.00,0.0,,,,,,,goods,,,,75.00,2139.04,0.00,Adjustment,0.00,0.000,,,,,,,,0,Due on Receipt,Vytila-COK," 49/468A, CITY CENTER 2ND FLOOR VYTTILA ",COCHIN,Kerala,India,,8803333444,,,,,,,,,,,,0.000,,,,,,,,,Shalima,nil
99381000006279944,2022-09-22,99381000003083031,Head Office,,PO-00216,,Draft,Shanghai Yousheng Weighing Apparatus Co. Ltd.,84239020,FALSE,,KL,overseas,,false,USD,80.716765000000,Compact 1,,,,,,Inventory Asset,,1.00,ECS5W KEYBOARD CONNECT BOARD,99381000000306333,ECS810,,,,,,10.00,0.00,0.00,0.00,nos,Head Office,entity_level,true,0.00,0.0,,,,,,,goods,,,,10.00,2139.04,0.00,Adjustment,0.00,0.000,,,,,,,,0,Due on Receipt,Vytila-COK," 49/468A, CITY CENTER 2ND FLOOR VYTTILA ",COCHIN,Kerala,India,,8803333444,,,,,,,,,,,,0.000,,,,,,,,,Shalima,nil
99381000006279944,2022-09-22,99381000003083031,Head Office,,PO-00216,,Draft,Shanghai Yousheng Weighing Apparatus Co. Ltd.,84239020,FALSE,,KL,overseas,,false,USD,80.716765000000,Compact 1,,,,,,Inventory Asset,,19.00,ECS5W DISPLAY SET FRONT,99381000000306342,ECS808,,,,,,15.00,0.00,0.00,0.00,nos,Head Office,entity_level,true,0.00,0.0,,,,,,,goods,,,,285.00,2139.04,0.00,Adjustment,0.00,0.000,,,,,,,,0,Due on Receipt,Vytila-COK," 49/468A, CITY CENTER 2ND FLOOR VYTTILA ",COCHIN,Kerala,India,,8803333444,,,,,,,,,,,,0.000,,,,,,,,,Shalima,nil
99381000006279944,2022-09-22,99381000003083031,Head Office,,PO-00216,,Draft,Shanghai Yousheng Weighing Apparatus Co. Ltd.,84239020,FALSE,,KL,overseas,,false,USD,80.716765000000,Compact 1,,,,,,Inventory Asset,,9.00,ECS5W DISPLAY BACK,99381000000306351,ECS809,,,,,,10.00,0.00,0.00,0.00,nos,Head Office,entity_level,true,0.00,0.0,,,,,,,goods,,,,90.00,2139.04,0.00,Adjustment,0.00,0.000,,,,,,,,0,Due on Receipt,Vytila-COK," 49/468A, CITY CENTER 2ND FLOOR VYTTILA ",COCHIN,Kerala,India,,8803333444,,,,,,,,,,,,0.000,,,,,,,,,Shalima,nil
99381000006279944,2022-09-22,99381000003083031,Head Office,,PO-00216,,Draft,Shanghai Yousheng Weighing Apparatus Co. Ltd.,84239020,FALSE,,KL,overseas,,false,USD,80.716765000000,Compact 1,,,,,,Inventory Asset,,2.50,ECS5W PRINTER MAIN BOARD,99381000000306360,ECS807,,,,,,15.00,0.00,0.00,0.00,nos,Head Office,entity_level,true,0.00,0.0,,,,,,,goods,,,,37.50,2139.04,0.00,Adjustment,0.00,0.000,,,,,,,,0,Due on Receipt,Vytila-COK," 49/468A, CITY CENTER 2ND FLOOR VYTTILA ",COCHIN,Kerala,India,,8803333444,,,,,,,,,,,,0.000,,,,,,,,,Shalima,nil
99381000006279944,2022-09-22,99381000003083031,Head Office,,PO-00216,,Draft,Shanghai Yousheng Weighing Apparatus Co. Ltd.,84239020,FALSE,,KL,overseas,,false,USD,80.716765000000,Compact 1,,,,,,Inventory Asset,,5.00,ECS 5W LOAD CELL,99381000000306380,ECS805,,,,,,10.00,0.00,0.00,0.00,nos,Head Office,entity_level,true,0.00,0.0,,,,,,,goods,,,,50.00,2139.04,0.00,Adjustment,0.00,0.000,,,,,,,,0,Due on Receipt,Vytila-COK," 49/468A, CITY CENTER 2ND FLOOR VYTTILA ",COCHIN,Kerala,India,,8803333444,,,,,,,,,,,,0.000,,,,,,,,,Shalima,nil
99381000006279944,2022-09-22,99381000003083031,Head Office,,PO-00216,,Draft,Shanghai Yousheng Weighing Apparatus Co. Ltd.,84239020,FALSE,,KL,overseas,,false,USD,80.716765000000,Compact 1,,,,,,Inventory Asset,,2.00,ECS 5W PAN HOLDING CROSS STAND,99381000000306391,ECS804,,,,,,5.00,0.00,0.00,0.00,nos,Head Office,entity_level,true,0.00,0.0,,,,,,,goods,,,,10.00,2139.04,0.00,Adjustment,0.00,0.000,,,,,,,,0,Due on Receipt,Vytila-COK," 49/468A, CITY CENTER 2ND FLOOR VYTTILA ",COCHIN,Kerala,India,,8803333444,,,,,,,,,,,,0.000,,,,,,,,,Shalima,nil
99381000006279944,2022-09-22,99381000003083031,Head Office,,PO-00216,,Draft,Shanghai Yousheng Weighing Apparatus Co. Ltd.,84239020,FALSE,,KL,overseas,,false,USD,80.716765000000,Compact 1,,,,,,Inventory Asset,,3.50,ECS5W WEIGHING PAN,99381000000306400,ECS803,,,,,,3.00,0.00,0.00,0.00,nos,Head Office,entity_level,true,0.00,0.0,,,,,,,goods,,,,10.50,2139.04,0.00,Adjustment,0.00,0.000,,,,,,,,0,Due on Receipt,Vytila-COK," 49/468A, CITY CENTER 2ND FLOOR VYTTILA ",COCHIN,Kerala,India,,8803333444,,,,,,,,,,,,0.000,,,,,,,,,Shalima,nil
99381000006279944,2022-09-22,99381000003083031,Head Office,,PO-00216,,Draft,Shanghai Yousheng Weighing Apparatus Co. Ltd.,84239020,FALSE,,KL,overseas,,false,USD,80.716765000000,Compact 1,,,,,,Inventory Asset,,1.00,ECS INDICATOR KEYPAD,99381000004096406,ECSINK,,,,,,5.00,0.00,0.00,0.00,nos,Head Office,entity_level,true,0.00,0.0,,,,,,,goods,,,,5.00,2139.04,0.00,Adjustment,0.00,0.000,,,,,,,,0,Due on Receipt,Vytila-COK," 49/468A, CITY CENTER 2ND FLOOR VYTTILA ",COCHIN,Kerala,India,,8803333444,,,,,,,,,,,,0.000,,,,,,,,,Shalima,nil
99381000006279944,2022-09-22,99381000003083031,Head Office,,PO-00216,,Draft,Shanghai Yousheng Weighing Apparatus Co. Ltd.,84239020,FALSE,,KL,overseas,,false,USD,80.716765000000,Compact 1,,,,,,Inventory Asset,,1.00,ECS INDICATOR STICKER,99381000004096419,EIKS,,,,,,5.00,0.00,0.00,0.00,nos,Head Office,entity_level,true,0.00,0.0,,,,,,,goods,,,,5.00,2139.04,0.00,Adjustment,0.00,0.000,,,,,,,,0,Due on Receipt,Vytila-COK," 49/468A, CITY CENTER 2ND FLOOR VYTTILA ",COCHIN,Kerala,India,,8803333444,,,,,,,,,,,,0.000,,,,,,,,,Shalima,nil
99381000006279944,2022-09-22,99381000003083031,Head Office,,PO-00216,,Draft,Shanghai Yousheng Weighing Apparatus Co. Ltd.,84239020,FALSE,,KL,overseas,,false,USD,80.716765000000,Compact 1,,,,,,Inventory Asset,,1.00,ECS INDICATOR SILICON KEYPAD,99381000004096432,EISK,,,,,,5.00,0.00,0.00,0.00,nos,Head Office,entity_level,true,0.00,0.0,,,,,,,goods,,,,5.00,2139.04,0.00,Adjustment,0.00,0.000,,,,,,,,0,Due on Receipt,Vytila-COK," 49/468A, CITY CENTER 2ND FLOOR VYTTILA ",COCHIN,Kerala,India,,8803333444,,,,,,,,,,,,0.000,,,,,,,,,Shalima,nil
99381000006279944,2022-09-22,99381000003083031,Head Office,,PO-00216,,Draft,Shanghai Yousheng Weighing Apparatus Co. Ltd.,84239020,FALSE,,KL,overseas,,false,USD,80.716765000000,Compact 1,,,,,,Inventory Asset,,10.00,Q8LBL Dot Matrix Display Set,99381000001073021,Q8602,,,,,,10.00,0.00,0.00,0.00,nos,Head Office,entity_level,true,0.00,0.0,,,,,,,goods,,,,100.00,2139.04,0.00,Adjustment,0.00,0.000,,,,,,,,0,Due on Receipt,Vytila-COK," 49/468A, CITY CENTER 2ND FLOOR VYTTILA ",COCHIN,Kerala,India,,8803333444,,,,,,,,,,,,0.000,,,,,,,,,Shalima,nil
99381000006279944,2022-09-22,99381000003083031,Head Office,,PO-00216,,Draft,Shanghai Yousheng Weighing Apparatus Co. Ltd.,84239020,FALSE,,KL,overseas,,false,USD,80.716765000000,Compact 1,,,,,,Inventory Asset,,11.00,Q8/Q9 LABEL SMPS 20V,99381000001455323,Q8604,,,,,,10.00,0.00,0.00,0.00,nos,Head Office,entity_level,true,0.00,0.0,,,,,,,goods,,,,110.00,2139.04,0.00,Adjustment,0.00,0.000,,,,,,,,0,Due on Receipt,Vytila-COK," 49/468A, CITY CENTER 2ND FLOOR VYTTILA ",COCHIN,Kerala,India,,8803333444,,,,,,,,,,,,0.000,,,,,,,,,Shalima,nil
99381000006279944,2022-09-22,99381000003083031,Head Office,,PO-00216,,Draft,Shanghai Yousheng Weighing Apparatus Co. Ltd.,84239020,FALSE,,KL,overseas,,false,USD,80.716765000000,Compact 1,,,,,,Inventory Asset,,10.00,Q8/Q9LBL KEYPAD BOARD,99381000001663109,Q8605,,,,,,5.00,0.00,0.00,0.00,nos,Head Office,entity_level,true,0.00,0.0,,,,,,,goods,,,,50.00,2139.04,0.00,Adjustment,0.00,0.000,,,,,,,,0,Due on Receipt,Vytila-COK," 49/468A, CITY CENTER 2ND FLOOR VYTTILA ",COCHIN,Kerala,India,,8803333444,,,,,,,,,,,,0.000,,,,,,,,,Shalima,nil
99381000006279944,2022-09-22,99381000003083031,Head Office,,PO-00216,,Draft,Shanghai Yousheng Weighing Apparatus Co. Ltd.,84239020,FALSE,,KL,overseas,,false,USD,80.716765000000,Compact 1,,,,,,Inventory Asset,,6.00,Q8LBL CROSS STAND,99381000001663188,Q8608,,,,,,2.00,0.00,0.00,0.00,nos,Head Office,entity_level,true,0.00,0.0,,,,,,,goods,,,,12.00,2139.04,0.00,Adjustment,0.00,0.000,,,,,,,,0,Due on Receipt,Vytila-COK," 49/468A, CITY CENTER 2ND FLOOR VYTTILA ",COCHIN,Kerala,India,,8803333444,,,,,,,,,,,,0.000,,,,,,,,,Shalima,nil
99381000006279944,2022-09-22,99381000003083031,Head Office,,PO-00216,,Draft,Shanghai Yousheng Weighing Apparatus Co. Ltd.,84239020,FALSE,,KL,overseas,,false,USD,80.716765000000,Compact 1,,,,,,Inventory Asset,,5.00,Q8LBL PAN,99381000001663287,Q8621,,,,,,2.00,0.00,0.00,0.00,nos,Head Office,entity_level,true,0.00,0.0,,,,,,,goods,,,,10.00,2139.04,0.00,Adjustment,0.00,0.000,,,,,,,,0,Due on Receipt,Vytila-COK," 49/468A, CITY CENTER 2ND FLOOR VYTTILA ",COCHIN,Kerala,India,,8803333444,,,,,,,,,,,,0.000,,,,,,,,,Shalima,nil
99381000006279944,2022-09-22,99381000003083031,Head Office,,PO-00216,,Draft,Shanghai Yousheng Weighing Apparatus Co. Ltd.,84239020,FALSE,,KL,overseas,,false,USD,80.716765000000,Compact 1,,,,,,Inventory Asset,,25.00,Q9LBL PRINT HEAD,99381000001663314,Q9703,,,,,,10.00,0.00,0.00,0.00,nos,Head Office,entity_level,true,0.00,0.0,,,,,,,goods,,,,250.00,2139.04,0.00,Adjustment,0.00,0.000,,,,,,,,0,Due on Receipt,Vytila-COK," 49/468A, CITY CENTER 2ND FLOOR VYTTILA ",COCHIN,Kerala,India,,8803333444,,,,,,,,,,,,0.000,,,,,,,,,Shalima,nil
99381000006279944,2022-09-22,99381000003083031,Head Office,,PO-00216,,Draft,Shanghai Yousheng Weighing Apparatus Co. Ltd.,84239020,FALSE,,KL,overseas,,false,USD,80.716765000000,Compact 1,,,,,,Inventory Asset,,6.54,Q9LBL POLE with plastic case set (blue ),99381000001663341,Q9707,,,,,,1.00,0.00,0.00,0.00,nos,Head Office,entity_level,true,0.00,0.0,,,,,,,goods,,,,6.54,2139.04,0.00,Adjustment,0.00,0.000,,,,,,,,0,Due on Receipt,Vytila-COK," 49/468A, CITY CENTER 2ND FLOOR VYTTILA ",COCHIN,Kerala,India,,8803333444,,,,,,,,,,,,0.000,,,,,,,,,Shalima,nil
99381000006279944,2022-09-22,99381000003083031,Head Office,,PO-00216,,Draft,Shanghai Yousheng Weighing Apparatus Co. Ltd.,84239020,FALSE,,KL,overseas,,false,USD,80.716765000000,Compact 1,,,,,,Inventory Asset,,4.00,Q9LBL WEIGHING PAN,99381000001663395,Q9713,,,,,,3.00,0.00,0.00,0.00,nos,Head Office,entity_level,true,0.00,0.0,,,,,,,goods,,,,12.00,2139.04,0.00,Adjustment,0.00,0.000,,,,,,,,0,Due on Receipt,Vytila-COK," 49/468A, CITY CENTER 2ND FLOOR VYTTILA ",COCHIN,Kerala,India,,8803333444,,,,,,,,,,,,0.000,,,,,,,,,Shalima,nil
99381000006279944,2022-09-22,99381000003083031,Head Office,,PO-00216,,Draft,Shanghai Yousheng Weighing Apparatus Co. Ltd.,84239020,FALSE,,KL,overseas,,false,USD,80.716765000000,Compact 1,,,,,,Inventory Asset,,12.00,ECR Display set Front,99381000002713265,ECR103,,,,,,10.00,0.00,0.00,0.00,nos,Head Office,entity_level,true,0.00,0.0,,,,,,,goods,,,,120.00,2139.04,0.00,Adjustment,0.00,0.000,,,,,,,,0,Due on Receipt,Vytila-COK," 49/468A, CITY CENTER 2ND FLOOR VYTTILA ",COCHIN,Kerala,India,,8803333444,,,,,,,,,,,,0.000,,,,,,,,,Shalima,nil
99381000006279944,2022-09-22,99381000003083031,Head Office,,PO-00216,,Draft,Shanghai Yousheng Weighing Apparatus Co. Ltd.,84239020,FALSE,,KL,overseas,,false,USD,80.716765000000,Compact 1,,,,,,Inventory Asset,,30.00,Q10 LBL FRONT DISPLAY SET,99381000006246614,QELFD1,,,,,,2.00,0.00,0.00,0.00,nos,Head Office,entity_level,true,0.00,0.0,,,,,,,goods,,,,60.00,2139.04,0.00,Adjustment,0.00,0.000,,,,,,,,0,Due on Receipt,Vytila-COK," 49/468A, CITY CENTER 2ND FLOOR VYTTILA ",COCHIN,Kerala,India,,8803333444,,,,,,,,,,,,0.000,,,,,,,,,Shalima,nil
99381000006279944,2022-09-22,99381000003083031,Head Office,,PO-00216,,Draft,Shanghai Yousheng Weighing Apparatus Co. Ltd.,84239020,FALSE,,KL,overseas,,false,USD,80.716765000000,Compact 1,,,,,,Inventory Asset,,10.00,Q10 LBL FRONT DISPLAY LCD,99381000006246629,QLFDL1,,,,,,2.00,0.00,0.00,0.00,nos,Head Office,entity_level,true,0.00,0.0,,,,,,,goods,,,,20.00,2139.04,0.00,Adjustment,0.00,0.000,,,,,,,,0,Due on Receipt,Vytila-COK," 49/468A, CITY CENTER 2ND FLOOR VYTTILA ",COCHIN,Kerala,India,,8803333444,,,,,,,,,,,,0.000,,,,,,,,,Shalima,nil
99381000006279944,2022-09-22,99381000003083031,Head Office,,PO-00216,,Draft,Shanghai Yousheng Weighing Apparatus Co. Ltd.,84239020,FALSE,,KL,overseas,,false,USD,80.716765000000,Compact 1,,,,,,Inventory Asset,,10.00,Q10 LBL BACK DISPLAY,99381000006246644,QLBD10,,,,,,2.00,0.00,0.00,0.00,nos,Head Office,entity_level,true,0.00,0.0,,,,,,,goods,,,,20.00,2139.04,0.00,Adjustment,0.00,0.000,,,,,,,,0,Due on Receipt,Vytila-COK," 49/468A, CITY CENTER 2ND FLOOR VYTTILA ",COCHIN,Kerala,India,,8803333444,,,,,,,,,,,,0.000,,,,,,,,,Shalima,nil
99381000006279944,2022-09-22,99381000003083031,Head Office,,PO-00216,,Draft,Shanghai Yousheng Weighing Apparatus Co. Ltd.,84239020,FALSE,,KL,overseas,,false,USD,80.716765000000,Compact 1,,,,,,Inventory Asset,,10.00,Q10 LBL KEYPAD,99381000006246659,QLK10,,,,,,5.00,0.00,0.00,0.00,nos,Head Office,entity_level,true,0.00,0.0,,,,,,,goods,,,,50.00,2139.04,0.00,Adjustment,0.00,0.000,,,,,,,,0,Due on Receipt,Vytila-COK," 49/468A, CITY CENTER 2ND FLOOR VYTTILA ",COCHIN,Kerala,India,,8803333444,,,,,,,,,,,,0.000,,,,,,,,,Shalima,nil
99381000006279944,2022-09-22,99381000003083031,Head Office,,PO-00216,,Draft,Shanghai Yousheng Weighing Apparatus Co. Ltd.,84239020,FALSE,,KL,overseas,,false,USD,80.716765000000,Compact 1,,,,,,Inventory Asset,,2.00,Q10 LBL SILICON PAD,99381000006246674,QLSP10,,,,,,5.00,0.00,0.00,0.00,nos,Head Office,entity_level,true,0.00,0.0,,,,,,,goods,,,,10.00,2139.04,0.00,Adjustment,0.00,0.000,,,,,,,,0,Due on Receipt,Vytila-COK," 49/468A, CITY CENTER 2ND FLOOR VYTTILA ",COCHIN,Kerala,India,,8803333444,,,,,,,,,,,,0.000,,,,,,,,,Shalima,nil
99381000006279944,2022-09-22,99381000003083031,Head Office,,PO-00216,,Draft,Shanghai Yousheng Weighing Apparatus Co. Ltd.,84239020,FALSE,,KL,overseas,,false,USD,80.716765000000,Compact 1,,,,,,Inventory Asset,,7.00,Q10 LBL POLE WITH STAND,99381000006246709,QLPWS1,,,,,,2.00,0.00,0.00,0.00,nos,Head Office,entity_level,true,0.00,0.0,,,,,,,goods,,,,14.00,2139.04,0.00,Adjustment,0.00,0.000,,,,,,,,0,Due on Receipt,Vytila-COK," 49/468A, CITY CENTER 2ND FLOOR VYTTILA ",COCHIN,Kerala,India,,8803333444,,,,,,,,,,,,0.000,,,,,,,,,Shalima,nil
99381000006279944,2022-09-22,99381000003083031,Head Office,,PO-00216,,Draft,Shanghai Yousheng Weighing Apparatus Co. Ltd.,84239020,FALSE,,KL,overseas,,false,USD,80.716765000000,Compact 1,,,,,,Inventory Asset,,30.00,HAG DISPLAY SET,99381000006246724,HAG001,,,,,,2.00,0.00,0.00,0.00,nos,Head Office,entity_level,true,0.00,0.0,,,,,,,goods,,,,60.00,2139.04,0.00,Adjustment,0.00,0.000,,,,,,,,0,Due on Receipt,Vytila-COK," 49/468A, CITY CENTER 2ND FLOOR VYTTILA ",COCHIN,Kerala,India,,8803333444,,,,,,,,,,,,0.000,,,,,,,,,Shalima,nil
99381000006279944,2022-09-22,99381000003083031,Head Office,,PO-00216,,Draft,Shanghai Yousheng Weighing Apparatus Co. Ltd.,84239020,FALSE,,KL,overseas,,false,USD,80.716765000000,Compact 1,,,,,,Inventory Asset,,2.00,HAG KEYPAD,99381000006246739,HAG002,,,,,,2.00,0.00,0.00,0.00,nos,Head Office,entity_level,true,0.00,0.0,,,,,,,goods,,,,4.00,2139.04,0.00,Adjustment,0.00,0.000,,,,,,,,0,Due on Receipt,Vytila-COK," 49/468A, CITY CENTER 2ND FLOOR VYTTILA ",COCHIN,Kerala,India,,8803333444,,,,,,,,,,,,0.000,,,,,,,,,Shalima,nil
99381000006279944,2022-09-22,99381000003083031,Head Office,,PO-00216,,Draft,Shanghai Yousheng Weighing Apparatus Co. Ltd.,84239020,FALSE,,KL,overseas,,false,USD,80.716765000000,Compact 1,,,,,,Inventory Asset,,2.00,HAG SILICONPAD,99381000006246754,HAG003,,,,,,2.00,0.00,0.00,0.00,nos,Head Office,entity_level,true,0.00,0.0,,,,,,,goods,,,,4.00,2139.04,0.00,Adjustment,0.00,0.000,,,,,,,,0,Due on Receipt,Vytila-COK," 49/468A, CITY CENTER 2ND FLOOR VYTTILA ",COCHIN,Kerala,India,,8803333444,,,,,,,,,,,,0.000,,,,,,,,,Shalima,nil
99381000006279944,2022-09-22,99381000003083031,Head Office,,PO-00216,,Draft,Shanghai Yousheng Weighing Apparatus Co. Ltd.,84239020,FALSE,,KL,overseas,,false,USD,80.716765000000,Compact 1,,,,,,Inventory Asset,,12.00,Q10 ECS FRONT DISPLAY SET,99381000006246769,QEFDS1,,,,,,2.00,0.00,0.00,0.00,nos,Head Office,entity_level,true,0.00,0.0,,,,,,,goods,,,,24.00,2139.04,0.00,Adjustment,0.00,0.000,,,,,,,,0,Due on Receipt,Vytila-COK," 49/468A, CITY CENTER 2ND FLOOR VYTTILA ",COCHIN,Kerala,India,,8803333444,,,,,,,,,,,,0.000,,,,,,,,,Shalima,nil
99381000006279944,2022-09-22,99381000003083031,Head Office,,PO-00216,,Draft,Shanghai Yousheng Weighing Apparatus Co. Ltd.,84239020,FALSE,,KL,overseas,,false,USD,80.716765000000,Compact 1,,,,,,Inventory Asset,,3.00,Q10 ECS BACK DISPLAY,99381000006246784,QEBD10,,,,,,2.00,0.00,0.00,0.00,nos,Head Office,entity_level,true,0.00,0.0,,,,,,,goods,,,,6.00,2139.04,0.00,Adjustment,0.00,0.000,,,,,,,,0,Due on Receipt,Vytila-COK," 49/468A, CITY CENTER 2ND FLOOR VYTTILA ",COCHIN,Kerala,India,,8803333444,,,,,,,,,,,,0.000,,,,,,,,,Shalima,nil
99381000006279944,2022-09-22,99381000003083031,Head Office,,PO-00216,,Draft,Shanghai Yousheng Weighing Apparatus Co. Ltd.,84239020,FALSE,,KL,overseas,,false,USD,80.716765000000,Compact 1,,,,,,Inventory Asset,,10.00,Q10 ECS KEYPAD,99381000006246819,QEK10,,,,,,5.00,0.00,0.00,0.00,nos,Head Office,entity_level,true,0.00,0.0,,,,,,,goods,,,,50.00,2139.04,0.00,Adjustment,0.00,0.000,,,,,,,,0,Due on Receipt,Vytila-COK," 49/468A, CITY CENTER 2ND FLOOR VYTTILA ",COCHIN,Kerala,India,,8803333444,,,,,,,,,,,,0.000,,,,,,,,,Shalima,nil
99381000006279944,2022-09-22,99381000003083031,Head Office,,PO-00216,,Draft,Shanghai Yousheng Weighing Apparatus Co. Ltd.,84239020,FALSE,,KL,overseas,,false,USD,80.716765000000,Compact 1,,,,,,Inventory Asset,,2.00,Q10 ECS SILICON PAD,99381000006246834,QESP10,,,,,,5.00,0.00,0.00,0.00,nos,Head Office,entity_level,true,0.00,0.0,,,,,,,goods,,,,10.00,2139.04,0.00,Adjustment,0.00,0.000,,,,,,,,0,Due on Receipt,Vytila-COK," 49/468A, CITY CENTER 2ND FLOOR VYTTILA ",COCHIN,Kerala,India,,8803333444,,,,,,,,,,,,0.000,,,,,,,,,Shalima,nil
99381000006279944,2022-09-22,99381000003083031,Head Office,,PO-00216,,Draft,Shanghai Yousheng Weighing Apparatus Co. Ltd.,84239020,FALSE,,KL,overseas,,false,USD,80.716765000000,Compact 1,,,,,,Inventory Asset,,2.00,Q10 ECS POLE WITH HOLDER,99381000006246849,QEPWH1,,,,,,2.00,0.00,0.00,0.00,nos,Head Office,entity_level,true,0.00,0.0,,,,,,,goods,,,,4.00,2139.04,0.00,Adjustment,0.00,0.000,,,,,,,,0,Due on Receipt,Vytila-COK," 49/468A, CITY CENTER 2ND FLOOR VYTTILA ",COCHIN,Kerala,India,,8803333444,,,,,,,,,,,,0.000,,,,,,,,,Shalima,nil
99381000006279944,2022-09-22,99381000003083031,Head Office,,PO-00216,,Draft,Shanghai Yousheng Weighing Apparatus Co. Ltd.,84239020,FALSE,,KL,overseas,,false,USD,80.716765000000,Compact 1,,,,,,Inventory Asset,,1.00,ECS5W  KEYPAD SILICON PAD,99381000001663010,ECS822,,,,,,20.00,0.00,0.00,0.00,nos,Head Office,entity_level,true,0.00,0.0,,,,,,,goods,,,,20.00,2139.04,0.00,Adjustment,0.00,0.000,,,,,,,,0,Due on Receipt,Vytila-COK," 49/468A, CITY CENTER 2ND FLOOR VYTTILA ",COCHIN,Kerala,India,,8803333444,,,,,,,,,,,,0.000,,,,,,,,,Shalima,nil
99381000006346879,2022-09-28,99381000003083031,Head Office,,PO-00217,,Billed,Weighvox International FZE LLC,84239020,FALSE,,KL,overseas,,false,USD,81.906790000000,Compact 1,,,,,,Inventory Asset,,212.375,Spare Parts,99381000001847007,SPARE,,,,,,16.00,0.00,0.00,16.00,box,Head Office,entity_level,true,0.00,0.0,,,,,,,goods,,,,3398.00,6292.72,0.00,Adjustment,0.00,0.000,,,,,,,,0,Due on Receipt,Vytila-COK," 49/468A, CITY CENTER 2ND FLOOR VYTTILA ",COCHIN,Kerala,India,,8803333444,,,,,,,,,,,,0.000,,,,,,,,,Shalima,Fully paid
99381000006346879,2022-09-28,99381000003083031,Head Office,,PO-00217,,Billed,Weighvox International FZE LLC,84239020,FALSE,,KL,overseas,,false,USD,81.906790000000,Compact 1,,,,,,Inventory Asset,,473.68,Spare Parts,99381000001847007,SPARE,,,,,,4.00,0.00,0.00,4.00,box,Head Office,entity_level,true,0.00,0.0,,,,,,,goods,,,,1894.72,6292.72,0.00,Adjustment,0.00,0.000,,,,,,,,0,Due on Receipt,Vytila-COK," 49/468A, CITY CENTER 2ND FLOOR VYTTILA ",COCHIN,Kerala,India,,8803333444,,,,,,,,,,,,0.000,,,,,,,,,Shalima,Fully paid
99381000006346879,2022-09-28,99381000003083031,Head Office,,PO-00217,,Billed,Weighvox International FZE LLC,84239020,FALSE,,KL,overseas,,false,USD,81.906790000000,Compact 1,,,,,,Inventory Asset,,10.00,Spare Parts,99381000001847007,SPARE,,,,,,100.00,0.00,0.00,100.00,box,Head Office,entity_level,true,0.00,0.0,,,,,,,goods,,,,1000.00,6292.72,0.00,Adjustment,0.00,0.000,,,,,,,,0,Due on Receipt,Vytila-COK," 49/468A, CITY CENTER 2ND FLOOR VYTTILA ",COCHIN,Kerala,India,,8803333444,,,,,,,,,,,,0.000,,,,,,,,,Shalima,Fully paid
99381000006448592,2022-10-15,99381000000098082,Cochin,,PO-00218,,Draft,DYNAMIC ENTERPRISES,84231000,FALSE,KL,KL,business_gst,32ATJPS7075B1ZN,false,INR,1.000000000000,Compact 1,,,,,,Inventory Asset,,1650.00,Price Computing scale,99381000000016031,ATMPC,,,,,Max:20kg  e:2g  Min:40g  ,10.00,0.00,0.00,0.00,nos,Cochin,entity_level,true,0.00,0.0,99381000000006208,GST18,18.00,2970.00,Tax Group,,goods,,,,16500.00,19470.00,0.00,Adjustment,0.00,0.000,,,,,,,,0,Due on Receipt,Cochin,C/O LOGIWIZ LOGISTICS INDIA PVT LTD,COCHIN,Kerala,India,683503,8803333444,,,,,,,,,,,,0.000,,,,,,,,,Shalima,ADVANCE
99381000006568531,2022-11-03,99381000000098082,Cochin,,PO-00219,,Billed,SAFAL ENTERPRISE PVT. LTD.,84231000,FALSE,GJ,KL,business_gst,24ABFCS6034B1ZR,false,INR,1.000000000000,Compact 1,,,,,,Inventory Asset,,1100.00,Table Top Scale  220x170 ABS 6 Volt,99381000000562040,TTABS6V,,,,,Max : 20kg e:2gm Min: 40g Class III,100.00,0.00,0.00,100.00,nos,Cochin,entity_level,true,0.00,0.0,99381000000006196,IGST18,18.00,19800.00,ItemAmount,,goods,,,,110000.00,129800.00,0.00,Adjustment,0.00,0.000,,,,,,,,0,Due on Receipt,Cochin,C/O LOGIWIZ LOGISTICS INDIA PVT LTD,COCHIN,Kerala,India,683503,8803333444,,,,,,,,,,,,0.000,,,,,,,,,Shalima,1 Month credit
99381000006943076,2022-12-09,99381000003083031,Head Office,,PO-00220,,Billed,BREVERA TECHNOLOGIES PRIVATE LIMITED,84239020,FALSE,KA,KL,business_gst,29AAFCB7108Q1Z4,false,INR,1.000000000000,Compact 1,,,,,,Inventory Asset,,152.00,CHOTTU MOTHERBOARD - 99MB 6V,99381000001165607,CH602,,,,,,200.00,0.00,0.00,200.00,nos,Head Office,entity_level,true,0.00,0.0,99381000000006196,IGST18,18.00,5472.00,ItemAmount,,goods,,,,30400.00,36154.00,-0.02,Adjustment,0.00,0.000,,,,,,,,0,Due on Receipt,Vytila-COK," 49/468A, CITY CENTER 2ND FLOOR VYTTILA ",COCHIN,Kerala,India,,8803333444,,,,,,,,,,,,0.000,,,,,,,,,Teslin,Advanced
99381000006943076,2022-12-09,99381000003083031,Head Office,,PO-00220,,Billed,BREVERA TECHNOLOGIES PRIVATE LIMITED,996819,FALSE,KA,KL,business_gst,29AAFCB7108Q1Z4,false,INR,1.000000000000,Compact 1,,,,,,Cost of Goods Sold,,239.00,Freight,99381000003152296,FREIGH,,,,,,1.00,0.00,0.00,1.00,Lumpsum,,entity_level,true,0.00,0.0,99381000000006196,IGST18,18.00,43.02,ItemAmount,,service,,,,239.00,36154.00,-0.02,Adjustment,0.00,0.000,,,,,,,,0,Due on Receipt,Vytila-COK," 49/468A, CITY CENTER 2ND FLOOR VYTTILA ",COCHIN,Kerala,India,,8803333444,,,,,,,,,,,,0.000,,,,,,,,,Teslin,Advanced
99381000006943097,2022-12-09,99381000003083031,Head Office,,PO-00221,,Billed,SREEKRISHNA TRADERS,85068090,FALSE,KL,KL,business_gst,32AECFS0538R1ZR,false,INR,1.000000000000,Compact 1,,,,,,Inventory Asset,,160.16,ATM PC / BENCH PC BATTERY 4V  4.5AH,99381000000691252,APC209,,,,,,100.00,0.00,0.00,100.00,nos,Head Office,entity_level,true,0.00,0.0,99381000000006224,GST28,28.00,4484.48,Tax Group,,goods,,,,16016.00,20500.00,-0.48,Adjustment,0.00,0.000,,,,,,,,0,Due on Receipt,Vytila-COK," 49/468A, CITY CENTER 2ND FLOOR VYTTILA ",COCHIN,Kerala,India,,8803333444,,,,,,,,,,,,0.000,,,,,,,,,Teslin,advance
99381000006960540,2022-12-10,99381000003083031,Head Office,,PO-00222,,Draft,Weighvox International FZE LLC,84239020,FALSE,,KL,overseas,,false,USD,82.440231000000,Compact 1,,,,,,Inventory Asset,,210.637,Spare Parts,99381000001847007,SPARE,,,,,,4.00,0.00,0.00,0.00,box,Head Office,entity_level,true,0.00,0.0,,,,,,,goods,,,,842.55,842.55,0.00,Adjustment,0.00,0.000,,,,,,,,0,Due on Receipt,Vytila-COK," 49/468A, CITY CENTER 2ND FLOOR VYTTILA ",COCHIN,Kerala,India,,8803333444,,,,,,,,,,,,0.000,,,,,,,,,Shalima,100 % AS ADVANCE
99381000007238104,2023-01-06,99381000003083031,Head Office,,PO-00223,,Billed,V H ENTERPRISE,84239020,FALSE,GJ,KL,business_gst,24AYOPS5704K1ZY,false,INR,1.000000000000,Compact 1,,,,,,Inventory Asset,,4.25,Keypad,99381000002008082,KEYPA1,,,,,,600.00,0.00,0.00,600.00,nos,Head Office,entity_level,true,0.00,0.0,99381000000006196,IGST18,18.00,459.00,ItemAmount,,goods,,,,2550.00,153990.00,0.00,Adjustment,0.00,0.000,,,,,,,,0,Due on Receipt,Vytila-COK," 49/468A, CITY CENTER 2ND FLOOR VYTTILA ",COCHIN,Kerala,India,,8803333444,,,,,,,,,,,,0.000,,,,,,,,,Teslin,advanced
99381000007238104,2023-01-06,99381000003083031,Head Office,,PO-00223,,Billed,V H ENTERPRISE,84239020,FALSE,GJ,KL,business_gst,24AYOPS5704K1ZY,false,INR,1.000000000000,Compact 1,,,,,,Inventory Asset,,26.50,AC Cord wire 2pin(3 yrad),99381000002008023,CW2X3,,,,,,300.00,0.00,0.00,300.00,nos,Head Office,entity_level,true,0.00,0.0,99381000000006196,IGST18,18.00,1431.00,ItemAmount,,goods,,,,7950.00,153990.00,0.00,Adjustment,0.00,0.000,,,,,,,,0,Due on Receipt,Vytila-COK," 49/468A, CITY CENTER 2ND FLOOR VYTTILA ",COCHIN,Kerala,India,,8803333444,,,,,,,,,,,,0.000,,,,,,,,,Teslin,advanced
99381000007238104,2023-01-06,99381000003083031,Head Office,,PO-00223,,Billed,V H ENTERPRISE,84239020,FALSE,GJ,KL,business_gst,24AYOPS5704K1ZY,false,INR,1.000000000000,Compact 1,,,,,,Inventory Asset,,18.90,Metal Connector 4 Pin,99381000002008127,CONMT4,,,,,,100.00,0.00,0.00,100.00,nos,Head Office,entity_level,true,0.00,0.0,99381000000006196,IGST18,18.00,340.20,ItemAmount,,goods,,,,1890.00,153990.00,0.00,Adjustment,0.00,0.000,,,,,,,,0,Due on Receipt,Vytila-COK," 49/468A, CITY CENTER 2ND FLOOR VYTTILA ",COCHIN,Kerala,India,,8803333444,,,,,,,,,,,,0.000,,,,,,,,,Teslin,advanced
99381000007238104,2023-01-06,99381000003083031,Head Office,,PO-00223,,Billed,V H ENTERPRISE,84239020,FALSE,GJ,KL,business_gst,24AYOPS5704K1ZY,false,INR,1.000000000000,Compact 1,,,,,,Inventory Asset,,489.90,Shearbeam Loadcell 1000kg,99381000002008154,SBLC1T,,,,,,120.00,0.00,0.00,120.00,nos,Head Office,entity_level,true,0.00,0.0,99381000000006196,IGST18,18.00,10581.84,ItemAmount,,goods,,,,58788.00,153990.00,0.00,Adjustment,0.00,0.000,,,,,,,,0,Due on Receipt,Vytila-COK," 49/468A, CITY CENTER 2ND FLOOR VYTTILA ",COCHIN,Kerala,India,,8803333444,,,,,,,,,,,,0.000,,,,,,,,,Teslin,advanced
99381000007238104,2023-01-06,99381000003083031,Head Office,,PO-00223,,Billed,V H ENTERPRISE,84239020,FALSE,GJ,KL,business_gst,24AYOPS5704K1ZY,false,INR,1.000000000000,Compact 1,,,,,,Inventory Asset,,489.90,Shearbeam Loadcell 500 kg,99381000002008145,SLK500,,,,,,120.00,0.00,0.00,120.00,nos,Head Office,entity_level,true,0.00,0.0,99381000000006196,IGST18,18.00,10581.84,ItemAmount,,goods,,,,58788.00,153990.00,0.00,Adjustment,0.00,0.000,,,,,,,,0,Due on Receipt,Vytila-COK," 49/468A, CITY CENTER 2ND FLOOR VYTTILA ",COCHIN,Kerala,India,,8803333444,,,,,,,,,,,,0.000,,,,,,,,,Teslin,advanced
99381000007238104,2023-01-06,99381000003083031,Head Office,,PO-00223,,Billed,V H ENTERPRISE,9954,FALSE,GJ,KL,business_gst,24AYOPS5704K1ZY,false,INR,1.000000000000,Compact 1,,,,,,Cost of Goods Sold,,534.00,SERVICE CHARGE,99381000000525331,SC,,,,,,1.00,0.00,0.00,1.00,Lumpsum,,entity_level,true,0.00,0.0,99381000000006196,IGST18,18.00,96.12,ItemAmount,,goods,,,,534.00,153990.00,0.00,Adjustment,0.00,0.000,,,,,,,,0,Due on Receipt,Vytila-COK," 49/468A, CITY CENTER 2ND FLOOR VYTTILA ",COCHIN,Kerala,India,,8803333444,,,,,,,,,,,,0.000,,,,,,,,,Teslin,advanced
99381000007238131,2023-01-06,99381000003083031,Head Office,,PO-00224,,Billed,PMS SOFTINFO TECHNOLOGIES PVT LTD,84239020,FALSE,RJ,KL,business_gst,08AAECP8296N1ZI,false,INR,1.000000000000,Compact 1,,,,,,Inventory Asset,,190.00,Motherboard PMS 63,99381000002007019,MP63,,,,,,600.00,0.00,0.00,600.00,nos,Head Office,entity_level,true,0.00,0.0,99381000000006196,IGST18,18.00,20520.00,ItemAmount,,goods,,,,114000.00,138768.00,0.00,Adjustment,0.00,0.000,,,,,,,,0,Due on Receipt,Vytila-COK," 49/468A, CITY CENTER 2ND FLOOR VYTTILA ",COCHIN,Kerala,India,,8803333444,,,,,,,,,,,,0.000,,,,,,,,,Teslin,advanced
99381000007238131,2023-01-06,99381000003083031,Head Office,,PO-00224,,Billed,PMS SOFTINFO TECHNOLOGIES PVT LTD,996819,FALSE,RJ,KL,business_gst,08AAECP8296N1ZI,false,INR,1.000000000000,Compact 1,,,,,,Cost of Goods Sold,,3600.00,Freight,99381000003152296,FREIGH,,,,,,1.00,0.00,0.00,1.00,Lumpsum,,entity_level,true,0.00,0.0,99381000000006196,IGST18,18.00,648.00,ItemAmount,,service,,,,3600.00,138768.00,0.00,Adjustment,0.00,0.000,,,,,,,,0,Due on Receipt,Vytila-COK," 49/468A, CITY CENTER 2ND FLOOR VYTTILA ",COCHIN,Kerala,India,,8803333444,,,,,,,,,,,,0.000,,,,,,,,,Teslin,advanced
99381000007329499,2023-01-16,99381000000098082,Cochin,,PO-00225,,Draft,Weighvox International FZE LLC,84231000,FALSE,,KL,overseas,,false,USD,81.419964000000,Compact 1,,,,,,Inventory Asset,,185.00,Analytical Balance 220g /0.1mg,99381000000205926,BSM2204,,,,,"BSM  220.4   220g/0.1mg analytical balance
",130.00,0.00,0.00,0.00,nos,Cochin,entity_level,true,0.00,0.0,,,,,,,goods,,,,24050.00,24050.00,0.00,Adjustment,0.00,0.000,,,,,,,,0,Due on Receipt,Cochin,C/O LOGIWIZ LOGISTICS INDIA PVT LTD,COCHIN,Kerala,India,683503,8803333444,,,,,,,,,,,,0.000,,,,,,,,,Shalima,100% as advance
99381000007333470,2023-01-17,99381000000098082,Cochin,,PO-00226,,Partially Billed,Shanghai Yousheng Weighing Apparatus Co. Ltd.,84238190,FALSE,,KL,overseas,,false,USD,81.819669000000,Compact 1,,,,,,Inventory Asset,,130.00,Bill Printing scale Q10POS,99381000006174123,ECSQ10,,,,,Make:YESWEIGH Model:YS-30 Max:30kg e:5g Min:100g Class:III,30.00,0.00,0.00,30.00,nos,Cochin,entity_level,true,0.00,0.0,,,,,,,goods,,,,3900.00,40410.00,0.00,Adjustment,0.00,0.000,,,,,,,,0,Due on Receipt,Cochin,C/O LOGIWIZ LOGISTICS INDIA PVT LTD,COCHIN,Kerala,India,683503,8803333444,,,,,,,,,,,,0.000,,,,,,,,,Shalima,Before loading
99381000007333470,2023-01-17,99381000000098082,Cochin,,PO-00226,,Partially Billed,Shanghai Yousheng Weighing Apparatus Co. Ltd.,84238190,FALSE,,KL,overseas,,false,USD,81.819669000000,Compact 1,,,,,,Inventory Asset,,150.00,LABEL PRINTING SCALE Q10,99381000006174108,Q10LBL,,,,,"Make: YESWEIGH Model: YS LBL
Max: 30kg e:5g Min: 100g",50.00,0.00,0.00,50.00,nos,Cochin,entity_level,true,0.00,0.0,,,,,,,goods,,,,7500.00,40410.00,0.00,Adjustment,0.00,0.000,,,,,,,,0,Due on Receipt,Cochin,C/O LOGIWIZ LOGISTICS INDIA PVT LTD,COCHIN,Kerala,India,683503,8803333444,,,,,,,,,,,,0.000,,,,,,,,,Shalima,Before loading
99381000007333470,2023-01-17,99381000000098082,Cochin,,PO-00226,,Partially Billed,Shanghai Yousheng Weighing Apparatus Co. Ltd.,84231000,FALSE,,KL,overseas,,false,USD,81.819669000000,Compact 1,,,,,,Inventory Asset,,115.00,Bill Printing scale Q8POS,99381000000011617,ECS5W,,,,,,100.00,0.00,0.00,100.00,nos,Cochin,entity_level,true,0.00,0.0,,,,,,,goods,,,,11500.00,40410.00,0.00,Adjustment,0.00,0.000,,,,,,,,0,Due on Receipt,Cochin,C/O LOGIWIZ LOGISTICS INDIA PVT LTD,COCHIN,Kerala,India,683503,8803333444,,,,,,,,,,,,0.000,,,,,,,,,Shalima,Before loading
99381000007333470,2023-01-17,99381000000098082,Cochin,,PO-00226,,Partially Billed,Shanghai Yousheng Weighing Apparatus Co. Ltd.,84231000,FALSE,,KL,overseas,,false,USD,81.819669000000,Compact 1,,,,,,Inventory Asset,,130.00,ECS Indicator,99381000000343199,ECSIND,,,,,,30.00,0.00,0.00,30.00,nos,Cochin,entity_level,true,0.00,0.0,,,,,,,goods,,,,3900.00,40410.00,0.00,Adjustment,0.00,0.000,,,,,,,,0,Due on Receipt,Cochin,C/O LOGIWIZ LOGISTICS INDIA PVT LTD,COCHIN,Kerala,India,683503,8803333444,,,,,,,,,,,,0.000,,,,,,,,,Shalima,Before loading
99381000007333470,2023-01-17,99381000000098082,Cochin,,PO-00226,,Partially Billed,Shanghai Yousheng Weighing Apparatus Co. Ltd.,84238190,FALSE,,KL,overseas,,false,USD,81.819669000000,Compact 1,,,,,,Inventory Asset,,285.00,HANGING SCALE TMA,99381000006174164,HGLBL,,,,,Capacity : 30kg/5g,10.00,0.00,0.00,10.00,nos,Cochin,entity_level,true,0.00,0.0,,,,,,,goods,,,,2850.00,40410.00,0.00,Adjustment,0.00,0.000,,,,,,,,0,Due on Receipt,Cochin,C/O LOGIWIZ LOGISTICS INDIA PVT LTD,COCHIN,Kerala,India,683503,8803333444,,,,,,,,,,,,0.000,,,,,,,,,Shalima,Before loading
99381000007333470,2023-01-17,99381000000098082,Cochin,,PO-00226,,Partially Billed,Shanghai Yousheng Weighing Apparatus Co. Ltd.,84239020,FALSE,,KL,overseas,,false,USD,81.819669000000,Compact 1,,,,,,Inventory Asset,,20.00,Cash Box,99381000000343208,ECSCD,,,,,,50.00,0.00,0.00,50.00,nos,Cochin,entity_level,true,0.00,0.0,,,,,,,goods,,,,1000.00,40410.00,0.00,Adjustment,0.00,0.000,,,,,,,,0,Due on Receipt,Cochin,C/O LOGIWIZ LOGISTICS INDIA PVT LTD,COCHIN,Kerala,India,683503,8803333444,,,,,,,,,,,,0.000,,,,,,,,,Shalima,Before loading
99381000007333470,2023-01-17,99381000000098082,Cochin,,PO-00226,,Partially Billed,Shanghai Yousheng Weighing Apparatus Co. Ltd.,84238190,FALSE,,KL,overseas,,false,USD,81.819669000000,Compact 1,,,,,,Inventory Asset,,180.00,PALLET SCALE,99381000006174179,PSC,,,,,Capacity : 2.5T/0.5kg,12.00,0.00,0.00,12.00,nos,Cochin,entity_level,true,0.00,0.0,,,,,,,goods,,,,2160.00,40410.00,0.00,Adjustment,0.00,0.000,,,,,,,,0,Due on Receipt,Cochin,C/O LOGIWIZ LOGISTICS INDIA PVT LTD,COCHIN,Kerala,India,683503,8803333444,,,,,,,,,,,,0.000,,,,,,,,,Shalima,Before loading
99381000007333470,2023-01-17,99381000000098082,Cochin,,PO-00226,,Partially Billed,Shanghai Yousheng Weighing Apparatus Co. Ltd.,84239020,FALSE,,KL,overseas,,false,USD,81.819669000000,Compact 1,,,,,,Inventory Asset,,160.00,Label Indicator,99381000007333495,LBLIND,,,,,,5.00,0.00,0.00,5.00,nos,Cochin,entity_level,true,0.00,0.0,,,,,,,goods,,,,800.00,40410.00,0.00,Adjustment,0.00,0.000,,,,,,,,0,Due on Receipt,Cochin,C/O LOGIWIZ LOGISTICS INDIA PVT LTD,COCHIN,Kerala,India,683503,8803333444,,,,,,,,,,,,0.000,,,,,,,,,Shalima,Before loading
99381000007333470,2023-01-17,99381000000098082,Cochin,,PO-00226,,Partially Billed,Shanghai Yousheng Weighing Apparatus Co. Ltd.,84239020,FALSE,,KL,overseas,,false,USD,81.819669000000,Compact 1,,,,,,Inventory Asset,,90.00,Floor Scale 1mx1m,99381000000035236,PLT1000,,,,,,25.00,0.00,0.00,25.00,nos,Cochin,entity_level,true,0.00,0.0,,,,,,,goods,,,,2250.00,40410.00,0.00,Adjustment,0.00,0.000,,,,,,,,0,Due on Receipt,Cochin,C/O LOGIWIZ LOGISTICS INDIA PVT LTD,COCHIN,Kerala,India,683503,8803333444,,,,,,,,,,,,0.000,,,,,,,,,Shalima,Before loading
99381000007333470,2023-01-17,99381000000098082,Cochin,,PO-00226,,Partially Billed,Shanghai Yousheng Weighing Apparatus Co. Ltd.,84239020,FALSE,,KL,overseas,,false,USD,81.819669000000,Compact 1,,,,,,Inventory Asset,,110.00,Floor Scale 1.2mx1.2m,99381000000035245,PLT1200,,,,,,10.00,0.00,0.00,10.00,nos,Cochin,entity_level,true,0.00,0.0,,,,,,,goods,,,,1100.00,40410.00,0.00,Adjustment,0.00,0.000,,,,,,,,0,Due on Receipt,Cochin,C/O LOGIWIZ LOGISTICS INDIA PVT LTD,COCHIN,Kerala,India,683503,8803333444,,,,,,,,,,,,0.000,,,,,,,,,Shalima,Before loading
99381000007333470,2023-01-17,99381000000098082,Cochin,,PO-00226,,Partially Billed,Shanghai Yousheng Weighing Apparatus Co. Ltd.,84239020,FALSE,,KL,overseas,,false,USD,81.819669000000,Compact 1,,,,,,Inventory Asset,,140.00,Floor Scale 1.5mx1.5m,99381000000035254,PLT1500,,,,,,5.00,0.00,0.00,5.00,nos,Cochin,entity_level,true,0.00,0.0,,,,,,,goods,,,,700.00,40410.00,0.00,Adjustment,0.00,0.000,,,,,,,,0,Due on Receipt,Cochin,C/O LOGIWIZ LOGISTICS INDIA PVT LTD,COCHIN,Kerala,India,683503,8803333444,,,,,,,,,,,,0.000,,,,,,,,,Shalima,Before loading
99381000007333470,2023-01-17,99381000000098082,Cochin,,PO-00226,,Partially Billed,Shanghai Yousheng Weighing Apparatus Co. Ltd.,84239020,FALSE,,KL,overseas,,false,USD,81.819669000000,Compact 1,,,,,,Inventory Asset,,2600.00,Spare Parts,99381000001847007,SPARE,,,,,,1.00,0.00,0.00,0.00,box,Cochin,entity_level,true,0.00,0.0,,,,,,,goods,,,,2600.00,40410.00,0.00,Adjustment,0.00,0.000,,,,,,,,0,Due on Receipt,Cochin,C/O LOGIWIZ LOGISTICS INDIA PVT LTD,COCHIN,Kerala,India,683503,8803333444,,,,,,,,,,,,0.000,,,,,,,,,Shalima,Before loading
99381000007333470,2023-01-17,99381000000098082,Cochin,,PO-00226,,Partially Billed,Shanghai Yousheng Weighing Apparatus Co. Ltd.,84239020,FALSE,,KL,overseas,,false,USD,81.819669000000,Compact 1,,,,,,Inventory Asset,,10.00,Indicator-Floor scale,99381000008072076,PFINDXK3100B3,,,,,,15.00,0.00,0.00,15.00,nos,Cochin,entity_level,true,0.00,0.0,,,,,,,goods,,,,150.00,40410.00,0.00,Adjustment,0.00,0.000,,,,,,,,0,Due on Receipt,Cochin,C/O LOGIWIZ LOGISTICS INDIA PVT LTD,COCHIN,Kerala,India,683503,8803333444,,,,,,,,,,,,0.000,,,,,,,,,Shalima,Before loading
99381000007333540,2023-01-17,99381000000098082,Cochin,,PO-00227,,Partially Billed,Zhejiang Sifang Import and Export Co. Ltd,84238190,FALSE,,KL,overseas,,false,USD,81.772835000000,Compact 1,,,,,,Inventory Asset,,16.50,PRICE COMPUTING SCALE - GOLD,99381000006684037,ATMGL,,,,,"Make: YESWEIGH Model:YSP-30
Max:20kg e:2g Min:40g Class:III",1000.00,0.00,0.00,1000.00,nos,Cochin,entity_level,true,0.00,0.0,,,,,,,goods,,,,16500.00,29621.80,0.00,Adjustment,0.00,0.000,,,,,,,,0,Due on Receipt,Cochin,C/O LOGIWIZ LOGISTICS INDIA PVT LTD,COCHIN,Kerala,India,683503,8803333444,,,,,,,,,,,,0.000,,,,,,,,,Shalima,100% as advance
99381000007333540,2023-01-17,99381000000098082,Cochin,,PO-00227,,Partially Billed,Zhejiang Sifang Import and Export Co. Ltd,84231000,FALSE,,KL,overseas,,false,USD,81.772835000000,Compact 1,,,,,,Inventory Asset,,16.50,Price Computing scale,99381000000016031,ATMPC,,,,,Max:20kg  e:2g  Min:40g  ,500.00,0.00,0.00,470.00,nos,Cochin,entity_level,true,0.00,0.0,,,,,,,goods,,,,8250.00,29621.80,0.00,Adjustment,0.00,0.000,,,,,,,,0,Due on Receipt,Cochin,C/O LOGIWIZ LOGISTICS INDIA PVT LTD,COCHIN,Kerala,India,683503,8803333444,,,,,,,,,,,,0.000,,,,,,,,,Shalima,100% as advance
99381000007333540,2023-01-17,99381000000098082,Cochin,,PO-00227,,Partially Billed,Zhejiang Sifang Import and Export Co. Ltd,84239020,FALSE,,KL,overseas,,false,USD,81.772835000000,Compact 1,,,,,,Inventory Asset,,49.00,Platform Weighing Scale 420x520 SS,99381000001476030,PFPC420X520SS,,,,,,50.00,0.00,0.00,0.00,nos,Cochin,entity_level,true,0.00,0.0,,,,,,,goods,,,,2450.00,29621.80,0.00,Adjustment,0.00,0.000,,,,,,,,0,Due on Receipt,Cochin,C/O LOGIWIZ LOGISTICS INDIA PVT LTD,COCHIN,Kerala,India,683503,8803333444,,,,,,,,,,,,0.000,,,,,,,,,Shalima,100% as advance
99381000007333540,2023-01-17,99381000000098082,Cochin,,PO-00227,,Partially Billed,Zhejiang Sifang Import and Export Co. Ltd,84231000,FALSE,,KL,overseas,,false,USD,81.772835000000,Compact 1,,,,,,Inventory Asset,,116.00,Platform Weighing Scale 600x800 MS (Trolley),99381000000326192,PFPC600X800MS,,,,,,10.00,0.00,0.00,0.00,nos,Cochin,entity_level,true,0.00,0.0,,,,,,,goods,,,,1160.00,29621.80,0.00,Adjustment,0.00,0.000,,,,,,,,0,Due on Receipt,Cochin,C/O LOGIWIZ LOGISTICS INDIA PVT LTD,COCHIN,Kerala,India,683503,8803333444,,,,,,,,,,,,0.000,,,,,,,,,Shalima,100% as advance
99381000007333540,2023-01-17,99381000000098082,Cochin,,PO-00227,,Partially Billed,Zhejiang Sifang Import and Export Co. Ltd,84239020,FALSE,,KL,overseas,,false,USD,81.772835000000,Compact 1,,,,,,Inventory Asset,,1261.80,Spare Parts,99381000001847007,SPARE,,,,,,1.00,0.00,0.00,0.00,box,Cochin,entity_level,true,0.00,0.0,,,,,,,goods,,,,1261.80,29621.80,0.00,Adjustment,0.00,0.000,,,,,,,,0,Due on Receipt,Cochin,C/O LOGIWIZ LOGISTICS INDIA PVT LTD,COCHIN,Kerala,India,683503,8803333444,,,,,,,,,,,,0.000,,,,,,,,,Shalima,100% as advance
99381000007514001,2022-11-14,99381000000098082,Cochin,,PO-00228,,Billed,Zhejiang Sifang Import and Export Co. Ltd,84231000,FALSE,,KL,overseas,,false,USD,80.992350000000,Compact 1,,,,,,Inventory Asset,,185.00,Analytical Balance 220g /0.1mg,99381000000205926,BSM2204,,,,,"BSM  220.4   220g/0.1mg analytical balance
",75.00,0.00,0.00,75.00,nos,Cochin,entity_level,true,0.00,0.0,,,,,,,goods,,,,13875.00,14125.00,0.00,Adjustment,0.00,0.000,,,,,,,,0,Due on Receipt,Cochin,C/O LOGIWIZ LOGISTICS INDIA PVT LTD,COCHIN,Kerala,India,683503,8803333444,,,,,,,,,,,,0.000,,,,,,,,,Shalima,as advance
99381000007514001,2022-11-14,99381000000098082,Cochin,,PO-00228,,Billed,Zhejiang Sifang Import and Export Co. Ltd,,FALSE,,KL,overseas,,false,USD,80.992350000000,Compact 1,,,,,,Import Expenses,,250.00,,,,,,,,Transportation cost,1.00,0.00,0.00,1.00,,,entity_level,true,0.00,0.0,,,,,,,service,,,,250.00,14125.00,0.00,Adjustment,0.00,0.000,,,,,,,,0,Due on Receipt,Cochin,C/O LOGIWIZ LOGISTICS INDIA PVT LTD,COCHIN,Kerala,India,683503,8803333444,,,,,,,,,,,,0.000,,,,,,,,,Shalima,as advance
99381000007737071,2023-02-12,99381000003083031,Head Office,,PO-00229,,Billed,ELIANCE CONNECTORS LLP,84239020,FALSE,GJ,KL,business_gst,24AAIFE9216E1ZM,false,INR,1.000000000000,Compact 1,,,,,,Inventory Asset,,2.70,ON/OFF SWITCH,99381000002008051,SWITCH,,,,,,1000.00,0.00,0.00,1000.00,nos,Head Office,entity_level,true,0.00,0.0,99381000000006196,IGST18,18.00,486.00,ItemAmount,,goods,,,,2700.00,3658.00,0.00,Adjustment,0.00,0.000,,,,,,,,0,Due on Receipt,Vytila-COK," 49/468A, CITY CENTER 2ND FLOOR VYTTILA ",COCHIN,Kerala,India,,8803333444,,,,,,,,,,,,0.000,,,,,,,,,Teslin,advance
99381000007737071,2023-02-12,99381000003083031,Head Office,,PO-00229,,Billed,ELIANCE CONNECTORS LLP,996819,FALSE,GJ,KL,business_gst,24AAIFE9216E1ZM,false,INR,1.000000000000,Compact 1,,,,,,Cost of Goods Sold,,400.00,Freight,99381000003152296,FREIGH,,,,,,1.00,0.00,0.00,1.00,Lumpsum,,entity_level,true,0.00,0.0,99381000000006196,IGST18,18.00,72.00,ItemAmount,,service,,,,400.00,3658.00,0.00,Adjustment,0.00,0.000,,,,,,,,0,Due on Receipt,Vytila-COK," 49/468A, CITY CENTER 2ND FLOOR VYTTILA ",COCHIN,Kerala,India,,8803333444,,,,,,,,,,,,0.000,,,,,,,,,Teslin,advance
99381000007876269,2023-02-24,99381000000098082,Cochin,,PO-00230,,Billed,Lotus Impex,84729090,FALSE,MH,KL,business_gst,27BQKPS9737D1Z9,false,INR,1.000000000000,Compact 1,,,,,,Inventory Asset,,6400.00,CCM  - Value Counting Machine,99381000000302452,AL66,,,,,LT-1500,10.00,0.00,0.00,10.00,nos,Cochin,entity_level,true,0.00,0.0,99381000000006196,IGST18,18.00,11520.00,ItemAmount,,goods,,,,64000.00,75520.00,0.00,Adjustment,0.00,0.000,,,,,,,,0,Due on Receipt,Cochin,C/O LOGIWIZ LOGISTICS INDIA PVT LTD,COCHIN,Kerala,India,683503,8803333444,,,,,,,,,,,,0.000,,,,,,,,,Shalima,100% as advance
99381000008054126,2023-03-10,99381000003083031,Head Office,,PO-00231,,Billed,PMS SOFTINFO TECHNOLOGIES PVT LTD,84239020,FALSE,RJ,KL,business_gst,08AAECP8296N1ZI,false,INR,1.000000000000,Compact 1,,,,,,Inventory Asset,,625.00,Motherboard - PMS 45(RED),99381000008054092,PMS45RED,,,,,,50.00,0.00,0.00,50.00,nos,Head Office,entity_level,true,0.00,0.0,99381000000006196,IGST18,18.00,5625.00,ItemAmount,,goods,,,,31250.00,76051.00,0.00,Adjustment,0.00,0.000,,,,,,,,0,Due on Receipt,Vytila-COK," 49/468A, CITY CENTER 2ND FLOOR VYTTILA ",COCHIN,Kerala,India,,8803333444,,,,,,,,,,,,0.000,,,,,,,,,Teslin,Advance
99381000008054126,2023-03-10,99381000003083031,Head Office,,PO-00231,,Billed,PMS SOFTINFO TECHNOLOGIES PVT LTD,84239020,FALSE,RJ,KL,business_gst,08AAECP8296N1ZI,false,INR,1.000000000000,Compact 1,,,,,,Inventory Asset,,650.00,Motherboard- PMS 45(GREEN),99381000008054109,MPG45,,,,,,50.00,0.00,0.00,50.00,nos,Head Office,entity_level,true,0.00,0.0,99381000000006196,IGST18,18.00,5850.00,ItemAmount,,goods,,,,32500.00,76051.00,0.00,Adjustment,0.00,0.000,,,,,,,,0,Due on Receipt,Vytila-COK," 49/468A, CITY CENTER 2ND FLOOR VYTTILA ",COCHIN,Kerala,India,,8803333444,,,,,,,,,,,,0.000,,,,,,,,,Teslin,Advance
99381000008054126,2023-03-10,99381000003083031,Head Office,,PO-00231,,Billed,PMS SOFTINFO TECHNOLOGIES PVT LTD,996819,FALSE,RJ,KL,business_gst,08AAECP8296N1ZI,false,INR,1.000000000000,Compact 1,,,,,,Cost of Goods Sold,,700.00,Freight,99381000003152296,FREIGH,,,,,,1.00,0.00,0.00,1.00,Lumpsum,,entity_level,true,0.00,0.0,99381000000006196,IGST18,18.00,126.00,ItemAmount,,service,,,,700.00,76051.00,0.00,Adjustment,0.00,0.000,,,,,,,,0,Due on Receipt,Vytila-COK," 49/468A, CITY CENTER 2ND FLOOR VYTTILA ",COCHIN,Kerala,India,,8803333444,,,,,,,,,,,,0.000,,,,,,,,,Teslin,Advance
99381000008112120,2023-03-14,99381000000098082,Cochin,,PO-00232,,Billed,Shanghai Yousheng Weighing Apparatus Co. Ltd.,84238290,FALSE,,KL,overseas,,false,USD,82.308251000000,Compact 1,,,,,,Inventory Asset,,110.00,Price Computing Scale,99381000005334231,PCSL,,,,,,400.00,0.00,0.00,400.00,nos,Cochin,entity_level,true,0.00,0.0,,,,,,,goods,,,,44000.00,44000.00,0.00,Adjustment,0.00,0.000,,,,,,,,0,Due on Receipt,Cochin,C/O LOGIWIZ LOGISTICS INDIA PVT LTD,COCHIN,Kerala,India,683503,8803333444,,,,,,,,,,,,0.000,,,,,,,,,Shalima,26000 as advance
99381000008699661,2023-03-23,99381000000098082,Cochin,,PO-00233,,Partially Billed,Zhejiang Sifang Import and Export Co. Ltd,84238290,FALSE,,KL,overseas,,false,USD,82.265555000000,Compact 1,,,,,,Inventory Asset,,19.00,PLATFORM SCALE-BENCH(GREEN-O),99381000008696613,BPCG,,,,,Make: YESWEIGH Model:YSP-50 Max:50kg e:5g Min:100g Class:III Display : Green,1500.00,0.00,0.00,1500.00,nos,Cochin,entity_level,true,0.00,0.0,,,,,,,goods,,,,28500.00,41953.00,0.00,Adjustment,0.00,0.000,,,,,,,,0,Due on Receipt,Cochin,C/O LOGIWIZ LOGISTICS INDIA PVT LTD,COCHIN,Kerala,India,683503,8803333444,,,,,,,,,,,,0.000,,,,,,,,,Shalima,10000$ AS ADVANCE
99381000008699661,2023-03-23,99381000000098082,Cochin,,PO-00233,,Partially Billed,Zhejiang Sifang Import and Export Co. Ltd,84238190,FALSE,,KL,overseas,,false,USD,82.265555000000,Compact 1,,,,,,Inventory Asset,,13.00,PRICE COMPUTING SCALE - WHITE (AY),99381000008696634,ATMPCWH,,,,,Make: YESWEIGH Model: YSP 30 Max:20kg e:2g Min:40g Class:III,400.00,0.00,0.00,400.00,nos,Cochin,entity_level,true,0.00,0.0,,,,,,,goods,,,,5200.00,41953.00,0.00,Adjustment,0.00,0.000,,,,,,,,0,Due on Receipt,Cochin,C/O LOGIWIZ LOGISTICS INDIA PVT LTD,COCHIN,Kerala,India,683503,8803333444,,,,,,,,,,,,0.000,,,,,,,,,Shalima,10000$ AS ADVANCE
99381000008699661,2023-03-23,99381000000098082,Cochin,,PO-00233,,Partially Billed,Zhejiang Sifang Import and Export Co. Ltd,84239020,FALSE,,KL,overseas,,false,USD,82.265555000000,Compact 1,,,,,,Inventory Asset,,272.00,Spare Parts,99381000001847007,SPARE,,,,,,1.00,0.00,0.00,0.00,box,Cochin,entity_level,true,0.00,0.0,,,,,,,goods,,,,272.00,41953.00,0.00,Adjustment,0.00,0.000,,,,,,,,0,Due on Receipt,Cochin,C/O LOGIWIZ LOGISTICS INDIA PVT LTD,COCHIN,Kerala,India,683503,8803333444,,,,,,,,,,,,0.000,,,,,,,,,Shalima,10000$ AS ADVANCE
99381000008699661,2023-03-23,99381000000098082,Cochin,,PO-00233,,Partially Billed,Zhejiang Sifang Import and Export Co. Ltd,84239020,FALSE,,KL,overseas,,false,USD,82.265555000000,Compact 1,,,,,,Inventory Asset,,49.00,Platform Weighing Scale 420x520 SS,99381000001476030,PFPC420X520SS,,,,,,50.00,0.00,0.00,50.00,nos,Cochin,entity_level,true,0.00,0.0,,,,,,,goods,,,,2450.00,41953.00,0.00,Adjustment,0.00,0.000,,,,,,,,0,Due on Receipt,Cochin,C/O LOGIWIZ LOGISTICS INDIA PVT LTD,COCHIN,Kerala,India,683503,8803333444,,,,,,,,,,,,0.000,,,,,,,,,Shalima,10000$ AS ADVANCE
99381000008699661,2023-03-23,99381000000098082,Cochin,,PO-00233,,Partially Billed,Zhejiang Sifang Import and Export Co. Ltd,84238190,FALSE,,KL,overseas,,false,USD,82.265555000000,Compact 1,,,,,,Inventory Asset,,16.50,Price Computing scale,99381000000016031,ATMPC,,,,,Max:20kg  e:2g  Min:40g  ,30.00,0.00,0.00,30.00,nos,Cochin,entity_level,true,0.00,0.0,,,,,,,goods,,,,495.00,41953.00,0.00,Adjustment,0.00,0.000,,,,,,,,0,Due on Receipt,Cochin,C/O LOGIWIZ LOGISTICS INDIA PVT LTD,COCHIN,Kerala,India,683503,8803333444,,,,,,,,,,,,0.000,,,,,,,,,Shalima,10000$ AS ADVANCE
99381000008699661,2023-03-23,99381000000098082,Cochin,,PO-00233,,Partially Billed,Zhejiang Sifang Import and Export Co. Ltd,84231000,FALSE,,KL,overseas,,false,USD,82.265555000000,Compact 1,,,,,,Inventory Asset,,116.00,Platform Weighing Scale 600x800 MS (Trolley),99381000000326192,PFPC600X800MS,,,,,,10.00,0.00,0.00,10.00,nos,Cochin,entity_level,true,0.00,0.0,,,,,,,goods,,,,1160.00,41953.00,0.00,Adjustment,0.00,0.000,,,,,,,,0,Due on Receipt,Cochin,C/O LOGIWIZ LOGISTICS INDIA PVT LTD,COCHIN,Kerala,India,683503,8803333444,,,,,,,,,,,,0.000,,,,,,,,,Shalima,10000$ AS ADVANCE
99381000008699661,2023-03-23,99381000000098082,Cochin,,PO-00233,,Partially Billed,Zhejiang Sifang Import and Export Co. Ltd,84231000,FALSE,,KL,overseas,,false,USD,82.265555000000,Compact 1,,,,,,Inventory Asset,,19.00,PLATFORM SCALE-BENCH (G),99381000002790630,YS50GY,,,,,"Make: YESWEIGH  Model:YSP-50
Max:50kg  e:5g  Min:100g  Class:III",128.00,0.00,0.00,128.00,nos,Cochin,entity_level,true,0.00,0.0,,,,,,,goods,,,,2432.00,41953.00,0.00,Adjustment,0.00,0.000,,,,,,,,0,Due on Receipt,Cochin,C/O LOGIWIZ LOGISTICS INDIA PVT LTD,COCHIN,Kerala,India,683503,8803333444,,,,,,,,,,,,0.000,,,,,,,,,Shalima,10000$ AS ADVANCE
99381000008699661,2023-03-23,99381000000098082,Cochin,,PO-00233,,Partially Billed,Zhejiang Sifang Import and Export Co. Ltd,84238190,FALSE,,KL,overseas,,false,USD,82.265555000000,Compact 1,,,,,,Inventory Asset,,19.00,PLATFORM SCALE - BENCH(O),99381000006174206,YS50GO,,,,,Max:50kg e:5g Min:100g Class:III,76.00,0.00,0.00,76.00,nos,Cochin,entity_level,true,0.00,0.0,,,,,,,goods,,,,1444.00,41953.00,0.00,Adjustment,0.00,0.000,,,,,,,,0,Due on Receipt,Cochin,C/O LOGIWIZ LOGISTICS INDIA PVT LTD,COCHIN,Kerala,India,683503,8803333444,,,,,,,,,,,,0.000,,,,,,,,,Shalima,10000$ AS ADVANCE
99381000008699780,2023-04-18,99381000000098082,Cochin,,PO-00234,,Partially Billed,ZHEJIANG SIFANG IMPORT & EXPORT CO LTD- AD,84238290,FALSE,,KL,overseas,,false,USD,82.108146000000,Compact 1,,,,,,Inventory Asset,,17.75,PLATFORM SCALE -BENCH (DUAL-AD),99381000008699736,BPC50DAD2,,,,,Make: YESWEIGH Model:YSP-50 Max:50kg e:5g Min:100g Class:III Display : Dual,2000.00,0.00,0.00,1956.00,nos,Cochin,entity_level,true,0.00,0.0,,,,,,,goods,,,,35500.00,44399.80,0.00,Adjustment,0.00,0.000,,,,,,,,0,Due on Receipt,Cochin,C/O LOGIWIZ LOGISTICS INDIA PVT LTD,COCHIN,Kerala,India,683503,8803333444,,,,,,,,,,,,0.000,,,,,,,,,Shalima,15000$ AS ADVANCE
99381000008699780,2023-04-18,99381000000098082,Cochin,,PO-00234,,Partially Billed,ZHEJIANG SIFANG IMPORT & EXPORT CO LTD- AD,84238190,FALSE,,KL,overseas,,false,USD,82.108146000000,Compact 1,,,,,,Inventory Asset,,13.65,PRICE COMPUTING SCALE (DUAL-AD),99381000008699757,ATM30DAD1,,,,,,652.00,0.00,0.00,652.00,nos,Cochin,entity_level,true,0.00,0.0,,,,,,,goods,,,,8899.80,44399.80,0.00,Adjustment,0.00,0.000,,,,,,,,0,Due on Receipt,Cochin,C/O LOGIWIZ LOGISTICS INDIA PVT LTD,COCHIN,Kerala,India,683503,8803333444,,,,,,,,,,,,0.000,,,,,,,,,Shalima,15000$ AS ADVANCE
99381000008836011,2023-05-09,99381000003083031,Head Office,,PO-00235,,Billed,BREVERA TECHNOLOGIES PRIVATE LIMITED,84239020,FALSE,KA,KL,business_gst,29AAFCB7108Q1Z4,false,INR,1.000000000000,Compact 1,,,,,,Inventory Asset,,152.00,CHOTTU MOTHERBOARD - 99MB 6V,99381000001165607,CH602,,,,,,100.00,0.00,0.00,100.00,nos,Head Office,entity_level,true,0.00,0.0,99381000000006196,IGST18,18.00,2736.00,ItemAmount,,goods,,,,15200.00,18172.00,0.00,Adjustment,0.00,0.000,,,,,,,,0,Due on Receipt,Vytila-COK," 49/468A, CITY CENTER 2ND FLOOR VYTTILA ",COCHIN,Kerala,India,,8803333444,,,,,,,,,,,,0.000,,,,,,,,,Teslin,advanced
99381000008836011,2023-05-09,99381000003083031,Head Office,,PO-00235,,Billed,BREVERA TECHNOLOGIES PRIVATE LIMITED,996819,FALSE,KA,KL,business_gst,29AAFCB7108Q1Z4,false,INR,1.000000000000,Compact 1,,,,,,Cost of Goods Sold,,200.00,Freight,99381000003152296,FREIGH,,,,,,1.00,0.00,0.00,1.00,Lumpsum,,entity_level,true,0.00,0.0,99381000000006196,IGST18,18.00,36.00,ItemAmount,,service,,,,200.00,18172.00,0.00,Adjustment,0.00,0.000,,,,,,,,0,Due on Receipt,Vytila-COK," 49/468A, CITY CENTER 2ND FLOOR VYTTILA ",COCHIN,Kerala,India,,8803333444,,,,,,,,,,,,0.000,,,,,,,,,Teslin,advanced
99381000008838050,2023-05-10,99381000003083031,Head Office,,PO-00236,,Billed,PMS SOFTINFO TECHNOLOGIES PVT LTD,84239020,FALSE,RJ,KL,business_gst,08AAECP8296N1ZI,false,INR,1.000000000000,Compact 1,,,,,,Inventory Asset,,185.00,Motherboard PMS 63,99381000002007019,MP63,,,,,,600.00,0.00,0.00,600.00,nos,Head Office,entity_level,true,0.00,0.0,99381000000006196,IGST18,18.00,19980.00,ItemAmount,,goods,,,,111000.00,135228.00,0.00,Adjustment,0.00,0.000,,,,,,,,0,Due on Receipt,Vytila-COK," 49/468A, CITY CENTER 2ND FLOOR VYTTILA ",COCHIN,Kerala,India,,8803333444,,,,,,,,,,,,0.000,,,,,,,,,Teslin,advanced
99381000008838050,2023-05-10,99381000003083031,Head Office,,PO-00236,,Billed,PMS SOFTINFO TECHNOLOGIES PVT LTD,996819,FALSE,RJ,KL,business_gst,08AAECP8296N1ZI,false,INR,1.000000000000,Compact 1,,,,,,Cost of Goods Sold,,3600.00,Freight,99381000003152296,FREIGH,,,,,,1.00,0.00,0.00,1.00,Lumpsum,,entity_level,true,0.00,0.0,99381000000006196,IGST18,18.00,648.00,ItemAmount,,service,,,,3600.00,135228.00,0.00,Adjustment,0.00,0.000,,,,,,,,0,Due on Receipt,Vytila-COK," 49/468A, CITY CENTER 2ND FLOOR VYTTILA ",COCHIN,Kerala,India,,8803333444,,,,,,,,,,,,0.000,,,,,,,,,Teslin,advanced
99381000009026504,2023-05-31,99381000000098082,Cochin,,PO-00237,,Billed,SAFAL ENTERPRISE PVT. LTD.,84231000,FALSE,GJ,KL,business_gst,24ABFCS6034B1ZR,false,INR,1.000000000000,Compact 1,,,,,,Inventory Asset,,1100.00,Table Top Scale  220x170 ABS 6 Volt,99381000000562040,TTABS6V,,,,,"Max : 20kg e:2gm Min: 40g Class III
Make : YESWEIGH 
("" YESWEIGH"" printed Overlay sticker)",70.00,0.00,0.00,70.00,nos,Cochin,entity_level,true,0.00,0.0,99381000000006196,IGST18,18.00,13860.00,ItemAmount,,goods,,,,77000.00,90860.00,0.00,Adjustment,0.00,0.000,,,,,,,,0,Due on Receipt,Cochin,C/O LOGIWIZ LOGISTICS INDIA PVT LTD,COCHIN,Kerala,India,683503,8803333444,,,,,,,,,,,,0.000,,,,,,,,,Shalima,One month credit
99381000009208333,2023-06-01,99381000000098082,Cochin,,PO-00238,,Billed,Zhejiang Sifang Import and Export Co. Ltd,84238290,FALSE,,KL,overseas,,false,USD,82.276756000000,Compact 1,,,,,,Inventory Asset,,19.00,PLATFORM SCALE-BENCH(GREEN-O),99381000008696613,BPCG,,,,, Max:50kg e:5g Min:100g Class:III Display : Green,1600.00,0.00,0.00,1600.00,nos,Cochin,entity_level,true,0.00,0.0,,,,,,,goods,,,,30400.00,41520.00,0.00,Adjustment,0.00,0.000,,,,,,,,0,Due on Receipt,Cochin,C/O LOGIWIZ LOGISTICS INDIA PVT LTD,COCHIN,Kerala,India,683503,8803333444,,,,,,,,,,,,0.000,,,,,,,,,Shalima,50% as advance
99381000009208333,2023-06-01,99381000000098082,Cochin,,PO-00238,,Billed,Zhejiang Sifang Import and Export Co. Ltd,84238290,FALSE,,KL,overseas,,false,USD,82.276756000000,Compact 1,,,,,,Inventory Asset,,22.24,PLATFORM SCALE,99381000005898921,PLATFO,,,,,"Make: YESWEIGH Model: YSP PC
Capacity :50kg/5g Size : 30*34 
Display : Green",500.00,0.00,0.00,500.00,nos,Cochin,entity_level,true,0.00,0.0,,,,,,,goods,,,,11120.00,41520.00,0.00,Adjustment,0.00,0.000,,,,,,,,0,Due on Receipt,Cochin,C/O LOGIWIZ LOGISTICS INDIA PVT LTD,COCHIN,Kerala,India,683503,8803333444,,,,,,,,,,,,0.000,,,,,,,,,Shalima,50% as advance
99381000009208356,2023-06-01,99381000000098082,Cochin,,PO-00239,,Partially Billed,ZHEJIANG SIFANG IMPORT & EXPORT CO LTD- AD,84238290,FALSE,,KL,overseas,,false,USD,82.276756000000,Compact 1,,,,,,Inventory Asset,,12.00,PLATFORM SCALE -BENCH (DUAL-AD3),99381000008766288,BPCADF,,,,,Make: YESWEIGH Model:YSP-50 Max:50kg e:5g Min:100g Class:III Display : Dual,1536.00,0.00,0.00,1536.00,nos,Cochin,entity_level,true,0.00,0.0,,,,,,,goods,,,,18432.00,32273.00,0.00,Adjustment,0.00,0.000,,,,,,,,0,Due on Receipt,Cochin,C/O LOGIWIZ LOGISTICS INDIA PVT LTD,COCHIN,Kerala,India,683503,8803333444,,,,,,,,,,,,0.000,,,,,,,,,Shalima,USD 15000 as advance
99381000009208356,2023-06-01,99381000000098082,Cochin,,PO-00239,,Partially Billed,ZHEJIANG SIFANG IMPORT & EXPORT CO LTD- AD,84238190,FALSE,,KL,overseas,,false,USD,82.276756000000,Compact 1,,,,,,Inventory Asset,,10.00,ECONOMIC BENCH MS,99381000006175159,BY5039,,,,,"Size : 30*34 Max: 50kg e: 5g
Dual display, LED RED display,Foldable platform",1000.00,0.00,0.00,916.00,nos,Cochin,entity_level,true,0.00,0.0,,,,,,,goods,,,,10000.00,32273.00,0.00,Adjustment,0.00,0.000,,,,,,,,0,Due on Receipt,Cochin,C/O LOGIWIZ LOGISTICS INDIA PVT LTD,COCHIN,Kerala,India,683503,8803333444,,,,,,,,,,,,0.000,,,,,,,,,Shalima,USD 15000 as advance
99381000009208356,2023-06-01,99381000000098082,Cochin,,PO-00239,,Partially Billed,ZHEJIANG SIFANG IMPORT & EXPORT CO LTD- AD,84238290,FALSE,,KL,overseas,,false,USD,82.276756000000,Compact 1,,,,,,Inventory Asset,,15.30,Price Computing scale -W,99381000006409443,DY798,,,,,"Make: YESWEIGH Model: YSP 30
Max:20kg e:2g Min:40g Class:III",200.00,0.00,0.00,200.00,nos,Cochin,entity_level,true,0.00,0.0,,,,,,,goods,,,,3060.00,32273.00,0.00,Adjustment,0.00,0.000,,,,,,,,0,Due on Receipt,Cochin,C/O LOGIWIZ LOGISTICS INDIA PVT LTD,COCHIN,Kerala,India,683503,8803333444,,,,,,,,,,,,0.000,,,,,,,,,Shalima,USD 15000 as advance
99381000009208356,2023-06-01,99381000000098082,Cochin,,PO-00239,,Partially Billed,ZHEJIANG SIFANG IMPORT & EXPORT CO LTD- AD,84238290,FALSE,,KL,overseas,,false,USD,82.276756000000,Compact 1,,,,,,Inventory Asset,,17.75,PLATFORM SCALE -BENCH (DUAL-AD),99381000008699736,BPC50DAD2,,,,,Make: YESWEIGH Model:YSP-50 Max:50kg e:5g Min:100g Class:III Display : Dual,44.00,0.00,0.00,44.00,nos,Cochin,entity_level,true,0.00,0.0,,,,,,,goods,,,,781.00,32273.00,0.00,Adjustment,0.00,0.000,,,,,,,,0,Due on Receipt,Cochin,C/O LOGIWIZ LOGISTICS INDIA PVT LTD,COCHIN,Kerala,India,683503,8803333444,,,,,,,,,,,,0.000,,,,,,,,,Shalima,USD 15000 as advance
99381000009208379,2023-06-09,99381000000098082,Cochin,,PO-00240,,Billed,Zhejiang Sifang Import and Export Co. Ltd,84238190,FALSE,,KL,overseas,,false,USD,82.447028000000,Compact 1,,,,,,Inventory Asset,,13.00,PRICE COMPUTING SCALE - WHITE (AY),99381000008696634,ATMPCWH,,,,,Make: YESWEIGH Model: YSP 30 Max:20kg e:2g Min:40g Class:III,1445.00,0.00,0.00,1445.00,nos,Cochin,entity_level,true,0.00,0.0,,,,,,,goods,,,,18785.00,18785.00,0.00,Adjustment,0.00,0.000,,,,,,,,0,Due on Receipt,Cochin,C/O LOGIWIZ LOGISTICS INDIA PVT LTD,COCHIN,Kerala,India,683503,8803333444,,,,,,,,,,,,0.000,,,,,,,,,Shalima,100% AS ADVANCE
99381000009265493,2023-06-14,99381000003083031,Head Office,,PO-00241,,Billed,BREVERA TECHNOLOGIES PRIVATE LIMITED,84239020,FALSE,KA,KL,business_gst,29AAFCB7108Q1Z4,false,INR,1.000000000000,Compact 1,,,,,,Inventory Asset,,152.00,CHOTTU MOTHERBOARD - 99MB 6V,99381000001165607,CH602,,,,,,100.00,0.00,0.00,100.00,nos,Head Office,entity_level,true,0.00,0.0,99381000000006196,IGST18,18.00,2736.00,ItemAmount,,goods,,,,15200.00,18231.00,0.00,Adjustment,0.00,0.000,,,,,,,,0,Due on Receipt,,"LOGIWIZ LOGISTICS,POTTEKATTU BUILDING,HMT JN,",Cochin,"HMT ROAD, KALAMASSERY",India,683503,8590603061,,,,,,,,,,,,0.000,,,,,,,,,Shalima,100% as advance
99381000009265493,2023-06-14,99381000003083031,Head Office,,PO-00241,,Billed,BREVERA TECHNOLOGIES PRIVATE LIMITED,996819,FALSE,KA,KL,business_gst,29AAFCB7108Q1Z4,false,INR,1.000000000000,Compact 1,,,,,,Cost of Goods Sold,,250.00,Freight,99381000003152296,FREIGH,,,,,,1.00,0.00,0.00,1.00,Lumpsum,,entity_level,true,0.00,0.0,99381000000006196,IGST18,18.00,45.00,ItemAmount,,service,,,,250.00,18231.00,0.00,Adjustment,0.00,0.000,,,,,,,,0,Due on Receipt,,"LOGIWIZ LOGISTICS,POTTEKATTU BUILDING,HMT JN,",Cochin,"HMT ROAD, KALAMASSERY",India,683503,8590603061,,,,,,,,,,,,0.000,,,,,,,,,Shalima,100% as advance
99381000009306771,2023-06-16,99381000000098082,Cochin,,PO-00242,,Billed,ACE Electronic,84231000,FALSE,KL,KL,business_gst,32AAZFA3650P1ZV,false,INR,1.000000000000,Compact 1,,,,,,Inventory Asset,,12500.00,Bill Printing scale Q8POS,99381000000011617,ECS5W,,,,,,2.00,0.00,0.00,2.00,nos,Cochin,entity_level,true,0.00,0.0,99381000000006208,GST18,18.00,4500.00,Tax Group,,goods,,,,25000.00,29500.00,0.00,Adjustment,0.00,0.000,,,,,,,,0,Due on Receipt,Cochin,C/O LOGIWIZ LOGISTICS INDIA PVT LTD,COCHIN,Kerala,India,683503,8803333444,,,,,,,,,,,,0.000,,,,,,,,,Shalima,NIL
99381000009540749,2023-07-05,99381000003083031,Head Office,,PO-00243,,Billed,ZHEJIANG SIFANG IMPORT & EXPORT CO LTD- AD,84239020,FALSE,,KL,overseas,,false,USD,82.270671000000,Compact 1,,,,,,Inventory Asset,,1406.50,Spare Parts,99381000001847007,SPARE,,,,,,1.00,0.00,0.00,1.00,box,Head Office,entity_level,true,0.00,0.0,,,,,,,goods,,,,1406.50,1406.50,0.00,Adjustment,0.00,0.000,,,,,,,,0,Due on Receipt,Vytila-COK," 49/468A, CITY CENTER 2ND FLOOR VYTTILA ",COCHIN,Kerala,India,,8803333444,,,,,,,,,,,,0.000,,,,,,,,,Shalima,PAID
99381000009759188,2023-07-21,99381000000098082,Cochin,,PO-00244,,Billed,Shanghai Yousheng Weighing Apparatus Co. Ltd.,84231000,FALSE,,KL,overseas,,false,USD,81.987374000000,Compact 1,,,,,,Inventory Asset,,115.00,Bill Printing scale Q8POS,99381000000011617,ECS5W,,,,,,150.00,0.00,0.00,150.00,nos,Cochin,entity_level,true,0.00,0.0,,,,,,,goods,,,,17250.00,45850.00,0.00,Adjustment,0.00,0.000,,,,,,,,0,Due on Receipt,Cochin,C/O LOGIWIZ LOGISTICS INDIA PVT LTD,COCHIN,Kerala,India,683503,8803333444,,,,,,,,,,,,0.000,,,,,,,,,Shalima,Before loading
99381000009759188,2023-07-21,99381000000098082,Cochin,,PO-00244,,Billed,Shanghai Yousheng Weighing Apparatus Co. Ltd.,84231000,FALSE,,KL,overseas,,false,USD,81.987374000000,Compact 1,,,,,,Inventory Asset,,110.00,Label Printing Scale Q9LBL,99381000002536240,Q9LBL,,,,,,260.00,0.00,0.00,260.00,nos,Cochin,entity_level,true,0.00,0.0,,,,,,,goods,,,,28600.00,45850.00,0.00,Adjustment,0.00,0.000,,,,,,,,0,Due on Receipt,Cochin,C/O LOGIWIZ LOGISTICS INDIA PVT LTD,COCHIN,Kerala,India,683503,8803333444,,,,,,,,,,,,0.000,,,,,,,,,Shalima,Before loading
99381000010125549,2023-08-10,99381000003083031,Head Office,,PO-00245,,Billed,BREVERA TECHNOLOGIES PRIVATE LIMITED,84239020,FALSE,KA,KL,business_gst,29AAFCB7108Q1Z4,false,INR,1.000000000000,Compact 1,,,,,,Inventory Asset,,152.00,CHOTTU MOTHERBOARD - 99MB 6V,99381000001165607,CH602,,,,,,100.00,0.00,0.00,100.00,nos,Head Office,entity_level,true,0.00,0.0,99381000000006196,IGST18,18.00,2736.00,ItemAmount,,goods,,,,15200.00,18231.00,0.00,Adjustment,0.00,0.000,,,,,,,,0,Due on Receipt,,"LOGIWIZ LOGISTICS,POTTEKATTU BUILDING,HMT JN,",Cochin,"HMT ROAD, KALAMASSERY",India,683503,8590603061,,,,,,,,,,,,0.000,,,,,,,,,Shalima,Advance
99381000010125549,2023-08-10,99381000003083031,Head Office,,PO-00245,,Billed,BREVERA TECHNOLOGIES PRIVATE LIMITED,,FALSE,KA,KL,business_gst,29AAFCB7108Q1Z4,false,INR,1.000000000000,Compact 1,,,,,,Freight Inwards,,250.00,,,,,,,,transportation,1.00,0.00,0.00,1.00,,,entity_level,true,0.00,0.0,99381000000006196,IGST18,18.00,45.00,ItemAmount,,service,,,,250.00,18231.00,0.00,Adjustment,0.00,0.000,,,,,,,,0,Due on Receipt,,"LOGIWIZ LOGISTICS,POTTEKATTU BUILDING,HMT JN,",Cochin,"HMT ROAD, KALAMASSERY",India,683503,8590603061,,,,,,,,,,,,0.000,,,,,,,,,Shalima,Advance
99381000010515047,2023-08-31,99381000003083031,Head Office,,PO-00246,,Billed,ELIANCE CONNECTORS LLP,84239020,FALSE,GJ,KL,business_gst,24AAIFE9216E1ZM,false,INR,1.000000000000,Compact 1,,,,,,Inventory Asset,,2.95,ON/OFF SWITCH,99381000002008051,SWITCH,,,,,,1000.00,0.00,0.00,1000.00,nos,Head Office,entity_level,true,0.00,0.0,99381000000006196,IGST18,18.00,531.00,ItemAmount,,goods,,,,2950.00,4130.00,0.00,Adjustment,0.00,0.000,,,,,,,,0,Due on Receipt,Vytila-COK," 49/468A, CITY CENTER 2ND FLOOR VYTTILA ",COCHIN,Kerala,India,,8803333444,,,,,,,,,,,,0.000,,,,,,,,,Shalima,Advance
99381000010515047,2023-08-31,99381000003083031,Head Office,,PO-00246,,Billed,ELIANCE CONNECTORS LLP,996819,FALSE,GJ,KL,business_gst,24AAIFE9216E1ZM,false,INR,1.000000000000,Compact 1,,,,,,Cost of Goods Sold,,550.00,Freight,99381000003152296,FREIGH,,,,,,1.00,0.00,0.00,1.00,Lumpsum,,entity_level,true,0.00,0.0,99381000000006196,IGST18,18.00,99.00,ItemAmount,,service,,,,550.00,4130.00,0.00,Adjustment,0.00,0.000,,,,,,,,0,Due on Receipt,Vytila-COK," 49/468A, CITY CENTER 2ND FLOOR VYTTILA ",COCHIN,Kerala,India,,8803333444,,,,,,,,,,,,0.000,,,,,,,,,Shalima,Advance
99381000010805649,2023-09-19,99381000000098082,Cochin,,PO-00247,,Billed,Shanghai Yousheng Weighing Apparatus Co. Ltd.,84238190,FALSE,,KL,overseas,,false,USD,83.284751000000,Compact 1,,,,,,Inventory Asset,,150.00,LABEL PRINTING SCALE Q10,99381000006174108,Q10LBL,,,,,"Make: YESWEIGH Model: YS LBL
Max: 30kg e:5g Min: 100g",25.00,0.00,0.00,25.00,nos,Cochin,entity_level,true,0.00,0.0,,,,,,,goods,,,,3750.00,41315.00,0.00,Adjustment,0.00,0.000,,,,,,,,0,Due on Receipt,Cochin,C/O LOGIWIZ LOGISTICS INDIA PVT LTD,COCHIN,Kerala,India,683503,8803333444,,,,,,,,,,,,0.000,,,,,,,,,Shalima,Before loading
99381000010805649,2023-09-19,99381000000098082,Cochin,,PO-00247,,Billed,Shanghai Yousheng Weighing Apparatus Co. Ltd.,84238190,FALSE,,KL,overseas,,false,USD,83.284751000000,Compact 1,,,,,,Inventory Asset,,130.00,Bill Printing scale Q10POS,99381000006174123,ECSQ10,,,,,Make:YESWEIGH Model:YS-30 Max:30kg e:5g Min:100g Class:III,50.00,0.00,0.00,50.00,nos,Cochin,entity_level,true,0.00,0.0,,,,,,,goods,,,,6500.00,41315.00,0.00,Adjustment,0.00,0.000,,,,,,,,0,Due on Receipt,Cochin,C/O LOGIWIZ LOGISTICS INDIA PVT LTD,COCHIN,Kerala,India,683503,8803333444,,,,,,,,,,,,0.000,,,,,,,,,Shalima,Before loading
99381000010805649,2023-09-19,99381000000098082,Cochin,,PO-00247,,Billed,Shanghai Yousheng Weighing Apparatus Co. Ltd.,84231000,FALSE,,KL,overseas,,false,USD,83.284751000000,Compact 1,,,,,,Inventory Asset,,93.00,Bill  Printing scale Q74W,99381000000343190,ECS4W,,,,,Make: YESWEIGH  Model: YS-30Max: 30kg e:5g Min: 100g,50.00,0.00,0.00,50.00,nos,Cochin,entity_level,true,0.00,0.0,,,,,,,goods,,,,4650.00,41315.00,0.00,Adjustment,0.00,0.000,,,,,,,,0,Due on Receipt,Cochin,C/O LOGIWIZ LOGISTICS INDIA PVT LTD,COCHIN,Kerala,India,683503,8803333444,,,,,,,,,,,,0.000,,,,,,,,,Shalima,Before loading
99381000010805649,2023-09-19,99381000000098082,Cochin,,PO-00247,,Billed,Shanghai Yousheng Weighing Apparatus Co. Ltd.,84231000,FALSE,,KL,overseas,,false,USD,83.284751000000,Compact 1,,,,,,Inventory Asset,,115.00,Bill Printing scale Q8POS,99381000000011617,ECS5W,,,,,Make:YESWEIGH Model:YS-30 Max:30kg e:5g Min:100g Class:III,150.00,0.00,0.00,150.00,nos,Cochin,entity_level,true,0.00,0.0,,,,,,,goods,,,,17250.00,41315.00,0.00,Adjustment,0.00,0.000,,,,,,,,0,Due on Receipt,Cochin,C/O LOGIWIZ LOGISTICS INDIA PVT LTD,COCHIN,Kerala,India,683503,8803333444,,,,,,,,,,,,0.000,,,,,,,,,Shalima,Before loading
99381000010805649,2023-09-19,99381000000098082,Cochin,,PO-00247,,Billed,Shanghai Yousheng Weighing Apparatus Co. Ltd.,84231000,FALSE,,KL,overseas,,false,USD,83.284751000000,Compact 1,,,,,,Inventory Asset,,120.00,ECS Indicator,99381000000343199,ECSIND,,,,,Bill printing indicator,10.00,0.00,0.00,10.00,nos,Cochin,entity_level,true,0.00,0.0,,,,,,,goods,,,,1200.00,41315.00,0.00,Adjustment,0.00,0.000,,,,,,,,0,Due on Receipt,Cochin,C/O LOGIWIZ LOGISTICS INDIA PVT LTD,COCHIN,Kerala,India,683503,8803333444,,,,,,,,,,,,0.000,,,,,,,,,Shalima,Before loading
99381000010805649,2023-09-19,99381000000098082,Cochin,,PO-00247,,Billed,Shanghai Yousheng Weighing Apparatus Co. Ltd.,84239020,FALSE,,KL,overseas,,false,USD,83.284751000000,Compact 1,,,,,,Inventory Asset,,140.00,Label Indicator,99381000007333495,LBLIND,,,,,Label Printing Indicator,5.00,0.00,0.00,5.00,nos,Cochin,entity_level,true,0.00,0.0,,,,,,,goods,,,,700.00,41315.00,0.00,Adjustment,0.00,0.000,,,,,,,,0,Due on Receipt,Cochin,C/O LOGIWIZ LOGISTICS INDIA PVT LTD,COCHIN,Kerala,India,683503,8803333444,,,,,,,,,,,,0.000,,,,,,,,,Shalima,Before loading
99381000010805649,2023-09-19,99381000000098082,Cochin,,PO-00247,,Billed,Shanghai Yousheng Weighing Apparatus Co. Ltd.,84238190,FALSE,,KL,overseas,,false,USD,83.284751000000,Compact 1,,,,,,Inventory Asset,,180.00,PALLET SCALE,99381000006174179,PSC,,,,,Capacity : 2.5T/0.5kg,18.00,0.00,0.00,18.00,nos,Cochin,entity_level,true,0.00,0.0,,,,,,,goods,,,,3240.00,41315.00,0.00,Adjustment,0.00,0.000,,,,,,,,0,Due on Receipt,Cochin,C/O LOGIWIZ LOGISTICS INDIA PVT LTD,COCHIN,Kerala,India,683503,8803333444,,,,,,,,,,,,0.000,,,,,,,,,Shalima,Before loading
99381000010805649,2023-09-19,99381000000098082,Cochin,,PO-00247,,Billed,Shanghai Yousheng Weighing Apparatus Co. Ltd.,84231000,FALSE,,KL,overseas,,false,USD,83.284751000000,Compact 1,,,,,,Inventory Asset,,45.00,B3P WEIGHING INDICATOR,99381000010805630,B3PIND,,,,,Label / Bill Printing Indicator,20.00,0.00,0.00,20.00,nos,Cochin,entity_level,true,0.00,0.0,,,,,,,goods,,,,900.00,41315.00,0.00,Adjustment,0.00,0.000,,,,,,,,0,Due on Receipt,Cochin,C/O LOGIWIZ LOGISTICS INDIA PVT LTD,COCHIN,Kerala,India,683503,8803333444,,,,,,,,,,,,0.000,,,,,,,,,Shalima,Before loading
99381000010805649,2023-09-19,99381000000098082,Cochin,,PO-00247,,Billed,Shanghai Yousheng Weighing Apparatus Co. Ltd.,84239020,FALSE,,KL,overseas,,false,USD,83.284751000000,Compact 1,,,,,,Inventory Asset,,90.00,Floor Scale 1mx1m,99381000000035236,PLT1000,,,,,Floor Scale 1mx1m Without Indicator,20.00,0.00,0.00,20.00,nos,Cochin,entity_level,true,0.00,0.0,,,,,,,goods,,,,1800.00,41315.00,0.00,Adjustment,0.00,0.000,,,,,,,,0,Due on Receipt,Cochin,C/O LOGIWIZ LOGISTICS INDIA PVT LTD,COCHIN,Kerala,India,683503,8803333444,,,,,,,,,,,,0.000,,,,,,,,,Shalima,Before loading
99381000010805649,2023-09-19,99381000000098082,Cochin,,PO-00247,,Billed,Shanghai Yousheng Weighing Apparatus Co. Ltd.,84239020,FALSE,,KL,overseas,,false,USD,83.284751000000,Compact 1,,,,,,Inventory Asset,,105.00,Floor Scale 1.2mx1.2m,99381000000035245,PLT1200,,,,,Floor Scale 1.2mx1.2m With Indicator,5.00,0.00,0.00,5.00,nos,Cochin,entity_level,true,0.00,0.0,,,,,,,goods,,,,525.00,41315.00,0.00,Adjustment,0.00,0.000,,,,,,,,0,Due on Receipt,Cochin,C/O LOGIWIZ LOGISTICS INDIA PVT LTD,COCHIN,Kerala,India,683503,8803333444,,,,,,,,,,,,0.000,,,,,,,,,Shalima,Before loading
99381000010805649,2023-09-19,99381000000098082,Cochin,,PO-00247,,Billed,Shanghai Yousheng Weighing Apparatus Co. Ltd.,84239020,FALSE,,KL,overseas,,false,USD,83.284751000000,Compact 1,,,,,,Inventory Asset,,140.00,Floor Scale 1.5mx1.5m,99381000000035254,PLT1500,,,,,Floor Scale 1.2mx1.2m With Indicator,5.00,0.00,0.00,5.00,nos,Cochin,entity_level,true,0.00,0.0,,,,,,,goods,,,,700.00,41315.00,0.00,Adjustment,0.00,0.000,,,,,,,,0,Due on Receipt,Cochin,C/O LOGIWIZ LOGISTICS INDIA PVT LTD,COCHIN,Kerala,India,683503,8803333444,,,,,,,,,,,,0.000,,,,,,,,,Shalima,Before loading
99381000010805649,2023-09-19,99381000000098082,Cochin,,PO-00247,,Billed,Shanghai Yousheng Weighing Apparatus Co. Ltd.,84239020,FALSE,,KL,overseas,,false,USD,83.284751000000,Compact 1,,,,,,Inventory Asset,,10.00,PLATFORM SCALE INDICATOR ABS XK3100-B3+,99381000008072076,PFINDXK3100B3,,,,,,10.00,0.00,0.00,10.00,nos,Cochin,entity_level,true,0.00,0.0,,,,,,,goods,,,,100.00,41315.00,0.00,Adjustment,0.00,0.000,,,,,,,,0,Due on Receipt,Cochin,C/O LOGIWIZ LOGISTICS INDIA PVT LTD,COCHIN,Kerala,India,683503,8803333444,,,,,,,,,,,,0.000,,,,,,,,,Shalima,Before loading
99381000011091005,2023-10-07,99381000000098082,Cochin,,PO-00248,,Draft,Sanoft Technologies Private Limited,998598,FALSE,KL,KL,business_gst,32ABFCS0413E1Z1,false,INR,1.000000000000,Compact 1,,,,,,Cost of Goods Sold,,1299.00,SPOS Standard,99381000010960592,SPOSSW01,,,,,,25.00,0.00,0.00,0.00,Lumpsum,,entity_level,true,0.00,0.0,99381000000006208,GST18,18.00,5845.50,Tax Group,,service,,,,32475.00,38320.00,-0.50,Adjustment,0.00,0.000,,,,,,,,0,Due on Receipt,Cochin,C/O LOGIWIZ LOGISTICS INDIA PVT LTD,COCHIN,Kerala,India,683503,8803333444,,,,,,,,,,,,0.000,,,,,,,,,Teslin,ADVANCE
99381000011091100,2023-10-09,99381000000098082,Cochin,,PO-00249,,Draft,Sanoft Technologies Private Limited,998598,FALSE,KL,KL,business_gst,32ABFCS0413E1Z1,false,INR,1.000000000000,Compact 1,,,,,,Cost of Goods Sold,,449.00,SPOS Image support,99381000010960724,SPOSSW08,,,,,,3.00,0.00,0.00,0.00,Lumpsum,,entity_level,true,0.00,0.0,99381000000006208,GST18,18.00,242.46,Tax Group,,service,,,,1347.00,5068.10,0.00,Adjustment,0.00,0.000,,,,,,,,0,Due on Receipt,Cochin,C/O LOGIWIZ LOGISTICS INDIA PVT LTD,COCHIN,Kerala,India,683503,8803333444,,,,,,,,,,,,0.000,,,,,,,,,Teslin,Advance
99381000011091100,2023-10-09,99381000000098082,Cochin,,PO-00249,,Draft,Sanoft Technologies Private Limited,998598,FALSE,KL,KL,business_gst,32ABFCS0413E1Z1,false,INR,1.000000000000,Compact 1,,,,,,Cost of Goods Sold,,849.00,SPOS Smart scale support,99381000010960733,SPOSSW09,,,,,,1.00,0.00,0.00,0.00,Lumpsum,,entity_level,true,0.00,0.0,99381000000006208,GST18,18.00,152.82,Tax Group,,service,,,,849.00,5068.10,0.00,Adjustment,0.00,0.000,,,,,,,,0,Due on Receipt,Cochin,C/O LOGIWIZ LOGISTICS INDIA PVT LTD,COCHIN,Kerala,India,683503,8803333444,,,,,,,,,,,,0.000,,,,,,,,,Teslin,Advance
99381000011091100,2023-10-09,99381000000098082,Cochin,,PO-00249,,Draft,Sanoft Technologies Private Limited,998598,FALSE,KL,KL,business_gst,32ABFCS0413E1Z1,false,INR,1.000000000000,Compact 1,,,,,,Cost of Goods Sold,,2099.00,SPOS KOT Support,99381000010960688,SPOSSW04,,,,,,1.00,0.00,0.00,0.00,Lumpsum,,entity_level,true,0.00,0.0,99381000000006208,GST18,18.00,377.82,Tax Group,,service,,,,2099.00,5068.10,0.00,Adjustment,0.00,0.000,,,,,,,,0,Due on Receipt,Cochin,C/O LOGIWIZ LOGISTICS INDIA PVT LTD,COCHIN,Kerala,India,683503,8803333444,,,,,,,,,,,,0.000,,,,,,,,,Teslin,Advance
99381000011323148,2023-10-25,99381000000098082,Cochin,,PO-00250,,Draft,SCANGLE INDIA PRIVATE LIMITED,84714190,FALSE,KL,KL,business_gst,32ABECS7718M1ZZ,false,INR,1.000000000000,Compact 1,,,,,,Inventory Asset,,25500.00,"SCANGLE - POS TERMINAL SGT-664 i5 15""",99381000011340592,SGT664I515,,,,,"SCANGLE  DESKTOP WINDOWS POS
INTEL i5 3RD GEN WINDOWS 10, 4GB +128 GB SSD, 15'' FRONT DISPLAY, ALUMINIUM ALLOY CASE,COLOUR: BLACK ",15.00,0.00,0.00,0.00,nos,Cochin,entity_level,true,0.00,0.0,99381000000006208,GST18,18.00,68850.00,Tax Group,,goods,,,,382500.00,3361230.00,0.00,Adjustment,0.00,0.000,,,,,,,,0,Due on Receipt,Cochin,C/O LOGIWIZ LOGISTICS INDIA PVT LTD,COCHIN,Kerala,India,683503,8803333444,,,,,,,,,,,,0.000,,,,,,,,,Shalima,30% advance
99381000011323148,2023-10-25,99381000000098082,Cochin,,PO-00250,,Draft,SCANGLE INDIA PRIVATE LIMITED,84714190,FALSE,KL,KL,business_gst,32ABECS7718M1ZZ,false,INR,1.000000000000,Compact 1,,,,,,Inventory Asset,,26000.00,"SCANGLE-POS TERMINAL SGT- 664 i5 15.6""",99381000009552528,SGT664HDD280,,,,," SCANGLE  DESKTOP WINDOWS POS
INTEL i5 3RD GEN WINDOWS 10, 4GB+128GB SSD, 15.6'' FRONT DISPLAY, ALLUMINIUM FOLDABLE BODY,COLOUR : BLACK
",5.00,0.00,0.00,0.00,nos,Cochin,entity_level,true,0.00,0.0,99381000000006208,GST18,18.00,23400.00,Tax Group,,goods,,,,130000.00,3361230.00,0.00,Adjustment,0.00,0.000,,,,,,,,0,Due on Receipt,Cochin,C/O LOGIWIZ LOGISTICS INDIA PVT LTD,COCHIN,Kerala,India,683503,8803333444,,,,,,,,,,,,0.000,,,,,,,,,Shalima,30% advance
99381000011323148,2023-10-25,99381000000098082,Cochin,,PO-00250,,Draft,SCANGLE INDIA PRIVATE LIMITED,84714190,FALSE,KL,KL,business_gst,32ABECS7718M1ZZ,false,INR,1.000000000000,Compact 1,,,,,,Inventory Asset,,17200.00,SCANGLE - POS TERMINAL SGT-101 (A12PRO),99381000009552547,SGT101116,,,,,"SCANGLE ALL IN ONE ANDROID POS
RK3566QUAD CORE ANDROID 11, 2GB+16GB, 11.6'' IPS SCREEN, 80mm THERMAL PRINTER
",10.00,0.00,0.00,0.00,nos,Cochin,entity_level,true,0.00,0.0,99381000000006208,GST18,18.00,30960.00,Tax Group,,goods,,,,172000.00,3361230.00,0.00,Adjustment,0.00,0.000,,,,,,,,0,Due on Receipt,Cochin,C/O LOGIWIZ LOGISTICS INDIA PVT LTD,COCHIN,Kerala,India,683503,8803333444,,,,,,,,,,,,0.000,,,,,,,,,Shalima,30% advance
99381000011323148,2023-10-25,99381000000098082,Cochin,,PO-00250,,Draft,SCANGLE INDIA PRIVATE LIMITED,84714190,FALSE,KL,KL,business_gst,32ABECS7718M1ZZ,false,INR,1.000000000000,Compact 1,,,,,,Inventory Asset,,19800.00,SCANGLE - POS TERMINAL SGT-A7,99381000009552612,SGTA714A12,,,,,"SCANGLE ALL IN ONE ANDROID POS
RK3566QUAD CORE ANDROID 11, 2GB+16GB,  14'' IPS SCREEN,80mm THERMAL PRINTER AUTO CUTTER
",10.00,0.00,0.00,0.00,nos,Cochin,entity_level,true,0.00,0.0,99381000000006208,GST18,18.00,35640.00,Tax Group,,goods,,,,198000.00,3361230.00,0.00,Adjustment,0.00,0.000,,,,,,,,0,Due on Receipt,Cochin,C/O LOGIWIZ LOGISTICS INDIA PVT LTD,COCHIN,Kerala,India,683503,8803333444,,,,,,,,,,,,0.000,,,,,,,,,Shalima,30% advance
99381000011323148,2023-10-25,99381000000098082,Cochin,,PO-00250,,Draft,SCANGLE INDIA PRIVATE LIMITED,84714190,FALSE,KL,KL,business_gst,32ABECS7718M1ZZ,false,INR,1.000000000000,Compact 1,,,,,,Inventory Asset,,9200.00,SCANGLE - POS TERMINAL SGT-A1 Q6,99381000009557023,Q6,,,,,"SCANGLE HAND HELD ANDROID POS
MTK6580(1.3GHz) ANDROID 11,2GB+16GB,       5'' IPS DISPLAY,  58mm(2'') THERMAL PRINTER  , WIFI WITH 4G
",30.00,0.00,0.00,0.00,nos,Cochin,entity_level,true,0.00,0.0,99381000000006208,GST18,18.00,49680.00,Tax Group,,goods,,,,276000.00,3361230.00,0.00,Adjustment,0.00,0.000,,,,,,,,0,Due on Receipt,Cochin,C/O LOGIWIZ LOGISTICS INDIA PVT LTD,COCHIN,Kerala,India,683503,8803333444,,,,,,,,,,,,0.000,,,,,,,,,Shalima,30% advance
99381000011323148,2023-10-25,99381000000098082,Cochin,,PO-00250,,Draft,SCANGLE INDIA PRIVATE LIMITED,84702900,FALSE,KL,KL,business_gst,32ABECS7718M1ZZ,false,INR,1.000000000000,Compact 1,,,,,,Inventory Asset,,15200.00,"SCANGLE - POS TERMINAL SGT-668A 32GB 14""",99381000011323171,668,,,,," SCANGLE  DESKTOP ANDROID POS
RK3288  ANDROID 11, 2GB+32GB, DDR3, 14''  FRONT DISPLAY , CAPACITIVE TP 
",30.00,0.00,0.00,0.00,nos,Cochin,entity_level,true,0.00,0.0,99381000000006208,GST18,18.00,82080.00,Tax Group,,goods,,,,456000.00,3361230.00,0.00,Adjustment,0.00,0.000,,,,,,,,0,Due on Receipt,Cochin,C/O LOGIWIZ LOGISTICS INDIA PVT LTD,COCHIN,Kerala,India,683503,8803333444,,,,,,,,,,,,0.000,,,,,,,,,Shalima,30% advance
99381000011323148,2023-10-25,99381000000098082,Cochin,,PO-00250,,Draft,SCANGLE INDIA PRIVATE LIMITED,84433290,FALSE,KL,KL,business_gst,32ABECS7718M1ZZ,false,INR,1.000000000000,Compact 1,,,,,,Inventory Asset,,3350.00,SCANGLE - THERMAL PRINTER SGT-88IV(U+L),99381000009552737,XP350BUL,,,,,"SCANGLE THERMAL PRINER
INTERFACE : USB+LAN,PRINTER : 80mm
",100.00,0.00,0.00,0.00,nos,Cochin,entity_level,true,0.00,0.0,99381000000006208,GST18,18.00,60300.00,Tax Group,,goods,,,,335000.00,3361230.00,0.00,Adjustment,0.00,0.000,,,,,,,,0,Due on Receipt,Cochin,C/O LOGIWIZ LOGISTICS INDIA PVT LTD,COCHIN,Kerala,India,683503,8803333444,,,,,,,,,,,,0.000,,,,,,,,,Shalima,30% advance
99381000011323148,2023-10-25,99381000000098082,Cochin,,PO-00250,,Draft,SCANGLE INDIA PRIVATE LIMITED,84433290,FALSE,KL,KL,business_gst,32ABECS7718M1ZZ,false,INR,1.000000000000,Compact 1,,,,,,Inventory Asset,,3750.00,SCANGLE - THERMAL PRINTER WITH WIFI,99381000009552781,XP350BW,,,,,"SCANGLE THERMAL PRINER
INTERFACE :USB+ WIFI,PRINTER : 80mm",20.00,0.00,0.00,0.00,nos,Cochin,entity_level,true,0.00,0.0,99381000000006208,GST18,18.00,13500.00,Tax Group,,goods,,,,75000.00,3361230.00,0.00,Adjustment,0.00,0.000,,,,,,,,0,Due on Receipt,Cochin,C/O LOGIWIZ LOGISTICS INDIA PVT LTD,COCHIN,Kerala,India,683503,8803333444,,,,,,,,,,,,0.000,,,,,,,,,Shalima,30% advance
99381000011323148,2023-10-25,99381000000098082,Cochin,,PO-00250,,Draft,SCANGLE INDIA PRIVATE LIMITED,84433290,FALSE,KL,KL,business_gst,32ABECS7718M1ZZ,false,INR,1.000000000000,Compact 1,,,,,,Inventory Asset,,3750.00,SCANGLE - THERMAL PRINTER WITH BLUETOOTH,99381000009552762,XP350BBT,,,,,"SCANGLE THERMAL PRINER
INTERFACE : USB+BLUETOOTH,PRINTER : 80mm",30.00,0.00,0.00,0.00,nos,Cochin,entity_level,true,0.00,0.0,99381000000006208,GST18,18.00,20250.00,Tax Group,,goods,,,,112500.00,3361230.00,0.00,Adjustment,0.00,0.000,,,,,,,,0,Due on Receipt,Cochin,C/O LOGIWIZ LOGISTICS INDIA PVT LTD,COCHIN,Kerala,India,683503,8803333444,,,,,,,,,,,,0.000,,,,,,,,,Shalima,30% advance
99381000011323148,2023-10-25,99381000000098082,Cochin,,PO-00250,,Draft,SCANGLE INDIA PRIVATE LIMITED,84716050,FALSE,KL,KL,business_gst,32ABECS7718M1ZZ,false,INR,1.000000000000,Compact 1,,,,,,Inventory Asset,,950.00,SCANGLE - BARCODE SCANNER EF10 1D HANDY,99381000009552652,PT60SCR7,,,,,"SCANGLE BARCODE SCANNER
TYPE: CCD, INTERFACE: USB
",70.00,0.00,0.00,0.00,nos,Cochin,entity_level,true,0.00,0.0,99381000000006208,GST18,18.00,11970.00,Tax Group,,goods,,,,66500.00,3361230.00,0.00,Adjustment,0.00,0.000,,,,,,,,0,Due on Receipt,Cochin,C/O LOGIWIZ LOGISTICS INDIA PVT LTD,COCHIN,Kerala,India,683503,8803333444,,,,,,,,,,,,0.000,,,,,,,,,Shalima,30% advance
99381000011323148,2023-10-25,99381000000098082,Cochin,,PO-00250,,Draft,SCANGLE INDIA PRIVATE LIMITED,84433210,FALSE,KL,KL,business_gst,32ABECS7718M1ZZ,false,INR,1.000000000000,Compact 1,,,,,,Inventory Asset,,4000.00,SCANGLE - LABEL PRINTER DIRECT THERMAL,99381000011340619,LDT,,,,,"SCANGLE LABEL PRINTER
DIRECT THERMAL,LBL PRINTER",50.00,0.00,0.00,0.00,nos,Cochin,entity_level,true,0.00,0.0,99381000000006208,GST18,18.00,36000.00,Tax Group,,goods,,,,200000.00,3361230.00,0.00,Adjustment,0.00,0.000,,,,,,,,0,Due on Receipt,Cochin,C/O LOGIWIZ LOGISTICS INDIA PVT LTD,COCHIN,Kerala,India,683503,8803333444,,,,,,,,,,,,0.000,,,,,,,,,Shalima,30% advance
99381000011323148,2023-10-25,99381000000098082,Cochin,,PO-00250,,Draft,SCANGLE INDIA PRIVATE LIMITED,84433290,FALSE,KL,KL,business_gst,32ABECS7718M1ZZ,false,INR,1.000000000000,Compact 1,,,,,,Inventory Asset,,1500.00,SCANGLE- PORTABLE THERMAL PRINTER,99381000011340642,PTP,,,,,"SCANGLE PORTABLE PRINTER
INTERFACE: USB, BLUETOOTH",40.00,0.00,0.00,0.00,nos,Cochin,entity_level,true,0.00,0.0,99381000000006208,GST18,18.00,10800.00,Tax Group,,goods,,,,60000.00,3361230.00,0.00,Adjustment,0.00,0.000,,,,,,,,0,Due on Receipt,Cochin,C/O LOGIWIZ LOGISTICS INDIA PVT LTD,COCHIN,Kerala,India,683503,8803333444,,,,,,,,,,,,0.000,,,,,,,,,Shalima,30% advance
99381000011323148,2023-10-25,99381000000098082,Cochin,,PO-00250,,Draft,SCANGLE INDIA PRIVATE LIMITED,84714190,FALSE,KL,KL,business_gst,32ABECS7718M1ZZ,false,INR,1.000000000000,Compact 1,,,,,,Inventory Asset,,21000.00,"SCANGLE - POS TERMINAL SGT-664 i5 14""",99381000011340661,664W14,,,,,"SCANGLE  DESKTOP WINDOWS POS
INTEL i5 3RD GEN WINDOWS 10,4GB+128GB SSD, 14'' FRONT DISPLAY,ALUMINIUM ALLOY CASE,COLOUR: BLACK
",10.00,0.00,0.00,0.00,nos,Cochin,entity_level,true,0.00,0.0,99381000000006208,GST18,18.00,37800.00,Tax Group,,goods,,,,210000.00,3361230.00,0.00,Adjustment,0.00,0.000,,,,,,,,0,Due on Receipt,Cochin,C/O LOGIWIZ LOGISTICS INDIA PVT LTD,COCHIN,Kerala,India,683503,8803333444,,,,,,,,,,,,0.000,,,,,,,,,Shalima,30% advance
99381000011323148,2023-10-25,99381000000098082,Cochin,,PO-00250,,Draft,SCANGLE INDIA PRIVATE LIMITED,84714190,FALSE,KL,KL,business_gst,32ABECS7718M1ZZ,false,INR,1.000000000000,Compact 1,,,,,,Inventory Asset,,17500.00,"SCANGLE - PRICE VERIFIER 10.1""",99381000011340680,PRICEVERIFIER101,,,,,"SCANGLE PRICE VERIFIER
RK3568 ANDROID 11,2GB+16GB, 10.1 "" DISPLAY",10.00,0.00,0.00,0.00,nos,Cochin,entity_level,true,0.00,0.0,99381000000006208,GST18,18.00,31500.00,Tax Group,,goods,,,,175000.00,3361230.00,0.00,Adjustment,0.00,0.000,,,,,,,,0,Due on Receipt,Cochin,C/O LOGIWIZ LOGISTICS INDIA PVT LTD,COCHIN,Kerala,India,683503,8803333444,,,,,,,,,,,,0.000,,,,,,,,,Shalima,30% advance
99381000011323148,2023-10-25,99381000000098082,Cochin,,PO-00250,,Draft,SCANGLE INDIA PRIVATE LIMITED,84433290,FALSE,KL,KL,business_gst,32ABECS7718M1ZZ,false,INR,1.000000000000,Compact 1,,,,,,Inventory Asset,,0.00,"SCANGLE- PORTABLE THERMAL PRINTER 3""",99381000011356031,PTP3,,,,,"SCANGLE PORTABLE PRINTER 3""
INTERFACE: USB, BLUETOOTH",10.00,0.00,0.00,0.00,nos,Cochin,entity_level,true,0.00,0.0,99381000000006208,GST18,18.00,0.00,Tax Group,,goods,,,,0.00,3361230.00,0.00,Adjustment,0.00,0.000,,,,,,,,0,Due on Receipt,Cochin,C/O LOGIWIZ LOGISTICS INDIA PVT LTD,COCHIN,Kerala,India,683503,8803333444,,,,,,,,,,,,0.000,,,,,,,,,Shalima,30% advance
99381000011323242,2023-10-25,99381000000098082,Cochin,,PO-00251,,Partially Billed,Meezan electronic scales Pvt Ltd,84701000,FALSE,KL,KL,business_gst,32AAECM1277C1ZY,false,INR,1.000000000000,Compact 1,,,,,,Inventory Asset,,9000.00,Electronic cash register,99381000000194004,ECR,,,,,"Memory 2GB,Negative LCD Display,print 58MM,Number of PLU 20000,Interface : 1USB,RJ45 LAN,RJ11 Cashbox,RS232,cloud Connectivity,Sales and stock report in web & mobile App",50.00,0.00,0.00,40.00,nos,Cochin,entity_level,true,0.00,0.0,99381000000006208,GST18,18.00,81000.00,Tax Group,,goods,,,,450000.00,531000.00,0.00,Adjustment,0.00,0.000,,,,,,,,0,Due on Receipt,Cochin,C/O LOGIWIZ LOGISTICS INDIA PVT LTD,COCHIN,Kerala,India,683503,8803333444,,,,,,,,,,,,0.000,,,,,,,,,Shalima,1 lakh as advance
99381000011439696,2023-10-31,99381000000098082,Cochin,,PO-00252,,Billed,Shanghai Yousheng Weighing Apparatus Co. Ltd.,84231000,FALSE,,KL,overseas,,false,USD,83.257014000000,Compact 1,,,,,,Inventory Asset,,112.00,Bill Printing scale Q8POS,99381000000011617,ECS5W,,,,,,300.00,0.00,0.00,300.00,nos,Cochin,entity_level,true,0.00,0.0,,,,,,,goods,,,,33600.00,50650.00,0.00,Adjustment,0.00,0.000,,,,,,,,0,Due on Receipt,Cochin,C/O LOGIWIZ LOGISTICS INDIA PVT LTD,COCHIN,Kerala,India,683503,8803333444,,,,,,,,,,,,0.000,,,,,,,,,Shalima,100% as advance
99381000011439696,2023-10-31,99381000000098082,Cochin,,PO-00252,,Billed,Shanghai Yousheng Weighing Apparatus Co. Ltd.,84238190,FALSE,,KL,overseas,,false,USD,83.257014000000,Compact 1,,,,,,Inventory Asset,,112.00,Bill Printing scale Q8POS (UB),99381000011439709,ECS5WW,,,,,,100.00,0.00,0.00,100.00,nos,Cochin,entity_level,true,0.00,0.0,,,,,,,goods,,,,11200.00,50650.00,0.00,Adjustment,0.00,0.000,,,,,,,,0,Due on Receipt,Cochin,C/O LOGIWIZ LOGISTICS INDIA PVT LTD,COCHIN,Kerala,India,683503,8803333444,,,,,,,,,,,,0.000,,,,,,,,,Shalima,100% as advance
99381000011439696,2023-10-31,99381000000098082,Cochin,,PO-00252,,Billed,Shanghai Yousheng Weighing Apparatus Co. Ltd.,84231000,FALSE,,KL,overseas,,false,USD,83.257014000000,Compact 1,,,,,,Inventory Asset,,120.00,ECS Indicator,99381000000343199,ECSIND,,,,,,30.00,0.00,0.00,30.00,nos,Cochin,entity_level,true,0.00,0.0,,,,,,,goods,,,,3600.00,50650.00,0.00,Adjustment,0.00,0.000,,,,,,,,0,Due on Receipt,Cochin,C/O LOGIWIZ LOGISTICS INDIA PVT LTD,COCHIN,Kerala,India,683503,8803333444,,,,,,,,,,,,0.000,,,,,,,,,Shalima,100% as advance
99381000011439696,2023-10-31,99381000000098082,Cochin,,PO-00252,,Billed,Shanghai Yousheng Weighing Apparatus Co. Ltd.,84238190,FALSE,,KL,overseas,,false,USD,83.257014000000,Compact 1,,,,,,Inventory Asset,,150.00,LABEL PRINTING SCALE Q10,99381000006174108,Q10LBL,,,,,"Make: YESWEIGH Model: YS LBL
Max: 30kg e:5g Min: 100g",15.00,0.00,0.00,15.00,nos,Cochin,entity_level,true,0.00,0.0,,,,,,,goods,,,,2250.00,50650.00,0.00,Adjustment,0.00,0.000,,,,,,,,0,Due on Receipt,Cochin,C/O LOGIWIZ LOGISTICS INDIA PVT LTD,COCHIN,Kerala,India,683503,8803333444,,,,,,,,,,,,0.000,,,,,,,,,Shalima,100% as advance
99381000011439860,2023-10-31,99381000000098082,Cochin,,PO-00253,,Billed,Weighvox International FZE LLC,84239020,FALSE,,KL,overseas,,false,USD,83.257014000000,Compact 1,,,,,,Inventory Asset,,49.00,Platform Weighing Scale 420x520 SS,99381000001476030,PFPC420X520SS,,,,,,100.00,0.00,0.00,100.00,nos,Cochin,entity_level,true,0.00,0.0,,,,,,,goods,,,,4900.00,74680.96,0.00,Adjustment,0.00,0.000,,,,,,,,0,Due on Receipt,Cochin,C/O LOGIWIZ LOGISTICS INDIA PVT LTD,COCHIN,Kerala,India,683503,8803333444,,,,,,,,,,,,0.000,,,,,,,,,Shalima,100% as advance
99381000011439860,2023-10-31,99381000000098082,Cochin,,PO-00253,,Billed,Weighvox International FZE LLC,84238290,FALSE,,KL,overseas,,false,USD,83.257014000000,Compact 1,,,,,,Inventory Asset,,54.80,Platform Weighing Scale-Normal Indicator,99381000005611792,PF4050SS,,,,,"Make:YESWEIGH Model : YSP PC
Max : 100kg  e: 10g Min :200gm
Class: III",100.00,0.00,0.00,100.00,nos,Cochin,entity_level,true,0.00,0.0,,,,,,,goods,,,,5480.00,74680.96,0.00,Adjustment,0.00,0.000,,,,,,,,0,Due on Receipt,Cochin,C/O LOGIWIZ LOGISTICS INDIA PVT LTD,COCHIN,Kerala,India,683503,8803333444,,,,,,,,,,,,0.000,,,,,,,,,Shalima,100% as advance
99381000011439860,2023-10-31,99381000000098082,Cochin,,PO-00253,,Billed,Weighvox International FZE LLC,84231000,FALSE,,KL,overseas,,false,USD,83.257014000000,Compact 1,,,,,,Inventory Asset,,16.80,PRICE COMPUTING SCALE WITH POLE-GREEN,99381000002951037,APCPQ,,,,,"Make :YESWEIGH Model: YSP -30 Model approval No: IND/09/20/23
 Max :30kg e :5g
Display :Green",500.00,0.00,0.00,500.00,nos,Cochin,entity_level,true,0.00,0.0,,,,,,,goods,,,,8400.00,74680.96,0.00,Adjustment,0.00,0.000,,,,,,,,0,Due on Receipt,Cochin,C/O LOGIWIZ LOGISTICS INDIA PVT LTD,COCHIN,Kerala,India,683503,8803333444,,,,,,,,,,,,0.000,,,,,,,,,Shalima,100% as advance
99381000011439860,2023-10-31,99381000000098082,Cochin,,PO-00253,,Billed,Weighvox International FZE LLC,84238190,FALSE,,KL,overseas,,false,USD,83.257014000000,Compact 1,,,,,,Inventory Asset,,21.50,PRICE COMPUTING SCALE -WATERPROOF(QZ),99381000012887614,ATMFSS,,,,,"Make: YESWEIGH Model: YSP 30
Max:30kg e:5g Min:100g Class:III",100.00,0.00,0.00,100.00,nos,Cochin,entity_level,true,0.00,0.0,,,,,,,goods,,,,2150.00,74680.96,0.00,Adjustment,0.00,0.000,,,,,,,,0,Due on Receipt,Cochin,C/O LOGIWIZ LOGISTICS INDIA PVT LTD,COCHIN,Kerala,India,683503,8803333444,,,,,,,,,,,,0.000,,,,,,,,,Shalima,100% as advance
99381000011439860,2023-10-31,99381000000098082,Cochin,,PO-00253,,Billed,Weighvox International FZE LLC,84238190,FALSE,,KL,overseas,,false,USD,83.257014000000,Compact 1,,,,,,Inventory Asset,,13.00,PRICE COMPUTING SCALE - WHITE (AY),99381000008696634,ATMPCWH,,,,,Make: YESWEIGH Model: YSP 30 Max:20kg e:2g Min:40g Class:III,500.00,0.00,0.00,500.00,nos,Cochin,entity_level,true,0.00,0.0,,,,,,,goods,,,,6500.00,74680.96,0.00,Adjustment,0.00,0.000,,,,,,,,0,Due on Receipt,Cochin,C/O LOGIWIZ LOGISTICS INDIA PVT LTD,COCHIN,Kerala,India,683503,8803333444,,,,,,,,,,,,0.000,,,,,,,,,Shalima,100% as advance
99381000011439860,2023-10-31,99381000000098082,Cochin,,PO-00253,,Billed,Weighvox International FZE LLC,84238190,FALSE,,KL,overseas,,false,USD,83.257014000000,Compact 1,,,,,,Inventory Asset,,16.50,PRICE COMPUTING SCALE - GOLD,99381000006684037,ATMGL,,,,,"Make: YESWEIGH Model:YSP-30
Max:20kg e:2g Min:40g Class:III",200.00,0.00,0.00,200.00,nos,Cochin,entity_level,true,0.00,0.0,,,,,,,goods,,,,3300.00,74680.96,0.00,Adjustment,0.00,0.000,,,,,,,,0,Due on Receipt,Cochin,C/O LOGIWIZ LOGISTICS INDIA PVT LTD,COCHIN,Kerala,India,683503,8803333444,,,,,,,,,,,,0.000,,,,,,,,,Shalima,100% as advance
99381000011439860,2023-10-31,99381000000098082,Cochin,,PO-00253,,Billed,Weighvox International FZE LLC,84239020,FALSE,,KL,overseas,,false,USD,83.257014000000,Compact 1,,,,,,Inventory Asset,,8.70,Indicator,99381000005590121,IND202,,,,,Display : Red ,200.00,0.00,0.00,200.00,nos,Cochin,entity_level,true,0.00,0.0,,,,,,,goods,,,,1740.00,74680.96,0.00,Adjustment,0.00,0.000,,,,,,,,0,Due on Receipt,Cochin,C/O LOGIWIZ LOGISTICS INDIA PVT LTD,COCHIN,Kerala,India,683503,8803333444,,,,,,,,,,,,0.000,,,,,,,,,Shalima,100% as advance
99381000011439860,2023-10-31,99381000000098082,Cochin,,PO-00253,,Billed,Weighvox International FZE LLC,90160020,FALSE,,KL,overseas,,false,USD,83.257014000000,Compact 1,,,,,,Inventory Asset,,175.00,Analytical Balance 200g/0.0001g -External,99381000003934056,YSA204E,,,,,"Model :YSA  SKU : YSA 2004E
Max :200g e:1mg d: 0.1mg Min:100mg",123.00,0.00,0.00,123.00,nos,Cochin,entity_level,true,0.00,0.0,,,,,,,goods,,,,21525.00,74680.96,0.00,Adjustment,0.00,0.000,,,,,,,,0,Due on Receipt,Cochin,C/O LOGIWIZ LOGISTICS INDIA PVT LTD,COCHIN,Kerala,India,683503,8803333444,,,,,,,,,,,,0.000,,,,,,,,,Shalima,100% as advance
99381000011439860,2023-10-31,99381000000098082,Cochin,,PO-00253,,Billed,Weighvox International FZE LLC,84231000,FALSE,,KL,overseas,,false,USD,83.257014000000,Compact 1,,,,,,Inventory Asset,,40.30,Electronic weighing scale DJ600,99381000000796329,DJ600,,,,,,100.00,0.00,0.00,100.00,nos,Cochin,entity_level,true,0.00,0.0,,,,,,,goods,,,,4030.00,74680.96,0.00,Adjustment,0.00,0.000,,,,,,,,0,Due on Receipt,Cochin,C/O LOGIWIZ LOGISTICS INDIA PVT LTD,COCHIN,Kerala,India,683503,8803333444,,,,,,,,,,,,0.000,,,,,,,,,Shalima,100% as advance
99381000011439860,2023-10-31,99381000000098082,Cochin,,PO-00253,,Billed,Weighvox International FZE LLC,84729090,FALSE,,KL,overseas,,false,USD,83.257014000000,Compact 1,,,,,,Inventory Asset,,60.50,CCM  - Value Counting Machine,99381000000302452,AL66,,,,,,200.00,0.00,0.00,200.00,nos,Cochin,entity_level,true,0.00,0.0,,,,,,,goods,,,,12100.00,74680.96,0.00,Adjustment,0.00,0.000,,,,,,,,0,Due on Receipt,Cochin,C/O LOGIWIZ LOGISTICS INDIA PVT LTD,COCHIN,Kerala,India,683503,8803333444,,,,,,,,,,,,0.000,,,,,,,,,Shalima,100% as advance
99381000011439860,2023-10-31,99381000000098082,Cochin,,PO-00253,,Billed,Weighvox International FZE LLC,84729090,FALSE,,KL,overseas,,false,USD,83.257014000000,Compact 1,,,,,,Inventory Asset,,31.00,CURRENCY COUNTING MACHINE (AL800),99381000008766322,AL80,,,,,,100.00,0.00,0.00,100.00,nos,Cochin,entity_level,true,0.00,0.0,,,,,,,goods,,,,3100.00,74680.96,0.00,Adjustment,0.00,0.000,,,,,,,,0,Due on Receipt,Cochin,C/O LOGIWIZ LOGISTICS INDIA PVT LTD,COCHIN,Kerala,India,683503,8803333444,,,,,,,,,,,,0.000,,,,,,,,,Shalima,100% as advance
99381000011439860,2023-10-31,99381000000098082,Cochin,,PO-00253,,Billed,Weighvox International FZE LLC,84239020,FALSE,,KL,overseas,,false,USD,83.257014000000,Compact 1,,,,,,Inventory Asset,,477.00,Spare Parts,99381000001847007,SPARE,,,,,,2.00,0.00,0.00,2.00,box,Cochin,entity_level,true,0.00,0.0,,,,,,,goods,,,,954.00,74680.96,0.00,Adjustment,0.00,0.000,,,,,,,,0,Due on Receipt,Cochin,C/O LOGIWIZ LOGISTICS INDIA PVT LTD,COCHIN,Kerala,India,683503,8803333444,,,,,,,,,,,,0.000,,,,,,,,,Shalima,100% as advance
99381000011439860,2023-10-31,99381000000098082,Cochin,,PO-00253,,Billed,Weighvox International FZE LLC,,FALSE,,KL,overseas,,false,USD,83.257014000000,Compact 1,,,,,,Import Expenses,,366.96,,,,,,,,Transportation cost,1.00,0.00,0.00,1.00,,,entity_level,true,0.00,0.0,,,,,,,service,,,,366.96,74680.96,0.00,Adjustment,0.00,0.000,,,,,,,,0,Due on Receipt,Cochin,C/O LOGIWIZ LOGISTICS INDIA PVT LTD,COCHIN,Kerala,India,683503,8803333444,,,,,,,,,,,,0.000,,,,,,,,,Shalima,100% as advance
99381000011439860,2023-10-31,99381000000098082,Cochin,,PO-00253,,Billed,Weighvox International FZE LLC,,FALSE,,KL,overseas,,false,USD,83.257014000000,Compact 1,,,,,,Import Expenses,,135.00,,,,,,,,Bank charges,1.00,0.00,0.00,1.00,,,entity_level,true,0.00,0.0,,,,,,,service,,,,135.00,74680.96,0.00,Adjustment,0.00,0.000,,,,,,,,0,Due on Receipt,Cochin,C/O LOGIWIZ LOGISTICS INDIA PVT LTD,COCHIN,Kerala,India,683503,8803333444,,,,,,,,,,,,0.000,,,,,,,,,Shalima,100% as advance
99381000012410035,2024-01-02,99381000003083031,Head Office,,PO-00254,,Draft,Accurate Trade Links,84239020,FALSE,KL,KL,business_gst,32AHJPK1741Q1Z4,false,INR,1.000000000000,Compact 1,,,,,,Inventory Asset,,550.00,ECS5W SMPS 7V,99381000000306148,ECS817,,,,,,15.00,0.00,0.00,0.00,nos,Head Office,entity_level,true,0.00,0.0,99381000000006208,GST18,18.00,1485.00,Tax Group,,goods,,,,8250.00,9735.00,0.00,Adjustment,0.00,0.000,,,,,,,,0,Due on Receipt,Vytila-COK," 49/468A, CITY CENTER 2ND FLOOR VYTTILA ",COCHIN,Kerala,India,,8803333444,,,,,,,,,,,,0.000,,,,,,,,,Shalima,advance
99381000012827656,2024-01-26,99381000003083031,Head Office,,PO-00255,,Billed,M/S MUSTAN BHAI MOHAMMAD BHAI HIRANI,84239020,FALSE,GJ,KL,business_gst,24ACHPH8740F1ZQ,false,INR,1.000000000000,Compact 1,,,,,,Inventory Asset,,4.00,Keypad,99381000002008082,KEYPA1,,,,,,1000.00,0.00,0.00,1000.00,nos,Head Office,entity_level,true,0.00,0.0,99381000000006196,IGST18,18.00,720.00,ItemAmount,,goods,,,,4000.00,4956.00,0.00,Adjustment,0.00,0.000,,,,,,,,0,Due on Receipt,Vytila-COK,"LOGIWIZ LOGISTICS,POTTEKATTU BUILDING,HMT JN,",Cochin,"HMT ROAD, KALAMASSERY",India,683503,8590603061,,,,,,,,,,,,0.000,,,,,,,,,Shalima,Advance
99381000012827656,2024-01-26,99381000003083031,Head Office,,PO-00255,,Billed,M/S MUSTAN BHAI MOHAMMAD BHAI HIRANI,996819,FALSE,GJ,KL,business_gst,24ACHPH8740F1ZQ,false,INR,1.000000000000,Compact 1,,,,,,Cost of Goods Sold,,200.00,Freight,99381000003152296,FREIGH,,,,,,1.00,0.00,0.00,1.00,Lumpsum,,entity_level,true,0.00,0.0,99381000000006196,IGST18,18.00,36.00,ItemAmount,,service,,,,200.00,4956.00,0.00,Adjustment,0.00,0.000,,,,,,,,0,Due on Receipt,Vytila-COK,"LOGIWIZ LOGISTICS,POTTEKATTU BUILDING,HMT JN,",Cochin,"HMT ROAD, KALAMASSERY",India,683503,8590603061,,,,,,,,,,,,0.000,,,,,,,,,Shalima,Advance
99381000012842866,2024-01-27,99381000000098082,Cochin,,PO-00256,,Billed,SAFAL ENTERPRISE PVT. LTD.,84231000,FALSE,GJ,KL,business_gst,24ABFCS6034B1ZR,false,INR,1.000000000000,Compact 1,,,,,,Inventory Asset,,1100.00,Table Top Scale  220x170 ABS 6 Volt,99381000000562040,TTABS6V,,,,,Max : 20kg e:2gm Min: 40g Class III,30.00,0.00,0.00,30.00,nos,Cochin,entity_level,true,0.00,0.0,99381000000006196,IGST18,18.00,5940.00,ItemAmount,,goods,,,,33000.00,121540.00,0.00,Adjustment,0.00,0.000,,,,,,,,0,Due on Receipt,Cochin,"LOGIWIZ LOGISTICS,POTTEKATTU BUILDING,HMT JN,",Cochin,"HMT ROAD, KALAMASSERY",India,683503,8590603061,,,,,,,,,,,,0.000,,,,,,,,,Shalima,30days credit
99381000012842866,2024-01-27,99381000000098082,Cochin,,PO-00256,,Billed,SAFAL ENTERPRISE PVT. LTD.,84231000,FALSE,GJ,KL,business_gst,24ABFCS6034B1ZR,false,INR,1.000000000000,Compact 1,,,,,,Inventory Asset,,1000.00,Table Top Scale 220x170 ABS 4 Volt,99381000000349058,CH4VSF,,,,,Max :20kg e:2gm Min: 40g Class III,70.00,0.00,0.00,70.00,nos,Cochin,entity_level,true,0.00,0.0,99381000000006196,IGST18,18.00,12600.00,ItemAmount,,goods,,,,70000.00,121540.00,0.00,Adjustment,0.00,0.000,,,,,,,,0,Due on Receipt,Cochin,"LOGIWIZ LOGISTICS,POTTEKATTU BUILDING,HMT JN,",Cochin,"HMT ROAD, KALAMASSERY",India,683503,8590603061,,,,,,,,,,,,0.000,,,,,,,,,Shalima,30days credit
99381000012858271,2024-01-29,99381000003083031,Head Office,,PO-00257,,Billed,G J IMPEX,84239020,FALSE,GJ,KL,business_gst,24AANFG8787H1ZR,false,INR,1.000000000000,Compact 1,,,,,,Inventory Asset,,490.00,Shearbeam Loadcell 1000kg,99381000002008154,SBLC1T,,,,,,60.00,0.00,0.00,60.00,nos,Head Office,entity_level,true,0.00,0.0,99381000000006196,IGST18,18.00,5292.00,ItemAmount,,goods,,,,29400.00,76464.00,0.00,Adjustment,0.00,0.000,,,,,,,,0,Due on Receipt,Vytila-COK,"LOGIWIZ LOGISTICS,POTTEKATTU BUILDING,HMT JN,",Cochin,"HMT ROAD, KALAMASSERY",India,683503,8590603061,,,,,,,,,,,,0.000,,,,,,,,,Shalima,advance
99381000012858271,2024-01-29,99381000003083031,Head Office,,PO-00257,,Billed,G J IMPEX,84239020,FALSE,GJ,KL,business_gst,24AANFG8787H1ZR,false,INR,1.000000000000,Compact 1,,,,,,Inventory Asset,,490.00,Shearbeam Loadcell 2000kg,99381000003971368,SBLC2T,,,,,,24.00,0.00,0.00,24.00,nos,Head Office,entity_level,true,0.00,0.0,99381000000006196,IGST18,18.00,2116.80,ItemAmount,,goods,,,,11760.00,76464.00,0.00,Adjustment,0.00,0.000,,,,,,,,0,Due on Receipt,Vytila-COK,"LOGIWIZ LOGISTICS,POTTEKATTU BUILDING,HMT JN,",Cochin,"HMT ROAD, KALAMASSERY",India,683503,8590603061,,,,,,,,,,,,0.000,,,,,,,,,Shalima,advance
99381000012858271,2024-01-29,99381000003083031,Head Office,,PO-00257,,Billed,G J IMPEX,84239020,FALSE,GJ,KL,business_gst,24AANFG8787H1ZR,false,INR,1.000000000000,Compact 1,,,,,,Inventory Asset,,490.00,Shearbeam Loadcell 500 kg,99381000002008145,SLK500,,,,,,36.00,0.00,0.00,36.00,nos,Head Office,entity_level,true,0.00,0.0,99381000000006196,IGST18,18.00,3175.20,ItemAmount,,goods,,,,17640.00,76464.00,0.00,Adjustment,0.00,0.000,,,,,,,,0,Due on Receipt,Vytila-COK,"LOGIWIZ LOGISTICS,POTTEKATTU BUILDING,HMT JN,",Cochin,"HMT ROAD, KALAMASSERY",India,683503,8590603061,,,,,,,,,,,,0.000,,,,,,,,,Shalima,advance
99381000012858271,2024-01-29,99381000003083031,Head Office,,PO-00257,,Billed,G J IMPEX,84239020,FALSE,GJ,KL,business_gst,24AANFG8787H1ZR,false,INR,1.000000000000,Compact 1,,,,,,Inventory Asset,,300.00,4 LINE PLASTIC JUNCTION BOX,99381000004096441,JBLC,,,,,,20.00,0.00,0.00,20.00,nos,Head Office,entity_level,true,0.00,0.0,99381000000006196,IGST18,18.00,1080.00,ItemAmount,,goods,,,,6000.00,76464.00,0.00,Adjustment,0.00,0.000,,,,,,,,0,Due on Receipt,Vytila-COK,"LOGIWIZ LOGISTICS,POTTEKATTU BUILDING,HMT JN,",Cochin,"HMT ROAD, KALAMASSERY",India,683503,8590603061,,,,,,,,,,,,0.000,,,,,,,,,Shalima,advance
99381000013430960,2024-01-30,99381000000098082,Cochin,,PO-00258,,Billed,ZHEJIANG SIFANG IMPORT & EXPORT CO LTD- AD,84238290,FALSE,,KL,overseas,,false,USD,83.110950000000,Compact 1,,,,,,Inventory Asset,,12.00,PLATFORM SCALE -BENCH (DUAL-AD3),99381000008766288,BPCADF,,,,, Max:50kg e:5g Min:100g Class:III Display : Dual,1500.00,0.00,0.00,1500.00,nos,Cochin,entity_level,true,0.00,0.0,,,,,,,goods,,,,18000.00,28792.00,0.00,Adjustment,0.00,0.000,,,,,,,,0,Due on Receipt,Cochin,C/O LOGIWIZ LOGISTICS INDIA PVT LTD,COCHIN,Kerala,India,683503,8803333444,,,,,,,,,,,,0.000,,,,,,,,,Shalima,ADVANCE
99381000013430960,2024-01-30,99381000000098082,Cochin,,PO-00258,,Billed,ZHEJIANG SIFANG IMPORT & EXPORT CO LTD- AD,84238290,FALSE,,KL,overseas,,false,USD,83.110950000000,Compact 1,,,,,,Inventory Asset,,10.00,ECONOMIC BENCH MS,99381000006175159,BY5039,,,,,"Size : 30*34 Max: 50kg e: 5g
Dual display, LED RED display,Foldable platform",500.00,0.00,0.00,500.00,nos,Cochin,entity_level,true,0.00,0.0,,,,,,,goods,,,,5000.00,28792.00,0.00,Adjustment,0.00,0.000,,,,,,,,0,Due on Receipt,Cochin,C/O LOGIWIZ LOGISTICS INDIA PVT LTD,COCHIN,Kerala,India,683503,8803333444,,,,,,,,,,,,0.000,,,,,,,,,Shalima,ADVANCE
99381000013430960,2024-01-30,99381000000098082,Cochin,,PO-00258,,Billed,ZHEJIANG SIFANG IMPORT & EXPORT CO LTD- AD,84238190,FALSE,,KL,overseas,,false,USD,83.110950000000,Compact 1,,,,,,Inventory Asset,,8.00,PRICE COMPUTING SCALE (DUAL-AD-ECONOMY),99381000013430359,ATMADG,,,,,"Max: 30kg Min : 100g e : 5g Class III
Display : Dual",724.00,0.00,0.00,724.00,nos,Cochin,entity_level,true,0.00,0.0,,,,,,,goods,,,,5792.00,28792.00,0.00,Adjustment,0.00,0.000,,,,,,,,0,Due on Receipt,Cochin,C/O LOGIWIZ LOGISTICS INDIA PVT LTD,COCHIN,Kerala,India,683503,8803333444,,,,,,,,,,,,0.000,,,,,,,,,Shalima,ADVANCE
99381000013508099,2024-02-27,99381000000098082,Cochin,,PO-00259,,Billed,SCANGLE INDIA PRIVATE LIMITED,84705010,FALSE,KL,KL,business_gst,32ABECS7718M1ZZ,false,INR,1.000000000000,Compact 1,,,,,,Inventory Asset,,25500.00,"SCANGLE - POS TERMINAL SGT-664 i5 15""",99381000011340592,SGT664I515,,,,,"SCANGLE  DESKTOP WINDOWS POS
INTEL i5 3RD GEN WINDOWS 10, 4GB +128 GB SSD, 15'' FRONT DISPLAY, ALUMINIUM ALLOY CASE,COLOUR: BLACK ",10.00,0.00,0.00,10.00,nos,Cochin,entity_level,true,0.00,0.0,99381000000006208,GST18,18.00,45900.00,Tax Group,,goods,,,,255000.00,3450910.00,0.00,Adjustment,0.00,0.000,,,,,,,,0,Due on Receipt,Cochin,C/O LOGIWIZ LOGISTICS INDIA PVT LTD,COCHIN,Kerala,India,683503,8803333444,,,,,,,,,,,,0.000,,,,,,,,,Shalima,30% advance
99381000013508099,2024-02-27,99381000000098082,Cochin,,PO-00259,,Billed,SCANGLE INDIA PRIVATE LIMITED,84705010,FALSE,KL,KL,business_gst,32ABECS7718M1ZZ,false,INR,1.000000000000,Compact 1,,,,,,Inventory Asset,,26000.00,"SCANGLE-POS TERMINAL SGT- 664 i5 15.6"" (M)",99381000015796507,280F156,,,,,"SCANGLE  DESKTOP WINDOWS POS
INTEL i5 3RD GEN WINDOWS 10, 4GB+128GB SSD, 15.6'' FRONT DISPLAY, ALLUMINIUM FOLDABLE BODY,COLOUR : BLACK
",5.00,0.00,0.00,5.00,nos,Cochin,entity_level,true,0.00,0.0,99381000000006208,GST18,18.00,23400.00,Tax Group,,goods,,,,130000.00,3450910.00,0.00,Adjustment,0.00,0.000,,,,,,,,0,Due on Receipt,Cochin,C/O LOGIWIZ LOGISTICS INDIA PVT LTD,COCHIN,Kerala,India,683503,8803333444,,,,,,,,,,,,0.000,,,,,,,,,Shalima,30% advance
99381000013508099,2024-02-27,99381000000098082,Cochin,,PO-00259,,Billed,SCANGLE INDIA PRIVATE LIMITED,84705010,FALSE,KL,KL,business_gst,32ABECS7718M1ZZ,false,INR,1.000000000000,Compact 1,,,,,,Inventory Asset,,17200.00,SCANGLE - POS TERMINAL SGT-101 (A12PRO-(M)),99381000015796532,A121,,,,,"SCANGLE ALL IN ONE ANDROID POS
RK3566QUAD CORE ANDROID 11, 2GB+16GB, 11.6'' IPS SCREEN, 80mm THERMAL PRINTER",20.00,0.00,0.00,20.00,nos,Cochin,entity_level,true,0.00,0.0,99381000000006208,GST18,18.00,61920.00,Tax Group,,goods,,,,344000.00,3450910.00,0.00,Adjustment,0.00,0.000,,,,,,,,0,Due on Receipt,Cochin,C/O LOGIWIZ LOGISTICS INDIA PVT LTD,COCHIN,Kerala,India,683503,8803333444,,,,,,,,,,,,0.000,,,,,,,,,Shalima,30% advance
99381000013508099,2024-02-27,99381000000098082,Cochin,,PO-00259,,Billed,SCANGLE INDIA PRIVATE LIMITED,84705010,FALSE,KL,KL,business_gst,32ABECS7718M1ZZ,false,INR,1.000000000000,Compact 1,,,,,,Inventory Asset,,19800.00,SCANGLE - POS TERMINAL SGT-A7 (M),99381000015796551,A14,,,,,"SCANGLE ALL IN ONE ANDROID POS
RK3566QUAD CORE ANDROID 11, 2GB+16GB,  14'' IPS SCREEN,80mm THERMAL PRINTER AUTO CUTTER",20.00,0.00,0.00,20.00,nos,Cochin,entity_level,true,0.00,0.0,99381000000006208,GST18,18.00,71280.00,Tax Group,,goods,,,,396000.00,3450910.00,0.00,Adjustment,0.00,0.000,,,,,,,,0,Due on Receipt,Cochin,C/O LOGIWIZ LOGISTICS INDIA PVT LTD,COCHIN,Kerala,India,683503,8803333444,,,,,,,,,,,,0.000,,,,,,,,,Shalima,30% advance
99381000013508099,2024-02-27,99381000000098082,Cochin,,PO-00259,,Billed,SCANGLE INDIA PRIVATE LIMITED,84705010,FALSE,KL,KL,business_gst,32ABECS7718M1ZZ,false,INR,1.000000000000,Compact 1,,,,,,Inventory Asset,,9200.00,SCANGLE - POS TERMINAL SGT-A1 Q6 (M),99381000015807919,SGTA1Q6M,,,,,"SCANGLE HAND HELD ANDROID POS
MTK6580(1.3GHz) ANDROID 11,2GB+16GB,       5'' IPS DISPLAY,  58mm(2'') THERMAL PRINTER  , WIFI WITH 4G
",40.00,0.00,0.00,40.00,nos,Cochin,entity_level,true,0.00,0.0,99381000000006208,GST18,18.00,66240.00,Tax Group,,goods,,,,368000.00,3450910.00,0.00,Adjustment,0.00,0.000,,,,,,,,0,Due on Receipt,Cochin,C/O LOGIWIZ LOGISTICS INDIA PVT LTD,COCHIN,Kerala,India,683503,8803333444,,,,,,,,,,,,0.000,,,,,,,,,Shalima,30% advance
99381000013508099,2024-02-27,99381000000098082,Cochin,,PO-00259,,Billed,SCANGLE INDIA PRIVATE LIMITED,84705010,FALSE,KL,KL,business_gst,32ABECS7718M1ZZ,false,INR,1.000000000000,Compact 1,,,,,,Inventory Asset,,15200.00,"SCANGLE - POS TERMINAL SGT-668A 32GB 14""",99381000011323171,668,,,,," SCANGLE  DESKTOP ANDROID POS
RK3288  ANDROID 11, 2GB+32GB, DDR3, 14''  FRONT DISPLAY , CAPACITIVE TP",25.00,0.00,0.00,25.00,nos,Cochin,entity_level,true,0.00,0.0,99381000000006208,GST18,18.00,68400.00,Tax Group,,goods,,,,380000.00,3450910.00,0.00,Adjustment,0.00,0.000,,,,,,,,0,Due on Receipt,Cochin,C/O LOGIWIZ LOGISTICS INDIA PVT LTD,COCHIN,Kerala,India,683503,8803333444,,,,,,,,,,,,0.000,,,,,,,,,Shalima,30% advance
99381000013508099,2024-02-27,99381000000098082,Cochin,,PO-00259,,Billed,SCANGLE INDIA PRIVATE LIMITED,84433290,FALSE,KL,KL,business_gst,32ABECS7718M1ZZ,false,INR,1.000000000000,Compact 1,,,,,,Inventory Asset,,3350.00,SCANGLE - THERMAL PRINTER SGT-88IV(U+L),99381000009552737,XP350BUL,,,,,"SCANGLE THERMAL PRINER
INTERFACE : USB+LAN,PRINTER : 80mm",100.00,0.00,0.00,100.00,nos,Cochin,entity_level,true,0.00,0.0,99381000000006208,GST18,18.00,60300.00,Tax Group,,goods,,,,335000.00,3450910.00,0.00,Adjustment,0.00,0.000,,,,,,,,0,Due on Receipt,Cochin,C/O LOGIWIZ LOGISTICS INDIA PVT LTD,COCHIN,Kerala,India,683503,8803333444,,,,,,,,,,,,0.000,,,,,,,,,Shalima,30% advance
99381000013508099,2024-02-27,99381000000098082,Cochin,,PO-00259,,Billed,SCANGLE INDIA PRIVATE LIMITED,84433290,FALSE,KL,KL,business_gst,32ABECS7718M1ZZ,false,INR,1.000000000000,Compact 1,,,,,,Inventory Asset,,3750.00,SCANGLE - THERMAL PRINTER WITH WIFI,99381000009552781,XP350BW,,,,,"SCANGLE THERMAL PRINER
INTERFACE :USB+ WIFI,PRINTER : 80mm",20.00,0.00,0.00,20.00,nos,Cochin,entity_level,true,0.00,0.0,99381000000006208,GST18,18.00,13500.00,Tax Group,,goods,,,,75000.00,3450910.00,0.00,Adjustment,0.00,0.000,,,,,,,,0,Due on Receipt,Cochin,C/O LOGIWIZ LOGISTICS INDIA PVT LTD,COCHIN,Kerala,India,683503,8803333444,,,,,,,,,,,,0.000,,,,,,,,,Shalima,30% advance
99381000013508099,2024-02-27,99381000000098082,Cochin,,PO-00259,,Billed,SCANGLE INDIA PRIVATE LIMITED,84433290,FALSE,KL,KL,business_gst,32ABECS7718M1ZZ,false,INR,1.000000000000,Compact 1,,,,,,Inventory Asset,,3750.00,SCANGLE - THERMAL PRINTER WITH BLUETOOTH,99381000009552762,XP350BBT,,,,,"SCANGLE THERMAL PRINER
INTERFACE : USB+BLUETOOTH,PRINTER : 80mm",20.00,0.00,0.00,20.00,nos,Cochin,entity_level,true,0.00,0.0,99381000000006208,GST18,18.00,13500.00,Tax Group,,goods,,,,75000.00,3450910.00,0.00,Adjustment,0.00,0.000,,,,,,,,0,Due on Receipt,Cochin,C/O LOGIWIZ LOGISTICS INDIA PVT LTD,COCHIN,Kerala,India,683503,8803333444,,,,,,,,,,,,0.000,,,,,,,,,Shalima,30% advance
99381000013508099,2024-02-27,99381000000098082,Cochin,,PO-00259,,Billed,SCANGLE INDIA PRIVATE LIMITED,84716050,FALSE,KL,KL,business_gst,32ABECS7718M1ZZ,false,INR,1.000000000000,Compact 1,,,,,,Inventory Asset,,950.00,SCANGLE - BARCODE SCANNER EF10 1D HANDY,99381000009552652,PT60SCR7,,,,,"SCANGLE BARCODE SCANNER
TYPE: CCD, INTERFACE: USB
",70.00,0.00,0.00,70.00,nos,Cochin,entity_level,true,0.00,0.0,99381000000006208,GST18,18.00,11970.00,Tax Group,,goods,,,,66500.00,3450910.00,0.00,Adjustment,0.00,0.000,,,,,,,,0,Due on Receipt,Cochin,C/O LOGIWIZ LOGISTICS INDIA PVT LTD,COCHIN,Kerala,India,683503,8803333444,,,,,,,,,,,,0.000,,,,,,,,,Shalima,30% advance
99381000013508099,2024-02-27,99381000000098082,Cochin,,PO-00259,,Billed,SCANGLE INDIA PRIVATE LIMITED,84433290,FALSE,KL,KL,business_gst,32ABECS7718M1ZZ,false,INR,1.000000000000,Compact 1,,,,,,Inventory Asset,,4000.00,SCANGLE - LABEL PRINTER DIRECT THERMAL,99381000011340619,LDT,,,,,"SCANGLE LABEL PRINTER
DIRECT THERMAL,LBL PRINTER",25.00,0.00,0.00,25.00,nos,Cochin,entity_level,true,0.00,0.0,99381000000006208,GST18,18.00,18000.00,Tax Group,,goods,,,,100000.00,3450910.00,0.00,Adjustment,0.00,0.000,,,,,,,,0,Due on Receipt,Cochin,C/O LOGIWIZ LOGISTICS INDIA PVT LTD,COCHIN,Kerala,India,683503,8803333444,,,,,,,,,,,,0.000,,,,,,,,,Shalima,30% advance
99381000013508099,2024-02-27,99381000000098082,Cochin,,PO-00259,,Billed,SCANGLE INDIA PRIVATE LIMITED,84433290,FALSE,KL,KL,business_gst,32ABECS7718M1ZZ,false,INR,1.000000000000,Compact 1,,,,,,Inventory Asset,,1500.00,SCANGLE- PORTABLE THERMAL PRINTER,99381000011340642,PTP,,,,,"SCANGLE PORTABLE PRINTER, 2 INCH
INTERFACE: USB, BLUETOOTH",25.00,0.00,0.00,25.00,nos,Cochin,entity_level,true,0.00,0.0,99381000000006208,GST18,18.00,6750.00,Tax Group,,goods,,,,37500.00,3450910.00,0.00,Adjustment,0.00,0.000,,,,,,,,0,Due on Receipt,Cochin,C/O LOGIWIZ LOGISTICS INDIA PVT LTD,COCHIN,Kerala,India,683503,8803333444,,,,,,,,,,,,0.000,,,,,,,,,Shalima,30% advance
99381000013508099,2024-02-27,99381000000098082,Cochin,,PO-00259,,Billed,SCANGLE INDIA PRIVATE LIMITED,84705010,FALSE,KL,KL,business_gst,32ABECS7718M1ZZ,false,INR,1.000000000000,Compact 1,,,,,,Inventory Asset,,21000.00,"SCANGLE - POS TERMINAL SGT-664 i5 14""",99381000011340661,664W14,,,,,"SCANGLE  DESKTOP WINDOWS POS
INTEL i5 3RD GEN WINDOWS 10,4GB+128GB SSD, 14'' FRONT DISPLAY,ALUMINIUM ALLOY CASE,COLOUR: BLACK
",10.00,0.00,0.00,10.00,nos,Cochin,entity_level,true,0.00,0.0,99381000000006208,GST18,18.00,37800.00,Tax Group,,goods,,,,210000.00,3450910.00,0.00,Adjustment,0.00,0.000,,,,,,,,0,Due on Receipt,Cochin,C/O LOGIWIZ LOGISTICS INDIA PVT LTD,COCHIN,Kerala,India,683503,8803333444,,,,,,,,,,,,0.000,,,,,,,,,Shalima,30% advance
99381000013508099,2024-02-27,99381000000098082,Cochin,,PO-00259,,Billed,SCANGLE INDIA PRIVATE LIMITED,84433290,FALSE,KL,KL,business_gst,32ABECS7718M1ZZ,false,INR,1.000000000000,Compact 1,,,,,,Inventory Asset,,17500.00,"SCANGLE - PRICE VERIFIER 10.1""",99381000011340680,PRICEVERIFIER101,,,,,"SCANGLE PRICE VERIFIER
RK3568 ANDROID 11,2GB+32GB, 10.1 "" DISPLAY",1.00,0.00,0.00,1.00,nos,Cochin,entity_level,true,0.00,0.0,99381000000006208,GST18,18.00,3150.00,Tax Group,,goods,,,,17500.00,3450910.00,0.00,Adjustment,0.00,0.000,,,,,,,,0,Due on Receipt,Cochin,C/O LOGIWIZ LOGISTICS INDIA PVT LTD,COCHIN,Kerala,India,683503,8803333444,,,,,,,,,,,,0.000,,,,,,,,,Shalima,30% advance
99381000013508099,2024-02-27,99381000000098082,Cochin,,PO-00259,,Billed,SCANGLE INDIA PRIVATE LIMITED,84705010,FALSE,KL,KL,business_gst,32ABECS7718M1ZZ,false,INR,1.000000000000,Compact 1,,,,,,Inventory Asset,,13500.00,SCANGLE- HAND HELD POS,99381000014078081,A7,,,,,"RK3566,Android 11,2GB,32GB,10"" Display,80mm printer",10.00,0.00,0.00,10.00,nos,Cochin,entity_level,true,0.00,0.0,99381000000006208,GST18,18.00,24300.00,Tax Group,,goods,,,,135000.00,3450910.00,0.00,Adjustment,0.00,0.000,,,,,,,,0,Due on Receipt,Cochin,C/O LOGIWIZ LOGISTICS INDIA PVT LTD,COCHIN,Kerala,India,683503,8803333444,,,,,,,,,,,,0.000,,,,,,,,,Shalima,30% advance
99381000013731316,2024-03-07,99381000000098082,Cochin,,PO-00260,,Billed,Zhejiang Sifang Import and Export Co. Ltd,84238190,FALSE,,KL,overseas,,false,USD,82.678793000000,Compact 1,,,,,,Inventory Asset,,8.00,PRICE COMPUTING SCALE - WHITE - EC(AY),99381000013731278,ATMPCWHEC,,,,,Make: YESWEIGH Model: YSP 30 Max:20kg e:2g Min:40g Class:III,500.00,0.00,0.00,500.00,nos,Cochin,entity_level,true,0.00,0.0,,,,,,,goods,,,,4000.00,11200.00,0.00,Adjustment,0.00,0.000,,,,,,,,0,Due on Receipt,Cochin,C/O LOGIWIZ LOGISTICS INDIA PVT LTD,COCHIN,Kerala,India,683503,8803333444,,,,,,,,,,,,0.000,,,,,,,,,Shalima,100% advance
99381000013731316,2024-03-07,99381000000098082,Cochin,,PO-00260,,Billed,Zhejiang Sifang Import and Export Co. Ltd,84238290,FALSE,,KL,overseas,,false,USD,82.678793000000,Compact 1,,,,,,Inventory Asset,,12.00,PLATFORM SCALE-BENCH(GREEN-EC),99381000013731297,BPCGEC,,,,,Make: YESWEIGH Model:YSP-50 Max:50kg e:5g Min:100g Class:III Display : Green,600.00,0.00,0.00,600.00,nos,Cochin,entity_level,true,0.00,0.0,,,,,,,goods,,,,7200.00,11200.00,0.00,Adjustment,0.00,0.000,,,,,,,,0,Due on Receipt,Cochin,C/O LOGIWIZ LOGISTICS INDIA PVT LTD,COCHIN,Kerala,India,683503,8803333444,,,,,,,,,,,,0.000,,,,,,,,,Shalima,100% advance
99381000014266725,2024-04-06,99381000000098082,Cochin,,PO-00261,,Partially Billed,TAKYON SYSTEMS,84231000,FALSE,KL,KL,business_gst,32AANFT0176D1ZE,false,INR,1.000000000000,Compact 1,,,,,,Inventory Asset,,1135.00,Table Top Scale  220x170 ABS 6 Volt,99381000000562040,TTABS6V,,,,,"Max : 20kg e:2gm Min: 40g Class III
Display : Red",14.00,0.00,0.00,14.00,nos,Cochin,entity_level,true,0.00,0.0,99381000000006208,GST18,18.00,2860.20,Tax Group,,goods,,,,15890.00,197402.20,0.00,Adjustment,0.00,0.000,,,,,,,,0,Due on Receipt,Cochin,C/O LOGIWIZ LOGISTICS INDIA PVT LTD,COCHIN,Kerala,India,683503,8803333444,,,,,,,,,,,,0.000,,,,,,,,,Shalima,After Delivery
99381000014266725,2024-04-06,99381000000098082,Cochin,,PO-00261,,Partially Billed,TAKYON SYSTEMS,84231000,FALSE,KL,KL,business_gst,32AANFT0176D1ZE,false,INR,1.000000000000,Compact 1,,,,,,Inventory Asset,,1050.00,Table Top Scale 220x170 ABS 4 Volt,99381000000349058,CH4VSF,,,,,"Max :20kg e:2gm Min: 40g Class III
Display : Red",50.00,0.00,0.00,50.00,nos,Cochin,entity_level,true,0.00,0.0,99381000000006208,GST18,18.00,9450.00,Tax Group,,goods,,,,52500.00,197402.20,0.00,Adjustment,0.00,0.000,,,,,,,,0,Due on Receipt,Cochin,C/O LOGIWIZ LOGISTICS INDIA PVT LTD,COCHIN,Kerala,India,683503,8803333444,,,,,,,,,,,,0.000,,,,,,,,,Shalima,After Delivery
99381000014266725,2024-04-06,99381000000098082,Cochin,,PO-00261,,Partially Billed,TAKYON SYSTEMS,84231000,FALSE,KL,KL,business_gst,32AANFT0176D1ZE,false,INR,1.000000000000,Compact 1,,,,,,Inventory Asset,,1150.00,Table Top Scale  220x170 ABS 6 Volt (G),99381000015093320,TTABS6VG,,,,,"Max : 20kg e:2gm Min: 40g Class III
Display : Green",86.00,0.00,0.00,35.00,nos,Cochin,entity_level,true,0.00,0.0,99381000000006208,GST18,18.00,17802.00,Tax Group,,goods,,,,98900.00,197402.20,0.00,Adjustment,0.00,0.000,,,,,,,,0,Due on Receipt,Cochin,C/O LOGIWIZ LOGISTICS INDIA PVT LTD,COCHIN,Kerala,India,683503,8803333444,,,,,,,,,,,,0.000,,,,,,,,,Shalima,After Delivery
99381000014429012,2024-04-16,99381000000098082,Cochin,,PO-00262,,Billed,ZHEJIANG SIFANG IMPORT & EXPORT CO LTD- AD,84238290,FALSE,,KL,overseas,,false,USD,83.500334000000,Compact 1,,,,,,Inventory Asset,,12.00,PLATFORM SCALE -BENCH (DUAL-AD3),99381000008766288,BPCADF,,,,, Max:50kg e:5g Min:100g Class:III Display : Dual,540.00,0.00,0.00,540.00,nos,Cochin,entity_level,true,0.00,0.0,,,,,,,goods,,,,6480.00,31370.00,0.00,Adjustment,0.00,0.000,,,,,,,,0,Due on Receipt,Cochin,C/O LOGIWIZ LOGISTICS INDIA PVT LTD,COCHIN,Kerala,India,683503,8803333444,,,,,,,,,,,,0.000,,,,,,,,,Shalima,advance
99381000014429012,2024-04-16,99381000000098082,Cochin,,PO-00262,,Billed,ZHEJIANG SIFANG IMPORT & EXPORT CO LTD- AD,84238190,FALSE,,KL,overseas,,false,USD,83.500334000000,Compact 1,,,,,,Inventory Asset,,8.00,PRICE COMPUTING SCALE (DUAL-AD-ECONOMY),99381000013430359,ATMADG,,,,,"Max: 30kg Min : 100g e : 5g Class III
Display : Dual",1028.00,0.00,0.00,1028.00,nos,Cochin,entity_level,true,0.00,0.0,,,,,,,goods,,,,8224.00,31370.00,0.00,Adjustment,0.00,0.000,,,,,,,,0,Due on Receipt,Cochin,C/O LOGIWIZ LOGISTICS INDIA PVT LTD,COCHIN,Kerala,India,683503,8803333444,,,,,,,,,,,,0.000,,,,,,,,,Shalima,advance
99381000014429012,2024-04-16,99381000000098082,Cochin,,PO-00262,,Billed,ZHEJIANG SIFANG IMPORT & EXPORT CO LTD- AD,84238290,FALSE,,KL,overseas,,false,USD,83.500334000000,Compact 1,,,,,,Inventory Asset,,31.50,Platform Scale Full SS -50AD,99381000014429027,BPCFSS,,,,,Capacity :50kg/5g Dual display(LED) Size 30*34 Full SS,100.00,0.00,0.00,100.00,nos,Cochin,entity_level,true,0.00,0.0,,,,,,,goods,,,,3150.00,31370.00,0.00,Adjustment,0.00,0.000,,,,,,,,0,Due on Receipt,Cochin,C/O LOGIWIZ LOGISTICS INDIA PVT LTD,COCHIN,Kerala,India,683503,8803333444,,,,,,,,,,,,0.000,,,,,,,,,Shalima,advance
99381000014429012,2024-04-16,99381000000098082,Cochin,,PO-00262,,Billed,ZHEJIANG SIFANG IMPORT & EXPORT CO LTD- AD,84238290,FALSE,,KL,overseas,,false,USD,83.500334000000,Compact 1,,,,,,Inventory Asset,,43.00,Platform Weighing Scale 400x500 FSS,99381000014429046,PFPC40X50DADFSS,,,,,,100.00,0.00,0.00,100.00,nos,Cochin,entity_level,true,0.00,0.0,,,,,,,goods,,,,4300.00,31370.00,0.00,Adjustment,0.00,0.000,,,,,,,,0,Due on Receipt,Cochin,C/O LOGIWIZ LOGISTICS INDIA PVT LTD,COCHIN,Kerala,India,683503,8803333444,,,,,,,,,,,,0.000,,,,,,,,,Shalima,advance
99381000014429012,2024-04-16,99381000000098082,Cochin,,PO-00262,,Billed,ZHEJIANG SIFANG IMPORT & EXPORT CO LTD- AD,84239020,FALSE,,KL,overseas,,false,USD,83.500334000000,Compact 1,,,,,,Inventory Asset,,0.00,Spare Parts,99381000001847007,SPARE,,,,,,1.00,0.00,0.00,1.00,box,Cochin,entity_level,true,0.00,0.0,,,,,,,goods,,,,0.00,31370.00,0.00,Adjustment,0.00,0.000,,,,,,,,0,Due on Receipt,Cochin,C/O LOGIWIZ LOGISTICS INDIA PVT LTD,COCHIN,Kerala,India,683503,8803333444,,,,,,,,,,,,0.000,,,,,,,,,Shalima,advance
99381000014429012,2024-04-16,99381000000098082,Cochin,,PO-00262,,Billed,ZHEJIANG SIFANG IMPORT & EXPORT CO LTD- AD,84238290,FALSE,,KL,overseas,,false,USD,83.500334000000,Compact 1,,,,,,Inventory Asset,,12.00,PLATFORM SCALE -BENCH (DUAL-AD3-Y),99381000014692072,PSBDAY,,,,,Make : YESWEIGH Max:50kg e:5g Min:100g Class:III Display : Dual,768.00,0.00,0.00,768.00,nos,Cochin,entity_level,true,0.00,0.0,,,,,,,goods,,,,9216.00,31370.00,0.00,Adjustment,0.00,0.000,,,,,,,,0,Due on Receipt,Cochin,C/O LOGIWIZ LOGISTICS INDIA PVT LTD,COCHIN,Kerala,India,683503,8803333444,,,,,,,,,,,,0.000,,,,,,,,,Shalima,advance
99381000014429210,2024-04-16,99381000000098082,Cochin,,PO-00263,,Billed,Shanghai Yousheng Weighing Apparatus Co. Ltd.,84231000,FALSE,,KL,overseas,,false,USD,83.549169000000,Compact 1,,,,,,Inventory Asset,,112.00,Bill Printing scale Q8POS,99381000000011617,ECS5W,,,,,,150.00,0.00,0.00,150.00,nos,Cochin,entity_level,true,0.00,0.0,,,,,,,goods,,,,16800.00,45735.00,0.00,Adjustment,0.00,0.000,,,,,,,,0,Due on Receipt,Cochin,C/O LOGIWIZ LOGISTICS INDIA PVT LTD,COCHIN,Kerala,India,683503,8803333444,,,,,,,,,,,,0.000,,,,,,,,,Shalima,100% as advance
99381000014429210,2024-04-16,99381000000098082,Cochin,,PO-00263,,Billed,Shanghai Yousheng Weighing Apparatus Co. Ltd.,84238190,FALSE,,KL,overseas,,false,USD,83.549169000000,Compact 1,,,,,,Inventory Asset,,112.00,Bill Printing scale Q8POS (UB),99381000011439709,ECS5WW,,,,,,100.00,0.00,0.00,100.00,nos,Cochin,entity_level,true,0.00,0.0,,,,,,,goods,,,,11200.00,45735.00,0.00,Adjustment,0.00,0.000,,,,,,,,0,Due on Receipt,Cochin,C/O LOGIWIZ LOGISTICS INDIA PVT LTD,COCHIN,Kerala,India,683503,8803333444,,,,,,,,,,,,0.000,,,,,,,,,Shalima,100% as advance
99381000014429210,2024-04-16,99381000000098082,Cochin,,PO-00263,,Billed,Shanghai Yousheng Weighing Apparatus Co. Ltd.,84231000,FALSE,,KL,overseas,,false,USD,83.549169000000,Compact 1,,,,,,Inventory Asset,,93.00,Bill  Printing scale Q74W,99381000000343190,ECS4W,,,,,,20.00,0.00,0.00,20.00,nos,Cochin,entity_level,true,0.00,0.0,,,,,,,goods,,,,1860.00,45735.00,0.00,Adjustment,0.00,0.000,,,,,,,,0,Due on Receipt,Cochin,C/O LOGIWIZ LOGISTICS INDIA PVT LTD,COCHIN,Kerala,India,683503,8803333444,,,,,,,,,,,,0.000,,,,,,,,,Shalima,100% as advance
99381000014429210,2024-04-16,99381000000098082,Cochin,,PO-00263,,Billed,Shanghai Yousheng Weighing Apparatus Co. Ltd.,84231000,FALSE,,KL,overseas,,false,USD,83.549169000000,Compact 1,,,,,,Inventory Asset,,110.00,Label Printing Scale Q9LBL,99381000002536240,Q9LBL,,,,,,110.00,0.00,0.00,110.00,nos,Cochin,entity_level,true,0.00,0.0,,,,,,,goods,,,,12100.00,45735.00,0.00,Adjustment,0.00,0.000,,,,,,,,0,Due on Receipt,Cochin,C/O LOGIWIZ LOGISTICS INDIA PVT LTD,COCHIN,Kerala,India,683503,8803333444,,,,,,,,,,,,0.000,,,,,,,,,Shalima,100% as advance
99381000014429210,2024-04-16,99381000000098082,Cochin,,PO-00263,,Billed,Shanghai Yousheng Weighing Apparatus Co. Ltd.,84238190,FALSE,,KL,overseas,,false,USD,83.549169000000,Compact 1,,,,,,Inventory Asset,,285.00,HANGING SCALE TMA,99381000006174164,HGLBL,,,,,Capacity : 30kg/5g,5.00,0.00,0.00,5.00,nos,Cochin,entity_level,true,0.00,0.0,,,,,,,goods,,,,1425.00,45735.00,0.00,Adjustment,0.00,0.000,,,,,,,,0,Due on Receipt,Cochin,C/O LOGIWIZ LOGISTICS INDIA PVT LTD,COCHIN,Kerala,India,683503,8803333444,,,,,,,,,,,,0.000,,,,,,,,,Shalima,100% as advance
99381000014429210,2024-04-16,99381000000098082,Cochin,,PO-00263,,Billed,Shanghai Yousheng Weighing Apparatus Co. Ltd.,84239020,FALSE,,KL,overseas,,false,USD,83.549169000000,Compact 1,,,,,,Inventory Asset,,20.00,Cash Box,99381000000343208,ECSCD,,,,,,20.00,0.00,0.00,20.00,nos,Cochin,entity_level,true,0.00,0.0,,,,,,,goods,,,,400.00,45735.00,0.00,Adjustment,0.00,0.000,,,,,,,,0,Due on Receipt,Cochin,C/O LOGIWIZ LOGISTICS INDIA PVT LTD,COCHIN,Kerala,India,683503,8803333444,,,,,,,,,,,,0.000,,,,,,,,,Shalima,100% as advance
99381000014429210,2024-04-16,99381000000098082,Cochin,,PO-00263,,Billed,Shanghai Yousheng Weighing Apparatus Co. Ltd.,84239020,FALSE,,KL,overseas,,false,USD,83.549169000000,Compact 1,,,,,,Inventory Asset,,90.00,Floor Scale 1mx1m,99381000000035236,PLT1000,,,,,,10.00,0.00,0.00,10.00,nos,Cochin,entity_level,true,0.00,0.0,,,,,,,goods,,,,900.00,45735.00,0.00,Adjustment,0.00,0.000,,,,,,,,0,Due on Receipt,Cochin,C/O LOGIWIZ LOGISTICS INDIA PVT LTD,COCHIN,Kerala,India,683503,8803333444,,,,,,,,,,,,0.000,,,,,,,,,Shalima,100% as advance
99381000014429210,2024-04-16,99381000000098082,Cochin,,PO-00263,,Billed,Shanghai Yousheng Weighing Apparatus Co. Ltd.,84239020,FALSE,,KL,overseas,,false,USD,83.549169000000,Compact 1,,,,,,Inventory Asset,,105.00,Floor Scale 1.2mx1.2m,99381000000035245,PLT1200,,,,,,10.00,0.00,0.00,10.00,nos,Cochin,entity_level,true,0.00,0.0,,,,,,,goods,,,,1050.00,45735.00,0.00,Adjustment,0.00,0.000,,,,,,,,0,Due on Receipt,Cochin,C/O LOGIWIZ LOGISTICS INDIA PVT LTD,COCHIN,Kerala,India,683503,8803333444,,,,,,,,,,,,0.000,,,,,,,,,Shalima,100% as advance
99381000014748161,2024-05-04,99381000003083031,Head Office,,PO-00264,,Issued,Shanghai Yousheng Weighing Apparatus Co. Ltd.,84239020,FALSE,,KL,overseas,,false,USD,83.315366000000,Compact 1,,,,,,Inventory Asset,,1212.50,Spare Parts,99381000001847007,SPARE,,,,,,3.00,0.00,0.00,0.00,box,Head Office,entity_level,true,0.00,0.0,,,,,,,goods,,,,3637.50,3637.50,0.00,Adjustment,0.00,0.000,,,,,,,,0,Due on Receipt,Vytila-COK," 49/468A, CITY CENTER 2ND FLOOR VYTTILA ",COCHIN,Kerala,India,,8803333444,,,,,,,,,,,,0.000,,,,,,,,,Shalima,100% as advance
99381000016442310,2024-07-22,99381000003083031,Head Office,,PO-00265,,Billed,G J IMPEX,84239020,FALSE,GJ,KL,business_gst,24AANFG8787H1ZR,false,INR,1.000000000000,Compact 1,,,,,,Inventory Asset,,490.00,Shearbeam Loadcell 1000kg,99381000002008154,SBLC1T,,,,,,36.00,0.00,0.00,36.00,nos,Head Office,entity_level,true,0.00,0.0,99381000000006196,IGST18,18.00,3175.20,ItemAmount,,goods,,,,17640.00,50634.00,0.20,Adjustment,0.00,0.000,,,,,,,,0,Due on Receipt,Vytila-COK," 49/468A, CITY CENTER 2ND FLOOR VYTTILA ",COCHIN,Kerala,India,,8803333444,,,,,,,,,,,,0.000,,,,,,,,,Shalima,advance
99381000016442310,2024-07-22,99381000003083031,Head Office,,PO-00265,,Billed,G J IMPEX,84239020,FALSE,GJ,KL,business_gst,24AANFG8787H1ZR,false,INR,1.000000000000,Compact 1,,,,,,Inventory Asset,,490.00,Shearbeam Loadcell 500 kg,99381000002008145,SLK500,,,,,,48.00,0.00,0.00,48.00,nos,Head Office,entity_level,true,0.00,0.0,99381000000006196,IGST18,18.00,4233.60,ItemAmount,,goods,,,,23520.00,50634.00,0.20,Adjustment,0.00,0.000,,,,,,,,0,Due on Receipt,Vytila-COK," 49/468A, CITY CENTER 2ND FLOOR VYTTILA ",COCHIN,Kerala,India,,8803333444,,,,,,,,,,,,0.000,,,,,,,,,Shalima,advance
99381000016442310,2024-07-22,99381000003083031,Head Office,,PO-00265,,Billed,G J IMPEX,84239020,FALSE,GJ,KL,business_gst,24AANFG8787H1ZR,false,INR,1.000000000000,Compact 1,,,,,,Inventory Asset,,3.50,RMC Connector 5 Pin,99381000002008091,RCP5,,,,,,500.00,0.00,0.00,500.00,nos,Head Office,entity_level,true,0.00,0.0,99381000000006196,IGST18,18.00,315.00,ItemAmount,,goods,,,,1750.00,50634.00,0.20,Adjustment,0.00,0.000,,,,,,,,0,Due on Receipt,Vytila-COK," 49/468A, CITY CENTER 2ND FLOOR VYTTILA ",COCHIN,Kerala,India,,8803333444,,,,,,,,,,,,0.000,,,,,,,,,Shalima,advance
99381000016442488,2024-08-01,99381000003083031,Head Office,,PO-00267,,Billed,BREVERA TECHNOLOGIES PRIVATE LIMITED,84239020,FALSE,KA,KL,business_gst,29AAFCB7108Q1Z4,false,INR,1.000000000000,Compact 1,,,,,,Inventory Asset,,152.00,CHOTTU MOTHERBOARD - 99MB 6V,99381000001165607,CH602,,,,,,100.00,0.00,0.00,100.00,nos,Head Office,entity_level,true,0.00,0.0,99381000000006196,IGST18,18.00,2736.00,ItemAmount,,goods,,,,15200.00,18101.00,-0.20,Adjustment,0.00,0.000,,,,,,,,0,Due on Receipt,Vytila-COK," 49/468A, CITY CENTER 2ND FLOOR VYTTILA ",COCHIN,Kerala,India,,8803333444,,,,,,,,,,,,0.000,,,,,,,,,Shalima,Advance
99381000016442488,2024-08-01,99381000003083031,Head Office,,PO-00267,,Billed,BREVERA TECHNOLOGIES PRIVATE LIMITED,996819,FALSE,KA,KL,business_gst,29AAFCB7108Q1Z4,false,INR,1.000000000000,Compact 1,,,,,,Cost of Goods Sold,,140.00,Freight,99381000003152296,FREIGH,,,,,,1.00,0.00,0.00,1.00,Lumpsum,,entity_level,true,0.00,0.0,99381000000006196,IGST18,18.00,25.20,ItemAmount,,service,,,,140.00,18101.00,-0.20,Adjustment,0.00,0.000,,,,,,,,0,Due on Receipt,Vytila-COK," 49/468A, CITY CENTER 2ND FLOOR VYTTILA ",COCHIN,Kerala,India,,8803333444,,,,,,,,,,,,0.000,,,,,,,,,Shalima,Advance
99381000017937947,2024-10-19,99381000003083031,Head Office,,PO-00268,,Draft,Sanoft Technologies Private Limited,998314,FALSE,KL,KL,business_gst,32ABFCS0413E1Z1,false,INR,1.000000000000,Compact 1,,,,,,Cloud charges,,1500.00,Cloud Service Charge - Standard,99381000004019927,YESCSC001,,,,,,20.00,0.00,0.00,0.00,Lumpsum,,entity_level,true,0.00,0.0,99381000000006208,GST18,18.00,5400.00,Tax Group,,service,,,,30000.00,38280.00,0.00,Adjustment,0.00,0.000,,,,,,,,0,Due On Receipt,Vytila-COK," 49/468A, CITY CENTER 2ND FLOOR VYTTILA ",COCHIN,Kerala,India,,8803333444,,,,,,,,Payment of contractors for Others,194C,Section 194 C,2.00,660.000,,,,,,,,,Shalima,100% advance
99381000017937947,2024-10-19,99381000003083031,Head Office,,PO-00268,,Draft,Sanoft Technologies Private Limited,998314,FALSE,KL,KL,business_gst,32ABFCS0413E1Z1,false,INR,1.000000000000,Compact 1,,,,,,Cloud charges,,150.00,Cloud Service Charge - Standard (1 month),99381000016247834,YESCSC005,,,,,,20.00,0.00,0.00,0.00,Lumpsum,,entity_level,true,0.00,0.0,99381000000006208,GST18,18.00,540.00,Tax Group,,service,,,,3000.00,38280.00,0.00,Adjustment,0.00,0.000,,,,,,,,0,Due On Receipt,Vytila-COK," 49/468A, CITY CENTER 2ND FLOOR VYTTILA ",COCHIN,Kerala,India,,8803333444,,,,,,,,Payment of contractors for Others,194C,Section 194 C,2.00,660.000,,,,,,,,,Shalima,100% advance
99381000018596073,2024-11-19,99381000003083031,Head Office,,PO-00269,,Billed,SHREEJI SENSOR,84239020,FALSE,GJ,KL,business_gst,24BMUPG7477E1ZM,false,INR,1.000000000000,Compact 1,,,,,,Inventory Asset,,490.00,Shearbeam Loadcell 1000kg,99381000002008154,SBLC1T,,,,,,120.00,0.00,0.00,120.00,nos,Head Office,entity_level,true,0.00,0.0,99381000000006196,IGST18,18.00,10584.00,ItemAmount,,goods,,,,58800.00,131829.00,-0.60,Adjustment,0.00,0.000,,,,,,,,0,Due On Receipt,Vytila-COK," 49/468A, CITY CENTER 2ND FLOOR VYTTILA ",COCHIN,Kerala,India,,8803333444,,,,,,,,,,,,0.000,,,,,,,,,Shalima,100% advance
99381000018596073,2024-11-19,99381000003083031,Head Office,,PO-00269,,Billed,SHREEJI SENSOR,84239020,FALSE,GJ,KL,business_gst,24BMUPG7477E1ZM,false,INR,1.000000000000,Compact 1,,,,,,Inventory Asset,,490.00,Shearbeam Loadcell 500 kg,99381000002008145,SLK500,,,,,,84.00,0.00,0.00,84.00,nos,Head Office,entity_level,true,0.00,0.0,99381000000006196,IGST18,18.00,7408.80,ItemAmount,,goods,,,,41160.00,131829.00,-0.60,Adjustment,0.00,0.000,,,,,,,,0,Due On Receipt,Vytila-COK," 49/468A, CITY CENTER 2ND FLOOR VYTTILA ",COCHIN,Kerala,India,,8803333444,,,,,,,,,,,,0.000,,,,,,,,,Shalima,100% advance
99381000018596073,2024-11-19,99381000003083031,Head Office,,PO-00269,,Billed,SHREEJI SENSOR,84239020,FALSE,GJ,KL,business_gst,24BMUPG7477E1ZM,false,INR,1.000000000000,Compact 1,,,,,,Inventory Asset,,490.00,Shearbeam Loadcell 2000kg,99381000003971368,SBLC2T,,,,,,24.00,0.00,0.00,24.00,nos,Head Office,entity_level,true,0.00,0.0,99381000000006196,IGST18,18.00,2116.80,ItemAmount,,goods,,,,11760.00,131829.00,-0.60,Adjustment,0.00,0.000,,,,,,,,0,Due On Receipt,Vytila-COK," 49/468A, CITY CENTER 2ND FLOOR VYTTILA ",COCHIN,Kerala,India,,8803333444,,,,,,,,,,,,0.000,,,,,,,,,Shalima,100% advance
99381000019413897,2024-12-11,99381000003083031,Head Office,,PO-00270,,Billed,PMS SOFTINFO TECHNOLOGIES PVT LTD,84239020,FALSE,RJ,KL,business_gst,08AAECP8296N1ZI,false,INR,1.000000000000,Compact 1,,,,,,Inventory Asset,,185.00,Motherboard PMS 63,99381000002007019,MP63,,,,,,300.00,0.00,0.00,300.00,nos,Head Office,entity_level,true,0.00,0.0,99381000000006196,IGST18,18.00,9990.00,ItemAmount,,goods,,,,55500.00,106200.00,0.00,Adjustment,0.00,0.000,,,,,,,,0,Due On Receipt,Vytila-COK," 49/468A, CITY CENTER 2ND FLOOR VYTTILA ",COCHIN,Kerala,India,,8803333444,,,,,,,,,,,,0.000,,,,,,,,,Shalima,100% advance
99381000019413897,2024-12-11,99381000003083031,Head Office,,PO-00270,,Billed,PMS SOFTINFO TECHNOLOGIES PVT LTD,84239020,FALSE,RJ,KL,business_gst,08AAECP8296N1ZI,false,INR,1.000000000000,Compact 1,,,,,,Inventory Asset,,650.00,Motherboard- PMS 45(GREEN),99381000008054109,MPG45,,,,,,50.00,0.00,0.00,50.00,nos,Head Office,entity_level,true,0.00,0.0,99381000000006196,IGST18,18.00,5850.00,ItemAmount,,goods,,,,32500.00,106200.00,0.00,Adjustment,0.00,0.000,,,,,,,,0,Due On Receipt,Vytila-COK," 49/468A, CITY CENTER 2ND FLOOR VYTTILA ",COCHIN,Kerala,India,,8803333444,,,,,,,,,,,,0.000,,,,,,,,,Shalima,100% advance
99381000019413897,2024-12-11,99381000003083031,Head Office,,PO-00270,,Billed,PMS SOFTINFO TECHNOLOGIES PVT LTD,996819,FALSE,RJ,KL,business_gst,08AAECP8296N1ZI,false,INR,1.000000000000,Compact 1,,,,,,Cost of Goods Sold,,2000.00,Freight,99381000003152296,FREIGH,,,,,,1.00,0.00,0.00,1.00,Lumpsum,,entity_level,true,0.00,0.0,99381000000006196,IGST18,18.00,360.00,ItemAmount,,service,,,,2000.00,106200.00,0.00,Adjustment,0.00,0.000,,,,,,,,0,Due On Receipt,Vytila-COK," 49/468A, CITY CENTER 2ND FLOOR VYTTILA ",COCHIN,Kerala,India,,8803333444,,,,,,,,,,,,0.000,,,,,,,,,Shalima,100% advance
99381000019415036,2024-12-20,99381000003083031,Head Office,,PO-00271,,Billed,SREEKRISHNA TRADERS,85072000,FALSE,KL,KL,business_gst,32AECFS0538R1ZR,false,INR,1.000000000000,Compact 1,,,,,,Inventory Asset,,164.06,UPLUS BATTERY 4V 4.5AH,99381000010253573,BU445,,,,,,60.00,0.00,0.00,60.00,nos,Head Office,entity_level,true,0.00,0.0,99381000000006224,GST28,28.00,2756.20,Tax Group,,goods,,,,9843.60,12600.00,0.20,Adjustment,0.00,0.000,,,,,,,,0,Due On Receipt,Vytila-COK," 49/468A, CITY CENTER 2ND FLOOR VYTTILA ",COCHIN,Kerala,India,,8803333444,,,,,,,,,,,,0.000,,,,,,,,,Shalima,100% advance
99381000019567335,2024-12-30,99381000003083031,Head Office,,PO-00272,September Month Accounts,Billed,Sanoft Technologies Private Limited,998314,FALSE,KL,KL,business_gst,32ABFCS0413E1Z1,false,INR,1.000000000000,Compact 1,September Month Accounts,,,,,Cloud charges,,1050.00,Cloud Service Charge - Standard,99381000004019927,YESCSC001,,,,,,67.00,0.00,0.00,67.00,Lumpsum,,entity_level,false,0.00,0.000,99381000000006208,GST18,18.00,12663.00,Tax Group,,service,,,,70350.00,180624.00,0.10,Adjustment,0.00,19888.000,Cloud charges,,,,,,,0,Due On Receipt,Vytila-COK," 49/468A, CITY CENTER 2ND FLOOR VYTTILA ",COCHIN,Kerala,India,,8803333444,,,,,,,,Payment of contractors for Others,194C,Section 194 C,2.00,3457.000,,,,,,,,,Shalima,NIL
99381000019567335,2024-12-30,99381000003083031,Head Office,,PO-00272,September Month Accounts,Billed,Sanoft Technologies Private Limited,998314,FALSE,KL,KL,business_gst,32ABFCS0413E1Z1,false,INR,1.000000000000,Compact 1,September Month Accounts,,,,,Cloud charges,,150.00,Cloud Service Charge - Standard (1 month),99381000016247834,YESCSC005,,,,,Less than 3 Months,87.00,0.00,0.00,87.00,Lumpsum,,entity_level,false,0.00,0.000,99381000000006208,GST18,18.00,2349.00,Tax Group,,service,,,,13050.00,180624.00,0.10,Adjustment,0.00,19888.000,Cloud charges,,,,,,,0,Due On Receipt,Vytila-COK," 49/468A, CITY CENTER 2ND FLOOR VYTTILA ",COCHIN,Kerala,India,,8803333444,,,,,,,,Payment of contractors for Others,194C,Section 194 C,2.00,3457.000,,,,,,,,,Shalima,NIL
99381000019567335,2024-12-30,99381000003083031,Head Office,,PO-00272,September Month Accounts,Billed,Sanoft Technologies Private Limited,998314,FALSE,KL,KL,business_gst,32ABFCS0413E1Z1,false,INR,1.000000000000,Compact 1,September Month Accounts,,,,,Cloud charges,,105.00,Cloud Service Charge - Standard (1 month),99381000016247834,YESCSC005,,,,,More than 3 Months ,197.00,0.00,0.00,197.00,Lumpsum,,entity_level,false,0.00,0.000,99381000000006208,GST18,18.00,3723.30,Tax Group,,service,,,,20685.00,180624.00,0.10,Adjustment,0.00,19888.000,Cloud charges,,,,,,,0,Due On Receipt,Vytila-COK," 49/468A, CITY CENTER 2ND FLOOR VYTTILA ",COCHIN,Kerala,India,,8803333444,,,,,,,,Payment of contractors for Others,194C,Section 194 C,2.00,3457.000,,,,,,,,,Shalima,NIL
99381000019567335,2024-12-30,99381000003083031,Head Office,,PO-00272,September Month Accounts,Billed,Sanoft Technologies Private Limited,998314,FALSE,KL,KL,business_gst,32ABFCS0413E1Z1,false,INR,1.000000000000,Compact 1,September Month Accounts,,,,,Cloud charges,,2050.00,Cloud Service Charge - Premium,99381000016053057,YESCSC002,,,,,Above 25 shops,4.00,0.00,0.00,4.00,Lumpsum,,entity_level,false,0.00,0.000,99381000000006208,GST18,18.00,1476.00,Tax Group,,service,,,,8200.00,180624.00,0.10,Adjustment,0.00,19888.000,Cloud charges,,,,,,,0,Due On Receipt,Vytila-COK," 49/468A, CITY CENTER 2ND FLOOR VYTTILA ",COCHIN,Kerala,India,,8803333444,,,,,,,,Payment of contractors for Others,194C,Section 194 C,2.00,3457.000,,,,,,,,,Shalima,NIL
99381000019567335,2024-12-30,99381000003083031,Head Office,,PO-00272,September Month Accounts,Billed,Sanoft Technologies Private Limited,998314,FALSE,KL,KL,business_gst,32ABFCS0413E1Z1,false,INR,1.000000000000,Compact 1,September Month Accounts,,,,,Cloud charges,,250.00,Cloud Service Charge - Premium (1 Month),99381000016247843,YESCSC006,,,,,Less than 3 Month,3.00,0.00,0.00,3.00,Lumpsum,,entity_level,false,0.00,0.000,99381000000006208,GST18,18.00,135.00,Tax Group,,service,,,,750.00,180624.00,0.10,Adjustment,0.00,19888.000,Cloud charges,,,,,,,0,Due On Receipt,Vytila-COK," 49/468A, CITY CENTER 2ND FLOOR VYTTILA ",COCHIN,Kerala,India,,8803333444,,,,,,,,Payment of contractors for Others,194C,Section 194 C,2.00,3457.000,,,,,,,,,Shalima,NIL
99381000019567335,2024-12-30,99381000003083031,Head Office,,PO-00272,September Month Accounts,Billed,Sanoft Technologies Private Limited,998314,FALSE,KL,KL,business_gst,32ABFCS0413E1Z1,false,INR,1.000000000000,Compact 1,September Month Accounts,,,,,Cloud charges,,899.00,Cloud Service Charge - Additional ECS Terminal,99381000016053078,YESCSC003,,,,,,30.00,0.00,0.00,30.00,Lumpsum,,entity_level,false,0.00,0.000,99381000000006208,GST18,18.00,4854.60,Tax Group,,service,,,,26970.00,180624.00,0.10,Adjustment,0.00,19888.000,Cloud charges,,,,,,,0,Due On Receipt,Vytila-COK," 49/468A, CITY CENTER 2ND FLOOR VYTTILA ",COCHIN,Kerala,India,,8803333444,,,,,,,,Payment of contractors for Others,194C,Section 194 C,2.00,3457.000,,,,,,,,,Shalima,NIL
99381000019567335,2024-12-30,99381000003083031,Head Office,,PO-00272,September Month Accounts,Billed,Sanoft Technologies Private Limited,998314,FALSE,KL,KL,business_gst,32ABFCS0413E1Z1,false,INR,1.000000000000,Compact 1,September Month Accounts,,,,,Cloud charges,,90.00,Cloud Service Charge - Additional ECS Terminal (1Month),99381000017965769,YESCSC011,,,,,,65.00,0.00,0.00,65.00,Lumpsum,,entity_level,false,0.00,0.000,99381000000006208,GST18,18.00,1053.00,Tax Group,,service,,,,5850.00,180624.00,0.10,Adjustment,0.00,19888.000,Cloud charges,,,,,,,0,Due On Receipt,Vytila-COK," 49/468A, CITY CENTER 2ND FLOOR VYTTILA ",COCHIN,Kerala,India,,8803333444,,,,,,,,Payment of contractors for Others,194C,Section 194 C,2.00,3457.000,,,,,,,,,Shalima,NIL
99381000019567335,2024-12-30,99381000003083031,Head Office,,PO-00272,September Month Accounts,Billed,Sanoft Technologies Private Limited,998314,FALSE,KL,KL,business_gst,32ABFCS0413E1Z1,false,INR,1.000000000000,Compact 1,September Month Accounts,,,,,Cloud charges,,300.00,Cloud Service Charge - Additional Sales,99381000016053227,YESCSC004,,,,,,90.00,0.00,0.00,90.00,Lumpsum,,entity_level,false,0.00,0.000,99381000000006208,GST18,18.00,4860.00,Tax Group,,service,,,,27000.00,180624.00,0.10,Adjustment,0.00,19888.000,Cloud charges,,,,,,,0,Due On Receipt,Vytila-COK," 49/468A, CITY CENTER 2ND FLOOR VYTTILA ",COCHIN,Kerala,India,,8803333444,,,,,,,,Payment of contractors for Others,194C,Section 194 C,2.00,3457.000,,,,,,,,,Shalima,NIL
99381000020225958,2025-01-29,99381000000098082,Cochin,,PO-00273,,Draft,SAFAL ENTERPRISE PVT. LTD.,84231000,FALSE,GJ,KL,business_gst,24ABFCS6034B1ZR,false,INR,1.000000000000,Compact 1,,,,,,Inventory Asset,,1100.00,Table Top Scale  220x170 ABS 6 Volt,99381000000562040,TTABS6V,,,,,"Max : 20kg e:2gm Min: 40g Class III
(YESWEIGH Branded)",100.00,0.00,0.00,0.00,nos,Cochin,entity_level,true,0.00,0.0,99381000000006196,IGST18,18.00,19800.00,ItemAmount,,goods,,,,110000.00,129800.00,0.00,Adjustment,0.00,0.000,,,,,,,,0,Due On Receipt,Cochin,"LOGIWIZ LOGISTICS,POTTEKATTU BUILDING,HMT JN,",Cochin,"HMT ROAD, KALAMASSERY",India,683503,8590603061,,,,,,,,,,,,0.000,,,,,,,,,Shalima,Advance
99381000023430753,2025-07-17,99381000000098082,Cochin,,PO-00274,,Billed,Accurate Trade Links,84729090,FALSE,KL,KL,business_gst,32AHJPK1741Q1Z4,false,INR,1.000000000000,Compact 1,,,,,,Inventory Asset,,5800.00,CCM  - Value Counting Machine,99381000000302452,AL66,,,,,,90.00,0.00,0.00,90.00,nos,Cochin,entity_level,true,0.00,0.0,99381000000006208,GST18,18.00,93960.00,Tax Group,,goods,,,,522000.00,615960.00,0.00,Adjustment,0.00,0.000,,,,,,,,0,Due on Receipt,Cochin,C/O LOGIWIZ LOGISTICS INDIA PVT LTD,COCHIN,Kerala,India,683503,8803333444,,,,,,,,,,,,0.000,,,,,,,,,Shalima,100% Advance
99381000023490622,2025-07-21,99381000000098082,Cochin,,PO-00275,,Billed,SAFAL ENTERPRISE PVT. LTD.,84231000,FALSE,GJ,KL,business_gst,24ABFCS6034B1ZR,false,INR,1.000000000000,Compact 1,,,,,,Inventory Asset,,1100.00,Table Top Scale  220x170 ABS 6 Volt,99381000000562040,TTABS6V,,,,,Max : 20kg e:2gm Min: 40g Class III,50.00,0.00,0.00,50.00,nos,Cochin,entity_level,true,0.00,0.0,99381000000006196,IGST18,18.00,9900.00,ItemAmount,,goods,,,,55000.00,64900.00,0.00,Adjustment,0.00,0.000,,,,,,,,0,Due on Receipt,Cochin,C/O LOGIWIZ LOGISTICS INDIA PVT LTD,COCHIN,Kerala,India,683503,8803333444,,,,,,,,,,,,0.000,,,,,,,,,Shalima,30 days credit
99381000023775600,2025-08-06,99381000000098082,Cochin,,PO-00276,,Billed,ELMASS’ Weighing & Automation Pvt. Ltd,84238190,FALSE,KL,KL,business_gst,32AAGCE7631N1ZF,false,INR,1.000000000000,Compact 1,,,,,,Inventory Asset,,1525.00,TABLE TOP WEIGHING SCALE,99381000023775579,TTWS,,,,,,100.00,0.00,0.00,100.00,nos,Cochin,entity_level,true,0.00,0.0,99381000000006208,GST18,18.00,27450.00,Tax Group,,goods,,,,152500.00,179950.00,0.00,Adjustment,0.00,0.000,,,,,,,,0,Due on Receipt,Cochin,C/O LOGIWIZ LOGISTICS INDIA PVT LTD,COCHIN,Kerala,India,683503,8803333444,,,,,,,,,,,,0.000,,,,,,,,,Shalima,100% Advance
99381000024199028,2025-07-29,99381000000098082,Cochin,,PO-00277,YKSP250189,Billed,ZHEJIANG SIFANG IMPORT & EXPORT CO LTD- AD,84238190,FALSE,,KL,overseas,,false,USD,87.063450000000,Compact 1,YKSP250189,,,,,Inventory Asset,,8.00,PRICE COMPUTING SCALE (RED-AD-ECONOMY),99381000013430359,ATMADG,,,,,"Max: 30kg Min : 100g e : 5g Class III
Display : Red",452.00,0.00,0.00,452.00,nos,Cochin,entity_level,true,0.00,0.0,,,,,,,goods,,,,3616.00,33486.00,0.00,Adjustment,0.00,0.000,,,,,,,,0,Due on Receipt,Cochin,C/O LOGIWIZ LOGISTICS INDIA PVT LTD,COCHIN,Kerala,India,683503,8803333444,,,,,,,,,,,,0.000,,,,,,,,,Shalima,30% Advance
99381000024199028,2025-07-29,99381000000098082,Cochin,,PO-00277,YKSP250189,Billed,ZHEJIANG SIFANG IMPORT & EXPORT CO LTD- AD,84238190,FALSE,,KL,overseas,,false,USD,87.063450000000,Compact 1,YKSP250189,,,,,Inventory Asset,,7.00,TABLE TOP SCALE PC (RED-AD),99381000016785236,ATM30RAD,,,,,"Max: 20kg  Min : 40g e : 2g Class III
Display : Red",500.00,0.00,0.00,500.00,nos,Cochin,entity_level,true,0.00,0.0,,,,,,,goods,,,,3500.00,33486.00,0.00,Adjustment,0.00,0.000,,,,,,,,0,Due on Receipt,Cochin,C/O LOGIWIZ LOGISTICS INDIA PVT LTD,COCHIN,Kerala,India,683503,8803333444,,,,,,,,,,,,0.000,,,,,,,,,Shalima,30% Advance
99381000024199028,2025-07-29,99381000000098082,Cochin,,PO-00277,YKSP250189,Billed,ZHEJIANG SIFANG IMPORT & EXPORT CO LTD- AD,84238290,FALSE,,KL,overseas,,false,USD,87.063450000000,Compact 1,YKSP250189,,,,,Inventory Asset,,12.00,PLATFORM SCALE -BENCH (FG-AD1),99381000019013465,BPCGADF,,,,, Max:50kg e:5g Min:100g Class:III Display : Green,1400.00,0.00,0.00,1400.00,nos,Cochin,entity_level,true,0.00,0.0,,,,,,,goods,,,,16800.00,33486.00,0.00,Adjustment,0.00,0.000,,,,,,,,0,Due on Receipt,Cochin,C/O LOGIWIZ LOGISTICS INDIA PVT LTD,COCHIN,Kerala,India,683503,8803333444,,,,,,,,,,,,0.000,,,,,,,,,Shalima,30% Advance
99381000024199028,2025-07-29,99381000000098082,Cochin,,PO-00277,YKSP250189,Billed,ZHEJIANG SIFANG IMPORT & EXPORT CO LTD- AD,84238290,FALSE,,KL,overseas,,false,USD,87.063450000000,Compact 1,YKSP250189,,,,,Inventory Asset,,31.90,Platform Scale Full SS -50AD,99381000014429027,BPCFSS,,,,,Capacity :50kg/5g Dual display(LED) Size 30*34 Full SS,300.00,0.00,0.00,300.00,nos,Cochin,entity_level,true,0.00,0.0,,,,,,,goods,,,,9570.00,33486.00,0.00,Adjustment,0.00,0.000,,,,,,,,0,Due on Receipt,Cochin,C/O LOGIWIZ LOGISTICS INDIA PVT LTD,COCHIN,Kerala,India,683503,8803333444,,,,,,,,,,,,0.000,,,,,,,,,Shalima,30% Advance
99381000024199078,2025-07-23,99381000000098082,Cochin,,PO-00278,,Billed,"ZHEJIANG NEW VISION IMP & EXP  CO, LTD",84231000,FALSE,,KL,overseas,,false,USD,86.398949000000,Compact 1,,,,,,Inventory Asset,,16.80,PRICE COMPUTING SCALE WITH POLE-GREEN,99381000002951037,APCPQ,,,,,"Make :YESWEIGH Model: YSP -30 Model approval No: IND/09/20/23
 Max :30kg e :5g
Display :Green",300.00,0.00,0.00,300.00,nos,Cochin,entity_level,true,0.00,0.0,,,,,,,goods,,,,5040.00,36762.00,0.00,Adjustment,0.00,0.000,,,,,,,,0,Due on Receipt,Cochin,C/O LOGIWIZ LOGISTICS INDIA PVT LTD,COCHIN,Kerala,India,683503,8803333444,,,,,,,,,,,,0.000,,,,,,,,,Shalima,30 % Advance
99381000024199078,2025-07-23,99381000000098082,Cochin,,PO-00278,,Billed,"ZHEJIANG NEW VISION IMP & EXP  CO, LTD",84238190,FALSE,,KL,overseas,,false,USD,86.398949000000,Compact 1,,,,,,Inventory Asset,,21.50,PRICE COMPUTING SCALE FSS(DQZ),99381000012887614,ATMFSS,,,,,"Make: YESWEIGH Model: YSP 30
Max:30kg e:5g Min:100g Class:III",300.00,0.00,0.00,300.00,nos,Cochin,entity_level,true,0.00,0.0,,,,,,,goods,,,,6450.00,36762.00,0.00,Adjustment,0.00,0.000,,,,,,,,0,Due on Receipt,Cochin,C/O LOGIWIZ LOGISTICS INDIA PVT LTD,COCHIN,Kerala,India,683503,8803333444,,,,,,,,,,,,0.000,,,,,,,,,Shalima,30 % Advance
99381000024199078,2025-07-23,99381000000098082,Cochin,,PO-00278,,Billed,"ZHEJIANG NEW VISION IMP & EXP  CO, LTD",84238290,FALSE,,KL,overseas,,false,USD,86.398949000000,Compact 1,,,,,,Inventory Asset,,16.20,PLATFORM SCALE -BENCH (G-QZ1),99381000024199057,BPCQZ1,,,,, Max:50kg e:5g Min:100g Class:III Display : Green,1560.00,0.00,0.00,1560.00,nos,Cochin,entity_level,true,0.00,0.0,,,,,,,goods,,,,25272.00,36762.00,0.00,Adjustment,0.00,0.000,,,,,,,,0,Due on Receipt,Cochin,C/O LOGIWIZ LOGISTICS INDIA PVT LTD,COCHIN,Kerala,India,683503,8803333444,,,,,,,,,,,,0.000,,,,,,,,,Shalima,30 % Advance
99381000024199099,2025-07-30,99381000000098082,Cochin,,PO-00279,ST20250730,Draft,"ZHEJIANG NEW VISION IMP & EXP  CO, LTD",84238190,FALSE,,KL,overseas,,false,USD,87.670600000000,Compact 1,ST20250730,,,,,Inventory Asset,,46.00,PRICE COMPUTING SCALE WITH POLE-BT,99381000006252186,APCBTQ,,,,,"Make :YESWEIGH Model: YSP -30 Model approval No: IND/09/20/23
Max :30kg e :5g
Display :Green, Bluetooth,Inbuilt printer,ATM Keypad, size : 230x330 mm",500.00,0.00,0.00,0.00,nos,Cochin,entity_level,true,0.00,0.0,,,,,,,goods,,,,23000.00,23140.00,0.00,Adjustment,0.00,0.000,,,,,,,,0,Due on Receipt,Cochin,C/O LOGIWIZ LOGISTICS INDIA PVT LTD,COCHIN,Kerala,India,683503,8803333444,,,,,,,,,,,,0.000,,,,,,,,,Shalima,30% advance
99381000024199099,2025-07-30,99381000000098082,Cochin,,PO-00279,ST20250730,Draft,"ZHEJIANG NEW VISION IMP & EXP  CO, LTD",84239020,FALSE,,KL,overseas,,false,USD,87.670600000000,Compact 1,ST20250730,,,,,Inventory Asset,,28.00,Spare Parts,99381000001847007,SPARE,,,,,,5.00,0.00,0.00,0.00,box,Cochin,entity_level,true,0.00,0.0,,,,,,,goods,,,,140.00,23140.00,0.00,Adjustment,0.00,0.000,,,,,,,,0,Due on Receipt,Cochin,C/O LOGIWIZ LOGISTICS INDIA PVT LTD,COCHIN,Kerala,India,683503,8803333444,,,,,,,,,,,,0.000,,,,,,,,,Shalima,30% advance
99381000024199128,2024-08-14,99381000000098082,Cochin,,PO-00280,,Draft,Weighvox International FZE LLC,84238190,FALSE,,KL,overseas,,false,USD,83.970107000000,Compact 1,,,,,,Inventory Asset,,48.83,PRICE COMPUTING SCALE WITH POLE-BT,99381000006252186,APCBTQ,,,,,"Make :YESWEIGH Model: YSP -30 Model approval No: IND/09/20/23
Max :30kg e :5g
Display :Green, Bluetooth,Inbuilt printer,ATM Keypad, size : 230x330 mm",65.00,0.00,0.00,0.00,nos,Cochin,entity_level,true,0.00,0.0,,,,,,,goods,,,,3173.95,3173.95,0.00,Adjustment,0.00,0.000,,,,,,,,0,Due on Receipt,Cochin,C/O LOGIWIZ LOGISTICS INDIA PVT LTD,COCHIN,Kerala,India,683503,8803333444,,,,,,,,,,,,0.000,,,,,,,,,Shalima,30% advance
99381000024199164,2025-08-26,99381000000098082,Cochin,,PO-00281,ST20250808,Draft,"ZHEJIANG NEW VISION IMP & EXP  CO, LTD",84238290,FALSE,,KL,overseas,,false,USD,87.765491000000,Compact 1,ST20250808,,,,,Inventory Asset,,44.00,Platform Weighing Scale 400x500 (G-QZ),99381000024199143,PF45QZ,,,,,"Make:YESWEIGH Model : YSP PC
Max : 200kg  e: 20g Min :400gm
Class: III",100.00,0.00,0.00,0.00,nos,Cochin,entity_level,true,0.00,0.0,,,,,,,goods,,,,4400.00,6100.00,0.00,Adjustment,0.00,0.000,,,,,,,,0,Due on Receipt,Cochin,C/O LOGIWIZ LOGISTICS INDIA PVT LTD,COCHIN,Kerala,India,683503,8803333444,,,,,,,,,,,,0.000,,,,,,,,,Shalima,30% Advance
99381000024199164,2025-08-26,99381000000098082,Cochin,,PO-00281,ST20250808,Draft,"ZHEJIANG NEW VISION IMP & EXP  CO, LTD",84239020,FALSE,,KL,overseas,,false,USD,87.765491000000,Compact 1,ST20250808,,,,,Inventory Asset,,8.50,Indicator,99381000005590121,IND202,,,,,Display : Green,200.00,0.00,0.00,0.00,nos,Cochin,entity_level,true,0.00,0.0,,,,,,,goods,,,,1700.00,6100.00,0.00,Adjustment,0.00,0.000,,,,,,,,0,Due on Receipt,Cochin,C/O LOGIWIZ LOGISTICS INDIA PVT LTD,COCHIN,Kerala,India,683503,8803333444,,,,,,,,,,,,0.000,,,,,,,,,Shalima,30% Advance
99381000024199202,2025-08-26,99381000000098082,Cochin,,PO-00282,,Draft,ZHEJIANG SIFANG IMPORT & EXPORT CO LTD- AD,84238190,FALSE,,KL,overseas,,false,USD,87.734690000000,Compact 1,,,,,,Inventory Asset,,11.10,TABLE TOP SCALE PC (GREEN-AD),99381000024199181,ATM20GAD,,,,,"Max: 20kg  Min : 40g e : 2g Class III
Display : Red",1650.00,0.00,0.00,0.00,nos,Cochin,entity_level,true,0.00,0.0,,,,,,,goods,,,,18315.00,18315.00,0.00,Adjustment,0.00,0.000,,,,,,,,0,Due on Receipt,Cochin,C/O LOGIWIZ LOGISTICS INDIA PVT LTD,COCHIN,Kerala,India,683503,8803333444,,,,,,,,,,,,0.000,,,,,,,,,Shalima,30% Advance
99381000024199219,2025-08-23,99381000000098082,Cochin,,PO-00283,,Draft,"ZHEJIANG NEW VISION IMP & EXP  CO, LTD",84231000,FALSE,,KL,overseas,,false,USD,87.330250000000,Compact 1,,,,,,Inventory Asset,,8.00,PRICE COMPUTING SCALE WITH POLE-GREEN,99381000002951037,APCPQ,,,,,"Make :YESWEIGH Model: YSP -30 Model approval No: IND/09/20/23
 Max :30kg e :5g
Display :Green",250.00,0.00,0.00,0.00,nos,Cochin,entity_level,true,0.00,0.0,,,,,,,goods,,,,2000.00,19784.00,0.00,Adjustment,0.00,0.000,,,,,,,,0,Due on Receipt,Cochin,C/O LOGIWIZ LOGISTICS INDIA PVT LTD,COCHIN,Kerala,India,683503,8803333444,,,,,,,,,,,,0.000,,,,,,,,,Shalima,30 % Advance
99381000024199219,2025-08-23,99381000000098082,Cochin,,PO-00283,,Draft,"ZHEJIANG NEW VISION IMP & EXP  CO, LTD",84238190,FALSE,,KL,overseas,,false,USD,87.330250000000,Compact 1,,,,,,Inventory Asset,,8.00,PRICE COMPUTING SCALE FSS(DQZ),99381000012887614,ATMFSS,,,,,"Make: YESWEIGH Model: YSP 30
Max:30kg e:5g Min:100g Class:III",248.00,0.00,0.00,0.00,nos,Cochin,entity_level,true,0.00,0.0,,,,,,,goods,,,,1984.00,19784.00,0.00,Adjustment,0.00,0.000,,,,,,,,0,Due on Receipt,Cochin,C/O LOGIWIZ LOGISTICS INDIA PVT LTD,COCHIN,Kerala,India,683503,8803333444,,,,,,,,,,,,0.000,,,,,,,,,Shalima,30 % Advance
99381000024199219,2025-08-23,99381000000098082,Cochin,,PO-00283,,Draft,"ZHEJIANG NEW VISION IMP & EXP  CO, LTD",84238290,FALSE,,KL,overseas,,false,USD,87.330250000000,Compact 1,,,,,,Inventory Asset,,10.00,PLATFORM SCALE -BENCH (G-QZ1),99381000024199057,BPCQZ1,,,,, Max:50kg e:5g Min:100g Class:III Display : Green,1580.00,0.00,0.00,0.00,nos,Cochin,entity_level,true,0.00,0.0,,,,,,,goods,,,,15800.00,19784.00,0.00,Adjustment,0.00,0.000,,,,,,,,0,Due on Receipt,Cochin,C/O LOGIWIZ LOGISTICS INDIA PVT LTD,COCHIN,Kerala,India,683503,8803333444,,,,,,,,,,,,0.000,,,,,,,,,Shalima,30 % Advance
99381000024199238,2025-08-26,99381000000098082,Cochin,,PO-00284,YMMEIN2025-9446AL,Billed,Qidong Youming Weighing Apparatus Co. Ltd.,84231000,FALSE,,KL,overseas,,false,USD,87.734690000000,Compact 1,YMMEIN2025-9446AL,,,,,Inventory Asset,,93.00,Bill  Printing scale Q74W,99381000000343190,ECS4W,,,,,,25.00,0.00,0.00,25.00,nos,Cochin,entity_level,true,0.00,0.0,,,,,,,goods,,,,2325.00,49103.00,0.00,Adjustment,0.00,0.000,,,,,,,,0,Due on Receipt,Cochin,C/O LOGIWIZ LOGISTICS INDIA PVT LTD,COCHIN,Kerala,India,683503,8803333444,,,,,,,,,,,,0.000,,,,,,,,,Shalima,30% advance
99381000024199238,2025-08-26,99381000000098082,Cochin,,PO-00284,YMMEIN2025-9446AL,Billed,Qidong Youming Weighing Apparatus Co. Ltd.,84231000,FALSE,,KL,overseas,,false,USD,87.734690000000,Compact 1,YMMEIN2025-9446AL,,,,,Inventory Asset,,112.00,Bill Printing scale Q8POS,99381000000011617,ECS5W,,,,,,154.00,0.00,0.00,154.00,nos,Cochin,entity_level,true,0.00,0.0,,,,,,,goods,,,,17248.00,49103.00,0.00,Adjustment,0.00,0.000,,,,,,,,0,Due on Receipt,Cochin,C/O LOGIWIZ LOGISTICS INDIA PVT LTD,COCHIN,Kerala,India,683503,8803333444,,,,,,,,,,,,0.000,,,,,,,,,Shalima,30% advance
99381000024199238,2025-08-26,99381000000098082,Cochin,,PO-00284,YMMEIN2025-9446AL,Billed,Qidong Youming Weighing Apparatus Co. Ltd.,84238190,FALSE,,KL,overseas,,false,USD,87.734690000000,Compact 1,YMMEIN2025-9446AL,,,,,Inventory Asset,,112.00,Bill Printing scale Q8POS (UB),99381000011439709,ECS5WW,,,,,,30.00,0.00,0.00,30.00,nos,Cochin,entity_level,true,0.00,0.0,,,,,,,goods,,,,3360.00,49103.00,0.00,Adjustment,0.00,0.000,,,,,,,,0,Due on Receipt,Cochin,C/O LOGIWIZ LOGISTICS INDIA PVT LTD,COCHIN,Kerala,India,683503,8803333444,,,,,,,,,,,,0.000,,,,,,,,,Shalima,30% advance
99381000024199238,2025-08-26,99381000000098082,Cochin,,PO-00284,YMMEIN2025-9446AL,Billed,Qidong Youming Weighing Apparatus Co. Ltd.,84231000,FALSE,,KL,overseas,,false,USD,87.734690000000,Compact 1,YMMEIN2025-9446AL,,,,,Inventory Asset,,110.00,Label Printing Scale Q9LBL,99381000002536240,Q9LBL,,,,,,187.00,0.00,0.00,187.00,nos,Cochin,entity_level,true,0.00,0.0,,,,,,,goods,,,,20570.00,49103.00,0.00,Adjustment,0.00,0.000,,,,,,,,0,Due on Receipt,Cochin,C/O LOGIWIZ LOGISTICS INDIA PVT LTD,COCHIN,Kerala,India,683503,8803333444,,,,,,,,,,,,0.000,,,,,,,,,Shalima,30% advance
99381000024199238,2025-08-26,99381000000098082,Cochin,,PO-00284,YMMEIN2025-9446AL,Billed,Qidong Youming Weighing Apparatus Co. Ltd.,84231000,FALSE,,KL,overseas,,false,USD,87.734690000000,Compact 1,YMMEIN2025-9446AL,,,,,Inventory Asset,,110.00,Label Printing scale Q9,99381000000735165,TMAQ9,,,,,,50.00,0.00,0.00,50.00,nos,Cochin,entity_level,true,0.00,0.0,,,,,,,goods,,,,5500.00,49103.00,0.00,Adjustment,0.00,0.000,,,,,,,,0,Due on Receipt,Cochin,C/O LOGIWIZ LOGISTICS INDIA PVT LTD,COCHIN,Kerala,India,683503,8803333444,,,,,,,,,,,,0.000,,,,,,,,,Shalima,30% advance
99381000024199238,2025-08-26,99381000000098082,Cochin,,PO-00284,YMMEIN2025-9446AL,Billed,Qidong Youming Weighing Apparatus Co. Ltd.,84239020,FALSE,,KL,overseas,,false,USD,87.734690000000,Compact 1,YMMEIN2025-9446AL,,,,,Inventory Asset,,20.00,Cash Box,99381000000343208,ECSCD,,,,,,5.00,0.00,0.00,5.00,nos,Cochin,entity_level,true,0.00,0.0,,,,,,,goods,,,,100.00,49103.00,0.00,Adjustment,0.00,0.000,,,,,,,,0,Due on Receipt,Cochin,C/O LOGIWIZ LOGISTICS INDIA PVT LTD,COCHIN,Kerala,India,683503,8803333444,,,,,,,,,,,,0.000,,,,,,,,,Shalima,30% advance
99381000024594988,2025-09-16,99381000000098082,Cochin,,PO-00285,ST20250912,Draft,"ZHEJIANG NEW VISION IMP & EXP  CO, LTD",84238290,FALSE,,KL,overseas,,false,USD,88.074687000000,Compact 1,ST20250912,,,,,Inventory Asset,,24.00,PORTABLE SCALE 400X400 SS Cheq.,99381000024594967,PRT40O,,,,,"400x400 mm Portable scale 300Kg /50g, LED green double display ,SS Cheq",500.00,0.00,0.00,0.00,nos,Cochin,entity_level,true,0.00,0.0,,,,,,,goods,,,,12000.00,12000.00,0.00,Adjustment,0.00,0.000,,,,,,,,0,Due on Receipt,Cochin,C/O LOGIWIZ LOGISTICS INDIA PVT LTD,COCHIN,Kerala,India,683503,8803333444,,,,,,,,,,,,0.000,,,,,,,,,Shalima,30% Advance
99381000024737043,2025-09-18,99381000000098082,Cochin,,PO-00286,,Billed,XTECH SOLUTION,84716050,FALSE,MH,KL,business_gst,27AAEPS4599J2ZX,false,INR,1.000000000000,Compact 1,,,,,,Inventory Asset,,625.00,BARCODE SCANNER 1D (XL-65),99381000023181490,XL6500,,,,,,40.00,0.00,0.00,40.00,nos,Cochin,entity_level,true,0.00,0.0,99381000000006196,IGST18,18.00,4500.00,ItemAmount,,goods,,,,25000.00,108796.00,0.00,Adjustment,0.00,0.000,,,,,,,,0,Due on Receipt,Cochin,C/O LOGIWIZ LOGISTICS INDIA PVT LTD,COCHIN,Kerala,India,683503,8803333444,,,,,,,,,,,,0.000,,,,,,,,,Shalima,100% advance
99381000024737043,2025-09-18,99381000000098082,Cochin,,PO-00286,,Billed,XTECH SOLUTION,84433290,FALSE,MH,KL,business_gst,27AAEPS4599J2ZX,false,INR,1.000000000000,Compact 1,,,,,,Inventory Asset,,2800.00,"DESKTOP PRINTER USB/LAN 3"" (XP-Q600)",99381000024737022,XPDULP3R,,,,,"3 inch Desktop U+L Printer,Printing Speed:230mm/s, Printer width:80mm , Interface:USB/USB+Lan, Thremal ",24.00,0.00,0.00,24.00,nos,Cochin,entity_level,true,0.00,0.0,99381000000006196,IGST18,18.00,12096.00,ItemAmount,,goods,,,,67200.00,108796.00,0.00,Adjustment,0.00,0.000,,,,,,,,0,Due on Receipt,Cochin,C/O LOGIWIZ LOGISTICS INDIA PVT LTD,COCHIN,Kerala,India,683503,8803333444,,,,,,,,,,,,0.000,,,,,,,,,Shalima,100% advance
99381000024847201,2025-09-29,99381000003083031,Head Office,,PO-00287,,Billed,Meezan electronic scales Pvt Ltd,84239020,FALSE,KL,KL,business_gst,32AAECM1277C1ZY,false,INR,1.000000000000,Compact 1,,,,,,Inventory Asset,,102.955,Adaptor (Post scale 30x40),99381000028097001,APS304,,,,,,110.00,0.00,0.00,110.00,nos,Head Office,entity_level,true,0.00,0.0,99381000000006208,GST18,18.00,2038.50,Tax Group,,goods,,,,11325.05,30757.00,0.25,Adjustment,0.00,0.000,,,,,,,,0,Due on Receipt,Vytila-COK," 49/468A, CITY CENTER 2ND FLOOR VYTTILA ",COCHIN,Kerala,India,,8803333444,,,,,,,,,,,,0.000,,,,,,,,,Shalima,100% advance
99381000024847201,2025-09-29,99381000003083031,Head Office,,PO-00287,,Billed,Meezan electronic scales Pvt Ltd,84239020,FALSE,KL,KL,business_gst,32AAECM1277C1ZY,false,INR,1.000000000000,Compact 1,,,,,,Inventory Asset,,134.00,Battery (Post scale body 30x40),99381000028097024,BPSB30,,,,,,110.00,0.00,0.00,110.00,nos,Head Office,entity_level,true,0.00,0.0,99381000000006208,GST18,18.00,2653.20,Tax Group,,goods,,,,14740.00,30757.00,0.25,Adjustment,0.00,0.000,,,,,,,,0,Due on Receipt,Vytila-COK," 49/468A, CITY CENTER 2ND FLOOR VYTTILA ",COCHIN,Kerala,India,,8803333444,,,,,,,,,,,,0.000,,,,,,,,,Shalima,100% advance
99381000024847237,2025-09-29,99381000003083031,Head Office,,PO-00288,,Billed,Meezan electronic scales Pvt Ltd,84239020,FALSE,KL,KL,business_gst,32AAECM1277C1ZY,false,INR,1.000000000000,Compact 1,,,,,,Inventory Asset,,125.00,BLUETOOTH IC,99381000024847216,BLIC,,,,,,110.00,0.00,0.00,110.00,nos,Head Office,entity_level,true,0.00,0.0,99381000000006208,GST18,18.00,2475.00,Tax Group,,goods,,,,13750.00,212931.00,0.00,Adjustment,0.00,0.000,,,,,,,,0,Due on Receipt,Vytila-COK," 49/468A, CITY CENTER 2ND FLOOR VYTTILA ",COCHIN,Kerala,India,,8803333444,,,,,,,,,,,,0.000,,,,,,,,,Shalima,100% advance
99381000024847237,2025-09-29,99381000003083031,Head Office,,PO-00288,,Billed,Meezan electronic scales Pvt Ltd,84239020,FALSE,KL,KL,business_gst,32AAECM1277C1ZY,false,INR,1.000000000000,Compact 1,,,,,,Inventory Asset,,1567.00,Q9LBL PRINT HEAD,99381000001663314,Q9703,,,,,,100.00,0.00,0.00,100.00,nos,Head Office,entity_level,true,0.00,0.0,99381000000006208,GST18,18.00,28206.00,Tax Group,,goods,,,,156700.00,212931.00,0.00,Adjustment,0.00,0.000,,,,,,,,0,Due on Receipt,Vytila-COK," 49/468A, CITY CENTER 2ND FLOOR VYTTILA ",COCHIN,Kerala,India,,8803333444,,,,,,,,,,,,0.000,,,,,,,,,Shalima,100% advance
99381000024847237,2025-09-29,99381000003083031,Head Office,,PO-00288,,Billed,Meezan electronic scales Pvt Ltd,84239020,FALSE,KL,KL,business_gst,32AAECM1277C1ZY,false,INR,1.000000000000,Compact 1,,,,,,Inventory Asset,,100.00,ECS 5W/4W/ECR/INDICATOR Printer Roller,99381000009817915,ECS838,,,,,,100.00,0.00,0.00,100.00,nos,Head Office,entity_level,true,0.00,0.0,99381000000006208,GST18,18.00,1800.00,Tax Group,,goods,,,,10000.00,212931.00,0.00,Adjustment,0.00,0.000,,,,,,,,0,Due on Receipt,Vytila-COK," 49/468A, CITY CENTER 2ND FLOOR VYTTILA ",COCHIN,Kerala,India,,8803333444,,,,,,,,,,,,0.000,,,,,,,,,Shalima,100% advance
99381000024847997,2025-09-29,99381000000098082,Cochin,,PO-00289,,Draft,SAFAL ENTERPRISE PVT. LTD.,84231000,FALSE,GJ,KL,business_gst,24ABFCS6034B1ZR,false,INR,1.000000000000,Compact 1,,,,,,Inventory Asset,,1050.00,Table Top Scale  220x170 ABS 6 Volt (G),99381000015093320,TTABS6VG,,,,,"Max : 20kg e:2gm Min: 40g Class III
Display : Green",1000.00,0.00,0.00,0.00,nos,Cochin,entity_level,true,0.00,0.0,99381000000006196,IGST18,18.00,189000.00,ItemAmount,,goods,,,,1050000.00,1239000.00,0.00,Adjustment,0.00,0.000,,,,,,,,0,Due on Receipt,Cochin,C/O LOGIWIZ LOGISTICS INDIA PVT LTD,COCHIN,Kerala,India,683503,8803333444,,,,,,,,,,,,0.000,,,,,,,,,Shalima,NA
99381000024887320,2025-10-01,99381000000098082,Cochin,,PO-00290,,Billed,E .G .TECH WEIGHING SYSTEMS,84239020,FALSE,GJ,KL,business_gst,24ALXPS4805P1Z5,false,INR,1.000000000000,Compact 1,,,,,,Inventory Asset,,13040.00,Floor Scale 1.2mx1.2m,99381000000035245,PLT1200,,,,,,1.00,0.00,0.00,1.00,nos,Cochin,entity_level,true,0.00,0.0,99381000000006196,IGST18,18.00,2347.20,ItemAmount,,goods,,,,13040.00,15387.00,-0.20,Adjustment,0.00,0.000,,,,,,,,0,Due on Receipt,Cochin,C/O LOGIWIZ LOGISTICS INDIA PVT LTD,COCHIN,Kerala,India,683503,8803333444,,,,,,,,,,,,0.000,,,,,,,,,Shalima,100% Advance
99381000024954979,2025-10-06,99381000000098082,Cochin,,PO-00291,,Partially Billed,SAFAL ENTERPRISE PVT. LTD.,84231000,FALSE,GJ,KL,business_gst,24ABFCS6034B1ZR,false,INR,1.000000000000,Compact 1,,,,,,Inventory Asset,,1200.00,TABLE TOP CHOTTU (G),99381000024954874,CH6VSF,,,,,"Max : 20kg e:2gm Min: 40g Class III
Display : Led Green,With Colour box,Brevera Board,6V Batttery
With Stamping",250.00,0.00,0.00,247.00,nos,Cochin,entity_level,true,0.00,0.0,99381000000006196,IGST18,18.00,54000.00,ItemAmount,,goods,,,,300000.00,782045.00,0.00,Adjustment,0.00,0.000,,,,,,,,0,Due on Receipt,Cochin,C/O LOGIWIZ LOGISTICS INDIA PVT LTD,COCHIN,Kerala,India,683503,8803333444,,,,,,,,,,,,0.000,,,,,,,,,Shalima,30% Advance
99381000024954979,2025-10-06,99381000000098082,Cochin,,PO-00291,,Partially Billed,SAFAL ENTERPRISE PVT. LTD.,84231000,FALSE,GJ,KL,business_gst,24ABFCS6034B1ZR,false,INR,1.000000000000,Compact 1,,,,,,Inventory Asset,,1050.00,TABLE TOP CHOTTU (G),99381000024954874,CH6VSF,,,,,"Max : 20kg e:2gm Min: 40g Class III
Display : Led Green,With Colour box,Brevera Board,6V Batttery",100.00,0.00,0.00,100.00,nos,Cochin,entity_level,true,0.00,0.0,99381000000006196,IGST18,18.00,18900.00,ItemAmount,,goods,,,,105000.00,782045.00,0.00,Adjustment,0.00,0.000,,,,,,,,0,Due on Receipt,Cochin,C/O LOGIWIZ LOGISTICS INDIA PVT LTD,COCHIN,Kerala,India,683503,8803333444,,,,,,,,,,,,0.000,,,,,,,,,Shalima,30% Advance
99381000024954979,2025-10-06,99381000000098082,Cochin,,PO-00291,,Partially Billed,SAFAL ENTERPRISE PVT. LTD.,84231000,FALSE,GJ,KL,business_gst,24ABFCS6034B1ZR,false,INR,1.000000000000,Compact 1,,,,,,Inventory Asset,,1400.00,VIBRANT POLE,99381000024954916,VBPL,,,,,"Model : YST-30
Max : 30kg e:5gm Min: 100g Class III
Display : Led Green, Brevera Board,6V Battery",50.00,0.00,0.00,50.00,nos,Cochin,entity_level,true,0.00,0.0,99381000000006196,IGST18,18.00,12600.00,ItemAmount,,goods,,,,70000.00,782045.00,0.00,Adjustment,0.00,0.000,,,,,,,,0,Due on Receipt,Cochin,C/O LOGIWIZ LOGISTICS INDIA PVT LTD,COCHIN,Kerala,India,683503,8803333444,,,,,,,,,,,,0.000,,,,,,,,,Shalima,30% Advance
99381000024954979,2025-10-06,99381000000098082,Cochin,,PO-00291,,Partially Billed,SAFAL ENTERPRISE PVT. LTD.,84231000,FALSE,GJ,KL,business_gst,24ABFCS6034B1ZR,false,INR,1.000000000000,Compact 1,,,,,,Inventory Asset,,1650.00,VIBRANT POLE (S),99381000025861093,VBPL30S,,,,,"Model : YST-30
Max : 30kg e:5gm Min: 100g Class III
Display : Led Green, Brevera Board,6V Battery",50.00,0.00,0.00,5.00,nos,Cochin,entity_level,true,0.00,0.0,99381000000006196,IGST18,18.00,14850.00,ItemAmount,,goods,,,,82500.00,782045.00,0.00,Adjustment,0.00,0.000,,,,,,,,0,Due on Receipt,Cochin,C/O LOGIWIZ LOGISTICS INDIA PVT LTD,COCHIN,Kerala,India,683503,8803333444,,,,,,,,,,,,0.000,,,,,,,,,Shalima,30% Advance
99381000024954979,2025-10-06,99381000000098082,Cochin,,PO-00291,,Partially Billed,SAFAL ENTERPRISE PVT. LTD.,84231000,FALSE,GJ,KL,business_gst,24ABFCS6034B1ZR,false,INR,1.000000000000,Compact 1,,,,,,Inventory Asset,,1400.00,HANGING WEIGHING SCALE (WITH BL -50kg),99381000024954937,HNG150,,,,,"Model : YSH
Max : 100kg e:10gm Min: 200g Class III
Display :Led Green, Bangalore Intesys motherboard,6V Battery
(Bluetooth IC will be provided by us)
Without Stamping
",8.00,0.00,0.00,8.00,nos,Cochin,entity_level,true,0.00,0.0,99381000000006196,IGST18,18.00,2016.00,ItemAmount,,goods,,,,11200.00,782045.00,0.00,Adjustment,0.00,0.000,,,,,,,,0,Due on Receipt,Cochin,C/O LOGIWIZ LOGISTICS INDIA PVT LTD,COCHIN,Kerala,India,683503,8803333444,,,,,,,,,,,,0.000,,,,,,,,,Shalima,30% Advance
99381000024954979,2025-10-06,99381000000098082,Cochin,,PO-00291,,Partially Billed,SAFAL ENTERPRISE PVT. LTD.,84231000,FALSE,GJ,KL,business_gst,24ABFCS6034B1ZR,false,INR,1.000000000000,Compact 1,,,,,,Inventory Asset,,1650.00,HANGING WEIGHING SCALE (WITH BL -50kg) (S),99381000025861114,HNG150S,,,,,"Model : YSH
Max : 50kg e:5gm Min: 100g Class III
Display : Green
(Bluetooth IC will be provided by us)",17.00,0.00,0.00,7.00,nos,Cochin,entity_level,true,0.00,0.0,99381000000006196,IGST18,18.00,5049.00,ItemAmount,,goods,,,,28050.00,782045.00,0.00,Adjustment,0.00,0.000,,,,,,,,0,Due on Receipt,Cochin,C/O LOGIWIZ LOGISTICS INDIA PVT LTD,COCHIN,Kerala,India,683503,8803333444,,,,,,,,,,,,0.000,,,,,,,,,Shalima,30% Advance
99381000024954979,2025-10-06,99381000000098082,Cochin,,PO-00291,,Partially Billed,SAFAL ENTERPRISE PVT. LTD.,84239020,FALSE,GJ,KL,business_gst,24ABFCS6034B1ZR,false,INR,1.000000000000,Compact 1,,,,,,Inventory Asset,,1030.00,T3 INDICATOR,99381000024954958,T3IND,,,,,"Intesys motherboard, 6V  Battery,Led Green Display",25.00,0.00,0.00,25.00,nos,Cochin,entity_level,true,0.00,0.0,99381000000006196,IGST18,18.00,4635.00,ItemAmount,,goods,,,,25750.00,782045.00,0.00,Adjustment,0.00,0.000,,,,,,,,0,Due on Receipt,Cochin,C/O LOGIWIZ LOGISTICS INDIA PVT LTD,COCHIN,Kerala,India,683503,8803333444,,,,,,,,,,,,0.000,,,,,,,,,Shalima,30% Advance
99381000024954979,2025-10-06,99381000000098082,Cochin,,PO-00291,,Partially Billed,SAFAL ENTERPRISE PVT. LTD.,84231000,FALSE,GJ,KL,business_gst,24ABFCS6034B1ZR,false,INR,1.000000000000,Compact 1,,,,,,Inventory Asset,,1610.00,VIBRANT POLE (BM+USB),99381000025008055,VBPLU,,,,,"Model : YST-30
Max : 30kg e:5gm Min: 100g Class III
Display : Green,6V Battery,Bangalore Motherboard, USB
Without Stamping",25.00,0.00,0.00,25.00,nos,Cochin,entity_level,true,0.00,0.0,99381000000006196,IGST18,18.00,7245.00,ItemAmount,,goods,,,,40250.00,782045.00,0.00,Adjustment,0.00,0.000,,,,,,,,0,Due on Receipt,Cochin,C/O LOGIWIZ LOGISTICS INDIA PVT LTD,COCHIN,Kerala,India,683503,8803333444,,,,,,,,,,,,0.000,,,,,,,,,Shalima,30% Advance
99381000025298022,2025-10-23,99381000000098082,Cochin,,PO-00292,,Partially Billed,Meezan electronic scales Pvt Ltd,84238190,FALSE,KL,KL,business_gst,32AAECM1277C1ZY,false,INR,1.000000000000,Compact 1,,,,,,Inventory Asset,,9750.00,TOUCH BENCH SCALE,99381000025298001,BPMXMS,,,,,"DISPLAY: 9/10 INCH
PRINTER: 58MM
PAN SIZE: 300X340 MM
BATTERY: 12V",100.00,0.00,0.00,35.00,nos,Cochin,entity_level,true,0.00,0.0,99381000000006208,GST18,18.00,175500.00,Tax Group,,goods,,,,975000.00,1150500.00,0.00,Adjustment,0.00,0.000,,,,,,,,0,Due on Receipt,Cochin,C/O LOGIWIZ LOGISTICS INDIA PVT LTD,COCHIN,Kerala,India,683503,8803333444,,,,,,,,,,,,0.000,,,,,,,,,Shalima,30% Advance
99381000025298064,2025-10-23,99381000000098082,Cochin,,PO-00293,,Draft,Meezan electronic scales Pvt Ltd,84705010,FALSE,KL,KL,business_gst,32AAECM1277C1ZY,false,INR,1.000000000000,Compact 1,,,,,,Inventory Asset,,8677.00,TOUCH POS A10,99381000025298037,A10POS,,,,,"10 inch display IPS 
Android 15 
1K resolution 
4+64 GB 
2 inch printer 12V 
12 V 4200 mah  battery 
14.2 V adapter  India pin
2 USB port type A
Body : metal powder coated 
Make : scangle ",100.00,0.00,0.00,0.00,nos,Cochin,entity_level,true,0.00,0.0,99381000000006208,GST18,18.00,156186.00,Tax Group,,goods,,,,867700.00,1023886.00,0.00,Adjustment,0.00,0.000,,,,,,,,0,Due on Receipt,Cochin,C/O LOGIWIZ LOGISTICS INDIA PVT LTD,COCHIN,Kerala,India,683503,8803333444,,,,,,,,,,,,0.000,,,,,,,,,Shalima,30% Advance
99381000025312036,2025-10-23,99381000000098082,Cochin,,PO-00294,,Draft,"NINGBO STARCRAFT SCIENTIFIC INSTRUMENTS CO., LIMITED",84238190,FALSE,,KL,overseas,,false,USD,87.912088000000,Compact 1,,,,,,Inventory Asset,,65.00,PRICISION BALANCE 510g/1mg,99381000025312009,YSA510,,,,,Max : 510g Min : 100mg e: 1mg d : 1mg Class : I Model :YSA,100.00,0.00,0.00,0.00,nos,Cochin,entity_level,true,0.00,0.0,,,,,,,goods,,,,6500.00,6500.00,0.00,Adjustment,0.00,0.000,,,,,,,,0,Due on Receipt,Cochin,C/O LOGIWIZ LOGISTICS INDIA PVT LTD,COCHIN,Kerala,India,683503,8803333444,,,,,,,,,,,,0.000,,,,,,,,,Shalima,100% advance
99381000025312983,2025-10-23,99381000000098082,Cochin,,PO-00295,,Billed,SCANGLE INDIA PRIVATE LIMITED,84705010,FALSE,KL,KL,business_gst,32ABECS7718M1ZZ,false,INR,1.000000000000,Compact 1,,,,,,Inventory Asset,,20750.00,"SCANGLE-POS TERMINAL SGT-665A 15.6""",99381000017833689,880P,,,,,"RK3566 QUAD CORE 2GB+32GB SSD 15.6"" FRONT DISPLAY  80MM PRINTER
",10.00,0.00,0.00,10.00,nos,Cochin,entity_level,true,0.00,0.0,99381000000006208,GST18,18.00,37350.00,Tax Group,,goods,,,,207500.00,2458530.00,0.00,Adjustment,0.00,0.000,,,,,,,,0,Due on Receipt,Cochin,C/O LOGIWIZ LOGISTICS INDIA PVT LTD,COCHIN,Kerala,India,683503,8803333444,,,,,,,,,,,,0.000,,,,,,,,,Shalima,30% advance
99381000025312983,2025-10-23,99381000000098082,Cochin,,PO-00295,,Billed,SCANGLE INDIA PRIVATE LIMITED,84705010,FALSE,KL,KL,business_gst,32ABECS7718M1ZZ,false,INR,1.000000000000,Compact 1,,,,,,Inventory Asset,,24750.00,SCANGLE-POS TERMINAL SGT-665A,99381000017833708,880PRD,,,,,"880P ANDROID RK3568 QUAD CORE 2GB+32GB SSD 15.6"" FRONT DISPLAY 11.6"" 2ND DISPLAY  80MM PRINTER
",10.00,0.00,0.00,10.00,nos,Cochin,entity_level,true,0.00,0.0,99381000000006208,GST18,18.00,44550.00,Tax Group,,goods,,,,247500.00,2458530.00,0.00,Adjustment,0.00,0.000,,,,,,,,0,Due on Receipt,Cochin,C/O LOGIWIZ LOGISTICS INDIA PVT LTD,COCHIN,Kerala,India,683503,8803333444,,,,,,,,,,,,0.000,,,,,,,,,Shalima,30% advance
99381000025312983,2025-10-23,99381000000098082,Cochin,,PO-00295,,Billed,SCANGLE INDIA PRIVATE LIMITED,84705010,FALSE,KL,KL,business_gst,32ABECS7718M1ZZ,false,INR,1.000000000000,Compact 1,,,,,,Inventory Asset,,17300.00,SCANGLE - POS TERMINAL SGT-101 (A12PRO-(ADAC)),99381000020778183,A12N,,,,,"SCANGLE ALL IN ONE ANDROID POS
RK3566QUAD CORE ANDROID 11, 2GB+32GB, 11.6'' IPS SCREEN, 80mm THERMAL PRINTER,AUTO CUTTER,ADDITIONAL DISPLAY",15.00,0.00,0.00,15.00,nos,Cochin,entity_level,true,0.00,0.0,99381000000006208,GST18,18.00,46710.00,Tax Group,,goods,,,,259500.00,2458530.00,0.00,Adjustment,0.00,0.000,,,,,,,,0,Due on Receipt,Cochin,C/O LOGIWIZ LOGISTICS INDIA PVT LTD,COCHIN,Kerala,India,683503,8803333444,,,,,,,,,,,,0.000,,,,,,,,,Shalima,30% advance
99381000025312983,2025-10-23,99381000000098082,Cochin,,PO-00295,,Billed,SCANGLE INDIA PRIVATE LIMITED,84705010,FALSE,KL,KL,business_gst,32ABECS7718M1ZZ,false,INR,1.000000000000,Compact 1,,,,,,Inventory Asset,,9400.00,SCANGLE - POS TERMINAL SGT-A1 A5+NFC,99381000020792249,A5,,,,,"SCANGLE HAND HELD ANDROID POS
MTK6580(1.3GHz) ANDROID 11,2GB+16GB, 5.5'' IPS DISPLAY, 58mm(2'') THERMAL PRINTER, WIFI WITH 4G + NFC",20.00,0.00,0.00,20.00,nos,Cochin,entity_level,true,0.00,0.0,99381000000006208,GST18,18.00,33840.00,Tax Group,,goods,,,,188000.00,2458530.00,0.00,Adjustment,0.00,0.000,,,,,,,,0,Due on Receipt,Cochin,C/O LOGIWIZ LOGISTICS INDIA PVT LTD,COCHIN,Kerala,India,683503,8803333444,,,,,,,,,,,,0.000,,,,,,,,,Shalima,30% advance
99381000025312983,2025-10-23,99381000000098082,Cochin,,PO-00295,,Billed,SCANGLE INDIA PRIVATE LIMITED,84705010,FALSE,KL,KL,business_gst,32ABECS7718M1ZZ,false,INR,1.000000000000,Compact 1,,,,,,Inventory Asset,,18000.00,"SCANGLE - POS TERMINAL SGT-668A 15.6"" (WH)",99381000020778263,156A,,,,,"RK3566/2GB/32GB DDR3 15.6"" FRONT DISPLAY CAPACITIVE TP ADROID 11 COLOUR -WHITE",10.00,0.00,0.00,10.00,nos,Cochin,entity_level,true,0.00,0.0,99381000000006208,GST18,18.00,32400.00,Tax Group,,goods,,,,180000.00,2458530.00,0.00,Adjustment,0.00,0.000,,,,,,,,0,Due on Receipt,Cochin,C/O LOGIWIZ LOGISTICS INDIA PVT LTD,COCHIN,Kerala,India,683503,8803333444,,,,,,,,,,,,0.000,,,,,,,,,Shalima,30% advance
99381000025312983,2025-10-23,99381000000098082,Cochin,,PO-00295,,Billed,SCANGLE INDIA PRIVATE LIMITED,84705010,FALSE,KL,KL,business_gst,32ABECS7718M1ZZ,false,INR,1.000000000000,Compact 1,,,,,,Inventory Asset,,28200.00,"SCANGLE-POS TERMINAL SGT-i8 15.6""  i5 5TH GEN",99381000025312076,880PWRD,,,,," INTEL i3 3rd GEN 8GB+128GB SSD 15.6"" FRONT DISPLAY 
11.6"" 2ND DISPLAY BUILT IN 80MM PRINTER",10.00,0.00,0.00,10.00,nos,Cochin,entity_level,true,0.00,0.0,99381000000006208,GST18,18.00,50760.00,Tax Group,,goods,,,,282000.00,2458530.00,0.00,Adjustment,0.00,0.000,,,,,,,,0,Due on Receipt,Cochin,C/O LOGIWIZ LOGISTICS INDIA PVT LTD,COCHIN,Kerala,India,683503,8803333444,,,,,,,,,,,,0.000,,,,,,,,,Shalima,30% advance
99381000025312983,2025-10-23,99381000000098082,Cochin,,PO-00295,,Billed,SCANGLE INDIA PRIVATE LIMITED,84716050,FALSE,KL,KL,business_gst,32ABECS7718M1ZZ,false,INR,1.000000000000,Compact 1,,,,,,Inventory Asset,,850.00,SCANGLE - BARCODE SERIAL SCANNER  1D HANDY,99381000025312118,SERIALSCANNER,,,,,"SCANGLE BARCODE SERIAL SCANNER
TYPE: CCD, INTERFACE: USB
",20.00,0.00,0.00,20.00,nos,Cochin,entity_level,true,0.00,0.0,99381000000006208,GST18,18.00,3060.00,Tax Group,,goods,,,,17000.00,2458530.00,0.00,Adjustment,0.00,0.000,,,,,,,,0,Due on Receipt,Cochin,C/O LOGIWIZ LOGISTICS INDIA PVT LTD,COCHIN,Kerala,India,683503,8803333444,,,,,,,,,,,,0.000,,,,,,,,,Shalima,30% advance
99381000025312983,2025-10-23,99381000000098082,Cochin,,PO-00295,,Billed,SCANGLE INDIA PRIVATE LIMITED,84705010,FALSE,KL,KL,business_gst,32ABECS7718M1ZZ,false,INR,1.000000000000,Compact 1,,,,,,Inventory Asset,,23400.00,"SCANGLE - POS TERMINAL SGT-664i5 15"" AFB (8GB)",99381000024474071,280F,,,,,"i5 5TH GEN 8+128GB SSD 15"" FRONT DISPLAY WINDOWS 10,ALUMINIUM AALOY",30.00,0.00,0.00,30.00,nos,Cochin,entity_level,true,0.00,0.0,99381000000006208,GST18,18.00,126360.00,Tax Group,,goods,,,,702000.00,2458530.00,0.00,Adjustment,0.00,0.000,,,,,,,,0,Due on Receipt,Cochin,C/O LOGIWIZ LOGISTICS INDIA PVT LTD,COCHIN,Kerala,India,683503,8803333444,,,,,,,,,,,,0.000,,,,,,,,,Shalima,30% advance
99381000026556001,2025-12-20,99381000000098082,Cochin,,PO-00296,,Draft,BREVERA TECHNOLOGIES PRIVATE LIMITED,84239020,FALSE,KA,KL,business_gst,29AAFCB7108Q1Z4,false,INR,1.000000000000,Compact 1,,,,,,Inventory Asset,,152.00,CHOTTU MOTHERBOARD - 99MB 6V,99381000001165607,CH602,,,,,,100.00,0.00,0.00,0.00,nos,Cochin,entity_level,true,0.00,0.0,99381000000006196,IGST18,18.00,2736.00,ItemAmount,,goods,,,,15200.00,25226.00,-0.04,Adjustment,0.00,0.000,,,,,,,,0,Due on Receipt,Cochin,C/O LOGIWIZ LOGISTICS INDIA PVT LTD,COCHIN,Kerala,India,683503,8803333444,,,,,,,,,,,,0.000,,,,,,,,,Shalima,100% advance
99381000026556001,2025-12-20,99381000000098082,Cochin,,PO-00296,,Draft,BREVERA TECHNOLOGIES PRIVATE LIMITED,84239020,FALSE,KA,KL,business_gst,29AAFCB7108Q1Z4,false,INR,1.000000000000,Compact 1,,,,,,Inventory Asset,,117.96,CHOTTU MOTHERBOARD - 99MB 4V,99381000001165620,CH603,,,,,,50.00,0.00,0.00,0.00,nos,Cochin,entity_level,true,0.00,0.0,99381000000006196,IGST18,18.00,1061.64,ItemAmount,,goods,,,,5898.00,25226.00,-0.04,Adjustment,0.00,0.000,,,,,,,,0,Due on Receipt,Cochin,C/O LOGIWIZ LOGISTICS INDIA PVT LTD,COCHIN,Kerala,India,683503,8803333444,,,,,,,,,,,,0.000,,,,,,,,,Shalima,100% advance
99381000026556001,2025-12-20,99381000000098082,Cochin,,PO-00296,,Draft,BREVERA TECHNOLOGIES PRIVATE LIMITED,996819,FALSE,KA,KL,business_gst,29AAFCB7108Q1Z4,false,INR,1.000000000000,Compact 1,,,,,,Cost of Goods Sold,,280.00,Freight,99381000003152296,FREIGH,,,,,,1.00,0.00,0.00,0.00,Lumpsum,,entity_level,true,0.00,0.0,99381000000006196,IGST18,18.00,50.40,ItemAmount,,service,,,,280.00,25226.00,-0.04,Adjustment,0.00,0.000,,,,,,,,0,Due on Receipt,Cochin,C/O LOGIWIZ LOGISTICS INDIA PVT LTD,COCHIN,Kerala,India,683503,8803333444,,,,,,,,,,,,0.000,,,,,,,,,Shalima,100% advance
99381000026915425,2026-01-08,99381000000098082,Cochin,,PO-00297,,Billed,Accurate Trade Links,84729090,FALSE,KL,KL,business_gst,32AHJPK1741Q1Z4,false,INR,1.000000000000,Compact 1,,,,,,Inventory Asset,,6176.50,CCM  - Value Counting Machine,99381000000302452,AL66,,,,,,44.00,0.00,0.00,44.00,nos,Cochin,entity_level,true,0.00,0.0,99381000000006208,GST18,18.00,48917.88,Tax Group,,goods,,,,271766.00,320684.00,0.12,Adjustment,0.00,0.000,,,,,,,,0,Due on Receipt,Cochin,C/O LOGIWIZ LOGISTICS INDIA PVT LTD,COCHIN,Kerala,India,683503,8803333444,,,,,,,,,,,,0.000,,,,,,,,,Shalima,advance
99381000026919546,2026-01-09,99381000000098082,Cochin,,PO-00298,,Billed,SAFAL ENTERPRISE PVT. LTD.,84231000,FALSE,GJ,KL,business_gst,24ABFCS6034B1ZR,false,INR,1.000000000000,Compact 1,,,,,,Inventory Asset,,1050.00,TABLE TOP CHOTTU (G),99381000024954874,CH6VSF,,,,,"Max : 20kg e:2gm Min: 40g Class III
Display : Led Green,With Colour box,Brevera Board,6V Batttery",50.00,0.00,0.00,50.00,nos,Cochin,entity_level,true,0.00,0.0,99381000000006196,IGST18,18.00,9450.00,ItemAmount,,goods,,,,52500.00,61950.00,0.00,Adjustment,0.00,0.000,,,,,,,,0,Due on Receipt,Cochin,C/O LOGIWIZ LOGISTICS INDIA PVT LTD,COCHIN,Kerala,India,683503,8803333444,,,,,,,,,,,,0.000,,,,,,,,,Shalima,advance
99381000026960154,2026-01-12,99381000003083031,Head Office,,PO-00299,,Billed,M/S MUSTAN BHAI MOHAMMAD BHAI HIRANI,84239020,FALSE,GJ,KL,business_gst,24ACHPH8740F1ZQ,false,INR,1.000000000000,Compact 1,,,,,,Inventory Asset,,4.50,Keypad,99381000002008082,KEYPA1,,,,,,1000.00,0.00,0.00,1000.00,nos,Head Office,entity_level,true,0.00,0.0,99381000000006196,IGST18,18.00,810.00,ItemAmount,,goods,,,,4500.00,5546.00,0.00,Adjustment,0.00,0.000,,,,,,,,0,Due on Receipt,Vytila-COK," 49/468A, CITY CENTER 2ND FLOOR VYTTILA ",COCHIN,Kerala,India,,8803333444,,,,,,,,,,,,0.000,,,,,,,,,Shalima,Advance
99381000026960154,2026-01-12,99381000003083031,Head Office,,PO-00299,,Billed,M/S MUSTAN BHAI MOHAMMAD BHAI HIRANI,996819,FALSE,GJ,KL,business_gst,24ACHPH8740F1ZQ,false,INR,1.000000000000,Compact 1,,,,,,Cost of Goods Sold,,200.00,Freight,99381000003152296,FREIGH,,,,,,1.00,0.00,0.00,1.00,Lumpsum,,entity_level,true,0.00,0.0,99381000000006196,IGST18,18.00,36.00,ItemAmount,,service,,,,200.00,5546.00,0.00,Adjustment,0.00,0.000,,,,,,,,0,Due on Receipt,Vytila-COK," 49/468A, CITY CENTER 2ND FLOOR VYTTILA ",COCHIN,Kerala,India,,8803333444,,,,,,,,,,,,0.000,,,,,,,,,Shalima,Advance
99381000027038109,2026-01-15,99381000000098082,Cochin,,PO-00300,,Partially Billed,Qidong Youming Weighing Apparatus Co. Ltd.,84238190,FALSE,,KL,overseas,,false,USD,90.334237000000,Compact 1,,,,,,Inventory Asset,,112.00,Bill Printing scale Q8POS,99381000000011617,ECS5W,,,,,,150.00,0.00,0.00,150.00,nos,Cochin,entity_level,true,0.00,0.0,,,,,,,goods,,,,16800.00,41085.00,0.00,Adjustment,0.00,0.000,,,,,,,,0,Due on Receipt,Cochin,C/O LOGIWIZ LOGISTICS INDIA PVT LTD,COCHIN,Kerala,India,683503,8803333444,,,,,,,,,,,,0.000,,,,,,,,,Shalima,Advance
99381000027038109,2026-01-15,99381000000098082,Cochin,,PO-00300,,Partially Billed,Qidong Youming Weighing Apparatus Co. Ltd.,84238190,FALSE,,KL,overseas,,false,USD,90.334237000000,Compact 1,,,,,,Inventory Asset,,112.00,Bill Printing scale Q8POS (UB),99381000011439709,ECS5WW,,,,,,25.00,0.00,0.00,25.00,nos,Cochin,entity_level,true,0.00,0.0,,,,,,,goods,,,,2800.00,41085.00,0.00,Adjustment,0.00,0.000,,,,,,,,0,Due on Receipt,Cochin,C/O LOGIWIZ LOGISTICS INDIA PVT LTD,COCHIN,Kerala,India,683503,8803333444,,,,,,,,,,,,0.000,,,,,,,,,Shalima,Advance
99381000027038109,2026-01-15,99381000000098082,Cochin,,PO-00300,,Partially Billed,Qidong Youming Weighing Apparatus Co. Ltd.,84238190,FALSE,,KL,overseas,,false,USD,90.334237000000,Compact 1,,,,,,Inventory Asset,,145.00,Bill Printing scale ECS,99381000027038074,ECSATL,,,,,,5.00,0.00,0.00,5.00,nos,Cochin,entity_level,true,0.00,0.0,,,,,,,goods,,,,725.00,41085.00,0.00,Adjustment,0.00,0.000,,,,,,,,0,Due on Receipt,Cochin,C/O LOGIWIZ LOGISTICS INDIA PVT LTD,COCHIN,Kerala,India,683503,8803333444,,,,,,,,,,,,0.000,,,,,,,,,Shalima,Advance
99381000027038109,2026-01-15,99381000000098082,Cochin,,PO-00300,,Partially Billed,Qidong Youming Weighing Apparatus Co. Ltd.,84238190,FALSE,,KL,overseas,,false,USD,90.334237000000,Compact 1,,,,,,Inventory Asset,,110.00,Label Printing Scale Q9LBL,99381000002536240,Q9LBL,,,,,,125.00,0.00,0.00,125.00,nos,Cochin,entity_level,true,0.00,0.0,,,,,,,goods,,,,13750.00,41085.00,0.00,Adjustment,0.00,0.000,,,,,,,,0,Due on Receipt,Cochin,C/O LOGIWIZ LOGISTICS INDIA PVT LTD,COCHIN,Kerala,India,683503,8803333444,,,,,,,,,,,,0.000,,,,,,,,,Shalima,Advance
99381000027038109,2026-01-15,99381000000098082,Cochin,,PO-00300,,Partially Billed,Qidong Youming Weighing Apparatus Co. Ltd.,84238190,FALSE,,KL,overseas,,false,USD,90.334237000000,Compact 1,,,,,,Inventory Asset,,12.00,Price Computing Scale EC,99381000027934052,PCSLEC,,,,,,75.00,0.00,0.00,75.00,nos,Cochin,entity_level,true,0.00,0.0,,,,,,,goods,,,,900.00,41085.00,0.00,Adjustment,0.00,0.000,,,,,,,,0,Due on Receipt,Cochin,C/O LOGIWIZ LOGISTICS INDIA PVT LTD,COCHIN,Kerala,India,683503,8803333444,,,,,,,,,,,,0.000,,,,,,,,,Shalima,Advance
99381000027038109,2026-01-15,99381000000098082,Cochin,,PO-00300,,Partially Billed,Qidong Youming Weighing Apparatus Co. Ltd.,84238190,FALSE,,KL,overseas,,false,USD,90.334237000000,Compact 1,,,,,,Inventory Asset,,150.00,LABEL PRINTING SCALE Q10,99381000006174108,Q10LBL,,,,,"Make: YESWEIGH Model: YS LBL
Max: 30kg e:5g Min: 100g",20.00,0.00,0.00,20.00,nos,Cochin,entity_level,true,0.00,0.0,,,,,,,goods,,,,3000.00,41085.00,0.00,Adjustment,0.00,0.000,,,,,,,,0,Due on Receipt,Cochin,C/O LOGIWIZ LOGISTICS INDIA PVT LTD,COCHIN,Kerala,India,683503,8803333444,,,,,,,,,,,,0.000,,,,,,,,,Shalima,Advance
99381000027038109,2026-01-15,99381000000098082,Cochin,,PO-00300,,Partially Billed,Qidong Youming Weighing Apparatus Co. Ltd.,84238190,FALSE,,KL,overseas,,false,USD,90.334237000000,Compact 1,,,,,,Inventory Asset,,125.00,Label Printing Scale Q9LBL (F&B),99381000027038022,TMAFB,,,,,,10.00,0.00,0.00,10.00,nos,Cochin,entity_level,true,0.00,0.0,,,,,,,goods,,,,1250.00,41085.00,0.00,Adjustment,0.00,0.000,,,,,,,,0,Due on Receipt,Cochin,C/O LOGIWIZ LOGISTICS INDIA PVT LTD,COCHIN,Kerala,India,683503,8803333444,,,,,,,,,,,,0.000,,,,,,,,,Shalima,Advance
99381000027038109,2026-01-15,99381000000098082,Cochin,,PO-00300,,Partially Billed,Qidong Youming Weighing Apparatus Co. Ltd.,84238190,FALSE,,KL,overseas,,false,USD,90.334237000000,Compact 1,,,,,,Inventory Asset,,130.00,Label Printing Scale TMA,99381000027038048,TMAATL,,,,,,4.00,0.00,0.00,4.00,nos,Cochin,entity_level,true,0.00,0.0,,,,,,,goods,,,,520.00,41085.00,0.00,Adjustment,0.00,0.000,,,,,,,,0,Due on Receipt,Cochin,C/O LOGIWIZ LOGISTICS INDIA PVT LTD,COCHIN,Kerala,India,683503,8803333444,,,,,,,,,,,,0.000,,,,,,,,,Shalima,Advance
99381000027038109,2026-01-15,99381000000098082,Cochin,,PO-00300,,Partially Billed,Qidong Youming Weighing Apparatus Co. Ltd.,84239020,FALSE,,KL,overseas,,false,USD,90.334237000000,Compact 1,,,,,,Inventory Asset,,20.00,Cash Box,99381000000343208,ECSCD,,,,,,15.00,0.00,0.00,15.00,nos,Cochin,entity_level,true,0.00,0.0,,,,,,,goods,,,,300.00,41085.00,0.00,Adjustment,0.00,0.000,,,,,,,,0,Due on Receipt,Cochin,C/O LOGIWIZ LOGISTICS INDIA PVT LTD,COCHIN,Kerala,India,683503,8803333444,,,,,,,,,,,,0.000,,,,,,,,,Shalima,Advance
99381000027038109,2026-01-15,99381000000098082,Cochin,,PO-00300,,Partially Billed,Qidong Youming Weighing Apparatus Co. Ltd.,84231000,FALSE,,KL,overseas,,false,USD,90.334237000000,Compact 1,,,,,,Inventory Asset,,80.00,Analytical Balance 220g/1 mg,99381000000205935,BSM2203,,,,,,1.00,0.00,0.00,1.00,nos,Cochin,entity_level,true,0.00,0.0,,,,,,,goods,,,,80.00,41085.00,0.00,Adjustment,0.00,0.000,,,,,,,,0,Due on Receipt,Cochin,C/O LOGIWIZ LOGISTICS INDIA PVT LTD,COCHIN,Kerala,India,683503,8803333444,,,,,,,,,,,,0.000,,,,,,,,,Shalima,Advance
99381000027038109,2026-01-15,99381000000098082,Cochin,,PO-00300,,Partially Billed,Qidong Youming Weighing Apparatus Co. Ltd.,84239020,FALSE,,KL,overseas,,false,USD,90.334237000000,Compact 1,,,,,,Inventory Asset,,910.00,Spare Parts,99381000001847007,SPARE,,,,,,1.00,0.00,0.00,0.00,box,Cochin,entity_level,true,0.00,0.0,,,,,,,goods,,,,910.00,41085.00,0.00,Adjustment,0.00,0.000,,,,,,,,0,Due on Receipt,Cochin,C/O LOGIWIZ LOGISTICS INDIA PVT LTD,COCHIN,Kerala,India,683503,8803333444,,,,,,,,,,,,0.000,,,,,,,,,Shalima,Advance
99381000027038109,2026-01-15,99381000000098082,Cochin,,PO-00300,,Partially Billed,Qidong Youming Weighing Apparatus Co. Ltd.,,FALSE,,KL,overseas,,false,USD,90.334237000000,Compact 1,,,,,,Import Expenses,,50.00,,,,,,,,Transportation cost,1.00,0.00,0.00,1.00,,,entity_level,true,0.00,0.0,,,,,,,service,,,,50.00,41085.00,0.00,Adjustment,0.00,0.000,,,,,,,,0,Due on Receipt,Cochin,C/O LOGIWIZ LOGISTICS INDIA PVT LTD,COCHIN,Kerala,India,683503,8803333444,,,,,,,,,,,,0.000,,,,,,,,,Shalima,Advance
99381000027131777,2026-01-20,99381000000098082,Cochin,,PO-00301,,Draft,E .G .TECH WEIGHING SYSTEMS,84239010,FALSE,GJ,KL,business_gst,24ALXPS4805P1Z5,false,INR,1.000000000000,Compact 1,,,,,,Inventory Asset,,2840.00,PLATFORM SCALE 400X400 SS(100Kg) -EG,99381000025726081,PLT40EG,,,,,"40X40CM Platform Scale, 100kg/10g,  green led indicator,  SS pan, with MS back rail, MS pole, SS top platform, MS Frame",20.00,0.00,0.00,0.00,nos,Cochin,entity_level,true,0.00,0.0,99381000000006196,IGST18,18.00,10224.00,ItemAmount,,goods,,,,56800.00,168882.00,0.40,Adjustment,0.00,0.000,,,,,,,,0,Due on Receipt,Cochin,C/O LOGIWIZ LOGISTICS INDIA PVT LTD,COCHIN,Kerala,India,683503,8803333444,,,,,,,,,,,,0.000,,,,,,,,,Shalima,Advance
99381000027131777,2026-01-20,99381000000098082,Cochin,,PO-00301,,Draft,E .G .TECH WEIGHING SYSTEMS,84239020,FALSE,GJ,KL,business_gst,24ALXPS4805P1Z5,false,INR,1.000000000000,Compact 1,,,,,,Inventory Asset,,8632.00,Floor Scale 1mx1m,99381000000035236,PLT1000,,,,,,10.00,0.00,0.00,0.00,nos,Cochin,entity_level,true,0.00,0.0,99381000000006196,IGST18,18.00,15537.60,ItemAmount,,goods,,,,86320.00,168882.00,0.40,Adjustment,0.00,0.000,,,,,,,,0,Due on Receipt,Cochin,C/O LOGIWIZ LOGISTICS INDIA PVT LTD,COCHIN,Kerala,India,683503,8803333444,,,,,,,,,,,,0.000,,,,,,,,,Shalima,Advance
99381000027221001,2026-01-23,99381000000098082,Cochin,,PO-00302,,Billed,Qidong Youming Weighing Apparatus Co. Ltd.,84238190,FALSE,,KL,overseas,,false,USD,91.650628000000,Compact 1,,,,,,Inventory Asset,,112.00,Bill Printing scale Q8POS,99381000000011617,ECS5W,,,,,,190.00,0.00,0.00,190.00,nos,Cochin,entity_level,true,0.00,0.0,,,,,,,goods,,,,21280.00,42800.00,0.00,Adjustment,0.00,0.000,,,,,,,,0,Due on Receipt,Cochin,C/O LOGIWIZ LOGISTICS INDIA PVT LTD,COCHIN,Kerala,India,683503,8803333444,,,,,,,,,,,,0.000,,,,,,,,,Shalima,ADVANCE
99381000027221001,2026-01-23,99381000000098082,Cochin,,PO-00302,,Billed,Qidong Youming Weighing Apparatus Co. Ltd.,84238190,FALSE,,KL,overseas,,false,USD,91.650628000000,Compact 1,,,,,,Inventory Asset,,110.00,Label Printing Scale Q9LBL,99381000002536240,Q9LBL,,,,,,192.00,0.00,0.00,192.00,nos,Cochin,entity_level,true,0.00,0.0,,,,,,,goods,,,,21120.00,42800.00,0.00,Adjustment,0.00,0.000,,,,,,,,0,Due on Receipt,Cochin,C/O LOGIWIZ LOGISTICS INDIA PVT LTD,COCHIN,Kerala,India,683503,8803333444,,,,,,,,,,,,0.000,,,,,,,,,Shalima,ADVANCE
99381000027221001,2026-01-23,99381000000098082,Cochin,,PO-00302,,Billed,Qidong Youming Weighing Apparatus Co. Ltd.,84239020,FALSE,,KL,overseas,,false,USD,91.650628000000,Compact 1,,,,,,Inventory Asset,,20.00,Cash Box,99381000000343208,ECSCD,,,,,,20.00,0.00,0.00,20.00,nos,Cochin,entity_level,true,0.00,0.0,,,,,,,goods,,,,400.00,42800.00,0.00,Adjustment,0.00,0.000,,,,,,,,0,Due on Receipt,Cochin,C/O LOGIWIZ LOGISTICS INDIA PVT LTD,COCHIN,Kerala,India,683503,8803333444,,,,,,,,,,,,0.000,,,,,,,,,Shalima,ADVANCE
99381000028066431,2026-02-27,99381000000098082,Cochin,,PO-00303,,Billed,Meezan electronic scales Pvt Ltd,84705010,FALSE,KL,KL,business_gst,32AAECM1277C1ZY,false,INR,1.000000000000,Compact 1,,,,,,Inventory Asset,,9700.00,Electronic cash register,99381000000194004,ECR,,,,,Wifi inbuilt,14.00,0.00,0.00,14.00,nos,Cochin,entity_level,true,0.00,0.0,99381000000006208,GST18,18.00,24444.00,Tax Group,,goods,,,,135800.00,160244.00,0.00,Adjustment,0.00,0.000,,,,,,,,0,Due on Receipt,Cochin,C/O LOGIWIZ LOGISTICS INDIA PVT LTD,COCHIN,Kerala,India,683503,8803333444,,,,,,,,,,,,0.000,,,,,,,,,Shalima,advance
99381000029987028,2026-05-21,99381000000098082,Cochin,,PO-00304,,Draft,"JINHUA WUHU INTERNATIONAL TRADE CO., LTD. - AY",84238190,FALSE,,KL,overseas,,false,USD,96.385542000000,Compact 1,,,,,,Inventory Asset,,12.50,TABLE TOP SCALE PC (GREEN-AY),99381000029833177,ATM30GAY,,,,,"Make : YESWEIGH Max: 30kg  Min : 100g e : 5g Class III
Display : Green",500.00,0.00,0.00,0.00,nos,Cochin,entity_level,true,0.00,0.0,,,,,,,goods,,,,6250.00,10750.00,0.00,Adjustment,0.00,0.000,,,,,,,,0,Due on Receipt,Cochin,C/O LOGIWIZ LOGISTICS INDIA PVT LTD,COCHIN,Kerala,India,683503,8803333444,,,,,,,,,,,,0.000,,,,,,,,,Shalima,5000$ As advance
99381000029987028,2026-05-21,99381000000098082,Cochin,,PO-00304,,Draft,"JINHUA WUHU INTERNATIONAL TRADE CO., LTD. - AY",84238190,FALSE,,KL,overseas,,false,USD,96.385542000000,Compact 1,,,,,,Inventory Asset,,4.50,KITCHEN SCALE 10Kg,99381000029829009,KS10BAY,,,,,Make : YES WEIGH Max: 10kg  Min : 20g e :1g Class III,800.00,0.00,0.00,0.00,nos,Cochin,entity_level,true,0.00,0.0,,,,,,,goods,,,,3600.00,10750.00,0.00,Adjustment,0.00,0.000,,,,,,,,0,Due on Receipt,Cochin,C/O LOGIWIZ LOGISTICS INDIA PVT LTD,COCHIN,Kerala,India,683503,8803333444,,,,,,,,,,,,0.000,,,,,,,,,Shalima,5000$ As advance
99381000029987028,2026-05-21,99381000000098082,Cochin,,PO-00304,,Draft,"JINHUA WUHU INTERNATIONAL TRADE CO., LTD. - AY",84238190,FALSE,,KL,overseas,,false,USD,96.385542000000,Compact 1,,,,,,Inventory Asset,,4.50,KITCHEN SCALE 5Kg,99381000029829020,KS05BAY,,,,,Make : YES WEIGH Max: 5kg  Min : 10g e : 0.5g Class III,200.00,0.00,0.00,0.00,nos,Cochin,entity_level,true,0.00,0.0,,,,,,,goods,,,,900.00,10750.00,0.00,Adjustment,0.00,0.000,,,,,,,,0,Due on Receipt,Cochin,C/O LOGIWIZ LOGISTICS INDIA PVT LTD,COCHIN,Kerala,India,683503,8803333444,,,,,,,,,,,,0.000,,,,,,,,,Shalima,5000$ As advance
99381000029987046,2026-05-21,99381000000098082,Cochin,,PO-00305,,Draft,Qidong Youming Weighing Apparatus Co. Ltd.,84238190,FALSE,,KL,overseas,,false,USD,96.385542000000,Compact 1,,,,,,Inventory Asset,,112.00,Bill Printing scale Q8POS,99381000000011617,ECS5W,,,,,,150.00,0.00,0.00,0.00,nos,Cochin,entity_level,true,0.00,0.0,,,,,,,goods,,,,16800.00,44180.00,0.00,Adjustment,0.00,0.000,,,,INR 29000.00,,,,0,Due on Receipt,Cochin,C/O LOGIWIZ LOGISTICS INDIA PVT LTD,COCHIN,Kerala,India,683503,8803333444,,,,,,,,,,,,0.000,,,,,,,,,Shalima,100% advance
99381000029987046,2026-05-21,99381000000098082,Cochin,,PO-00305,,Draft,Qidong Youming Weighing Apparatus Co. Ltd.,84238190,FALSE,,KL,overseas,,false,USD,96.385542000000,Compact 1,,,,,,Inventory Asset,,110.00,Label Printing Scale Q9LBL,99381000002536240,Q9LBL,,,,,,123.00,0.00,0.00,0.00,nos,Cochin,entity_level,true,0.00,0.0,,,,,,,goods,,,,13530.00,44180.00,0.00,Adjustment,0.00,0.000,,,,INR 28000.00,,,,0,Due on Receipt,Cochin,C/O LOGIWIZ LOGISTICS INDIA PVT LTD,COCHIN,Kerala,India,683503,8803333444,,,,,,,,,,,,0.000,,,,,,,,,Shalima,100% advance
99381000029987046,2026-05-21,99381000000098082,Cochin,,PO-00305,,Draft,Qidong Youming Weighing Apparatus Co. Ltd.,84238190,FALSE,,KL,overseas,,false,USD,96.385542000000,Compact 1,,,,,,Inventory Asset,,110.00,Label Printing Scale Q9,99381000002536240,Q9LBL,,,,,,50.00,0.00,0.00,0.00,nos,Cochin,entity_level,true,0.00,0.0,,,,,,,goods,,,,5500.00,44180.00,0.00,Adjustment,0.00,0.000,,,,INR 22500.00,,,,0,Due on Receipt,Cochin,C/O LOGIWIZ LOGISTICS INDIA PVT LTD,COCHIN,Kerala,India,683503,8803333444,,,,,,,,,,,,0.000,,,,,,,,,Shalima,100% advance
99381000029987046,2026-05-21,99381000000098082,Cochin,,PO-00305,,Draft,Qidong Youming Weighing Apparatus Co. Ltd.,84705010,FALSE,,KL,overseas,,false,USD,96.385542000000,Compact 1,,,,,,Inventory Asset,,94.00,Electronic cash register,99381000000194004,ECR,,,,,Wifi inbuilt,25.00,0.00,0.00,0.00,nos,Cochin,entity_level,true,0.00,0.0,,,,,,,goods,,,,2350.00,44180.00,0.00,Adjustment,0.00,0.000,,,,INR 20000.00,,,,0,Due on Receipt,Cochin,C/O LOGIWIZ LOGISTICS INDIA PVT LTD,COCHIN,Kerala,India,683503,8803333444,,,,,,,,,,,,0.000,,,,,,,,,Shalima,100% advance
99381000029987046,2026-05-21,99381000000098082,Cochin,,PO-00305,,Draft,Qidong Youming Weighing Apparatus Co. Ltd.,84239020,FALSE,,KL,overseas,,false,USD,96.385542000000,Compact 1,,,,,,Inventory Asset,,140.00,Label Indicator,99381000007333495,LBLIND,,,,,,11.00,0.00,0.00,0.00,nos,Cochin,entity_level,true,0.00,0.0,,,,,,,goods,,,,1540.00,44180.00,0.00,Adjustment,0.00,0.000,,,,INR 28200.00,,,,0,Due on Receipt,Cochin,C/O LOGIWIZ LOGISTICS INDIA PVT LTD,COCHIN,Kerala,India,683503,8803333444,,,,,,,,,,,,0.000,,,,,,,,,Shalima,100% advance
99381000029987046,2026-05-21,99381000000098082,Cochin,,PO-00305,,Draft,Qidong Youming Weighing Apparatus Co. Ltd.,84231000,FALSE,,KL,overseas,,false,USD,96.385542000000,Compact 1,,,,,,Inventory Asset,,120.00,ECS Indicator,99381000000343199,ECSIND,,,,,,10.00,0.00,0.00,0.00,nos,Cochin,entity_level,true,0.00,0.0,,,,,,,goods,,,,1200.00,44180.00,0.00,Adjustment,0.00,0.000,,,,INR 26000.00,,,,0,Due on Receipt,Cochin,C/O LOGIWIZ LOGISTICS INDIA PVT LTD,COCHIN,Kerala,India,683503,8803333444,,,,,,,,,,,,0.000,,,,,,,,,Shalima,100% advance
99381000029987046,2026-05-21,99381000000098082,Cochin,,PO-00305,,Draft,Qidong Youming Weighing Apparatus Co. Ltd.,84238190,FALSE,,KL,overseas,,false,USD,96.385542000000,Compact 1,,,,,,Inventory Asset,,180.00,PALLET SCALE,99381000006174179,PSC,,,,,Capacity : 2.5T/0.5kg,18.00,0.00,0.00,0.00,nos,Cochin,entity_level,true,0.00,0.0,,,,,,,goods,,,,3240.00,44180.00,0.00,Adjustment,0.00,0.000,,,,INR 49000.00,,,,0,Due on Receipt,Cochin,C/O LOGIWIZ LOGISTICS INDIA PVT LTD,COCHIN,Kerala,India,683503,8803333444,,,,,,,,,,,,0.000,,,,,,,,,Shalima,100% advance
99381000029987046,2026-05-21,99381000000098082,Cochin,,PO-00305,,Draft,Qidong Youming Weighing Apparatus Co. Ltd.,84238190,FALSE,,KL,overseas,,false,USD,96.385542000000,Compact 1,,,,,,Inventory Asset,,20.00,Pallet Scale Indicator,99381000031630248,PSCIND,,,,,,1.00,0.00,0.00,0.00,nos,Cochin,entity_level,true,0.00,0.0,,,,,,,goods,,,,20.00,44180.00,0.00,Adjustment,0.00,0.000,,,,,,,,0,Due on Receipt,Cochin,C/O LOGIWIZ LOGISTICS INDIA PVT LTD,COCHIN,Kerala,India,683503,8803333444,,,,,,,,,,,,0.000,,,,,,,,,Shalima,100% advance
99381000030038042,2026-05-23,99381000003083031,Head Office,,PO-00306,,Issued,Qidong Youming Weighing Apparatus Co. Ltd.,84239020,FALSE,,KL,overseas,,false,USD,95.700477000000,Compact 1,,,,,,Inventory Asset,,7.50,ECS5W SMPS 7V,99381000000306148,ECS817,,,,,,45.00,0.00,0.00,0.00,nos,Head Office,entity_level,true,0.00,0.0,,,,,,,goods,,,,337.50,3441.00,0.00,Adjustment,0.00,0.000,,,,INR 1750.00,,,,0,Due on Receipt,Head Office," 49/468A, CITY CENTER 2ND FLOOR VYTTILA ",COCHIN,Kerala,India,,8803333444,,,,,,,,,,,,0.000,,,,,,,,,Shalima,50% advance
99381000030038042,2026-05-23,99381000003083031,Head Office,,PO-00306,,Issued,Qidong Youming Weighing Apparatus Co. Ltd.,84239020,FALSE,,KL,overseas,,false,USD,95.700477000000,Compact 1,,,,,,Inventory Asset,,48.00,ECS5W MOTHER BOARD,99381000000306276,ECS815,,,,,,5.00,0.00,0.00,0.00,pcs,Head Office,entity_level,true,0.00,0.0,,,,,,,goods,,,,240.00,3441.00,0.00,Adjustment,0.00,0.000,,,,,,,,0,Due on Receipt,Head Office," 49/468A, CITY CENTER 2ND FLOOR VYTTILA ",COCHIN,Kerala,India,,8803333444,,,,,,,,,,,,0.000,,,,,,,,,Shalima,50% advance
99381000030038042,2026-05-23,99381000003083031,Head Office,,PO-00306,,Issued,Qidong Youming Weighing Apparatus Co. Ltd.,84239020,FALSE,,KL,overseas,,false,USD,95.700477000000,Compact 1,,,,,,Inventory Asset,,29.00,ECS5W PRINTER,99381000000306297,ECS814,,,,,,15.00,0.00,0.00,0.00,nos,Head Office,entity_level,true,0.00,0.0,,,,,,,goods,,,,435.00,3441.00,0.00,Adjustment,0.00,0.000,,,,INR 8000.00,,,,0,Due on Receipt,Head Office," 49/468A, CITY CENTER 2ND FLOOR VYTTILA ",COCHIN,Kerala,India,,8803333444,,,,,,,,,,,,0.000,,,,,,,,,Shalima,50% advance
99381000030038042,2026-05-23,99381000003083031,Head Office,,PO-00306,,Issued,Qidong Youming Weighing Apparatus Co. Ltd.,84239020,FALSE,,KL,overseas,,false,USD,95.700477000000,Compact 1,,,,,,Inventory Asset,,7.50,ECS5W / 4W/Q10 KEYBOARD,99381000000306324,ECS811,,,,,,30.00,0.00,0.00,0.00,nos,Head Office,entity_level,true,0.00,0.0,,,,,,,goods,,,,225.00,3441.00,0.00,Adjustment,0.00,0.000,,,,INR 2500.00,,,,0,Due on Receipt,Head Office," 49/468A, CITY CENTER 2ND FLOOR VYTTILA ",COCHIN,Kerala,India,,8803333444,,,,,,,,,,,,0.000,,,,,,,,,Shalima,50% advance
99381000030038042,2026-05-23,99381000003083031,Head Office,,PO-00306,,Issued,Qidong Youming Weighing Apparatus Co. Ltd.,84239020,FALSE,,KL,overseas,,false,USD,95.700477000000,Compact 1,,,,,,Inventory Asset,,1.00,ECS5W KEYBOARD STICKER,99381000001663037,ECS825,,,,,,10.00,0.00,0.00,0.00,nos,Head Office,entity_level,true,0.00,0.0,,,,,,,goods,,,,10.00,3441.00,0.00,Adjustment,0.00,0.000,,,,,,,,0,Due on Receipt,Head Office," 49/468A, CITY CENTER 2ND FLOOR VYTTILA ",COCHIN,Kerala,India,,8803333444,,,,,,,,,,,,0.000,,,,,,,,,Shalima,50% advance
99381000030038042,2026-05-23,99381000003083031,Head Office,,PO-00306,,Issued,Qidong Youming Weighing Apparatus Co. Ltd.,84239020,FALSE,,KL,overseas,,false,USD,95.700477000000,Compact 1,,,,,,Inventory Asset,,19.00,ECS5W DISPLAY SET FRONT,99381000000306342,ECS808,,,,,,25.00,0.00,0.00,0.00,nos,Head Office,entity_level,true,0.00,0.0,,,,,,,goods,,,,475.00,3441.00,0.00,Adjustment,0.00,0.000,,,,,,,,0,Due on Receipt,Head Office," 49/468A, CITY CENTER 2ND FLOOR VYTTILA ",COCHIN,Kerala,India,,8803333444,,,,,,,,,,,,0.000,,,,,,,,,Shalima,50% advance
99381000030038042,2026-05-23,99381000003083031,Head Office,,PO-00306,,Issued,Qidong Youming Weighing Apparatus Co. Ltd.,84239020,FALSE,,KL,overseas,,false,USD,95.700477000000,Compact 1,,,,,,Inventory Asset,,10.00,ECR KEYPAD,99381000004096388,ECR105,,,,,,5.00,0.00,0.00,0.00,nos,Head Office,entity_level,true,0.00,0.0,,,,,,,goods,,,,50.00,3441.00,0.00,Adjustment,0.00,0.000,,,,,,,,0,Due on Receipt,Head Office," 49/468A, CITY CENTER 2ND FLOOR VYTTILA ",COCHIN,Kerala,India,,8803333444,,,,,,,,,,,,0.000,,,,,,,,,Shalima,50% advance
99381000030038042,2026-05-23,99381000003083031,Head Office,,PO-00306,,Issued,Qidong Youming Weighing Apparatus Co. Ltd.,84239020,FALSE,,KL,overseas,,false,USD,95.700477000000,Compact 1,,,,,,Inventory Asset,,0.05,Q9LBL printer head adjust spring small,99381000008869128,Q9727,,,,,,20.00,0.00,0.00,0.00,nos,Head Office,entity_level,true,0.00,0.0,,,,,,,goods,,,,1.00,3441.00,0.00,Adjustment,0.00,0.000,,,,INR 62.50,,,,0,Due on Receipt,Head Office," 49/468A, CITY CENTER 2ND FLOOR VYTTILA ",COCHIN,Kerala,India,,8803333444,,,,,,,,,,,,0.000,,,,,,,,,Shalima,50% advance
99381000030038042,2026-05-23,99381000003083031,Head Office,,PO-00306,,Issued,Qidong Youming Weighing Apparatus Co. Ltd.,84239020,FALSE,,KL,overseas,,false,USD,95.700477000000,Compact 1,,,,,,Inventory Asset,,48.00,MOTHERBOARD - TMA - Wifi,99381000005665050,Q8623,,,,,,5.00,0.00,0.00,0.00,nos,Head Office,entity_level,true,0.00,0.0,,,,,,,goods,,,,240.00,3441.00,0.00,Adjustment,0.00,0.000,,,,,,,,0,Due on Receipt,Head Office," 49/468A, CITY CENTER 2ND FLOOR VYTTILA ",COCHIN,Kerala,India,,8803333444,,,,,,,,,,,,0.000,,,,,,,,,Shalima,50% advance
99381000030038042,2026-05-23,99381000003083031,Head Office,,PO-00306,,Issued,Qidong Youming Weighing Apparatus Co. Ltd.,84239020,FALSE,,KL,overseas,,false,USD,95.700477000000,Compact 1,,,,,,Inventory Asset,,2.00,Q9LBL printer  15pin 150pj-180ph wires,99381000008869299,Q9736,,,,,,5.00,0.00,0.00,0.00,nos,Head Office,entity_level,true,0.00,0.0,,,,,,,goods,,,,10.00,3441.00,0.00,Adjustment,0.00,0.000,,,,INR 462.50,,,,0,Due on Receipt,Head Office," 49/468A, CITY CENTER 2ND FLOOR VYTTILA ",COCHIN,Kerala,India,,8803333444,,,,,,,,,,,,0.000,,,,,,,,,Shalima,50% advance
99381000030038042,2026-05-23,99381000003083031,Head Office,,PO-00306,,Issued,Qidong Youming Weighing Apparatus Co. Ltd.,84239020,FALSE,,KL,overseas,,false,USD,95.700477000000,Compact 1,,,,,,Inventory Asset,,0.50,Q9LBL printer  5 pin 150-190ph wires,99381000008869280,Q9735,,,,,,10.00,0.00,0.00,0.00,nos,Head Office,entity_level,true,0.00,0.0,,,,,,,goods,,,,5.00,3441.00,0.00,Adjustment,0.00,0.000,,,,INR 150.00,,,,0,Due on Receipt,Head Office," 49/468A, CITY CENTER 2ND FLOOR VYTTILA ",COCHIN,Kerala,India,,8803333444,,,,,,,,,,,,0.000,,,,,,,,,Shalima,50% advance
99381000030038042,2026-05-23,99381000003083031,Head Office,,PO-00306,,Issued,Qidong Youming Weighing Apparatus Co. Ltd.,84239020,FALSE,,KL,overseas,,false,USD,95.700477000000,Compact 1,,,,,,Inventory Asset,,1.00,Q8LBL LABEL GAP SENSOR,99381000001663215,Q8613,,,,,,60.00,0.00,0.00,0.00,nos,Head Office,entity_level,true,0.00,0.0,,,,,,,goods,,,,60.00,3441.00,0.00,Adjustment,0.00,0.000,,,,,,,,0,Due on Receipt,Head Office," 49/468A, CITY CENTER 2ND FLOOR VYTTILA ",COCHIN,Kerala,India,,8803333444,,,,,,,,,,,,0.000,,,,,,,,,Shalima,50% advance
99381000030038042,2026-05-23,99381000003083031,Head Office,,PO-00306,,Issued,Qidong Youming Weighing Apparatus Co. Ltd.,84239020,FALSE,,KL,overseas,,false,USD,95.700477000000,Compact 1,,,,,,Inventory Asset,,2.50,Q9LBL Printer Roller,99381000005950196,Q9716,,,,,,15.00,0.00,0.00,0.00,nos,Head Office,entity_level,true,0.00,0.0,,,,,,,goods,,,,37.50,3441.00,0.00,Adjustment,0.00,0.000,,,,INR 600.00,,,,0,Due on Receipt,Head Office," 49/468A, CITY CENTER 2ND FLOOR VYTTILA ",COCHIN,Kerala,India,,8803333444,,,,,,,,,,,,0.000,,,,,,,,,Shalima,50% advance
99381000030038042,2026-05-23,99381000003083031,Head Office,,PO-00306,,Issued,Qidong Youming Weighing Apparatus Co. Ltd.,84239020,FALSE,,KL,overseas,,false,USD,95.700477000000,Compact 1,,,,,,Inventory Asset,,1315.00,Spare Parts,99381000001847007,SPARE,,,,,Meezan,1.00,0.00,0.00,0.00,box,Head Office,entity_level,true,0.00,0.0,,,,,,,goods,,,,1315.00,3441.00,0.00,Adjustment,0.00,0.000,,,,,,,,0,Due on Receipt,Head Office," 49/468A, CITY CENTER 2ND FLOOR VYTTILA ",COCHIN,Kerala,India,,8803333444,,,,,,,,,,,,0.000,,,,,,,,,Shalima,50% advance
99381000030988465,2026-06-29,99381000000098082,Cochin,,PO-00307,,Draft,SAFAL ENTERPRISE PVT. LTD.,84231000,FALSE,GJ,KL,business_gst,24ABFCS6034B1ZR,false,INR,1.000000000000,Compact 1,,,,,,Inventory Asset,,1100.00,TABLE TOP CHOTTU (G),99381000024954874,CH6VSF,,,,,"Max : 20kg e:2gm Min: 40g Class III
Display : Led Green,With Colour box,Brevera Board,6V Batttery",500.00,0.00,0.00,0.00,nos,Cochin,entity_level,true,0.00,0.0,99381000000006196,IGST18,18.00,99000.00,ItemAmount,,goods,,,,550000.00,649000.00,0.00,Adjustment,0.00,0.000,,,,INR 4000.00,,,,0,Due on Receipt,Cochin,C/O LOGIWIZ LOGISTICS INDIA PVT LTD,COCHIN,Kerala,India,683503,8803333444,,,,,,,,,,,,0.000,,,,,,,,,Shalima,NA
99381000031254062,2026-07-08,99381000000098082,Cochin,,PO-00308,,Billed,RETAIL SOLUTION AND TECHNOLOGIES,84705010,FALSE,TN,KL,business_gst,33ADTPA7888G2Z2,false,INR,1.000000000000,Compact 1,,,,,,Inventory Asset,,12000.00,SUMMI D2 ( L3516),99381000031254012,D2,,,,,SUMMI/EN version/ Multi Touch/RK3566/RAM 4GB/ROM 64GB/android 11 ,30.00,0.00,0.00,30.00,nos,Cochin,entity_level,true,0.00,0.0,99381000000006196,IGST18,18.00,64800.00,ItemAmount,,goods,,,,360000.00,424800.00,0.00,Adjustment,0.00,0.000,,,,,,,,0,Due on Receipt,Cochin,C/O LOGIWIZ LOGISTICS INDIA PVT LTD,COCHIN,Kerala,India,683503,8803333444,,,,,,,,,,,,0.000,,,,,,,,,Shalima,NIL
99381000031322011,2026-07-10,99381000000098082,Cochin,,PO-00309,,Billed,Qidong Youming Weighing Apparatus Co. Ltd.,84238190,FALSE,,KL,overseas,,false,USD,95.337973000000,Compact 1,,,,,,Inventory Asset,,110.00,Label Printing Scale Q9LBL,99381000002536240,Q9LBL,,,,,,20.00,0.00,0.00,20.00,nos,Cochin,entity_level,true,0.00,0.0,,,,,,,goods,,,,2200.00,2200.00,0.00,Adjustment,0.00,0.000,,,,INR 28000.00,,,,0,Due on Receipt,Cochin,C/O LOGIWIZ LOGISTICS INDIA PVT LTD,COCHIN,Kerala,India,683503,8803333444,,,,,,,,,,,,0.000,,,,,,,,,Shalima,100% Advance
99381000031435025,2026-07-20,99381000000098082,Cochin,,PO-00310,,Draft,RETAIL SOLUTION AND TECHNOLOGIES,,FALSE,TN,KL,business_gst,33ADTPA7888G2Z2,false,INR,1.000000000000,Compact 1,,,,,,Inventory Asset,,13000.00,Sunmi D2 Min,99381000031436108,D2MINI,,,,,"Android 8.1 SUNMI OS,8GB ROM+2GB RAM 10.1""Support BT 2.1/3.0/4.2,Printer :58mm",15.00,0.00,0.00,0.00,no,Cochin,entity_level,true,0.00,0.0,99381000000006196,IGST18,18.00,35100.00,ItemAmount,,goods,,,,195000.00,230100.00,0.00,Adjustment,0.00,0.000,,,,INR 25000.00,,,,0,Due on Receipt,Cochin,C/O LOGIWIZ LOGISTICS INDIA PVT LTD,COCHIN,Kerala,India,683503,8803333444,,,,,,,,,,,,0.000,,,,,,,,,Shalima,Advance
99381000031630369,2026-07-24,99381000000098082,Cochin,,PO-00311,,Draft,RETAIL SOLUTION AND TECHNOLOGIES,84433290,FALSE,TN,KL,business_gst,33ADTPA7888G2Z2,false,INR,1.000000000000,Compact 1,,,,,,Inventory Asset,,11750.00,TSC DESKTOP THERMAL TRANSFER BARCODE PRINTER TA220TL 240,99381000031630316,TA220,,,,,"Printer Warranty: 1 year
Printer Head warranty: 25 kms or 6 Months whichever is earlier
Printer Power supply Warranty: 3 Months
Serial No : TEA26200171, TEA26200199",2.00,0.00,0.00,0.00,nos,Cochin,entity_level,true,0.00,0.0,99381000000006196,IGST18,18.00,4230.00,ItemAmount,,goods,,,,23500.00,236708.00,0.00,Adjustment,0.00,0.000,,,,,,,,0,Due on Receipt,Cochin,C/O LOGIWIZ LOGISTICS INDIA PVT LTD,COCHIN,Kerala,India,683503,8803333444,,,,,,,,,,,,0.000,,,,,,,,,Shalima,Advance
99381000031630369,2026-07-24,99381000000098082,Cochin,,PO-00311,,Draft,RETAIL SOLUTION AND TECHNOLOGIES,84433290,FALSE,TN,KL,business_gst,33ADTPA7888G2Z2,false,INR,1.000000000000,Compact 1,,,,,,Inventory Asset,,7900.00,TSC BARCODE LABEL PRINTER TL 240,99381000031630281,TL240,,,,,"DRAM 64MB/FLASH 16MB, USB 2.0, IN PRINTER
Printer Warranty: 1 year
Printer Head warranty: 25 kms or 6 Months whichever is earlier
Printer Power supply Warranty: 3 Months
Serial No : TL24T26110362, TL24T26110136, TL24T26110198,
TL24T26110302, TL24T26110340, TL24T26110334, TL24T26110358,
TL24T26110351, TL24T26110204, TL24T26110396, TL24T26110401,
TL24T26110227, TL24T26110333, TL24T26110379, TL24T26110168",15.00,0.00,0.00,0.00,nos,Cochin,entity_level,true,0.00,0.0,99381000000006196,IGST18,18.00,21330.00,ItemAmount,,goods,,,,118500.00,236708.00,0.00,Adjustment,0.00,0.000,,,,,,,,0,Due on Receipt,Cochin,C/O LOGIWIZ LOGISTICS INDIA PVT LTD,COCHIN,Kerala,India,683503,8803333444,,,,,,,,,,,,0.000,,,,,,,,,Shalima,Advance
99381000031630369,2026-07-24,99381000000098082,Cochin,,PO-00311,,Draft,RETAIL SOLUTION AND TECHNOLOGIES,84716050,FALSE,TN,KL,business_gst,33ADTPA7888G2Z2,false,INR,1.000000000000,Compact 1,,,,,,Inventory Asset,,2800.00,RETSOL BARCODE SCANNER 2D -PD200,99381000031630229,PD2000,,,,,"Barcode Scanner 2D
With usb
Serial Number(s): S251220000041, S251220000042, S251220000043,
S251220000044, S251220000045, S251220000046, S251220000047,
S251220000048, S251220000049, S251220000050, S251220000051,
S251220000052, S251220000053, S251220000054, S251220000055,
S251220000056, S251220000057, S251220000058, S251220000059,
S251220000060",20.00,0.00,0.00,0.00,nos,Cochin,entity_level,true,0.00,0.0,99381000000006196,IGST18,18.00,10080.00,ItemAmount,,goods,,,,56000.00,236708.00,0.00,Adjustment,0.00,0.000,,,,INR 5500.00,,,,0,Due on Receipt,Cochin,C/O LOGIWIZ LOGISTICS INDIA PVT LTD,COCHIN,Kerala,India,683503,8803333444,,,,,,,,,,,,0.000,,,,,,,,,Shalima,Advance
99381000031630369,2026-07-24,99381000000098082,Cochin,,PO-00311,,Draft,RETAIL SOLUTION AND TECHNOLOGIES,996819,FALSE,TN,KL,business_gst,33ADTPA7888G2Z2,false,INR,1.000000000000,Compact 1,,,,,,Cost of Goods Sold,,2600.00,Freight,99381000003152296,FREIGH,,,,,,1.00,0.00,0.00,0.00,Lumpsum,,entity_level,true,0.00,0.0,99381000000006196,IGST18,18.00,468.00,ItemAmount,,service,,,,2600.00,236708.00,0.00,Adjustment,0.00,0.000,,,,INR 1.00,,,,0,Due on Receipt,Cochin,C/O LOGIWIZ LOGISTICS INDIA PVT LTD,COCHIN,Kerala,India,683503,8803333444,,,,,,,,,,,,0.000,,,,,,,,,Shalima,Advance
