Quote Date,Quote ID,Quote Number,Quote Status,Customer ID,Branch Name,Expiry Date,PurchaseOrder,Currency Code,Exchange Rate,Discount Type,Is Discount Before Tax,Entity Discount Percent,Is Inclusive Tax,SubTotal,Total,Adjustment,Notes,Terms & Conditions,Customer Name,Place of Supply,Place of Supply(With State Code),GST Treatment,GST Identification Number (GSTIN),Is Export Without LUT/Bond,Tax Collected From Customer,Project Name,Project ID,Sales person,Billing Address,Billing City,Billing State,Billing Country,Billing Code,Billing Fax,Template Name,Adjustment Description,Shipping Address,Shipping City,Shipping State,Shipping Country,Shipping Code,Shipping Fax,Source,Reference ID,Last Sync Time,TCS Amount,Entity Discount Amount,TDS Name,TDS Section Code,TDS Section,TDS Percentage,TDS Amount,TCS Tax Name,TCS Percentage,Nature Of Collection,Shipping Charge,Shipping Charge Tax ID,Shipping Charge Tax Amount,Shipping Charge Tax Name,Shipping Charge Tax %,Shipping Charge Tax Type,Shipping Charge Tax Exemption Code,Shipping Charge SAC Code,Item Name,Item Desc,HSN/SAC,Quantity,Discount,Discount Amount,Item Tax Amount,Item Total,MRP,Is Tax Calculated on Label Price,Product ID,Account,SKU,UPC,MPN,EAN,ISBN,Usage unit,Item Price,Supply Type,Tax ID,Item Tax,Item Tax %,Item Tax Type,Reverse Charge Tax Name,Reverse Charge Tax Rate,Reverse Charge Tax Type,CGST Rate %,SGST Rate %,IGST Rate %,CESS Rate %,CGST(FCY),SGST(FCY),IGST(FCY),CESS(FCY),CGST,SGST,IGST,CESS,Item Tax Exemption Reason,Item Type,Loaction,Kit Combo Item Name,Item.CF.No of pcs in Master carton
2020-08-04,99381000001196010,EST001,sent,99381000000112170,Cochin,,,INR,1.00,entity_level,true,0.00,false,19655.00,19655.00,0.00,Looking forward for your business.,,MEEZAN ELECTRONIC SCALES PRIVATE LIMITED,32,32-Kerala,business_gst,32AAECM1277C1ZY,NO,NO,,,,,,Kerala,India,,,Standard Template,Adjustment,"8/308A Meezan Tower 
Calicut Road , Manjeri",MANJERI,Kerala,India,676121,,1,,,,0.000,,,,0.00,0.000,,,,0.00,,,,,,,,Stamping Expense 20 KG,,998729,23.00,0.00,0.0,0.00,3910.00,,FALSE,99381000000172016,Sales,SF20,,,,,nos,170.00,Zero Rated,99381000000006152,GST0,0.00,Tax Group,,,,0.00,0.00,0.00,0.00,0.00,0.00,0.00,0.00,0.00,0.00,0.00,0.00,,goods,,,
2020-08-04,99381000001196010,EST001,sent,99381000000112170,Cochin,,,INR,1.00,entity_level,true,0.00,false,19655.00,19655.00,0.00,Looking forward for your business.,,MEEZAN ELECTRONIC SCALES PRIVATE LIMITED,32,32-Kerala,business_gst,32AAECM1277C1ZY,NO,NO,,,,,,Kerala,India,,,Standard Template,Adjustment,"8/308A Meezan Tower 
Calicut Road , Manjeri",MANJERI,Kerala,India,676121,,1,,,,0.000,,,,0.00,0.000,,,,0.00,,,,,,,,Stamping Expense 30 kg,,998729,15.00,0.00,0.0,0.00,5025.00,,FALSE,99381000000186027,Sales,SF30,,,,,nos,335.00,Zero Rated,99381000000006152,GST0,0.00,Tax Group,,,,0.00,0.00,0.00,0.00,0.00,0.00,0.00,0.00,0.00,0.00,0.00,0.00,,goods,,,
2020-08-04,99381000001196010,EST001,sent,99381000000112170,Cochin,,,INR,1.00,entity_level,true,0.00,false,19655.00,19655.00,0.00,Looking forward for your business.,,MEEZAN ELECTRONIC SCALES PRIVATE LIMITED,32,32-Kerala,business_gst,32AAECM1277C1ZY,NO,NO,,,,,,Kerala,India,,,Standard Template,Adjustment,"8/308A Meezan Tower 
Calicut Road , Manjeri",MANJERI,Kerala,India,676121,,1,,,,0.000,,,,0.00,0.000,,,,0.00,,,,,,,,Stamping Expense 50 kg,,998729,32.00,0.00,0.0,0.00,10720.00,,FALSE,99381000000186036,Sales,SF50,,,,,nos,335.00,Zero Rated,99381000000006152,GST0,0.00,Tax Group,,,,0.00,0.00,0.00,0.00,0.00,0.00,0.00,0.00,0.00,0.00,0.00,0.00,,goods,,,
2020-08-04,99381000001197185,EST002,sent,99381000000017031,Cochin,,,INR,1.00,entity_level,true,0.00,false,13140.00,13140.00,0.00,Looking forward for your business.,This is an estimate of the machines stamping plates of the invoice YS912,EXATA BALANCE CO,32,32-Kerala,business_gst,32AAGFE6830Q1Z4,NO,NO,,,,"Muringathazham Road, Vattappara",Malappuram,Kerala,India,676552,,Standard Template,Adjustment,"Muringathazham Road, Vattappara",Malappuram,Kerala,India,676552,,1,,,,0.000,,,,0.00,0.000,,,,0.00,,,,,,,,Government Stamping Fee 20 KG,Serial No:TH13530 To TH13559,998729,30.00,0.00,0.0,0.00,5100.00,,FALSE,99381000000172016,Sales,SF20,,,,,nos,170.00,Zero Rated,99381000000006152,GST0,0.00,Tax Group,,,,0.00,0.00,0.00,0.00,0.00,0.00,0.00,0.00,0.00,0.00,0.00,0.00,,goods,,,
2020-08-04,99381000001197185,EST002,sent,99381000000017031,Cochin,,,INR,1.00,entity_level,true,0.00,false,13140.00,13140.00,0.00,Looking forward for your business.,This is an estimate of the machines stamping plates of the invoice YS912,EXATA BALANCE CO,32,32-Kerala,business_gst,32AAGFE6830Q1Z4,NO,NO,,,,"Muringathazham Road, Vattappara",Malappuram,Kerala,India,676552,,Standard Template,Adjustment,"Muringathazham Road, Vattappara",Malappuram,Kerala,India,676552,,1,,,,0.000,,,,0.00,0.000,,,,0.00,,,,,,,,Government Stamping Fee 50 kg,Serial No:TH13804 To TH13827,998729,24.00,0.00,0.0,0.00,8040.00,,FALSE,99381000000186036,Sales,SF50,,,,,nos,335.00,Zero Rated,99381000000006152,GST0,0.00,Tax Group,,,,0.00,0.00,0.00,0.00,0.00,0.00,0.00,0.00,0.00,0.00,0.00,0.00,,goods,,,
2020-08-05,99381000001205042,EST003,sent,99381000001137001,Cochin,,,INR,1.00,entity_level,true,0.00,false,8580.00,8580.00,0.00,Looking forward for your business.,This is an estimate of the machines stamping plates of the invoice YS928,AMANA INSTRUMENTS,32,32-Kerala,business_gst,32AVVPA5492J1Z7,NO,NO,,,,"Mukkam Road,
Pathanapuram",Malappuram,Kerala,India,673639,,Standard Template,Adjustment,"Mukkam Road,
Pathanapuram",Malappuram,Kerala,India,673639,,1,,,,0.000,,,,0.00,0.000,,,,0.00,,,,,,,,Government Stamping Fee 20 KG,Serial No:TG11610 To TG11624,998729,15.00,0.00,0.0,0.00,2550.00,,FALSE,99381000000172016,Sales,SF20,,,,,nos,170.00,Zero Rated,99381000000006152,GST0,0.00,Tax Group,,,,0.00,0.00,0.00,0.00,0.00,0.00,0.00,0.00,0.00,0.00,0.00,0.00,,goods,,,
2020-08-05,99381000001205042,EST003,sent,99381000001137001,Cochin,,,INR,1.00,entity_level,true,0.00,false,8580.00,8580.00,0.00,Looking forward for your business.,This is an estimate of the machines stamping plates of the invoice YS928,AMANA INSTRUMENTS,32,32-Kerala,business_gst,32AVVPA5492J1Z7,NO,NO,,,,"Mukkam Road,
Pathanapuram",Malappuram,Kerala,India,673639,,Standard Template,Adjustment,"Mukkam Road,
Pathanapuram",Malappuram,Kerala,India,673639,,1,,,,0.000,,,,0.00,0.000,,,,0.00,,,,,,,,Government Stamping Fee 30 kg,Serial No:TG11605 To TG11609,998729,5.00,0.00,0.0,0.00,1675.00,,FALSE,99381000000186027,Sales,SF30,,,,,nos,335.00,Zero Rated,99381000000006152,GST0,0.00,Tax Group,,,,0.00,0.00,0.00,0.00,0.00,0.00,0.00,0.00,0.00,0.00,0.00,0.00,,goods,,,
2020-08-05,99381000001205042,EST003,sent,99381000001137001,Cochin,,,INR,1.00,entity_level,true,0.00,false,8580.00,8580.00,0.00,Looking forward for your business.,This is an estimate of the machines stamping plates of the invoice YS928,AMANA INSTRUMENTS,32,32-Kerala,business_gst,32AVVPA5492J1Z7,NO,NO,,,,"Mukkam Road,
Pathanapuram",Malappuram,Kerala,India,673639,,Standard Template,Adjustment,"Mukkam Road,
Pathanapuram",Malappuram,Kerala,India,673639,,1,,,,0.000,,,,0.00,0.000,,,,0.00,,,,,,,,Government Stamping Fee 50 kg,Serial No:TG11546 To TG11553,998729,8.00,0.00,0.0,0.00,2680.00,,FALSE,99381000000186036,Sales,SF50,,,,,nos,335.00,Zero Rated,99381000000006152,GST0,0.00,Tax Group,,,,0.00,0.00,0.00,0.00,0.00,0.00,0.00,0.00,0.00,0.00,0.00,0.00,,goods,,,
2020-08-05,99381000001205042,EST003,sent,99381000001137001,Cochin,,,INR,1.00,entity_level,true,0.00,false,8580.00,8580.00,0.00,Looking forward for your business.,This is an estimate of the machines stamping plates of the invoice YS928,AMANA INSTRUMENTS,32,32-Kerala,business_gst,32AVVPA5492J1Z7,NO,NO,,,,"Mukkam Road,
Pathanapuram",Malappuram,Kerala,India,673639,,Standard Template,Adjustment,"Mukkam Road,
Pathanapuram",Malappuram,Kerala,India,673639,,1,,,,0.000,,,,0.00,0.000,,,,0.00,,,,,,,,Government Stamping Fee 100Kg,,998729,3.00,0.00,0.0,0.00,1005.00,,FALSE,99381000000663063,Sales,SF100,,,,,nos,335.00,Zero Rated,99381000000006152,GST0,0.00,Tax Group,,,,0.00,0.00,0.00,0.00,0.00,0.00,0.00,0.00,0.00,0.00,0.00,0.00,,goods,,,
2020-08-05,99381000001205042,EST003,sent,99381000001137001,Cochin,,,INR,1.00,entity_level,true,0.00,false,8580.00,8580.00,0.00,Looking forward for your business.,This is an estimate of the machines stamping plates of the invoice YS928,AMANA INSTRUMENTS,32,32-Kerala,business_gst,32AVVPA5492J1Z7,NO,NO,,,,"Mukkam Road,
Pathanapuram",Malappuram,Kerala,India,673639,,Standard Template,Adjustment,"Mukkam Road,
Pathanapuram",Malappuram,Kerala,India,673639,,1,,,,0.000,,,,0.00,0.000,,,,0.00,,,,,,,,Government Stamping Fee 200Kg,,998729,2.00,0.00,0.0,0.00,670.00,,FALSE,99381000000548508,Sales,SF200,,,,,nos,335.00,Zero Rated,99381000000006152,GST0,0.00,Tax Group,,,,0.00,0.00,0.00,0.00,0.00,0.00,0.00,0.00,0.00,0.00,0.00,0.00,,goods,,,
2020-08-05,99381000001205074,EST004,sent,99381000000011562,Cochin,,,INR,1.00,entity_level,true,0.00,false,5720.00,5720.00,0.00,Looking forward for your business.,This is an estimate of the machines stamping plates of the invoice YS916,THRASCO SOLUTIONS,32,32-Kerala,consumer,,NO,NO,,,,Tirur Road,Malappuram,kerala,,676102,,Standard Template,Adjustment,Tirur Road,Malappuram,kerala,,676102,,1,,,,0.000,,,,0.00,0.000,,,,0.00,,,,,,,,Government Stamping Fee 20 KG,Serial No:TH13585 To TH13594,998729,10.00,0.00,0.0,0.00,1700.00,,FALSE,99381000000172016,Sales,SF20,,,,,nos,170.00,Zero Rated,99381000000006152,GST0,0.00,Tax Group,,,,0.00,0.00,0.00,0.00,0.00,0.00,0.00,0.00,0.00,0.00,0.00,0.00,,goods,,,
2020-08-05,99381000001205074,EST004,sent,99381000000011562,Cochin,,,INR,1.00,entity_level,true,0.00,false,5720.00,5720.00,0.00,Looking forward for your business.,This is an estimate of the machines stamping plates of the invoice YS916,THRASCO SOLUTIONS,32,32-Kerala,consumer,,NO,NO,,,,Tirur Road,Malappuram,kerala,,676102,,Standard Template,Adjustment,Tirur Road,Malappuram,kerala,,676102,,1,,,,0.000,,,,0.00,0.000,,,,0.00,,,,,,,,Government Stamping Fee 50 kg,Serial No:TH13836 To TH13847,998729,12.00,0.00,0.0,0.00,4020.00,,FALSE,99381000000186036,Sales,SF50,,,,,nos,335.00,Zero Rated,99381000000006152,GST0,0.00,Tax Group,,,,0.00,0.00,0.00,0.00,0.00,0.00,0.00,0.00,0.00,0.00,0.00,0.00,,goods,,,
2020-08-05,99381000001205098,EST005,sent,99381000000385047,Cochin,,,INR,1.00,entity_level,true,0.00,false,6080.00,6080.00,0.00,Looking forward for your business.,This ie an estimate of the machines stamping plates of the invoice YS929,GOODWILL ENGINEERS CORPORATION,32,32-Kerala,business_gst,32AAKFG1445M1ZD,NO,NO,,,,14/498,Manjeri,Kerala,,676121,,Standard Template,Adjustment,14/498,Manjeri,Kerala,,676121,,1,,,,0.000,,,,0.00,0.000,,,,0.00,,,,,,,,Government Stamping Fee 20 KG,"Serial No:TG11542 To TG11544
                 TG11694 To TG11709 & TG11625",998729,20.00,0.00,0.0,0.00,3400.00,,FALSE,99381000000172016,Sales,SF20,,,,,nos,170.00,Zero Rated,99381000000006152,GST0,0.00,Tax Group,,,,0.00,0.00,0.00,0.00,0.00,0.00,0.00,0.00,0.00,0.00,0.00,0.00,,goods,,,
2020-08-05,99381000001205098,EST005,sent,99381000000385047,Cochin,,,INR,1.00,entity_level,true,0.00,false,6080.00,6080.00,0.00,Looking forward for your business.,This ie an estimate of the machines stamping plates of the invoice YS929,GOODWILL ENGINEERS CORPORATION,32,32-Kerala,business_gst,32AAKFG1445M1ZD,NO,NO,,,,14/498,Manjeri,Kerala,,676121,,Standard Template,Adjustment,14/498,Manjeri,Kerala,,676121,,1,,,,0.000,,,,0.00,0.000,,,,0.00,,,,,,,,Government Stamping Fee 50 kg,"Serial No:TG11554 To TG11556
                 TG11771 To TG11775",998729,8.00,0.00,0.0,0.00,2680.00,,FALSE,99381000000186036,Sales,SF50,,,,,nos,335.00,Zero Rated,99381000000006152,GST0,0.00,Tax Group,,,,0.00,0.00,0.00,0.00,0.00,0.00,0.00,0.00,0.00,0.00,0.00,0.00,,goods,,,
2020-08-05,99381000001205122,EST006,sent,99381000000014461,Cochin,,,INR,1.00,entity_level,true,0.00,false,6930.00,6930.00,0.00,Looking forward for your business.,This is an estimate of the machines stampingbplates of the invoice YS945,MASS TECHNOLOGY,32,32-Kerala,business_gst,32ATZPV7500Q1ZN,NO,NO,,,,MEETHALEKANDY COMPLEX,KOYILANDY,Kerala,India,673305,,Standard Template,Adjustment,MEETHALEKANDY COMPLEX,KOYILANDY,Kerala,India,673305,,1,,,,0.000,,,,0.00,0.000,,,,0.00,,,,,,,,Government Stamping Fee 20 KG,Serial No:TH13560 To TH13584,998729,25.00,0.00,0.0,0.00,4250.00,,FALSE,99381000000172016,Sales,SF20,,,,,nos,170.00,Zero Rated,99381000000006152,GST0,0.00,Tax Group,,,,0.00,0.00,0.00,0.00,0.00,0.00,0.00,0.00,0.00,0.00,0.00,0.00,,goods,,,
2020-08-05,99381000001205122,EST006,sent,99381000000014461,Cochin,,,INR,1.00,entity_level,true,0.00,false,6930.00,6930.00,0.00,Looking forward for your business.,This is an estimate of the machines stampingbplates of the invoice YS945,MASS TECHNOLOGY,32,32-Kerala,business_gst,32ATZPV7500Q1ZN,NO,NO,,,,MEETHALEKANDY COMPLEX,KOYILANDY,Kerala,India,673305,,Standard Template,Adjustment,MEETHALEKANDY COMPLEX,KOYILANDY,Kerala,India,673305,,1,,,,0.000,,,,0.00,0.000,,,,0.00,,,,,,,,Government Stamping Fee 50 kg,Serial No:TH13828 To TH13835,998729,8.00,0.00,0.0,0.00,2680.00,,FALSE,99381000000186036,Sales,SF50,,,,,nos,335.00,Zero Rated,99381000000006152,GST0,0.00,Tax Group,,,,0.00,0.00,0.00,0.00,0.00,0.00,0.00,0.00,0.00,0.00,0.00,0.00,,goods,,,
2020-08-05,99381000001205146,EST007,sent,99381000000011046,Cochin,,,INR,1.00,entity_level,true,0.00,false,11080.00,11080.00,0.00,Looking forward for your business.,This is an estimate of the machines stamping plates of the invoice YS915,GLOBAL DIGITAL SYSTEM,32,32-Kerala,consumer,,NO,NO,,,,Baris Complex,"Vengara, Malappuram",Kerala,,676304,,Standard Template,Adjustment,Baris Complex,"Vengara, Malappuram",Kerala,,676304,,1,,,,0.000,,,,0.00,0.000,,,,0.00,,,,,,,,Government Stamping Fee 30 kg,Serial No:TG11710 To TG11729,998729,20.00,0.00,0.0,0.00,6700.00,,FALSE,99381000000186027,Sales,SF30,,,,,nos,335.00,Zero Rated,99381000000006152,GST0,0.00,Tax Group,,,,0.00,0.00,0.00,0.00,0.00,0.00,0.00,0.00,0.00,0.00,0.00,0.00,,goods,,,
2020-08-05,99381000001205146,EST007,sent,99381000000011046,Cochin,,,INR,1.00,entity_level,true,0.00,false,11080.00,11080.00,0.00,Looking forward for your business.,This is an estimate of the machines stamping plates of the invoice YS915,GLOBAL DIGITAL SYSTEM,32,32-Kerala,consumer,,NO,NO,,,,Baris Complex,"Vengara, Malappuram",Kerala,,676304,,Standard Template,Adjustment,Baris Complex,"Vengara, Malappuram",Kerala,,676304,,1,,,,0.000,,,,0.00,0.000,,,,0.00,,,,,,,,Government Stamping Fee 20 KG,Serial No:TG11626 To TG11635,998729,10.00,0.00,0.0,0.00,1700.00,,FALSE,99381000000172016,Sales,SF20,,,,,nos,170.00,Zero Rated,99381000000006152,GST0,0.00,Tax Group,,,,0.00,0.00,0.00,0.00,0.00,0.00,0.00,0.00,0.00,0.00,0.00,0.00,,goods,,,
2020-08-05,99381000001205146,EST007,sent,99381000000011046,Cochin,,,INR,1.00,entity_level,true,0.00,false,11080.00,11080.00,0.00,Looking forward for your business.,This is an estimate of the machines stamping plates of the invoice YS915,GLOBAL DIGITAL SYSTEM,32,32-Kerala,consumer,,NO,NO,,,,Baris Complex,"Vengara, Malappuram",Kerala,,676304,,Standard Template,Adjustment,Baris Complex,"Vengara, Malappuram",Kerala,,676304,,1,,,,0.000,,,,0.00,0.000,,,,0.00,,,,,,,,Government Stamping Fee 50 kg,Serial No:TG11776 To TG11783,998729,8.00,0.00,0.0,0.00,2680.00,,FALSE,99381000000186036,Sales,SF50,,,,,nos,335.00,Zero Rated,99381000000006152,GST0,0.00,Tax Group,,,,0.00,0.00,0.00,0.00,0.00,0.00,0.00,0.00,0.00,0.00,0.00,0.00,,goods,,,
2020-08-06,99381000001205537,EST008,sent,99381000000940651,Cochin,,,INR,1.00,entity_level,true,0.00,false,7780.00,7780.00,0.00,Looking forward for your business.,This is an estimate of the machines stamping plates of the invoice YS918,MUDRA SCALE-KOZHIKODE,32,32-Kerala,business_gst,32BMNPR6553F1ZS,NO,NO,,,,"KP 15/153-B
Po. Pavandoor",Kozhikode,Kerala,India,673613,,Standard Template,Adjustment,"KP 15/153-B
Po. Pavandoor",Kozhikode,Kerala,India,673613,,1,,,,0.000,,,,0.00,0.000,,,,0.00,,,,,,,,Government Stamping Fee 20 KG,Serial No:TH13610 To TH13639,998729,30.00,0.00,0.0,0.00,5100.00,,FALSE,99381000000172016,Sales,SF20,,,,,nos,170.00,Zero Rated,99381000000006152,GST0,0.00,Tax Group,,,,0.00,0.00,0.00,0.00,0.00,0.00,0.00,0.00,0.00,0.00,0.00,0.00,,goods,,,
2020-08-06,99381000001205537,EST008,sent,99381000000940651,Cochin,,,INR,1.00,entity_level,true,0.00,false,7780.00,7780.00,0.00,Looking forward for your business.,This is an estimate of the machines stamping plates of the invoice YS918,MUDRA SCALE-KOZHIKODE,32,32-Kerala,business_gst,32BMNPR6553F1ZS,NO,NO,,,,"KP 15/153-B
Po. Pavandoor",Kozhikode,Kerala,India,673613,,Standard Template,Adjustment,"KP 15/153-B
Po. Pavandoor",Kozhikode,Kerala,India,673613,,1,,,,0.000,,,,0.00,0.000,,,,0.00,,,,,,,,Government Stamping Fee 50 kg,Serial No:TH13856 To TH13863,998729,8.00,0.00,0.0,0.00,2680.00,,FALSE,99381000000186036,Sales,SF50,,,,,nos,335.00,Zero Rated,99381000000006152,GST0,0.00,Tax Group,,,,0.00,0.00,0.00,0.00,0.00,0.00,0.00,0.00,0.00,0.00,0.00,0.00,,goods,,,
2020-08-06,99381000001205553,EST009,sent,99381000000126001,Cochin,,,INR,1.00,entity_level,true,0.00,false,5230.00,5230.00,0.00,Looking forward for your business.,This is an estimate of the machines stamping plates of the invoice YS927,YELLOW SCALES,32,32-Kerala,business_gst,32CPDPS6051P1ZG,NO,NO,,,,KUMBALAM JUNCTION,KOCHIN,KERALA,India,682506,,Standard Template,Adjustment,KUMBALAM JUNCTION,KOCHIN,KERALA,India,682506,,1,,,,0.000,,,,0.00,0.000,,,,0.00,,,,,,,,Government Stamping Fee 20 KG,Serial No:TH13595 To TH13609,998729,15.00,0.00,0.0,0.00,2550.00,,FALSE,99381000000172016,Sales,SF20,,,,,nos,170.00,Zero Rated,99381000000006152,GST0,0.00,Tax Group,,,,0.00,0.00,0.00,0.00,0.00,0.00,0.00,0.00,0.00,0.00,0.00,0.00,,goods,,,
2020-08-06,99381000001205553,EST009,sent,99381000000126001,Cochin,,,INR,1.00,entity_level,true,0.00,false,5230.00,5230.00,0.00,Looking forward for your business.,This is an estimate of the machines stamping plates of the invoice YS927,YELLOW SCALES,32,32-Kerala,business_gst,32CPDPS6051P1ZG,NO,NO,,,,KUMBALAM JUNCTION,KOCHIN,KERALA,India,682506,,Standard Template,Adjustment,KUMBALAM JUNCTION,KOCHIN,KERALA,India,682506,,1,,,,0.000,,,,0.00,0.000,,,,0.00,,,,,,,,Government Stamping Fee 50 kg,Serial No:TH13848 To TH13855,998729,8.00,0.00,0.0,0.00,2680.00,,FALSE,99381000000186036,Sales,SF50,,,,,nos,335.00,Zero Rated,99381000000006152,GST0,0.00,Tax Group,,,,0.00,0.00,0.00,0.00,0.00,0.00,0.00,0.00,0.00,0.00,0.00,0.00,,goods,,,
2020-08-06,99381000001205679,EST010,sent,99381000000151001,Cochin,,,INR,1.00,entity_level,true,0.00,false,27520.00,27520.00,0.00,Looking forward for your business.,,Dynamic Enterprises,32,32-Kerala,business_gst,32ATJPS7075B1ZN,NO,NO,,,,XIV/217C SUNRISE BUILDING,THRISSUR,Kerala,India,680121,,Standard Template,Adjustment,XIV/217 C SUNRISE BUILDING,THRISSUR,Kerala,India,680121,,1,,,,0.000,,,,0.00,0.000,,,,0.00,,,,,,,,Government Stamping Fee 20 KG,,998729,20.00,0.00,0.0,0.00,3400.00,,FALSE,99381000000172016,Sales,SF20,,,,,nos,170.00,Zero Rated,99381000000006152,GST0,0.00,Tax Group,,,,0.00,0.00,0.00,0.00,0.00,0.00,0.00,0.00,0.00,0.00,0.00,0.00,,goods,,,
2020-08-06,99381000001205679,EST010,sent,99381000000151001,Cochin,,,INR,1.00,entity_level,true,0.00,false,27520.00,27520.00,0.00,Looking forward for your business.,,Dynamic Enterprises,32,32-Kerala,business_gst,32ATJPS7075B1ZN,NO,NO,,,,XIV/217C SUNRISE BUILDING,THRISSUR,Kerala,India,680121,,Standard Template,Adjustment,XIV/217 C SUNRISE BUILDING,THRISSUR,Kerala,India,680121,,1,,,,0.000,,,,0.00,0.000,,,,0.00,,,,,,,,Government Stamping Fee 30 kg,Serial No:TH14444 To TH14463,998729,20.00,0.00,0.0,0.00,6700.00,,FALSE,99381000000186027,Sales,SF30,,,,,nos,335.00,Zero Rated,99381000000006152,GST0,0.00,Tax Group,,,,0.00,0.00,0.00,0.00,0.00,0.00,0.00,0.00,0.00,0.00,0.00,0.00,,goods,,,
2020-08-06,99381000001205679,EST010,sent,99381000000151001,Cochin,,,INR,1.00,entity_level,true,0.00,false,27520.00,27520.00,0.00,Looking forward for your business.,,Dynamic Enterprises,32,32-Kerala,business_gst,32ATJPS7075B1ZN,NO,NO,,,,XIV/217C SUNRISE BUILDING,THRISSUR,Kerala,India,680121,,Standard Template,Adjustment,XIV/217 C SUNRISE BUILDING,THRISSUR,Kerala,India,680121,,1,,,,0.000,,,,0.00,0.000,,,,0.00,,,,,,,,Government Stamping Fee 50 kg,,998729,44.00,0.00,0.0,0.00,14740.00,,FALSE,99381000000186036,Sales,SF50,,,,,nos,335.00,Zero Rated,99381000000006152,GST0,0.00,Tax Group,,,,0.00,0.00,0.00,0.00,0.00,0.00,0.00,0.00,0.00,0.00,0.00,0.00,,goods,,,
2020-08-06,99381000001205679,EST010,sent,99381000000151001,Cochin,,,INR,1.00,entity_level,true,0.00,false,27520.00,27520.00,0.00,Looking forward for your business.,,Dynamic Enterprises,32,32-Kerala,business_gst,32ATJPS7075B1ZN,NO,NO,,,,XIV/217C SUNRISE BUILDING,THRISSUR,Kerala,India,680121,,Standard Template,Adjustment,XIV/217 C SUNRISE BUILDING,THRISSUR,Kerala,India,680121,,1,,,,0.000,,,,0.00,0.000,,,,0.00,,,,,,,,Government Stamping Fee 100Kg,Serial No:TH14496 To TH14500,998729,8.00,0.00,0.0,0.00,2680.00,,FALSE,99381000000663063,Sales,SF100,,,,,nos,335.00,Zero Rated,99381000000006152,GST0,0.00,Tax Group,,,,0.00,0.00,0.00,0.00,0.00,0.00,0.00,0.00,0.00,0.00,0.00,0.00,,goods,,,
2020-08-06,99381000001205707,EST011,sent,99381000000014010,Cochin,,,INR,1.00,entity_level,true,0.00,false,6080.00,6080.00,0.00,Looking forward for your business.,This is an estimate of the machines stamping plates of the invoice YS926,SOUTHERN SCALE SERVICES,32,32-Kerala,business_gst,32AANFS5802P1ZR,NO,NO,,,,SOUTHERN SCALE SERVICES,"ENGLISH CHURCH ROAD, PALAKKAD",KERALA,INDIA,678014,,Standard Template,Adjustment,SOUTHERN SCALE SERVICES,"ENGLISH CHURCH ROAD, PALAKKAD",KERALA,INDIA,678014,,1,,,,0.000,,,,0.00,0.000,,,,0.00,,,,,,,,Government Stamping Fee 20 KG,Serial No:TH13640 To TH13659,998729,20.00,0.00,0.0,0.00,3400.00,,FALSE,99381000000172016,Sales,SF20,,,,,nos,170.00,Zero Rated,99381000000006152,GST0,0.00,Tax Group,,,,0.00,0.00,0.00,0.00,0.00,0.00,0.00,0.00,0.00,0.00,0.00,0.00,,goods,,,
2020-08-06,99381000001205707,EST011,sent,99381000000014010,Cochin,,,INR,1.00,entity_level,true,0.00,false,6080.00,6080.00,0.00,Looking forward for your business.,This is an estimate of the machines stamping plates of the invoice YS926,SOUTHERN SCALE SERVICES,32,32-Kerala,business_gst,32AANFS5802P1ZR,NO,NO,,,,SOUTHERN SCALE SERVICES,"ENGLISH CHURCH ROAD, PALAKKAD",KERALA,INDIA,678014,,Standard Template,Adjustment,SOUTHERN SCALE SERVICES,"ENGLISH CHURCH ROAD, PALAKKAD",KERALA,INDIA,678014,,1,,,,0.000,,,,0.00,0.000,,,,0.00,,,,,,,,Government Stamping Fee 50 kg,Serial No:TH13864 To TH13871,998729,8.00,0.00,0.0,0.00,2680.00,,FALSE,99381000000186036,Sales,SF50,,,,,nos,335.00,Zero Rated,99381000000006152,GST0,0.00,Tax Group,,,,0.00,0.00,0.00,0.00,0.00,0.00,0.00,0.00,0.00,0.00,0.00,0.00,,goods,,,
2020-08-06,99381000001215243,EST012,sent,99381000000575003,Cochin,,,INR,1.00,entity_level,true,0.00,false,3350.00,3350.00,0.00,Looking forward for your business.,,YESWEIGH TECHNOLOGIES PRIVATE LIMITED,32,32-Kerala,business_gst,32AABCY1984H1Z9,NO,NO,,,,"1ST FLOOR, No47/2170,
DOWN TOWN Complex,
Mangalore road,TALAP",kannur,Kerala,India,670002,,Standard Template,Adjustment,"1ST FLOOR, No47/2170,
DOWN TOWN Complex,
Mangalore road,TALAP",kannur,Kerala,India,670002,,1,,,,0.000,,,,0.00,0.000,,,,0.00,,,,,,,,Government Stamping Fee 50 kg,Serial No:TH13872 To TH13881,998729,10.00,0.00,0.0,0.00,3350.00,,FALSE,99381000000186036,Sales,SF50,,,,,nos,335.00,Zero Rated,99381000000006152,GST0,0.00,Tax Group,,,,0.00,0.00,0.00,0.00,0.00,0.00,0.00,0.00,0.00,0.00,0.00,0.00,,goods,,,
2020-08-06,99381000001215735,EST013,sent,99381000000084733,Cochin,,,INR,1.00,entity_level,true,0.00,false,22880.00,22880.00,0.00,Looking forward for your business.,This is an estimate of the machines stamping plates of the invoice YS909 & YS956,ELMASS SYSTEMS & SERVICES,32,32-Kerala,business_gst,32AACFE8918M1Z7,NO,NO,,,,"70/1955 /old 44/2214A5, Martin Eva Holy Tuesday Shopping Mall,
Banerji Road, Mathrubhoomi Jn.",Ernakulam,Kerala,India,682017,,Standard Template,Adjustment,"Souhruda Lane
Lissie Hospital Road",Ernakulam,Kerala,India,682018,,1,,,,0.000,,,,0.00,0.000,,,,0.00,,,,,,,,Government Stamping Fee 20 KG,Serial No:TH13660 To TH13699,998729,40.00,0.00,0.0,0.00,6800.00,,FALSE,99381000000172016,Sales,SF20,,,,,nos,170.00,Zero Rated,99381000000006152,GST0,0.00,Tax Group,,,,0.00,0.00,0.00,0.00,0.00,0.00,0.00,0.00,0.00,0.00,0.00,0.00,,goods,,,
2020-08-06,99381000001215735,EST013,sent,99381000000084733,Cochin,,,INR,1.00,entity_level,true,0.00,false,22880.00,22880.00,0.00,Looking forward for your business.,This is an estimate of the machines stamping plates of the invoice YS909 & YS956,ELMASS SYSTEMS & SERVICES,32,32-Kerala,business_gst,32AACFE8918M1Z7,NO,NO,,,,"70/1955 /old 44/2214A5, Martin Eva Holy Tuesday Shopping Mall,
Banerji Road, Mathrubhoomi Jn.",Ernakulam,Kerala,India,682017,,Standard Template,Adjustment,"Souhruda Lane
Lissie Hospital Road",Ernakulam,Kerala,India,682018,,1,,,,0.000,,,,0.00,0.000,,,,0.00,,,,,,,,Government Stamping Fee 50 kg,Serial No:TH13882 To TH13929,998729,48.00,0.00,0.0,0.00,16080.00,,FALSE,99381000000186036,Sales,SF50,,,,,nos,335.00,Zero Rated,99381000000006152,GST0,0.00,Tax Group,,,,0.00,0.00,0.00,0.00,0.00,0.00,0.00,0.00,0.00,0.00,0.00,0.00,,goods,,,
2020-08-11,99381000001230432,EST015,sent,99381000000017088,Cochin,,,INR,1.00,entity_level,true,0.00,false,5230.00,5230.00,0.00,Looking forward for your business.,This is an estimate of the  machines stamping plates of the invoice YS938,ALFA SYSTEMS-CHALAKKUDY,32,32-Kerala,business_gst,32BSHPK8953L1Z8,NO,NO,,,,"6/721B, Murikkingal Road, Pallikunnu,
Kodaly,",THRISSUR,KERALA,India,680699,,Standard Template,Adjustment,"6/721B, Murikkingal Road,
Pallikkunnu, Koday",THRISSUR,KERALA,India,680699,,1,,,,0.000,,,,0.00,0.000,,,,0.00,,,,,,,,Government Stamping Fee 20 KG,Serial No:TH13700 To TH13714,998729,15.00,0.00,0.0,0.00,2550.00,,FALSE,99381000000172016,Sales,SF20,,,,,nos,170.00,Zero Rated,99381000000006152,GST0,0.00,Tax Group,,,,0.00,0.00,0.00,0.00,0.00,0.00,0.00,0.00,0.00,0.00,0.00,0.00,,goods,,,
2020-08-11,99381000001230432,EST015,sent,99381000000017088,Cochin,,,INR,1.00,entity_level,true,0.00,false,5230.00,5230.00,0.00,Looking forward for your business.,This is an estimate of the  machines stamping plates of the invoice YS938,ALFA SYSTEMS-CHALAKKUDY,32,32-Kerala,business_gst,32BSHPK8953L1Z8,NO,NO,,,,"6/721B, Murikkingal Road, Pallikunnu,
Kodaly,",THRISSUR,KERALA,India,680699,,Standard Template,Adjustment,"6/721B, Murikkingal Road,
Pallikkunnu, Koday",THRISSUR,KERALA,India,680699,,1,,,,0.000,,,,0.00,0.000,,,,0.00,,,,,,,,Government Stamping Fee 50 kg,Serial No:TH13930 To TH13937,998729,8.00,0.00,0.0,0.00,2680.00,,FALSE,99381000000186036,Sales,SF50,,,,,nos,335.00,Zero Rated,99381000000006152,GST0,0.00,Tax Group,,,,0.00,0.00,0.00,0.00,0.00,0.00,0.00,0.00,0.00,0.00,0.00,0.00,,goods,,,
2020-08-12,99381000001241157,EST016,sent,99381000000231096,Cochin,,,INR,1.00,entity_level,true,0.00,false,5050.00,5050.00,0.00,Looking forward for your business.,,Victory Scales,32,32-Kerala,business_gst,32AAAAV1247P1ZC,NO,NO,,,,"M/s Victory Scales
CSI Ascension Square, Below ICICI Bank","Kottayam,",Kerala,India,686002,,Standard Template,Adjustment,"M/s Victory Scales
CSI Ascension Square, Below ICICI Bank","Kottayam,",Kerala,India,686002,,1,,,,0.000,,,,0.00,0.000,,,,0.00,,,,,,,,Government Stamping Fee 20 KG,Serial No:TH13715 To TH13724,998729,10.00,0.00,0.0,0.00,1700.00,,FALSE,99381000000172016,Sales,SF20,,,,,nos,170.00,Zero Rated,99381000000006152,GST0,0.00,Tax Group,,,,0.00,0.00,0.00,0.00,0.00,0.00,0.00,0.00,0.00,0.00,0.00,0.00,,goods,,,
2020-08-12,99381000001241157,EST016,sent,99381000000231096,Cochin,,,INR,1.00,entity_level,true,0.00,false,5050.00,5050.00,0.00,Looking forward for your business.,,Victory Scales,32,32-Kerala,business_gst,32AAAAV1247P1ZC,NO,NO,,,,"M/s Victory Scales
CSI Ascension Square, Below ICICI Bank","Kottayam,",Kerala,India,686002,,Standard Template,Adjustment,"M/s Victory Scales
CSI Ascension Square, Below ICICI Bank","Kottayam,",Kerala,India,686002,,1,,,,0.000,,,,0.00,0.000,,,,0.00,,,,,,,,Government Stamping Fee 50 kg,Serial No:TH13938 To TH13947,998729,10.00,0.00,0.0,0.00,3350.00,,FALSE,99381000000186036,Sales,SF50,,,,,nos,335.00,Zero Rated,99381000000006152,GST0,0.00,Tax Group,,,,0.00,0.00,0.00,0.00,0.00,0.00,0.00,0.00,0.00,0.00,0.00,0.00,,goods,,,
2020-08-13,99381000001244021,EST017,sent,99381000000112170,Cochin,,,INR,1.00,entity_level,true,0.00,false,19690.00,19690.00,0.00,Looking forward for your business.,,MEEZAN ELECTRONIC SCALES PRIVATE LIMITED,32,32-Kerala,business_gst,32AAECM1277C1ZY,NO,NO,,,,"8/308A Meezan Tower 
Calicut Road , Manjeri",MANJERI,Kerala,India,676121,,Standard Template,Adjustment,"8/308A Meezan Tower 
Calicut Road , Manjeri",MANJERI,Kerala,India,676121,,1,,,,0.000,,,,0.00,0.000,,,,0.00,,,,,,,,Government Stamping Fee 30 kg,Serial No:TH14394 To TH14423,998729,20.00,0.00,0.0,0.00,6700.00,,FALSE,99381000000186027,Sales,SF30,,,,,nos,335.00,Zero Rated,99381000000006152,GST0,0.00,Tax Group,,,,0.00,0.00,0.00,0.00,0.00,0.00,0.00,0.00,0.00,0.00,0.00,0.00,,goods,,,
2020-08-13,99381000001244021,EST017,sent,99381000000112170,Cochin,,,INR,1.00,entity_level,true,0.00,false,19690.00,19690.00,0.00,Looking forward for your business.,,MEEZAN ELECTRONIC SCALES PRIVATE LIMITED,32,32-Kerala,business_gst,32AAECM1277C1ZY,NO,NO,,,,"8/308A Meezan Tower 
Calicut Road , Manjeri",MANJERI,Kerala,India,676121,,Standard Template,Adjustment,"8/308A Meezan Tower 
Calicut Road , Manjeri",MANJERI,Kerala,India,676121,,1,,,,0.000,,,,0.00,0.000,,,,0.00,,,,,,,,Government Stamping Fee 300kg,Serial No:TG11799 & TG11800,998729,2.00,0.00,0.0,0.00,830.00,,FALSE,99381000000548525,Sales,SF300,,,,,nos,415.00,Zero Rated,99381000000006152,GST0,0.00,Tax Group,,,,0.00,0.00,0.00,0.00,0.00,0.00,0.00,0.00,0.00,0.00,0.00,0.00,,goods,,,
2020-08-13,99381000001244021,EST017,sent,99381000000112170,Cochin,,,INR,1.00,entity_level,true,0.00,false,19690.00,19690.00,0.00,Looking forward for your business.,,MEEZAN ELECTRONIC SCALES PRIVATE LIMITED,32,32-Kerala,business_gst,32AAECM1277C1ZY,NO,NO,,,,"8/308A Meezan Tower 
Calicut Road , Manjeri",MANJERI,Kerala,India,676121,,Standard Template,Adjustment,"8/308A Meezan Tower 
Calicut Road , Manjeri",MANJERI,Kerala,India,676121,,1,,,,0.000,,,,0.00,0.000,,,,0.00,,,,,,,,Government Stamping Fee 100Kg,Serial No:TH14494 & TH14495,998729,2.00,0.00,0.0,0.00,670.00,,FALSE,99381000000663063,Sales,SF100,,,,,nos,335.00,Zero Rated,99381000000006152,GST0,0.00,Tax Group,,,,0.00,0.00,0.00,0.00,0.00,0.00,0.00,0.00,0.00,0.00,0.00,0.00,,goods,,,
2020-08-13,99381000001244021,EST017,sent,99381000000112170,Cochin,,,INR,1.00,entity_level,true,0.00,false,19690.00,19690.00,0.00,Looking forward for your business.,,MEEZAN ELECTRONIC SCALES PRIVATE LIMITED,32,32-Kerala,business_gst,32AAECM1277C1ZY,NO,NO,,,,"8/308A Meezan Tower 
Calicut Road , Manjeri",MANJERI,Kerala,India,676121,,Standard Template,Adjustment,"8/308A Meezan Tower 
Calicut Road , Manjeri",MANJERI,Kerala,India,676121,,1,,,,0.000,,,,0.00,0.000,,,,0.00,,,,,,,,Government Stamping Fee 200Kg,Serial No:TH14509 To TH14512,998729,4.00,0.00,0.0,0.00,1340.00,,FALSE,99381000000548508,Sales,SF200,,,,,nos,335.00,Zero Rated,99381000000006152,GST0,0.00,Tax Group,,,,0.00,0.00,0.00,0.00,0.00,0.00,0.00,0.00,0.00,0.00,0.00,0.00,,goods,,,
2020-08-13,99381000001244021,EST017,sent,99381000000112170,Cochin,,,INR,1.00,entity_level,true,0.00,false,19690.00,19690.00,0.00,Looking forward for your business.,,MEEZAN ELECTRONIC SCALES PRIVATE LIMITED,32,32-Kerala,business_gst,32AAECM1277C1ZY,NO,NO,,,,"8/308A Meezan Tower 
Calicut Road , Manjeri",MANJERI,Kerala,India,676121,,Standard Template,Adjustment,"8/308A Meezan Tower 
Calicut Road , Manjeri",MANJERI,Kerala,India,676121,,1,,,,0.000,,,,0.00,0.000,,,,0.00,,,,,,,,Government Stamping Fee 50 kg,Serial No:TH13948 To TH13957,998729,10.00,0.00,0.0,0.00,3350.00,,FALSE,99381000000186036,Sales,SF50,,,,,nos,335.00,Zero Rated,99381000000006152,GST0,0.00,Tax Group,,,,0.00,0.00,0.00,0.00,0.00,0.00,0.00,0.00,0.00,0.00,0.00,0.00,,goods,,,
2020-08-13,99381000001244021,EST017,sent,99381000000112170,Cochin,,,INR,1.00,entity_level,true,0.00,false,19690.00,19690.00,0.00,Looking forward for your business.,,MEEZAN ELECTRONIC SCALES PRIVATE LIMITED,32,32-Kerala,business_gst,32AAECM1277C1ZY,NO,NO,,,,"8/308A Meezan Tower 
Calicut Road , Manjeri",MANJERI,Kerala,India,676121,,Standard Template,Adjustment,"8/308A Meezan Tower 
Calicut Road , Manjeri",MANJERI,Kerala,India,676121,,1,,,,0.000,,,,0.00,0.000,,,,0.00,,,,,,,,Government Stamping Fee 20 KG,Serial No:TH13725 To TH13764,998729,40.00,0.00,0.0,0.00,6800.00,,FALSE,99381000000172016,Sales,SF20,,,,,nos,170.00,Zero Rated,99381000000006152,GST0,0.00,Tax Group,,,,0.00,0.00,0.00,0.00,0.00,0.00,0.00,0.00,0.00,0.00,0.00,0.00,,goods,,,
2020-08-13,99381000001247397,EST018,sent,99381000000231096,Cochin,,,INR,1.00,entity_level,true,0.00,false,4355.00,4355.00,0.00,Looking forward for your business.,,Victory Scales,32,32-Kerala,business_gst,32AAAAV1247P1ZC,NO,NO,,,,"M/s Victory Scales
CSI Ascension Square, Below ICICI Bank","Kottayam,",Kerala,India,686002,,Standard Template,Adjustment,"M/s Victory Scales
CSI Ascension Square, Below ICICI Bank","Kottayam,",Kerala,India,686002,,1,,,,0.000,,,,0.00,0.000,,,,0.00,,,,,,,,Government Stamping Fee 30 kg,Serial No:TH14478 To TH14487,998729,10.00,0.00,0.0,0.00,3350.00,,FALSE,99381000000186027,Sales,SF30,,,,,nos,335.00,Zero Rated,99381000000006152,GST0,0.00,Tax Group,,,,0.00,0.00,0.00,0.00,0.00,0.00,0.00,0.00,0.00,0.00,0.00,0.00,,goods,,,
2020-08-13,99381000001247397,EST018,sent,99381000000231096,Cochin,,,INR,1.00,entity_level,true,0.00,false,4355.00,4355.00,0.00,Looking forward for your business.,,Victory Scales,32,32-Kerala,business_gst,32AAAAV1247P1ZC,NO,NO,,,,"M/s Victory Scales
CSI Ascension Square, Below ICICI Bank","Kottayam,",Kerala,India,686002,,Standard Template,Adjustment,"M/s Victory Scales
CSI Ascension Square, Below ICICI Bank","Kottayam,",Kerala,India,686002,,1,,,,0.000,,,,0.00,0.000,,,,0.00,,,,,,,,Government Stamping Fee 200Kg,Serial No:TH14516 To TH14518,998729,3.00,0.00,0.0,0.00,1005.00,,FALSE,99381000000548508,Sales,SF200,,,,,nos,335.00,Zero Rated,99381000000006152,GST0,0.00,Tax Group,,,,0.00,0.00,0.00,0.00,0.00,0.00,0.00,0.00,0.00,0.00,0.00,0.00,,goods,,,
2020-08-13,99381000001247421,EST019,sent,99381000000151001,Cochin,,,INR,1.00,entity_level,true,0.00,false,1340.00,1340.00,0.00,Looking forward for your business.,,Dynamic Enterprises,32,32-Kerala,business_gst,32ATJPS7075B1ZN,NO,NO,,,,XIV/217C SUNRISE BUILDING,THRISSUR,Kerala,India,680121,,Standard Template,Adjustment,XIV/217 C SUNRISE BUILDING,THRISSUR,Kerala,India,680121,,1,,,,0.000,,,,0.00,0.000,,,,0.00,,,,,,,,Government Stamping Fee 30 kg,Serial No:TH14464 To TH14467,998729,4.00,0.00,0.0,0.00,1340.00,,FALSE,99381000000186027,Sales,SF30,,,,,nos,335.00,Zero Rated,99381000000006152,GST0,0.00,Tax Group,,,,0.00,0.00,0.00,0.00,0.00,0.00,0.00,0.00,0.00,0.00,0.00,0.00,,goods,,,
2020-08-17,99381000001265001,EST020,sent,99381000001137001,Cochin,,,INR,1.00,entity_level,true,0.00,false,11750.00,11750.00,0.00,Looking forward for your business.,,AMANA INSTRUMENTS,32,32-Kerala,business_gst,32AVVPA5492J1Z7,NO,NO,,,,"Mukkam Road,
Pathanapuram",Malappuram,Kerala,India,673639,,Standard Template,Adjustment,"Mukkam Road,
Pathanapuram",Malappuram,Kerala,India,673639,,1,,,,0.000,,,,0.00,0.000,,,,0.00,,,,,,,,Government Stamping Fee 20 KG,"Serial No:TG11641 To TG11644
                TG11665 To TG11670",998729,10.00,0.00,0.0,0.00,1700.00,,FALSE,99381000000172016,Sales,SF20,,,,,nos,170.00,Zero Rated,99381000000006152,GST0,0.00,Tax Group,,,,0.00,0.00,0.00,0.00,0.00,0.00,0.00,0.00,0.00,0.00,0.00,0.00,,goods,,,
2020-08-17,99381000001265001,EST020,sent,99381000001137001,Cochin,,,INR,1.00,entity_level,true,0.00,false,11750.00,11750.00,0.00,Looking forward for your business.,,AMANA INSTRUMENTS,32,32-Kerala,business_gst,32AVVPA5492J1Z7,NO,NO,,,,"Mukkam Road,
Pathanapuram",Malappuram,Kerala,India,673639,,Standard Template,Adjustment,"Mukkam Road,
Pathanapuram",Malappuram,Kerala,India,673639,,1,,,,0.000,,,,0.00,0.000,,,,0.00,,,,,,,,Government Stamping Fee 50 kg,Serial No:TH13958 To TH13987,998729,30.00,0.00,0.0,0.00,10050.00,,FALSE,99381000000186036,Sales,SF50,,,,,nos,335.00,Zero Rated,99381000000006152,GST0,0.00,Tax Group,,,,0.00,0.00,0.00,0.00,0.00,0.00,0.00,0.00,0.00,0.00,0.00,0.00,,goods,,,
2020-08-17,99381000001265327,EST021,sent,99381000000014010,Cochin,,,INR,1.00,entity_level,true,0.00,false,850.00,850.00,0.00,Looking forward for your business.,This is an estimate of the machines stamping plates of the invoice YS...,SOUTHERN SCALE SERVICES,32,32-Kerala,business_gst,32AANFS5802P1ZR,NO,NO,,,,SOUTHERN SCALE SERVICES,"ENGLISH CHURCH ROAD, PALAKKAD",KERALA,INDIA,678014,,Standard Template,Adjustment,SOUTHERN SCALE SERVICES,"ENGLISH CHURCH ROAD, PALAKKAD",KERALA,INDIA,678014,,1,,,,0.000,,,,0.00,0.000,,,,0.00,,,,,,,,Government Stamping Fee 20 KG,Serial No:TG11636 To TG11640,998729,5.00,0.00,0.0,0.00,850.00,,FALSE,99381000000172016,Sales,SF20,,,,,nos,170.00,Zero Rated,99381000000006152,GST0,0.00,Tax Group,,,,0.00,0.00,0.00,0.00,0.00,0.00,0.00,0.00,0.00,0.00,0.00,0.00,,goods,,,
2020-08-17,99381000001265349,EST022,sent,99381000000575003,Cochin,,,INR,1.00,entity_level,true,0.00,false,3350.00,3350.00,0.00,Looking forward for your business.,,YESWEIGH TECHNOLOGIES PRIVATE LIMITED,32,32-Kerala,business_gst,32AABCY1984H1Z9,NO,NO,,,,"1ST FLOOR, No47/2170,
DOWN TOWN Complex,
Mangalore road,TALAP",kannur,Kerala,India,670002,,Standard Template,Adjustment,"1ST FLOOR, No47/2170,
DOWN TOWN Complex,
Mangalore road,TALAP",kannur,Kerala,India,670002,,1,,,,0.000,,,,0.00,0.000,,,,0.00,,,,,,,,Government Stamping Fee 30 kg,Serial No:TH14468 To TH14477,998729,10.00,0.00,0.0,0.00,3350.00,,FALSE,99381000000186027,Sales,SF30,,,,,nos,335.00,Zero Rated,99381000000006152,GST0,0.00,Tax Group,,,,0.00,0.00,0.00,0.00,0.00,0.00,0.00,0.00,0.00,0.00,0.00,0.00,,goods,,,
2020-08-17,99381000001265439,EST023,sent,99381000000084733,Cochin,,,INR,1.00,entity_level,true,0.00,false,8710.00,8710.00,0.00,Looking forward for your business.,,ELMASS SYSTEMS & SERVICES,32,32-Kerala,business_gst,32AACFE8918M1Z7,NO,NO,,,,"70/1955 /old 44/2214A5, Martin Eva Holy Tuesday Shopping Mall,
Banerji Road, Mathrubhoomi Jn.",Ernakulam,Kerala,India,682017,,Standard Template,Adjustment,"Souhruda Lane
Lissie Hospital Road",Ernakulam,Kerala,India,682018,,1,,,,0.000,,,,0.00,0.000,,,,0.00,,,,,,,,Government Stamping Fee 30 kg,Serial No:TH14424 To TH14443,998729,20.00,0.00,0.0,0.00,6700.00,,FALSE,99381000000186027,Sales,SF30,,,,,nos,335.00,Zero Rated,99381000000006152,GST0,0.00,Tax Group,,,,0.00,0.00,0.00,0.00,0.00,0.00,0.00,0.00,0.00,0.00,0.00,0.00,,goods,,,
2020-08-17,99381000001265439,EST023,sent,99381000000084733,Cochin,,,INR,1.00,entity_level,true,0.00,false,8710.00,8710.00,0.00,Looking forward for your business.,,ELMASS SYSTEMS & SERVICES,32,32-Kerala,business_gst,32AACFE8918M1Z7,NO,NO,,,,"70/1955 /old 44/2214A5, Martin Eva Holy Tuesday Shopping Mall,
Banerji Road, Mathrubhoomi Jn.",Ernakulam,Kerala,India,682017,,Standard Template,Adjustment,"Souhruda Lane
Lissie Hospital Road",Ernakulam,Kerala,India,682018,,1,,,,0.000,,,,0.00,0.000,,,,0.00,,,,,,,,Government Stamping Fee 100Kg,Serial No:TH14501 To TH14503,998729,3.00,0.00,0.0,0.00,1005.00,,FALSE,99381000000663063,Sales,SF100,,,,,nos,335.00,Zero Rated,99381000000006152,GST0,0.00,Tax Group,,,,0.00,0.00,0.00,0.00,0.00,0.00,0.00,0.00,0.00,0.00,0.00,0.00,,goods,,,
2020-08-17,99381000001265439,EST023,sent,99381000000084733,Cochin,,,INR,1.00,entity_level,true,0.00,false,8710.00,8710.00,0.00,Looking forward for your business.,,ELMASS SYSTEMS & SERVICES,32,32-Kerala,business_gst,32AACFE8918M1Z7,NO,NO,,,,"70/1955 /old 44/2214A5, Martin Eva Holy Tuesday Shopping Mall,
Banerji Road, Mathrubhoomi Jn.",Ernakulam,Kerala,India,682017,,Standard Template,Adjustment,"Souhruda Lane
Lissie Hospital Road",Ernakulam,Kerala,India,682018,,1,,,,0.000,,,,0.00,0.000,,,,0.00,,,,,,,,Government Stamping Fee 200Kg,Serial No:TH14513 To TH14515,998729,3.00,0.00,0.0,0.00,1005.00,,FALSE,99381000000548508,Sales,SF200,,,,,nos,335.00,Zero Rated,99381000000006152,GST0,0.00,Tax Group,,,,0.00,0.00,0.00,0.00,0.00,0.00,0.00,0.00,0.00,0.00,0.00,0.00,,goods,,,
2020-08-18,99381000001273353,EST024,sent,99381000000643560,Cochin,,,INR,1.00,entity_level,true,0.00,false,5425.00,5425.00,0.00,Looking forward for your business.,,SPIDER TECHNO SOFT,32,32-Kerala,business_gst,32ANEPM6767D1Z1,NO,NO,,,,,,,India,682020,,Standard Template,Adjustment,,Ernakulam,KERALA,,  682020,,1,,,,0.000,,,,0.00,0.000,,,,0.00,,,,,,,,Government Stamping Fee 30 kg,"Serial No:TH14488 To TH14493
                TH14713 To TH14716",998729,10.00,0.00,0.0,0.00,3350.00,,FALSE,99381000000186027,Sales,SF30,,,,,nos,335.00,Zero Rated,99381000000006152,GST0,0.00,Tax Group,,,,0.00,0.00,0.00,0.00,0.00,0.00,0.00,0.00,0.00,0.00,0.00,0.00,,goods,,,
2020-08-18,99381000001273353,EST024,sent,99381000000643560,Cochin,,,INR,1.00,entity_level,true,0.00,false,5425.00,5425.00,0.00,Looking forward for your business.,,SPIDER TECHNO SOFT,32,32-Kerala,business_gst,32ANEPM6767D1Z1,NO,NO,,,,,,,India,682020,,Standard Template,Adjustment,,Ernakulam,KERALA,,  682020,,1,,,,0.000,,,,0.00,0.000,,,,0.00,,,,,,,,Government Stamping Fee 300kg,,998729,5.00,0.00,0.0,0.00,2075.00,,FALSE,99381000000548525,Sales,SF300,,,,,nos,415.00,Zero Rated,99381000000006152,GST0,0.00,Tax Group,,,,0.00,0.00,0.00,0.00,0.00,0.00,0.00,0.00,0.00,0.00,0.00,0.00,,goods,,,
2020-08-18,99381000001273737,EST025,sent,99381000000112170,Cochin,,,INR,1.00,entity_level,true,0.00,false,3765.00,3765.00,0.00,Looking forward for your business.,,MEEZAN ELECTRONIC SCALES PRIVATE LIMITED,32,32-Kerala,business_gst,32AAECM1277C1ZY,NO,NO,,,,"8/308A Meezan Tower 
Calicut Road , Manjeri",MANJERI,Kerala,India,676121,,Standard Template,Adjustment,"8/308A Meezan Tower 
Calicut Road , Manjeri",MANJERI,Kerala,India,676121,,1,,,,0.000,,,,0.00,0.000,,,,0.00,,,,,,,,Government Stamping Fee 50 kg,Serial No:TH13988 To TH13997,998729,10.00,0.00,0.0,0.00,3350.00,,FALSE,99381000000186036,Sales,SF50,,,,,nos,335.00,Zero Rated,99381000000006152,GST0,0.00,Tax Group,,,,0.00,0.00,0.00,0.00,0.00,0.00,0.00,0.00,0.00,0.00,0.00,0.00,,goods,,,
2020-08-18,99381000001273737,EST025,sent,99381000000112170,Cochin,,,INR,1.00,entity_level,true,0.00,false,3765.00,3765.00,0.00,Looking forward for your business.,,MEEZAN ELECTRONIC SCALES PRIVATE LIMITED,32,32-Kerala,business_gst,32AAECM1277C1ZY,NO,NO,,,,"8/308A Meezan Tower 
Calicut Road , Manjeri",MANJERI,Kerala,India,676121,,Standard Template,Adjustment,"8/308A Meezan Tower 
Calicut Road , Manjeri",MANJERI,Kerala,India,676121,,1,,,,0.000,,,,0.00,0.000,,,,0.00,,,,,,,,Government Stamping Fee 300kg,Serial No:TG11801,998729,1.00,0.00,0.0,0.00,415.00,,FALSE,99381000000548525,Sales,SF300,,,,,nos,415.00,Zero Rated,99381000000006152,GST0,0.00,Tax Group,,,,0.00,0.00,0.00,0.00,0.00,0.00,0.00,0.00,0.00,0.00,0.00,0.00,,goods,,,
2020-08-19,99381000001275966,EST026,sent,99381000000575003,Cochin,,,INR,1.00,entity_level,true,0.00,false,5050.00,5050.00,0.00,Looking forward for your business.,,YESWEIGH TECHNOLOGIES PRIVATE LIMITED,32,32-Kerala,business_gst,32AABCY1984H1Z9,NO,NO,,,,"1ST FLOOR, No47/2170,
DOWN TOWN Complex,
Mangalore road,TALAP",kannur,Kerala,India,670002,,Standard Template,Adjustment,"1ST FLOOR, No47/2170,
DOWN TOWN Complex,
Mangalore road,TALAP",kannur,Kerala,India,670002,,1,,,,0.000,,,,0.00,0.000,,,,0.00,,,,,,,,Government Stamping Fee 20 KG,Serial No:TH14369 To TH14378,998729,10.00,0.00,0.0,0.00,1700.00,,FALSE,99381000000172016,Sales,SF20,,,,,nos,170.00,Zero Rated,99381000000006152,GST0,0.00,Tax Group,,,,0.00,0.00,0.00,0.00,0.00,0.00,0.00,0.00,0.00,0.00,0.00,0.00,,goods,,,
2020-08-19,99381000001275966,EST026,sent,99381000000575003,Cochin,,,INR,1.00,entity_level,true,0.00,false,5050.00,5050.00,0.00,Looking forward for your business.,,YESWEIGH TECHNOLOGIES PRIVATE LIMITED,32,32-Kerala,business_gst,32AABCY1984H1Z9,NO,NO,,,,"1ST FLOOR, No47/2170,
DOWN TOWN Complex,
Mangalore road,TALAP",kannur,Kerala,India,670002,,Standard Template,Adjustment,"1ST FLOOR, No47/2170,
DOWN TOWN Complex,
Mangalore road,TALAP",kannur,Kerala,India,670002,,1,,,,0.000,,,,0.00,0.000,,,,0.00,,,,,,,,Government Stamping Fee 50 kg,Serial No:TH13998 To TH14007,998729,10.00,0.00,0.0,0.00,3350.00,,FALSE,99381000000186036,Sales,SF50,,,,,nos,335.00,Zero Rated,99381000000006152,GST0,0.00,Tax Group,,,,0.00,0.00,0.00,0.00,0.00,0.00,0.00,0.00,0.00,0.00,0.00,0.00,,goods,,,
2020-08-19,99381000001275994,EST027,sent,99381000000017031,Cochin,,,INR,1.00,entity_level,true,0.00,false,10200.00,10200.00,0.00,Looking forward for your business.,,EXATA BALANCE CO,32,32-Kerala,business_gst,32AAGFE6830Q1Z4,NO,NO,,,,"Muringathazham Road, Vattappara",Malappuram,Kerala,India,676552,,Standard Template,Adjustment,"Muringathazham Road, Vattappara",Malappuram,Kerala,India,676552,,1,,,,0.000,,,,0.00,0.000,,,,0.00,,,,,,,,Government Stamping Fee 20 KG,"Serial No:TH13765 To TH13779
                TH14324 To TH14368",998729,60.00,0.00,0.0,0.00,10200.00,,FALSE,99381000000172016,Sales,SF20,,,,,nos,170.00,Zero Rated,99381000000006152,GST0,0.00,Tax Group,,,,0.00,0.00,0.00,0.00,0.00,0.00,0.00,0.00,0.00,0.00,0.00,0.00,,goods,,,
2020-08-20,99381000001282328,EST028,sent,99381000000017031,Cochin,,,INR,1.00,entity_level,true,0.00,false,670.00,670.00,0.00,Looking forward for your business.,,EXATA BALANCE CO,32,32-Kerala,business_gst,32AAGFE6830Q1Z4,NO,NO,,,,"Muringathazham Road, Vattappara",Malappuram,Kerala,India,676552,,Standard Template,Adjustment,"Muringathazham Road, Vattappara",Malappuram,Kerala,India,676552,,1,,,,0.000,,,,0.00,0.000,,,,0.00,,,,,,,,Government Stamping Fee 30 kg,,998729,2.00,0.00,0.0,0.00,670.00,,FALSE,99381000000186027,Sales,SF30,,,,,nos,335.00,Zero Rated,99381000000006152,GST0,0.00,Tax Group,,,,0.00,0.00,0.00,0.00,0.00,0.00,0.00,0.00,0.00,0.00,0.00,0.00,,goods,,,
2020-08-20,99381000001282362,EST029,sent,99381000001137001,Cochin,,,INR,1.00,entity_level,true,0.00,false,335.00,335.00,0.00,Looking forward for your business.,,AMANA INSTRUMENTS,32,32-Kerala,business_gst,32AVVPA5492J1Z7,NO,NO,,,,"Mukkam Road,
Pathanapuram",Malappuram,Kerala,India,673639,,Standard Template,Adjustment,"Mukkam Road,
Pathanapuram",Malappuram,Kerala,India,673639,,1,,,,0.000,,,,0.00,0.000,,,,0.00,,,,,,,,Government Stamping Fee 200Kg,Serial No:TH12787,998729,1.00,0.00,0.0,0.00,335.00,,FALSE,99381000000548508,Sales,SF200,,,,,nos,335.00,Zero Rated,99381000000006152,GST0,0.00,Tax Group,,,,0.00,0.00,0.00,0.00,0.00,0.00,0.00,0.00,0.00,0.00,0.00,0.00,,goods,,,
2020-08-20,99381000001281053,EST030,sent,99381000000036062,Cochin,,,INR,1.00,entity_level,true,0.00,false,6700.00,6700.00,0.00,Looking forward for your business.,,TRAVANCORE SCALES SERVICES,32,32-Kerala,business_gst,32APBPN7027C2ZD,NO,NO,,,,Attakulangara,Tiruvanntapuram,kerala,India,695036,,Standard Template,Adjustment,Attakulangara,Tiruvanntapuram,kerala,India,695036,,1,,,,0.000,,,,0.00,0.000,,,,0.00,,,,,,,,Government Stamping Fee 30 kg,,998729,20.00,0.00,0.0,0.00,6700.00,,FALSE,99381000000186027,Sales,SF30,,,,,nos,335.00,Zero Rated,99381000000006152,GST0,0.00,Tax Group,,,,0.00,0.00,0.00,0.00,0.00,0.00,0.00,0.00,0.00,0.00,0.00,0.00,,goods,,,
2020-08-20,99381000001281075,EST031,sent,99381000000151001,Cochin,,,INR,1.00,entity_level,true,0.00,false,13450.00,13450.00,0.00,Looking forward for your business.,,Dynamic Enterprises,32,32-Kerala,business_gst,32ATJPS7075B1ZN,NO,NO,,,,XIV/217C SUNRISE BUILDING,THRISSUR,Kerala,India,680121,,Standard Template,Adjustment,XIV/217 C SUNRISE BUILDING,THRISSUR,Kerala,India,680121,,1,,,,0.000,,,,0.00,0.000,,,,0.00,,,,,,,,Government Stamping Fee 20 KG,"Serial No:TH14379 To TH14393
                 TH14538 To TH14542",998729,20.00,0.00,0.0,0.00,3400.00,,FALSE,99381000000172016,Sales,SF20,,,,,nos,170.00,Zero Rated,99381000000006152,GST0,0.00,Tax Group,,,,0.00,0.00,0.00,0.00,0.00,0.00,0.00,0.00,0.00,0.00,0.00,0.00,,goods,,,
2020-08-20,99381000001281075,EST031,sent,99381000000151001,Cochin,,,INR,1.00,entity_level,true,0.00,false,13450.00,13450.00,0.00,Looking forward for your business.,,Dynamic Enterprises,32,32-Kerala,business_gst,32ATJPS7075B1ZN,NO,NO,,,,XIV/217C SUNRISE BUILDING,THRISSUR,Kerala,India,680121,,Standard Template,Adjustment,XIV/217 C SUNRISE BUILDING,THRISSUR,Kerala,India,680121,,1,,,,0.000,,,,0.00,0.000,,,,0.00,,,,,,,,Government Stamping Fee 30 kg,Serial No:TH14719 To TH14737,998729,20.00,0.00,0.0,0.00,6700.00,,FALSE,99381000000186027,Sales,SF30,,,,,nos,335.00,Zero Rated,99381000000006152,GST0,0.00,Tax Group,,,,0.00,0.00,0.00,0.00,0.00,0.00,0.00,0.00,0.00,0.00,0.00,0.00,,goods,,,
2020-08-20,99381000001281075,EST031,sent,99381000000151001,Cochin,,,INR,1.00,entity_level,true,0.00,false,13450.00,13450.00,0.00,Looking forward for your business.,,Dynamic Enterprises,32,32-Kerala,business_gst,32ATJPS7075B1ZN,NO,NO,,,,XIV/217C SUNRISE BUILDING,THRISSUR,Kerala,India,680121,,Standard Template,Adjustment,XIV/217 C SUNRISE BUILDING,THRISSUR,Kerala,India,680121,,1,,,,0.000,,,,0.00,0.000,,,,0.00,,,,,,,,Government Stamping Fee 100Kg,Serial No:TH14504 To TH14508,998729,5.00,0.00,0.0,0.00,1675.00,,FALSE,99381000000663063,Sales,SF100,,,,,nos,335.00,Zero Rated,99381000000006152,GST0,0.00,Tax Group,,,,0.00,0.00,0.00,0.00,0.00,0.00,0.00,0.00,0.00,0.00,0.00,0.00,,goods,,,
2020-08-20,99381000001281075,EST031,sent,99381000000151001,Cochin,,,INR,1.00,entity_level,true,0.00,false,13450.00,13450.00,0.00,Looking forward for your business.,,Dynamic Enterprises,32,32-Kerala,business_gst,32ATJPS7075B1ZN,NO,NO,,,,XIV/217C SUNRISE BUILDING,THRISSUR,Kerala,India,680121,,Standard Template,Adjustment,XIV/217 C SUNRISE BUILDING,THRISSUR,Kerala,India,680121,,1,,,,0.000,,,,0.00,0.000,,,,0.00,,,,,,,,Government Stamping Fee 200Kg,Serial No:TH14519 To TH14523,998729,5.00,0.00,0.0,0.00,1675.00,,FALSE,99381000000548508,Sales,SF200,,,,,nos,335.00,Zero Rated,99381000000006152,GST0,0.00,Tax Group,,,,0.00,0.00,0.00,0.00,0.00,0.00,0.00,0.00,0.00,0.00,0.00,0.00,,goods,,,
2020-08-21,99381000001283183,EST032,sent,99381000000126001,Cochin,,,INR,1.00,entity_level,true,0.00,false,5600.00,5600.00,0.00,Looking forward for your business.,,YELLOW SCALES,32,32-Kerala,business_gst,32CPDPS6051P1ZG,NO,NO,,,,KUMBALAM JUNCTION,KOCHIN,KERALA,India,682506,,Standard Template,Adjustment,KUMBALAM JUNCTION,KOCHIN,KERALA,India,682506,,1,,,,0.000,,,,0.00,0.000,,,,0.00,,,,,,,,Government Stamping Fee 20 KG,Serial No:TH14543 To TH14571,998729,29.00,0.00,0.0,0.00,4930.00,,FALSE,99381000000172016,Sales,SF20,,,,,nos,170.00,Zero Rated,99381000000006152,GST0,0.00,Tax Group,,,,0.00,0.00,0.00,0.00,0.00,0.00,0.00,0.00,0.00,0.00,0.00,0.00,,goods,,,
2020-08-21,99381000001283183,EST032,sent,99381000000126001,Cochin,,,INR,1.00,entity_level,true,0.00,false,5600.00,5600.00,0.00,Looking forward for your business.,,YELLOW SCALES,32,32-Kerala,business_gst,32CPDPS6051P1ZG,NO,NO,,,,KUMBALAM JUNCTION,KOCHIN,KERALA,India,682506,,Standard Template,Adjustment,KUMBALAM JUNCTION,KOCHIN,KERALA,India,682506,,1,,,,0.000,,,,0.00,0.000,,,,0.00,,,,,,,,Government Stamping Fee 30 kg,,998729,2.00,0.00,0.0,0.00,670.00,,FALSE,99381000000186027,Sales,SF30,,,,,nos,335.00,Zero Rated,99381000000006152,GST0,0.00,Tax Group,,,,0.00,0.00,0.00,0.00,0.00,0.00,0.00,0.00,0.00,0.00,0.00,0.00,,goods,,,
2020-08-22,99381000001289335,EST033,sent,99381000000084508,Cochin,,,INR,1.00,entity_level,true,0.00,false,1700.00,1700.00,0.00,Looking forward for your business.,,ACE ELECTRONICS,32,32-Kerala,business_gst,32AAZFA3650P1ZV,NO,NO,,,,"Akai tower ,
Near Tali Temple 
Thali ,Calicut",Calicut,Kerala,India,673002,,Standard Template,Adjustment,"Akai tower ,
Near Tali Temple 
Thali ,Calicut",Calicut,Kerala,India,673002,,1,,,,0.000,,,,0.00,0.000,,,,0.00,,,,,,,,Government Stamping Fee 20 KG,Serial No:TH14622 To TH14631,998729,10.00,0.00,0.0,0.00,1700.00,,FALSE,99381000000172016,Sales,SF20,,,,,nos,170.00,Zero Rated,99381000000006152,GST0,0.00,Tax Group,,,,0.00,0.00,0.00,0.00,0.00,0.00,0.00,0.00,0.00,0.00,0.00,0.00,,goods,,,
2020-08-22,99381000001289357,EST034,sent,99381000000084733,Cochin,,,INR,1.00,entity_level,true,0.00,false,23650.00,23650.00,0.00,Looking forward for your business.,,ELMASS SYSTEMS & SERVICES,32,32-Kerala,business_gst,32AACFE8918M1Z7,NO,NO,,,,"70/1955 /old 44/2214A5, Martin Eva Holy Tuesday Shopping Mall,
Banerji Road, Mathrubhoomi Jn.",Ernakulam,Kerala,India,682017,,Standard Template,Adjustment,"Souhruda Lane
Lissie Hospital Road",Ernakulam,Kerala,India,682018,,1,,,,0.000,,,,0.00,0.000,,,,0.00,,,,,,,,Government Stamping Fee 20 KG,Serial No:TH14572 To TH14621,998729,50.00,0.00,0.0,0.00,8500.00,,FALSE,99381000000172016,Sales,SF20,,,,,nos,170.00,Zero Rated,99381000000006152,GST0,0.00,Tax Group,,,,0.00,0.00,0.00,0.00,0.00,0.00,0.00,0.00,0.00,0.00,0.00,0.00,,goods,,,
2020-08-22,99381000001289357,EST034,sent,99381000000084733,Cochin,,,INR,1.00,entity_level,true,0.00,false,23650.00,23650.00,0.00,Looking forward for your business.,,ELMASS SYSTEMS & SERVICES,32,32-Kerala,business_gst,32AACFE8918M1Z7,NO,NO,,,,"70/1955 /old 44/2214A5, Martin Eva Holy Tuesday Shopping Mall,
Banerji Road, Mathrubhoomi Jn.",Ernakulam,Kerala,India,682017,,Standard Template,Adjustment,"Souhruda Lane
Lissie Hospital Road",Ernakulam,Kerala,India,682018,,1,,,,0.000,,,,0.00,0.000,,,,0.00,,,,,,,,Government Stamping Fee 20 KG,Serial No:TH14662 To TH14691,998729,30.00,0.00,0.0,0.00,5100.00,,FALSE,99381000000172016,Sales,SF20,,,,,nos,170.00,Zero Rated,99381000000006152,GST0,0.00,Tax Group,,,,0.00,0.00,0.00,0.00,0.00,0.00,0.00,0.00,0.00,0.00,0.00,0.00,,goods,,,
2020-08-22,99381000001289357,EST034,sent,99381000000084733,Cochin,,,INR,1.00,entity_level,true,0.00,false,23650.00,23650.00,0.00,Looking forward for your business.,,ELMASS SYSTEMS & SERVICES,32,32-Kerala,business_gst,32AACFE8918M1Z7,NO,NO,,,,"70/1955 /old 44/2214A5, Martin Eva Holy Tuesday Shopping Mall,
Banerji Road, Mathrubhoomi Jn.",Ernakulam,Kerala,India,682017,,Standard Template,Adjustment,"Souhruda Lane
Lissie Hospital Road",Ernakulam,Kerala,India,682018,,1,,,,0.000,,,,0.00,0.000,,,,0.00,,,,,,,,Government Stamping Fee 50 kg,Serial No:TH14008 To TH14029 (22 nos only),998729,30.00,0.00,0.0,0.00,10050.00,,FALSE,99381000000186036,Sales,SF50,,,,,nos,335.00,Zero Rated,99381000000006152,GST0,0.00,Tax Group,,,,0.00,0.00,0.00,0.00,0.00,0.00,0.00,0.00,0.00,0.00,0.00,0.00,,goods,,,
2020-08-25,99381000001305722,EST035,sent,99381000000151001,Cochin,,,INR,1.00,entity_level,true,0.00,false,5100.00,5100.00,0.00,Looking forward for your business.,,Dynamic Enterprises,32,32-Kerala,business_gst,32ATJPS7075B1ZN,NO,NO,,,,XIV/217C SUNRISE BUILDING,THRISSUR,Kerala,India,680121,,Standard Template,Adjustment,XIV/217 C SUNRISE BUILDING,THRISSUR,Kerala,India,680121,,1,,,,0.000,,,,0.00,0.000,,,,0.00,,,,,,,,Government Stamping Fee 20 KG,Serial No:TH14632 To TH14661 & TH15032,998729,30.00,0.00,0.0,0.00,5100.00,,FALSE,99381000000172016,Sales,SF20,,,,,nos,170.00,Zero Rated,99381000000006152,GST0,0.00,Tax Group,,,,0.00,0.00,0.00,0.00,0.00,0.00,0.00,0.00,0.00,0.00,0.00,0.00,,goods,,,
2020-08-25,99381000001305750,EST036,sent,99381000000036003,Cochin,,,INR,1.00,entity_level,true,0.00,false,10100.00,10100.00,0.00,Looking forward for your business.,,Modern machines,32,32-Kerala,business_gst,32EMRPS6226K1ZF,NO,NO,,,,Pathirappally P.O.,Alappuzha,Kerala,India,688521,,Standard Template,Adjustment,Pathirappally P.O.,Alappuzha,Kerala,India,688521,,1,,,,0.000,,,,0.00,0.000,,,,0.00,,,,,,,,Government Stamping Fee 20 KG,,998729,20.00,0.00,0.0,0.00,3400.00,,FALSE,99381000000172016,Sales,SF20,,,,,nos,170.00,Zero Rated,99381000000006152,GST0,0.00,Tax Group,,,,0.00,0.00,0.00,0.00,0.00,0.00,0.00,0.00,0.00,0.00,0.00,0.00,,goods,,,
2020-08-25,99381000001305750,EST036,sent,99381000000036003,Cochin,,,INR,1.00,entity_level,true,0.00,false,10100.00,10100.00,0.00,Looking forward for your business.,,Modern machines,32,32-Kerala,business_gst,32EMRPS6226K1ZF,NO,NO,,,,Pathirappally P.O.,Alappuzha,Kerala,India,688521,,Standard Template,Adjustment,Pathirappally P.O.,Alappuzha,Kerala,India,688521,,1,,,,0.000,,,,0.00,0.000,,,,0.00,,,,,,,,Government Stamping Fee 50 kg,,998729,20.00,0.00,0.0,0.00,6700.00,,FALSE,99381000000186036,Sales,SF50,,,,,nos,335.00,Zero Rated,99381000000006152,GST0,0.00,Tax Group,,,,0.00,0.00,0.00,0.00,0.00,0.00,0.00,0.00,0.00,0.00,0.00,0.00,,goods,,,
2020-08-27,99381000001311960,EST037,sent,99381000000309611,Cochin,,,INR,1.00,entity_level,true,0.00,false,8500.00,8500.00,0.00,Looking forward for your business.,,KRAUS INSTRUMENTS,32,32-Kerala,business_gst,32AASFK0676Q1ZM,NO,NO,,,,"1,11/411/14, ABHCON CROWN,","KOKKALAI, THRISSUR",Kerala,India,680001,,Standard Template,Adjustment,"1,11/411/14, ABHCON CROWN,","KOKKALAI, THRISSUR",Kerala,India,680001,,1,,,,0.000,,,,0.00,0.000,,,,0.00,,,,,,,,Government Stamping Fee 20 KG,Serial No:TH14692 To TH14712 (21nos),998729,50.00,0.00,0.0,0.00,8500.00,,FALSE,99381000000172016,Sales,SF20,,,,,nos,170.00,Zero Rated,99381000000006152,GST0,0.00,Tax Group,,,,0.00,0.00,0.00,0.00,0.00,0.00,0.00,0.00,0.00,0.00,0.00,0.00,,goods,,,
2020-09-03,99381000001335823,EST038,sent,99381000000126001,Cochin,,,INR,1.00,entity_level,true,0.00,false,3060.00,3060.00,0.00,Looking forward for your business.,,YELLOW SCALES,32,32-Kerala,business_gst,32CPDPS6051P1ZG,NO,NO,,,,KUMBALAM JUNCTION,KOCHIN,KERALA,India,682506,,Standard Template,Adjustment,KUMBALAM JUNCTION,KOCHIN,KERALA,India,682506,,1,,,,0.000,,,,0.00,0.000,,,,0.00,,,,,,,,Government Stamping Fee 20 KG,Serial No:TH14799 To TH14816,998729,18.00,0.00,0.0,0.00,3060.00,,FALSE,99381000000172016,Sales,SF20,,,,,nos,170.00,Zero Rated,99381000000006152,GST0,0.00,Tax Group,,,,0.00,0.00,0.00,0.00,0.00,0.00,0.00,0.00,0.00,0.00,0.00,0.00,,goods,,,
2020-09-04,99381000001340657,EST039,sent,99381000000084733,Cochin,,,INR,1.00,entity_level,true,0.00,false,27945.00,27945.00,0.00,Looking forward for your business.,,ELMASS SYSTEMS & SERVICES,32,32-Kerala,business_gst,32AACFE8918M1Z7,NO,NO,,,,"70/1955 /old 44/2214A5, Martin Eva Holy Tuesday Shopping Mall,
Banerji Road, Mathrubhoomi Jn.",Ernakulam,Kerala,India,682017,,Standard Template,Adjustment,"Souhruda Lane
Lissie Hospital Road",Ernakulam,Kerala,India,682018,,1,,,,0.000,,,,0.00,0.000,,,,0.00,,,,,,,,Government Stamping Fee 20 KG,,998729,30.00,0.00,0.0,0.00,5100.00,,FALSE,99381000000172016,Sales,SF20,,,,,nos,170.00,Zero Rated,99381000000006152,GST0,0.00,Tax Group,,,,0.00,0.00,0.00,0.00,0.00,0.00,0.00,0.00,0.00,0.00,0.00,0.00,,goods,,,
2020-09-04,99381000001340657,EST039,sent,99381000000084733,Cochin,,,INR,1.00,entity_level,true,0.00,false,27945.00,27945.00,0.00,Looking forward for your business.,,ELMASS SYSTEMS & SERVICES,32,32-Kerala,business_gst,32AACFE8918M1Z7,NO,NO,,,,"70/1955 /old 44/2214A5, Martin Eva Holy Tuesday Shopping Mall,
Banerji Road, Mathrubhoomi Jn.",Ernakulam,Kerala,India,682017,,Standard Template,Adjustment,"Souhruda Lane
Lissie Hospital Road",Ernakulam,Kerala,India,682018,,1,,,,0.000,,,,0.00,0.000,,,,0.00,,,,,,,,Government Stamping Fee 50 kg,,998729,30.00,0.00,0.0,0.00,10050.00,,FALSE,99381000000186036,Sales,SF50,,,,,nos,335.00,Zero Rated,99381000000006152,GST0,0.00,Tax Group,,,,0.00,0.00,0.00,0.00,0.00,0.00,0.00,0.00,0.00,0.00,0.00,0.00,,goods,,,
2020-09-04,99381000001340657,EST039,sent,99381000000084733,Cochin,,,INR,1.00,entity_level,true,0.00,false,27945.00,27945.00,0.00,Looking forward for your business.,,ELMASS SYSTEMS & SERVICES,32,32-Kerala,business_gst,32AACFE8918M1Z7,NO,NO,,,,"70/1955 /old 44/2214A5, Martin Eva Holy Tuesday Shopping Mall,
Banerji Road, Mathrubhoomi Jn.",Ernakulam,Kerala,India,682017,,Standard Template,Adjustment,"Souhruda Lane
Lissie Hospital Road",Ernakulam,Kerala,India,682018,,1,,,,0.000,,,,0.00,0.000,,,,0.00,,,,,,,,Government Stamping Fee 100Kg,,998729,2.00,0.00,0.0,0.00,670.00,,FALSE,99381000000663063,Sales,SF100,,,,,nos,335.00,Zero Rated,99381000000006152,GST0,0.00,Tax Group,,,,0.00,0.00,0.00,0.00,0.00,0.00,0.00,0.00,0.00,0.00,0.00,0.00,,goods,,,
2020-09-04,99381000001340657,EST039,sent,99381000000084733,Cochin,,,INR,1.00,entity_level,true,0.00,false,27945.00,27945.00,0.00,Looking forward for your business.,,ELMASS SYSTEMS & SERVICES,32,32-Kerala,business_gst,32AACFE8918M1Z7,NO,NO,,,,"70/1955 /old 44/2214A5, Martin Eva Holy Tuesday Shopping Mall,
Banerji Road, Mathrubhoomi Jn.",Ernakulam,Kerala,India,682017,,Standard Template,Adjustment,"Souhruda Lane
Lissie Hospital Road",Ernakulam,Kerala,India,682018,,1,,,,0.000,,,,0.00,0.000,,,,0.00,,,,,,,,Government Stamping Fee 300kg,,998729,3.00,0.00,0.0,0.00,1245.00,,FALSE,99381000000548525,Sales,SF300,,,,,nos,415.00,Zero Rated,99381000000006152,GST0,0.00,Tax Group,,,,0.00,0.00,0.00,0.00,0.00,0.00,0.00,0.00,0.00,0.00,0.00,0.00,,goods,,,
2020-09-04,99381000001340657,EST039,sent,99381000000084733,Cochin,,,INR,1.00,entity_level,true,0.00,false,27945.00,27945.00,0.00,Looking forward for your business.,,ELMASS SYSTEMS & SERVICES,32,32-Kerala,business_gst,32AACFE8918M1Z7,NO,NO,,,,"70/1955 /old 44/2214A5, Martin Eva Holy Tuesday Shopping Mall,
Banerji Road, Mathrubhoomi Jn.",Ernakulam,Kerala,India,682017,,Standard Template,Adjustment,"Souhruda Lane
Lissie Hospital Road",Ernakulam,Kerala,India,682018,,1,,,,0.000,,,,0.00,0.000,,,,0.00,,,,,,,,Government Stamping Fee 500kg,,998729,2.00,0.00,0.0,0.00,830.00,,FALSE,99381000000590328,Sales,SF500,,,,,nos,415.00,Zero Rated,99381000000006152,GST0,0.00,Tax Group,,,,0.00,0.00,0.00,0.00,0.00,0.00,0.00,0.00,0.00,0.00,0.00,0.00,,goods,,,
2020-09-04,99381000001340657,EST039,sent,99381000000084733,Cochin,,,INR,1.00,entity_level,true,0.00,false,27945.00,27945.00,0.00,Looking forward for your business.,,ELMASS SYSTEMS & SERVICES,32,32-Kerala,business_gst,32AACFE8918M1Z7,NO,NO,,,,"70/1955 /old 44/2214A5, Martin Eva Holy Tuesday Shopping Mall,
Banerji Road, Mathrubhoomi Jn.",Ernakulam,Kerala,India,682017,,Standard Template,Adjustment,"Souhruda Lane
Lissie Hospital Road",Ernakulam,Kerala,India,682018,,1,,,,0.000,,,,0.00,0.000,,,,0.00,,,,,,,,Government Stamping Fee 30 kg,,998729,30.00,0.00,0.0,0.00,10050.00,,FALSE,99381000000186027,Sales,SF30,,,,,nos,335.00,Zero Rated,99381000000006152,GST0,0.00,Tax Group,,,,0.00,0.00,0.00,0.00,0.00,0.00,0.00,0.00,0.00,0.00,0.00,0.00,,goods,,,
2020-09-05,99381000001349423,EST040,sent,99381000000575003,Cochin,,,INR,1.00,entity_level,true,0.00,false,10100.00,10100.00,0.00,Looking forward for your business.,,YESWEIGH TECHNOLOGIES PRIVATE LIMITED,32,32-Kerala,business_gst,32AABCY1984H1Z9,NO,NO,,,,"1ST FLOOR, No47/2170,
DOWN TOWN Complex,
Mangalore road,TALAP",kannur,Kerala,India,670002,,Standard Template,Adjustment,"1ST FLOOR, No47/2170,
DOWN TOWN Complex,
Mangalore road,TALAP",kannur,Kerala,India,670002,,1,,,,0.000,,,,0.00,0.000,,,,0.00,,,,,,,,Government Stamping Fee 20 KG,Serial No:TH14817 To TH14836,998729,20.00,0.00,0.0,0.00,3400.00,,FALSE,99381000000172016,Sales,SF20,,,,,nos,170.00,Zero Rated,99381000000006152,GST0,0.00,Tax Group,,,,0.00,0.00,0.00,0.00,0.00,0.00,0.00,0.00,0.00,0.00,0.00,0.00,,goods,,,
2020-09-05,99381000001349423,EST040,sent,99381000000575003,Cochin,,,INR,1.00,entity_level,true,0.00,false,10100.00,10100.00,0.00,Looking forward for your business.,,YESWEIGH TECHNOLOGIES PRIVATE LIMITED,32,32-Kerala,business_gst,32AABCY1984H1Z9,NO,NO,,,,"1ST FLOOR, No47/2170,
DOWN TOWN Complex,
Mangalore road,TALAP",kannur,Kerala,India,670002,,Standard Template,Adjustment,"1ST FLOOR, No47/2170,
DOWN TOWN Complex,
Mangalore road,TALAP",kannur,Kerala,India,670002,,1,,,,0.000,,,,0.00,0.000,,,,0.00,,,,,,,,Government Stamping Fee 30 kg,Serial No:TH15005 To TH15024,998729,20.00,0.00,0.0,0.00,6700.00,,FALSE,99381000000186027,Sales,SF30,,,,,nos,335.00,Zero Rated,99381000000006152,GST0,0.00,Tax Group,,,,0.00,0.00,0.00,0.00,0.00,0.00,0.00,0.00,0.00,0.00,0.00,0.00,,goods,,,
2020-09-08,99381000001349974,EST041,sent,99381000000940651,Cochin,,,INR,1.00,entity_level,true,0.00,false,24580.00,24580.00,0.00,Looking forward for your business.,,MUDRA SCALE-KOZHIKODE,32,32-Kerala,business_gst,32BMNPR6553F1ZS,NO,NO,,,,"KP 15/153-B
Po. Pavandoor",Kozhikode,Kerala,India,673613,,Standard Template,Adjustment,"KP 15/153-B
Po. Pavandoor",Kozhikode,Kerala,India,673613,,1,,,,0.000,,,,0.00,0.000,,,,0.00,,,,,,,,Government Stamping Fee 20 KG,"Serial No:TH14943 To TH14972
                 TI17665 To TI17684",998729,50.00,0.00,0.0,0.00,8500.00,,FALSE,99381000000172016,Sales,SF20,,,,,nos,170.00,Zero Rated,99381000000006152,GST0,0.00,Tax Group,,,,0.00,0.00,0.00,0.00,0.00,0.00,0.00,0.00,0.00,0.00,0.00,0.00,,goods,,,
2020-09-08,99381000001349974,EST041,sent,99381000000940651,Cochin,,,INR,1.00,entity_level,true,0.00,false,24580.00,24580.00,0.00,Looking forward for your business.,,MUDRA SCALE-KOZHIKODE,32,32-Kerala,business_gst,32BMNPR6553F1ZS,NO,NO,,,,"KP 15/153-B
Po. Pavandoor",Kozhikode,Kerala,India,673613,,Standard Template,Adjustment,"KP 15/153-B
Po. Pavandoor",Kozhikode,Kerala,India,673613,,1,,,,0.000,,,,0.00,0.000,,,,0.00,,,,,,,,Government Stamping Fee 30 kg,,998729,48.00,0.00,0.0,0.00,16080.00,,FALSE,99381000000186027,Sales,SF30,,,,,nos,335.00,Zero Rated,99381000000006152,GST0,0.00,Tax Group,,,,0.00,0.00,0.00,0.00,0.00,0.00,0.00,0.00,0.00,0.00,0.00,0.00,,goods,,,
2020-09-09,99381000001356009,EST042,sent,99381000000231096,Cochin,,,INR,1.00,entity_level,true,0.00,false,18500.00,18500.00,0.00,Looking forward for your business.,,Victory Scales,32,32-Kerala,business_gst,32AAAAV1247P1ZC,NO,NO,,,,"M/s Victory Scales
CSI Ascension Square, Below ICICI Bank","Kottayam,",Kerala,India,686016,,Standard Template,Adjustment,"M/s Victory Scales
CSI Ascension Square, Below ICICI Bank","Kottayam,",Kerala,India,686016,,1,,,,0.000,,,,0.00,0.000,,,,0.00,,,,,,,,Government Stamping Fee 20 KG,Serial No:TH14882 To TH14911,998729,30.00,0.00,0.0,0.00,5100.00,,FALSE,99381000000172016,Sales,SF20,,,,,nos,170.00,Zero Rated,99381000000006152,GST0,0.00,Tax Group,,,,0.00,0.00,0.00,0.00,0.00,0.00,0.00,0.00,0.00,0.00,0.00,0.00,,goods,,,
2020-09-09,99381000001356009,EST042,sent,99381000000231096,Cochin,,,INR,1.00,entity_level,true,0.00,false,18500.00,18500.00,0.00,Looking forward for your business.,,Victory Scales,32,32-Kerala,business_gst,32AAAAV1247P1ZC,NO,NO,,,,"M/s Victory Scales
CSI Ascension Square, Below ICICI Bank","Kottayam,",Kerala,India,686016,,Standard Template,Adjustment,"M/s Victory Scales
CSI Ascension Square, Below ICICI Bank","Kottayam,",Kerala,India,686016,,1,,,,0.000,,,,0.00,0.000,,,,0.00,,,,,,,,Government Stamping Fee 30 kg,Serial No:TH15033 To TH15052,998729,20.00,0.00,0.0,0.00,6700.00,,FALSE,99381000000186027,Sales,SF30,,,,,nos,335.00,Zero Rated,99381000000006152,GST0,0.00,Tax Group,,,,0.00,0.00,0.00,0.00,0.00,0.00,0.00,0.00,0.00,0.00,0.00,0.00,,goods,,,
2020-09-09,99381000001356009,EST042,sent,99381000000231096,Cochin,,,INR,1.00,entity_level,true,0.00,false,18500.00,18500.00,0.00,Looking forward for your business.,,Victory Scales,32,32-Kerala,business_gst,32AAAAV1247P1ZC,NO,NO,,,,"M/s Victory Scales
CSI Ascension Square, Below ICICI Bank","Kottayam,",Kerala,India,686016,,Standard Template,Adjustment,"M/s Victory Scales
CSI Ascension Square, Below ICICI Bank","Kottayam,",Kerala,India,686016,,1,,,,0.000,,,,0.00,0.000,,,,0.00,,,,,,,,Government Stamping Fee 50 kg,"Serial No:TH13520 To TH13529
                 TH14177 To TH14186",998729,20.00,0.00,0.0,0.00,6700.00,,FALSE,99381000000186036,Sales,SF50,,,,,nos,335.00,Zero Rated,99381000000006152,GST0,0.00,Tax Group,,,,0.00,0.00,0.00,0.00,0.00,0.00,0.00,0.00,0.00,0.00,0.00,0.00,,goods,,,
2020-09-09,99381000001356351,EST043,sent,99381000000112170,Cochin,,,INR,1.00,entity_level,true,0.00,false,10240.00,10240.00,0.00,Looking forward for your business.,,MEEZAN ELECTRONIC SCALES PRIVATE LIMITED,32,32-Kerala,business_gst,32AAECM1277C1ZY,NO,NO,,,,"8/308A Meezan Tower 
Calicut Road , Manjeri",MANJERI,Kerala,India,676121,,Standard Template,Adjustment,"8/308A Meezan Tower 
Calicut Road , Manjeri",MANJERI,Kerala,India,676121,,1,,,,0.000,,,,0.00,0.000,,,,0.00,,,,,,,,Government Stamping Fee 20 KG,Serial No:TH14867 To TH14881,998729,15.00,0.00,0.0,0.00,2550.00,,FALSE,99381000000172016,Sales,SF20,,,,,nos,170.00,Zero Rated,99381000000006152,GST0,0.00,Tax Group,,,,0.00,0.00,0.00,0.00,0.00,0.00,0.00,0.00,0.00,0.00,0.00,0.00,,goods,,,
2020-09-09,99381000001356351,EST043,sent,99381000000112170,Cochin,,,INR,1.00,entity_level,true,0.00,false,10240.00,10240.00,0.00,Looking forward for your business.,,MEEZAN ELECTRONIC SCALES PRIVATE LIMITED,32,32-Kerala,business_gst,32AAECM1277C1ZY,NO,NO,,,,"8/308A Meezan Tower 
Calicut Road , Manjeri",MANJERI,Kerala,India,676121,,Standard Template,Adjustment,"8/308A Meezan Tower 
Calicut Road , Manjeri",MANJERI,Kerala,India,676121,,1,,,,0.000,,,,0.00,0.000,,,,0.00,,,,,,,,Government Stamping Fee 30 kg,Serial No:TH15053 To TH15062,998729,10.00,0.00,0.0,0.00,3350.00,,FALSE,99381000000186027,Sales,SF30,,,,,nos,335.00,Zero Rated,99381000000006152,GST0,0.00,Tax Group,,,,0.00,0.00,0.00,0.00,0.00,0.00,0.00,0.00,0.00,0.00,0.00,0.00,,goods,,,
2020-09-09,99381000001356351,EST043,sent,99381000000112170,Cochin,,,INR,1.00,entity_level,true,0.00,false,10240.00,10240.00,0.00,Looking forward for your business.,,MEEZAN ELECTRONIC SCALES PRIVATE LIMITED,32,32-Kerala,business_gst,32AAECM1277C1ZY,NO,NO,,,,"8/308A Meezan Tower 
Calicut Road , Manjeri",MANJERI,Kerala,India,676121,,Standard Template,Adjustment,"8/308A Meezan Tower 
Calicut Road , Manjeri",MANJERI,Kerala,India,676121,,1,,,,0.000,,,,0.00,0.000,,,,0.00,,,,,,,,Government Stamping Fee 100Kg,Serial No:TH12382 To TH12385,998729,4.00,0.00,0.0,0.00,1340.00,,FALSE,99381000000663063,Sales,SF100,,,,,nos,335.00,Zero Rated,99381000000006152,GST0,0.00,Tax Group,,,,0.00,0.00,0.00,0.00,0.00,0.00,0.00,0.00,0.00,0.00,0.00,0.00,,goods,,,
2020-09-09,99381000001356351,EST043,sent,99381000000112170,Cochin,,,INR,1.00,entity_level,true,0.00,false,10240.00,10240.00,0.00,Looking forward for your business.,,MEEZAN ELECTRONIC SCALES PRIVATE LIMITED,32,32-Kerala,business_gst,32AAECM1277C1ZY,NO,NO,,,,"8/308A Meezan Tower 
Calicut Road , Manjeri",MANJERI,Kerala,India,676121,,Standard Template,Adjustment,"8/308A Meezan Tower 
Calicut Road , Manjeri",MANJERI,Kerala,India,676121,,1,,,,0.000,,,,0.00,0.000,,,,0.00,,,,,,,,Government Stamping Fee 200Kg,Serial No:TH12788 To TH12791,998729,4.00,0.00,0.0,0.00,1340.00,,FALSE,99381000000548508,Sales,SF200,,,,,nos,335.00,Zero Rated,99381000000006152,GST0,0.00,Tax Group,,,,0.00,0.00,0.00,0.00,0.00,0.00,0.00,0.00,0.00,0.00,0.00,0.00,,goods,,,
2020-09-09,99381000001356351,EST043,sent,99381000000112170,Cochin,,,INR,1.00,entity_level,true,0.00,false,10240.00,10240.00,0.00,Looking forward for your business.,,MEEZAN ELECTRONIC SCALES PRIVATE LIMITED,32,32-Kerala,business_gst,32AAECM1277C1ZY,NO,NO,,,,"8/308A Meezan Tower 
Calicut Road , Manjeri",MANJERI,Kerala,India,676121,,Standard Template,Adjustment,"8/308A Meezan Tower 
Calicut Road , Manjeri",MANJERI,Kerala,India,676121,,1,,,,0.000,,,,0.00,0.000,,,,0.00,,,,,,,,Government Stamping Fee 300kg,Serial No:TH12815 To TH12818,998729,4.00,0.00,0.0,0.00,1660.00,,FALSE,99381000000548525,Sales,SF300,,,,,nos,415.00,Zero Rated,99381000000006152,GST0,0.00,Tax Group,,,,0.00,0.00,0.00,0.00,0.00,0.00,0.00,0.00,0.00,0.00,0.00,0.00,,goods,,,
2020-09-09,99381000001356700,EST044,sent,99381000000017031,Cochin,,,INR,1.00,entity_level,true,0.00,false,3350.00,3350.00,0.00,Looking forward for your business.,,EXATA BALANCE CO,32,32-Kerala,business_gst,32AAGFE6830Q1Z4,NO,NO,,,,"Muringathazham Road, Vattappara",Malappuram,Kerala,India,676552,,Standard Template,Adjustment,"Muringathazham Road, Vattappara",Malappuram,Kerala,India,676552,,1,,,,0.000,,,,0.00,0.000,,,,0.00,,,,,,,,Government Stamping Fee 50 kg,Serial No:TH14757 To TH14766,998729,10.00,0.00,0.0,0.00,3350.00,,FALSE,99381000000186036,Sales,SF50,,,,,nos,335.00,Zero Rated,99381000000006152,GST0,0.00,Tax Group,,,,0.00,0.00,0.00,0.00,0.00,0.00,0.00,0.00,0.00,0.00,0.00,0.00,,goods,,,
2020-09-09,99381000001356724,EST045,sent,99381000000014461,Cochin,,,INR,1.00,entity_level,true,0.00,false,22880.00,22880.00,0.00,Looking forward for your business.,,MASS TECHNOLOGY,32,32-Kerala,business_gst,32ATZPV7500Q1ZN,NO,NO,,,,MEETHALEKANDY COMPLEX,KOYILANDY,Kerala,India,673305,,Standard Template,Adjustment,MEETHALEKANDY COMPLEX,KOYILANDY,Kerala,India,673305,,1,,,,0.000,,,,0.00,0.000,,,,0.00,,,,,,,,Government Stamping Fee 20 KG,Serial No:TI17695 To TI17734,998729,40.00,0.00,0.0,0.00,6800.00,,FALSE,99381000000172016,Sales,SF20,,,,,nos,170.00,Zero Rated,99381000000006152,GST0,0.00,Tax Group,,,,0.00,0.00,0.00,0.00,0.00,0.00,0.00,0.00,0.00,0.00,0.00,0.00,,goods,,,
2020-09-09,99381000001356724,EST045,sent,99381000000014461,Cochin,,,INR,1.00,entity_level,true,0.00,false,22880.00,22880.00,0.00,Looking forward for your business.,,MASS TECHNOLOGY,32,32-Kerala,business_gst,32ATZPV7500Q1ZN,NO,NO,,,,MEETHALEKANDY COMPLEX,KOYILANDY,Kerala,India,673305,,Standard Template,Adjustment,MEETHALEKANDY COMPLEX,KOYILANDY,Kerala,India,673305,,1,,,,0.000,,,,0.00,0.000,,,,0.00,,,,,,,,Government Stamping Fee 50 kg,"Serial No:TH14197 To TH14234
                 TH14738 TO TH14747",998729,48.00,0.00,0.0,0.00,16080.00,,FALSE,99381000000186036,Sales,SF50,,,,,nos,335.00,Zero Rated,99381000000006152,GST0,0.00,Tax Group,,,,0.00,0.00,0.00,0.00,0.00,0.00,0.00,0.00,0.00,0.00,0.00,0.00,,goods,,,
2020-09-09,99381000001356748,EST046,sent,99381000000011562,Cochin,,,INR,1.00,entity_level,true,0.00,false,19290.00,19290.00,0.00,Looking forward for your business.,,THRASCO SOLUTIONS,32,32-Kerala,consumer,,NO,NO,,,,Tirur Road,Malappuram,kerala,,676102,,Standard Template,Adjustment,Tirur Road,Malappuram,kerala,,676102,,1,,,,0.000,,,,0.00,0.000,,,,0.00,,,,,,,,Government Stamping Fee 20 KG,Serial No:TH14932 To TH14942,998729,11.00,0.00,0.0,0.00,1870.00,,FALSE,99381000000172016,Sales,SF20,,,,,nos,170.00,Zero Rated,99381000000006152,GST0,0.00,Tax Group,,,,0.00,0.00,0.00,0.00,0.00,0.00,0.00,0.00,0.00,0.00,0.00,0.00,,goods,,,
2020-09-09,99381000001356748,EST046,sent,99381000000011562,Cochin,,,INR,1.00,entity_level,true,0.00,false,19290.00,19290.00,0.00,Looking forward for your business.,,THRASCO SOLUTIONS,32,32-Kerala,consumer,,NO,NO,,,,Tirur Road,Malappuram,kerala,,676102,,Standard Template,Adjustment,Tirur Road,Malappuram,kerala,,676102,,1,,,,0.000,,,,0.00,0.000,,,,0.00,,,,,,,,Government Stamping Fee 50 kg,"Serial No:TH12827 To TH12855
                TH13227 To TH13232",998729,52.00,0.00,0.0,0.00,17420.00,,FALSE,99381000000186036,Sales,SF50,,,,,nos,335.00,Zero Rated,99381000000006152,GST0,0.00,Tax Group,,,,0.00,0.00,0.00,0.00,0.00,0.00,0.00,0.00,0.00,0.00,0.00,0.00,,goods,,,
2020-09-09,99381000001361094,EST047,sent,99381000000014010,Cochin,,,INR,1.00,entity_level,true,0.00,false,10100.00,10100.00,0.00,Looking forward for your business.,,SOUTHERN SCALE SERVICES,32,32-Kerala,business_gst,32AANFS5802P1ZR,NO,NO,,,,SOUTHERN SCALE SERVICES,"ENGLISH CHURCH ROAD, PALAKKAD",KERALA,INDIA,678014,,Standard Template,Adjustment,SOUTHERN SCALE SERVICES,"ENGLISH CHURCH ROAD, PALAKKAD",KERALA,INDIA,678014,,1,,,,0.000,,,,0.00,0.000,,,,0.00,,,,,,,,Government Stamping Fee 20 KG,Serial No:TH14912 To TH14931,998729,20.00,0.00,0.0,0.00,3400.00,,FALSE,99381000000172016,Sales,SF20,,,,,nos,170.00,Zero Rated,99381000000006152,GST0,0.00,Tax Group,,,,0.00,0.00,0.00,0.00,0.00,0.00,0.00,0.00,0.00,0.00,0.00,0.00,,goods,,,
2020-09-09,99381000001361094,EST047,sent,99381000000014010,Cochin,,,INR,1.00,entity_level,true,0.00,false,10100.00,10100.00,0.00,Looking forward for your business.,,SOUTHERN SCALE SERVICES,32,32-Kerala,business_gst,32AANFS5802P1ZR,NO,NO,,,,SOUTHERN SCALE SERVICES,"ENGLISH CHURCH ROAD, PALAKKAD",KERALA,INDIA,678014,,Standard Template,Adjustment,SOUTHERN SCALE SERVICES,"ENGLISH CHURCH ROAD, PALAKKAD",KERALA,INDIA,678014,,1,,,,0.000,,,,0.00,0.000,,,,0.00,,,,,,,,Government Stamping Fee 50 kg,Serial No:TH13233 To TH13252,998729,20.00,0.00,0.0,0.00,6700.00,,FALSE,99381000000186036,Sales,SF50,,,,,nos,335.00,Zero Rated,99381000000006152,GST0,0.00,Tax Group,,,,0.00,0.00,0.00,0.00,0.00,0.00,0.00,0.00,0.00,0.00,0.00,0.00,,goods,,,
2020-09-09,99381000001361192,EST048,sent,99381000000151001,Cochin,,,INR,1.00,entity_level,true,0.00,false,2345.00,2345.00,0.00,Looking forward for your business.,,Dynamic Enterprises,32,32-Kerala,business_gst,32ATJPS7075B1ZN,NO,NO,,,,XIV/217C SUNRISE BUILDING,THRISSUR,Kerala,India,680121,,Standard Template,Adjustment,"YELLOW SCALES
Kumbalam Jn.
Kumbalam",Ernakulam,Kerala,India,682506,,1,,,,0.000,,,,0.00,0.000,,,,0.00,,,,,,,,Government Stamping Fee 30 kg,Serial No:TH15025 To TH15031,998729,7.00,0.00,0.0,0.00,2345.00,,FALSE,99381000000186027,Sales,SF30,,,,,nos,335.00,Zero Rated,99381000000006152,GST0,0.00,Tax Group,,,,0.00,0.00,0.00,0.00,0.00,0.00,0.00,0.00,0.00,0.00,0.00,0.00,,goods,,,
2020-09-10,99381000001358366,EST049,sent,99381000000954630,Cochin,,,INR,1.00,entity_level,true,0.00,false,3350.00,3350.00,0.00,Looking forward for your business.,,GIHON SCALES,32,32-Kerala,business_gst,32ADGPT4194H1ZC,NO,NO,,,,"1st Floor, Kulanada P.O
Njettoor",Pathanamthitta,Kerala,India,689502,,Standard Template,Adjustment,"1st Floor, Kulanada P.O
Njettoor",Pathanamthitta,Kerala,India,689502,,1,,,,0.000,,,,0.00,0.000,,,,0.00,,,,,,,,Government Stamping Fee 50 kg,"Serial No:TH13253 & TH13254
                 TH13497 To TH13504",998729,10.00,0.00,0.0,0.00,3350.00,,FALSE,99381000000186036,Sales,SF50,,,,,nos,335.00,Zero Rated,99381000000006152,GST0,0.00,Tax Group,,,,0.00,0.00,0.00,0.00,0.00,0.00,0.00,0.00,0.00,0.00,0.00,0.00,,goods,,,
2020-09-10,99381000001358446,EST050,sent,99381000000126001,Cochin,,,INR,1.00,entity_level,true,0.00,false,3685.00,3685.00,0.00,Looking forward for your business.,,YELLOW SCALES,32,32-Kerala,business_gst,32CPDPS6051P1ZG,NO,NO,,,,KUMBALAM JUNCTION,KOCHIN,KERALA,India,682506,,Standard Template,Adjustment,KUMBALAM JUNCTION,KOCHIN,KERALA,India,682506,,1,,,,0.000,,,,0.00,0.000,,,,0.00,,,,,,,,Government Stamping Fee 30 kg,Serial No:TH15063 To TH15073,998729,11.00,0.00,0.0,0.00,3685.00,,FALSE,99381000000186027,Sales,SF30,,,,,nos,335.00,Zero Rated,99381000000006152,GST0,0.00,Tax Group,,,,0.00,0.00,0.00,0.00,0.00,0.00,0.00,0.00,0.00,0.00,0.00,0.00,,goods,,,
2020-09-10,99381000001358664,EST051,sent,99381000000017088,Cochin,,,INR,1.00,entity_level,true,0.00,false,7730.00,7730.00,0.00,Looking forward for your business.,,ALFA SYSTEMS-CHALAKKUDY,32,32-Kerala,business_gst,32BSHPK8953L1Z8,NO,NO,,,,"6/721B, Murikkingal Road, Pallikunnu,
Kodaly,",THRISSUR,KERALA,India,680699,,Standard Template,Adjustment,"6/721B, Murikkingal Road,
Pallikkunnu, Koday",,KERALA,India,680699,,1,,,,0.000,,,,0.00,0.000,,,,0.00,,,,,,,,Government Stamping Fee 20 KG,Serial No:TI17685 To TI17694,998729,10.00,0.00,0.0,0.00,1700.00,,FALSE,99381000000172016,Sales,SF20,,,,,nos,170.00,Zero Rated,99381000000006152,GST0,0.00,Tax Group,,,,0.00,0.00,0.00,0.00,0.00,0.00,0.00,0.00,0.00,0.00,0.00,0.00,,goods,,,
2020-09-10,99381000001358664,EST051,sent,99381000000017088,Cochin,,,INR,1.00,entity_level,true,0.00,false,7730.00,7730.00,0.00,Looking forward for your business.,,ALFA SYSTEMS-CHALAKKUDY,32,32-Kerala,business_gst,32BSHPK8953L1Z8,NO,NO,,,,"6/721B, Murikkingal Road, Pallikunnu,
Kodaly,",THRISSUR,KERALA,India,680699,,Standard Template,Adjustment,"6/721B, Murikkingal Road,
Pallikkunnu, Koday",,KERALA,India,680699,,1,,,,0.000,,,,0.00,0.000,,,,0.00,,,,,,,,Government Stamping Fee 50 kg,Serial No:TH14187 To TH14196,998729,10.00,0.00,0.0,0.00,3350.00,,FALSE,99381000000186036,Sales,SF50,,,,,nos,335.00,Zero Rated,99381000000006152,GST0,0.00,Tax Group,,,,0.00,0.00,0.00,0.00,0.00,0.00,0.00,0.00,0.00,0.00,0.00,0.00,,goods,,,
2020-09-10,99381000001358664,EST051,sent,99381000000017088,Cochin,,,INR,1.00,entity_level,true,0.00,false,7730.00,7730.00,0.00,Looking forward for your business.,,ALFA SYSTEMS-CHALAKKUDY,32,32-Kerala,business_gst,32BSHPK8953L1Z8,NO,NO,,,,"6/721B, Murikkingal Road, Pallikunnu,
Kodaly,",THRISSUR,KERALA,India,680699,,Standard Template,Adjustment,"6/721B, Murikkingal Road,
Pallikkunnu, Koday",,KERALA,India,680699,,1,,,,0.000,,,,0.00,0.000,,,,0.00,,,,,,,,Government Stamping Fee 100Kg,Serial No:TH12386 To TH12390,998729,5.00,0.00,0.0,0.00,1675.00,,FALSE,99381000000663063,Sales,SF100,,,,,nos,335.00,Zero Rated,99381000000006152,GST0,0.00,Tax Group,,,,0.00,0.00,0.00,0.00,0.00,0.00,0.00,0.00,0.00,0.00,0.00,0.00,,goods,,,
2020-09-10,99381000001358664,EST051,sent,99381000000017088,Cochin,,,INR,1.00,entity_level,true,0.00,false,7730.00,7730.00,0.00,Looking forward for your business.,,ALFA SYSTEMS-CHALAKKUDY,32,32-Kerala,business_gst,32BSHPK8953L1Z8,NO,NO,,,,"6/721B, Murikkingal Road, Pallikunnu,
Kodaly,",THRISSUR,KERALA,India,680699,,Standard Template,Adjustment,"6/721B, Murikkingal Road,
Pallikkunnu, Koday",,KERALA,India,680699,,1,,,,0.000,,,,0.00,0.000,,,,0.00,,,,,,,,Government Stamping Fee 200Kg,Serial No:TH12792 To TH12794,998729,3.00,0.00,0.0,0.00,1005.00,,FALSE,99381000000548508,Sales,SF200,,,,,nos,335.00,Zero Rated,99381000000006152,GST0,0.00,Tax Group,,,,0.00,0.00,0.00,0.00,0.00,0.00,0.00,0.00,0.00,0.00,0.00,0.00,,goods,,,
2020-09-12,99381000001358880,EST052,sent,99381000001137001,Cochin,,,INR,1.00,entity_level,true,0.00,false,11800.00,11800.00,0.00,Looking forward for your business.,,AMANA INSTRUMENTS,32,32-Kerala,business_gst,32AVVPA5492J1Z7,NO,NO,,,,"Mukkam Road,
Pathanapuram",Malappuram,Kerala,India,673639,,Standard Template,Adjustment,"Mukkam Road,
Pathanapuram",Malappuram,Kerala,India,673639,,1,,,,0.000,,,,0.00,0.000,,,,0.00,,,,,,,,Government Stamping Fee 20 KG,Serial No:TI17735 To TI17764,998729,30.00,0.00,0.0,0.00,5100.00,,FALSE,99381000000172016,Sales,SF20,,,,,nos,170.00,Zero Rated,99381000000006152,GST0,0.00,Tax Group,,,,0.00,0.00,0.00,0.00,0.00,0.00,0.00,0.00,0.00,0.00,0.00,0.00,,goods,,,
2020-09-12,99381000001358880,EST052,sent,99381000001137001,Cochin,,,INR,1.00,entity_level,true,0.00,false,11800.00,11800.00,0.00,Looking forward for your business.,,AMANA INSTRUMENTS,32,32-Kerala,business_gst,32AVVPA5492J1Z7,NO,NO,,,,"Mukkam Road,
Pathanapuram",Malappuram,Kerala,India,673639,,Standard Template,Adjustment,"Mukkam Road,
Pathanapuram",Malappuram,Kerala,India,673639,,1,,,,0.000,,,,0.00,0.000,,,,0.00,,,,,,,,Government Stamping Fee 30 kg,Serial No:TH15074 To TH15087 & TH12252,998729,15.00,0.00,0.0,0.00,5025.00,,FALSE,99381000000186027,Sales,SF30,,,,,nos,335.00,Zero Rated,99381000000006152,GST0,0.00,Tax Group,,,,0.00,0.00,0.00,0.00,0.00,0.00,0.00,0.00,0.00,0.00,0.00,0.00,,goods,,,
2020-09-12,99381000001358880,EST052,sent,99381000001137001,Cochin,,,INR,1.00,entity_level,true,0.00,false,11800.00,11800.00,0.00,Looking forward for your business.,,AMANA INSTRUMENTS,32,32-Kerala,business_gst,32AVVPA5492J1Z7,NO,NO,,,,"Mukkam Road,
Pathanapuram",Malappuram,Kerala,India,673639,,Standard Template,Adjustment,"Mukkam Road,
Pathanapuram",Malappuram,Kerala,India,673639,,1,,,,0.000,,,,0.00,0.000,,,,0.00,,,,,,,,Government Stamping Fee 100Kg,"Serial No:TH12391 & TH12392
                 TH12775 To TH12777",998729,5.00,0.00,0.0,0.00,1675.00,,FALSE,99381000000663063,Sales,SF100,,,,,nos,335.00,Zero Rated,99381000000006152,GST0,0.00,Tax Group,,,,0.00,0.00,0.00,0.00,0.00,0.00,0.00,0.00,0.00,0.00,0.00,0.00,,goods,,,
2020-09-12,99381000001358906,EST053,sent,99381000000011046,Cochin,,,INR,1.00,entity_level,true,0.00,false,8710.00,8710.00,0.00,Looking forward for your business.,,GLOBAL DIGITAL SYSTEM,32,32-Kerala,consumer,,NO,NO,,,,Baris Complex,"Vengara, Malappuram",Kerala,,676304,,Standard Template,Adjustment,Baris Complex,"Vengara, Malappuram",Kerala,,676304,,1,,,,0.000,,,,0.00,0.000,,,,0.00,,,,,,,,Government Stamping Fee 30 kg,Serial No:TH12253 To TH12269,998729,17.00,0.00,0.0,0.00,5695.00,,FALSE,99381000000186027,Sales,SF30,,,,,nos,335.00,Zero Rated,99381000000006152,GST0,0.00,Tax Group,,,,0.00,0.00,0.00,0.00,0.00,0.00,0.00,0.00,0.00,0.00,0.00,0.00,,goods,,,
2020-09-12,99381000001358906,EST053,sent,99381000000011046,Cochin,,,INR,1.00,entity_level,true,0.00,false,8710.00,8710.00,0.00,Looking forward for your business.,,GLOBAL DIGITAL SYSTEM,32,32-Kerala,consumer,,NO,NO,,,,Baris Complex,"Vengara, Malappuram",Kerala,,676304,,Standard Template,Adjustment,Baris Complex,"Vengara, Malappuram",Kerala,,676304,,1,,,,0.000,,,,0.00,0.000,,,,0.00,,,,,,,,Government Stamping Fee 50 kg,Serial No:TH14748 To TH14756,998729,9.00,0.00,0.0,0.00,3015.00,,FALSE,99381000000186036,Sales,SF50,,,,,nos,335.00,Zero Rated,99381000000006152,GST0,0.00,Tax Group,,,,0.00,0.00,0.00,0.00,0.00,0.00,0.00,0.00,0.00,0.00,0.00,0.00,,goods,,,
2020-09-12,99381000001373030,EST054,sent,99381000000112170,Cochin,,,INR,1.00,entity_level,true,0.00,false,8375.00,8375.00,0.00,Looking forward for your business.,,MEEZAN ELECTRONIC SCALES PRIVATE LIMITED,32,32-Kerala,business_gst,32AAECM1277C1ZY,NO,NO,,,,"8/308A Meezan Tower 
Calicut Road , Manjeri",MANJERI,Kerala,India,676121,,Standard Template,Adjustment,"8/308A Meezan Tower 
Calicut Road , Manjeri",MANJERI,Kerala,India,676121,,1,,,,0.000,,,,0.00,0.000,,,,0.00,,,,,,,,Government Stamping Fee 50 kg,Serial No:TH13505 To TH13519,998729,15.00,0.00,0.0,0.00,5025.00,,FALSE,99381000000186036,Sales,SF50,,,,,nos,335.00,Zero Rated,99381000000006152,GST0,0.00,Tax Group,,,,0.00,0.00,0.00,0.00,0.00,0.00,0.00,0.00,0.00,0.00,0.00,0.00,,goods,,,
2020-09-12,99381000001373030,EST054,sent,99381000000112170,Cochin,,,INR,1.00,entity_level,true,0.00,false,8375.00,8375.00,0.00,Looking forward for your business.,,MEEZAN ELECTRONIC SCALES PRIVATE LIMITED,32,32-Kerala,business_gst,32AAECM1277C1ZY,NO,NO,,,,"8/308A Meezan Tower 
Calicut Road , Manjeri",MANJERI,Kerala,India,676121,,Standard Template,Adjustment,"8/308A Meezan Tower 
Calicut Road , Manjeri",MANJERI,Kerala,India,676121,,1,,,,0.000,,,,0.00,0.000,,,,0.00,,,,,,,,Government Stamping Fee 30 kg,Serial No:TH12270 To TH12274,998729,5.00,0.00,0.0,0.00,1675.00,,FALSE,99381000000186027,Sales,SF30,,,,,nos,335.00,Zero Rated,99381000000006152,GST0,0.00,Tax Group,,,,0.00,0.00,0.00,0.00,0.00,0.00,0.00,0.00,0.00,0.00,0.00,0.00,,goods,,,
2020-09-12,99381000001373030,EST054,sent,99381000000112170,Cochin,,,INR,1.00,entity_level,true,0.00,false,8375.00,8375.00,0.00,Looking forward for your business.,,MEEZAN ELECTRONIC SCALES PRIVATE LIMITED,32,32-Kerala,business_gst,32AAECM1277C1ZY,NO,NO,,,,"8/308A Meezan Tower 
Calicut Road , Manjeri",MANJERI,Kerala,India,676121,,Standard Template,Adjustment,"8/308A Meezan Tower 
Calicut Road , Manjeri",MANJERI,Kerala,India,676121,,1,,,,0.000,,,,0.00,0.000,,,,0.00,,,,,,,,Government Stamping Fee 100Kg,Serial No:TH12778 To TH12782,998729,5.00,0.00,0.0,0.00,1675.00,,FALSE,99381000000663063,Sales,SF100,,,,,nos,335.00,Zero Rated,99381000000006152,GST0,0.00,Tax Group,,,,0.00,0.00,0.00,0.00,0.00,0.00,0.00,0.00,0.00,0.00,0.00,0.00,,goods,,,
2020-09-14,99381000001376001,EST055,sent,99381000000231096,Cochin,,,INR,1.00,entity_level,true,0.00,false,2090.00,2090.00,0.00,Looking forward for your business.,,Victory Scales,32,32-Kerala,business_gst,32AAAAV1247P1ZC,NO,NO,,,,"M/s Victory Scales
CSI Ascension Square, Below ICICI Bank","Kottayam,",Kerala,India,686016,,Standard Template,Adjustment,"Manickathinal Building,","Kottayam,",Kerala,India,686016,,1,,,,0.000,,,,0.00,0.000,,,,0.00,,,,,,,,Government Stamping Fee 200Kg,"Serial No:TH12795 To TH12797
                 TH12798 & TH12799",998729,5.00,0.00,0.0,0.00,1675.00,,FALSE,99381000000548508,Sales,SF200,,,,,nos,335.00,Zero Rated,99381000000006152,GST0,0.00,Tax Group,,,,0.00,0.00,0.00,0.00,0.00,0.00,0.00,0.00,0.00,0.00,0.00,0.00,,goods,,,
2020-09-14,99381000001376001,EST055,sent,99381000000231096,Cochin,,,INR,1.00,entity_level,true,0.00,false,2090.00,2090.00,0.00,Looking forward for your business.,,Victory Scales,32,32-Kerala,business_gst,32AAAAV1247P1ZC,NO,NO,,,,"M/s Victory Scales
CSI Ascension Square, Below ICICI Bank","Kottayam,",Kerala,India,686016,,Standard Template,Adjustment,"Manickathinal Building,","Kottayam,",Kerala,India,686016,,1,,,,0.000,,,,0.00,0.000,,,,0.00,,,,,,,,Government Stamping Fee 300kg,Serial No:TH12819 ,998729,1.00,0.00,0.0,0.00,415.00,,FALSE,99381000000548525,Sales,SF300,,,,,nos,415.00,Zero Rated,99381000000006152,GST0,0.00,Tax Group,,,,0.00,0.00,0.00,0.00,0.00,0.00,0.00,0.00,0.00,0.00,0.00,0.00,,goods,,,
2020-09-14,99381000001376033,EST056,sent,99381000005496103,Cochin,,,INR,1.00,entity_level,true,0.00,false,8375.00,8375.00,0.00,Looking forward for your business.,,MALABAR SCALES- Thirssur,32,32-Kerala,business_gst,32AAWFM8788R1ZT,NO,NO,,,,"Garden Complex,2nd floor","Kodugallur,Thrissur",Kerala,,680664,,Standard Template,Adjustment,"Garden Complex,2nd floor","Kodugallur,Thrissur",Kerala,,680664,,1,,,,0.000,,,,0.00,0.000,,,,0.00,,,,,,,,Government Stamping Fee 50 kg,Serial No:TH14767 & TI17593 To TI17616,998729,25.00,0.00,0.0,0.00,8375.00,,FALSE,99381000000186036,Sales,SF50,,,,,nos,335.00,Zero Rated,99381000000006152,GST0,0.00,Tax Group,,,,0.00,0.00,0.00,0.00,0.00,0.00,0.00,0.00,0.00,0.00,0.00,0.00,,goods,,,
2020-09-15,99381000001384329,EST057,sent,99381000001357477,Cochin,,,INR,1.00,entity_level,true,0.00,false,6570.00,6570.00,0.00,Looking forward for your business.,,Solid Solutions,32,32-Kerala,business_gst,32EKEPS4055R1ZJ,NO,NO,,,,"37/3361-A, Malamel Building, Sahrudaya Nagar",Ernakulam,Kerala,India,682024,,Standard Template,Adjustment,"37/3361-A, Malamel Building, Sahrudaya Nagar",Ernakulam,Kerala,India,682024,,1,,,,0.000,,,,0.00,0.000,,,,0.00,,,,,,,,Government Stamping Fee 50 kg,,998729,12.00,0.00,0.0,0.00,4020.00,,FALSE,99381000000186036,Sales,SF50,,,,,nos,335.00,Zero Rated,99381000000006152,GST0,0.00,Tax Group,,,,0.00,0.00,0.00,0.00,0.00,0.00,0.00,0.00,0.00,0.00,0.00,0.00,,goods,,,
2020-09-15,99381000001384329,EST057,sent,99381000001357477,Cochin,,,INR,1.00,entity_level,true,0.00,false,6570.00,6570.00,0.00,Looking forward for your business.,,Solid Solutions,32,32-Kerala,business_gst,32EKEPS4055R1ZJ,NO,NO,,,,"37/3361-A, Malamel Building, Sahrudaya Nagar",Ernakulam,Kerala,India,682024,,Standard Template,Adjustment,"37/3361-A, Malamel Building, Sahrudaya Nagar",Ernakulam,Kerala,India,682024,,1,,,,0.000,,,,0.00,0.000,,,,0.00,,,,,,,,Government Stamping Fee 20 KG,,998729,15.00,0.00,0.0,0.00,2550.00,,FALSE,99381000000172016,Sales,SF20,,,,,nos,170.00,Zero Rated,99381000000006152,GST0,0.00,Tax Group,,,,0.00,0.00,0.00,0.00,0.00,0.00,0.00,0.00,0.00,0.00,0.00,0.00,,goods,,,
2020-09-15,99381000001384355,EST058,sent,99381000001357379,Cochin,,,INR,1.00,entity_level,true,0.00,false,8400.00,8400.00,0.00,Looking forward for your business.,,Modern Scales-Kerala,32,32-Kerala,business_gst,32AUUPT2223Q1ZY,NO,NO,,,,"Modern Scales, Palathingal",Malappuram,Kerala,India,679331,,Standard Template,Adjustment,"Modern Scales, Palathingal",Malappuram,Kerala,India,679331,,1,,,,0.000,,,,0.00,0.000,,,,0.00,,,,,,,,Government Stamping Fee 50 kg,,998729,20.00,0.00,0.0,0.00,6700.00,,FALSE,99381000000186036,Sales,SF50,,,,,nos,335.00,Zero Rated,99381000000006152,GST0,0.00,Tax Group,,,,0.00,0.00,0.00,0.00,0.00,0.00,0.00,0.00,0.00,0.00,0.00,0.00,,goods,,,
2020-09-15,99381000001384355,EST058,sent,99381000001357379,Cochin,,,INR,1.00,entity_level,true,0.00,false,8400.00,8400.00,0.00,Looking forward for your business.,,Modern Scales-Kerala,32,32-Kerala,business_gst,32AUUPT2223Q1ZY,NO,NO,,,,"Modern Scales, Palathingal",Malappuram,Kerala,India,679331,,Standard Template,Adjustment,"Modern Scales, Palathingal",Malappuram,Kerala,India,679331,,1,,,,0.000,,,,0.00,0.000,,,,0.00,,,,,,,,Government Stamping Fee 20 KG,,998729,10.00,0.00,0.0,0.00,1700.00,,FALSE,99381000000172016,Sales,SF20,,,,,nos,170.00,Zero Rated,99381000000006152,GST0,0.00,Tax Group,,,,0.00,0.00,0.00,0.00,0.00,0.00,0.00,0.00,0.00,0.00,0.00,0.00,,goods,,,
2020-09-15,99381000001384371,EST059,sent,99381000001357613,Cochin,,,INR,1.00,entity_level,true,0.00,false,2860.00,2860.00,0.00,Looking forward for your business.,,New Scale land,32,32-Kerala,business_gst,32BLEPM2997Q1ZD,NO,NO,,,,"New Scale Land, Room No: 302, Poozhikkunnel Building",Kottayam,Kerala,India,686028,,Standard Template,Adjustment,"New Scale Land, Room No: 302, Poozhikkunnel Building",Kottayam,Kerala,India,686028,,1,,,,0.000,,,,0.00,0.000,,,,0.00,,,,,,,,Government Stamping Fee 20 KG,Serial No:TI20083 To TI20087,998729,5.00,0.00,0.0,0.00,850.00,,FALSE,99381000000172016,Sales,SF20,,,,,nos,170.00,Zero Rated,99381000000006152,GST0,0.00,Tax Group,,,,0.00,0.00,0.00,0.00,0.00,0.00,0.00,0.00,0.00,0.00,0.00,0.00,,goods,,,
2020-09-15,99381000001384371,EST059,sent,99381000001357613,Cochin,,,INR,1.00,entity_level,true,0.00,false,2860.00,2860.00,0.00,Looking forward for your business.,,New Scale land,32,32-Kerala,business_gst,32BLEPM2997Q1ZD,NO,NO,,,,"New Scale Land, Room No: 302, Poozhikkunnel Building",Kottayam,Kerala,India,686028,,Standard Template,Adjustment,"New Scale Land, Room No: 302, Poozhikkunnel Building",Kottayam,Kerala,India,686028,,1,,,,0.000,,,,0.00,0.000,,,,0.00,,,,,,,,Government Stamping Fee 50 kg,Serial No:TI19819 To TI19824,998729,6.00,0.00,0.0,0.00,2010.00,,FALSE,99381000000186036,Sales,SF50,,,,,nos,335.00,Zero Rated,99381000000006152,GST0,0.00,Tax Group,,,,0.00,0.00,0.00,0.00,0.00,0.00,0.00,0.00,0.00,0.00,0.00,0.00,,goods,,,
2020-09-15,99381000001384387,EST060,sent,99381000001357416,Cochin,,,INR,1.00,entity_level,true,0.00,false,15645.00,15645.00,0.00,Looking forward for your business.,,V K ELECTRONICS,32,32-Kerala,business_none,,NO,NO,,,,"V K ELECTRONICS, M P Road, Poonoor",Calicut,Kerala,India,673574,,Standard Template,Adjustment,"V K ELECTRONICS, M P Road, Poonoor",Calicut,Kerala,India,673574,,1,,,,0.000,,,,0.00,0.000,,,,0.00,,,,,,,,Government Stamping Fee 50 kg,,998729,28.00,0.00,0.0,0.00,9380.00,,FALSE,99381000000186036,Sales,SF50,,,,,nos,335.00,Zero Rated,99381000000006152,GST0,0.00,Tax Group,,,,0.00,0.00,0.00,0.00,0.00,0.00,0.00,0.00,0.00,0.00,0.00,0.00,,goods,,,
2020-09-15,99381000001384387,EST060,sent,99381000001357416,Cochin,,,INR,1.00,entity_level,true,0.00,false,15645.00,15645.00,0.00,Looking forward for your business.,,V K ELECTRONICS,32,32-Kerala,business_none,,NO,NO,,,,"V K ELECTRONICS, M P Road, Poonoor",Calicut,Kerala,India,673574,,Standard Template,Adjustment,"V K ELECTRONICS, M P Road, Poonoor",Calicut,Kerala,India,673574,,1,,,,0.000,,,,0.00,0.000,,,,0.00,,,,,,,,Government Stamping Fee 20 KG,,998729,27.00,0.00,0.0,0.00,4590.00,,FALSE,99381000000172016,Sales,SF20,,,,,nos,170.00,Zero Rated,99381000000006152,GST0,0.00,Tax Group,,,,0.00,0.00,0.00,0.00,0.00,0.00,0.00,0.00,0.00,0.00,0.00,0.00,,goods,,,
2020-09-15,99381000001384387,EST060,sent,99381000001357416,Cochin,,,INR,1.00,entity_level,true,0.00,false,15645.00,15645.00,0.00,Looking forward for your business.,,V K ELECTRONICS,32,32-Kerala,business_none,,NO,NO,,,,"V K ELECTRONICS, M P Road, Poonoor",Calicut,Kerala,India,673574,,Standard Template,Adjustment,"V K ELECTRONICS, M P Road, Poonoor",Calicut,Kerala,India,673574,,1,,,,0.000,,,,0.00,0.000,,,,0.00,,,,,,,,Government Stamping Fee 30 kg,,998729,5.00,0.00,0.0,0.00,1675.00,,FALSE,99381000000186027,Sales,SF30,,,,,nos,335.00,Zero Rated,99381000000006152,GST0,0.00,Tax Group,,,,0.00,0.00,0.00,0.00,0.00,0.00,0.00,0.00,0.00,0.00,0.00,0.00,,goods,,,
2020-09-15,99381000001384403,EST061,sent,99381000000850389,Cochin,,,INR,1.00,entity_level,true,0.00,false,5720.00,5720.00,0.00,Looking forward for your business.,,Eva Scales,32,32-Kerala,business_gst,32BFKPT8939R1Z9,NO,NO,,,,"Vellayamkudi PO ,
KSRTC Junction",Idukki,Kerala,India,685515,,Standard Template,Adjustment,"Eva Scales, Vellayamkudi PO ,  KSRTC Junction",Idukki,Kerala,India,685515,,1,,,,0.000,,,,0.00,0.000,,,,0.00,,,,,,,,Government Stamping Fee 50 kg,,998729,12.00,0.00,0.0,0.00,4020.00,,FALSE,99381000000186036,Sales,SF50,,,,,nos,335.00,Zero Rated,99381000000006152,GST0,0.00,Tax Group,,,,0.00,0.00,0.00,0.00,0.00,0.00,0.00,0.00,0.00,0.00,0.00,0.00,,goods,,,
2020-09-15,99381000001384403,EST061,sent,99381000000850389,Cochin,,,INR,1.00,entity_level,true,0.00,false,5720.00,5720.00,0.00,Looking forward for your business.,,Eva Scales,32,32-Kerala,business_gst,32BFKPT8939R1Z9,NO,NO,,,,"Vellayamkudi PO ,
KSRTC Junction",Idukki,Kerala,India,685515,,Standard Template,Adjustment,"Eva Scales, Vellayamkudi PO ,  KSRTC Junction",Idukki,Kerala,India,685515,,1,,,,0.000,,,,0.00,0.000,,,,0.00,,,,,,,,Government Stamping Fee 20 KG,,998729,10.00,0.00,0.0,0.00,1700.00,,FALSE,99381000000172016,Sales,SF20,,,,,nos,170.00,Zero Rated,99381000000006152,GST0,0.00,Tax Group,,,,0.00,0.00,0.00,0.00,0.00,0.00,0.00,0.00,0.00,0.00,0.00,0.00,,goods,,,
2020-09-15,99381000001384419,EST062,sent,99381000001357095,Cochin,,,INR,1.00,entity_level,true,0.00,false,10720.00,10720.00,0.00,Looking forward for your business.,,Chipdot Enterprises,32,32-Kerala,business_gst,32DOVPK2733G1ZT,NO,NO,,,,"Chipdot Enterprises,3/5,Asma Tower",Malappuram,ker,India,676503,,Standard Template,Adjustment,"Chipdot Enterprises,3/5,Asma Tower",Malappuram,ker,India,676503,,1,,,,0.000,,,,0.00,0.000,,,,0.00,,,,,,,,Government Stamping Fee 50 kg,,998729,12.00,0.00,0.0,0.00,4020.00,,FALSE,99381000000186036,Sales,SF50,,,,,nos,335.00,Zero Rated,99381000000006152,GST0,0.00,Tax Group,,,,0.00,0.00,0.00,0.00,0.00,0.00,0.00,0.00,0.00,0.00,0.00,0.00,,goods,,,
2020-09-15,99381000001384419,EST062,sent,99381000001357095,Cochin,,,INR,1.00,entity_level,true,0.00,false,10720.00,10720.00,0.00,Looking forward for your business.,,Chipdot Enterprises,32,32-Kerala,business_gst,32DOVPK2733G1ZT,NO,NO,,,,"Chipdot Enterprises,3/5,Asma Tower",Malappuram,ker,India,676503,,Standard Template,Adjustment,"Chipdot Enterprises,3/5,Asma Tower",Malappuram,ker,India,676503,,1,,,,0.000,,,,0.00,0.000,,,,0.00,,,,,,,,Government Stamping Fee 30 kg,,998729,20.00,0.00,0.0,0.00,6700.00,,FALSE,99381000000186027,Sales,SF30,,,,,nos,335.00,Zero Rated,99381000000006152,GST0,0.00,Tax Group,,,,0.00,0.00,0.00,0.00,0.00,0.00,0.00,0.00,0.00,0.00,0.00,0.00,,goods,,,
2020-09-15,99381000001384443,EST063,sent,99381000001357054,Cochin,,,INR,1.00,entity_level,true,0.00,false,5720.00,5720.00,0.00,Looking forward for your business.,,Weigh India,32,32-Kerala,business_gst,32ASYPR6078D1Z6,NO,NO,,,,"Weigh India, 31/1015 , First Floor",Malappuram,Kerala,India,679322,,Standard Template,Adjustment,"Weigh India, 31/1015 , First Floor",Malappuram,Kerala,India,679322,,1,,,,0.000,,,,0.00,0.000,,,,0.00,,,,,,,,Government Stamping Fee 50 kg,,998729,12.00,0.00,0.0,0.00,4020.00,,FALSE,99381000000186036,Sales,SF50,,,,,nos,335.00,Zero Rated,99381000000006152,GST0,0.00,Tax Group,,,,0.00,0.00,0.00,0.00,0.00,0.00,0.00,0.00,0.00,0.00,0.00,0.00,,goods,,,
2020-09-15,99381000001384443,EST063,sent,99381000001357054,Cochin,,,INR,1.00,entity_level,true,0.00,false,5720.00,5720.00,0.00,Looking forward for your business.,,Weigh India,32,32-Kerala,business_gst,32ASYPR6078D1Z6,NO,NO,,,,"Weigh India, 31/1015 , First Floor",Malappuram,Kerala,India,679322,,Standard Template,Adjustment,"Weigh India, 31/1015 , First Floor",Malappuram,Kerala,India,679322,,1,,,,0.000,,,,0.00,0.000,,,,0.00,,,,,,,,Government Stamping Fee 20 KG,,998729,10.00,0.00,0.0,0.00,1700.00,,FALSE,99381000000172016,Sales,SF20,,,,,nos,170.00,Zero Rated,99381000000006152,GST0,0.00,Tax Group,,,,0.00,0.00,0.00,0.00,0.00,0.00,0.00,0.00,0.00,0.00,0.00,0.00,,goods,,,
2020-09-15,99381000001384459,EST064,sent,99381000001357152,Cochin,,,INR,1.00,entity_level,true,0.00,false,7760.00,7760.00,0.00,Looking forward for your business.,,Bharath Scale-Kasargod,32,32-Kerala,business_gst,32CXGPR5017M1Z8,NO,NO,,,,"Bharath Scale, NH Road, Karuvachery",Kasargod,Kerala,India,671314,,Standard Template,Adjustment,"Bharath Scale, NH Road, Karuvachery",Kasargod,Kerala,India,671314,,1,,,,0.000,,,,0.00,0.000,,,,0.00,,,,,,,,Government Stamping Fee 50 kg,,998729,12.00,0.00,0.0,0.00,4020.00,,FALSE,99381000000186036,Sales,SF50,,,,,nos,335.00,Zero Rated,99381000000006152,GST0,0.00,Tax Group,,,,0.00,0.00,0.00,0.00,0.00,0.00,0.00,0.00,0.00,0.00,0.00,0.00,,goods,,,
2020-09-15,99381000001384459,EST064,sent,99381000001357152,Cochin,,,INR,1.00,entity_level,true,0.00,false,7760.00,7760.00,0.00,Looking forward for your business.,,Bharath Scale-Kasargod,32,32-Kerala,business_gst,32CXGPR5017M1Z8,NO,NO,,,,"Bharath Scale, NH Road, Karuvachery",Kasargod,Kerala,India,671314,,Standard Template,Adjustment,"Bharath Scale, NH Road, Karuvachery",Kasargod,Kerala,India,671314,,1,,,,0.000,,,,0.00,0.000,,,,0.00,,,,,,,,Government Stamping Fee 20 KG,,998729,22.00,0.00,0.0,0.00,3740.00,,FALSE,99381000000172016,Sales,SF20,,,,,nos,170.00,Zero Rated,99381000000006152,GST0,0.00,Tax Group,,,,0.00,0.00,0.00,0.00,0.00,0.00,0.00,0.00,0.00,0.00,0.00,0.00,,goods,,,
2020-09-15,99381000001384475,EST065,sent,99381000000126001,Cochin,,,INR,1.00,entity_level,true,0.00,false,9130.00,9130.00,0.00,Looking forward for your business.,,YELLOW SCALES,32,32-Kerala,business_gst,32CPDPS6051P1ZG,NO,NO,,,,KUMBALAM JUNCTION,KOCHIN,KERALA,India,682506,,Standard Template,Adjustment,KUMBALAM JUNCTION,KOCHIN,KERALA,India,682506,,1,,,,0.000,,,,0.00,0.000,,,,0.00,,,,,,,,Government Stamping Fee 20 KG,Serial No:TI17765 To TI17798,998729,34.00,0.00,0.0,0.00,5780.00,,FALSE,99381000000172016,Sales,SF20,,,,,nos,170.00,Zero Rated,99381000000006152,GST0,0.00,Tax Group,,,,0.00,0.00,0.00,0.00,0.00,0.00,0.00,0.00,0.00,0.00,0.00,0.00,,goods,,,
2020-09-15,99381000001384475,EST065,sent,99381000000126001,Cochin,,,INR,1.00,entity_level,true,0.00,false,9130.00,9130.00,0.00,Looking forward for your business.,,YELLOW SCALES,32,32-Kerala,business_gst,32CPDPS6051P1ZG,NO,NO,,,,KUMBALAM JUNCTION,KOCHIN,KERALA,India,682506,,Standard Template,Adjustment,KUMBALAM JUNCTION,KOCHIN,KERALA,India,682506,,1,,,,0.000,,,,0.00,0.000,,,,0.00,,,,,,,,Government Stamping Fee 50 kg,Serial No:TI17617 To TI17626,998729,10.00,0.00,0.0,0.00,3350.00,,FALSE,99381000000186036,Sales,SF50,,,,,nos,335.00,Zero Rated,99381000000006152,GST0,0.00,Tax Group,,,,0.00,0.00,0.00,0.00,0.00,0.00,0.00,0.00,0.00,0.00,0.00,0.00,,goods,,,
2020-09-15,99381000001385027,EST066,sent,99381000000151001,Cochin,,,INR,1.00,entity_level,true,0.00,false,10750.00,10750.00,0.00,Looking forward for your business.,,Dynamic Enterprises,32,32-Kerala,business_gst,32ATJPS7075B1ZN,NO,NO,,,,XIV/217C SUNRISE BUILDING,THRISSUR,Kerala,India,680121,,Standard Template,Adjustment,XIV/217C SUNRISE BUILDING,THRISSUR,Kerala,India,680121,,1,,,,0.000,,,,0.00,0.000,,,,0.00,,,,,,,,Government Stamping Fee 20 KG,Serial No:TI17799 To TI17813,998729,15.00,0.00,0.0,0.00,2550.00,,FALSE,99381000000172016,Sales,SF20,,,,,nos,170.00,Zero Rated,99381000000006152,GST0,0.00,Tax Group,,,,0.00,0.00,0.00,0.00,0.00,0.00,0.00,0.00,0.00,0.00,0.00,0.00,,goods,,,
2020-09-15,99381000001385027,EST066,sent,99381000000151001,Cochin,,,INR,1.00,entity_level,true,0.00,false,10750.00,10750.00,0.00,Looking forward for your business.,,Dynamic Enterprises,32,32-Kerala,business_gst,32ATJPS7075B1ZN,NO,NO,,,,XIV/217C SUNRISE BUILDING,THRISSUR,Kerala,India,680121,,Standard Template,Adjustment,XIV/217C SUNRISE BUILDING,THRISSUR,Kerala,India,680121,,1,,,,0.000,,,,0.00,0.000,,,,0.00,,,,,,,,Government Stamping Fee 30 kg,Serial No:TH12275 To TH12284,998729,10.00,0.00,0.0,0.00,3350.00,,FALSE,99381000000186027,Sales,SF30,,,,,nos,335.00,Zero Rated,99381000000006152,GST0,0.00,Tax Group,,,,0.00,0.00,0.00,0.00,0.00,0.00,0.00,0.00,0.00,0.00,0.00,0.00,,goods,,,
2020-09-15,99381000001385027,EST066,sent,99381000000151001,Cochin,,,INR,1.00,entity_level,true,0.00,false,10750.00,10750.00,0.00,Looking forward for your business.,,Dynamic Enterprises,32,32-Kerala,business_gst,32ATJPS7075B1ZN,NO,NO,,,,XIV/217C SUNRISE BUILDING,THRISSUR,Kerala,India,680121,,Standard Template,Adjustment,XIV/217C SUNRISE BUILDING,THRISSUR,Kerala,India,680121,,1,,,,0.000,,,,0.00,0.000,,,,0.00,,,,,,,,Government Stamping Fee 50 kg,Serial No:TI17627 To TI17636,998729,10.00,0.00,0.0,0.00,3350.00,,FALSE,99381000000186036,Sales,SF50,,,,,nos,335.00,Zero Rated,99381000000006152,GST0,0.00,Tax Group,,,,0.00,0.00,0.00,0.00,0.00,0.00,0.00,0.00,0.00,0.00,0.00,0.00,,goods,,,
2020-09-15,99381000001385027,EST066,sent,99381000000151001,Cochin,,,INR,1.00,entity_level,true,0.00,false,10750.00,10750.00,0.00,Looking forward for your business.,,Dynamic Enterprises,32,32-Kerala,business_gst,32ATJPS7075B1ZN,NO,NO,,,,XIV/217C SUNRISE BUILDING,THRISSUR,Kerala,India,680121,,Standard Template,Adjustment,XIV/217C SUNRISE BUILDING,THRISSUR,Kerala,India,680121,,1,,,,0.000,,,,0.00,0.000,,,,0.00,,,,,,,,Government Stamping Fee 100Kg,Serial No:TH12783 & TH12784,998729,2.00,0.00,0.0,0.00,670.00,,FALSE,99381000000663063,Sales,SF100,,,,,nos,335.00,Zero Rated,99381000000006152,GST0,0.00,Tax Group,,,,0.00,0.00,0.00,0.00,0.00,0.00,0.00,0.00,0.00,0.00,0.00,0.00,,goods,,,
2020-09-15,99381000001385027,EST066,sent,99381000000151001,Cochin,,,INR,1.00,entity_level,true,0.00,false,10750.00,10750.00,0.00,Looking forward for your business.,,Dynamic Enterprises,32,32-Kerala,business_gst,32ATJPS7075B1ZN,NO,NO,,,,XIV/217C SUNRISE BUILDING,THRISSUR,Kerala,India,680121,,Standard Template,Adjustment,XIV/217C SUNRISE BUILDING,THRISSUR,Kerala,India,680121,,1,,,,0.000,,,,0.00,0.000,,,,0.00,,,,,,,,Government Stamping Fee 300kg,Serial No:TH12821 To TH12822,998729,2.00,0.00,0.0,0.00,830.00,,FALSE,99381000000548525,Sales,SF300,,,,,nos,415.00,Zero Rated,99381000000006152,GST0,0.00,Tax Group,,,,0.00,0.00,0.00,0.00,0.00,0.00,0.00,0.00,0.00,0.00,0.00,0.00,,goods,,,
2020-09-15,99381000001385057,EST067,sent,99381000005496103,Cochin,,,INR,1.00,entity_level,true,0.00,false,4920.00,4920.00,0.00,Looking forward for your business.,,MALABAR SCALES- Thirssur,32,32-Kerala,business_gst,32AAWFM8788R1ZT,NO,NO,,,,"Garden Complex,2nd floor","Kodugallur,Thrissur",Kerala,,680664,,Standard Template,Adjustment,"Garden Complex,2nd floor","Kodugallur,Thrissur",Kerala,,680664,,1,,,,0.000,,,,0.00,0.000,,,,0.00,,,,,,,,Government Stamping Fee 100Kg,Serial No:TH12785 & TH12786,998729,2.00,0.00,0.0,0.00,670.00,,FALSE,99381000000663063,Sales,SF100,,,,,nos,335.00,Zero Rated,99381000000006152,GST0,0.00,Tax Group,,,,0.00,0.00,0.00,0.00,0.00,0.00,0.00,0.00,0.00,0.00,0.00,0.00,,goods,,,
2020-09-15,99381000001385057,EST067,sent,99381000005496103,Cochin,,,INR,1.00,entity_level,true,0.00,false,4920.00,4920.00,0.00,Looking forward for your business.,,MALABAR SCALES- Thirssur,32,32-Kerala,business_gst,32AAWFM8788R1ZT,NO,NO,,,,"Garden Complex,2nd floor","Kodugallur,Thrissur",Kerala,,680664,,Standard Template,Adjustment,"Garden Complex,2nd floor","Kodugallur,Thrissur",Kerala,,680664,,1,,,,0.000,,,,0.00,0.000,,,,0.00,,,,,,,,Government Stamping Fee 20 KG,Serial No:TI17814 To TI17838,998729,25.00,0.00,0.0,0.00,4250.00,,FALSE,99381000000172016,Sales,SF20,,,,,nos,170.00,Zero Rated,99381000000006152,GST0,0.00,Tax Group,,,,0.00,0.00,0.00,0.00,0.00,0.00,0.00,0.00,0.00,0.00,0.00,0.00,,goods,,,
2020-09-16,99381000001390253,EST068,sent,99381000001357054,Cochin,,,INR,1.00,entity_level,true,0.00,false,1020.00,1020.00,0.00,Looking forward for your business.,,Weigh India,32,32-Kerala,business_gst,32ASYPR6078D1Z6,NO,NO,,,,"Weigh India, 31/1015 , First Floor",Malappuram,Kerala,India,679322,,Standard Template,Adjustment,"Weigh India, 31/1015 , First Floor",Malappuram,Kerala,India,679322,,1,,,,0.000,,,,0.00,0.000,,,,0.00,,,,,,,,Government Stamping Fee 20 KG,,998729,6.00,0.00,0.0,0.00,1020.00,,FALSE,99381000000172016,Sales,SF20,,,,,nos,170.00,Zero Rated,99381000000006152,GST0,0.00,Tax Group,,,,0.00,0.00,0.00,0.00,0.00,0.00,0.00,0.00,0.00,0.00,0.00,0.00,,goods,,,
2020-09-16,99381000001390633,EST069,sent,99381000000385047,Cochin,,,INR,1.00,entity_level,true,0.00,false,6700.00,6700.00,0.00,Looking forward for your business.,,GOODWILL ENGINEERS CORPORATION,32,32-Kerala,business_gst,32AAKFG1445M1ZD,NO,NO,,,,14/498,Manjeri,Kerala,,676121,,Standard Template,Adjustment,14/498,Manjeri,Kerala,,676121,,1,,,,0.000,,,,0.00,0.000,,,,0.00,,,,,,,,Government Stamping Fee 50 kg,Serial No:TI17637 To TI17656,998729,20.00,0.00,0.0,0.00,6700.00,,FALSE,99381000000186036,Sales,SF50,,,,,nos,335.00,Zero Rated,99381000000006152,GST0,0.00,Tax Group,,,,0.00,0.00,0.00,0.00,0.00,0.00,0.00,0.00,0.00,0.00,0.00,0.00,,goods,,,
2020-09-16,99381000001390647,EST070,sent,99381000000084733,Cochin,,,INR,1.00,entity_level,true,0.00,false,17830.00,17830.00,0.00,Looking forward for your business.,,ELMASS SYSTEMS & SERVICES,32,32-Kerala,business_gst,32AACFE8918M1Z7,NO,NO,,,,"70/1955 /old 44/2214A5, Martin Eva Holy Tuesday Shopping Mall,
Banerji Road, Mathrubhoomi Jn.",Ernakulam,Kerala,India,682017,,Standard Template,Adjustment,"Souhruda Lane
Lissie Hospital Road",Ernakulam,Kerala,India,682018,,1,,,,0.000,,,,0.00,0.000,,,,0.00,,,,,,,,Government Stamping Fee 20 KG,Serial No:TI17845 To TI17874,998729,30.00,0.00,0.0,0.00,5100.00,,FALSE,99381000000172016,Sales,SF20,,,,,nos,170.00,Zero Rated,99381000000006152,GST0,0.00,Tax Group,,,,0.00,0.00,0.00,0.00,0.00,0.00,0.00,0.00,0.00,0.00,0.00,0.00,,goods,,,
2020-09-16,99381000001390647,EST070,sent,99381000000084733,Cochin,,,INR,1.00,entity_level,true,0.00,false,17830.00,17830.00,0.00,Looking forward for your business.,,ELMASS SYSTEMS & SERVICES,32,32-Kerala,business_gst,32AACFE8918M1Z7,NO,NO,,,,"70/1955 /old 44/2214A5, Martin Eva Holy Tuesday Shopping Mall,
Banerji Road, Mathrubhoomi Jn.",Ernakulam,Kerala,India,682017,,Standard Template,Adjustment,"Souhruda Lane
Lissie Hospital Road",Ernakulam,Kerala,India,682018,,1,,,,0.000,,,,0.00,0.000,,,,0.00,,,,,,,,Government Stamping Fee 50 kg,Serial No:TI17657 To TI17664,998729,8.00,0.00,0.0,0.00,2680.00,,FALSE,99381000000186036,Sales,SF50,,,,,nos,335.00,Zero Rated,99381000000006152,GST0,0.00,Tax Group,,,,0.00,0.00,0.00,0.00,0.00,0.00,0.00,0.00,0.00,0.00,0.00,0.00,,goods,,,
2020-09-16,99381000001390647,EST070,sent,99381000000084733,Cochin,,,INR,1.00,entity_level,true,0.00,false,17830.00,17830.00,0.00,Looking forward for your business.,,ELMASS SYSTEMS & SERVICES,32,32-Kerala,business_gst,32AACFE8918M1Z7,NO,NO,,,,"70/1955 /old 44/2214A5, Martin Eva Holy Tuesday Shopping Mall,
Banerji Road, Mathrubhoomi Jn.",Ernakulam,Kerala,India,682017,,Standard Template,Adjustment,"Souhruda Lane
Lissie Hospital Road",Ernakulam,Kerala,India,682018,,1,,,,0.000,,,,0.00,0.000,,,,0.00,,,,,,,,Government Stamping Fee 30 kg,"Serial No:TH12285 To TH12289
                TH12290 To TH12311
                TH12355 To TH12357",998729,30.00,0.00,0.0,0.00,10050.00,,FALSE,99381000000186027,Sales,SF30,,,,,nos,335.00,Zero Rated,99381000000006152,GST0,0.00,Tax Group,,,,0.00,0.00,0.00,0.00,0.00,0.00,0.00,0.00,0.00,0.00,0.00,0.00,,goods,,,
2020-09-18,99381000001412913,EST071,sent,99381000000011562,Cochin,,,INR,1.00,entity_level,true,0.00,false,2550.00,2550.00,0.00,Looking forward for your business.,,THRASCO SOLUTIONS,32,32-Kerala,consumer,,NO,NO,,,,Tirur Road,Malappuram,kerala,,676102,,Standard Template,Adjustment,Tirur Road,Malappuram,kerala,,676102,,1,,,,0.000,,,,0.00,0.000,,,,0.00,,,,,,,,Government Stamping Fee 20 KG,Serial No:TI17875 To TI17889,998729,15.00,0.00,0.0,0.00,2550.00,,FALSE,99381000000172016,Sales,SF20,,,,,nos,170.00,Zero Rated,99381000000006152,GST0,0.00,Tax Group,,,,0.00,0.00,0.00,0.00,0.00,0.00,0.00,0.00,0.00,0.00,0.00,0.00,,goods,,,
2020-09-21,99381000001415971,EST072,sent,99381000000940651,Cochin,,,INR,1.00,entity_level,true,0.00,false,8375.00,8375.00,0.00,Looking forward for your business.,,MUDRA SCALE-KOZHIKODE,32,32-Kerala,business_gst,32BMNPR6553F1ZS,NO,NO,,,,"KP 15/153-B
Po. Pavandoor",Kozhikode,Kerala,India,673613,,Standard Template,Adjustment,"KP 15/153-B
Po. Pavandoor",Kozhikode,Kerala,India,673613,,1,,,,0.000,,,,0.00,0.000,,,,0.00,,,,,,,,Government Stamping Fee 50 kg,,998729,25.00,0.00,0.0,0.00,8375.00,,FALSE,99381000000186036,Sales,SF50,,,,,nos,335.00,Zero Rated,99381000000006152,GST0,0.00,Tax Group,,,,0.00,0.00,0.00,0.00,0.00,0.00,0.00,0.00,0.00,0.00,0.00,0.00,,goods,,,
2020-09-23,99381000001432152,EST073,sent,99381000000385047,Cochin,,,INR,1.00,entity_level,true,0.00,false,1700.00,1700.00,0.00,Looking forward for your business.,,GOODWILL ENGINEERS CORPORATION,32,32-Kerala,business_gst,32AAKFG1445M1ZD,NO,NO,,,,14/498,Manjeri,Kerala,,676121,,Standard Template,Adjustment,14/498,Manjeri,Kerala,,676121,,1,,,,0.000,,,,0.00,0.000,,,,0.00,,,,,,,,Government Stamping Fee 20 KG,,998729,10.00,0.00,0.0,0.00,1700.00,,FALSE,99381000000172016,Sales,SF20,,,,,nos,170.00,Zero Rated,99381000000006152,GST0,0.00,Tax Group,,,,0.00,0.00,0.00,0.00,0.00,0.00,0.00,0.00,0.00,0.00,0.00,0.00,,goods,,,
2020-09-23,99381000001429521,EST074,sent,99381000000151001,Cochin,,,INR,1.00,entity_level,true,0.00,false,9045.00,9045.00,0.00,Looking forward for your business.,,Dynamic Enterprises,32,32-Kerala,business_gst,32ATJPS7075B1ZN,NO,NO,,,,XIV/217C SUNRISE BUILDING,THRISSUR,Kerala,India,680121,,Standard Template,Adjustment,XIV/217C SUNRISE BUILDING,THRISSUR,Kerala,India,680121,,1,,,,0.000,,,,0.00,0.000,,,,0.00,,,,,,,,Government Stamping Fee 30 kg,Serial No:TH12358 To TH12379,998729,22.00,0.00,0.0,0.00,7370.00,,FALSE,99381000000186027,Sales,SF30,,,,,nos,335.00,Zero Rated,99381000000006152,GST0,0.00,Tax Group,,,,0.00,0.00,0.00,0.00,0.00,0.00,0.00,0.00,0.00,0.00,0.00,0.00,,goods,,,
2020-09-23,99381000001429521,EST074,sent,99381000000151001,Cochin,,,INR,1.00,entity_level,true,0.00,false,9045.00,9045.00,0.00,Looking forward for your business.,,Dynamic Enterprises,32,32-Kerala,business_gst,32ATJPS7075B1ZN,NO,NO,,,,XIV/217C SUNRISE BUILDING,THRISSUR,Kerala,India,680121,,Standard Template,Adjustment,XIV/217C SUNRISE BUILDING,THRISSUR,Kerala,India,680121,,1,,,,0.000,,,,0.00,0.000,,,,0.00,,,,,,,,Government Stamping Fee 200Kg,Serial No:TH12803 To TH12807,998729,5.00,0.00,0.0,0.00,1675.00,,FALSE,99381000000548508,Sales,SF200,,,,,nos,335.00,Zero Rated,99381000000006152,GST0,0.00,Tax Group,,,,0.00,0.00,0.00,0.00,0.00,0.00,0.00,0.00,0.00,0.00,0.00,0.00,,goods,,,
2020-09-24,99381000001440025,EST075,sent,99381000005496103,Cochin,,,INR,1.00,entity_level,true,0.00,false,6700.00,6700.00,0.00,Looking forward for your business.,,MALABAR SCALES- Thirssur,32,32-Kerala,business_gst,32AAWFM8788R1ZT,NO,NO,,,,"Garden Complex,2nd floor","Kodugallur,Thrissur",Kerala,,680664,,Standard Template,Adjustment,"Garden Complex,2nd floor","Kodugallur,Thrissur",Kerala,,680664,,1,,,,0.000,,,,0.00,0.000,,,,0.00,,,,,,,,Government Stamping Fee 50 kg,Serial No:TI19830 To TI19834,998729,20.00,0.00,0.0,0.00,6700.00,,FALSE,99381000000186036,Sales,SF50,,,,,nos,335.00,Zero Rated,99381000000006152,GST0,0.00,Tax Group,,,,0.00,0.00,0.00,0.00,0.00,0.00,0.00,0.00,0.00,0.00,0.00,0.00,,goods,,,
2020-09-24,99381000001442116,EST076,sent,99381000000112170,Cochin,,,INR,1.00,entity_level,true,0.00,false,2550.00,2550.00,0.00,Looking forward for your business.,,MEEZAN ELECTRONIC SCALES PRIVATE LIMITED,32,32-Kerala,business_gst,32AAECM1277C1ZY,NO,NO,,,,"8/308A Meezan Tower 
Calicut Road , Manjeri",MANJERI,Kerala,India,676121,,Standard Template,Adjustment,"8/308A Meezan Tower 
Calicut Road , Manjeri",MANJERI,Kerala,India,676121,,1,,,,0.000,,,,0.00,0.000,,,,0.00,,,,,,,,Government Stamping Fee 20 KG,Serial No:TI17890 To TI17904,998729,15.00,0.00,0.0,0.00,2550.00,,FALSE,99381000000172016,Sales,SF20,,,,,nos,170.00,Zero Rated,99381000000006152,GST0,0.00,Tax Group,,,,0.00,0.00,0.00,0.00,0.00,0.00,0.00,0.00,0.00,0.00,0.00,0.00,,goods,,,
2020-09-24,99381000001440079,EST077,sent,99381000000017031,Cochin,,,INR,1.00,entity_level,true,0.00,false,5050.00,5050.00,0.00,Looking forward for your business.,,EXATA BALANCE CO,32,32-Kerala,business_gst,32AAGFE6830Q1Z4,NO,NO,,,,"Muringathazham Road, Vattappara",Malappuram,Kerala,India,676552,,Standard Template,Adjustment,"Muringathazham Road, Vattappara",Malappuram,Kerala,India,676552,,1,,,,0.000,,,,0.00,0.000,,,,0.00,,,,,,,,Government Stamping Fee 50 kg,Serial No:TI19767 To TI19776,998729,10.00,0.00,0.0,0.00,3350.00,,FALSE,99381000000186036,Sales,SF50,,,,,nos,335.00,Zero Rated,99381000000006152,GST0,0.00,Tax Group,,,,0.00,0.00,0.00,0.00,0.00,0.00,0.00,0.00,0.00,0.00,0.00,0.00,,goods,,,
2020-09-24,99381000001440079,EST077,sent,99381000000017031,Cochin,,,INR,1.00,entity_level,true,0.00,false,5050.00,5050.00,0.00,Looking forward for your business.,,EXATA BALANCE CO,32,32-Kerala,business_gst,32AAGFE6830Q1Z4,NO,NO,,,,"Muringathazham Road, Vattappara",Malappuram,Kerala,India,676552,,Standard Template,Adjustment,"Muringathazham Road, Vattappara",Malappuram,Kerala,India,676552,,1,,,,0.000,,,,0.00,0.000,,,,0.00,,,,,,,,Government Stamping Fee 20 KG,Serial No:TI17905 To TI17914,998729,10.00,0.00,0.0,0.00,1700.00,,FALSE,99381000000172016,Sales,SF20,,,,,nos,170.00,Zero Rated,99381000000006152,GST0,0.00,Tax Group,,,,0.00,0.00,0.00,0.00,0.00,0.00,0.00,0.00,0.00,0.00,0.00,0.00,,goods,,,
2020-09-24,99381000001440095,EST078,sent,99381000000011046,Cochin,,,INR,1.00,entity_level,true,0.00,false,4200.00,4200.00,0.00,Looking forward for your business.,,GLOBAL DIGITAL SYSTEM,32,32-Kerala,consumer,,NO,NO,,,,Baris Complex,"Vengara, Malappuram",Kerala,,676304,,Standard Template,Adjustment,Baris Complex,"Vengara, Malappuram",Kerala,,676304,,1,,,,0.000,,,,0.00,0.000,,,,0.00,,,,,,,,Government Stamping Fee 20 KG,Serial No:TI19835 To TI19839,998729,5.00,0.00,0.0,0.00,850.00,,FALSE,99381000000172016,Sales,SF20,,,,,nos,170.00,Zero Rated,99381000000006152,GST0,0.00,Tax Group,,,,0.00,0.00,0.00,0.00,0.00,0.00,0.00,0.00,0.00,0.00,0.00,0.00,,goods,,,
2020-09-24,99381000001440095,EST078,sent,99381000000011046,Cochin,,,INR,1.00,entity_level,true,0.00,false,4200.00,4200.00,0.00,Looking forward for your business.,,GLOBAL DIGITAL SYSTEM,32,32-Kerala,consumer,,NO,NO,,,,Baris Complex,"Vengara, Malappuram",Kerala,,676304,,Standard Template,Adjustment,Baris Complex,"Vengara, Malappuram",Kerala,,676304,,1,,,,0.000,,,,0.00,0.000,,,,0.00,,,,,,,,Government Stamping Fee 50 kg,Serial No:TI19777 To TI19786,998729,10.00,0.00,0.0,0.00,3350.00,,FALSE,99381000000186036,Sales,SF50,,,,,nos,335.00,Zero Rated,99381000000006152,GST0,0.00,Tax Group,,,,0.00,0.00,0.00,0.00,0.00,0.00,0.00,0.00,0.00,0.00,0.00,0.00,,goods,,,
2020-09-24,99381000001440111,EST079,sent,99381000000837003,Cochin,,,INR,1.00,entity_level,true,0.00,false,3040.00,3040.00,0.00,Looking forward for your business.,,Hy-Tech Electronic Weighing System,32,32-Kerala,business_gst,32AMVPP9204A2Z2,NO,NO,,,,"Hy-Tech Electronic Weighing System , Revathy Complex",Kasargod,Kerala,India,671316,,Standard Template,Adjustment,"Hy-Tech Electronic Weighing System , Revathy Complex",Kasargod,Kerala,India,671316,,1,,,,0.000,,,,0.00,0.000,,,,0.00,,,,,,,,Government Stamping Fee 50 kg,,998729,4.00,0.00,0.0,0.00,1340.00,,FALSE,99381000000186036,Sales,SF50,,,,,nos,335.00,Zero Rated,99381000000006152,GST0,0.00,Tax Group,,,,0.00,0.00,0.00,0.00,0.00,0.00,0.00,0.00,0.00,0.00,0.00,0.00,,goods,,,
2020-09-24,99381000001440111,EST079,sent,99381000000837003,Cochin,,,INR,1.00,entity_level,true,0.00,false,3040.00,3040.00,0.00,Looking forward for your business.,,Hy-Tech Electronic Weighing System,32,32-Kerala,business_gst,32AMVPP9204A2Z2,NO,NO,,,,"Hy-Tech Electronic Weighing System , Revathy Complex",Kasargod,Kerala,India,671316,,Standard Template,Adjustment,"Hy-Tech Electronic Weighing System , Revathy Complex",Kasargod,Kerala,India,671316,,1,,,,0.000,,,,0.00,0.000,,,,0.00,,,,,,,,Government Stamping Fee 20 KG,,998729,10.00,0.00,0.0,0.00,1700.00,,FALSE,99381000000172016,Sales,SF20,,,,,nos,170.00,Zero Rated,99381000000006152,GST0,0.00,Tax Group,,,,0.00,0.00,0.00,0.00,0.00,0.00,0.00,0.00,0.00,0.00,0.00,0.00,,goods,,,
2020-09-25,99381000001448013,EST080,sent,99381000000151001,Cochin,,,INR,1.00,entity_level,true,0.00,false,4200.00,4200.00,0.00,Looking forward for your business.,,Dynamic Enterprises,32,32-Kerala,business_gst,32ATJPS7075B1ZN,NO,NO,,,,XIV/217C SUNRISE BUILDING,THRISSUR,Kerala,India,680121,,Standard Template,Adjustment,XIV/217C SUNRISE BUILDING,THRISSUR,Kerala,India,680121,,1,,,,0.000,,,,0.00,0.000,,,,0.00,,,,,,,,Government Stamping Fee 20 KG,Serial No:TI20075 To TI20079,998729,5.00,0.00,0.0,0.00,850.00,,FALSE,99381000000172016,Sales,SF20,,,,,nos,170.00,Zero Rated,99381000000006152,GST0,0.00,Tax Group,,,,0.00,0.00,0.00,0.00,0.00,0.00,0.00,0.00,0.00,0.00,0.00,0.00,,goods,,,
2020-09-25,99381000001448013,EST080,sent,99381000000151001,Cochin,,,INR,1.00,entity_level,true,0.00,false,4200.00,4200.00,0.00,Looking forward for your business.,,Dynamic Enterprises,32,32-Kerala,business_gst,32ATJPS7075B1ZN,NO,NO,,,,XIV/217C SUNRISE BUILDING,THRISSUR,Kerala,India,680121,,Standard Template,Adjustment,XIV/217C SUNRISE BUILDING,THRISSUR,Kerala,India,680121,,1,,,,0.000,,,,0.00,0.000,,,,0.00,,,,,,,,Government Stamping Fee 50 kg,Serial No:TI19799 To TI19808,998729,10.00,0.00,0.0,0.00,3350.00,,FALSE,99381000000186036,Sales,SF50,,,,,nos,335.00,Zero Rated,99381000000006152,GST0,0.00,Tax Group,,,,0.00,0.00,0.00,0.00,0.00,0.00,0.00,0.00,0.00,0.00,0.00,0.00,,goods,,,
2020-09-28,99381000001455629,EST081,sent,99381000000011562,Cochin,,,INR,1.00,entity_level,true,0.00,false,2040.00,2040.00,0.00,Looking forward for your business.,,THRASCO SOLUTIONS,32,32-Kerala,consumer,,NO,NO,,,,Tirur Road,Malappuram,kerala,,676102,,Standard Template,Adjustment,Tirur Road,Malappuram,kerala,,676102,,1,,,,0.000,,,,0.00,0.000,,,,0.00,,,,,,,,Government Stamping Fee 20 KG,,998729,12.00,0.00,0.0,0.00,2040.00,,FALSE,99381000000172016,Sales,SF20,,,,,nos,170.00,Zero Rated,99381000000006152,GST0,0.00,Tax Group,,,,0.00,0.00,0.00,0.00,0.00,0.00,0.00,0.00,0.00,0.00,0.00,0.00,,goods,,,
2020-09-28,99381000001455643,EST082,sent,99381000000011046,Cochin,,,INR,1.00,entity_level,true,0.00,false,4080.00,4080.00,0.00,Looking forward for your business.,,GLOBAL DIGITAL SYSTEM,32,32-Kerala,consumer,,NO,NO,,,,Baris Complex,"Vengara, Malappuram",Kerala,,676304,,Standard Template,Adjustment,Baris Complex,"Vengara, Malappuram",Kerala,,676304,,1,,,,0.000,,,,0.00,0.000,,,,0.00,,,,,,,,Government Stamping Fee 20 KG,,998729,24.00,0.00,0.0,0.00,4080.00,,FALSE,99381000000172016,Sales,SF20,,,,,nos,170.00,Zero Rated,99381000000006152,GST0,0.00,Tax Group,,,,0.00,0.00,0.00,0.00,0.00,0.00,0.00,0.00,0.00,0.00,0.00,0.00,,goods,,,
2020-09-28,99381000001455917,EST084,sent,99381000000940651,Cochin,,,INR,1.00,entity_level,true,0.00,false,335.00,335.00,0.00,Looking forward for your business.,,MUDRA SCALE-KOZHIKODE,32,32-Kerala,business_gst,32BMNPR6553F1ZS,NO,NO,,,,"KP 15/153-B
Po. Pavandoor",Kozhikode,Kerala,India,673613,,Standard Template,Adjustment,"KP 15/153-B
Po. Pavandoor",Kozhikode,Kerala,India,673613,,1,,,,0.000,,,,0.00,0.000,,,,0.00,,,,,,,,Government Stamping Fee 50 kg,,998729,1.00,0.00,0.0,0.00,335.00,,FALSE,99381000000186036,Sales,SF50,,,,,nos,335.00,Zero Rated,99381000000006152,GST0,0.00,Tax Group,,,,0.00,0.00,0.00,0.00,0.00,0.00,0.00,0.00,0.00,0.00,0.00,0.00,,goods,,,
2020-09-28,99381000001464637,EST086,sent,99381000000017088,Cochin,,,INR,1.00,entity_level,true,0.00,false,2185.00,2185.00,0.00,Looking forward for your business.,,ALFA SYSTEMS-CHALAKKUDY,32,32-Kerala,business_gst,32BSHPK8953L1Z8,NO,NO,,,,"6/721B, Murikkingal Road, Pallikunnu,
Kodaly,",THRISSUR,KERALA,India,680699,,Standard Template,Adjustment,"6/721B, Murikkingal Road,
Pallikkunnu, Koday",,KERALA,India,680699,,1,,,,0.000,,,,0.00,0.000,,,,0.00,,,,,,,,Government Stamping Fee 50 kg,Serial No:TI19814 To TI19818,998729,5.00,0.00,0.0,0.00,1675.00,,FALSE,99381000000186036,Sales,SF50,,,,,nos,335.00,Zero Rated,99381000000006152,GST0,0.00,Tax Group,,,,0.00,0.00,0.00,0.00,0.00,0.00,0.00,0.00,0.00,0.00,0.00,0.00,,goods,,,
2020-09-28,99381000001464637,EST086,sent,99381000000017088,Cochin,,,INR,1.00,entity_level,true,0.00,false,2185.00,2185.00,0.00,Looking forward for your business.,,ALFA SYSTEMS-CHALAKKUDY,32,32-Kerala,business_gst,32BSHPK8953L1Z8,NO,NO,,,,"6/721B, Murikkingal Road, Pallikunnu,
Kodaly,",THRISSUR,KERALA,India,680699,,Standard Template,Adjustment,"6/721B, Murikkingal Road,
Pallikkunnu, Koday",,KERALA,India,680699,,1,,,,0.000,,,,0.00,0.000,,,,0.00,,,,,,,,Government Stamping Fee 20 KG,Serial No:TI20080 To TI20082,998729,3.00,0.00,0.0,0.00,510.00,,FALSE,99381000000172016,Sales,SF20,,,,,nos,170.00,Zero Rated,99381000000006152,GST0,0.00,Tax Group,,,,0.00,0.00,0.00,0.00,0.00,0.00,0.00,0.00,0.00,0.00,0.00,0.00,,goods,,,
2020-09-29,99381000001474137,EST087,sent,99381000001357416,Cochin,,,INR,1.00,entity_level,true,0.00,false,1675.00,1675.00,0.00,Looking forward for your business.,,V K ELECTRONICS,32,32-Kerala,business_none,,NO,NO,,,,"V K ELECTRONICS, M P Road, Poonoor",Calicut,Kerala,India,673574,,Standard Template,Adjustment,"V K ELECTRONICS, M P Road, Poonoor",Calicut,Kerala,India,673574,,1,,,,0.000,,,,0.00,0.000,,,,0.00,,,,,,,,Government Stamping Fee 50 kg,Serial No:TI19825 To TI19829,998729,5.00,0.00,0.0,0.00,1675.00,,FALSE,99381000000186036,Sales,SF50,,,,,nos,335.00,Zero Rated,99381000000006152,GST0,0.00,Tax Group,,,,0.00,0.00,0.00,0.00,0.00,0.00,0.00,0.00,0.00,0.00,0.00,0.00,,goods,,,
2020-10-01,99381000001505432,EST088,sent,99381000000575003,Cochin,,,INR,1.00,entity_level,true,0.00,false,1700.00,1700.00,0.00,Looking forward for your business.,,YESWEIGH TECHNOLOGIES PRIVATE LIMITED,32,32-Kerala,business_gst,32AABCY1984H1Z9,NO,NO,,,,"1ST FLOOR, No47/2170,
DOWN TOWN Complex,
Mangalore road,TALAP",kannur,Kerala,India,670002,,Standard Template,Adjustment,"1ST FLOOR, No47/2170,
DOWN TOWN Complex,
Mangalore road,TALAP",kannur,Kerala,India,670002,,1,,,,0.000,,,,0.00,0.000,,,,0.00,,,,,,,,Government Stamping Fee 20 KG,Serial No:TI20088 To TI20097,998729,10.00,0.00,0.0,0.00,1700.00,,FALSE,99381000000172016,Sales,SF20,,,,,nos,170.00,Zero Rated,99381000000006152,GST0,0.00,Tax Group,,,,0.00,0.00,0.00,0.00,0.00,0.00,0.00,0.00,0.00,0.00,0.00,0.00,,goods,,,
2020-10-05,99381000001516552,EST089,sent,99381000001345032,Cochin,,,INR,1.00,entity_level,true,0.00,false,8890.00,8890.00,0.00,Looking forward for your business.,,ACCURATE SCALES,32,32-Kerala,business_gst,32BNEPM9609M1ZM,NO,NO,,,,"X/53, By-pass jn.
Kuruppath, Kondotty.",Malappuram,Kerala,,673638,,Standard Template,Adjustment,"X/53, By-pass jn.
Kuruppath, Kondotty.",Malappuram,Kerala,,673638,,1,,,,0.000,,,,0.00,0.000,,,,0.00,,,,,,,,Government Stamping Fee 50 kg,,998729,24.00,0.00,0.0,0.00,8040.00,,FALSE,99381000000186036,Sales,SF50,,,,,nos,335.00,Zero Rated,99381000000006152,GST0,0.00,Tax Group,,,,0.00,0.00,0.00,0.00,0.00,0.00,0.00,0.00,0.00,0.00,0.00,0.00,,goods,,,
2020-10-05,99381000001516552,EST089,sent,99381000001345032,Cochin,,,INR,1.00,entity_level,true,0.00,false,8890.00,8890.00,0.00,Looking forward for your business.,,ACCURATE SCALES,32,32-Kerala,business_gst,32BNEPM9609M1ZM,NO,NO,,,,"X/53, By-pass jn.
Kuruppath, Kondotty.",Malappuram,Kerala,,673638,,Standard Template,Adjustment,"X/53, By-pass jn.
Kuruppath, Kondotty.",Malappuram,Kerala,,673638,,1,,,,0.000,,,,0.00,0.000,,,,0.00,,,,,,,,Government Stamping Fee 20 KG,,998729,5.00,0.00,0.0,0.00,850.00,,FALSE,99381000000172016,Sales,SF20,,,,,nos,170.00,Zero Rated,99381000000006152,GST0,0.00,Tax Group,,,,0.00,0.00,0.00,0.00,0.00,0.00,0.00,0.00,0.00,0.00,0.00,0.00,,goods,,,
2020-10-05,99381000001516568,EST090,sent,99381000001392083,Cochin,,,INR,1.00,entity_level,true,0.00,false,17420.00,17420.00,0.00,Looking forward for your business.,,CENTRAL TRADERS,32,32-Kerala,business_gst,32AFKPA2174A1Z9,NO,NO,,,,"Court Road
Tirur",Malappuram,Kerala,India,676101,,Standard Template,Adjustment,"Court Road
Tirur",Malappuram,Kerala,India,676101,,1,,,,0.000,,,,0.00,0.000,,,,0.00,,,,,,,,Government Stamping Fee 50 kg,,998729,52.00,0.00,0.0,0.00,17420.00,,FALSE,99381000000186036,Sales,SF50,,,,,nos,335.00,Zero Rated,99381000000006152,GST0,0.00,Tax Group,,,,0.00,0.00,0.00,0.00,0.00,0.00,0.00,0.00,0.00,0.00,0.00,0.00,,goods,,,
2020-10-05,99381000001516582,EST091,sent,99381000001357095,Cochin,,,INR,1.00,entity_level,true,0.00,false,8400.00,8400.00,0.00,Looking forward for your business.,,Chipdot Enterprises,32,32-Kerala,business_gst,32DOVPK2733G1ZT,NO,NO,,,,"Chipdot Enterprises,3/5,Asma Tower",Malappuram,ker,India,676503,,Standard Template,Adjustment,"Chipdot Enterprises,3/5,Asma Tower",Malappuram,ker,India,676503,,1,,,,0.000,,,,0.00,0.000,,,,0.00,,,,,,,,Government Stamping Fee 50 kg,,998729,10.00,0.00,0.0,0.00,3350.00,,FALSE,99381000000186036,Sales,SF50,,,,,nos,335.00,Zero Rated,99381000000006152,GST0,0.00,Tax Group,,,,0.00,0.00,0.00,0.00,0.00,0.00,0.00,0.00,0.00,0.00,0.00,0.00,,goods,,,
2020-10-05,99381000001516582,EST091,sent,99381000001357095,Cochin,,,INR,1.00,entity_level,true,0.00,false,8400.00,8400.00,0.00,Looking forward for your business.,,Chipdot Enterprises,32,32-Kerala,business_gst,32DOVPK2733G1ZT,NO,NO,,,,"Chipdot Enterprises,3/5,Asma Tower",Malappuram,ker,India,676503,,Standard Template,Adjustment,"Chipdot Enterprises,3/5,Asma Tower",Malappuram,ker,India,676503,,1,,,,0.000,,,,0.00,0.000,,,,0.00,,,,,,,,Government Stamping Fee 20 KG,,998729,10.00,0.00,0.0,0.00,1700.00,,FALSE,99381000000172016,Sales,SF20,,,,,nos,170.00,Zero Rated,99381000000006152,GST0,0.00,Tax Group,,,,0.00,0.00,0.00,0.00,0.00,0.00,0.00,0.00,0.00,0.00,0.00,0.00,,goods,,,
2020-10-05,99381000001516582,EST091,sent,99381000001357095,Cochin,,,INR,1.00,entity_level,true,0.00,false,8400.00,8400.00,0.00,Looking forward for your business.,,Chipdot Enterprises,32,32-Kerala,business_gst,32DOVPK2733G1ZT,NO,NO,,,,"Chipdot Enterprises,3/5,Asma Tower",Malappuram,ker,India,676503,,Standard Template,Adjustment,"Chipdot Enterprises,3/5,Asma Tower",Malappuram,ker,India,676503,,1,,,,0.000,,,,0.00,0.000,,,,0.00,,,,,,,,Government Stamping Fee 30 kg,,998729,10.00,0.00,0.0,0.00,3350.00,,FALSE,99381000000186027,Sales,SF30,,,,,nos,335.00,Zero Rated,99381000000006152,GST0,0.00,Tax Group,,,,0.00,0.00,0.00,0.00,0.00,0.00,0.00,0.00,0.00,0.00,0.00,0.00,,goods,,,
2020-10-05,99381000001516600,EST092,sent,99381000000011949,Cochin,,,INR,1.00,entity_level,true,0.00,false,7420.00,7420.00,0.00,Looking forward for your business.,,PRECISE INDIA,32,32-Kerala,business_none,,NO,NO,,,,"DOOR NO. 33/1235 A, KURIKKAL PLAZA",Malapuram,Kerala,India,676121,,Standard Template,Adjustment,"DOOR NO. 33/1235 A, KURIKKAL PLAZA",Malapuram,Kerala,India,676121,,1,,,,0.000,,,,0.00,0.000,,,,0.00,,,,,,,,Government Stamping Fee 50 kg,,998729,12.00,0.00,0.0,0.00,4020.00,,FALSE,99381000000186036,Sales,SF50,,,,,nos,335.00,Zero Rated,99381000000006152,GST0,0.00,Tax Group,,,,0.00,0.00,0.00,0.00,0.00,0.00,0.00,0.00,0.00,0.00,0.00,0.00,,goods,,,
2020-10-05,99381000001516600,EST092,sent,99381000000011949,Cochin,,,INR,1.00,entity_level,true,0.00,false,7420.00,7420.00,0.00,Looking forward for your business.,,PRECISE INDIA,32,32-Kerala,business_none,,NO,NO,,,,"DOOR NO. 33/1235 A, KURIKKAL PLAZA",Malapuram,Kerala,India,676121,,Standard Template,Adjustment,"DOOR NO. 33/1235 A, KURIKKAL PLAZA",Malapuram,Kerala,India,676121,,1,,,,0.000,,,,0.00,0.000,,,,0.00,,,,,,,,Government Stamping Fee 20 KG,,998729,20.00,0.00,0.0,0.00,3400.00,,FALSE,99381000000172016,Sales,SF20,,,,,nos,170.00,Zero Rated,99381000000006152,GST0,0.00,Tax Group,,,,0.00,0.00,0.00,0.00,0.00,0.00,0.00,0.00,0.00,0.00,0.00,0.00,,goods,,,
2020-10-05,99381000001516616,EST093,sent,99381000000014461,Cochin,,,INR,1.00,entity_level,true,0.00,false,21180.00,21180.00,0.00,Looking forward for your business.,,MASS TECHNOLOGY,32,32-Kerala,business_gst,32ATZPV7500Q1ZN,NO,NO,,,,MEETHALEKANDY COMPLEX,KOYILANDY,Kerala,India,673305,,Standard Template,Adjustment,MEETHALEKANDY COMPLEX,KOYILANDY,Kerala,India,673305,,1,,,,0.000,,,,0.00,0.000,,,,0.00,,,,,,,,Government Stamping Fee 50 kg,,998729,48.00,0.00,0.0,0.00,16080.00,,FALSE,99381000000186036,Sales,SF50,,,,,nos,335.00,Zero Rated,99381000000006152,GST0,0.00,Tax Group,,,,0.00,0.00,0.00,0.00,0.00,0.00,0.00,0.00,0.00,0.00,0.00,0.00,,goods,,,
2020-10-05,99381000001516616,EST093,sent,99381000000014461,Cochin,,,INR,1.00,entity_level,true,0.00,false,21180.00,21180.00,0.00,Looking forward for your business.,,MASS TECHNOLOGY,32,32-Kerala,business_gst,32ATZPV7500Q1ZN,NO,NO,,,,MEETHALEKANDY COMPLEX,KOYILANDY,Kerala,India,673305,,Standard Template,Adjustment,MEETHALEKANDY COMPLEX,KOYILANDY,Kerala,India,673305,,1,,,,0.000,,,,0.00,0.000,,,,0.00,,,,,,,,Government Stamping Fee 20 KG,,998729,30.00,0.00,0.0,0.00,5100.00,,FALSE,99381000000172016,Sales,SF20,,,,,nos,170.00,Zero Rated,99381000000006152,GST0,0.00,Tax Group,,,,0.00,0.00,0.00,0.00,0.00,0.00,0.00,0.00,0.00,0.00,0.00,0.00,,goods,,,
2020-10-05,99381000001516662,EST094,sent,99381000000850389,Cochin,,,INR,1.00,entity_level,true,0.00,false,5720.00,5720.00,0.00,Looking forward for your business.,,Eva Scales,32,32-Kerala,business_gst,32BFKPT8939R1Z9,NO,NO,,,,"Vellayamkudi PO ,
KSRTC Junction",Idukki,Kerala,India,685515,,Standard Template,Adjustment,"Eva Scales, Vellayamkudi PO ,  KSRTC Junction",Idukki,Kerala,India,685515,,1,,,,0.000,,,,0.00,0.000,,,,0.00,,,,,,,,Government Stamping Fee 50 kg,,998729,12.00,0.00,0.0,0.00,4020.00,,FALSE,99381000000186036,Sales,SF50,,,,,nos,335.00,Zero Rated,99381000000006152,GST0,0.00,Tax Group,,,,0.00,0.00,0.00,0.00,0.00,0.00,0.00,0.00,0.00,0.00,0.00,0.00,,goods,,,
2020-10-05,99381000001516662,EST094,sent,99381000000850389,Cochin,,,INR,1.00,entity_level,true,0.00,false,5720.00,5720.00,0.00,Looking forward for your business.,,Eva Scales,32,32-Kerala,business_gst,32BFKPT8939R1Z9,NO,NO,,,,"Vellayamkudi PO ,
KSRTC Junction",Idukki,Kerala,India,685515,,Standard Template,Adjustment,"Eva Scales, Vellayamkudi PO ,  KSRTC Junction",Idukki,Kerala,India,685515,,1,,,,0.000,,,,0.00,0.000,,,,0.00,,,,,,,,Government Stamping Fee 20 KG,,998729,10.00,0.00,0.0,0.00,1700.00,,FALSE,99381000000172016,Sales,SF20,,,,,nos,170.00,Zero Rated,99381000000006152,GST0,0.00,Tax Group,,,,0.00,0.00,0.00,0.00,0.00,0.00,0.00,0.00,0.00,0.00,0.00,0.00,,goods,,,
2020-10-05,99381000001516678,EST095,sent,99381000001357054,Cochin,,,INR,1.00,entity_level,true,0.00,false,5720.00,5720.00,0.00,Looking forward for your business.,,Weigh India,32,32-Kerala,business_gst,32ASYPR6078D1Z6,NO,NO,,,,"Weigh India, 31/1015 , First Floor",Malappuram,Kerala,India,679322,,Standard Template,Adjustment,"Weigh India, 31/1015 , First Floor",Malappuram,Kerala,India,679322,,1,,,,0.000,,,,0.00,0.000,,,,0.00,,,,,,,,Government Stamping Fee 50 kg,,998729,12.00,0.00,0.0,0.00,4020.00,,FALSE,99381000000186036,Sales,SF50,,,,,nos,335.00,Zero Rated,99381000000006152,GST0,0.00,Tax Group,,,,0.00,0.00,0.00,0.00,0.00,0.00,0.00,0.00,0.00,0.00,0.00,0.00,,goods,,,
2020-10-05,99381000001516678,EST095,sent,99381000001357054,Cochin,,,INR,1.00,entity_level,true,0.00,false,5720.00,5720.00,0.00,Looking forward for your business.,,Weigh India,32,32-Kerala,business_gst,32ASYPR6078D1Z6,NO,NO,,,,"Weigh India, 31/1015 , First Floor",Malappuram,Kerala,India,679322,,Standard Template,Adjustment,"Weigh India, 31/1015 , First Floor",Malappuram,Kerala,India,679322,,1,,,,0.000,,,,0.00,0.000,,,,0.00,,,,,,,,Government Stamping Fee 20 KG,,998729,10.00,0.00,0.0,0.00,1700.00,,FALSE,99381000000172016,Sales,SF20,,,,,nos,170.00,Zero Rated,99381000000006152,GST0,0.00,Tax Group,,,,0.00,0.00,0.00,0.00,0.00,0.00,0.00,0.00,0.00,0.00,0.00,0.00,,goods,,,
2020-10-05,99381000001516694,EST096,sent,99381000000126001,Cochin,,,INR,1.00,entity_level,true,0.00,false,19050.00,19050.00,0.00,Looking forward for your business.,,YELLOW SCALES,32,32-Kerala,business_gst,32CPDPS6051P1ZG,NO,NO,,,,KUMBALAM JUNCTION,KOCHIN,KERALA,India,682506,,Standard Template,Adjustment,KUMBALAM JUNCTION,KOCHIN,KERALA,India,682506,,1,,,,0.000,,,,0.00,0.000,,,,0.00,,,,,,,,Government Stamping Fee 50 kg,,998729,24.00,0.00,0.0,0.00,8040.00,,FALSE,99381000000186036,Sales,SF50,,,,,nos,335.00,Zero Rated,99381000000006152,GST0,0.00,Tax Group,,,,0.00,0.00,0.00,0.00,0.00,0.00,0.00,0.00,0.00,0.00,0.00,0.00,,goods,,,
2020-10-05,99381000001516694,EST096,sent,99381000000126001,Cochin,,,INR,1.00,entity_level,true,0.00,false,19050.00,19050.00,0.00,Looking forward for your business.,,YELLOW SCALES,32,32-Kerala,business_gst,32CPDPS6051P1ZG,NO,NO,,,,KUMBALAM JUNCTION,KOCHIN,KERALA,India,682506,,Standard Template,Adjustment,KUMBALAM JUNCTION,KOCHIN,KERALA,India,682506,,1,,,,0.000,,,,0.00,0.000,,,,0.00,,,,,,,,Government Stamping Fee 20 KG,,998729,49.00,0.00,0.0,0.00,8330.00,,FALSE,99381000000172016,Sales,SF20,,,,,nos,170.00,Zero Rated,99381000000006152,GST0,0.00,Tax Group,,,,0.00,0.00,0.00,0.00,0.00,0.00,0.00,0.00,0.00,0.00,0.00,0.00,,goods,,,
2020-10-05,99381000001516694,EST096,sent,99381000000126001,Cochin,,,INR,1.00,entity_level,true,0.00,false,19050.00,19050.00,0.00,Looking forward for your business.,,YELLOW SCALES,32,32-Kerala,business_gst,32CPDPS6051P1ZG,NO,NO,,,,KUMBALAM JUNCTION,KOCHIN,KERALA,India,682506,,Standard Template,Adjustment,KUMBALAM JUNCTION,KOCHIN,KERALA,India,682506,,1,,,,0.000,,,,0.00,0.000,,,,0.00,,,,,,,,Government Stamping Fee 30 kg,,998729,8.00,0.00,0.0,0.00,2680.00,,FALSE,99381000000186027,Sales,SF30,,,,,nos,335.00,Zero Rated,99381000000006152,GST0,0.00,Tax Group,,,,0.00,0.00,0.00,0.00,0.00,0.00,0.00,0.00,0.00,0.00,0.00,0.00,,goods,,,
2020-10-05,99381000001516712,EST097,sent,99381000000954630,Cochin,,,INR,1.00,entity_level,true,0.00,false,3350.00,3350.00,0.00,Looking forward for your business.,,GIHON SCALES,32,32-Kerala,business_gst,32ADGPT4194H1ZC,NO,NO,,,,"1st Floor, Kulanada P.O
Njettoor",Pathanamthitta,Kerala,India,689502,,Standard Template,Adjustment,"1st Floor, Kulanada P.O
Njettoor",Pathanamthitta,Kerala,India,689502,,1,,,,0.000,,,,0.00,0.000,,,,0.00,,,,,,,,Government Stamping Fee 50 kg,,998729,10.00,0.00,0.0,0.00,3350.00,,FALSE,99381000000186036,Sales,SF50,,,,,nos,335.00,Zero Rated,99381000000006152,GST0,0.00,Tax Group,,,,0.00,0.00,0.00,0.00,0.00,0.00,0.00,0.00,0.00,0.00,0.00,0.00,,goods,,,
2020-10-05,99381000001516726,EST098,sent,99381000000011562,Cochin,,,INR,1.00,entity_level,true,0.00,false,11085.00,11085.00,0.00,Looking forward for your business.,,THRASCO SOLUTIONS,32,32-Kerala,consumer,,NO,NO,,,,Tirur Road,Malappuram,kerala,,676102,,Standard Template,Adjustment,Tirur Road,Malappuram,kerala,,676102,,1,,,,0.000,,,,0.00,0.000,,,,0.00,,,,,,,,Government Stamping Fee 20 KG,,998729,12.00,0.00,0.0,0.00,2040.00,,FALSE,99381000000172016,Sales,SF20,,,,,nos,170.00,Zero Rated,99381000000006152,GST0,0.00,Tax Group,,,,0.00,0.00,0.00,0.00,0.00,0.00,0.00,0.00,0.00,0.00,0.00,0.00,,goods,,,
2020-10-05,99381000001516726,EST098,sent,99381000000011562,Cochin,,,INR,1.00,entity_level,true,0.00,false,11085.00,11085.00,0.00,Looking forward for your business.,,THRASCO SOLUTIONS,32,32-Kerala,consumer,,NO,NO,,,,Tirur Road,Malappuram,kerala,,676102,,Standard Template,Adjustment,Tirur Road,Malappuram,kerala,,676102,,1,,,,0.000,,,,0.00,0.000,,,,0.00,,,,,,,,Government Stamping Fee 50 kg,,998729,27.00,0.00,0.0,0.00,9045.00,,FALSE,99381000000186036,Sales,SF50,,,,,nos,335.00,Zero Rated,99381000000006152,GST0,0.00,Tax Group,,,,0.00,0.00,0.00,0.00,0.00,0.00,0.00,0.00,0.00,0.00,0.00,0.00,,goods,,,
2020-10-05,99381000001516772,EST099,sent,99381000000017031,Cochin,,,INR,1.00,entity_level,true,0.00,false,20820.00,20820.00,0.00,Looking forward for your business.,,EXATA BALANCE CO,32,32-Kerala,business_gst,32AAGFE6830Q1Z4,NO,NO,,,,"Muringathazham Road, Vattappara",Malappuram,Kerala,India,676552,,Standard Template,Adjustment,"Muringathazham Road, Vattappara",Malappuram,Kerala,India,676552,,1,,,,0.000,,,,0.00,0.000,,,,0.00,,,,,,,,Government Stamping Fee 50 kg,,998729,50.00,0.00,0.0,0.00,16750.00,,FALSE,99381000000186036,Sales,SF50,,,,,nos,335.00,Zero Rated,99381000000006152,GST0,0.00,Tax Group,,,,0.00,0.00,0.00,0.00,0.00,0.00,0.00,0.00,0.00,0.00,0.00,0.00,,goods,,,
2020-10-05,99381000001516772,EST099,sent,99381000000017031,Cochin,,,INR,1.00,entity_level,true,0.00,false,20820.00,20820.00,0.00,Looking forward for your business.,,EXATA BALANCE CO,32,32-Kerala,business_gst,32AAGFE6830Q1Z4,NO,NO,,,,"Muringathazham Road, Vattappara",Malappuram,Kerala,India,676552,,Standard Template,Adjustment,"Muringathazham Road, Vattappara",Malappuram,Kerala,India,676552,,1,,,,0.000,,,,0.00,0.000,,,,0.00,,,,,,,,Government Stamping Fee 20 KG,,998729,20.00,0.00,0.0,0.00,3400.00,,FALSE,99381000000172016,Sales,SF20,,,,,nos,170.00,Zero Rated,99381000000006152,GST0,0.00,Tax Group,,,,0.00,0.00,0.00,0.00,0.00,0.00,0.00,0.00,0.00,0.00,0.00,0.00,,goods,,,
2020-10-05,99381000001516772,EST099,sent,99381000000017031,Cochin,,,INR,1.00,entity_level,true,0.00,false,20820.00,20820.00,0.00,Looking forward for your business.,,EXATA BALANCE CO,32,32-Kerala,business_gst,32AAGFE6830Q1Z4,NO,NO,,,,"Muringathazham Road, Vattappara",Malappuram,Kerala,India,676552,,Standard Template,Adjustment,"Muringathazham Road, Vattappara",Malappuram,Kerala,India,676552,,1,,,,0.000,,,,0.00,0.000,,,,0.00,,,,,,,,Government Stamping Fee 100Kg,,998729,2.00,0.00,0.0,0.00,670.00,,FALSE,99381000000663063,Sales,SF100,,,,,nos,335.00,Zero Rated,99381000000006152,GST0,0.00,Tax Group,,,,0.00,0.00,0.00,0.00,0.00,0.00,0.00,0.00,0.00,0.00,0.00,0.00,,goods,,,
2020-10-05,99381000001516790,EST100,sent,99381000001137001,Cochin,,,INR,1.00,entity_level,true,0.00,false,14535.00,14535.00,0.00,Looking forward for your business.,,AMANA INSTRUMENTS,32,32-Kerala,business_gst,32AVVPA5492J1Z7,NO,NO,,,,"Mukkam Road,
Pathanapuram",Malappuram,Kerala,India,673639,,Standard Template,Adjustment,"Mukkam Road,
Pathanapuram",Malappuram,Kerala,India,673639,,1,,,,0.000,,,,0.00,0.000,,,,0.00,,,,,,,,Government Stamping Fee 50 kg,,998729,32.00,0.00,0.0,0.00,10720.00,,FALSE,99381000000186036,Sales,SF50,,,,,nos,335.00,Zero Rated,99381000000006152,GST0,0.00,Tax Group,,,,0.00,0.00,0.00,0.00,0.00,0.00,0.00,0.00,0.00,0.00,0.00,0.00,,goods,,,
2020-10-05,99381000001516790,EST100,sent,99381000001137001,Cochin,,,INR,1.00,entity_level,true,0.00,false,14535.00,14535.00,0.00,Looking forward for your business.,,AMANA INSTRUMENTS,32,32-Kerala,business_gst,32AVVPA5492J1Z7,NO,NO,,,,"Mukkam Road,
Pathanapuram",Malappuram,Kerala,India,673639,,Standard Template,Adjustment,"Mukkam Road,
Pathanapuram",Malappuram,Kerala,India,673639,,1,,,,0.000,,,,0.00,0.000,,,,0.00,,,,,,,,Government Stamping Fee 20 KG,,998729,20.00,0.00,0.0,0.00,3400.00,,FALSE,99381000000172016,Sales,SF20,,,,,nos,170.00,Zero Rated,99381000000006152,GST0,0.00,Tax Group,,,,0.00,0.00,0.00,0.00,0.00,0.00,0.00,0.00,0.00,0.00,0.00,0.00,,goods,,,
2020-10-05,99381000001516790,EST100,sent,99381000001137001,Cochin,,,INR,1.00,entity_level,true,0.00,false,14535.00,14535.00,0.00,Looking forward for your business.,,AMANA INSTRUMENTS,32,32-Kerala,business_gst,32AVVPA5492J1Z7,NO,NO,,,,"Mukkam Road,
Pathanapuram",Malappuram,Kerala,India,673639,,Standard Template,Adjustment,"Mukkam Road,
Pathanapuram",Malappuram,Kerala,India,673639,,1,,,,0.000,,,,0.00,0.000,,,,0.00,,,,,,,,Government Stamping Fee 300kg,,998729,1.00,0.00,0.0,0.00,415.00,,FALSE,99381000000548525,Sales,SF300,,,,,nos,415.00,Zero Rated,99381000000006152,GST0,0.00,Tax Group,,,,0.00,0.00,0.00,0.00,0.00,0.00,0.00,0.00,0.00,0.00,0.00,0.00,,goods,,,
2020-10-05,99381000001516834,EST101,sent,99381000000017088,Cochin,,,INR,1.00,entity_level,true,0.00,false,4785.00,4785.00,0.00,Looking forward for your business.,,ALFA SYSTEMS-CHALAKKUDY,32,32-Kerala,business_gst,32BSHPK8953L1Z8,NO,NO,,,,"6/721B, Murikkingal Road, Pallikunnu,
Kodaly,",THRISSUR,KERALA,India,680699,,Standard Template,Adjustment,"6/721B, Murikkingal Road,
Pallikkunnu, Koday",,KERALA,India,680699,,1,,,,0.000,,,,0.00,0.000,,,,0.00,,,,,,,,Government Stamping Fee 20 KG,,998729,6.00,0.00,0.0,0.00,1020.00,,FALSE,99381000000172016,Sales,SF20,,,,,nos,170.00,Zero Rated,99381000000006152,GST0,0.00,Tax Group,,,,0.00,0.00,0.00,0.00,0.00,0.00,0.00,0.00,0.00,0.00,0.00,0.00,,goods,,,
2020-10-05,99381000001516834,EST101,sent,99381000000017088,Cochin,,,INR,1.00,entity_level,true,0.00,false,4785.00,4785.00,0.00,Looking forward for your business.,,ALFA SYSTEMS-CHALAKKUDY,32,32-Kerala,business_gst,32BSHPK8953L1Z8,NO,NO,,,,"6/721B, Murikkingal Road, Pallikunnu,
Kodaly,",THRISSUR,KERALA,India,680699,,Standard Template,Adjustment,"6/721B, Murikkingal Road,
Pallikkunnu, Koday",,KERALA,India,680699,,1,,,,0.000,,,,0.00,0.000,,,,0.00,,,,,,,,Government Stamping Fee 500kg,,998729,1.00,0.00,0.0,0.00,415.00,,FALSE,99381000000590328,Sales,SF500,,,,,nos,415.00,Zero Rated,99381000000006152,GST0,0.00,Tax Group,,,,0.00,0.00,0.00,0.00,0.00,0.00,0.00,0.00,0.00,0.00,0.00,0.00,,goods,,,
2020-10-05,99381000001516834,EST101,sent,99381000000017088,Cochin,,,INR,1.00,entity_level,true,0.00,false,4785.00,4785.00,0.00,Looking forward for your business.,,ALFA SYSTEMS-CHALAKKUDY,32,32-Kerala,business_gst,32BSHPK8953L1Z8,NO,NO,,,,"6/721B, Murikkingal Road, Pallikunnu,
Kodaly,",THRISSUR,KERALA,India,680699,,Standard Template,Adjustment,"6/721B, Murikkingal Road,
Pallikkunnu, Koday",,KERALA,India,680699,,1,,,,0.000,,,,0.00,0.000,,,,0.00,,,,,,,,Government Stamping Fee 50 kg,,998729,10.00,0.00,0.0,0.00,3350.00,,FALSE,99381000000186036,Sales,SF50,,,,,nos,335.00,Zero Rated,99381000000006152,GST0,0.00,Tax Group,,,,0.00,0.00,0.00,0.00,0.00,0.00,0.00,0.00,0.00,0.00,0.00,0.00,,goods,,,
2020-10-05,99381000001516850,EST102,sent,99381000001357416,Cochin,,,INR,1.00,entity_level,true,0.00,false,16800.00,16800.00,0.00,Looking forward for your business.,,V K ELECTRONICS,32,32-Kerala,business_none,,NO,NO,,,,"V K ELECTRONICS, M P Road, Poonoor",Calicut,Kerala,India,673574,,Standard Template,Adjustment,"V K ELECTRONICS, M P Road, Poonoor",Calicut,Kerala,India,673574,,1,,,,0.000,,,,0.00,0.000,,,,0.00,,,,,,,,Government Stamping Fee 50 kg,,998729,35.00,0.00,0.0,0.00,11725.00,,FALSE,99381000000186036,Sales,SF50,,,,,nos,335.00,Zero Rated,99381000000006152,GST0,0.00,Tax Group,,,,0.00,0.00,0.00,0.00,0.00,0.00,0.00,0.00,0.00,0.00,0.00,0.00,,goods,,,
2020-10-05,99381000001516850,EST102,sent,99381000001357416,Cochin,,,INR,1.00,entity_level,true,0.00,false,16800.00,16800.00,0.00,Looking forward for your business.,,V K ELECTRONICS,32,32-Kerala,business_none,,NO,NO,,,,"V K ELECTRONICS, M P Road, Poonoor",Calicut,Kerala,India,673574,,Standard Template,Adjustment,"V K ELECTRONICS, M P Road, Poonoor",Calicut,Kerala,India,673574,,1,,,,0.000,,,,0.00,0.000,,,,0.00,,,,,,,,Government Stamping Fee 20 KG,,998729,20.00,0.00,0.0,0.00,3400.00,,FALSE,99381000000172016,Sales,SF20,,,,,nos,170.00,Zero Rated,99381000000006152,GST0,0.00,Tax Group,,,,0.00,0.00,0.00,0.00,0.00,0.00,0.00,0.00,0.00,0.00,0.00,0.00,,goods,,,
2020-10-05,99381000001516850,EST102,sent,99381000001357416,Cochin,,,INR,1.00,entity_level,true,0.00,false,16800.00,16800.00,0.00,Looking forward for your business.,,V K ELECTRONICS,32,32-Kerala,business_none,,NO,NO,,,,"V K ELECTRONICS, M P Road, Poonoor",Calicut,Kerala,India,673574,,Standard Template,Adjustment,"V K ELECTRONICS, M P Road, Poonoor",Calicut,Kerala,India,673574,,1,,,,0.000,,,,0.00,0.000,,,,0.00,,,,,,,,Government Stamping Fee 30 kg,,998729,5.00,0.00,0.0,0.00,1675.00,,FALSE,99381000000186027,Sales,SF30,,,,,nos,335.00,Zero Rated,99381000000006152,GST0,0.00,Tax Group,,,,0.00,0.00,0.00,0.00,0.00,0.00,0.00,0.00,0.00,0.00,0.00,0.00,,goods,,,
2020-10-05,99381000001516864,EST103,sent,99381000000575003,Cochin,,,INR,1.00,entity_level,true,0.00,false,35620.00,35620.00,0.00,Looking forward for your business.,,YESWEIGH TECHNOLOGIES PRIVATE LIMITED,32,32-Kerala,business_gst,32AABCY1984H1Z9,NO,NO,,,,"1ST FLOOR, No47/2170,
DOWN TOWN Complex,
Mangalore road,TALAP",kannur,Kerala,India,670002,,Standard Template,Adjustment,"1ST FLOOR, No47/2170,
DOWN TOWN Complex,
Mangalore road,TALAP",kannur,Kerala,India,670002,,1,,,,0.000,,,,0.00,0.000,,,,0.00,,,,,,,,Government Stamping Fee 50 kg,,998729,30.00,0.00,0.0,0.00,10050.00,,FALSE,99381000000186036,Sales,SF50,,,,,nos,335.00,Zero Rated,99381000000006152,GST0,0.00,Tax Group,,,,0.00,0.00,0.00,0.00,0.00,0.00,0.00,0.00,0.00,0.00,0.00,0.00,,goods,,,
2020-10-05,99381000001516864,EST103,sent,99381000000575003,Cochin,,,INR,1.00,entity_level,true,0.00,false,35620.00,35620.00,0.00,Looking forward for your business.,,YESWEIGH TECHNOLOGIES PRIVATE LIMITED,32,32-Kerala,business_gst,32AABCY1984H1Z9,NO,NO,,,,"1ST FLOOR, No47/2170,
DOWN TOWN Complex,
Mangalore road,TALAP",kannur,Kerala,India,670002,,Standard Template,Adjustment,"1ST FLOOR, No47/2170,
DOWN TOWN Complex,
Mangalore road,TALAP",kannur,Kerala,India,670002,,1,,,,0.000,,,,0.00,0.000,,,,0.00,,,,,,,,Government Stamping Fee 20 KG,,998729,30.00,0.00,0.0,0.00,5100.00,,FALSE,99381000000172016,Sales,SF20,,,,,nos,170.00,Zero Rated,99381000000006152,GST0,0.00,Tax Group,,,,0.00,0.00,0.00,0.00,0.00,0.00,0.00,0.00,0.00,0.00,0.00,0.00,,goods,,,
2020-10-05,99381000001516864,EST103,sent,99381000000575003,Cochin,,,INR,1.00,entity_level,true,0.00,false,35620.00,35620.00,0.00,Looking forward for your business.,,YESWEIGH TECHNOLOGIES PRIVATE LIMITED,32,32-Kerala,business_gst,32AABCY1984H1Z9,NO,NO,,,,"1ST FLOOR, No47/2170,
DOWN TOWN Complex,
Mangalore road,TALAP",kannur,Kerala,India,670002,,Standard Template,Adjustment,"1ST FLOOR, No47/2170,
DOWN TOWN Complex,
Mangalore road,TALAP",kannur,Kerala,India,670002,,1,,,,0.000,,,,0.00,0.000,,,,0.00,,,,,,,,Government Stamping Fee 30 kg,,998729,30.00,0.00,0.0,0.00,10050.00,,FALSE,99381000000186027,Sales,SF30,,,,,nos,335.00,Zero Rated,99381000000006152,GST0,0.00,Tax Group,,,,0.00,0.00,0.00,0.00,0.00,0.00,0.00,0.00,0.00,0.00,0.00,0.00,,goods,,,
2020-10-05,99381000001516864,EST103,sent,99381000000575003,Cochin,,,INR,1.00,entity_level,true,0.00,false,35620.00,35620.00,0.00,Looking forward for your business.,,YESWEIGH TECHNOLOGIES PRIVATE LIMITED,32,32-Kerala,business_gst,32AABCY1984H1Z9,NO,NO,,,,"1ST FLOOR, No47/2170,
DOWN TOWN Complex,
Mangalore road,TALAP",kannur,Kerala,India,670002,,Standard Template,Adjustment,"1ST FLOOR, No47/2170,
DOWN TOWN Complex,
Mangalore road,TALAP",kannur,Kerala,India,670002,,1,,,,0.000,,,,0.00,0.000,,,,0.00,,,,,,,,Government Stamping Fee 300kg,,998729,10.00,0.00,0.0,0.00,4150.00,,FALSE,99381000000548525,Sales,SF300,,,,,nos,415.00,Zero Rated,99381000000006152,GST0,0.00,Tax Group,,,,0.00,0.00,0.00,0.00,0.00,0.00,0.00,0.00,0.00,0.00,0.00,0.00,,goods,,,
2020-10-05,99381000001516864,EST103,sent,99381000000575003,Cochin,,,INR,1.00,entity_level,true,0.00,false,35620.00,35620.00,0.00,Looking forward for your business.,,YESWEIGH TECHNOLOGIES PRIVATE LIMITED,32,32-Kerala,business_gst,32AABCY1984H1Z9,NO,NO,,,,"1ST FLOOR, No47/2170,
DOWN TOWN Complex,
Mangalore road,TALAP",kannur,Kerala,India,670002,,Standard Template,Adjustment,"1ST FLOOR, No47/2170,
DOWN TOWN Complex,
Mangalore road,TALAP",kannur,Kerala,India,670002,,1,,,,0.000,,,,0.00,0.000,,,,0.00,,,,,,,,Government Stamping Fee 500kg,,998729,3.00,0.00,0.0,0.00,1245.00,,FALSE,99381000000590328,Sales,SF500,,,,,nos,415.00,Zero Rated,99381000000006152,GST0,0.00,Tax Group,,,,0.00,0.00,0.00,0.00,0.00,0.00,0.00,0.00,0.00,0.00,0.00,0.00,,goods,,,
2020-10-05,99381000001516864,EST103,sent,99381000000575003,Cochin,,,INR,1.00,entity_level,true,0.00,false,35620.00,35620.00,0.00,Looking forward for your business.,,YESWEIGH TECHNOLOGIES PRIVATE LIMITED,32,32-Kerala,business_gst,32AABCY1984H1Z9,NO,NO,,,,"1ST FLOOR, No47/2170,
DOWN TOWN Complex,
Mangalore road,TALAP",kannur,Kerala,India,670002,,Standard Template,Adjustment,"1ST FLOOR, No47/2170,
DOWN TOWN Complex,
Mangalore road,TALAP",kannur,Kerala,India,670002,,1,,,,0.000,,,,0.00,0.000,,,,0.00,,,,,,,,Government Stamping Fee 200Kg,,998729,5.00,0.00,0.0,0.00,1675.00,,FALSE,99381000000548508,Sales,SF200,,,,,nos,335.00,Zero Rated,99381000000006152,GST0,0.00,Tax Group,,,,0.00,0.00,0.00,0.00,0.00,0.00,0.00,0.00,0.00,0.00,0.00,0.00,,goods,,,
2020-10-05,99381000001516864,EST103,sent,99381000000575003,Cochin,,,INR,1.00,entity_level,true,0.00,false,35620.00,35620.00,0.00,Looking forward for your business.,,YESWEIGH TECHNOLOGIES PRIVATE LIMITED,32,32-Kerala,business_gst,32AABCY1984H1Z9,NO,NO,,,,"1ST FLOOR, No47/2170,
DOWN TOWN Complex,
Mangalore road,TALAP",kannur,Kerala,India,670002,,Standard Template,Adjustment,"1ST FLOOR, No47/2170,
DOWN TOWN Complex,
Mangalore road,TALAP",kannur,Kerala,India,670002,,1,,,,0.000,,,,0.00,0.000,,,,0.00,,,,,,,,Government Stamping Fee 100Kg,,998729,10.00,0.00,0.0,0.00,3350.00,,FALSE,99381000000663063,Sales,SF100,,,,,nos,335.00,Zero Rated,99381000000006152,GST0,0.00,Tax Group,,,,0.00,0.00,0.00,0.00,0.00,0.00,0.00,0.00,0.00,0.00,0.00,0.00,,goods,,,
2020-10-05,99381000001520362,EST104,sent,99381000000575003,Cochin,,,INR,1.00,entity_level,true,0.00,false,38970.00,38970.00,0.00,Looking forward for your business.,,YESWEIGH TECHNOLOGIES PRIVATE LIMITED,32,32-Kerala,business_gst,32AABCY1984H1Z9,NO,NO,,,,"1ST FLOOR, No47/2170,
DOWN TOWN Complex,
Mangalore road,TALAP",kannur,Kerala,India,670002,,Standard Template,Adjustment,"1ST FLOOR, No47/2170,
DOWN TOWN Complex,
Mangalore road,TALAP",kannur,Kerala,India,670002,,1,,,,0.000,,,,0.00,0.000,,,,0.00,,,,,,,,Government Stamping Fee 50 kg,,998729,30.00,0.00,0.0,0.00,10050.00,,FALSE,99381000000186036,Sales,SF50,,,,,nos,335.00,Zero Rated,99381000000006152,GST0,0.00,Tax Group,,,,0.00,0.00,0.00,0.00,0.00,0.00,0.00,0.00,0.00,0.00,0.00,0.00,,goods,,,
2020-10-05,99381000001520362,EST104,sent,99381000000575003,Cochin,,,INR,1.00,entity_level,true,0.00,false,38970.00,38970.00,0.00,Looking forward for your business.,,YESWEIGH TECHNOLOGIES PRIVATE LIMITED,32,32-Kerala,business_gst,32AABCY1984H1Z9,NO,NO,,,,"1ST FLOOR, No47/2170,
DOWN TOWN Complex,
Mangalore road,TALAP",kannur,Kerala,India,670002,,Standard Template,Adjustment,"1ST FLOOR, No47/2170,
DOWN TOWN Complex,
Mangalore road,TALAP",kannur,Kerala,India,670002,,1,,,,0.000,,,,0.00,0.000,,,,0.00,,,,,,,,Government Stamping Fee 20 KG,,998729,30.00,0.00,0.0,0.00,5100.00,,FALSE,99381000000172016,Sales,SF20,,,,,nos,170.00,Zero Rated,99381000000006152,GST0,0.00,Tax Group,,,,0.00,0.00,0.00,0.00,0.00,0.00,0.00,0.00,0.00,0.00,0.00,0.00,,goods,,,
2020-10-05,99381000001520362,EST104,sent,99381000000575003,Cochin,,,INR,1.00,entity_level,true,0.00,false,38970.00,38970.00,0.00,Looking forward for your business.,,YESWEIGH TECHNOLOGIES PRIVATE LIMITED,32,32-Kerala,business_gst,32AABCY1984H1Z9,NO,NO,,,,"1ST FLOOR, No47/2170,
DOWN TOWN Complex,
Mangalore road,TALAP",kannur,Kerala,India,670002,,Standard Template,Adjustment,"1ST FLOOR, No47/2170,
DOWN TOWN Complex,
Mangalore road,TALAP",kannur,Kerala,India,670002,,1,,,,0.000,,,,0.00,0.000,,,,0.00,,,,,,,,Government Stamping Fee 30 kg,,998729,40.00,0.00,0.0,0.00,13400.00,,FALSE,99381000000186027,Sales,SF30,,,,,nos,335.00,Zero Rated,99381000000006152,GST0,0.00,Tax Group,,,,0.00,0.00,0.00,0.00,0.00,0.00,0.00,0.00,0.00,0.00,0.00,0.00,,goods,,,
2020-10-05,99381000001520362,EST104,sent,99381000000575003,Cochin,,,INR,1.00,entity_level,true,0.00,false,38970.00,38970.00,0.00,Looking forward for your business.,,YESWEIGH TECHNOLOGIES PRIVATE LIMITED,32,32-Kerala,business_gst,32AABCY1984H1Z9,NO,NO,,,,"1ST FLOOR, No47/2170,
DOWN TOWN Complex,
Mangalore road,TALAP",kannur,Kerala,India,670002,,Standard Template,Adjustment,"1ST FLOOR, No47/2170,
DOWN TOWN Complex,
Mangalore road,TALAP",kannur,Kerala,India,670002,,1,,,,0.000,,,,0.00,0.000,,,,0.00,,,,,,,,Government Stamping Fee 300kg,,998729,10.00,0.00,0.0,0.00,4150.00,,FALSE,99381000000548525,Sales,SF300,,,,,nos,415.00,Zero Rated,99381000000006152,GST0,0.00,Tax Group,,,,0.00,0.00,0.00,0.00,0.00,0.00,0.00,0.00,0.00,0.00,0.00,0.00,,goods,,,
2020-10-05,99381000001520362,EST104,sent,99381000000575003,Cochin,,,INR,1.00,entity_level,true,0.00,false,38970.00,38970.00,0.00,Looking forward for your business.,,YESWEIGH TECHNOLOGIES PRIVATE LIMITED,32,32-Kerala,business_gst,32AABCY1984H1Z9,NO,NO,,,,"1ST FLOOR, No47/2170,
DOWN TOWN Complex,
Mangalore road,TALAP",kannur,Kerala,India,670002,,Standard Template,Adjustment,"1ST FLOOR, No47/2170,
DOWN TOWN Complex,
Mangalore road,TALAP",kannur,Kerala,India,670002,,1,,,,0.000,,,,0.00,0.000,,,,0.00,,,,,,,,Government Stamping Fee 500kg,,998729,3.00,0.00,0.0,0.00,1245.00,,FALSE,99381000000590328,Sales,SF500,,,,,nos,415.00,Zero Rated,99381000000006152,GST0,0.00,Tax Group,,,,0.00,0.00,0.00,0.00,0.00,0.00,0.00,0.00,0.00,0.00,0.00,0.00,,goods,,,
2020-10-05,99381000001520362,EST104,sent,99381000000575003,Cochin,,,INR,1.00,entity_level,true,0.00,false,38970.00,38970.00,0.00,Looking forward for your business.,,YESWEIGH TECHNOLOGIES PRIVATE LIMITED,32,32-Kerala,business_gst,32AABCY1984H1Z9,NO,NO,,,,"1ST FLOOR, No47/2170,
DOWN TOWN Complex,
Mangalore road,TALAP",kannur,Kerala,India,670002,,Standard Template,Adjustment,"1ST FLOOR, No47/2170,
DOWN TOWN Complex,
Mangalore road,TALAP",kannur,Kerala,India,670002,,1,,,,0.000,,,,0.00,0.000,,,,0.00,,,,,,,,Government Stamping Fee 200Kg,,998729,5.00,0.00,0.0,0.00,1675.00,,FALSE,99381000000548508,Sales,SF200,,,,,nos,335.00,Zero Rated,99381000000006152,GST0,0.00,Tax Group,,,,0.00,0.00,0.00,0.00,0.00,0.00,0.00,0.00,0.00,0.00,0.00,0.00,,goods,,,
2020-10-05,99381000001520362,EST104,sent,99381000000575003,Cochin,,,INR,1.00,entity_level,true,0.00,false,38970.00,38970.00,0.00,Looking forward for your business.,,YESWEIGH TECHNOLOGIES PRIVATE LIMITED,32,32-Kerala,business_gst,32AABCY1984H1Z9,NO,NO,,,,"1ST FLOOR, No47/2170,
DOWN TOWN Complex,
Mangalore road,TALAP",kannur,Kerala,India,670002,,Standard Template,Adjustment,"1ST FLOOR, No47/2170,
DOWN TOWN Complex,
Mangalore road,TALAP",kannur,Kerala,India,670002,,1,,,,0.000,,,,0.00,0.000,,,,0.00,,,,,,,,Government Stamping Fee 100Kg,,998729,10.00,0.00,0.0,0.00,3350.00,,FALSE,99381000000663063,Sales,SF100,,,,,nos,335.00,Zero Rated,99381000000006152,GST0,0.00,Tax Group,,,,0.00,0.00,0.00,0.00,0.00,0.00,0.00,0.00,0.00,0.00,0.00,0.00,,goods,,,
2020-10-05,99381000001520388,EST105,sent,99381000000151001,Cochin,,,INR,1.00,entity_level,true,0.00,false,28080.00,28080.00,0.00,Looking forward for your business.,,Dynamic Enterprises,32,32-Kerala,business_gst,32ATJPS7075B1ZN,NO,NO,,,,XIV/217C SUNRISE BUILDING,THRISSUR,Kerala,India,680121,,Standard Template,Adjustment,"YELLOW SCALES
Kumbalam Jn.
Kumbalam",Ernakulam,Kerala,India,682506,,1,,,,0.000,,,,0.00,0.000,,,,0.00,,,,,,,,Government Stamping Fee 50 kg,,998729,20.00,0.00,0.0,0.00,6700.00,,FALSE,99381000000186036,Sales,SF50,,,,,nos,335.00,Zero Rated,99381000000006152,GST0,0.00,Tax Group,,,,0.00,0.00,0.00,0.00,0.00,0.00,0.00,0.00,0.00,0.00,0.00,0.00,,goods,,,
2020-10-05,99381000001520388,EST105,sent,99381000000151001,Cochin,,,INR,1.00,entity_level,true,0.00,false,28080.00,28080.00,0.00,Looking forward for your business.,,Dynamic Enterprises,32,32-Kerala,business_gst,32ATJPS7075B1ZN,NO,NO,,,,XIV/217C SUNRISE BUILDING,THRISSUR,Kerala,India,680121,,Standard Template,Adjustment,"YELLOW SCALES
Kumbalam Jn.
Kumbalam",Ernakulam,Kerala,India,682506,,1,,,,0.000,,,,0.00,0.000,,,,0.00,,,,,,,,Government Stamping Fee 20 KG,,998729,20.00,0.00,0.0,0.00,3400.00,,FALSE,99381000000172016,Sales,SF20,,,,,nos,170.00,Zero Rated,99381000000006152,GST0,0.00,Tax Group,,,,0.00,0.00,0.00,0.00,0.00,0.00,0.00,0.00,0.00,0.00,0.00,0.00,,goods,,,
2020-10-05,99381000001520388,EST105,sent,99381000000151001,Cochin,,,INR,1.00,entity_level,true,0.00,false,28080.00,28080.00,0.00,Looking forward for your business.,,Dynamic Enterprises,32,32-Kerala,business_gst,32ATJPS7075B1ZN,NO,NO,,,,XIV/217C SUNRISE BUILDING,THRISSUR,Kerala,India,680121,,Standard Template,Adjustment,"YELLOW SCALES
Kumbalam Jn.
Kumbalam",Ernakulam,Kerala,India,682506,,1,,,,0.000,,,,0.00,0.000,,,,0.00,,,,,,,,Government Stamping Fee 30 kg,,998729,20.00,0.00,0.0,0.00,6700.00,,FALSE,99381000000186027,Sales,SF30,,,,,nos,335.00,Zero Rated,99381000000006152,GST0,0.00,Tax Group,,,,0.00,0.00,0.00,0.00,0.00,0.00,0.00,0.00,0.00,0.00,0.00,0.00,,goods,,,
2020-10-05,99381000001520388,EST105,sent,99381000000151001,Cochin,,,INR,1.00,entity_level,true,0.00,false,28080.00,28080.00,0.00,Looking forward for your business.,,Dynamic Enterprises,32,32-Kerala,business_gst,32ATJPS7075B1ZN,NO,NO,,,,XIV/217C SUNRISE BUILDING,THRISSUR,Kerala,India,680121,,Standard Template,Adjustment,"YELLOW SCALES
Kumbalam Jn.
Kumbalam",Ernakulam,Kerala,India,682506,,1,,,,0.000,,,,0.00,0.000,,,,0.00,,,,,,,,Government Stamping Fee 300kg,,998729,5.00,0.00,0.0,0.00,2075.00,,FALSE,99381000000548525,Sales,SF300,,,,,nos,415.00,Zero Rated,99381000000006152,GST0,0.00,Tax Group,,,,0.00,0.00,0.00,0.00,0.00,0.00,0.00,0.00,0.00,0.00,0.00,0.00,,goods,,,
2020-10-05,99381000001520388,EST105,sent,99381000000151001,Cochin,,,INR,1.00,entity_level,true,0.00,false,28080.00,28080.00,0.00,Looking forward for your business.,,Dynamic Enterprises,32,32-Kerala,business_gst,32ATJPS7075B1ZN,NO,NO,,,,XIV/217C SUNRISE BUILDING,THRISSUR,Kerala,India,680121,,Standard Template,Adjustment,"YELLOW SCALES
Kumbalam Jn.
Kumbalam",Ernakulam,Kerala,India,682506,,1,,,,0.000,,,,0.00,0.000,,,,0.00,,,,,,,,Government Stamping Fee 500kg,,998729,2.00,0.00,0.0,0.00,830.00,,FALSE,99381000000590328,Sales,SF500,,,,,nos,415.00,Zero Rated,99381000000006152,GST0,0.00,Tax Group,,,,0.00,0.00,0.00,0.00,0.00,0.00,0.00,0.00,0.00,0.00,0.00,0.00,,goods,,,
2020-10-05,99381000001520388,EST105,sent,99381000000151001,Cochin,,,INR,1.00,entity_level,true,0.00,false,28080.00,28080.00,0.00,Looking forward for your business.,,Dynamic Enterprises,32,32-Kerala,business_gst,32ATJPS7075B1ZN,NO,NO,,,,XIV/217C SUNRISE BUILDING,THRISSUR,Kerala,India,680121,,Standard Template,Adjustment,"YELLOW SCALES
Kumbalam Jn.
Kumbalam",Ernakulam,Kerala,India,682506,,1,,,,0.000,,,,0.00,0.000,,,,0.00,,,,,,,,Government Stamping Fee 200Kg,,998729,5.00,0.00,0.0,0.00,1675.00,,FALSE,99381000000548508,Sales,SF200,,,,,nos,335.00,Zero Rated,99381000000006152,GST0,0.00,Tax Group,,,,0.00,0.00,0.00,0.00,0.00,0.00,0.00,0.00,0.00,0.00,0.00,0.00,,goods,,,
2020-10-05,99381000001520388,EST105,sent,99381000000151001,Cochin,,,INR,1.00,entity_level,true,0.00,false,28080.00,28080.00,0.00,Looking forward for your business.,,Dynamic Enterprises,32,32-Kerala,business_gst,32ATJPS7075B1ZN,NO,NO,,,,XIV/217C SUNRISE BUILDING,THRISSUR,Kerala,India,680121,,Standard Template,Adjustment,"YELLOW SCALES
Kumbalam Jn.
Kumbalam",Ernakulam,Kerala,India,682506,,1,,,,0.000,,,,0.00,0.000,,,,0.00,,,,,,,,Government Stamping Fee 100Kg,,998729,20.00,0.00,0.0,0.00,6700.00,,FALSE,99381000000663063,Sales,SF100,,,,,nos,335.00,Zero Rated,99381000000006152,GST0,0.00,Tax Group,,,,0.00,0.00,0.00,0.00,0.00,0.00,0.00,0.00,0.00,0.00,0.00,0.00,,goods,,,
2020-10-05,99381000001520608,EST106,sent,99381000000112170,Cochin,,,INR,1.00,entity_level,true,0.00,false,34550.00,34550.00,0.00,Looking forward for your business.,,MEEZAN ELECTRONIC SCALES PRIVATE LIMITED,32,32-Kerala,business_gst,32AAECM1277C1ZY,NO,NO,,,,"8/308A Meezan Tower 
Calicut Road , Manjeri",MANJERI,Kerala,India,676121,,Standard Template,Adjustment,"8/308A Meezan Tower 
Calicut Road , Manjeri",MANJERI,Kerala,India,676121,,1,,,,0.000,,,,0.00,0.000,,,,0.00,,,,,,,,Government Stamping Fee 50 kg,,998729,30.00,0.00,0.0,0.00,10050.00,,FALSE,99381000000186036,Sales,SF50,,,,,nos,335.00,Zero Rated,99381000000006152,GST0,0.00,Tax Group,,,,0.00,0.00,0.00,0.00,0.00,0.00,0.00,0.00,0.00,0.00,0.00,0.00,,goods,,,
2020-10-05,99381000001520608,EST106,sent,99381000000112170,Cochin,,,INR,1.00,entity_level,true,0.00,false,34550.00,34550.00,0.00,Looking forward for your business.,,MEEZAN ELECTRONIC SCALES PRIVATE LIMITED,32,32-Kerala,business_gst,32AAECM1277C1ZY,NO,NO,,,,"8/308A Meezan Tower 
Calicut Road , Manjeri",MANJERI,Kerala,India,676121,,Standard Template,Adjustment,"8/308A Meezan Tower 
Calicut Road , Manjeri",MANJERI,Kerala,India,676121,,1,,,,0.000,,,,0.00,0.000,,,,0.00,,,,,,,,Government Stamping Fee 20 KG,,998729,30.00,0.00,0.0,0.00,5100.00,,FALSE,99381000000172016,Sales,SF20,,,,,nos,170.00,Zero Rated,99381000000006152,GST0,0.00,Tax Group,,,,0.00,0.00,0.00,0.00,0.00,0.00,0.00,0.00,0.00,0.00,0.00,0.00,,goods,,,
2020-10-05,99381000001520608,EST106,sent,99381000000112170,Cochin,,,INR,1.00,entity_level,true,0.00,false,34550.00,34550.00,0.00,Looking forward for your business.,,MEEZAN ELECTRONIC SCALES PRIVATE LIMITED,32,32-Kerala,business_gst,32AAECM1277C1ZY,NO,NO,,,,"8/308A Meezan Tower 
Calicut Road , Manjeri",MANJERI,Kerala,India,676121,,Standard Template,Adjustment,"8/308A Meezan Tower 
Calicut Road , Manjeri",MANJERI,Kerala,India,676121,,1,,,,0.000,,,,0.00,0.000,,,,0.00,,,,,,,,Government Stamping Fee 30 kg,"Serial No:TJ21730 To TJ21759
",998729,30.00,0.00,0.0,0.00,10050.00,,FALSE,99381000000186027,Sales,SF30,,,,,nos,335.00,Zero Rated,99381000000006152,GST0,0.00,Tax Group,,,,0.00,0.00,0.00,0.00,0.00,0.00,0.00,0.00,0.00,0.00,0.00,0.00,,goods,,,
2020-10-05,99381000001520608,EST106,sent,99381000000112170,Cochin,,,INR,1.00,entity_level,true,0.00,false,34550.00,34550.00,0.00,Looking forward for your business.,,MEEZAN ELECTRONIC SCALES PRIVATE LIMITED,32,32-Kerala,business_gst,32AAECM1277C1ZY,NO,NO,,,,"8/308A Meezan Tower 
Calicut Road , Manjeri",MANJERI,Kerala,India,676121,,Standard Template,Adjustment,"8/308A Meezan Tower 
Calicut Road , Manjeri",MANJERI,Kerala,India,676121,,1,,,,0.000,,,,0.00,0.000,,,,0.00,,,,,,,,Government Stamping Fee 300kg,Serial No:TJ22565 To TJ22572,998729,8.00,0.00,0.0,0.00,3320.00,,FALSE,99381000000548525,Sales,SF300,,,,,nos,415.00,Zero Rated,99381000000006152,GST0,0.00,Tax Group,,,,0.00,0.00,0.00,0.00,0.00,0.00,0.00,0.00,0.00,0.00,0.00,0.00,,goods,,,
2020-10-05,99381000001520608,EST106,sent,99381000000112170,Cochin,,,INR,1.00,entity_level,true,0.00,false,34550.00,34550.00,0.00,Looking forward for your business.,,MEEZAN ELECTRONIC SCALES PRIVATE LIMITED,32,32-Kerala,business_gst,32AAECM1277C1ZY,NO,NO,,,,"8/308A Meezan Tower 
Calicut Road , Manjeri",MANJERI,Kerala,India,676121,,Standard Template,Adjustment,"8/308A Meezan Tower 
Calicut Road , Manjeri",MANJERI,Kerala,India,676121,,1,,,,0.000,,,,0.00,0.000,,,,0.00,,,,,,,,Government Stamping Fee 200Kg,,998729,8.00,0.00,0.0,0.00,2680.00,,FALSE,99381000000548508,Sales,SF200,,,,,nos,335.00,Zero Rated,99381000000006152,GST0,0.00,Tax Group,,,,0.00,0.00,0.00,0.00,0.00,0.00,0.00,0.00,0.00,0.00,0.00,0.00,,goods,,,
2020-10-05,99381000001520608,EST106,sent,99381000000112170,Cochin,,,INR,1.00,entity_level,true,0.00,false,34550.00,34550.00,0.00,Looking forward for your business.,,MEEZAN ELECTRONIC SCALES PRIVATE LIMITED,32,32-Kerala,business_gst,32AAECM1277C1ZY,NO,NO,,,,"8/308A Meezan Tower 
Calicut Road , Manjeri",MANJERI,Kerala,India,676121,,Standard Template,Adjustment,"8/308A Meezan Tower 
Calicut Road , Manjeri",MANJERI,Kerala,India,676121,,1,,,,0.000,,,,0.00,0.000,,,,0.00,,,,,,,,Government Stamping Fee 100Kg,,998729,10.00,0.00,0.0,0.00,3350.00,,FALSE,99381000000663063,Sales,SF100,,,,,nos,335.00,Zero Rated,99381000000006152,GST0,0.00,Tax Group,,,,0.00,0.00,0.00,0.00,0.00,0.00,0.00,0.00,0.00,0.00,0.00,0.00,,goods,,,
2020-10-05,99381000001520632,EST107,sent,99381000000601025,Cochin,,,INR,1.00,entity_level,true,0.00,false,12290.00,12290.00,0.00,Looking forward for your business.,,E WAY SOLUTIONS,32,32-Kerala,business_gst,32BDLPA5497A1ZV,NO,NO,,,,"E way solutions, Door no 26/755,756, Radha Devi building",Palakkad,Kerala,India,679503,,Standard Template,Adjustment,"ST courier office, West fort",Thrissur,Kerala,India,680618,,1,,,,0.000,,,,0.00,0.000,,,,0.00,,,,,,,,Government Stamping Fee 20 KG,,998729,25.00,0.00,0.0,0.00,4250.00,,FALSE,99381000000172016,Sales,SF20,,,,,nos,170.00,Zero Rated,99381000000006152,GST0,0.00,Tax Group,,,,0.00,0.00,0.00,0.00,0.00,0.00,0.00,0.00,0.00,0.00,0.00,0.00,,goods,,,
2020-10-05,99381000001520632,EST107,sent,99381000000601025,Cochin,,,INR,1.00,entity_level,true,0.00,false,12290.00,12290.00,0.00,Looking forward for your business.,,E WAY SOLUTIONS,32,32-Kerala,business_gst,32BDLPA5497A1ZV,NO,NO,,,,"E way solutions, Door no 26/755,756, Radha Devi building",Palakkad,Kerala,India,679503,,Standard Template,Adjustment,"ST courier office, West fort",Thrissur,Kerala,India,680618,,1,,,,0.000,,,,0.00,0.000,,,,0.00,,,,,,,,Government Stamping Fee 50 kg,,998729,24.00,0.00,0.0,0.00,8040.00,,FALSE,99381000000186036,Sales,SF50,,,,,nos,335.00,Zero Rated,99381000000006152,GST0,0.00,Tax Group,,,,0.00,0.00,0.00,0.00,0.00,0.00,0.00,0.00,0.00,0.00,0.00,0.00,,goods,,,
2020-10-07,99381000001523244,EST108,sent,99381000000151001,Cochin,,,INR,1.00,entity_level,true,0.00,false,4740.00,4740.00,0.00,Looking forward for your business.,,Dynamic Enterprises,32,32-Kerala,business_gst,32ATJPS7075B1ZN,NO,NO,,,,XIV/217C SUNRISE BUILDING,THRISSUR,Kerala,India,680121,,Standard Template,Adjustment,XIV/217C SUNRISE BUILDING,THRISSUR,Kerala,India,680121,,1,,,,0.000,,,,0.00,0.000,,,,0.00,,,,,,,,Government Stamping Fee 20 KG,Serial No:TI20098 To TI20117,998729,20.00,0.00,0.0,0.00,3400.00,,FALSE,99381000000172016,Sales,SF20,,,,,nos,170.00,Zero Rated,99381000000006152,GST0,0.00,Tax Group,,,,0.00,0.00,0.00,0.00,0.00,0.00,0.00,0.00,0.00,0.00,0.00,0.00,,goods,,,
2020-10-07,99381000001523244,EST108,sent,99381000000151001,Cochin,,,INR,1.00,entity_level,true,0.00,false,4740.00,4740.00,0.00,Looking forward for your business.,,Dynamic Enterprises,32,32-Kerala,business_gst,32ATJPS7075B1ZN,NO,NO,,,,XIV/217C SUNRISE BUILDING,THRISSUR,Kerala,India,680121,,Standard Template,Adjustment,XIV/217C SUNRISE BUILDING,THRISSUR,Kerala,India,680121,,1,,,,0.000,,,,0.00,0.000,,,,0.00,,,,,,,,Government Stamping Fee 200Kg,Serial No:TH12808 To TH12811,998729,4.00,0.00,0.0,0.00,1340.00,,FALSE,99381000000548508,Sales,SF200,,,,,nos,335.00,Zero Rated,99381000000006152,GST0,0.00,Tax Group,,,,0.00,0.00,0.00,0.00,0.00,0.00,0.00,0.00,0.00,0.00,0.00,0.00,,goods,,,
2020-10-12,99381000001537325,EST109,sent,99381000001538088,Cochin,,,INR,1.00,entity_level,true,0.00,false,2190.00,2190.00,0.00,Looking forward for your business.,,Weighman Scales,32,32-Kerala,business_gst,32EGQPM9307E1Z8,NO,NO,,,,"Weighman Scales, 17/726(33/373 NEW), Center city building",Malappuram,Kerala,India,676319,,Standard Template,Adjustment,"Weighman Scales, 17/726(33/373 NEW), Center city building",Malappuram,Kerala,India,676319,,1,,,,0.000,,,,0.00,0.000,,,,0.00,,,,,,,,Government Stamping Fee 50 kg,,998729,4.00,0.00,0.0,0.00,1340.00,,FALSE,99381000000186036,Sales,SF50,,,,,nos,335.00,Zero Rated,99381000000006152,GST0,0.00,Tax Group,,,,0.00,0.00,0.00,0.00,0.00,0.00,0.00,0.00,0.00,0.00,0.00,0.00,,goods,,,
2020-10-12,99381000001537325,EST109,sent,99381000001538088,Cochin,,,INR,1.00,entity_level,true,0.00,false,2190.00,2190.00,0.00,Looking forward for your business.,,Weighman Scales,32,32-Kerala,business_gst,32EGQPM9307E1Z8,NO,NO,,,,"Weighman Scales, 17/726(33/373 NEW), Center city building",Malappuram,Kerala,India,676319,,Standard Template,Adjustment,"Weighman Scales, 17/726(33/373 NEW), Center city building",Malappuram,Kerala,India,676319,,1,,,,0.000,,,,0.00,0.000,,,,0.00,,,,,,,,Government Stamping Fee 20 KG,,998729,5.00,0.00,0.0,0.00,850.00,,FALSE,99381000000172016,Sales,SF20,,,,,nos,170.00,Zero Rated,99381000000006152,GST0,0.00,Tax Group,,,,0.00,0.00,0.00,0.00,0.00,0.00,0.00,0.00,0.00,0.00,0.00,0.00,,goods,,,
2020-10-12,99381000001537341,EST110,sent,99381000000889163,Cochin,,,INR,1.00,entity_level,true,0.00,false,2190.00,2190.00,0.00,Looking forward for your business.,,Weighman & Associates,32,32-Kerala,business_gst,32AGCPM3183C1ZW,NO,NO,,,,"Weighman & Associates ,RKP 5/709 H, Airport Road",Kozhikode,Kerala,India,673633,,Standard Template,Adjustment,"Weighman & Associates ,RKP 5/709 H, Airport Road",Kozhikode,Kerala,India,673633,,1,,,,0.000,,,,0.00,0.000,,,,0.00,,,,,,,,Government Stamping Fee 50 kg,,998729,4.00,0.00,0.0,0.00,1340.00,,FALSE,99381000000186036,Sales,SF50,,,,,nos,335.00,Zero Rated,99381000000006152,GST0,0.00,Tax Group,,,,0.00,0.00,0.00,0.00,0.00,0.00,0.00,0.00,0.00,0.00,0.00,0.00,,goods,,,
2020-10-12,99381000001537341,EST110,sent,99381000000889163,Cochin,,,INR,1.00,entity_level,true,0.00,false,2190.00,2190.00,0.00,Looking forward for your business.,,Weighman & Associates,32,32-Kerala,business_gst,32AGCPM3183C1ZW,NO,NO,,,,"Weighman & Associates ,RKP 5/709 H, Airport Road",Kozhikode,Kerala,India,673633,,Standard Template,Adjustment,"Weighman & Associates ,RKP 5/709 H, Airport Road",Kozhikode,Kerala,India,673633,,1,,,,0.000,,,,0.00,0.000,,,,0.00,,,,,,,,Government Stamping Fee 20 KG,,998729,5.00,0.00,0.0,0.00,850.00,,FALSE,99381000000172016,Sales,SF20,,,,,nos,170.00,Zero Rated,99381000000006152,GST0,0.00,Tax Group,,,,0.00,0.00,0.00,0.00,0.00,0.00,0.00,0.00,0.00,0.00,0.00,0.00,,goods,,,
2020-10-13,99381000001542258,EST111,sent,99381000000231096,Cochin,,,INR,1.00,entity_level,true,0.00,false,10050.00,10050.00,0.00,Looking forward for your business.,,Victory Scales,32,32-Kerala,business_gst,32AAAAV1247P1ZC,NO,NO,,,,"M/s Victory Scales
CSI Ascension Square, Below ICICI Bank","Kottayam,",Kerala,India,686016,,Standard Template,Adjustment,"Manickathinal Building,","Kottayam,",Kerala,India,686016,,1,,,,0.000,,,,0.00,0.000,,,,0.00,,,,,,,,Government Stamping Fee 30 kg,,998729,20.00,0.00,0.0,0.00,6700.00,,FALSE,99381000000186027,Sales,SF30,,,,,nos,335.00,Zero Rated,99381000000006152,GST0,0.00,Tax Group,,,,0.00,0.00,0.00,0.00,0.00,0.00,0.00,0.00,0.00,0.00,0.00,0.00,,goods,,,
2020-10-13,99381000001542258,EST111,sent,99381000000231096,Cochin,,,INR,1.00,entity_level,true,0.00,false,10050.00,10050.00,0.00,Looking forward for your business.,,Victory Scales,32,32-Kerala,business_gst,32AAAAV1247P1ZC,NO,NO,,,,"M/s Victory Scales
CSI Ascension Square, Below ICICI Bank","Kottayam,",Kerala,India,686016,,Standard Template,Adjustment,"Manickathinal Building,","Kottayam,",Kerala,India,686016,,1,,,,0.000,,,,0.00,0.000,,,,0.00,,,,,,,,Government Stamping Fee 50 kg,,998729,10.00,0.00,0.0,0.00,3350.00,,FALSE,99381000000186036,Sales,SF50,,,,,nos,335.00,Zero Rated,99381000000006152,GST0,0.00,Tax Group,,,,0.00,0.00,0.00,0.00,0.00,0.00,0.00,0.00,0.00,0.00,0.00,0.00,,goods,,,
2020-10-13,99381000001542274,EST112,sent,99381000000011046,Cochin,,,INR,1.00,entity_level,true,0.00,false,13605.00,13605.00,0.00,Looking forward for your business.,,GLOBAL DIGITAL SYSTEM,32,32-Kerala,consumer,,NO,NO,,,,Baris Complex,"Vengara, Malappuram",Kerala,,676304,,Standard Template,Adjustment,Baris Complex,"Vengara, Malappuram",Kerala,,676304,,1,,,,0.000,,,,0.00,0.000,,,,0.00,,,,,,,,Government Stamping Fee 50 kg,,998729,10.00,0.00,0.0,0.00,3350.00,,FALSE,99381000000186036,Sales,SF50,,,,,nos,335.00,Zero Rated,99381000000006152,GST0,0.00,Tax Group,,,,0.00,0.00,0.00,0.00,0.00,0.00,0.00,0.00,0.00,0.00,0.00,0.00,,goods,,,
2020-10-13,99381000001542274,EST112,sent,99381000000011046,Cochin,,,INR,1.00,entity_level,true,0.00,false,13605.00,13605.00,0.00,Looking forward for your business.,,GLOBAL DIGITAL SYSTEM,32,32-Kerala,consumer,,NO,NO,,,,Baris Complex,"Vengara, Malappuram",Kerala,,676304,,Standard Template,Adjustment,Baris Complex,"Vengara, Malappuram",Kerala,,676304,,1,,,,0.000,,,,0.00,0.000,,,,0.00,,,,,,,,Government Stamping Fee 20 KG,,998729,15.00,0.00,0.0,0.00,2550.00,,FALSE,99381000000172016,Sales,SF20,,,,,nos,170.00,Zero Rated,99381000000006152,GST0,0.00,Tax Group,,,,0.00,0.00,0.00,0.00,0.00,0.00,0.00,0.00,0.00,0.00,0.00,0.00,,goods,,,
2020-10-13,99381000001542274,EST112,sent,99381000000011046,Cochin,,,INR,1.00,entity_level,true,0.00,false,13605.00,13605.00,0.00,Looking forward for your business.,,GLOBAL DIGITAL SYSTEM,32,32-Kerala,consumer,,NO,NO,,,,Baris Complex,"Vengara, Malappuram",Kerala,,676304,,Standard Template,Adjustment,Baris Complex,"Vengara, Malappuram",Kerala,,676304,,1,,,,0.000,,,,0.00,0.000,,,,0.00,,,,,,,,Government Stamping Fee 30 kg,,998729,23.00,0.00,0.0,0.00,7705.00,,FALSE,99381000000186027,Sales,SF30,,,,,nos,335.00,Zero Rated,99381000000006152,GST0,0.00,Tax Group,,,,0.00,0.00,0.00,0.00,0.00,0.00,0.00,0.00,0.00,0.00,0.00,0.00,,goods,,,
2020-10-13,99381000001542300,EST113,sent,99381000001357613,Cochin,,,INR,1.00,entity_level,true,0.00,false,670.00,670.00,0.00,Looking forward for your business.,,New Scale land,32,32-Kerala,business_gst,32BLEPM2997Q1ZD,NO,NO,,,,"New Scale Land, Room No: 302, Poozhikkunnel Building",Kottayam,Kerala,India,686028,,Standard Template,Adjustment,"New Scale Land, Room No: 302, Poozhikkunnel Building",Kottayam,Kerala,India,686028,,1,,,,0.000,,,,0.00,0.000,,,,0.00,,,,,,,,Government Stamping Fee 200Kg,,998729,2.00,0.00,0.0,0.00,670.00,,FALSE,99381000000548508,Sales,SF200,,,,,nos,335.00,Zero Rated,99381000000006152,GST0,0.00,Tax Group,,,,0.00,0.00,0.00,0.00,0.00,0.00,0.00,0.00,0.00,0.00,0.00,0.00,,goods,,,
2020-10-13,99381000001542373,EST114,sent,99381000000084733,Cochin,,,INR,1.00,entity_level,true,0.00,false,6750.00,6750.00,0.00,Looking forward for your business.,,ELMASS SYSTEMS & SERVICES,32,32-Kerala,business_gst,32AACFE8918M1Z7,NO,NO,,,,"70/1955 /old 44/2214A5, Martin Eva Holy Tuesday Shopping Mall,
Banerji Road, Mathrubhoomi Jn.",Ernakulam,Kerala,India,682017,,Standard Template,Adjustment,"Souhruda Lane
Lissie Hospital Road",Ernakulam,Kerala,India,682018,,1,,,,0.000,,,,0.00,0.000,,,,0.00,,,,,,,,Government Stamping Fee 20 KG,,998729,20.00,0.00,0.0,0.00,3400.00,,FALSE,99381000000172016,Sales,SF20,,,,,nos,170.00,Zero Rated,99381000000006152,GST0,0.00,Tax Group,,,,0.00,0.00,0.00,0.00,0.00,0.00,0.00,0.00,0.00,0.00,0.00,0.00,,goods,,,
2020-10-13,99381000001542373,EST114,sent,99381000000084733,Cochin,,,INR,1.00,entity_level,true,0.00,false,6750.00,6750.00,0.00,Looking forward for your business.,,ELMASS SYSTEMS & SERVICES,32,32-Kerala,business_gst,32AACFE8918M1Z7,NO,NO,,,,"70/1955 /old 44/2214A5, Martin Eva Holy Tuesday Shopping Mall,
Banerji Road, Mathrubhoomi Jn.",Ernakulam,Kerala,India,682017,,Standard Template,Adjustment,"Souhruda Lane
Lissie Hospital Road",Ernakulam,Kerala,India,682018,,1,,,,0.000,,,,0.00,0.000,,,,0.00,,,,,,,,Government Stamping Fee 50 kg,,998729,10.00,0.00,0.0,0.00,3350.00,,FALSE,99381000000186036,Sales,SF50,,,,,nos,335.00,Zero Rated,99381000000006152,GST0,0.00,Tax Group,,,,0.00,0.00,0.00,0.00,0.00,0.00,0.00,0.00,0.00,0.00,0.00,0.00,,goods,,,
2020-10-13,99381000001542389,EST115,sent,99381000000014010,Cochin,,,INR,1.00,entity_level,true,0.00,false,3400.00,3400.00,0.00,Looking forward for your business.,,SOUTHERN SCALE SERVICES,32,32-Kerala,business_gst,32AANFS5802P1ZR,NO,NO,,,,SOUTHERN SCALE SERVICES,"ENGLISH CHURCH ROAD, PALAKKAD",KERALA,INDIA,678014,,Standard Template,Adjustment,SOUTHERN SCALE SERVICES,"ENGLISH CHURCH ROAD, PALAKKAD",KERALA,INDIA,678014,,1,,,,0.000,,,,0.00,0.000,,,,0.00,,,,,,,,Government Stamping Fee 20 KG,,998729,20.00,0.00,0.0,0.00,3400.00,,FALSE,99381000000172016,Sales,SF20,,,,,nos,170.00,Zero Rated,99381000000006152,GST0,0.00,Tax Group,,,,0.00,0.00,0.00,0.00,0.00,0.00,0.00,0.00,0.00,0.00,0.00,0.00,,goods,,,
2020-10-15,99381000001558243,EST116,sent,99381000001548035,Cochin,,,INR,1.00,entity_level,true,0.00,false,2720.00,2720.00,0.00,Looking forward for your business.,,Global Electronic Weighing Systems,32,32-Kerala,business_gst,32BCVPA5476N1Z1,NO,NO,,,,"Global Electronic Weighing Systems, Santhi Nagar, Chengaloor PO",Thrissur,Kerala,India,680312,,Standard Template,Adjustment,"Global Electronic Weighing Systems, Santhi Nagar, Chengaloor PO",Thrissur,Kerala,India,680312,,1,,,,0.000,,,,0.00,0.000,,,,0.00,,,,,,,,Government Stamping Fee 20 KG,,998729,16.00,0.00,0.0,0.00,2720.00,,FALSE,99381000000172016,Sales,SF20,,,,,nos,170.00,Zero Rated,99381000000006152,GST0,0.00,Tax Group,,,,0.00,0.00,0.00,0.00,0.00,0.00,0.00,0.00,0.00,0.00,0.00,0.00,,goods,,,
2020-10-15,99381000001558295,EST117,sent,99381000000837003,Cochin,,,INR,1.00,entity_level,true,0.00,false,335.00,335.00,0.00,Looking forward for your business.,,Hy-Tech Electronic Weighing System,32,32-Kerala,business_gst,32AMVPP9204A2Z2,NO,NO,,,,"Hy-Tech Electronic Weighing System , Revathy Complex",Kasargod,Kerala,India,671316,,Standard Template,Adjustment,"Hy-Tech Electronic Weighing System , Revathy Complex",Kasargod,Kerala,India,671316,,1,,,,0.000,,,,0.00,0.000,,,,0.00,,,,,,,,Government Stamping Fee 100Kg,,998729,1.00,0.00,0.0,0.00,335.00,,FALSE,99381000000663063,Sales,SF100,,,,,nos,335.00,Zero Rated,99381000000006152,GST0,0.00,Tax Group,,,,0.00,0.00,0.00,0.00,0.00,0.00,0.00,0.00,0.00,0.00,0.00,0.00,,goods,,,
2020-10-15,99381000001558335,EST118,sent,99381000000940651,Cochin,,,INR,1.00,entity_level,true,0.00,false,7705.00,7705.00,0.00,Looking forward for your business.,,MUDRA SCALE-KOZHIKODE,32,32-Kerala,business_gst,32BMNPR6553F1ZS,NO,NO,,,,"KP 15/153-B
Po. Pavandoor",Kozhikode,Kerala,India,673613,,Standard Template,Adjustment,"KP 15/153-B
Po. Pavandoor",Kozhikode,Kerala,India,673613,,1,,,,0.000,,,,0.00,0.000,,,,0.00,,,,,,,,Government Stamping Fee 50 kg,,998729,23.00,0.00,0.0,0.00,7705.00,,FALSE,99381000000186036,Sales,SF50,,,,,nos,335.00,Zero Rated,99381000000006152,GST0,0.00,Tax Group,,,,0.00,0.00,0.00,0.00,0.00,0.00,0.00,0.00,0.00,0.00,0.00,0.00,,goods,,,
2020-10-15,99381000001558443,EST119,sent,99381000001137001,Cochin,,,INR,1.00,entity_level,true,0.00,false,16725.00,16725.00,0.00,Looking forward for your business.,,AMANA INSTRUMENTS,32,32-Kerala,business_gst,32AVVPA5492J1Z7,NO,NO,,,,"Mukkam Road,
Pathanapuram",Malappuram,Kerala,India,673639,,Standard Template,Adjustment,"Mukkam Road,
Pathanapuram",Malappuram,Kerala,India,673639,,1,,,,0.000,,,,0.00,0.000,,,,0.00,,,,,,,,Government Stamping Fee 20 KG,,998729,25.00,0.00,0.0,0.00,4250.00,,FALSE,99381000000172016,Sales,SF20,,,,,nos,170.00,Zero Rated,99381000000006152,GST0,0.00,Tax Group,,,,0.00,0.00,0.00,0.00,0.00,0.00,0.00,0.00,0.00,0.00,0.00,0.00,,goods,,,
2020-10-15,99381000001558443,EST119,sent,99381000001137001,Cochin,,,INR,1.00,entity_level,true,0.00,false,16725.00,16725.00,0.00,Looking forward for your business.,,AMANA INSTRUMENTS,32,32-Kerala,business_gst,32AVVPA5492J1Z7,NO,NO,,,,"Mukkam Road,
Pathanapuram",Malappuram,Kerala,India,673639,,Standard Template,Adjustment,"Mukkam Road,
Pathanapuram",Malappuram,Kerala,India,673639,,1,,,,0.000,,,,0.00,0.000,,,,0.00,,,,,,,,Government Stamping Fee 50 kg,Serial No:TK27995 To TK28004 (STAMPED PLATES 10NOS.),998729,32.00,0.00,0.0,0.00,10720.00,,FALSE,99381000000186036,Sales,SF50,,,,,nos,335.00,Zero Rated,99381000000006152,GST0,0.00,Tax Group,,,,0.00,0.00,0.00,0.00,0.00,0.00,0.00,0.00,0.00,0.00,0.00,0.00,,goods,,,
2020-10-15,99381000001558443,EST119,sent,99381000001137001,Cochin,,,INR,1.00,entity_level,true,0.00,false,16725.00,16725.00,0.00,Looking forward for your business.,,AMANA INSTRUMENTS,32,32-Kerala,business_gst,32AVVPA5492J1Z7,NO,NO,,,,"Mukkam Road,
Pathanapuram",Malappuram,Kerala,India,673639,,Standard Template,Adjustment,"Mukkam Road,
Pathanapuram",Malappuram,Kerala,India,673639,,1,,,,0.000,,,,0.00,0.000,,,,0.00,,,,,,,,Government Stamping Fee 100Kg,,998729,2.00,0.00,0.0,0.00,670.00,,FALSE,99381000000663063,Sales,SF100,,,,,nos,335.00,Zero Rated,99381000000006152,GST0,0.00,Tax Group,,,,0.00,0.00,0.00,0.00,0.00,0.00,0.00,0.00,0.00,0.00,0.00,0.00,,goods,,,
2020-10-15,99381000001558443,EST119,sent,99381000001137001,Cochin,,,INR,1.00,entity_level,true,0.00,false,16725.00,16725.00,0.00,Looking forward for your business.,,AMANA INSTRUMENTS,32,32-Kerala,business_gst,32AVVPA5492J1Z7,NO,NO,,,,"Mukkam Road,
Pathanapuram",Malappuram,Kerala,India,673639,,Standard Template,Adjustment,"Mukkam Road,
Pathanapuram",Malappuram,Kerala,India,673639,,1,,,,0.000,,,,0.00,0.000,,,,0.00,,,,,,,,Government Stamping Fee 200Kg,,998729,2.00,0.00,0.0,0.00,670.00,,FALSE,99381000000548508,Sales,SF200,,,,,nos,335.00,Zero Rated,99381000000006152,GST0,0.00,Tax Group,,,,0.00,0.00,0.00,0.00,0.00,0.00,0.00,0.00,0.00,0.00,0.00,0.00,,goods,,,
2020-10-15,99381000001558443,EST119,sent,99381000001137001,Cochin,,,INR,1.00,entity_level,true,0.00,false,16725.00,16725.00,0.00,Looking forward for your business.,,AMANA INSTRUMENTS,32,32-Kerala,business_gst,32AVVPA5492J1Z7,NO,NO,,,,"Mukkam Road,
Pathanapuram",Malappuram,Kerala,India,673639,,Standard Template,Adjustment,"Mukkam Road,
Pathanapuram",Malappuram,Kerala,India,673639,,1,,,,0.000,,,,0.00,0.000,,,,0.00,,,,,,,,Government Stamping Fee 300kg,,998729,1.00,0.00,0.0,0.00,415.00,,FALSE,99381000000548525,Sales,SF300,,,,,nos,415.00,Zero Rated,99381000000006152,GST0,0.00,Tax Group,,,,0.00,0.00,0.00,0.00,0.00,0.00,0.00,0.00,0.00,0.00,0.00,0.00,,goods,,,
2020-10-16,99381000001564586,EST120,sent,99381000001275715,Cochin,,,INR,1.00,entity_level,true,0.00,false,1185.00,1185.00,0.00,Looking forward for your business.,,MINAR SCALES,32,32-Kerala,business_gst,32CIKPA7217F1ZO,NO,NO,,,,"11/649, Jamalangadi,
Manjeri(Road),Edavanna",Malappuram,Kerala,India,676541,,Standard Template,Adjustment,"11/649, Jamalangadi,
Manjeri(Road),Edavanna",Malappuram,Kerala,India,676541,,1,,,,0.000,,,,0.00,0.000,,,,0.00,,,,,,,,Government Stamping Fee 20 KG,,998729,5.00,0.00,0.0,0.00,850.00,,FALSE,99381000000172016,Sales,SF20,,,,,nos,170.00,Zero Rated,99381000000006152,GST0,0.00,Tax Group,,,,0.00,0.00,0.00,0.00,0.00,0.00,0.00,0.00,0.00,0.00,0.00,0.00,,goods,,,
2020-10-16,99381000001564586,EST120,sent,99381000001275715,Cochin,,,INR,1.00,entity_level,true,0.00,false,1185.00,1185.00,0.00,Looking forward for your business.,,MINAR SCALES,32,32-Kerala,business_gst,32CIKPA7217F1ZO,NO,NO,,,,"11/649, Jamalangadi,
Manjeri(Road),Edavanna",Malappuram,Kerala,India,676541,,Standard Template,Adjustment,"11/649, Jamalangadi,
Manjeri(Road),Edavanna",Malappuram,Kerala,India,676541,,1,,,,0.000,,,,0.00,0.000,,,,0.00,,,,,,,,Government Stamping Fee 200Kg,,998729,1.00,0.00,0.0,0.00,335.00,,FALSE,99381000000548508,Sales,SF200,,,,,nos,335.00,Zero Rated,99381000000006152,GST0,0.00,Tax Group,,,,0.00,0.00,0.00,0.00,0.00,0.00,0.00,0.00,0.00,0.00,0.00,0.00,,goods,,,
2020-10-16,99381000001564752,EST121,sent,99381000000601025,Cochin,,,INR,1.00,entity_level,true,0.00,false,5050.00,5050.00,0.00,Looking forward for your business.,,E WAY SOLUTIONS,32,32-Kerala,business_gst,32BDLPA5497A1ZV,NO,NO,,,,"Door number 26/755,756. Radha Devi building
 kavuvattam ,cherpulassery",Palakkad,Kerala,India,679503,,Standard Template,Adjustment,"APS Kulapully
Shornoor Branch",Palakkad,Kerala,India,679503,,1,,,,0.000,,,,0.00,0.000,,,,0.00,,,,,,,,Government Stamping Fee 20 KG,,998729,10.00,0.00,0.0,0.00,1700.00,,FALSE,99381000000172016,Sales,SF20,,,,,nos,170.00,Zero Rated,99381000000006152,GST0,0.00,Tax Group,,,,0.00,0.00,0.00,0.00,0.00,0.00,0.00,0.00,0.00,0.00,0.00,0.00,,goods,,,
2020-10-16,99381000001564752,EST121,sent,99381000000601025,Cochin,,,INR,1.00,entity_level,true,0.00,false,5050.00,5050.00,0.00,Looking forward for your business.,,E WAY SOLUTIONS,32,32-Kerala,business_gst,32BDLPA5497A1ZV,NO,NO,,,,"Door number 26/755,756. Radha Devi building
 kavuvattam ,cherpulassery",Palakkad,Kerala,India,679503,,Standard Template,Adjustment,"APS Kulapully
Shornoor Branch",Palakkad,Kerala,India,679503,,1,,,,0.000,,,,0.00,0.000,,,,0.00,,,,,,,,Government Stamping Fee 50 kg,,998729,10.00,0.00,0.0,0.00,3350.00,,FALSE,99381000000186036,Sales,SF50,,,,,nos,335.00,Zero Rated,99381000000006152,GST0,0.00,Tax Group,,,,0.00,0.00,0.00,0.00,0.00,0.00,0.00,0.00,0.00,0.00,0.00,0.00,,goods,,,
2020-10-19,99381000001575019,EST122,sent,99381000001357416,Cochin,,,INR,1.00,entity_level,true,0.00,false,2680.00,2680.00,0.00,Looking forward for your business.,,V K ELECTRONICS,32,32-Kerala,business_none,,NO,NO,,,,"V K ELECTRONICS, M P Road, Poonoor",Calicut,Kerala,India,673574,,Standard Template,Adjustment,"V K ELECTRONICS, M P Road, Poonoor",Calicut,Kerala,India,673574,,1,,,,0.000,,,,0.00,0.000,,,,0.00,,,,,,,,Government Stamping Fee 50 kg,,998729,8.00,0.00,0.0,0.00,2680.00,,FALSE,99381000000186036,Sales,SF50,,,,,nos,335.00,Zero Rated,99381000000006152,GST0,0.00,Tax Group,,,,0.00,0.00,0.00,0.00,0.00,0.00,0.00,0.00,0.00,0.00,0.00,0.00,,goods,,,
2020-10-19,99381000001575047,EST123,sent,99381000001357095,Cochin,,,INR,1.00,entity_level,true,0.00,false,1085.00,1085.00,0.00,Looking forward for your business.,,Chipdot Enterprises,32,32-Kerala,business_gst,32DOVPK2733G1ZT,NO,NO,,,,"Chipdot Enterprises,3/5,Asma Tower",Malappuram,ker,India,676503,,Standard Template,Adjustment,"Chipdot Enterprises,3/5,Asma Tower",Malappuram,ker,India,676503,,1,,,,0.000,,,,0.00,0.000,,,,0.00,,,,,,,,Government Stamping Fee 300kg,,998729,1.00,0.00,0.0,0.00,415.00,,FALSE,99381000000548525,Sales,SF300,,,,,nos,415.00,Zero Rated,99381000000006152,GST0,0.00,Tax Group,,,,0.00,0.00,0.00,0.00,0.00,0.00,0.00,0.00,0.00,0.00,0.00,0.00,,goods,,,
2020-10-19,99381000001575047,EST123,sent,99381000001357095,Cochin,,,INR,1.00,entity_level,true,0.00,false,1085.00,1085.00,0.00,Looking forward for your business.,,Chipdot Enterprises,32,32-Kerala,business_gst,32DOVPK2733G1ZT,NO,NO,,,,"Chipdot Enterprises,3/5,Asma Tower",Malappuram,ker,India,676503,,Standard Template,Adjustment,"Chipdot Enterprises,3/5,Asma Tower",Malappuram,ker,India,676503,,1,,,,0.000,,,,0.00,0.000,,,,0.00,,,,,,,,Government Stamping Fee 100Kg,,998729,2.00,0.00,0.0,0.00,670.00,,FALSE,99381000000663063,Sales,SF100,,,,,nos,335.00,Zero Rated,99381000000006152,GST0,0.00,Tax Group,,,,0.00,0.00,0.00,0.00,0.00,0.00,0.00,0.00,0.00,0.00,0.00,0.00,,goods,,,
2020-10-19,99381000001575063,EST124,sent,99381000005496103,Cochin,,,INR,1.00,entity_level,true,0.00,false,3375.00,3375.00,0.00,Looking forward for your business.,,MALABAR SCALES- Thirssur,32,32-Kerala,business_gst,32AAWFM8788R1ZT,NO,NO,,,,"Garden Complex,2nd floor","Kodugallur,Thrissur",Kerala,,680664,,Standard Template,Adjustment,"Garden Complex,2nd floor","Kodugallur,Thrissur",Kerala,,680664,,1,,,,0.000,,,,0.00,0.000,,,,0.00,,,,,,,,Government Stamping Fee 20 KG,,998729,10.00,0.00,0.0,0.00,1700.00,,FALSE,99381000000172016,Sales,SF20,,,,,nos,170.00,Zero Rated,99381000000006152,GST0,0.00,Tax Group,,,,0.00,0.00,0.00,0.00,0.00,0.00,0.00,0.00,0.00,0.00,0.00,0.00,,goods,,,
2020-10-19,99381000001575063,EST124,sent,99381000005496103,Cochin,,,INR,1.00,entity_level,true,0.00,false,3375.00,3375.00,0.00,Looking forward for your business.,,MALABAR SCALES- Thirssur,32,32-Kerala,business_gst,32AAWFM8788R1ZT,NO,NO,,,,"Garden Complex,2nd floor","Kodugallur,Thrissur",Kerala,,680664,,Standard Template,Adjustment,"Garden Complex,2nd floor","Kodugallur,Thrissur",Kerala,,680664,,1,,,,0.000,,,,0.00,0.000,,,,0.00,,,,,,,,Government Stamping Fee 200Kg,,998729,5.00,0.00,0.0,0.00,1675.00,,FALSE,99381000000548508,Sales,SF200,,,,,nos,335.00,Zero Rated,99381000000006152,GST0,0.00,Tax Group,,,,0.00,0.00,0.00,0.00,0.00,0.00,0.00,0.00,0.00,0.00,0.00,0.00,,goods,,,
2020-10-19,99381000001575123,EST125,sent,99381000000017088,Cochin,,,INR,1.00,entity_level,true,0.00,false,7300.00,7300.00,0.00,Looking forward for your business.,,ALFA SYSTEMS-CHALAKKUDY,32,32-Kerala,business_gst,32BSHPK8953L1Z8,NO,NO,,,,"6/721B, Murikkingal Road, Pallikunnu,
Kodaly,",THRISSUR,KERALA,India,680699,,Standard Template,Adjustment,"6/721B, Murikkingal Road,
Pallikkunnu, Koday",,KERALA,India,680699,,1,,,,0.000,,,,0.00,0.000,,,,0.00,,,,,,,,Government Stamping Fee 20 KG,,998729,10.00,0.00,0.0,0.00,1700.00,,FALSE,99381000000172016,Sales,SF20,,,,,nos,170.00,Zero Rated,99381000000006152,GST0,0.00,Tax Group,,,,0.00,0.00,0.00,0.00,0.00,0.00,0.00,0.00,0.00,0.00,0.00,0.00,,goods,,,
2020-10-19,99381000001575123,EST125,sent,99381000000017088,Cochin,,,INR,1.00,entity_level,true,0.00,false,7300.00,7300.00,0.00,Looking forward for your business.,,ALFA SYSTEMS-CHALAKKUDY,32,32-Kerala,business_gst,32BSHPK8953L1Z8,NO,NO,,,,"6/721B, Murikkingal Road, Pallikunnu,
Kodaly,",THRISSUR,KERALA,India,680699,,Standard Template,Adjustment,"6/721B, Murikkingal Road,
Pallikkunnu, Koday",,KERALA,India,680699,,1,,,,0.000,,,,0.00,0.000,,,,0.00,,,,,,,,Government Stamping Fee 100Kg,Serial No:TK25672 To TK25674 (STAMPED),998729,5.00,0.00,0.0,0.00,1675.00,,FALSE,99381000000663063,Sales,SF100,,,,,nos,335.00,Zero Rated,99381000000006152,GST0,0.00,Tax Group,,,,0.00,0.00,0.00,0.00,0.00,0.00,0.00,0.00,0.00,0.00,0.00,0.00,,goods,,,
2020-10-19,99381000001575123,EST125,sent,99381000000017088,Cochin,,,INR,1.00,entity_level,true,0.00,false,7300.00,7300.00,0.00,Looking forward for your business.,,ALFA SYSTEMS-CHALAKKUDY,32,32-Kerala,business_gst,32BSHPK8953L1Z8,NO,NO,,,,"6/721B, Murikkingal Road, Pallikunnu,
Kodaly,",THRISSUR,KERALA,India,680699,,Standard Template,Adjustment,"6/721B, Murikkingal Road,
Pallikkunnu, Koday",,KERALA,India,680699,,1,,,,0.000,,,,0.00,0.000,,,,0.00,,,,,,,,Government Stamping Fee 200Kg,,998729,3.00,0.00,0.0,0.00,1005.00,,FALSE,99381000000548508,Sales,SF200,,,,,nos,335.00,Zero Rated,99381000000006152,GST0,0.00,Tax Group,,,,0.00,0.00,0.00,0.00,0.00,0.00,0.00,0.00,0.00,0.00,0.00,0.00,,goods,,,
2020-10-19,99381000001575123,EST125,sent,99381000000017088,Cochin,,,INR,1.00,entity_level,true,0.00,false,7300.00,7300.00,0.00,Looking forward for your business.,,ALFA SYSTEMS-CHALAKKUDY,32,32-Kerala,business_gst,32BSHPK8953L1Z8,NO,NO,,,,"6/721B, Murikkingal Road, Pallikunnu,
Kodaly,",THRISSUR,KERALA,India,680699,,Standard Template,Adjustment,"6/721B, Murikkingal Road,
Pallikkunnu, Koday",,KERALA,India,680699,,1,,,,0.000,,,,0.00,0.000,,,,0.00,,,,,,,,Government Stamping Fee 30 kg,,998729,5.00,0.00,0.0,0.00,1675.00,,FALSE,99381000000186027,Sales,SF30,,,,,nos,335.00,Zero Rated,99381000000006152,GST0,0.00,Tax Group,,,,0.00,0.00,0.00,0.00,0.00,0.00,0.00,0.00,0.00,0.00,0.00,0.00,,goods,,,
2020-10-19,99381000001575123,EST125,sent,99381000000017088,Cochin,,,INR,1.00,entity_level,true,0.00,false,7300.00,7300.00,0.00,Looking forward for your business.,,ALFA SYSTEMS-CHALAKKUDY,32,32-Kerala,business_gst,32BSHPK8953L1Z8,NO,NO,,,,"6/721B, Murikkingal Road, Pallikunnu,
Kodaly,",THRISSUR,KERALA,India,680699,,Standard Template,Adjustment,"6/721B, Murikkingal Road,
Pallikkunnu, Koday",,KERALA,India,680699,,1,,,,0.000,,,,0.00,0.000,,,,0.00,,,,,,,,Government Stamping Fee 300kg,,998729,3.00,0.00,0.0,0.00,1245.00,,FALSE,99381000000548525,Sales,SF300,,,,,nos,415.00,Zero Rated,99381000000006152,GST0,0.00,Tax Group,,,,0.00,0.00,0.00,0.00,0.00,0.00,0.00,0.00,0.00,0.00,0.00,0.00,,goods,,,
2020-10-19,99381000001575242,EST126,sent,99381000001357477,Cochin,,,INR,1.00,entity_level,true,0.00,false,4380.00,4380.00,0.00,Looking forward for your business.,,Solid Solutions,32,32-Kerala,business_gst,32EKEPS4055R1ZJ,NO,NO,,,,"37/3361-A, Malamel Building, Sahrudaya Nagar",Ernakulam,Kerala,India,682024,,Standard Template,Adjustment,"37/3361-A, Malamel Building, Sahrudaya Nagar",Ernakulam,Kerala,India,682024,,1,,,,0.000,,,,0.00,0.000,,,,0.00,,,,,,,,Government Stamping Fee 50 kg,,998729,8.00,0.00,0.0,0.00,2680.00,,FALSE,99381000000186036,Sales,SF50,,,,,nos,335.00,Zero Rated,99381000000006152,GST0,0.00,Tax Group,,,,0.00,0.00,0.00,0.00,0.00,0.00,0.00,0.00,0.00,0.00,0.00,0.00,,goods,,,
2020-10-19,99381000001575242,EST126,sent,99381000001357477,Cochin,,,INR,1.00,entity_level,true,0.00,false,4380.00,4380.00,0.00,Looking forward for your business.,,Solid Solutions,32,32-Kerala,business_gst,32EKEPS4055R1ZJ,NO,NO,,,,"37/3361-A, Malamel Building, Sahrudaya Nagar",Ernakulam,Kerala,India,682024,,Standard Template,Adjustment,"37/3361-A, Malamel Building, Sahrudaya Nagar",Ernakulam,Kerala,India,682024,,1,,,,0.000,,,,0.00,0.000,,,,0.00,,,,,,,,Government Stamping Fee 20 KG,,998729,10.00,0.00,0.0,0.00,1700.00,,FALSE,99381000000172016,Sales,SF20,,,,,nos,170.00,Zero Rated,99381000000006152,GST0,0.00,Tax Group,,,,0.00,0.00,0.00,0.00,0.00,0.00,0.00,0.00,0.00,0.00,0.00,0.00,,goods,,,
2020-10-20,99381000001580227,EST127,sent,99381000000014557,Cochin,,,INR,1.00,entity_level,true,0.00,false,6890.00,6890.00,0.00,Looking forward for your business.,,LULU SCALES CALICUT,32,32-Kerala,business_gst,32BFFPR1800G1ZX,NO,NO,,,,"5/422, Ershadul Building",Kozhikode,Kerala,India,673616,,Standard Template,Adjustment,"5/422, Ershadul Building",Kozhikode,Kerala,India,673616,,1,,,,0.000,,,,0.00,0.000,,,,0.00,,,,,,,,Government Stamping Fee 50 kg,,998729,16.00,0.00,0.0,0.00,5360.00,,FALSE,99381000000186036,Sales,SF50,,,,,nos,335.00,Zero Rated,99381000000006152,GST0,0.00,Tax Group,,,,0.00,0.00,0.00,0.00,0.00,0.00,0.00,0.00,0.00,0.00,0.00,0.00,,goods,,,
2020-10-20,99381000001580227,EST127,sent,99381000000014557,Cochin,,,INR,1.00,entity_level,true,0.00,false,6890.00,6890.00,0.00,Looking forward for your business.,,LULU SCALES CALICUT,32,32-Kerala,business_gst,32BFFPR1800G1ZX,NO,NO,,,,"5/422, Ershadul Building",Kozhikode,Kerala,India,673616,,Standard Template,Adjustment,"5/422, Ershadul Building",Kozhikode,Kerala,India,673616,,1,,,,0.000,,,,0.00,0.000,,,,0.00,,,,,,,,Government Stamping Fee 20 KG,,998729,9.00,0.00,0.0,0.00,1530.00,,FALSE,99381000000172016,Sales,SF20,,,,,nos,170.00,Zero Rated,99381000000006152,GST0,0.00,Tax Group,,,,0.00,0.00,0.00,0.00,0.00,0.00,0.00,0.00,0.00,0.00,0.00,0.00,,goods,,,
2020-10-20,99381000001582043,EST128,sent,99381000000231096,Cochin,,,INR,1.00,entity_level,true,0.00,false,4250.00,4250.00,0.00,Looking forward for your business.,,Victory Scales,32,32-Kerala,business_gst,32AAAAV1247P1ZC,NO,NO,,,,"M/s Victory Scales
CSI Ascension Square, Below ICICI Bank","Kottayam,",Kerala,India,686016,,Standard Template,Adjustment,"Manickathinal Building,","Kottayam,",Kerala,India,686016,,1,,,,0.000,,,,0.00,0.000,,,,0.00,,,,,,,,Government Stamping Fee 20 KG,,998729,25.00,0.00,0.0,0.00,4250.00,,FALSE,99381000000172016,Sales,SF20,,,,,nos,170.00,Zero Rated,99381000000006152,GST0,0.00,Tax Group,,,,0.00,0.00,0.00,0.00,0.00,0.00,0.00,0.00,0.00,0.00,0.00,0.00,,goods,,,
2020-10-20,99381000001582691,EST129,sent,99381000001542136,Cochin,,,INR,1.00,entity_level,true,0.00,false,1020.00,1020.00,0.00,Looking forward for your business.,,Clarion Systems,32,32-Kerala,business_gst,32AMHPV4309C1ZB,NO,NO,,,,"Clarion Systems, Kokkadan building, Chungam",Thrissur,Kerala,India,680302,,Standard Template,Adjustment,"Clarion Systems, Kokkadan building, Chungam",Thrissur,Kerala,India,680302,,1,,,,0.000,,,,0.00,0.000,,,,0.00,,,,,,,,Government Stamping Fee 20 KG,,998729,6.00,0.00,0.0,0.00,1020.00,,FALSE,99381000000172016,Sales,SF20,,,,,nos,170.00,Zero Rated,99381000000006152,GST0,0.00,Tax Group,,,,0.00,0.00,0.00,0.00,0.00,0.00,0.00,0.00,0.00,0.00,0.00,0.00,,goods,,,
2020-10-20,99381000001595834,EST130,sent,99381000000364094,Cochin,,,INR,1.00,entity_level,true,0.00,false,850.00,850.00,0.00,Looking forward for your business.,,TRAAS TECH,32,32-Kerala,business_gst,32AAPFT2527C1ZF,NO,NO,,,,Narath town,Kannur,Kerala,India,670601,,Standard Template,Adjustment,Narath town,Kannur,Kerala,India,670601,,1,,,,0.000,,,,0.00,0.000,,,,0.00,,,,,,,,Government Stamping Fee 20 KG,,998729,5.00,0.00,0.0,0.00,850.00,,FALSE,99381000000172016,Sales,SF20,,,,,nos,170.00,Zero Rated,99381000000006152,GST0,0.00,Tax Group,,,,0.00,0.00,0.00,0.00,0.00,0.00,0.00,0.00,0.00,0.00,0.00,0.00,,goods,,,
2020-10-20,99381000001595860,EST131,sent,99381000001357379,Cochin,,,INR,1.00,entity_level,true,0.00,false,1675.00,1675.00,0.00,Looking forward for your business.,,Modern Scales-Kerala,32,32-Kerala,business_gst,32AUUPT2223Q1ZY,NO,NO,,,,"Modern Scales, Palathingal",Malappuram,Kerala,India,679331,,Standard Template,Adjustment,"Modern Scales, Palathingal",Malappuram,Kerala,India,679331,,1,,,,0.000,,,,0.00,0.000,,,,0.00,,,,,,,,Government Stamping Fee 100Kg,,998729,5.00,0.00,0.0,0.00,1675.00,,FALSE,99381000000663063,Sales,SF100,,,,,nos,335.00,Zero Rated,99381000000006152,GST0,0.00,Tax Group,,,,0.00,0.00,0.00,0.00,0.00,0.00,0.00,0.00,0.00,0.00,0.00,0.00,,goods,,,
2020-10-20,99381000001598645,EST132,sent,99381000000126001,Cochin,,,INR,1.00,entity_level,true,0.00,false,1005.00,1005.00,0.00,Looking forward for your business.,,YELLOW SCALES,32,32-Kerala,business_gst,32CPDPS6051P1ZG,NO,NO,,,,KUMBALAM JUNCTION,KOCHIN,KERALA,India,682506,,Standard Template,Adjustment,KUMBALAM JUNCTION,KOCHIN,KERALA,India,682506,,1,,,,0.000,,,,0.00,0.000,,,,0.00,,,,,,,,Government Stamping Fee 100Kg,,998729,3.00,0.00,0.0,0.00,1005.00,,FALSE,99381000000663063,Sales,SF100,,,,,nos,335.00,Zero Rated,99381000000006152,GST0,0.00,Tax Group,,,,0.00,0.00,0.00,0.00,0.00,0.00,0.00,0.00,0.00,0.00,0.00,0.00,,goods,,,
2020-10-20,99381000001598659,EST133,sent,99381000000011771,Cochin,,,INR,1.00,entity_level,true,0.00,false,21850.00,21850.00,0.00,Looking forward for your business.,,METRO ENTERPRISES,32,32-Kerala,business_gst,32BMVPM8572R2ZS,NO,NO,,,,"V.K. Building, Kodathippadi",Palakkad,Kerala,,678582,,Standard Template,Adjustment,"V.K. Building, Kodathippadi",Palakkad,Kerala,,678582,,1,,,,0.000,,,,0.00,0.000,,,,0.00,,,,,,,,Government Stamping Fee 50 kg,,998729,50.00,0.00,0.0,0.00,16750.00,,FALSE,99381000000186036,Sales,SF50,,,,,nos,335.00,Zero Rated,99381000000006152,GST0,0.00,Tax Group,,,,0.00,0.00,0.00,0.00,0.00,0.00,0.00,0.00,0.00,0.00,0.00,0.00,,goods,,,
2020-10-20,99381000001598659,EST133,sent,99381000000011771,Cochin,,,INR,1.00,entity_level,true,0.00,false,21850.00,21850.00,0.00,Looking forward for your business.,,METRO ENTERPRISES,32,32-Kerala,business_gst,32BMVPM8572R2ZS,NO,NO,,,,"V.K. Building, Kodathippadi",Palakkad,Kerala,,678582,,Standard Template,Adjustment,"V.K. Building, Kodathippadi",Palakkad,Kerala,,678582,,1,,,,0.000,,,,0.00,0.000,,,,0.00,,,,,,,,Government Stamping Fee 20 KG,,998729,30.00,0.00,0.0,0.00,5100.00,,FALSE,99381000000172016,Sales,SF20,,,,,nos,170.00,Zero Rated,99381000000006152,GST0,0.00,Tax Group,,,,0.00,0.00,0.00,0.00,0.00,0.00,0.00,0.00,0.00,0.00,0.00,0.00,,goods,,,
2020-10-20,99381000001602001,EST134,sent,99381000000014461,Cochin,,,INR,1.00,entity_level,true,0.00,false,12750.00,12750.00,0.00,Looking forward for your business.,,MASS TECHNOLOGY,32,32-Kerala,business_gst,32ATZPV7500Q1ZN,NO,NO,,,,MEETHALEKANDY COMPLEX,KOYILANDY,Kerala,India,673305,,Standard Template,Adjustment,MEETHALEKANDY COMPLEX,KOYILANDY,Kerala,India,673305,,1,,,,0.000,,,,0.00,0.000,,,,0.00,,,,,,,,Government Stamping Fee 20 KG,,998729,75.00,0.00,0.0,0.00,12750.00,,FALSE,99381000000172016,Sales,SF20,,,,,nos,170.00,Zero Rated,99381000000006152,GST0,0.00,Tax Group,,,,0.00,0.00,0.00,0.00,0.00,0.00,0.00,0.00,0.00,0.00,0.00,0.00,,goods,,,
2020-10-21,99381000001606397,EST135,sent,99381000001275715,Cochin,,,INR,1.00,entity_level,true,0.00,false,4870.00,4870.00,0.00,Looking forward for your business.,,MINAR SCALES,32,32-Kerala,business_gst,32CIKPA7217F1ZO,NO,NO,,,,"11/649, Jamalangadi,
Manjeri(Road),Edavanna",Malappuram,Kerala,India,676541,,Standard Template,Adjustment,"11/649, Jamalangadi,
Manjeri(Road),Edavanna",Malappuram,Kerala,India,676541,,1,,,,0.000,,,,0.00,0.000,,,,0.00,,,,,,,,Government Stamping Fee 50 kg,,998729,12.00,0.00,0.0,0.00,4020.00,,FALSE,99381000000186036,Sales,SF50,,,,,nos,335.00,Zero Rated,99381000000006152,GST0,0.00,Tax Group,,,,0.00,0.00,0.00,0.00,0.00,0.00,0.00,0.00,0.00,0.00,0.00,0.00,,goods,,,
2020-10-21,99381000001606397,EST135,sent,99381000001275715,Cochin,,,INR,1.00,entity_level,true,0.00,false,4870.00,4870.00,0.00,Looking forward for your business.,,MINAR SCALES,32,32-Kerala,business_gst,32CIKPA7217F1ZO,NO,NO,,,,"11/649, Jamalangadi,
Manjeri(Road),Edavanna",Malappuram,Kerala,India,676541,,Standard Template,Adjustment,"11/649, Jamalangadi,
Manjeri(Road),Edavanna",Malappuram,Kerala,India,676541,,1,,,,0.000,,,,0.00,0.000,,,,0.00,,,,,,,,Government Stamping Fee 20 KG,,998729,5.00,0.00,0.0,0.00,850.00,,FALSE,99381000000172016,Sales,SF20,,,,,nos,170.00,Zero Rated,99381000000006152,GST0,0.00,Tax Group,,,,0.00,0.00,0.00,0.00,0.00,0.00,0.00,0.00,0.00,0.00,0.00,0.00,,goods,,,
2020-10-21,99381000001606463,EST136,sent,99381000001137001,Cochin,,,INR,1.00,entity_level,true,0.00,false,7550.00,7550.00,0.00,Looking forward for your business.,,AMANA INSTRUMENTS,32,32-Kerala,business_gst,32AVVPA5492J1Z7,NO,NO,,,,"Mukkam Road,
Pathanapuram",Malappuram,Kerala,India,673639,,Standard Template,Adjustment,"Mukkam Road,
Pathanapuram",Malappuram,Kerala,India,673639,,1,,,,0.000,,,,0.00,0.000,,,,0.00,,,,,,,,Government Stamping Fee 50 kg,,998729,20.00,0.00,0.0,0.00,6700.00,,FALSE,99381000000186036,Sales,SF50,,,,,nos,335.00,Zero Rated,99381000000006152,GST0,0.00,Tax Group,,,,0.00,0.00,0.00,0.00,0.00,0.00,0.00,0.00,0.00,0.00,0.00,0.00,,goods,,,
2020-10-21,99381000001606463,EST136,sent,99381000001137001,Cochin,,,INR,1.00,entity_level,true,0.00,false,7550.00,7550.00,0.00,Looking forward for your business.,,AMANA INSTRUMENTS,32,32-Kerala,business_gst,32AVVPA5492J1Z7,NO,NO,,,,"Mukkam Road,
Pathanapuram",Malappuram,Kerala,India,673639,,Standard Template,Adjustment,"Mukkam Road,
Pathanapuram",Malappuram,Kerala,India,673639,,1,,,,0.000,,,,0.00,0.000,,,,0.00,,,,,,,,Government Stamping Fee 20 KG,,998729,5.00,0.00,0.0,0.00,850.00,,FALSE,99381000000172016,Sales,SF20,,,,,nos,170.00,Zero Rated,99381000000006152,GST0,0.00,Tax Group,,,,0.00,0.00,0.00,0.00,0.00,0.00,0.00,0.00,0.00,0.00,0.00,0.00,,goods,,,
2020-10-21,99381000001606733,EST137,sent,99381000001542136,Cochin,,,INR,1.00,entity_level,true,0.00,false,850.00,850.00,0.00,Looking forward for your business.,,Clarion Systems,32,32-Kerala,business_gst,32AMHPV4309C1ZB,NO,NO,,,,"Clarion Systems, Kokkadan building, Chungam",Thrissur,Kerala,India,680302,,Standard Template,Adjustment,"Clarion Systems, Kokkadan building, Chungam",Thrissur,Kerala,India,680302,,1,,,,0.000,,,,0.00,0.000,,,,0.00,,,,,,,,Government Stamping Fee 20 KG,,998729,5.00,0.00,0.0,0.00,850.00,,FALSE,99381000000172016,Sales,SF20,,,,,nos,170.00,Zero Rated,99381000000006152,GST0,0.00,Tax Group,,,,0.00,0.00,0.00,0.00,0.00,0.00,0.00,0.00,0.00,0.00,0.00,0.00,,goods,,,
2020-10-21,99381000001606747,EST138,sent,99381000001357379,Cochin,,,INR,1.00,entity_level,true,0.00,false,5360.00,5360.00,0.00,Looking forward for your business.,,Modern Scales-Kerala,32,32-Kerala,business_gst,32AUUPT2223Q1ZY,NO,NO,,,,"Modern Scales, Palathingal",Malappuram,Kerala,India,679331,,Standard Template,Adjustment,"Modern Scales, Palathingal",Malappuram,Kerala,India,679331,,1,,,,0.000,,,,0.00,0.000,,,,0.00,,,,,,,,Government Stamping Fee 50 kg,,998729,16.00,0.00,0.0,0.00,5360.00,,FALSE,99381000000186036,Sales,SF50,,,,,nos,335.00,Zero Rated,99381000000006152,GST0,0.00,Tax Group,,,,0.00,0.00,0.00,0.00,0.00,0.00,0.00,0.00,0.00,0.00,0.00,0.00,,goods,,,
2020-10-21,99381000001606775,EST139,sent,99381000000231096,Cochin,,,INR,1.00,entity_level,true,0.00,false,2040.00,2040.00,0.00,Looking forward for your business.,,Victory Scales,32,32-Kerala,business_gst,32AAAAV1247P1ZC,NO,NO,,,,"M/s Victory Scales
CSI Ascension Square, Below ICICI Bank","Kottayam,",Kerala,India,686016,,Standard Template,Adjustment,"Manickathinal Building,","Kottayam,",Kerala,India,686016,,1,,,,0.000,,,,0.00,0.000,,,,0.00,,,,,,,,Government Stamping Fee 20 KG,,998729,12.00,0.00,0.0,0.00,2040.00,,FALSE,99381000000172016,Sales,SF20,,,,,nos,170.00,Zero Rated,99381000000006152,GST0,0.00,Tax Group,,,,0.00,0.00,0.00,0.00,0.00,0.00,0.00,0.00,0.00,0.00,0.00,0.00,,goods,,,
2020-10-21,99381000001606947,EST140,sent,99381000000364094,Cochin,,,INR,1.00,entity_level,true,0.00,false,1340.00,1340.00,0.00,Looking forward for your business.,,TRAAS TECH,32,32-Kerala,business_gst,32AAPFT2527C1ZF,NO,NO,,,,Narath town,Kannur,Kerala,India,670601,,Standard Template,Adjustment,Narath town,Kannur,Kerala,India,670601,,1,,,,0.000,,,,0.00,0.000,,,,0.00,,,,,,,,Government Stamping Fee 50 kg,,998729,4.00,0.00,0.0,0.00,1340.00,,FALSE,99381000000186036,Sales,SF50,,,,,nos,335.00,Zero Rated,99381000000006152,GST0,0.00,Tax Group,,,,0.00,0.00,0.00,0.00,0.00,0.00,0.00,0.00,0.00,0.00,0.00,0.00,,goods,,,
2020-10-21,99381000001606979,EST141,sent,99381000000126001,Cochin,,,INR,1.00,entity_level,true,0.00,false,4080.00,4080.00,0.00,Looking forward for your business.,,YELLOW SCALES,32,32-Kerala,business_gst,32CPDPS6051P1ZG,NO,NO,,,,KUMBALAM JUNCTION,KOCHIN,KERALA,India,682506,,Standard Template,Adjustment,KUMBALAM JUNCTION,KOCHIN,KERALA,India,682506,,1,,,,0.000,,,,0.00,0.000,,,,0.00,,,,,,,,Government Stamping Fee 20 KG,,998729,24.00,0.00,0.0,0.00,4080.00,,FALSE,99381000000172016,Sales,SF20,,,,,nos,170.00,Zero Rated,99381000000006152,GST0,0.00,Tax Group,,,,0.00,0.00,0.00,0.00,0.00,0.00,0.00,0.00,0.00,0.00,0.00,0.00,,goods,,,
2020-10-21,99381000001607027,EST142,sent,99381000000011046,Cochin,,,INR,1.00,entity_level,true,0.00,false,3530.00,3530.00,0.00,Looking forward for your business.,,GLOBAL DIGITAL SYSTEM,32,32-Kerala,consumer,,NO,NO,,,,Baris Complex,"Vengara, Malappuram",Kerala,,676304,,Standard Template,Adjustment,Baris Complex,"Vengara, Malappuram",Kerala,,676304,,1,,,,0.000,,,,0.00,0.000,,,,0.00,,,,,,,,Government Stamping Fee 50 kg,,998729,8.00,0.00,0.0,0.00,2680.00,,FALSE,99381000000186036,Sales,SF50,,,,,nos,335.00,Zero Rated,99381000000006152,GST0,0.00,Tax Group,,,,0.00,0.00,0.00,0.00,0.00,0.00,0.00,0.00,0.00,0.00,0.00,0.00,,goods,,,
2020-10-21,99381000001607027,EST142,sent,99381000000011046,Cochin,,,INR,1.00,entity_level,true,0.00,false,3530.00,3530.00,0.00,Looking forward for your business.,,GLOBAL DIGITAL SYSTEM,32,32-Kerala,consumer,,NO,NO,,,,Baris Complex,"Vengara, Malappuram",Kerala,,676304,,Standard Template,Adjustment,Baris Complex,"Vengara, Malappuram",Kerala,,676304,,1,,,,0.000,,,,0.00,0.000,,,,0.00,,,,,,,,Government Stamping Fee 20 KG,,998729,5.00,0.00,0.0,0.00,850.00,,FALSE,99381000000172016,Sales,SF20,,,,,nos,170.00,Zero Rated,99381000000006152,GST0,0.00,Tax Group,,,,0.00,0.00,0.00,0.00,0.00,0.00,0.00,0.00,0.00,0.00,0.00,0.00,,goods,,,
2020-10-21,99381000001607079,EST143,sent,99381000000014461,Cochin,,,INR,1.00,entity_level,true,0.00,false,20330.00,20330.00,0.00,Looking forward for your business.,,MASS TECHNOLOGY,32,32-Kerala,business_gst,32ATZPV7500Q1ZN,NO,NO,,,,MEETHALEKANDY COMPLEX,KOYILANDY,Kerala,India,673305,,Standard Template,Adjustment,MEETHALEKANDY COMPLEX,KOYILANDY,Kerala,India,673305,,1,,,,0.000,,,,0.00,0.000,,,,0.00,,,,,,,,Government Stamping Fee 50 kg,,998729,48.00,0.00,0.0,0.00,16080.00,,FALSE,99381000000186036,Sales,SF50,,,,,nos,335.00,Zero Rated,99381000000006152,GST0,0.00,Tax Group,,,,0.00,0.00,0.00,0.00,0.00,0.00,0.00,0.00,0.00,0.00,0.00,0.00,,goods,,,
2020-10-21,99381000001607079,EST143,sent,99381000000014461,Cochin,,,INR,1.00,entity_level,true,0.00,false,20330.00,20330.00,0.00,Looking forward for your business.,,MASS TECHNOLOGY,32,32-Kerala,business_gst,32ATZPV7500Q1ZN,NO,NO,,,,MEETHALEKANDY COMPLEX,KOYILANDY,Kerala,India,673305,,Standard Template,Adjustment,MEETHALEKANDY COMPLEX,KOYILANDY,Kerala,India,673305,,1,,,,0.000,,,,0.00,0.000,,,,0.00,,,,,,,,Government Stamping Fee 20 KG,,998729,25.00,0.00,0.0,0.00,4250.00,,FALSE,99381000000172016,Sales,SF20,,,,,nos,170.00,Zero Rated,99381000000006152,GST0,0.00,Tax Group,,,,0.00,0.00,0.00,0.00,0.00,0.00,0.00,0.00,0.00,0.00,0.00,0.00,,goods,,,
2020-10-21,99381000001607179,EST144,sent,99381000000837003,Cochin,,,INR,1.00,entity_level,true,0.00,false,850.00,850.00,0.00,Looking forward for your business.,,Hy-Tech Electronic Weighing System,32,32-Kerala,business_gst,32AMVPP9204A2Z2,NO,NO,,,,"Hy-Tech Electronic Weighing System , Revathy Complex",Kasargod,Kerala,India,671316,,Standard Template,Adjustment,"Hy-Tech Electronic Weighing System , Revathy Complex",Kasargod,Kerala,India,671316,,1,,,,0.000,,,,0.00,0.000,,,,0.00,,,,,,,,Government Stamping Fee 20 KG,,998729,5.00,0.00,0.0,0.00,850.00,,FALSE,99381000000172016,Sales,SF20,,,,,nos,170.00,Zero Rated,99381000000006152,GST0,0.00,Tax Group,,,,0.00,0.00,0.00,0.00,0.00,0.00,0.00,0.00,0.00,0.00,0.00,0.00,,goods,,,
2020-10-22,99381000001608019,EST145,sent,99381000001357416,Cochin,,,INR,1.00,entity_level,true,0.00,false,3400.00,3400.00,0.00,Looking forward for your business.,,V K ELECTRONICS,32,32-Kerala,business_none,,NO,NO,,,,"V K ELECTRONICS, M P Road, Poonoor",Calicut,Kerala,India,673574,,Standard Template,Adjustment,"V K ELECTRONICS, M P Road, Poonoor",Calicut,Kerala,India,673574,,1,,,,0.000,,,,0.00,0.000,,,,0.00,,,,,,,,Government Stamping Fee 20 KG,,998729,20.00,0.00,0.0,0.00,3400.00,,FALSE,99381000000172016,Sales,SF20,,,,,nos,170.00,Zero Rated,99381000000006152,GST0,0.00,Tax Group,,,,0.00,0.00,0.00,0.00,0.00,0.00,0.00,0.00,0.00,0.00,0.00,0.00,,goods,,,
2020-10-22,99381000001608156,EST146,sent,99381000000017031,Cochin,,,INR,1.00,entity_level,true,0.00,false,4380.00,4380.00,0.00,Looking forward for your business.,,EXATA BALANCE CO,32,32-Kerala,business_gst,32AAGFE6830Q1Z4,NO,NO,,,,"Muringathazham Road, Vattappara",Malappuram,Kerala,India,676552,,Standard Template,Adjustment,"Muringathazham Road, Vattappara",Malappuram,Kerala,India,676552,,1,,,,0.000,,,,0.00,0.000,,,,0.00,,,,,,,,Government Stamping Fee 50 kg,Serial No:TK28037 To  TK28044 (STAMPED PLATES),998729,8.00,0.00,0.0,0.00,2680.00,,FALSE,99381000000186036,Sales,SF50,,,,,nos,335.00,Zero Rated,99381000000006152,GST0,0.00,Tax Group,,,,0.00,0.00,0.00,0.00,0.00,0.00,0.00,0.00,0.00,0.00,0.00,0.00,,goods,,,
2020-10-22,99381000001608156,EST146,sent,99381000000017031,Cochin,,,INR,1.00,entity_level,true,0.00,false,4380.00,4380.00,0.00,Looking forward for your business.,,EXATA BALANCE CO,32,32-Kerala,business_gst,32AAGFE6830Q1Z4,NO,NO,,,,"Muringathazham Road, Vattappara",Malappuram,Kerala,India,676552,,Standard Template,Adjustment,"Muringathazham Road, Vattappara",Malappuram,Kerala,India,676552,,1,,,,0.000,,,,0.00,0.000,,,,0.00,,,,,,,,Government Stamping Fee 20 KG,Serial No:TL28646 To TL28655 (STAMPED PLATES),998729,10.00,0.00,0.0,0.00,1700.00,,FALSE,99381000000172016,Sales,SF20,,,,,nos,170.00,Zero Rated,99381000000006152,GST0,0.00,Tax Group,,,,0.00,0.00,0.00,0.00,0.00,0.00,0.00,0.00,0.00,0.00,0.00,0.00,,goods,,,
2020-10-22,99381000001609315,EST147,sent,99381000000011562,Cochin,,,INR,1.00,entity_level,true,0.00,false,670.00,670.00,0.00,Looking forward for your business.,,THRASCO SOLUTIONS,32,32-Kerala,consumer,,NO,NO,,,,Tirur Road,Malappuram,kerala,,676102,,Standard Template,Adjustment,Tirur Road,Malappuram,kerala,,676102,,1,,,,0.000,,,,0.00,0.000,,,,0.00,,,,,,,,Government Stamping Fee 50 kg,,998729,2.00,0.00,0.0,0.00,670.00,,FALSE,99381000000186036,Sales,SF50,,,,,nos,335.00,Zero Rated,99381000000006152,GST0,0.00,Tax Group,,,,0.00,0.00,0.00,0.00,0.00,0.00,0.00,0.00,0.00,0.00,0.00,0.00,,goods,,,
2020-10-27,99381000001644081,EST148,sent,99381000001542136,Cochin,,,INR,1.00,entity_level,true,0.00,false,1340.00,1340.00,0.00,Looking forward for your business.,,Clarion Systems,32,32-Kerala,business_gst,32AMHPV4309C1ZB,NO,NO,,,,"Clarion Systems, Kokkadan building, Chungam",Thrissur,Kerala,India,680302,,Standard Template,Adjustment,"Clarion Systems, Kokkadan building, Chungam",Thrissur,Kerala,India,680302,,1,,,,0.000,,,,0.00,0.000,,,,0.00,,,,,,,,Government Stamping Fee 50 kg,,998729,4.00,0.00,0.0,0.00,1340.00,,FALSE,99381000000186036,Sales,SF50,,,,,nos,335.00,Zero Rated,99381000000006152,GST0,0.00,Tax Group,,,,0.00,0.00,0.00,0.00,0.00,0.00,0.00,0.00,0.00,0.00,0.00,0.00,,goods,,,
2020-10-27,99381000001644125,EST149,sent,99381000001137001,Cochin,,,INR,1.00,entity_level,true,0.00,false,6210.00,6210.00,0.00,Looking forward for your business.,,AMANA INSTRUMENTS,32,32-Kerala,business_gst,32AVVPA5492J1Z7,NO,NO,,,,"Mukkam Road,
Pathanapuram",Malappuram,Kerala,India,673639,,Standard Template,Adjustment,"Mukkam Road,
Pathanapuram",Malappuram,Kerala,India,673639,,1,,,,0.000,,,,0.00,0.000,,,,0.00,,,,,,,,Government Stamping Fee 50 kg,,998729,16.00,0.00,0.0,0.00,5360.00,,FALSE,99381000000186036,Sales,SF50,,,,,nos,335.00,Zero Rated,99381000000006152,GST0,0.00,Tax Group,,,,0.00,0.00,0.00,0.00,0.00,0.00,0.00,0.00,0.00,0.00,0.00,0.00,,goods,,,
2020-10-27,99381000001644125,EST149,sent,99381000001137001,Cochin,,,INR,1.00,entity_level,true,0.00,false,6210.00,6210.00,0.00,Looking forward for your business.,,AMANA INSTRUMENTS,32,32-Kerala,business_gst,32AVVPA5492J1Z7,NO,NO,,,,"Mukkam Road,
Pathanapuram",Malappuram,Kerala,India,673639,,Standard Template,Adjustment,"Mukkam Road,
Pathanapuram",Malappuram,Kerala,India,673639,,1,,,,0.000,,,,0.00,0.000,,,,0.00,,,,,,,,Government Stamping Fee 20 KG,,998729,5.00,0.00,0.0,0.00,850.00,,FALSE,99381000000172016,Sales,SF20,,,,,nos,170.00,Zero Rated,99381000000006152,GST0,0.00,Tax Group,,,,0.00,0.00,0.00,0.00,0.00,0.00,0.00,0.00,0.00,0.00,0.00,0.00,,goods,,,
2020-10-27,99381000001644141,EST150,sent,99381000001275715,Cochin,,,INR,1.00,entity_level,true,0.00,false,4355.00,4355.00,0.00,Looking forward for your business.,,MINAR SCALES,32,32-Kerala,business_gst,32CIKPA7217F1ZO,NO,NO,,,,"11/649, Jamalangadi,
Manjeri(Road),Edavanna",Malappuram,Kerala,India,676541,,Standard Template,Adjustment,"11/649, Jamalangadi,
Manjeri(Road),Edavanna",Malappuram,Kerala,India,676541,,1,,,,0.000,,,,0.00,0.000,,,,0.00,,,,,,,,Government Stamping Fee 50 kg,,998729,1.00,0.00,0.0,0.00,335.00,,FALSE,99381000000186036,Sales,SF50,,,,,nos,335.00,Zero Rated,99381000000006152,GST0,0.00,Tax Group,,,,0.00,0.00,0.00,0.00,0.00,0.00,0.00,0.00,0.00,0.00,0.00,0.00,,goods,,,
2020-10-27,99381000001644141,EST150,sent,99381000001275715,Cochin,,,INR,1.00,entity_level,true,0.00,false,4355.00,4355.00,0.00,Looking forward for your business.,,MINAR SCALES,32,32-Kerala,business_gst,32CIKPA7217F1ZO,NO,NO,,,,"11/649, Jamalangadi,
Manjeri(Road),Edavanna",Malappuram,Kerala,India,676541,,Standard Template,Adjustment,"11/649, Jamalangadi,
Manjeri(Road),Edavanna",Malappuram,Kerala,India,676541,,1,,,,0.000,,,,0.00,0.000,,,,0.00,,,,,,,,Government Stamping Fee 50 kg,,998729,12.00,0.00,0.0,0.00,4020.00,,FALSE,99381000000186036,Sales,SF50,,,,,nos,335.00,Zero Rated,99381000000006152,GST0,0.00,Tax Group,,,,0.00,0.00,0.00,0.00,0.00,0.00,0.00,0.00,0.00,0.00,0.00,0.00,,goods,,,
2020-10-27,99381000001646021,EST151,sent,99381000000575003,Cochin,,,INR,1.00,entity_level,true,0.00,false,415.00,415.00,0.00,Looking forward for your business.,,YESWEIGH TECHNOLOGIES PRIVATE LIMITED,32,32-Kerala,business_gst,32AABCY1984H1Z9,NO,NO,,,,"1ST FLOOR, No47/2170,
DOWN TOWN Complex,
Mangalore road,TALAP",kannur,Kerala,India,670002,,Standard Template,Adjustment,"1ST FLOOR, No47/2170,
DOWN TOWN Complex,
Mangalore road,TALAP",kannur,Kerala,India,670002,,1,,,,0.000,,,,0.00,0.000,,,,0.00,,,,,,,,Government Stamping Fee  1000kg,,998729,1.00,0.00,0.0,0.00,415.00,,FALSE,99381000000434666,Sales,SF1000,,,,,nos,415.00,Zero Rated,99381000000006152,GST0,0.00,Tax Group,,,,0.00,0.00,0.00,0.00,0.00,0.00,0.00,0.00,0.00,0.00,0.00,0.00,,goods,,,
2020-10-27,99381000001646077,EST152,sent,99381000000406011,Cochin,,,INR,1.00,entity_level,true,0.00,false,850.00,850.00,0.00,Looking forward for your business.,,VIRTUE SYSTEM & TECHNOLOGIES,32,32-Kerala,business_gst,32GXGPS8764A1Z8,NO,NO,,,,"62/4453, Mullassery Canal Road",Cochin,Kerala,India,682011,,Standard Template,Adjustment,"62/4453, Mullassery Canal Road",Cochin,Kerala,India,682011,,1,,,,0.000,,,,0.00,0.000,,,,0.00,,,,,,,,Government Stamping Fee 20 KG,,998729,5.00,0.00,0.0,0.00,850.00,,FALSE,99381000000172016,Sales,SF20,,,,,nos,170.00,Zero Rated,99381000000006152,GST0,0.00,Tax Group,,,,0.00,0.00,0.00,0.00,0.00,0.00,0.00,0.00,0.00,0.00,0.00,0.00,,goods,,,
2020-10-27,99381000001652056,EST153,sent,99381000000575003,Cochin,,,INR,1.00,entity_level,true,0.00,false,1340.00,1340.00,0.00,Looking forward for your business.,,YESWEIGH TECHNOLOGIES PRIVATE LIMITED,32,32-Kerala,business_gst,32AABCY1984H1Z9,NO,NO,,,,"1ST FLOOR, No47/2170,
DOWN TOWN Complex,
Mangalore road,TALAP",kannur,Kerala,India,670002,,Standard Template,Adjustment,"1ST FLOOR, No47/2170,
DOWN TOWN Complex,
Mangalore road,TALAP",kannur,Kerala,India,670002,,1,,,,0.000,,,,0.00,0.000,,,,0.00,,,,,,,,Government Stamping Fee 100Kg,,998729,1.00,0.00,0.0,0.00,335.00,,FALSE,99381000000663063,Sales,SF100,,,,,nos,335.00,Zero Rated,99381000000006152,GST0,0.00,Tax Group,,,,0.00,0.00,0.00,0.00,0.00,0.00,0.00,0.00,0.00,0.00,0.00,0.00,,goods,,,
2020-10-27,99381000001652056,EST153,sent,99381000000575003,Cochin,,,INR,1.00,entity_level,true,0.00,false,1340.00,1340.00,0.00,Looking forward for your business.,,YESWEIGH TECHNOLOGIES PRIVATE LIMITED,32,32-Kerala,business_gst,32AABCY1984H1Z9,NO,NO,,,,"1ST FLOOR, No47/2170,
DOWN TOWN Complex,
Mangalore road,TALAP",kannur,Kerala,India,670002,,Standard Template,Adjustment,"1ST FLOOR, No47/2170,
DOWN TOWN Complex,
Mangalore road,TALAP",kannur,Kerala,India,670002,,1,,,,0.000,,,,0.00,0.000,,,,0.00,,,,,,,,Government Stamping Fee 200Kg,,998729,3.00,0.00,0.0,0.00,1005.00,,FALSE,99381000000548508,Sales,SF200,,,,,nos,335.00,Zero Rated,99381000000006152,GST0,0.00,Tax Group,,,,0.00,0.00,0.00,0.00,0.00,0.00,0.00,0.00,0.00,0.00,0.00,0.00,,goods,,,
2020-10-28,99381000001654432,EST154,sent,99381000000112170,Cochin,,,INR,1.00,entity_level,true,0.00,false,25975.00,25975.00,0.00,Looking forward for your business.,,MEEZAN ELECTRONIC SCALES PRIVATE LIMITED,32,32-Kerala,business_gst,32AAECM1277C1ZY,NO,NO,,,,"8/308A Meezan Tower 
Calicut Road , Manjeri",MANJERI,Kerala,India,676121,,Standard Template,Adjustment,"8/308A Meezan Tower 
Calicut Road , Manjeri",MANJERI,Kerala,India,676121,,1,,,,0.000,,,,0.00,0.000,,,,0.00,,,,,,,,Government Stamping Fee 30 kg,serial number : TJ 24202 - TJ 24216,998729,15.00,0.00,0.0,0.00,5025.00,,FALSE,99381000000186027,Sales,SF30,,,,,nos,335.00,Zero Rated,99381000000006152,GST0,0.00,Tax Group,,,,0.00,0.00,0.00,0.00,0.00,0.00,0.00,0.00,0.00,0.00,0.00,0.00,,goods,,,
2020-10-28,99381000001654432,EST154,sent,99381000000112170,Cochin,,,INR,1.00,entity_level,true,0.00,false,25975.00,25975.00,0.00,Looking forward for your business.,,MEEZAN ELECTRONIC SCALES PRIVATE LIMITED,32,32-Kerala,business_gst,32AAECM1277C1ZY,NO,NO,,,,"8/308A Meezan Tower 
Calicut Road , Manjeri",MANJERI,Kerala,India,676121,,Standard Template,Adjustment,"8/308A Meezan Tower 
Calicut Road , Manjeri",MANJERI,Kerala,India,676121,,1,,,,0.000,,,,0.00,0.000,,,,0.00,,,,,,,,Government Stamping Fee 20 KG,serial number : TJ 24020 -TJ 24039,998729,20.00,0.00,0.0,0.00,3400.00,,FALSE,99381000000172016,Sales,SF20,,,,,nos,170.00,Zero Rated,99381000000006152,GST0,0.00,Tax Group,,,,0.00,0.00,0.00,0.00,0.00,0.00,0.00,0.00,0.00,0.00,0.00,0.00,,goods,,,
2020-10-28,99381000001654432,EST154,sent,99381000000112170,Cochin,,,INR,1.00,entity_level,true,0.00,false,25975.00,25975.00,0.00,Looking forward for your business.,,MEEZAN ELECTRONIC SCALES PRIVATE LIMITED,32,32-Kerala,business_gst,32AAECM1277C1ZY,NO,NO,,,,"8/308A Meezan Tower 
Calicut Road , Manjeri",MANJERI,Kerala,India,676121,,Standard Template,Adjustment,"8/308A Meezan Tower 
Calicut Road , Manjeri",MANJERI,Kerala,India,676121,,1,,,,0.000,,,,0.00,0.000,,,,0.00,,,,,,,,Government Stamping Fee 50 kg,Serial number : TJ 23865 - TJ 23884,998729,20.00,0.00,0.0,0.00,6700.00,,FALSE,99381000000186036,Sales,SF50,,,,,nos,335.00,Zero Rated,99381000000006152,GST0,0.00,Tax Group,,,,0.00,0.00,0.00,0.00,0.00,0.00,0.00,0.00,0.00,0.00,0.00,0.00,,goods,,,
2020-10-28,99381000001654432,EST154,sent,99381000000112170,Cochin,,,INR,1.00,entity_level,true,0.00,false,25975.00,25975.00,0.00,Looking forward for your business.,,MEEZAN ELECTRONIC SCALES PRIVATE LIMITED,32,32-Kerala,business_gst,32AAECM1277C1ZY,NO,NO,,,,"8/308A Meezan Tower 
Calicut Road , Manjeri",MANJERI,Kerala,India,676121,,Standard Template,Adjustment,"8/308A Meezan Tower 
Calicut Road , Manjeri",MANJERI,Kerala,India,676121,,1,,,,0.000,,,,0.00,0.000,,,,0.00,,,,,,,,Government Stamping Fee 100Kg,,998729,10.00,0.00,0.0,0.00,3350.00,,FALSE,99381000000663063,Sales,SF100,,,,,nos,335.00,Zero Rated,99381000000006152,GST0,0.00,Tax Group,,,,0.00,0.00,0.00,0.00,0.00,0.00,0.00,0.00,0.00,0.00,0.00,0.00,,goods,,,
2020-10-28,99381000001654432,EST154,sent,99381000000112170,Cochin,,,INR,1.00,entity_level,true,0.00,false,25975.00,25975.00,0.00,Looking forward for your business.,,MEEZAN ELECTRONIC SCALES PRIVATE LIMITED,32,32-Kerala,business_gst,32AAECM1277C1ZY,NO,NO,,,,"8/308A Meezan Tower 
Calicut Road , Manjeri",MANJERI,Kerala,India,676121,,Standard Template,Adjustment,"8/308A Meezan Tower 
Calicut Road , Manjeri",MANJERI,Kerala,India,676121,,1,,,,0.000,,,,0.00,0.000,,,,0.00,,,,,,,,Government Stamping Fee 200Kg,Serial number : TJ 24256 - TJ 24265,998729,10.00,0.00,0.0,0.00,3350.00,,FALSE,99381000000548508,Sales,SF200,,,,,nos,335.00,Zero Rated,99381000000006152,GST0,0.00,Tax Group,,,,0.00,0.00,0.00,0.00,0.00,0.00,0.00,0.00,0.00,0.00,0.00,0.00,,goods,,,
2020-10-28,99381000001654432,EST154,sent,99381000000112170,Cochin,,,INR,1.00,entity_level,true,0.00,false,25975.00,25975.00,0.00,Looking forward for your business.,,MEEZAN ELECTRONIC SCALES PRIVATE LIMITED,32,32-Kerala,business_gst,32AAECM1277C1ZY,NO,NO,,,,"8/308A Meezan Tower 
Calicut Road , Manjeri",MANJERI,Kerala,India,676121,,Standard Template,Adjustment,"8/308A Meezan Tower 
Calicut Road , Manjeri",MANJERI,Kerala,India,676121,,1,,,,0.000,,,,0.00,0.000,,,,0.00,,,,,,,,Government Stamping Fee 300kg,Serial number : TJ 24277 - TJ 24286,998729,10.00,0.00,0.0,0.00,4150.00,,FALSE,99381000000548525,Sales,SF300,,,,,nos,415.00,Zero Rated,99381000000006152,GST0,0.00,Tax Group,,,,0.00,0.00,0.00,0.00,0.00,0.00,0.00,0.00,0.00,0.00,0.00,0.00,,goods,,,
2020-10-28,99381000001654486,EST155,sent,99381000000011046,Cochin,,,INR,1.00,entity_level,true,0.00,false,16470.00,16470.00,0.00,Looking forward for your business.,,GLOBAL DIGITAL SYSTEM,32,32-Kerala,consumer,,NO,NO,,,,Baris Complex,"Vengara, Malappuram",Kerala,,676304,,Standard Template,Adjustment,Baris Complex,"Vengara, Malappuram",Kerala,,676304,,1,,,,0.000,,,,0.00,0.000,,,,0.00,,,,,,,,Government Stamping Fee 50 kg,Serial No:TK25454 To TK25458 (STAMPED),998729,13.00,0.00,0.0,0.00,5655.00,,FALSE,99381000000186036,Sales,SF50,,,,,nos,435.00,Zero Rated,99381000000006152,GST0,0.00,Tax Group,,,,0.00,0.00,0.00,0.00,0.00,0.00,0.00,0.00,0.00,0.00,0.00,0.00,,goods,,,
2020-10-28,99381000001654486,EST155,sent,99381000000011046,Cochin,,,INR,1.00,entity_level,true,0.00,false,16470.00,16470.00,0.00,Looking forward for your business.,,GLOBAL DIGITAL SYSTEM,32,32-Kerala,consumer,,NO,NO,,,,Baris Complex,"Vengara, Malappuram",Kerala,,676304,,Standard Template,Adjustment,Baris Complex,"Vengara, Malappuram",Kerala,,676304,,1,,,,0.000,,,,0.00,0.000,,,,0.00,,,,,,,,Government Stamping Fee 20 KG,,998729,32.00,0.00,0.0,0.00,8640.00,,FALSE,99381000000172016,Sales,SF20,,,,,nos,270.00,Zero Rated,99381000000006152,GST0,0.00,Tax Group,,,,0.00,0.00,0.00,0.00,0.00,0.00,0.00,0.00,0.00,0.00,0.00,0.00,,goods,,,
2020-10-28,99381000001654486,EST155,sent,99381000000011046,Cochin,,,INR,1.00,entity_level,true,0.00,false,16470.00,16470.00,0.00,Looking forward for your business.,,GLOBAL DIGITAL SYSTEM,32,32-Kerala,consumer,,NO,NO,,,,Baris Complex,"Vengara, Malappuram",Kerala,,676304,,Standard Template,Adjustment,Baris Complex,"Vengara, Malappuram",Kerala,,676304,,1,,,,0.000,,,,0.00,0.000,,,,0.00,,,,,,,,Government Stamping Fee 30 kg,Serial No:TK25631 To TK25635 (stamped),998729,5.00,0.00,0.0,0.00,2175.00,,FALSE,99381000000186027,Sales,SF30,,,,,nos,435.00,Zero Rated,99381000000006152,GST0,0.00,Tax Group,,,,0.00,0.00,0.00,0.00,0.00,0.00,0.00,0.00,0.00,0.00,0.00,0.00,,goods,,,
2020-10-28,99381000001654573,EST156,sent,99381000001654540,Cochin,,,INR,1.00,entity_level,true,0.00,false,7050.00,7050.00,0.00,Looking forward for your business.,,NEWTECH SYSTEMS,32,32-Kerala,business_gst,32FBXPS2165D1ZC,NO,NO,,,,"New tech systems, AP VII 739D",Kannur,Kerala,India,670009,,Standard Template,Adjustment,"New tech systems, AP VII 739D",Kannur,Kerala,India,670009,,1,,,,0.000,,,,0.00,0.000,,,,0.00,,,,,,,,Government Stamping Fee 20 KG,,998729,10.00,0.00,0.0,0.00,2700.00,,FALSE,99381000000172016,Sales,SF20,,,,,nos,270.00,Zero Rated,99381000000006152,GST0,0.00,Tax Group,,,,0.00,0.00,0.00,0.00,0.00,0.00,0.00,0.00,0.00,0.00,0.00,0.00,,goods,,,
2020-10-28,99381000001654573,EST156,sent,99381000001654540,Cochin,,,INR,1.00,entity_level,true,0.00,false,7050.00,7050.00,0.00,Looking forward for your business.,,NEWTECH SYSTEMS,32,32-Kerala,business_gst,32FBXPS2165D1ZC,NO,NO,,,,"New tech systems, AP VII 739D",Kannur,Kerala,India,670009,,Standard Template,Adjustment,"New tech systems, AP VII 739D",Kannur,Kerala,India,670009,,1,,,,0.000,,,,0.00,0.000,,,,0.00,,,,,,,,Government Stamping Fee 50 kg,,998729,8.00,0.00,0.0,0.00,3480.00,,FALSE,99381000000186036,Sales,SF50,,,,,nos,435.00,Zero Rated,99381000000006152,GST0,0.00,Tax Group,,,,0.00,0.00,0.00,0.00,0.00,0.00,0.00,0.00,0.00,0.00,0.00,0.00,,goods,,,
2020-10-28,99381000001654573,EST156,sent,99381000001654540,Cochin,,,INR,1.00,entity_level,true,0.00,false,7050.00,7050.00,0.00,Looking forward for your business.,,NEWTECH SYSTEMS,32,32-Kerala,business_gst,32FBXPS2165D1ZC,NO,NO,,,,"New tech systems, AP VII 739D",Kannur,Kerala,India,670009,,Standard Template,Adjustment,"New tech systems, AP VII 739D",Kannur,Kerala,India,670009,,1,,,,0.000,,,,0.00,0.000,,,,0.00,,,,,,,,Government Stamping Fee 100Kg,,998729,2.00,0.00,0.0,0.00,870.00,,FALSE,99381000000663063,Sales,SF100,,,,,nos,435.00,Zero Rated,99381000000006152,GST0,0.00,Tax Group,,,,0.00,0.00,0.00,0.00,0.00,0.00,0.00,0.00,0.00,0.00,0.00,0.00,,goods,,,
2020-10-28,99381000001654591,EST157,sent,99381000000011562,Cochin,,,INR,1.00,entity_level,true,0.00,false,435.00,435.00,0.00,Looking forward for your business.,,THRASCO SOLUTIONS,32,32-Kerala,consumer,,NO,NO,,,,Tirur Road,Malappuram,kerala,,676102,,Standard Template,Adjustment,Tirur Road,Malappuram,kerala,,676102,,1,,,,0.000,,,,0.00,0.000,,,,0.00,,,,,,,,Government Stamping Fee 30 kg,,998729,1.00,0.00,0.0,0.00,435.00,,FALSE,99381000000186027,Sales,SF30,,,,,nos,435.00,Zero Rated,99381000000006152,GST0,0.00,Tax Group,,,,0.00,0.00,0.00,0.00,0.00,0.00,0.00,0.00,0.00,0.00,0.00,0.00,,goods,,,
2020-10-28,99381000001654605,EST158,sent,99381000001654246,Cochin,,,INR,1.00,entity_level,true,0.00,false,11985.00,11985.00,0.00,Looking forward for your business.,,JOSCO SCALES,32,32-Kerala,business_gst,32ACLPD6342B1Z7,NO,NO,,,,MANORAMA JUNCTION,KOTTAYAM,Kerala,India,686001,,Standard Template,Adjustment,MANORAMA JUNCTION,KOTTAYAM,Kerala,India,686001,,1,,,,0.000,,,,0.00,0.000,,,,0.00,,,,,,,,Government Stamping Fee 20 KG,,998729,17.00,0.00,0.0,0.00,4590.00,,FALSE,99381000000172016,Sales,SF20,,,,,nos,270.00,Zero Rated,99381000000006152,GST0,0.00,Tax Group,,,,0.00,0.00,0.00,0.00,0.00,0.00,0.00,0.00,0.00,0.00,0.00,0.00,,goods,,,
2020-10-28,99381000001654605,EST158,sent,99381000001654246,Cochin,,,INR,1.00,entity_level,true,0.00,false,11985.00,11985.00,0.00,Looking forward for your business.,,JOSCO SCALES,32,32-Kerala,business_gst,32ACLPD6342B1Z7,NO,NO,,,,MANORAMA JUNCTION,KOTTAYAM,Kerala,India,686001,,Standard Template,Adjustment,MANORAMA JUNCTION,KOTTAYAM,Kerala,India,686001,,1,,,,0.000,,,,0.00,0.000,,,,0.00,,,,,,,,Government Stamping Fee 50 kg,,998729,12.00,0.00,0.0,0.00,5220.00,,FALSE,99381000000186036,Sales,SF50,,,,,nos,435.00,Zero Rated,99381000000006152,GST0,0.00,Tax Group,,,,0.00,0.00,0.00,0.00,0.00,0.00,0.00,0.00,0.00,0.00,0.00,0.00,,goods,,,
2020-10-28,99381000001654605,EST158,sent,99381000001654246,Cochin,,,INR,1.00,entity_level,true,0.00,false,11985.00,11985.00,0.00,Looking forward for your business.,,JOSCO SCALES,32,32-Kerala,business_gst,32ACLPD6342B1Z7,NO,NO,,,,MANORAMA JUNCTION,KOTTAYAM,Kerala,India,686001,,Standard Template,Adjustment,MANORAMA JUNCTION,KOTTAYAM,Kerala,India,686001,,1,,,,0.000,,,,0.00,0.000,,,,0.00,,,,,,,,Government Stamping Fee 100Kg,,998729,5.00,0.00,0.0,0.00,2175.00,,FALSE,99381000000663063,Sales,SF100,,,,,nos,435.00,Zero Rated,99381000000006152,GST0,0.00,Tax Group,,,,0.00,0.00,0.00,0.00,0.00,0.00,0.00,0.00,0.00,0.00,0.00,0.00,,goods,,,
2020-10-28,99381000001654647,EST159,sent,99381000000017088,Cochin,,,INR,1.00,entity_level,true,0.00,false,3480.00,3480.00,0.00,Looking forward for your business.,,ALFA SYSTEMS-CHALAKKUDY,32,32-Kerala,business_gst,32BSHPK8953L1Z8,NO,NO,,,,"6/721B, Murikkingal Road, Pallikunnu,
Kodaly,",THRISSUR,KERALA,India,680699,,Standard Template,Adjustment,"6/721B, Murikkingal Road,
Pallikkunnu, Koday",,KERALA,India,680699,,1,,,,0.000,,,,0.00,0.000,,,,0.00,,,,,,,,Government Stamping Fee 50 kg,Serial No:TK25459 To TK25466 (STAMPED),998729,8.00,0.00,0.0,0.00,3480.00,,FALSE,99381000000186036,Sales,SF50,,,,,nos,435.00,Zero Rated,99381000000006152,GST0,0.00,Tax Group,,,,0.00,0.00,0.00,0.00,0.00,0.00,0.00,0.00,0.00,0.00,0.00,0.00,,goods,,,
2020-10-28,99381000001654715,EST160,sent,99381000000940651,Cochin,,,INR,1.00,entity_level,true,0.00,false,17190.00,17190.00,0.00,Looking forward for your business.,,MUDRA SCALE-KOZHIKODE,32,32-Kerala,business_gst,32BMNPR6553F1ZS,NO,NO,,,,"KP 15/153-B
Po. Pavandoor",Kozhikode,Kerala,India,673613,,Standard Template,Adjustment,"KP 15/153-B
Po. Pavandoor",Kozhikode,Kerala,India,673613,,1,,,,0.000,,,,0.00,0.000,,,,0.00,,,,,,,,Government Stamping Fee 50 kg,,998729,24.00,0.00,0.0,0.00,10440.00,,FALSE,99381000000186036,Sales,SF50,,,,,nos,435.00,Zero Rated,99381000000006152,GST0,0.00,Tax Group,,,,0.00,0.00,0.00,0.00,0.00,0.00,0.00,0.00,0.00,0.00,0.00,0.00,,goods,,,
2020-10-28,99381000001654715,EST160,sent,99381000000940651,Cochin,,,INR,1.00,entity_level,true,0.00,false,17190.00,17190.00,0.00,Looking forward for your business.,,MUDRA SCALE-KOZHIKODE,32,32-Kerala,business_gst,32BMNPR6553F1ZS,NO,NO,,,,"KP 15/153-B
Po. Pavandoor",Kozhikode,Kerala,India,673613,,Standard Template,Adjustment,"KP 15/153-B
Po. Pavandoor",Kozhikode,Kerala,India,673613,,1,,,,0.000,,,,0.00,0.000,,,,0.00,,,,,,,,Government Stamping Fee 20 KG,,998729,25.00,0.00,0.0,0.00,6750.00,,FALSE,99381000000172016,Sales,SF20,,,,,nos,270.00,Zero Rated,99381000000006152,GST0,0.00,Tax Group,,,,0.00,0.00,0.00,0.00,0.00,0.00,0.00,0.00,0.00,0.00,0.00,0.00,,goods,,,
2020-10-28,99381000001656015,EST161,sent,99381000000940651,Cochin,,,INR,1.00,entity_level,true,0.00,false,2700.00,2700.00,0.00,Looking forward for your business.,,MUDRA SCALE-KOZHIKODE,32,32-Kerala,business_gst,32BMNPR6553F1ZS,NO,NO,,,,"KP 15/153-B
Po. Pavandoor",Kozhikode,Kerala,India,673613,,Standard Template,Adjustment,"KP 15/153-B
Po. Pavandoor",Kozhikode,Kerala,India,673613,,1,,,,0.000,,,,0.00,0.000,,,,0.00,,,,,,,,Government Stamping Fee 20 KG,,998729,10.00,0.00,0.0,0.00,2700.00,,FALSE,99381000000172016,Sales,SF20,,,,,nos,270.00,Zero Rated,99381000000006152,GST0,0.00,Tax Group,,,,0.00,0.00,0.00,0.00,0.00,0.00,0.00,0.00,0.00,0.00,0.00,0.00,,goods,,,
2020-10-28,99381000001656047,EST162,sent,99381000000011562,Cochin,,,INR,1.00,entity_level,true,0.00,false,3570.00,3570.00,0.00,Looking forward for your business.,,THRASCO SOLUTIONS,32,32-Kerala,consumer,,NO,NO,,,,Tirur Road,Malappuram,kerala,,676102,,Standard Template,Adjustment,Tirur Road,Malappuram,kerala,,676102,,1,,,,0.000,,,,0.00,0.000,,,,0.00,,,,,,,,Government Stamping Fee 20 KG,,998729,10.00,0.00,0.0,0.00,2700.00,,FALSE,99381000000172016,Sales,SF20,,,,,nos,270.00,Zero Rated,99381000000006152,GST0,0.00,Tax Group,,,,0.00,0.00,0.00,0.00,0.00,0.00,0.00,0.00,0.00,0.00,0.00,0.00,,goods,,,
2020-10-28,99381000001656047,EST162,sent,99381000000011562,Cochin,,,INR,1.00,entity_level,true,0.00,false,3570.00,3570.00,0.00,Looking forward for your business.,,THRASCO SOLUTIONS,32,32-Kerala,consumer,,NO,NO,,,,Tirur Road,Malappuram,kerala,,676102,,Standard Template,Adjustment,Tirur Road,Malappuram,kerala,,676102,,1,,,,0.000,,,,0.00,0.000,,,,0.00,,,,,,,,Government Stamping Fee 100Kg,,998729,1.00,0.00,0.0,0.00,435.00,,FALSE,99381000000663063,Sales,SF100,,,,,nos,435.00,Zero Rated,99381000000006152,GST0,0.00,Tax Group,,,,0.00,0.00,0.00,0.00,0.00,0.00,0.00,0.00,0.00,0.00,0.00,0.00,,goods,,,
2020-10-28,99381000001656047,EST162,sent,99381000000011562,Cochin,,,INR,1.00,entity_level,true,0.00,false,3570.00,3570.00,0.00,Looking forward for your business.,,THRASCO SOLUTIONS,32,32-Kerala,consumer,,NO,NO,,,,Tirur Road,Malappuram,kerala,,676102,,Standard Template,Adjustment,Tirur Road,Malappuram,kerala,,676102,,1,,,,0.000,,,,0.00,0.000,,,,0.00,,,,,,,,Government Stamping Fee 200Kg,,998729,1.00,0.00,0.0,0.00,435.00,,FALSE,99381000000548508,Sales,SF200,,,,,nos,435.00,Zero Rated,99381000000006152,GST0,0.00,Tax Group,,,,0.00,0.00,0.00,0.00,0.00,0.00,0.00,0.00,0.00,0.00,0.00,0.00,,goods,,,
2020-10-28,99381000001656079,EST163,sent,99381000000584598,Cochin,,,INR,1.00,entity_level,true,0.00,false,10800.00,10800.00,0.00,Looking forward for your business.,,M.G. Scales,32,32-Kerala,business_gst,32ARDPJ4495Q1Z9,NO,NO,,,,Walkers Complex,Pathanamthitta,Kerala,India,689645,,Standard Template,Adjustment,Walkers Complex,Pathanamthitta,Kerala,India,689645,,1,,,,0.000,,,,0.00,0.000,,,,0.00,,,,,,,,Government Stamping Fee 20 KG,,998729,40.00,0.00,0.0,0.00,10800.00,,FALSE,99381000000172016,Sales,SF20,,,,,nos,270.00,Zero Rated,99381000000006152,GST0,0.00,Tax Group,,,,0.00,0.00,0.00,0.00,0.00,0.00,0.00,0.00,0.00,0.00,0.00,0.00,,goods,,,
2020-10-28,99381000001656109,EST164,sent,99381000001639413,Cochin,,,INR,1.00,entity_level,true,0.00,false,7830.00,7830.00,0.00,Looking forward for your business.,,CENTRAL SCALES,32,32-Kerala,business_gst,32AAHFC7300G1ZZ,NO,NO,,,,"Dealers Of Weighing Equipments & Aluminium Anodising Materials,
Payyanagadi",Tirur,Kerala,India,676101,,Standard Template,Adjustment,"Dealers Of Weighing Equipments & Aluminium Anodising Materials,
Payyanagadi",Tirur,Kerala,India,676101,,1,,,,0.000,,,,0.00,0.000,,,,0.00,,,,,,,,Government Stamping Fee 50 kg,,998729,8.00,0.00,0.0,0.00,3480.00,,FALSE,99381000000186036,Sales,SF50,,,,,nos,435.00,Zero Rated,99381000000006152,GST0,0.00,Tax Group,,,,0.00,0.00,0.00,0.00,0.00,0.00,0.00,0.00,0.00,0.00,0.00,0.00,,goods,,,
2020-10-28,99381000001656109,EST164,sent,99381000001639413,Cochin,,,INR,1.00,entity_level,true,0.00,false,7830.00,7830.00,0.00,Looking forward for your business.,,CENTRAL SCALES,32,32-Kerala,business_gst,32AAHFC7300G1ZZ,NO,NO,,,,"Dealers Of Weighing Equipments & Aluminium Anodising Materials,
Payyanagadi",Tirur,Kerala,India,676101,,Standard Template,Adjustment,"Dealers Of Weighing Equipments & Aluminium Anodising Materials,
Payyanagadi",Tirur,Kerala,India,676101,,1,,,,0.000,,,,0.00,0.000,,,,0.00,,,,,,,,Government Stamping Fee 100Kg,,998729,10.00,0.00,0.0,0.00,4350.00,,FALSE,99381000000663063,Sales,SF100,,,,,nos,435.00,Zero Rated,99381000000006152,GST0,0.00,Tax Group,,,,0.00,0.00,0.00,0.00,0.00,0.00,0.00,0.00,0.00,0.00,0.00,0.00,,goods,,,
2020-10-28,99381000001656189,EST166,sent,99381000000161200,Cochin,,,INR,1.00,entity_level,true,0.00,false,6180.00,6180.00,0.00,Looking forward for your business.,,GK electronics,32,32-Kerala,business_gst,32CPSPM4266B1ZV,NO,NO,,,,"SAFA COMPLEX,KONANCHERY",KOZHIKODE,KERALA,,673612,,Standard Template,Adjustment,"SAFA COMPLEX,KONANCHERY",KOZHIKODE,KERALA,,673612,,1,,,,0.000,,,,0.00,0.000,,,,0.00,,,,,,,,Government Stamping Fee 20 KG,,998729,10.00,0.00,0.0,0.00,2700.00,,FALSE,99381000000172016,Sales,SF20,,,,,nos,270.00,Zero Rated,99381000000006152,GST0,0.00,Tax Group,,,,0.00,0.00,0.00,0.00,0.00,0.00,0.00,0.00,0.00,0.00,0.00,0.00,,goods,,,
2020-10-28,99381000001656189,EST166,sent,99381000000161200,Cochin,,,INR,1.00,entity_level,true,0.00,false,6180.00,6180.00,0.00,Looking forward for your business.,,GK electronics,32,32-Kerala,business_gst,32CPSPM4266B1ZV,NO,NO,,,,"SAFA COMPLEX,KONANCHERY",KOZHIKODE,KERALA,,673612,,Standard Template,Adjustment,"SAFA COMPLEX,KONANCHERY",KOZHIKODE,KERALA,,673612,,1,,,,0.000,,,,0.00,0.000,,,,0.00,,,,,,,,Government Stamping Fee 50 kg,,998729,8.00,0.00,0.0,0.00,3480.00,,FALSE,99381000000186036,Sales,SF50,,,,,nos,435.00,Zero Rated,99381000000006152,GST0,0.00,Tax Group,,,,0.00,0.00,0.00,0.00,0.00,0.00,0.00,0.00,0.00,0.00,0.00,0.00,,goods,,,
2020-10-28,99381000001656217,EST167,sent,99381000001358739,Cochin,,,INR,1.00,entity_level,true,0.00,false,3480.00,3480.00,0.00,Looking forward for your business.,,Raghavendra Electronic Scales,37,37-Andhra Pradesh,business_gst,37ALDPR6381B2Z0,NO,NO,,,,"First Floor,16-55
Room No:1",Ananthapura,Andhra Pradesh,India,515001,,Standard Template,Adjustment,"First Floor,16-55
Room No:1",Ananthapura,Andhra Pradesh,India,515001,,1,,,,0.000,,,,0.00,0.000,,,,0.00,,,,,,,,Government Stamping Fee 50 kg,,998729,8.00,0.00,0.0,0.00,3480.00,,FALSE,99381000000186036,Sales,SF50,,,,,nos,435.00,Zero Rated,99381000000006116,IGST0,0.00,ItemAmount,,,,0.00,0.00,0.00,0.00,0.00,0.00,0.00,0.00,0.00,0.00,0.00,0.00,,goods,,,
2020-10-28,99381000001656255,EST168,sent,99381000001608049,Cochin,,,INR,1.00,entity_level,true,0.00,false,5400.00,5400.00,0.00,Looking forward for your business.,,LAKSHMI WEIGHING WORLD,32,32-Kerala,business_gst,32EIMPP8034H1Z0,NO,NO,,,,"Lakshmi weighing world,
Opp.Dhanalakshmi bank",Palakkad,Kerala,India,679303,,Standard Template,Adjustment,"Laksmi times, Sreekrishna building",Palakkad,Kerala,India,679303,,1,,,,0.000,,,,0.00,0.000,,,,0.00,,,,,,,,Government Stamping Fee 20 KG,,998729,20.00,0.00,0.0,0.00,5400.00,,FALSE,99381000000172016,Sales,SF20,,,,,nos,270.00,Zero Rated,99381000000006152,GST0,0.00,Tax Group,,,,0.00,0.00,0.00,0.00,0.00,0.00,0.00,0.00,0.00,0.00,0.00,0.00,,goods,,,
2020-10-28,99381000001656269,EST169,sent,99381000001357224,Cochin,,,INR,1.00,entity_level,true,0.00,false,7550.00,7550.00,0.00,Looking forward for your business.,,Expert Systems,32,32-Kerala,business_gst,32CTNPK0815K1ZO,NO,NO,,,,"XIII/425AA, Bahadurmall, Kara PO",Thrissur,Kerala,India,680671,,Standard Template,Adjustment,"XIII/425AA, Bahadurmall, Kara PO",Thrissur,Kerala,India,680671,,1,,,,0.000,,,,0.00,0.000,,,,0.00,,,,,,,,Government Stamping Fee 20 KG,,998729,18.00,0.00,0.0,0.00,4860.00,,FALSE,99381000000172016,Sales,SF20,,,,,nos,270.00,Zero Rated,99381000000006152,GST0,0.00,Tax Group,,,,0.00,0.00,0.00,0.00,0.00,0.00,0.00,0.00,0.00,0.00,0.00,0.00,,goods,,,
2020-10-28,99381000001656269,EST169,sent,99381000001357224,Cochin,,,INR,1.00,entity_level,true,0.00,false,7550.00,7550.00,0.00,Looking forward for your business.,,Expert Systems,32,32-Kerala,business_gst,32CTNPK0815K1ZO,NO,NO,,,,"XIII/425AA, Bahadurmall, Kara PO",Thrissur,Kerala,India,680671,,Standard Template,Adjustment,"XIII/425AA, Bahadurmall, Kara PO",Thrissur,Kerala,India,680671,,1,,,,0.000,,,,0.00,0.000,,,,0.00,,,,,,,,Government Stamping Fee 100Kg,,998729,5.00,0.00,0.0,0.00,2175.00,,FALSE,99381000000663063,Sales,SF100,,,,,nos,435.00,Zero Rated,99381000000006152,GST0,0.00,Tax Group,,,,0.00,0.00,0.00,0.00,0.00,0.00,0.00,0.00,0.00,0.00,0.00,0.00,,goods,,,
2020-10-28,99381000001656269,EST169,sent,99381000001357224,Cochin,,,INR,1.00,entity_level,true,0.00,false,7550.00,7550.00,0.00,Looking forward for your business.,,Expert Systems,32,32-Kerala,business_gst,32CTNPK0815K1ZO,NO,NO,,,,"XIII/425AA, Bahadurmall, Kara PO",Thrissur,Kerala,India,680671,,Standard Template,Adjustment,"XIII/425AA, Bahadurmall, Kara PO",Thrissur,Kerala,India,680671,,1,,,,0.000,,,,0.00,0.000,,,,0.00,,,,,,,,Government Stamping Fee 300kg,,998729,1.00,0.00,0.0,0.00,515.00,,FALSE,99381000000548525,Sales,SF300,,,,,nos,515.00,Zero Rated,99381000000006152,GST0,0.00,Tax Group,,,,0.00,0.00,0.00,0.00,0.00,0.00,0.00,0.00,0.00,0.00,0.00,0.00,,goods,,,
2020-10-28,99381000001656683,EST170,sent,99381000000231096,Cochin,,,INR,1.00,entity_level,true,0.00,false,4750.00,4750.00,0.00,Looking forward for your business.,,Victory Scales,32,32-Kerala,business_gst,32AAAAV1247P1ZC,NO,NO,,,,"M/s Victory Scales
CSI Ascension Square, Below ICICI Bank","Kottayam,",Kerala,India,686016,,Standard Template,Adjustment,"Manickathinal Building,","Kottayam,",Kerala,India,686016,,1,,,,0.000,,,,0.00,0.000,,,,0.00,,,,,,,,Government Stamping Fee 200Kg,,998729,5.00,0.00,0.0,0.00,2175.00,,FALSE,99381000000548508,Sales,SF200,,,,,nos,435.00,Zero Rated,99381000000006152,GST0,0.00,Tax Group,,,,0.00,0.00,0.00,0.00,0.00,0.00,0.00,0.00,0.00,0.00,0.00,0.00,,goods,,,
2020-10-28,99381000001656683,EST170,sent,99381000000231096,Cochin,,,INR,1.00,entity_level,true,0.00,false,4750.00,4750.00,0.00,Looking forward for your business.,,Victory Scales,32,32-Kerala,business_gst,32AAAAV1247P1ZC,NO,NO,,,,"M/s Victory Scales
CSI Ascension Square, Below ICICI Bank","Kottayam,",Kerala,India,686016,,Standard Template,Adjustment,"Manickathinal Building,","Kottayam,",Kerala,India,686016,,1,,,,0.000,,,,0.00,0.000,,,,0.00,,,,,,,,Government Stamping Fee 300kg,,998729,5.00,0.00,0.0,0.00,2575.00,,FALSE,99381000000548525,Sales,SF300,,,,,nos,515.00,Zero Rated,99381000000006152,GST0,0.00,Tax Group,,,,0.00,0.00,0.00,0.00,0.00,0.00,0.00,0.00,0.00,0.00,0.00,0.00,,goods,,,
2020-10-28,99381000001662041,EST171,sent,99381000000151001,Cochin,,,INR,1.00,entity_level,true,0.00,false,18450.00,18450.00,0.00,Looking forward for your business.,,Dynamic Enterprises,32,32-Kerala,business_gst,32ATJPS7075B1ZN,NO,NO,,,,XIV/217C SUNRISE BUILDING,THRISSUR,Kerala,India,680121,,Standard Template,Adjustment,"YELLOW SCALES
Kumbalam Jn.
Kumbalam",Ernakulam,Kerala,India,682506,,1,,,,0.000,,,,0.00,0.000,,,,0.00,,,,,,,,Government Stamping Fee 30 kg,Serial number : TJ 24187 -TJ 24196,998729,10.00,0.00,0.0,0.00,4350.00,,FALSE,99381000000186027,Sales,SF30,,,,,nos,435.00,Zero Rated,99381000000006152,GST0,0.00,Tax Group,,,,0.00,0.00,0.00,0.00,0.00,0.00,0.00,0.00,0.00,0.00,0.00,0.00,,goods,,,
2020-10-28,99381000001662041,EST171,sent,99381000000151001,Cochin,,,INR,1.00,entity_level,true,0.00,false,18450.00,18450.00,0.00,Looking forward for your business.,,Dynamic Enterprises,32,32-Kerala,business_gst,32ATJPS7075B1ZN,NO,NO,,,,XIV/217C SUNRISE BUILDING,THRISSUR,Kerala,India,680121,,Standard Template,Adjustment,"YELLOW SCALES
Kumbalam Jn.
Kumbalam",Ernakulam,Kerala,India,682506,,1,,,,0.000,,,,0.00,0.000,,,,0.00,,,,,,,,Government Stamping Fee 20 KG,serial number : TJ 23863- TJ 23844,998729,20.00,0.00,0.0,0.00,5400.00,,FALSE,99381000000172016,Sales,SF20,,,,,nos,270.00,Zero Rated,99381000000006152,GST0,0.00,Tax Group,,,,0.00,0.00,0.00,0.00,0.00,0.00,0.00,0.00,0.00,0.00,0.00,0.00,,goods,,,
2020-10-28,99381000001662041,EST171,sent,99381000000151001,Cochin,,,INR,1.00,entity_level,true,0.00,false,18450.00,18450.00,0.00,Looking forward for your business.,,Dynamic Enterprises,32,32-Kerala,business_gst,32ATJPS7075B1ZN,NO,NO,,,,XIV/217C SUNRISE BUILDING,THRISSUR,Kerala,India,680121,,Standard Template,Adjustment,"YELLOW SCALES
Kumbalam Jn.
Kumbalam",Ernakulam,Kerala,India,682506,,1,,,,0.000,,,,0.00,0.000,,,,0.00,,,,,,,,Government Stamping Fee 50 kg,Serial number : TJ 23863-TJ 23844,998729,20.00,0.00,0.0,0.00,8700.00,,FALSE,99381000000186036,Sales,SF50,,,,,nos,435.00,Zero Rated,99381000000006152,GST0,0.00,Tax Group,,,,0.00,0.00,0.00,0.00,0.00,0.00,0.00,0.00,0.00,0.00,0.00,0.00,,goods,,,
2020-10-29,99381000001660053,EST172,sent,99381000000231096,Cochin,,,INR,1.00,entity_level,true,0.00,false,2175.00,2175.00,0.00,Looking forward for your business.,,Victory Scales,32,32-Kerala,business_gst,32AAAAV1247P1ZC,NO,NO,,,,"M/s Victory Scales
CSI Ascension Square, Below ICICI Bank","Kottayam,",Kerala,India,686016,,Standard Template,Adjustment,"Manickathinal Building,","Kottayam,",Kerala,India,686016,,1,,,,0.000,,,,0.00,0.000,,,,0.00,,,,,,,,Government Stamping Fee 100Kg,,998729,5.00,0.00,0.0,0.00,2175.00,,FALSE,99381000000663063,Sales,SF100,,,,,nos,435.00,Zero Rated,99381000000006152,GST0,0.00,Tax Group,,,,0.00,0.00,0.00,0.00,0.00,0.00,0.00,0.00,0.00,0.00,0.00,0.00,,goods,,,
2020-10-29,99381000001662192,EST173,sent,99381000000406011,Cochin,,,INR,1.00,entity_level,true,0.00,false,1740.00,1740.00,0.00,Looking forward for your business.,,VIRTUE SYSTEM & TECHNOLOGIES,32,32-Kerala,business_gst,32GXGPS8764A1Z8,NO,NO,,,Venugopal,"62/4453, Mullassery Canal Road",Cochin,Kerala,India,682011,,Standard Template,Adjustment,"62/4453, Mullassery Canal Road",Cochin,Kerala,India,682011,,1,,,,0.000,,,,0.00,0.000,,,,0.00,,,,,,,,Government Stamping Fee 50 kg,,998729,4.00,0.00,0.0,0.00,1740.00,,FALSE,99381000000186036,Sales,SF50,,,,,nos,435.00,Zero Rated,99381000000006152,GST0,0.00,Tax Group,,,,0.00,0.00,0.00,0.00,0.00,0.00,0.00,0.00,0.00,0.00,0.00,0.00,,goods,,,
2020-10-29,99381000001662226,EST174,sent,99381000000014557,Cochin,,,INR,1.00,entity_level,true,0.00,false,17190.00,17190.00,0.00,Looking forward for your business.,,LULU SCALES CALICUT,32,32-Kerala,business_gst,32BFFPR1800G1ZX,NO,NO,,,Shakir,"5/422, Ershadul Building",Kozhikode,Kerala,India,673616,,Standard Template,Adjustment,"5/422, Ershadul Building",Kozhikode,Kerala,India,673616,,1,,,,0.000,,,,0.00,0.000,,,,0.00,,,,,,,,Government Stamping Fee 20 KG,,998729,25.00,0.00,0.0,0.00,6750.00,,FALSE,99381000000172016,Sales,SF20,,,,,nos,270.00,Zero Rated,99381000000006152,GST0,0.00,Tax Group,,,,0.00,0.00,0.00,0.00,0.00,0.00,0.00,0.00,0.00,0.00,0.00,0.00,,goods,,,
2020-10-29,99381000001662226,EST174,sent,99381000000014557,Cochin,,,INR,1.00,entity_level,true,0.00,false,17190.00,17190.00,0.00,Looking forward for your business.,,LULU SCALES CALICUT,32,32-Kerala,business_gst,32BFFPR1800G1ZX,NO,NO,,,Shakir,"5/422, Ershadul Building",Kozhikode,Kerala,India,673616,,Standard Template,Adjustment,"5/422, Ershadul Building",Kozhikode,Kerala,India,673616,,1,,,,0.000,,,,0.00,0.000,,,,0.00,,,,,,,,Government Stamping Fee 50 kg,,998729,24.00,0.00,0.0,0.00,10440.00,,FALSE,99381000000186036,Sales,SF50,,,,,nos,435.00,Zero Rated,99381000000006152,GST0,0.00,Tax Group,,,,0.00,0.00,0.00,0.00,0.00,0.00,0.00,0.00,0.00,0.00,0.00,0.00,,goods,,,
2020-10-29,99381000001662256,EST175,sent,99381000001357477,Cochin,,,INR,1.00,entity_level,true,0.00,false,3090.00,3090.00,0.00,Looking forward for your business.,,Solid Solutions,32,32-Kerala,business_gst,32EKEPS4055R1ZJ,NO,NO,,,Venugopal,"37/3361-A, Malamel Building, Sahrudaya Nagar",Ernakulam,Kerala,India,682024,,Standard Template,Adjustment,"37/3361-A, Malamel Building, Sahrudaya Nagar",Ernakulam,Kerala,India,682024,,1,,,,0.000,,,,0.00,0.000,,,,0.00,,,,,,,,Government Stamping Fee 50 kg,,998729,4.00,0.00,0.0,0.00,1740.00,,FALSE,99381000000186036,Sales,SF50,,,,,nos,435.00,Zero Rated,99381000000006152,GST0,0.00,Tax Group,,,,0.00,0.00,0.00,0.00,0.00,0.00,0.00,0.00,0.00,0.00,0.00,0.00,,goods,,,
2020-10-29,99381000001662256,EST175,sent,99381000001357477,Cochin,,,INR,1.00,entity_level,true,0.00,false,3090.00,3090.00,0.00,Looking forward for your business.,,Solid Solutions,32,32-Kerala,business_gst,32EKEPS4055R1ZJ,NO,NO,,,Venugopal,"37/3361-A, Malamel Building, Sahrudaya Nagar",Ernakulam,Kerala,India,682024,,Standard Template,Adjustment,"37/3361-A, Malamel Building, Sahrudaya Nagar",Ernakulam,Kerala,India,682024,,1,,,,0.000,,,,0.00,0.000,,,,0.00,,,,,,,,Government Stamping Fee 20 KG,,998729,5.00,0.00,0.0,0.00,1350.00,,FALSE,99381000000172016,Sales,SF20,,,,,nos,270.00,Zero Rated,99381000000006152,GST0,0.00,Tax Group,,,,0.00,0.00,0.00,0.00,0.00,0.00,0.00,0.00,0.00,0.00,0.00,0.00,,goods,,,
2020-10-29,99381000001662317,EST176,sent,99381000001662284,Cochin,,,INR,1.00,entity_level,true,0.00,false,7920.00,7920.00,0.00,Looking forward for your business.,,KALPANA WEIGHING SERVICE,32,32-Kerala,business_gst,32AAJFK8735H1Z6,NO,NO,,,,40/4072-A1,ERNAKULAM,Kerala,India,682035,,Standard Template,Adjustment,40/4072-A1,ERNAKULAM,Kerala,India,682035,,1,,,,0.000,,,,0.00,0.000,,,,0.00,,,,,,,,Government Stamping Fee 20 KG,,998729,10.00,0.00,0.0,0.00,2700.00,,FALSE,99381000000172016,Sales,SF20,,,,,nos,270.00,Zero Rated,99381000000006152,GST0,0.00,Tax Group,,,,0.00,0.00,0.00,0.00,0.00,0.00,0.00,0.00,0.00,0.00,0.00,0.00,,goods,,,
2020-10-29,99381000001662317,EST176,sent,99381000001662284,Cochin,,,INR,1.00,entity_level,true,0.00,false,7920.00,7920.00,0.00,Looking forward for your business.,,KALPANA WEIGHING SERVICE,32,32-Kerala,business_gst,32AAJFK8735H1Z6,NO,NO,,,,40/4072-A1,ERNAKULAM,Kerala,India,682035,,Standard Template,Adjustment,40/4072-A1,ERNAKULAM,Kerala,India,682035,,1,,,,0.000,,,,0.00,0.000,,,,0.00,,,,,,,,Government Stamping Fee 50 kg,Serial No:TK26543 To TK26550 (8 nos),998729,12.00,0.00,0.0,0.00,5220.00,,FALSE,99381000000186036,Sales,SF50,,,,,nos,435.00,Zero Rated,99381000000006152,GST0,0.00,Tax Group,,,,0.00,0.00,0.00,0.00,0.00,0.00,0.00,0.00,0.00,0.00,0.00,0.00,,goods,,,
2020-10-30,99381000001676069,EST178,sent,99381000001357054,Cochin,,,INR,1.00,entity_level,true,0.00,false,4230.00,4230.00,0.00,Looking forward for your business.,,Weigh India,32,32-Kerala,business_gst,32ASYPR6078D1Z6,NO,NO,,,,"Weigh India, 31/1015 , First Floor",Malappuram,Kerala,India,679322,,Standard Template,Adjustment,"Weigh India, 31/1015 , First Floor",Malappuram,Kerala,India,679322,,1,,,,0.000,,,,0.00,0.000,,,,0.00,,,,,,,,Government Stamping Fee 20 KG,,998729,6.00,0.00,0.0,0.00,1620.00,,FALSE,99381000000172016,Sales,SF20,,,,,nos,270.00,Zero Rated,99381000000006152,GST0,0.00,Tax Group,,,,0.00,0.00,0.00,0.00,0.00,0.00,0.00,0.00,0.00,0.00,0.00,0.00,,goods,,,
2020-10-30,99381000001676069,EST178,sent,99381000001357054,Cochin,,,INR,1.00,entity_level,true,0.00,false,4230.00,4230.00,0.00,Looking forward for your business.,,Weigh India,32,32-Kerala,business_gst,32ASYPR6078D1Z6,NO,NO,,,,"Weigh India, 31/1015 , First Floor",Malappuram,Kerala,India,679322,,Standard Template,Adjustment,"Weigh India, 31/1015 , First Floor",Malappuram,Kerala,India,679322,,1,,,,0.000,,,,0.00,0.000,,,,0.00,,,,,,,,Government Stamping Fee 100Kg,,998729,6.00,0.00,0.0,0.00,2610.00,,FALSE,99381000000663063,Sales,SF100,,,,,nos,435.00,Zero Rated,99381000000006152,GST0,0.00,Tax Group,,,,0.00,0.00,0.00,0.00,0.00,0.00,0.00,0.00,0.00,0.00,0.00,0.00,,goods,,,
2020-10-31,99381000001679035,EST179,sent,99381000001357095,Cochin,,,INR,1.00,entity_level,true,0.00,false,3125.00,3125.00,0.00,Looking forward for your business.,,Chipdot Enterprises,32,32-Kerala,business_gst,32DOVPK2733G1ZT,NO,NO,,,,"Chipdot Enterprises,3/5,Asma Tower",Malappuram,ker,India,676503,,Standard Template,Adjustment,"Chipdot Enterprises,3/5,Asma Tower",Malappuram,ker,India,676503,,1,,,,0.000,,,,0.00,0.000,,,,0.00,,,,,,,,Government Stamping Fee 50 kg,,998729,4.00,0.00,0.0,0.00,1740.00,,FALSE,99381000000186036,Sales,SF50,,,,,nos,435.00,Zero Rated,99381000000006152,GST0,0.00,Tax Group,,,,0.00,0.00,0.00,0.00,0.00,0.00,0.00,0.00,0.00,0.00,0.00,0.00,,goods,,,
2020-10-31,99381000001679035,EST179,sent,99381000001357095,Cochin,,,INR,1.00,entity_level,true,0.00,false,3125.00,3125.00,0.00,Looking forward for your business.,,Chipdot Enterprises,32,32-Kerala,business_gst,32DOVPK2733G1ZT,NO,NO,,,,"Chipdot Enterprises,3/5,Asma Tower",Malappuram,ker,India,676503,,Standard Template,Adjustment,"Chipdot Enterprises,3/5,Asma Tower",Malappuram,ker,India,676503,,1,,,,0.000,,,,0.00,0.000,,,,0.00,,,,,,,,Government Stamping Fee 100Kg,,998729,2.00,0.00,0.0,0.00,870.00,,FALSE,99381000000663063,Sales,SF100,,,,,nos,435.00,Zero Rated,99381000000006152,GST0,0.00,Tax Group,,,,0.00,0.00,0.00,0.00,0.00,0.00,0.00,0.00,0.00,0.00,0.00,0.00,,goods,,,
2020-10-31,99381000001679035,EST179,sent,99381000001357095,Cochin,,,INR,1.00,entity_level,true,0.00,false,3125.00,3125.00,0.00,Looking forward for your business.,,Chipdot Enterprises,32,32-Kerala,business_gst,32DOVPK2733G1ZT,NO,NO,,,,"Chipdot Enterprises,3/5,Asma Tower",Malappuram,ker,India,676503,,Standard Template,Adjustment,"Chipdot Enterprises,3/5,Asma Tower",Malappuram,ker,India,676503,,1,,,,0.000,,,,0.00,0.000,,,,0.00,,,,,,,,Government Stamping Fee 300kg,,998729,1.00,0.00,0.0,0.00,515.00,,FALSE,99381000000548525,Sales,SF300,,,,,nos,515.00,Zero Rated,99381000000006152,GST0,0.00,Tax Group,,,,0.00,0.00,0.00,0.00,0.00,0.00,0.00,0.00,0.00,0.00,0.00,0.00,,goods,,,
2020-10-31,99381000001679138,EST180,sent,99381000001345032,Cochin,,,INR,1.00,entity_level,true,0.00,false,5220.00,5220.00,0.00,Looking forward for your business.,,ACCURATE SCALES,32,32-Kerala,business_gst,32BNEPM9609M1ZM,NO,NO,,,,"X/53, By-pass jn.
Kuruppath, Kondotty.",Malappuram,Kerala,,673638,,Standard Template,Adjustment,"X/53, By-pass jn.
Kuruppath, Kondotty.",Malappuram,Kerala,,673638,,1,,,,0.000,,,,0.00,0.000,,,,0.00,,,,,,,,Government Stamping Fee 50 kg,,998729,12.00,0.00,0.0,0.00,5220.00,,FALSE,99381000000186036,Sales,SF50,,,,,nos,435.00,Zero Rated,99381000000006152,GST0,0.00,Tax Group,,,,0.00,0.00,0.00,0.00,0.00,0.00,0.00,0.00,0.00,0.00,0.00,0.00,,goods,,,
2020-10-31,99381000001674034,EST181,sent,99381000001137001,Cochin,,,INR,1.00,entity_level,true,0.00,false,4350.00,4350.00,0.00,Looking forward for your business.,,AMANA INSTRUMENTS,32,32-Kerala,business_gst,32AVVPA5492J1Z7,NO,NO,,,,"Mukkam Road,
Pathanapuram",Malappuram,Kerala,India,673639,,Standard Template,Adjustment,"Mukkam Road,
Pathanapuram",Malappuram,Kerala,India,673639,,1,,,,0.000,,,,0.00,0.000,,,,0.00,,,,,,,,Government Stamping Fee 50 kg,,998729,10.00,0.00,0.0,0.00,4350.00,,FALSE,99381000000186036,Sales,SF50,,,,,nos,435.00,Zero Rated,99381000000006152,GST0,0.00,Tax Group,,,,0.00,0.00,0.00,0.00,0.00,0.00,0.00,0.00,0.00,0.00,0.00,0.00,,goods,,,
2020-10-31,99381000001679196,EST182,sent,99381000000011771,Cochin,,,INR,1.00,entity_level,true,0.00,false,10875.00,10875.00,0.00,Looking forward for your business.,,METRO ENTERPRISES,32,32-Kerala,business_gst,32BMVPM8572R2ZS,NO,NO,,,,"V.K. Building, Kodathippadi",Palakkad,Kerala,,678582,,Standard Template,Adjustment,"V.K. Building, Kodathippadi",Palakkad,Kerala,,678582,,1,,,,0.000,,,,0.00,0.000,,,,0.00,,,,,,,,Government Stamping Fee 30 kg,Serial No:TL29669 To TL29683 (STAMPED PLATES 15 NOS),998729,25.00,0.00,0.0,0.00,10875.00,,FALSE,99381000000186027,Sales,SF30,,,,,nos,435.00,Zero Rated,99381000000006152,GST0,0.00,Tax Group,,,,0.00,0.00,0.00,0.00,0.00,0.00,0.00,0.00,0.00,0.00,0.00,0.00,,goods,,,
2020-10-31,99381000001679212,EST183,sent,99381000001654540,Cochin,,,INR,1.00,entity_level,true,0.00,false,1740.00,1740.00,0.00,Looking forward for your business.,,NEWTECH SYSTEMS,32,32-Kerala,business_gst,32FBXPS2165D1ZC,NO,NO,,,,"New tech systems, AP VII 739D",Kannur,Kerala,India,670009,,Standard Template,Adjustment,"New tech systems, AP VII 739D",Kannur,Kerala,India,670009,,1,,,,0.000,,,,0.00,0.000,,,,0.00,,,,,,,,Government Stamping Fee 50 kg,,998729,4.00,0.00,0.0,0.00,1740.00,,FALSE,99381000000186036,Sales,SF50,,,,,nos,435.00,Zero Rated,99381000000006152,GST0,0.00,Tax Group,,,,0.00,0.00,0.00,0.00,0.00,0.00,0.00,0.00,0.00,0.00,0.00,0.00,,goods,,,
2020-11-02,99381000001686009,EST185,sent,99381000000231096,Cochin,,,INR,1.00,entity_level,true,0.00,false,19575.00,19575.00,0.00,Looking forward for your business.,,Victory Scales,32,32-Kerala,business_gst,32AAAAV1247P1ZC,NO,NO,,,,"M/s Victory Scales
CSI Ascension Square, Below ICICI Bank","Kottayam,",Kerala,India,686016,,Standard Template,Adjustment,"Manickathinal Building,","Kottayam,",Kerala,India,686016,,1,,,,0.000,,,,0.00,0.000,,,,0.00,,,,,,,,Government Stamping Fee 30 kg,,998729,20.00,0.00,0.0,0.00,8700.00,,FALSE,99381000000186027,Sales,SF30,,,,,nos,435.00,Zero Rated,99381000000006152,GST0,0.00,Tax Group,,,,0.00,0.00,0.00,0.00,0.00,0.00,0.00,0.00,0.00,0.00,0.00,0.00,,goods,,,
2020-11-02,99381000001686009,EST185,sent,99381000000231096,Cochin,,,INR,1.00,entity_level,true,0.00,false,19575.00,19575.00,0.00,Looking forward for your business.,,Victory Scales,32,32-Kerala,business_gst,32AAAAV1247P1ZC,NO,NO,,,,"M/s Victory Scales
CSI Ascension Square, Below ICICI Bank","Kottayam,",Kerala,India,686016,,Standard Template,Adjustment,"Manickathinal Building,","Kottayam,",Kerala,India,686016,,1,,,,0.000,,,,0.00,0.000,,,,0.00,,,,,,,,Government Stamping Fee 50 kg,,998729,20.00,0.00,0.0,0.00,8700.00,,FALSE,99381000000186036,Sales,SF50,,,,,nos,435.00,Zero Rated,99381000000006152,GST0,0.00,Tax Group,,,,0.00,0.00,0.00,0.00,0.00,0.00,0.00,0.00,0.00,0.00,0.00,0.00,,goods,,,
2020-11-02,99381000001686009,EST185,sent,99381000000231096,Cochin,,,INR,1.00,entity_level,true,0.00,false,19575.00,19575.00,0.00,Looking forward for your business.,,Victory Scales,32,32-Kerala,business_gst,32AAAAV1247P1ZC,NO,NO,,,,"M/s Victory Scales
CSI Ascension Square, Below ICICI Bank","Kottayam,",Kerala,India,686016,,Standard Template,Adjustment,"Manickathinal Building,","Kottayam,",Kerala,India,686016,,1,,,,0.000,,,,0.00,0.000,,,,0.00,,,,,,,,Government Stamping Fee 200Kg,,998729,5.00,0.00,0.0,0.00,2175.00,,FALSE,99381000000548508,Sales,SF200,,,,,nos,435.00,Zero Rated,99381000000006152,GST0,0.00,Tax Group,,,,0.00,0.00,0.00,0.00,0.00,0.00,0.00,0.00,0.00,0.00,0.00,0.00,,goods,,,
2020-11-02,99381000001685068,EST186,sent,99381000000014073,Cochin,,,INR,1.00,entity_level,true,0.00,false,8880.00,8880.00,0.00,Looking forward for your business.,,ADWITHI AUTOMATION,32,32-Kerala,business_gst,32GUAPS3359J1ZC,NO,NO,,,,"9/145 - A1 GN Complex, Bye Pass Road",Thrissur,Kerala,India,680014,,Standard Template,Adjustment,"9/145 - A1 GN Complex, Bye Pass Road",Thrissur,Kerala,India,680014,,1,,,,0.000,,,,0.00,0.000,,,,0.00,,,,,,,,Government Stamping Fee 20 KG,,998729,20.00,0.00,0.0,0.00,5400.00,,FALSE,99381000000172016,Sales,SF20,,,,,nos,270.00,Zero Rated,99381000000006152,GST0,0.00,Tax Group,,,,0.00,0.00,0.00,0.00,0.00,0.00,0.00,0.00,0.00,0.00,0.00,0.00,,goods,,,
2020-11-02,99381000001685068,EST186,sent,99381000000014073,Cochin,,,INR,1.00,entity_level,true,0.00,false,8880.00,8880.00,0.00,Looking forward for your business.,,ADWITHI AUTOMATION,32,32-Kerala,business_gst,32GUAPS3359J1ZC,NO,NO,,,,"9/145 - A1 GN Complex, Bye Pass Road",Thrissur,Kerala,India,680014,,Standard Template,Adjustment,"9/145 - A1 GN Complex, Bye Pass Road",Thrissur,Kerala,India,680014,,1,,,,0.000,,,,0.00,0.000,,,,0.00,,,,,,,,Government Stamping Fee 50 kg,,998729,8.00,0.00,0.0,0.00,3480.00,,FALSE,99381000000186036,Sales,SF50,,,,,nos,435.00,Zero Rated,99381000000006152,GST0,0.00,Tax Group,,,,0.00,0.00,0.00,0.00,0.00,0.00,0.00,0.00,0.00,0.00,0.00,0.00,,goods,,,
2020-11-02,99381000001686047,EST187,sent,99381000000112170,Cochin,,,INR,1.00,entity_level,true,0.00,false,4350.00,4350.00,0.00,Looking forward for your business.,,MEEZAN ELECTRONIC SCALES PRIVATE LIMITED,32,32-Kerala,business_gst,32AAECM1277C1ZY,NO,NO,,,,,,Kerala,India,,,Standard Template,Adjustment,"8/308A Meezan Tower 
Calicut Road , Manjeri",MANJERI,Kerala,India,676121,,1,,,,0.000,,,,0.00,0.000,,,,0.00,,,,,,,,Government Stamping Fee 30 kg,,998729,10.00,0.00,0.0,0.00,4350.00,,FALSE,99381000000186027,Sales,SF30,,,,,nos,435.00,Zero Rated,99381000000006152,GST0,0.00,Tax Group,,,,0.00,0.00,0.00,0.00,0.00,0.00,0.00,0.00,0.00,0.00,0.00,0.00,,goods,,,
2020-11-02,99381000001686133,EST188,sent,99381000000014358,Cochin,,,INR,1.00,entity_level,true,0.00,false,3480.00,3480.00,0.00,Looking forward for your business.,,MARVEL ELECTRONICS,32,32-Kerala,business_gst,32BQUPA8911M1ZH,NO,NO,,,,"1/662 - A1, Henry Electrical Building",Thrissur,Kerala,,680503,,Standard Template,Adjustment,"1/662 - A1, Henry Electrical Building",Thrissur,Kerala,,680503,,1,,,,0.000,,,,0.00,0.000,,,,0.00,,,,,,,,Government Stamping Fee 100Kg,,998729,8.00,0.00,0.0,0.00,3480.00,,FALSE,99381000000663063,Sales,SF100,,,,,nos,435.00,Zero Rated,99381000000006152,GST0,0.00,Tax Group,,,,0.00,0.00,0.00,0.00,0.00,0.00,0.00,0.00,0.00,0.00,0.00,0.00,,goods,,,
2020-11-02,99381000001686155,EST189,sent,99381000000940651,Cochin,,,INR,1.00,entity_level,true,0.00,false,5400.00,5400.00,0.00,Looking forward for your business.,,MUDRA SCALE-KOZHIKODE,32,32-Kerala,business_gst,32BMNPR6553F1ZS,NO,NO,,,,"KP 15/153-B
Po. Pavandoor",Kozhikode,Kerala,India,673613,,Standard Template,Adjustment,"KP 15/153-B
Po. Pavandoor",Kozhikode,Kerala,India,673613,,1,,,,0.000,,,,0.00,0.000,,,,0.00,,,,,,,,Government Stamping Fee 20 KG,,998729,20.00,0.00,0.0,0.00,5400.00,,FALSE,99381000000172016,Sales,SF20,,,,,nos,270.00,Zero Rated,99381000000006152,GST0,0.00,Tax Group,,,,0.00,0.00,0.00,0.00,0.00,0.00,0.00,0.00,0.00,0.00,0.00,0.00,,goods,,,
2020-11-02,99381000001686169,EST190,sent,99381000000364094,Cochin,,,INR,1.00,entity_level,true,0.00,false,1785.00,1785.00,0.00,Looking forward for your business.,,TRAAS TECH,32,32-Kerala,business_gst,32AAPFT2527C1ZF,NO,NO,,,,Narath town,Kannur,Kerala,India,670601,,Standard Template,Adjustment,Narath town,Kannur,Kerala,India,670601,,1,,,,0.000,,,,0.00,0.000,,,,0.00,,,,,,,,Government Stamping Fee 20 KG,,998729,5.00,0.00,0.0,0.00,1350.00,,FALSE,99381000000172016,Sales,SF20,,,,,nos,270.00,Zero Rated,99381000000006152,GST0,0.00,Tax Group,,,,0.00,0.00,0.00,0.00,0.00,0.00,0.00,0.00,0.00,0.00,0.00,0.00,,goods,,,
2020-11-02,99381000001686169,EST190,sent,99381000000364094,Cochin,,,INR,1.00,entity_level,true,0.00,false,1785.00,1785.00,0.00,Looking forward for your business.,,TRAAS TECH,32,32-Kerala,business_gst,32AAPFT2527C1ZF,NO,NO,,,,Narath town,Kannur,Kerala,India,670601,,Standard Template,Adjustment,Narath town,Kannur,Kerala,India,670601,,1,,,,0.000,,,,0.00,0.000,,,,0.00,,,,,,,,Government Stamping Fee 100Kg,,998729,1.00,0.00,0.0,0.00,435.00,,FALSE,99381000000663063,Sales,SF100,,,,,nos,435.00,Zero Rated,99381000000006152,GST0,0.00,Tax Group,,,,0.00,0.00,0.00,0.00,0.00,0.00,0.00,0.00,0.00,0.00,0.00,0.00,,goods,,,
2020-11-03,99381000001686258,EST191,sent,99381000001357477,Cochin,,,INR,1.00,entity_level,true,0.00,false,1305.00,1305.00,0.00,Looking forward for your business.,,Solid Solutions,32,32-Kerala,business_gst,32EKEPS4055R1ZJ,NO,NO,,,,"37/3361-A, Malamel Building, Sahrudaya Nagar",Ernakulam,Kerala,India,682024,,Standard Template,Adjustment,"37/3361-A, Malamel Building, Sahrudaya Nagar",Ernakulam,Kerala,India,682024,,1,,,,0.000,,,,0.00,0.000,,,,0.00,,,,,,,,Government Stamping Fee 100Kg,,998729,1.00,0.00,0.0,0.00,435.00,,FALSE,99381000000663063,Sales,SF100,,,,,nos,435.00,Zero Rated,99381000000006152,GST0,0.00,Tax Group,,,,0.00,0.00,0.00,0.00,0.00,0.00,0.00,0.00,0.00,0.00,0.00,0.00,,goods,,,
2020-11-03,99381000001686258,EST191,sent,99381000001357477,Cochin,,,INR,1.00,entity_level,true,0.00,false,1305.00,1305.00,0.00,Looking forward for your business.,,Solid Solutions,32,32-Kerala,business_gst,32EKEPS4055R1ZJ,NO,NO,,,,"37/3361-A, Malamel Building, Sahrudaya Nagar",Ernakulam,Kerala,India,682024,,Standard Template,Adjustment,"37/3361-A, Malamel Building, Sahrudaya Nagar",Ernakulam,Kerala,India,682024,,1,,,,0.000,,,,0.00,0.000,,,,0.00,,,,,,,,Government Stamping Fee 50 kg,,998729,2.00,0.00,0.0,0.00,870.00,,FALSE,99381000000186036,Sales,SF50,,,,,nos,435.00,Zero Rated,99381000000006152,GST0,0.00,Tax Group,,,,0.00,0.00,0.00,0.00,0.00,0.00,0.00,0.00,0.00,0.00,0.00,0.00,,goods,,,
2020-11-03,99381000001686274,EST192,sent,99381000001357224,Cochin,,,INR,1.00,entity_level,true,0.00,false,1030.00,1030.00,0.00,Looking forward for your business.,,Expert Systems,32,32-Kerala,business_gst,32CTNPK0815K1ZO,NO,NO,,,,"XIII/425AA, Bahadurmall, Kara PO",Thrissur,Kerala,India,680671,,Standard Template,Adjustment,"XIII/425AA, Bahadurmall, Kara PO",Thrissur,Kerala,India,680671,,1,,,,0.000,,,,0.00,0.000,,,,0.00,,,,,,,,Government Stamping Fee  1000kg,,998729,2.00,0.00,0.0,0.00,1030.00,,FALSE,99381000000434666,Sales,SF1000,,,,,nos,515.00,Zero Rated,99381000000006152,GST0,0.00,Tax Group,,,,0.00,0.00,0.00,0.00,0.00,0.00,0.00,0.00,0.00,0.00,0.00,0.00,,goods,,,
2020-11-03,99381000001686312,EST193,sent,99381000000011562,Cochin,,,INR,1.00,entity_level,true,0.00,false,3240.00,3240.00,0.00,Looking forward for your business.,,THRASCO SOLUTIONS,32,32-Kerala,consumer,,NO,NO,,,,Tirur Road,Malappuram,kerala,,676102,,Standard Template,Adjustment,Tirur Road,Malappuram,kerala,,676102,,1,,,,0.000,,,,0.00,0.000,,,,0.00,,,,,,,,Government Stamping Fee 20 KG,,998729,12.00,0.00,0.0,0.00,3240.00,,FALSE,99381000000172016,Sales,SF20,,,,,nos,270.00,Zero Rated,99381000000006152,GST0,0.00,Tax Group,,,,0.00,0.00,0.00,0.00,0.00,0.00,0.00,0.00,0.00,0.00,0.00,0.00,,goods,,,
2020-11-03,99381000001686326,EST194,sent,99381000001357416,Cochin,,,INR,1.00,entity_level,true,0.00,false,17190.00,17190.00,0.00,Looking forward for your business.,,V K ELECTRONICS,32,32-Kerala,business_none,,NO,NO,,,,"V K ELECTRONICS, M P Road, Poonoor",Calicut,Kerala,India,673574,,Standard Template,Adjustment,"V K ELECTRONICS, M P Road, Poonoor",Calicut,Kerala,India,673574,,1,,,,0.000,,,,0.00,0.000,,,,0.00,,,,,,,,Government Stamping Fee 20 KG,,998729,25.00,0.00,0.0,0.00,6750.00,,FALSE,99381000000172016,Sales,SF20,,,,,nos,270.00,Zero Rated,99381000000006152,GST0,0.00,Tax Group,,,,0.00,0.00,0.00,0.00,0.00,0.00,0.00,0.00,0.00,0.00,0.00,0.00,,goods,,,
2020-11-03,99381000001686326,EST194,sent,99381000001357416,Cochin,,,INR,1.00,entity_level,true,0.00,false,17190.00,17190.00,0.00,Looking forward for your business.,,V K ELECTRONICS,32,32-Kerala,business_none,,NO,NO,,,,"V K ELECTRONICS, M P Road, Poonoor",Calicut,Kerala,India,673574,,Standard Template,Adjustment,"V K ELECTRONICS, M P Road, Poonoor",Calicut,Kerala,India,673574,,1,,,,0.000,,,,0.00,0.000,,,,0.00,,,,,,,,Government Stamping Fee 50 kg,,998729,24.00,0.00,0.0,0.00,10440.00,,FALSE,99381000000186036,Sales,SF50,,,,,nos,435.00,Zero Rated,99381000000006152,GST0,0.00,Tax Group,,,,0.00,0.00,0.00,0.00,0.00,0.00,0.00,0.00,0.00,0.00,0.00,0.00,,goods,,,
2020-11-03,99381000001690039,EST195,sent,99381000000643560,Cochin,,,INR,1.00,entity_level,true,0.00,false,4350.00,4350.00,0.00,Looking forward for your business.,,SPIDER TECHNO SOFT,32,32-Kerala,business_gst,32ANEPM6767D1Z1,NO,NO,,,,,,,India,682020,,Standard Template,Adjustment,,Ernakulam,KERALA,,  682020,,1,,,,0.000,,,,0.00,0.000,,,,0.00,,,,,,,,Government Stamping Fee 30 kg,,998729,5.00,0.00,0.0,0.00,2175.00,,FALSE,99381000000186027,Sales,SF30,,,,,nos,435.00,Zero Rated,99381000000006152,GST0,0.00,Tax Group,,,,0.00,0.00,0.00,0.00,0.00,0.00,0.00,0.00,0.00,0.00,0.00,0.00,,goods,,,
2020-11-03,99381000001690039,EST195,sent,99381000000643560,Cochin,,,INR,1.00,entity_level,true,0.00,false,4350.00,4350.00,0.00,Looking forward for your business.,,SPIDER TECHNO SOFT,32,32-Kerala,business_gst,32ANEPM6767D1Z1,NO,NO,,,,,,,India,682020,,Standard Template,Adjustment,,Ernakulam,KERALA,,  682020,,1,,,,0.000,,,,0.00,0.000,,,,0.00,,,,,,,,Government Stamping Fee 50 kg,,998729,5.00,0.00,0.0,0.00,2175.00,,FALSE,99381000000186036,Sales,SF50,,,,,nos,435.00,Zero Rated,99381000000006152,GST0,0.00,Tax Group,,,,0.00,0.00,0.00,0.00,0.00,0.00,0.00,0.00,0.00,0.00,0.00,0.00,,goods,,,
2020-11-03,99381000001690061,EST196,sent,99381000001639413,Cochin,,,INR,1.00,entity_level,true,0.00,false,8700.00,8700.00,0.00,Looking forward for your business.,,CENTRAL SCALES,32,32-Kerala,business_gst,32AAHFC7300G1ZZ,NO,NO,,,,"Dealers Of Weighing Equipments & Aluminium Anodising Materials,
Payyanagadi",Tirur,Kerala,India,676101,,Standard Template,Adjustment,"Dealers Of Weighing Equipments & Aluminium Anodising Materials,
Payyanagadi",Tirur,Kerala,India,676101,,1,,,,0.000,,,,0.00,0.000,,,,0.00,,,,,,,,Government Stamping Fee 100Kg,,998729,10.00,0.00,0.0,0.00,4350.00,,FALSE,99381000000663063,Sales,SF100,,,,,nos,435.00,Zero Rated,99381000000006152,GST0,0.00,Tax Group,,,,0.00,0.00,0.00,0.00,0.00,0.00,0.00,0.00,0.00,0.00,0.00,0.00,,goods,,,
2020-11-03,99381000001690061,EST196,sent,99381000001639413,Cochin,,,INR,1.00,entity_level,true,0.00,false,8700.00,8700.00,0.00,Looking forward for your business.,,CENTRAL SCALES,32,32-Kerala,business_gst,32AAHFC7300G1ZZ,NO,NO,,,,"Dealers Of Weighing Equipments & Aluminium Anodising Materials,
Payyanagadi",Tirur,Kerala,India,676101,,Standard Template,Adjustment,"Dealers Of Weighing Equipments & Aluminium Anodising Materials,
Payyanagadi",Tirur,Kerala,India,676101,,1,,,,0.000,,,,0.00,0.000,,,,0.00,,,,,,,,Government Stamping Fee 200Kg,,998729,2.00,0.00,0.0,0.00,870.00,,FALSE,99381000000548508,Sales,SF200,,,,,nos,435.00,Zero Rated,99381000000006152,GST0,0.00,Tax Group,,,,0.00,0.00,0.00,0.00,0.00,0.00,0.00,0.00,0.00,0.00,0.00,0.00,,goods,,,
2020-11-03,99381000001690061,EST196,sent,99381000001639413,Cochin,,,INR,1.00,entity_level,true,0.00,false,8700.00,8700.00,0.00,Looking forward for your business.,,CENTRAL SCALES,32,32-Kerala,business_gst,32AAHFC7300G1ZZ,NO,NO,,,,"Dealers Of Weighing Equipments & Aluminium Anodising Materials,
Payyanagadi",Tirur,Kerala,India,676101,,Standard Template,Adjustment,"Dealers Of Weighing Equipments & Aluminium Anodising Materials,
Payyanagadi",Tirur,Kerala,India,676101,,1,,,,0.000,,,,0.00,0.000,,,,0.00,,,,,,,,Government Stamping Fee 50 kg,,998729,8.00,0.00,0.0,0.00,3480.00,,FALSE,99381000000186036,Sales,SF50,,,,,nos,435.00,Zero Rated,99381000000006152,GST0,0.00,Tax Group,,,,0.00,0.00,0.00,0.00,0.00,0.00,0.00,0.00,0.00,0.00,0.00,0.00,,goods,,,
2020-11-03,99381000001690079,EST197,sent,99381000000017031,Cochin,,,INR,1.00,entity_level,true,0.00,false,2175.00,2175.00,0.00,Looking forward for your business.,,EXATA BALANCE CO,32,32-Kerala,business_gst,32AAGFE6830Q1Z4,NO,NO,,,,"Muringathazham Road, Vattappara",Malappuram,Kerala,India,676552,,Standard Template,Adjustment,"Muringathazham Road, Vattappara",Malappuram,Kerala,India,676552,,1,,,,0.000,,,,0.00,0.000,,,,0.00,,,,,,,,Government Stamping Fee 100Kg,,998729,5.00,0.00,0.0,0.00,2175.00,,FALSE,99381000000663063,Sales,SF100,,,,,nos,435.00,Zero Rated,99381000000006152,GST0,0.00,Tax Group,,,,0.00,0.00,0.00,0.00,0.00,0.00,0.00,0.00,0.00,0.00,0.00,0.00,,goods,,,
2020-11-03,99381000001690093,EST198,sent,99381000001357416,Cochin,,,INR,1.00,entity_level,true,0.00,false,5400.00,5400.00,0.00,Looking forward for your business.,,V K ELECTRONICS,32,32-Kerala,business_none,,NO,NO,,,,"V K ELECTRONICS, M P Road, Poonoor",Calicut,Kerala,India,673574,,Standard Template,Adjustment,"V K ELECTRONICS, M P Road, Poonoor",Calicut,Kerala,India,673574,,1,,,,0.000,,,,0.00,0.000,,,,0.00,,,,,,,,Government Stamping Fee 20 KG,,998729,20.00,0.00,0.0,0.00,5400.00,,FALSE,99381000000172016,Sales,SF20,,,,,nos,270.00,Zero Rated,99381000000006152,GST0,0.00,Tax Group,,,,0.00,0.00,0.00,0.00,0.00,0.00,0.00,0.00,0.00,0.00,0.00,0.00,,goods,,,
2020-11-04,99381000001697070,EST199,sent,99381000001697017,Cochin,,,INR,1.00,entity_level,true,0.00,false,8550.00,8550.00,0.00,Looking forward for your business.,,PERFECT SCALES-MP,32,32-Kerala,business_none,,NO,NO,,,,NEAR BUS STAND,PALAKKADU,Kerala,India,679533,,Standard Template,Adjustment,NEAR BUS STAND,PALAKKADU,Kerala,India,679533,,1,,,,0.000,,,,0.00,0.000,,,,0.00,,,,,,,,Government Stamping Fee 20 KG,,998729,22.00,0.00,0.0,0.00,5940.00,,FALSE,99381000000172016,Sales,SF20,,,,,nos,270.00,Zero Rated,99381000000006152,GST0,0.00,Tax Group,,,,0.00,0.00,0.00,0.00,0.00,0.00,0.00,0.00,0.00,0.00,0.00,0.00,,goods,,,
2020-11-04,99381000001697070,EST199,sent,99381000001697017,Cochin,,,INR,1.00,entity_level,true,0.00,false,8550.00,8550.00,0.00,Looking forward for your business.,,PERFECT SCALES-MP,32,32-Kerala,business_none,,NO,NO,,,,NEAR BUS STAND,PALAKKADU,Kerala,India,679533,,Standard Template,Adjustment,NEAR BUS STAND,PALAKKADU,Kerala,India,679533,,1,,,,0.000,,,,0.00,0.000,,,,0.00,,,,,,,,Government Stamping Fee 50 kg,,998729,4.00,0.00,0.0,0.00,1740.00,,FALSE,99381000000186036,Sales,SF50,,,,,nos,435.00,Zero Rated,99381000000006152,GST0,0.00,Tax Group,,,,0.00,0.00,0.00,0.00,0.00,0.00,0.00,0.00,0.00,0.00,0.00,0.00,,goods,,,
2020-11-04,99381000001697070,EST199,sent,99381000001697017,Cochin,,,INR,1.00,entity_level,true,0.00,false,8550.00,8550.00,0.00,Looking forward for your business.,,PERFECT SCALES-MP,32,32-Kerala,business_none,,NO,NO,,,,NEAR BUS STAND,PALAKKADU,Kerala,India,679533,,Standard Template,Adjustment,NEAR BUS STAND,PALAKKADU,Kerala,India,679533,,1,,,,0.000,,,,0.00,0.000,,,,0.00,,,,,,,,Government Stamping Fee 100Kg,,998729,2.00,0.00,0.0,0.00,870.00,,FALSE,99381000000663063,Sales,SF100,,,,,nos,435.00,Zero Rated,99381000000006152,GST0,0.00,Tax Group,,,,0.00,0.00,0.00,0.00,0.00,0.00,0.00,0.00,0.00,0.00,0.00,0.00,,goods,,,
2020-11-04,99381000001697152,EST200,sent,99381000000011949,Cochin,,,INR,1.00,entity_level,true,0.00,false,4050.00,4050.00,0.00,Looking forward for your business.,,PRECISE INDIA,32,32-Kerala,business_none,,NO,NO,,,,"DOOR NO. 33/1235 A, KURIKKAL PLAZA",Malapuram,Kerala,India,676121,,Standard Template,Adjustment,"DOOR NO. 33/1235 A, KURIKKAL PLAZA",Malapuram,Kerala,India,676121,,1,,,,0.000,,,,0.00,0.000,,,,0.00,,,,,,,,Government Stamping Fee 20 KG,,998729,15.00,0.00,0.0,0.00,4050.00,,FALSE,99381000000172016,Sales,SF20,,,,,nos,270.00,Zero Rated,99381000000006152,GST0,0.00,Tax Group,,,,0.00,0.00,0.00,0.00,0.00,0.00,0.00,0.00,0.00,0.00,0.00,0.00,,goods,,,
2020-11-04,99381000001697166,EST201,sent,99381000005496103,Cochin,,,INR,1.00,entity_level,true,0.00,false,10875.00,10875.00,0.00,Looking forward for your business.,,MALABAR SCALES- Thirssur,32,32-Kerala,business_gst,32AAWFM8788R1ZT,NO,NO,,,,"Garden Complex,2nd floor","Kodugallur,Thrissur",Kerala,,680664,,Standard Template,Adjustment,"Garden Complex,2nd floor","Kodugallur,Thrissur",Kerala,,680664,,1,,,,0.000,,,,0.00,0.000,,,,0.00,,,,,,,,Government Stamping Fee 50 kg,,998729,25.00,0.00,0.0,0.00,10875.00,,FALSE,99381000000186036,Sales,SF50,,,,,nos,435.00,Zero Rated,99381000000006152,GST0,0.00,Tax Group,,,,0.00,0.00,0.00,0.00,0.00,0.00,0.00,0.00,0.00,0.00,0.00,0.00,,goods,,,
2020-11-04,99381000001704001,EST202,sent,99381000000151001,Cochin,,,INR,1.00,entity_level,true,0.00,false,14100.00,14100.00,0.00,Looking forward for your business.,,Dynamic Enterprises,32,32-Kerala,business_gst,32ATJPS7075B1ZN,NO,NO,,,,XIV/217C SUNRISE BUILDING,THRISSUR,Kerala,India,680121,,Standard Template,Adjustment,"YELLOW SCALES
Kumbalam Jn.
Kumbalam",Ernakulam,Kerala,India,682506,,1,,,,0.000,,,,0.00,0.000,,,,0.00,,,,,,,,Government Stamping Fee 20 KG,,998729,20.00,0.00,0.0,0.00,5400.00,,FALSE,99381000000172016,Sales,SF20,,,,,nos,270.00,Zero Rated,99381000000006152,GST0,0.00,Tax Group,,,,0.00,0.00,0.00,0.00,0.00,0.00,0.00,0.00,0.00,0.00,0.00,0.00,,goods,,,
2020-11-04,99381000001704001,EST202,sent,99381000000151001,Cochin,,,INR,1.00,entity_level,true,0.00,false,14100.00,14100.00,0.00,Looking forward for your business.,,Dynamic Enterprises,32,32-Kerala,business_gst,32ATJPS7075B1ZN,NO,NO,,,,XIV/217C SUNRISE BUILDING,THRISSUR,Kerala,India,680121,,Standard Template,Adjustment,"YELLOW SCALES
Kumbalam Jn.
Kumbalam",Ernakulam,Kerala,India,682506,,1,,,,0.000,,,,0.00,0.000,,,,0.00,,,,,,,,Government Stamping Fee 30 kg,,998729,20.00,0.00,0.0,0.00,8700.00,,FALSE,99381000000186027,Sales,SF30,,,,,nos,435.00,Zero Rated,99381000000006152,GST0,0.00,Tax Group,,,,0.00,0.00,0.00,0.00,0.00,0.00,0.00,0.00,0.00,0.00,0.00,0.00,,goods,,,
2020-11-05,99381000001702521,EST203,sent,99381000005496103,Cochin,,,INR,1.00,entity_level,true,0.00,false,13050.00,13050.00,0.00,Looking forward for your business.,,MALABAR SCALES- Thirssur,32,32-Kerala,business_gst,32AAWFM8788R1ZT,NO,NO,,,,"Garden Complex,2nd floor","Kodugallur,Thrissur",Kerala,,680664,,Standard Template,Adjustment,"Garden Complex,2nd floor","Kodugallur,Thrissur",Kerala,,680664,,1,,,,0.000,,,,0.00,0.000,,,,0.00,,,,,,,,Government Stamping Fee 50 kg,Serial No:TK25429 To TK25453,998729,25.00,0.00,0.0,0.00,10875.00,,FALSE,99381000000186036,Sales,SF50,,,,,nos,435.00,Zero Rated,99381000000006152,GST0,0.00,Tax Group,,,,0.00,0.00,0.00,0.00,0.00,0.00,0.00,0.00,0.00,0.00,0.00,0.00,,goods,,,
2020-11-05,99381000001702521,EST203,sent,99381000005496103,Cochin,,,INR,1.00,entity_level,true,0.00,false,13050.00,13050.00,0.00,Looking forward for your business.,,MALABAR SCALES- Thirssur,32,32-Kerala,business_gst,32AAWFM8788R1ZT,NO,NO,,,,"Garden Complex,2nd floor","Kodugallur,Thrissur",Kerala,,680664,,Standard Template,Adjustment,"Garden Complex,2nd floor","Kodugallur,Thrissur",Kerala,,680664,,1,,,,0.000,,,,0.00,0.000,,,,0.00,,,,,,,,Government Stamping Fee 100Kg,Serial No:TK25667 To TK25671,998729,5.00,0.00,0.0,0.00,2175.00,,FALSE,99381000000663063,Sales,SF100,,,,,nos,435.00,Zero Rated,99381000000006152,GST0,0.00,Tax Group,,,,0.00,0.00,0.00,0.00,0.00,0.00,0.00,0.00,0.00,0.00,0.00,0.00,,goods,,,
2020-11-05,99381000001702537,EST204,sent,99381000000112170,Cochin,,,INR,1.00,entity_level,true,0.00,false,435.00,435.00,0.00,Looking forward for your business.,,MEEZAN ELECTRONIC SCALES PRIVATE LIMITED,32,32-Kerala,business_gst,32AAECM1277C1ZY,NO,NO,,,,,,Kerala,India,,,Standard Template,Adjustment,"8/308A Meezan Tower 
Calicut Road , Manjeri",MANJERI,Kerala,India,676121,,1,,,,0.000,,,,0.00,0.000,,,,0.00,,,,,,,,Government Stamping Fee 200Kg,,998729,1.00,0.00,0.0,0.00,435.00,,FALSE,99381000000548508,Sales,SF200,,,,,nos,435.00,Zero Rated,99381000000006152,GST0,0.00,Tax Group,,,,0.00,0.00,0.00,0.00,0.00,0.00,0.00,0.00,0.00,0.00,0.00,0.00,,goods,,,
2020-11-05,99381000001702626,EST205,sent,99381000001702591,Cochin,,,INR,1.00,entity_level,true,0.00,false,7800.00,7800.00,0.00,Looking forward for your business.,,BEETA SCALES,32,32-Kerala,business_gst,32BTLPM0140A1ZG,NO,NO,,,,"Beeta scales,  V.M Building, Near K.S.E.B Office",Wayanad,Kerala,India,673591,,Standard Template,Adjustment,"Beeta scales,  V.M Building, Near K.S.E.B Office",Wayanad,Kerala,India,673591,,1,,,,0.000,,,,0.00,0.000,,,,0.00,,,,,,,,Government Stamping Fee 20 KG,,998729,16.00,0.00,0.0,0.00,4320.00,,FALSE,99381000000172016,Sales,SF20,,,,,nos,270.00,Zero Rated,99381000000006152,GST0,0.00,Tax Group,,,,0.00,0.00,0.00,0.00,0.00,0.00,0.00,0.00,0.00,0.00,0.00,0.00,,goods,,,
2020-11-05,99381000001702626,EST205,sent,99381000001702591,Cochin,,,INR,1.00,entity_level,true,0.00,false,7800.00,7800.00,0.00,Looking forward for your business.,,BEETA SCALES,32,32-Kerala,business_gst,32BTLPM0140A1ZG,NO,NO,,,,"Beeta scales,  V.M Building, Near K.S.E.B Office",Wayanad,Kerala,India,673591,,Standard Template,Adjustment,"Beeta scales,  V.M Building, Near K.S.E.B Office",Wayanad,Kerala,India,673591,,1,,,,0.000,,,,0.00,0.000,,,,0.00,,,,,,,,Government Stamping Fee 50 kg,,998729,8.00,0.00,0.0,0.00,3480.00,,FALSE,99381000000186036,Sales,SF50,,,,,nos,435.00,Zero Rated,99381000000006152,GST0,0.00,Tax Group,,,,0.00,0.00,0.00,0.00,0.00,0.00,0.00,0.00,0.00,0.00,0.00,0.00,,goods,,,
2020-11-05,99381000001702954,EST206,sent,99381000000014557,Cochin,,,INR,1.00,entity_level,true,0.00,false,4050.00,4050.00,0.00,Looking forward for your business.,,LULU SCALES CALICUT,32,32-Kerala,business_gst,32BFFPR1800G1ZX,NO,NO,,,,"5/422, Ershadul Building",Kozhikode,Kerala,India,673616,,Standard Template,Adjustment,"5/422, Ershadul Building",Kozhikode,Kerala,India,673616,,1,,,,0.000,,,,0.00,0.000,,,,0.00,,,,,,,,Government Stamping Fee 20 KG,,998729,15.00,0.00,0.0,0.00,4050.00,,FALSE,99381000000172016,Sales,SF20,,,,,nos,270.00,Zero Rated,99381000000006152,GST0,0.00,Tax Group,,,,0.00,0.00,0.00,0.00,0.00,0.00,0.00,0.00,0.00,0.00,0.00,0.00,,goods,,,
2020-11-06,99381000001704305,EST207,sent,99381000000011046,Cochin,,,INR,1.00,entity_level,true,0.00,false,1080.00,1080.00,0.00,Looking forward for your business.,,GLOBAL DIGITAL SYSTEM,32,32-Kerala,consumer,,NO,NO,,,,Baris Complex,"Vengara, Malappuram",Kerala,,676304,,Standard Template,Adjustment,Baris Complex,"Vengara, Malappuram",Kerala,,676304,,1,,,,0.000,,,,0.00,0.000,,,,0.00,,,,,,,,Government Stamping Fee 20 KG,,998729,4.00,0.00,0.0,0.00,1080.00,,FALSE,99381000000172016,Sales,SF20,,,,,nos,270.00,Zero Rated,99381000000006152,GST0,0.00,Tax Group,,,,0.00,0.00,0.00,0.00,0.00,0.00,0.00,0.00,0.00,0.00,0.00,0.00,,goods,,,
2020-11-06,99381000001710454,EST208,sent,99381000001357095,Cochin,,,INR,1.00,entity_level,true,0.00,false,3215.00,3215.00,0.00,Looking forward for your business.,,Chipdot Enterprises,32,32-Kerala,business_gst,32DOVPK2733G1ZT,NO,NO,,,,"Chipdot Enterprises,3/5,Asma Tower",Malappuram,ker,India,676503,,Standard Template,Adjustment,"Chipdot Enterprises,3/5,Asma Tower",Malappuram,ker,India,676503,,1,,,,0.000,,,,0.00,0.000,,,,0.00,,,,,,,,Government Stamping Fee 300kg,,998729,1.00,0.00,0.0,0.00,515.00,,FALSE,99381000000548525,Sales,SF300,,,,,nos,515.00,Zero Rated,99381000000006152,GST0,0.00,Tax Group,,,,0.00,0.00,0.00,0.00,0.00,0.00,0.00,0.00,0.00,0.00,0.00,0.00,,goods,,,
2020-11-06,99381000001710454,EST208,sent,99381000001357095,Cochin,,,INR,1.00,entity_level,true,0.00,false,3215.00,3215.00,0.00,Looking forward for your business.,,Chipdot Enterprises,32,32-Kerala,business_gst,32DOVPK2733G1ZT,NO,NO,,,,"Chipdot Enterprises,3/5,Asma Tower",Malappuram,ker,India,676503,,Standard Template,Adjustment,"Chipdot Enterprises,3/5,Asma Tower",Malappuram,ker,India,676503,,1,,,,0.000,,,,0.00,0.000,,,,0.00,,,,,,,,Government Stamping Fee 20 KG,,998729,10.00,0.00,0.0,0.00,2700.00,,FALSE,99381000000172016,Sales,SF20,,,,,nos,270.00,Zero Rated,99381000000006152,GST0,0.00,Tax Group,,,,0.00,0.00,0.00,0.00,0.00,0.00,0.00,0.00,0.00,0.00,0.00,0.00,,goods,,,
2020-11-06,99381000001712009,EST209,sent,99381000001702591,Cochin,,,INR,1.00,entity_level,true,0.00,false,4735.00,4735.00,0.00,Looking forward for your business.,,BEETA SCALES,32,32-Kerala,business_gst,32BTLPM0140A1ZG,NO,NO,,,,"Beeta scales,  V.M Building, Near K.S.E.B Office",Wayanad,Kerala,India,673591,,Standard Template,Adjustment,"Beeta scales,  V.M Building, Near K.S.E.B Office",Wayanad,Kerala,India,673591,,1,,,,0.000,,,,0.00,0.000,,,,0.00,,,,,,,,Government Stamping Fee 20 KG,,998729,16.00,0.00,0.0,0.00,4320.00,,FALSE,99381000000172016,Sales,SF20,,,,,nos,270.00,Zero Rated,99381000000006152,GST0,0.00,Tax Group,,,,0.00,0.00,0.00,0.00,0.00,0.00,0.00,0.00,0.00,0.00,0.00,0.00,,goods,,,
2020-11-06,99381000001712009,EST209,sent,99381000001702591,Cochin,,,INR,1.00,entity_level,true,0.00,false,4735.00,4735.00,0.00,Looking forward for your business.,,BEETA SCALES,32,32-Kerala,business_gst,32BTLPM0140A1ZG,NO,NO,,,,"Beeta scales,  V.M Building, Near K.S.E.B Office",Wayanad,Kerala,India,673591,,Standard Template,Adjustment,"Beeta scales,  V.M Building, Near K.S.E.B Office",Wayanad,Kerala,India,673591,,1,,,,0.000,,,,0.00,0.000,,,,0.00,,,,,,,,Government Stamping Fee 300kg,,998729,1.00,0.00,0.0,0.00,415.00,,FALSE,99381000000548525,Sales,SF300,,,,,nos,415.00,Zero Rated,99381000000006152,GST0,0.00,Tax Group,,,,0.00,0.00,0.00,0.00,0.00,0.00,0.00,0.00,0.00,0.00,0.00,0.00,,goods,,,
2020-11-06,99381000001712033,EST210,sent,99381000000112170,Cochin,,,INR,1.00,entity_level,true,0.00,false,270.00,270.00,0.00,Looking forward for your business.,,MEEZAN ELECTRONIC SCALES PRIVATE LIMITED,32,32-Kerala,business_gst,32AAECM1277C1ZY,NO,NO,,,,"8/308A Meezan Tower 
Calicut Road , Manjeri",MANJERI,Kerala,India,676121,,Standard Template,Adjustment,"8/308A Meezan Tower 
Calicut Road , Manjeri",MANJERI,Kerala,India,676121,,1,,,,0.000,,,,0.00,0.000,,,,0.00,,,,,,,,Government Stamping Fee 20 KG,Serial No:TK25382,998729,1.00,0.00,0.0,0.00,270.00,,FALSE,99381000000172016,Sales,SF20,,,,,nos,270.00,Zero Rated,99381000000006152,GST0,0.00,Tax Group,,,,0.00,0.00,0.00,0.00,0.00,0.00,0.00,0.00,0.00,0.00,0.00,0.00,,goods,,,
2020-11-06,99381000001713077,EST211,sent,99381000000084733,Cochin,,,INR,1.00,entity_level,true,0.00,false,8400.00,8400.00,0.00,Looking forward for your business.,,ELMASS SYSTEMS & SERVICES,32,32-Kerala,business_gst,32AACFE8918M1Z7,NO,NO,,,,"70/1955 /old 44/2214A5, Martin Eva Holy Tuesday Shopping Mall,
Banerji Road, Mathrubhoomi Jn.",Ernakulam,Kerala,India,682017,,Standard Template,Adjustment,"Souhruda Lane
Lissie Hospital Road",Ernakulam,Kerala,India,682018,,1,,,,0.000,,,,0.00,0.000,,,,0.00,,,,,,,,Government Stamping Fee 30 kg,,998729,10.00,0.00,0.0,0.00,4350.00,,FALSE,99381000000186027,Sales,SF30,,,,,nos,435.00,Zero Rated,99381000000006152,GST0,0.00,Tax Group,,,,0.00,0.00,0.00,0.00,0.00,0.00,0.00,0.00,0.00,0.00,0.00,0.00,,goods,,,
2020-11-06,99381000001713077,EST211,sent,99381000000084733,Cochin,,,INR,1.00,entity_level,true,0.00,false,8400.00,8400.00,0.00,Looking forward for your business.,,ELMASS SYSTEMS & SERVICES,32,32-Kerala,business_gst,32AACFE8918M1Z7,NO,NO,,,,"70/1955 /old 44/2214A5, Martin Eva Holy Tuesday Shopping Mall,
Banerji Road, Mathrubhoomi Jn.",Ernakulam,Kerala,India,682017,,Standard Template,Adjustment,"Souhruda Lane
Lissie Hospital Road",Ernakulam,Kerala,India,682018,,1,,,,0.000,,,,0.00,0.000,,,,0.00,,,,,,,,Government Stamping Fee 20 KG,,998729,15.00,0.00,0.0,0.00,4050.00,,FALSE,99381000000172016,Sales,SF20,,,,,nos,270.00,Zero Rated,99381000000006152,GST0,0.00,Tax Group,,,,0.00,0.00,0.00,0.00,0.00,0.00,0.00,0.00,0.00,0.00,0.00,0.00,,goods,,,
2020-11-06,99381000001712090,EST213,sent,99381000000112170,Cochin,,,INR,1.00,entity_level,true,0.00,false,17400.00,17400.00,0.00,Looking forward for your business.,,MEEZAN ELECTRONIC SCALES PRIVATE LIMITED,32,32-Kerala,business_gst,32AAECM1277C1ZY,NO,NO,,,,"8/308A Meezan Tower 
Calicut Road , Manjeri",MANJERI,Kerala,India,676121,,Standard Template,Adjustment,"8/308A Meezan Tower 
Calicut Road , Manjeri",MANJERI,Kerala,India,676121,,1,,,,0.000,,,,0.00,0.000,,,,0.00,,,,,,,,Government Stamping Fee 30 kg,Serial No:TK26524 & TK26525 (2 plates only),998729,10.00,0.00,0.0,0.00,4350.00,,FALSE,99381000000186027,Sales,SF30,,,,,nos,435.00,Zero Rated,99381000000006152,GST0,0.00,Tax Group,,,,0.00,0.00,0.00,0.00,0.00,0.00,0.00,0.00,0.00,0.00,0.00,0.00,,goods,,,
2020-11-06,99381000001712090,EST213,sent,99381000000112170,Cochin,,,INR,1.00,entity_level,true,0.00,false,17400.00,17400.00,0.00,Looking forward for your business.,,MEEZAN ELECTRONIC SCALES PRIVATE LIMITED,32,32-Kerala,business_gst,32AAECM1277C1ZY,NO,NO,,,,"8/308A Meezan Tower 
Calicut Road , Manjeri",MANJERI,Kerala,India,676121,,Standard Template,Adjustment,"8/308A Meezan Tower 
Calicut Road , Manjeri",MANJERI,Kerala,India,676121,,1,,,,0.000,,,,0.00,0.000,,,,0.00,,,,,,,,Government Stamping Fee 50 kg,,998729,20.00,0.00,0.0,0.00,8700.00,,FALSE,99381000000186036,Sales,SF50,,,,,nos,435.00,Zero Rated,99381000000006152,GST0,0.00,Tax Group,,,,0.00,0.00,0.00,0.00,0.00,0.00,0.00,0.00,0.00,0.00,0.00,0.00,,goods,,,
2020-11-06,99381000001712090,EST213,sent,99381000000112170,Cochin,,,INR,1.00,entity_level,true,0.00,false,17400.00,17400.00,0.00,Looking forward for your business.,,MEEZAN ELECTRONIC SCALES PRIVATE LIMITED,32,32-Kerala,business_gst,32AAECM1277C1ZY,NO,NO,,,,"8/308A Meezan Tower 
Calicut Road , Manjeri",MANJERI,Kerala,India,676121,,Standard Template,Adjustment,"8/308A Meezan Tower 
Calicut Road , Manjeri",MANJERI,Kerala,India,676121,,1,,,,0.000,,,,0.00,0.000,,,,0.00,,,,,,,,Government Stamping Fee 30 kg,,998729,10.00,0.00,0.0,0.00,4350.00,,FALSE,99381000000186027,Sales,SF30,,,,,nos,435.00,Zero Rated,99381000000006152,GST0,0.00,Tax Group,,,,0.00,0.00,0.00,0.00,0.00,0.00,0.00,0.00,0.00,0.00,0.00,0.00,,goods,,,
2020-11-07,99381000001717134,EST214,sent,99381000001357095,Cochin,,,INR,1.00,entity_level,true,0.00,false,1350.00,1350.00,0.00,Looking forward for your business.,,Chipdot Enterprises,32,32-Kerala,business_gst,32DOVPK2733G1ZT,NO,NO,,,,"Chipdot Enterprises,3/5,Asma Tower",Malappuram,ker,India,676503,,Standard Template,Adjustment,"Chipdot Enterprises,3/5,Asma Tower",Malappuram,ker,India,676503,,1,,,,0.000,,,,0.00,0.000,,,,0.00,,,,,,,,Government Stamping Fee 20 KG,,998729,5.00,0.00,0.0,0.00,1350.00,,FALSE,99381000000172016,Sales,SF20,,,,,nos,270.00,Zero Rated,99381000000006152,GST0,0.00,Tax Group,,,,0.00,0.00,0.00,0.00,0.00,0.00,0.00,0.00,0.00,0.00,0.00,0.00,,goods,,,
2020-11-07,99381000001717235,EST215,sent,99381000001717202,Cochin,,,INR,1.00,entity_level,true,0.00,false,3060.00,3216.60,0.00,Looking forward for your business.,,SARA SCALES,32,32-Kerala,business_gst,32CLLPS3430A1ZI,NO,NO,,,Vijayakumar (inside kerala),KALAYAPURAM,KOLLAM,Kerala,India,691506,,Standard Template,Adjustment,KALAYAPURAM,KOLLAM,Kerala,India,691506,,1,,,,0.000,,,,0.00,0.000,,,,0.00,,,,,,,,Government Stamping Fee 20 KG,,998729,5.00,0.00,0.0,0.00,850.00,,FALSE,99381000000172016,Sales,SF20,,,,,nos,170.00,Zero Rated,99381000000006152,GST0,0.00,Tax Group,,,,0.00,0.00,0.00,0.00,0.00,0.00,0.00,0.00,0.00,0.00,0.00,0.00,,goods,,,
2020-11-07,99381000001717235,EST215,sent,99381000001717202,Cochin,,,INR,1.00,entity_level,true,0.00,false,3060.00,3216.60,0.00,Looking forward for your business.,,SARA SCALES,32,32-Kerala,business_gst,32CLLPS3430A1ZI,NO,NO,,,Vijayakumar (inside kerala),KALAYAPURAM,KOLLAM,Kerala,India,691506,,Standard Template,Adjustment,KALAYAPURAM,KOLLAM,Kerala,India,691506,,1,,,,0.000,,,,0.00,0.000,,,,0.00,,,,,,,,Government Stamping Fee 50 kg,,998729,4.00,0.00,0.0,0.00,1340.00,,FALSE,99381000000186036,Sales,SF50,,,,,nos,335.00,Zero Rated,99381000000006152,GST0,0.00,Tax Group,,,,0.00,0.00,0.00,0.00,0.00,0.00,0.00,0.00,0.00,0.00,0.00,0.00,,goods,,,
2020-11-07,99381000001717235,EST215,sent,99381000001717202,Cochin,,,INR,1.00,entity_level,true,0.00,false,3060.00,3216.60,0.00,Looking forward for your business.,,SARA SCALES,32,32-Kerala,business_gst,32CLLPS3430A1ZI,NO,NO,,,Vijayakumar (inside kerala),KALAYAPURAM,KOLLAM,Kerala,India,691506,,Standard Template,Adjustment,KALAYAPURAM,KOLLAM,Kerala,India,691506,,1,,,,0.000,,,,0.00,0.000,,,,0.00,,,,,,,,Government Stamping Fee / Expense for 100Kg,,998729,2.00,0.00,0.0,156.60,870.00,,FALSE,99381000000663063,Sales,SF100,,,,,nos,435.00,Taxable,99381000000006208,GST18,18.00,Tax Group,,,,9.00,9.00,0.00,0.00,78.30,78.30,0.00,0.00,78.30,78.30,0.00,0.00,,goods,,,
2020-11-09,99381000001717338,EST216,sent,99381000000151001,Cochin,,,INR,1.00,entity_level,true,0.00,false,4690.00,4690.00,0.00,Looking forward for your business.,,Dynamic Enterprises,32,32-Kerala,business_gst,32ATJPS7075B1ZN,NO,NO,,,,XIV/217C SUNRISE BUILDING,THRISSUR,Kerala,India,680121,,Standard Template,Adjustment,XIV/217C SUNRISE BUILDING,THRISSUR,Kerala,India,680121,,1,,,,0.000,,,,0.00,0.000,,,,0.00,,,,,,,,Government Stamping Fee 30 kg,Serial No:TK26463 To TK26476,998729,14.00,0.00,0.0,0.00,4690.00,,FALSE,99381000000186027,Sales,SF30,,,,,nos,335.00,Zero Rated,99381000000006152,GST0,0.00,Tax Group,,,,0.00,0.00,0.00,0.00,0.00,0.00,0.00,0.00,0.00,0.00,0.00,0.00,,goods,,,
2020-11-09,99381000001717362,EST217,sent,99381000001357477,Cochin,,,INR,1.00,entity_level,true,0.00,false,335.00,335.00,0.00,Looking forward for your business.,,Solid Solutions,32,32-Kerala,business_gst,32EKEPS4055R1ZJ,NO,NO,,,,"37/3361-A, Malamel Building, Sahrudaya Nagar",Ernakulam,Kerala,India,682024,,Standard Template,Adjustment,"37/3361-A, Malamel Building, Sahrudaya Nagar",Ernakulam,Kerala,India,682024,,1,,,,0.000,,,,0.00,0.000,,,,0.00,,,,,,,,Government Stamping Fee 30 kg,,998729,1.00,0.00,0.0,0.00,335.00,,FALSE,99381000000186027,Sales,SF30,,,,,nos,335.00,Zero Rated,99381000000006152,GST0,0.00,Tax Group,,,,0.00,0.00,0.00,0.00,0.00,0.00,0.00,0.00,0.00,0.00,0.00,0.00,,goods,,,
2020-11-10,99381000001724072,EST218,sent,99381000001724027,Cochin,,,INR,1.00,entity_level,true,0.00,false,4380.00,4380.00,0.00,Looking forward for your business.,,BHARAT SCALES-CHANGANACHERY,32,32-Kerala,business_gst,32BRNPP0965Q1Z1,NO,NO,,,,VEGETABLE MARKET ROAD,CHANGANACHERRY,Kerala,India,686101,,Standard Template,Adjustment,VEGETABLE MARKET ROAD,CHANGANACHERRY,Kerala,India,686101,,1,,,,0.000,,,,0.00,0.000,,,,0.00,,,,,,,,Government Stamping Fee 20 KG,,998729,10.00,0.00,0.0,0.00,1700.00,,FALSE,99381000000172016,Sales,SF20,,,,,nos,170.00,Zero Rated,99381000000006152,GST0,0.00,Tax Group,,,,0.00,0.00,0.00,0.00,0.00,0.00,0.00,0.00,0.00,0.00,0.00,0.00,,goods,,,
2020-11-10,99381000001724072,EST218,sent,99381000001724027,Cochin,,,INR,1.00,entity_level,true,0.00,false,4380.00,4380.00,0.00,Looking forward for your business.,,BHARAT SCALES-CHANGANACHERY,32,32-Kerala,business_gst,32BRNPP0965Q1Z1,NO,NO,,,,VEGETABLE MARKET ROAD,CHANGANACHERRY,Kerala,India,686101,,Standard Template,Adjustment,VEGETABLE MARKET ROAD,CHANGANACHERRY,Kerala,India,686101,,1,,,,0.000,,,,0.00,0.000,,,,0.00,,,,,,,,Government Stamping Fee 50 kg,,998729,8.00,0.00,0.0,0.00,2680.00,,FALSE,99381000000186036,Sales,SF50,,,,,nos,335.00,Zero Rated,99381000000006152,GST0,0.00,Tax Group,,,,0.00,0.00,0.00,0.00,0.00,0.00,0.00,0.00,0.00,0.00,0.00,0.00,,goods,,,
2020-11-10,99381000001725042,EST220,sent,99381000001725003,Cochin,,,INR,1.00,entity_level,true,0.00,false,4380.00,4380.00,0.00,Looking forward for your business.,,MATHA AGENCIES,32,32-Kerala,business_gst,32EXQPS7423L1ZR,NO,NO,,,,"CHAMAKKALA BUILDINGS, NO.VII/357,B8 TO B9",KURUPPANTHARA,Kerala,India,686603,,Standard Template,Adjustment,"CHAMAKKALA BUILDINGS, NO.VII/357,B8 TO B9",KURUPPANTHARA,Kerala,India,686603,,1,,,,0.000,,,,0.00,0.000,,,,0.00,,,,,,,,Government Stamping Fee 20 KG,,998729,10.00,0.00,0.0,0.00,1700.00,,FALSE,99381000000172016,Sales,SF20,,,,,nos,170.00,Zero Rated,99381000000006152,GST0,0.00,Tax Group,,,,0.00,0.00,0.00,0.00,0.00,0.00,0.00,0.00,0.00,0.00,0.00,0.00,,goods,,,
2020-11-10,99381000001725042,EST220,sent,99381000001725003,Cochin,,,INR,1.00,entity_level,true,0.00,false,4380.00,4380.00,0.00,Looking forward for your business.,,MATHA AGENCIES,32,32-Kerala,business_gst,32EXQPS7423L1ZR,NO,NO,,,,"CHAMAKKALA BUILDINGS, NO.VII/357,B8 TO B9",KURUPPANTHARA,Kerala,India,686603,,Standard Template,Adjustment,"CHAMAKKALA BUILDINGS, NO.VII/357,B8 TO B9",KURUPPANTHARA,Kerala,India,686603,,1,,,,0.000,,,,0.00,0.000,,,,0.00,,,,,,,,Government Stamping Fee 50 kg,,998729,8.00,0.00,0.0,0.00,2680.00,,FALSE,99381000000186036,Sales,SF50,,,,,nos,335.00,Zero Rated,99381000000006152,GST0,0.00,Tax Group,,,,0.00,0.00,0.00,0.00,0.00,0.00,0.00,0.00,0.00,0.00,0.00,0.00,,goods,,,
2020-11-10,99381000001727023,EST221,sent,99381000001357416,Cochin,,,INR,1.00,entity_level,true,0.00,false,4250.00,4250.00,0.00,Looking forward for your business.,,V K ELECTRONICS,32,32-Kerala,business_none,,NO,NO,,,,"V K ELECTRONICS, M P Road, Poonoor",Calicut,Kerala,India,673574,,Standard Template,Adjustment,"V K ELECTRONICS, M P Road, Poonoor",Calicut,Kerala,India,673574,,1,,,,0.000,,,,0.00,0.000,,,,0.00,,,,,,,,Government Stamping Fee 20 KG,Serial No:TK26379 To  TK26397 (STAMPED PLATES - 19Nos.),998729,25.00,0.00,0.0,0.00,4250.00,,FALSE,99381000000172016,Sales,SF20,,,,,nos,170.00,Zero Rated,99381000000006152,GST0,0.00,Tax Group,,,,0.00,0.00,0.00,0.00,0.00,0.00,0.00,0.00,0.00,0.00,0.00,0.00,,goods,,,
2020-11-10,99381000001727037,EST222,sent,99381000001357095,Cochin,,,INR,1.00,entity_level,true,0.00,false,2175.00,2175.00,0.00,Looking forward for your business.,,Chipdot Enterprises,32,32-Kerala,business_gst,32DOVPK2733G1ZT,NO,NO,,,,"Chipdot Enterprises,3/5,Asma Tower",Malappuram,ker,India,676503,,Standard Template,Adjustment,"Chipdot Enterprises,3/5,Asma Tower",Malappuram,ker,India,676503,,1,,,,0.000,,,,0.00,0.000,,,,0.00,,,,,,,,Government Stamping Fee 30 kg,,998729,5.00,0.00,0.0,0.00,2175.00,,FALSE,99381000000186027,Sales,SF30,,,,,nos,435.00,Zero Rated,99381000000006152,GST0,0.00,Tax Group,,,,0.00,0.00,0.00,0.00,0.00,0.00,0.00,0.00,0.00,0.00,0.00,0.00,,goods,,,
2020-11-10,99381000001727121,EST223,sent,99381000000014832,Cochin,,,INR,1.00,entity_level,true,0.00,false,4020.00,4020.00,0.00,Looking forward for your business.,,MICRO WEIGHING SYSTEMS,32,32-Kerala,business_gst,32BIRPS9746P1Z1,NO,NO,,,,Main Road Mudavoorpara,Trivandrum,Kerala,India,695501,,Standard Template,Adjustment,Main Road Mudavoorpara,Trivandrum,Kerala,India,695501,,1,,,,0.000,,,,0.00,0.000,,,,0.00,,,,,,,,Government Stamping Fee 50 kg,,998729,12.00,0.00,0.0,0.00,4020.00,,FALSE,99381000000186036,Sales,SF50,,,,,nos,335.00,Zero Rated,99381000000006152,GST0,0.00,Tax Group,,,,0.00,0.00,0.00,0.00,0.00,0.00,0.00,0.00,0.00,0.00,0.00,0.00,,goods,,,
2020-11-11,99381000001732075,EST224,sent,99381000000601025,Cochin,,,INR,1.00,entity_level,true,0.00,false,5220.00,5220.00,0.00,Looking forward for your business.,,E WAY SOLUTIONS,32,32-Kerala,business_gst,32BDLPA5497A1ZV,NO,NO,,,,"Door number 26/755,756. Radha Devi building
 kavuvattam ,cherpulassery",Palakkad,Kerala,India,679503,,Standard Template,Adjustment,"APS Kulapully
Shornoor Branch",Palakkad,Kerala,India,679503,,1,,,,0.000,,,,0.00,0.000,,,,0.00,,,,,,,,Government Stamping Fee 100Kg,,998729,4.00,0.00,0.0,0.00,1740.00,,FALSE,99381000000663063,Sales,SF100,,,,,nos,435.00,Zero Rated,99381000000006152,GST0,0.00,Tax Group,,,,0.00,0.00,0.00,0.00,0.00,0.00,0.00,0.00,0.00,0.00,0.00,0.00,,goods,,,
2020-11-11,99381000001732075,EST224,sent,99381000000601025,Cochin,,,INR,1.00,entity_level,true,0.00,false,5220.00,5220.00,0.00,Looking forward for your business.,,E WAY SOLUTIONS,32,32-Kerala,business_gst,32BDLPA5497A1ZV,NO,NO,,,,"Door number 26/755,756. Radha Devi building
 kavuvattam ,cherpulassery",Palakkad,Kerala,India,679503,,Standard Template,Adjustment,"APS Kulapully
Shornoor Branch",Palakkad,Kerala,India,679503,,1,,,,0.000,,,,0.00,0.000,,,,0.00,,,,,,,,Government Stamping Fee 50 kg,,998729,8.00,0.00,0.0,0.00,3480.00,,FALSE,99381000000186036,Sales,SF50,,,,,nos,435.00,Zero Rated,99381000000006152,GST0,0.00,Tax Group,,,,0.00,0.00,0.00,0.00,0.00,0.00,0.00,0.00,0.00,0.00,0.00,0.00,,goods,,,
2020-11-11,99381000001732323,EST225,sent,99381000001137001,Cochin,,,INR,1.00,entity_level,true,0.00,false,850.00,850.00,0.00,Looking forward for your business.,,AMANA INSTRUMENTS,32,32-Kerala,business_gst,32AVVPA5492J1Z7,NO,NO,,,,"Mukkam Road,
Pathanapuram",Malappuram,Kerala,India,673639,,Standard Template,Adjustment,"Mukkam Road,
Pathanapuram",Malappuram,Kerala,India,673639,,1,,,,0.000,,,,0.00,0.000,,,,0.00,,,,,,,,Government Stamping Fee 20 KG,,998729,5.00,0.00,0.0,0.00,850.00,,FALSE,99381000000172016,Sales,SF20,,,,,nos,170.00,Zero Rated,99381000000006152,GST0,0.00,Tax Group,,,,0.00,0.00,0.00,0.00,0.00,0.00,0.00,0.00,0.00,0.00,0.00,0.00,,goods,,,
2020-11-11,99381000001739393,EST226,sent,99381000001311605,Cochin,,,INR,1.00,entity_level,true,0.00,false,6700.00,6700.00,0.00,Looking forward for your business.,,BHARATH THRASS & AUTO METER,32,32-Kerala,business_gst,32DKVPS5228E1ZT,NO,NO,,,,"17/1023, Tirur Road,
Kuttippuram",,Kerala,India,679571,,Standard Template,Adjustment,"17/1023, Tirur Road,
Kuttippuram",,Kerala,India,679571,,1,,,,0.000,,,,0.00,0.000,,,,0.00,,,,,,,,Government Stamping Fee 50 kg,,998729,20.00,0.00,0.0,0.00,6700.00,,FALSE,99381000000186036,Sales,SF50,,,,,nos,335.00,Zero Rated,99381000000006152,GST0,0.00,Tax Group,,,,0.00,0.00,0.00,0.00,0.00,0.00,0.00,0.00,0.00,0.00,0.00,0.00,,goods,,,
2020-11-11,99381000001739435,EST227,sent,99381000000014461,Cochin,,,INR,1.00,entity_level,true,0.00,false,16080.00,16080.00,0.00,Looking forward for your business.,,MASS TECHNOLOGY,32,32-Kerala,business_gst,32ATZPV7500Q1ZN,NO,NO,,,,MEETHALEKANDY COMPLEX,KOYILANDY,Kerala,India,673305,,Standard Template,Adjustment,MEETHALEKANDY COMPLEX,KOYILANDY,Kerala,India,673305,,1,,,,0.000,,,,0.00,0.000,,,,0.00,,,,,,,,Government Stamping Fee 50 kg,,998729,48.00,0.00,0.0,0.00,16080.00,,FALSE,99381000000186036,Sales,SF50,,,,,nos,335.00,Zero Rated,99381000000006152,GST0,0.00,Tax Group,,,,0.00,0.00,0.00,0.00,0.00,0.00,0.00,0.00,0.00,0.00,0.00,0.00,,goods,,,
2020-11-11,99381000001738681,EST228,sent,99381000001357477,Cochin,,,INR,1.00,entity_level,true,0.00,false,4020.00,4020.00,0.00,Looking forward for your business.,,Solid Solutions,32,32-Kerala,business_gst,32EKEPS4055R1ZJ,NO,NO,,,,"37/3361-A, Malamel Building, Sahrudaya Nagar",Ernakulam,Kerala,India,682024,,Standard Template,Adjustment,"37/3361-A, Malamel Building, Sahrudaya Nagar",Ernakulam,Kerala,India,682024,,1,,,,0.000,,,,0.00,0.000,,,,0.00,,,,,,,,Government Stamping Fee 50 kg,,998729,12.00,0.00,0.0,0.00,4020.00,,FALSE,99381000000186036,Sales,SF50,,,,,nos,335.00,Zero Rated,99381000000006152,GST0,0.00,Tax Group,,,,0.00,0.00,0.00,0.00,0.00,0.00,0.00,0.00,0.00,0.00,0.00,0.00,,goods,,,
2020-11-12,99381000001734928,EST229,sent,99381000001734901,Cochin,,,INR,1.00,entity_level,true,0.00,false,4020.00,4020.00,0.00,Looking forward for your business.,,Hindusthan Weighing Systems,32,32-Kerala,business_none,,NO,NO,,,,"Hindusthan weighing system, Room No: 28/193 Padinjarekara Building",Idukki,Kerala,India,685584,,Standard Template,Adjustment,"Hindusthan weighing system, Room No: 28/193 Padinjarekara Building",Idukki,Kerala,India,685584,,1,,,,0.000,,,,0.00,0.000,,,,0.00,,,,,,,,Government Stamping Fee 50 kg,,998729,12.00,0.00,0.0,0.00,4020.00,,FALSE,99381000000186036,Sales,SF50,,,,,nos,335.00,Zero Rated,99381000000006152,GST0,0.00,Tax Group,,,,0.00,0.00,0.00,0.00,0.00,0.00,0.00,0.00,0.00,0.00,0.00,0.00,,goods,,,
2020-11-12,99381000001740160,EST230,sent,99381000000151001,Cochin,,,INR,1.00,entity_level,true,0.00,false,28500.00,28500.00,0.00,Looking forward for your business.,,Dynamic Enterprises,32,32-Kerala,business_gst,32ATJPS7075B1ZN,NO,NO,,,,XIV/217C SUNRISE BUILDING,THRISSUR,Kerala,India,680121,,Standard Template,Adjustment,XIV/217C SUNRISE BUILDING,THRISSUR,Kerala,India,680121,,1,,,,0.000,,,,0.00,0.000,,,,0.00,,,,,,,,Government Stamping Fee 50 kg,Serial No:TK25523 To TK25542,998729,20.00,0.00,0.0,0.00,8700.00,,FALSE,99381000000186036,Sales,SF50,,,,,nos,435.00,Zero Rated,99381000000006152,GST0,0.00,Tax Group,,,,0.00,0.00,0.00,0.00,0.00,0.00,0.00,0.00,0.00,0.00,0.00,0.00,,goods,,,
2020-11-12,99381000001740160,EST230,sent,99381000000151001,Cochin,,,INR,1.00,entity_level,true,0.00,false,28500.00,28500.00,0.00,Looking forward for your business.,,Dynamic Enterprises,32,32-Kerala,business_gst,32ATJPS7075B1ZN,NO,NO,,,,XIV/217C SUNRISE BUILDING,THRISSUR,Kerala,India,680121,,Standard Template,Adjustment,XIV/217C SUNRISE BUILDING,THRISSUR,Kerala,India,680121,,1,,,,0.000,,,,0.00,0.000,,,,0.00,,,,,,,,Government Stamping Fee 20 KG,Serial No:TK26223 To TK26247,998729,25.00,0.00,0.0,0.00,6750.00,,FALSE,99381000000172016,Sales,SF20,,,,,nos,270.00,Zero Rated,99381000000006152,GST0,0.00,Tax Group,,,,0.00,0.00,0.00,0.00,0.00,0.00,0.00,0.00,0.00,0.00,0.00,0.00,,goods,,,
2020-11-12,99381000001740160,EST230,sent,99381000000151001,Cochin,,,INR,1.00,entity_level,true,0.00,false,28500.00,28500.00,0.00,Looking forward for your business.,,Dynamic Enterprises,32,32-Kerala,business_gst,32ATJPS7075B1ZN,NO,NO,,,,XIV/217C SUNRISE BUILDING,THRISSUR,Kerala,India,680121,,Standard Template,Adjustment,XIV/217C SUNRISE BUILDING,THRISSUR,Kerala,India,680121,,1,,,,0.000,,,,0.00,0.000,,,,0.00,,,,,,,,Government Stamping Fee 30 kg,Serial No:TK26477 To TK26496,998729,20.00,0.00,0.0,0.00,8700.00,,FALSE,99381000000186027,Sales,SF30,,,,,nos,435.00,Zero Rated,99381000000006152,GST0,0.00,Tax Group,,,,0.00,0.00,0.00,0.00,0.00,0.00,0.00,0.00,0.00,0.00,0.00,0.00,,goods,,,
2020-11-12,99381000001740160,EST230,sent,99381000000151001,Cochin,,,INR,1.00,entity_level,true,0.00,false,28500.00,28500.00,0.00,Looking forward for your business.,,Dynamic Enterprises,32,32-Kerala,business_gst,32ATJPS7075B1ZN,NO,NO,,,,XIV/217C SUNRISE BUILDING,THRISSUR,Kerala,India,680121,,Standard Template,Adjustment,XIV/217C SUNRISE BUILDING,THRISSUR,Kerala,India,680121,,1,,,,0.000,,,,0.00,0.000,,,,0.00,,,,,,,,Government Stamping Fee 100Kg,Serial No:TK25675 To TK25684,998729,10.00,0.00,0.0,0.00,4350.00,,FALSE,99381000000663063,Sales,SF100,,,,,nos,435.00,Zero Rated,99381000000006152,GST0,0.00,Tax Group,,,,0.00,0.00,0.00,0.00,0.00,0.00,0.00,0.00,0.00,0.00,0.00,0.00,,goods,,,
2020-11-12,99381000001740835,EST231,sent,99381000001740802,Cochin,,,INR,1.00,entity_level,true,0.00,false,3040.00,3040.00,0.00,Looking forward for your business.,,Unique Weighing Systems,32,32-Kerala,business_registered_composition,32BRLPJ8312B1Z7,NO,NO,,,,"Unique Weighing System, Athira Complex, Vazhappilly Jn",Ernakulam,Kerala,India,686669,,Standard Template,Adjustment,"Unique Weighing System, Athira Complex, Vazhappilly Jn",Ernakulam,Kerala,India,686669,,1,,,,0.000,,,,0.00,0.000,,,,0.00,,,,,,,,Government Stamping Fee 50 kg,,998729,4.00,0.00,0.0,0.00,1340.00,,FALSE,99381000000186036,Sales,SF50,,,,,nos,335.00,Zero Rated,99381000000006152,GST0,0.00,Tax Group,,,,0.00,0.00,0.00,0.00,0.00,0.00,0.00,0.00,0.00,0.00,0.00,0.00,,goods,,,
2020-11-12,99381000001740835,EST231,sent,99381000001740802,Cochin,,,INR,1.00,entity_level,true,0.00,false,3040.00,3040.00,0.00,Looking forward for your business.,,Unique Weighing Systems,32,32-Kerala,business_registered_composition,32BRLPJ8312B1Z7,NO,NO,,,,"Unique Weighing System, Athira Complex, Vazhappilly Jn",Ernakulam,Kerala,India,686669,,Standard Template,Adjustment,"Unique Weighing System, Athira Complex, Vazhappilly Jn",Ernakulam,Kerala,India,686669,,1,,,,0.000,,,,0.00,0.000,,,,0.00,,,,,,,,Government Stamping Fee 20 KG,,998729,10.00,0.00,0.0,0.00,1700.00,,FALSE,99381000000172016,Sales,SF20,,,,,nos,170.00,Zero Rated,99381000000006152,GST0,0.00,Tax Group,,,,0.00,0.00,0.00,0.00,0.00,0.00,0.00,0.00,0.00,0.00,0.00,0.00,,goods,,,
2020-11-12,99381000001741113,EST232,sent,99381000001357416,Cochin,,,INR,1.00,entity_level,true,0.00,false,8040.00,8040.00,0.00,Looking forward for your business.,,V K ELECTRONICS,32,32-Kerala,business_none,,NO,NO,,,,"V K ELECTRONICS, M P Road, Poonoor",Calicut,Kerala,India,673574,,Standard Template,Adjustment,"V K ELECTRONICS, M P Road, Poonoor",Calicut,Kerala,India,673574,,1,,,,0.000,,,,0.00,0.000,,,,0.00,,,,,,,,Government Stamping Fee 50 kg,,998729,24.00,0.00,0.0,0.00,8040.00,,FALSE,99381000000186036,Sales,SF50,,,,,nos,335.00,Zero Rated,99381000000006152,GST0,0.00,Tax Group,,,,0.00,0.00,0.00,0.00,0.00,0.00,0.00,0.00,0.00,0.00,0.00,0.00,,goods,,,
2020-11-12,99381000001741187,EST233,sent,99381000001702591,Cochin,,,INR,1.00,entity_level,true,0.00,false,5230.00,5230.00,0.00,Looking forward for your business.,,BEETA SCALES,32,32-Kerala,business_gst,32BTLPM0140A1ZG,NO,NO,,,,"Beeta scales,  V.M Building, Near K.S.E.B Office",Wayanad,Kerala,India,673591,,Standard Template,Adjustment,"Beeta scales,  V.M Building, Near K.S.E.B Office",Wayanad,Kerala,India,673591,,1,,,,0.000,,,,0.00,0.000,,,,0.00,,,,,,,,Government Stamping Fee 50 kg,,998729,8.00,0.00,0.0,0.00,2680.00,,FALSE,99381000000186036,Sales,SF50,,,,,nos,335.00,Zero Rated,99381000000006152,GST0,0.00,Tax Group,,,,0.00,0.00,0.00,0.00,0.00,0.00,0.00,0.00,0.00,0.00,0.00,0.00,,goods,,,
2020-11-12,99381000001741187,EST233,sent,99381000001702591,Cochin,,,INR,1.00,entity_level,true,0.00,false,5230.00,5230.00,0.00,Looking forward for your business.,,BEETA SCALES,32,32-Kerala,business_gst,32BTLPM0140A1ZG,NO,NO,,,,"Beeta scales,  V.M Building, Near K.S.E.B Office",Wayanad,Kerala,India,673591,,Standard Template,Adjustment,"Beeta scales,  V.M Building, Near K.S.E.B Office",Wayanad,Kerala,India,673591,,1,,,,0.000,,,,0.00,0.000,,,,0.00,,,,,,,,Government Stamping Fee 20 KG,,998729,15.00,0.00,0.0,0.00,2550.00,,FALSE,99381000000172016,Sales,SF20,,,,,nos,170.00,Zero Rated,99381000000006152,GST0,0.00,Tax Group,,,,0.00,0.00,0.00,0.00,0.00,0.00,0.00,0.00,0.00,0.00,0.00,0.00,,goods,,,
2020-11-12,99381000001742582,EST234,sent,99381000000364094,Cochin,,,INR,1.00,entity_level,true,0.00,false,2680.00,2680.00,0.00,Looking forward for your business.,,TRAAS TECH,32,32-Kerala,business_gst,32AAPFT2527C1ZF,NO,NO,,,,Narath town,Kannur,Kerala,India,670601,,Standard Template,Adjustment,Narath town,Kannur,Kerala,India,670601,,1,,,,0.000,,,,0.00,0.000,,,,0.00,,,,,,,,Government Stamping Fee 50 kg,,998729,8.00,0.00,0.0,0.00,2680.00,,FALSE,99381000000186036,Sales,SF50,,,,,nos,335.00,Zero Rated,99381000000006152,GST0,0.00,Tax Group,,,,0.00,0.00,0.00,0.00,0.00,0.00,0.00,0.00,0.00,0.00,0.00,0.00,,goods,,,
2020-11-12,99381000001748332,EST235,sent,99381000001345032,Cochin,,,INR,1.00,entity_level,true,0.00,false,2680.00,2680.00,0.00,Looking forward for your business.,,ACCURATE SCALES,32,32-Kerala,business_gst,32BNEPM9609M1ZM,NO,NO,,,,"X/53, By-pass jn.
Kuruppath, Kondotty.",Malappuram,Kerala,,673638,,Standard Template,Adjustment,"X/53, By-pass jn.
Kuruppath, Kondotty.",Malappuram,Kerala,,673638,,1,,,,0.000,,,,0.00,0.000,,,,0.00,,,,,,,,Government Stamping Fee 50 kg,Serial No:TK26603 To TK26610 (STAMPED PLATES),998729,8.00,0.00,0.0,0.00,2680.00,,FALSE,99381000000186036,Sales,SF50,,,,,nos,335.00,Zero Rated,99381000000006152,GST0,0.00,Tax Group,,,,0.00,0.00,0.00,0.00,0.00,0.00,0.00,0.00,0.00,0.00,0.00,0.00,,goods,,,
2020-11-12,99381000001748628,EST236,sent,99381000001357379,Cochin,,,INR,1.00,entity_level,true,0.00,false,4380.00,4380.00,0.00,Looking forward for your business.,,Modern Scales-Kerala,32,32-Kerala,business_gst,32AUUPT2223Q1ZY,NO,NO,,,,"Modern Scales, Palathingal",Malappuram,Kerala,India,679331,,Standard Template,Adjustment,"Modern Scales, Palathingal",Malappuram,Kerala,India,679331,,1,,,,0.000,,,,0.00,0.000,,,,0.00,,,,,,,,Government Stamping Fee 20 KG,,998729,10.00,0.00,0.0,0.00,1700.00,,FALSE,99381000000172016,Sales,SF20,,,,,nos,170.00,Zero Rated,99381000000006152,GST0,0.00,Tax Group,,,,0.00,0.00,0.00,0.00,0.00,0.00,0.00,0.00,0.00,0.00,0.00,0.00,,goods,,,
2020-11-12,99381000001748628,EST236,sent,99381000001357379,Cochin,,,INR,1.00,entity_level,true,0.00,false,4380.00,4380.00,0.00,Looking forward for your business.,,Modern Scales-Kerala,32,32-Kerala,business_gst,32AUUPT2223Q1ZY,NO,NO,,,,"Modern Scales, Palathingal",Malappuram,Kerala,India,679331,,Standard Template,Adjustment,"Modern Scales, Palathingal",Malappuram,Kerala,India,679331,,1,,,,0.000,,,,0.00,0.000,,,,0.00,,,,,,,,Government Stamping Fee 50 kg,,998729,8.00,0.00,0.0,0.00,2680.00,,FALSE,99381000000186036,Sales,SF50,,,,,nos,335.00,Zero Rated,99381000000006152,GST0,0.00,Tax Group,,,,0.00,0.00,0.00,0.00,0.00,0.00,0.00,0.00,0.00,0.00,0.00,0.00,,goods,,,
2020-11-12,99381000001748654,EST237,sent,99381000005496103,Cochin,,,INR,1.00,entity_level,true,0.00,false,16080.00,16080.00,0.00,Looking forward for your business.,,MALABAR SCALES- Thirssur,32,32-Kerala,business_gst,32AAWFM8788R1ZT,NO,NO,,,,"Garden Complex,2nd floor","Kodugallur,Thrissur",Kerala,,680664,,Standard Template,Adjustment,"Garden Complex,2nd floor","Kodugallur,Thrissur",Kerala,,680664,,1,,,,0.000,,,,0.00,0.000,,,,0.00,,,,,,,,Government Stamping Fee 50 kg,,998729,48.00,0.00,0.0,0.00,16080.00,,FALSE,99381000000186036,Sales,SF50,,,,,nos,335.00,Zero Rated,99381000000006152,GST0,0.00,Tax Group,,,,0.00,0.00,0.00,0.00,0.00,0.00,0.00,0.00,0.00,0.00,0.00,0.00,,goods,,,
2020-11-12,99381000001750726,EST238,sent,99381000001542136,Cochin,,,INR,1.00,entity_level,true,0.00,false,1340.00,1340.00,0.00,Looking forward for your business.,,Clarion Systems,32,32-Kerala,business_gst,32AMHPV4309C1ZB,NO,NO,,,,"Clarion Systems, Kokkadan building, Chungam",Thrissur,Kerala,India,680302,,Standard Template,Adjustment,"Clarion Systems, Kokkadan building, Chungam",Thrissur,Kerala,India,680302,,1,,,,0.000,,,,0.00,0.000,,,,0.00,,,,,,,,Government Stamping Fee 50 kg,,998729,4.00,0.00,0.0,0.00,1340.00,,FALSE,99381000000186036,Sales,SF50,,,,,nos,335.00,Zero Rated,99381000000006152,GST0,0.00,Tax Group,,,,0.00,0.00,0.00,0.00,0.00,0.00,0.00,0.00,0.00,0.00,0.00,0.00,,goods,,,
2020-11-12,99381000001751680,EST239,sent,99381000000821148,Cochin,,,INR,1.00,entity_level,true,0.00,false,415.00,415.00,0.00,Looking forward for your business.,,MUDRA SCALES-WAYANAD,32,32-Kerala,business_gst,32FUOPS1418D1ZO,NO,NO,,,,New busstand,Waynad,Kerala,,673121,,Standard Template,Adjustment,New busstand,Waynad,Kerala,,673121,,1,,,,0.000,,,,0.00,0.000,,,,0.00,,,,,,,,Government Stamping Fee 300kg,,998729,1.00,0.00,0.0,0.00,415.00,,FALSE,99381000000548525,Sales,SF300,,,,,nos,415.00,Zero Rated,99381000000006152,GST0,0.00,Tax Group,,,,0.00,0.00,0.00,0.00,0.00,0.00,0.00,0.00,0.00,0.00,0.00,0.00,,goods,,,
2020-11-13,99381000001763015,EST240,sent,99381000000011046,Cochin,,,INR,1.00,entity_level,true,0.00,false,18010.00,18010.00,0.00,Looking forward for your business.,,GLOBAL DIGITAL SYSTEM,32,32-Kerala,consumer,,NO,NO,,,,Baris Complex,"Vengara, Malappuram",Kerala,,676304,,Standard Template,Adjustment,Baris Complex,"Vengara, Malappuram",Kerala,,676304,,1,,,,0.000,,,,0.00,0.000,,,,0.00,,,,,,,,Government Stamping Fee 50 kg,,998729,36.00,0.00,0.0,0.00,12060.00,,FALSE,99381000000186036,Sales,SF50,,,,,nos,335.00,Zero Rated,99381000000006152,GST0,0.00,Tax Group,,,,0.00,0.00,0.00,0.00,0.00,0.00,0.00,0.00,0.00,0.00,0.00,0.00,,goods,,,
2020-11-13,99381000001763015,EST240,sent,99381000000011046,Cochin,,,INR,1.00,entity_level,true,0.00,false,18010.00,18010.00,0.00,Looking forward for your business.,,GLOBAL DIGITAL SYSTEM,32,32-Kerala,consumer,,NO,NO,,,,Baris Complex,"Vengara, Malappuram",Kerala,,676304,,Standard Template,Adjustment,Baris Complex,"Vengara, Malappuram",Kerala,,676304,,1,,,,0.000,,,,0.00,0.000,,,,0.00,,,,,,,,Government Stamping Fee 20 KG,,998729,35.00,0.00,0.0,0.00,5950.00,,FALSE,99381000000172016,Sales,SF20,,,,,nos,170.00,Zero Rated,99381000000006152,GST0,0.00,Tax Group,,,,0.00,0.00,0.00,0.00,0.00,0.00,0.00,0.00,0.00,0.00,0.00,0.00,,goods,,,
2020-11-13,99381000001766052,EST242,sent,99381000000940651,Cochin,,,INR,1.00,entity_level,true,0.00,false,1700.00,1700.00,0.00,Looking forward for your business.,,MUDRA SCALE-KOZHIKODE,32,32-Kerala,business_gst,32BMNPR6553F1ZS,NO,NO,,,,"KP 15/153-B
Po. Pavandoor",Kozhikode,Kerala,India,673613,,Standard Template,Adjustment,"KP 15/153-B
Po. Pavandoor",Kozhikode,Kerala,India,673613,,1,,,,0.000,,,,0.00,0.000,,,,0.00,,,,,,,,Government Stamping Fee 20 KG,,998729,10.00,0.00,0.0,0.00,1700.00,,FALSE,99381000000172016,Sales,SF20,,,,,nos,170.00,Zero Rated,99381000000006152,GST0,0.00,Tax Group,,,,0.00,0.00,0.00,0.00,0.00,0.00,0.00,0.00,0.00,0.00,0.00,0.00,,goods,,,
2020-11-13,99381000001766076,EST243,sent,99381000001357477,Cochin,,,INR,1.00,entity_level,true,0.00,false,2680.00,2680.00,0.00,Looking forward for your business.,,Solid Solutions,32,32-Kerala,business_gst,32EKEPS4055R1ZJ,NO,NO,,,,"37/3361-A, Malamel Building, Sahrudaya Nagar",Ernakulam,Kerala,India,682024,,Standard Template,Adjustment,"37/3361-A, Malamel Building, Sahrudaya Nagar",Ernakulam,Kerala,India,682024,,1,,,,0.000,,,,0.00,0.000,,,,0.00,,,,,,,,Government Stamping Fee 50 kg,,998729,8.00,0.00,0.0,0.00,2680.00,,FALSE,99381000000186036,Sales,SF50,,,,,nos,335.00,Zero Rated,99381000000006152,GST0,0.00,Tax Group,,,,0.00,0.00,0.00,0.00,0.00,0.00,0.00,0.00,0.00,0.00,0.00,0.00,,goods,,,
2020-11-13,99381000001766114,EST244,sent,99381000001542136,Cochin,,,INR,1.00,entity_level,true,0.00,false,1020.00,1020.00,0.00,Looking forward for your business.,,Clarion Systems,32,32-Kerala,business_gst,32AMHPV4309C1ZB,NO,NO,,,,"Clarion Systems, Kokkadan building, Chungam",Thrissur,Kerala,India,680302,,Standard Template,Adjustment,"Clarion Systems, Kokkadan building, Chungam",Thrissur,Kerala,India,680302,,1,,,,0.000,,,,0.00,0.000,,,,0.00,,,,,,,,Government Stamping Fee 20 KG,,998729,6.00,0.00,0.0,0.00,1020.00,,FALSE,99381000000172016,Sales,SF20,,,,,nos,170.00,Zero Rated,99381000000006152,GST0,0.00,Tax Group,,,,0.00,0.00,0.00,0.00,0.00,0.00,0.00,0.00,0.00,0.00,0.00,0.00,,goods,,,
2020-11-13,99381000001769317,EST245,sent,99381000000084733,Cochin,,,INR,1.00,entity_level,true,0.00,false,7575.00,7575.00,0.00,Looking forward for your business.,,ELMASS SYSTEMS & SERVICES,32,32-Kerala,business_gst,32AACFE8918M1Z7,NO,NO,,,,"70/1955 /old 44/2214A5, Martin Eva Holy Tuesday Shopping Mall,
Banerji Road, Mathrubhoomi Jn.",Ernakulam,Kerala,India,682017,,Standard Template,Adjustment,"Souhruda Lane
Lissie Hospital Road",Ernakulam,Kerala,India,682018,,1,,,,0.000,,,,0.00,0.000,,,,0.00,,,,,,,,Government Stamping Fee 20 KG,Serial No:TK26347 To TK26361 (Already dispatched),998729,15.00,0.00,0.0,0.00,2550.00,,FALSE,99381000000172016,Sales,SF20,,,,,nos,170.00,Zero Rated,99381000000006152,GST0,0.00,Tax Group,,,,0.00,0.00,0.00,0.00,0.00,0.00,0.00,0.00,0.00,0.00,0.00,0.00,,goods,,,
2020-11-13,99381000001769317,EST245,sent,99381000000084733,Cochin,,,INR,1.00,entity_level,true,0.00,false,7575.00,7575.00,0.00,Looking forward for your business.,,ELMASS SYSTEMS & SERVICES,32,32-Kerala,business_gst,32AACFE8918M1Z7,NO,NO,,,,"70/1955 /old 44/2214A5, Martin Eva Holy Tuesday Shopping Mall,
Banerji Road, Mathrubhoomi Jn.",Ernakulam,Kerala,India,682017,,Standard Template,Adjustment,"Souhruda Lane
Lissie Hospital Road",Ernakulam,Kerala,India,682018,,1,,,,0.000,,,,0.00,0.000,,,,0.00,,,,,,,,Government Stamping Fee 30 kg,"Serial No:TK26500 To TK26512 (Already dispatched)
                TL29499 & TL29500 (STAMPED PLATES 2 NOS)",998729,15.00,0.00,0.0,0.00,5025.00,,FALSE,99381000000186027,Sales,SF30,,,,,nos,335.00,Zero Rated,99381000000006152,GST0,0.00,Tax Group,,,,0.00,0.00,0.00,0.00,0.00,0.00,0.00,0.00,0.00,0.00,0.00,0.00,,goods,,,
2020-11-13,99381000001766140,EST246,sent,99381000000126001,Cochin,,,INR,1.00,entity_level,true,0.00,false,4080.00,4080.00,0.00,Looking forward for your business.,,YELLOW SCALES,32,32-Kerala,business_gst,32CPDPS6051P1ZG,NO,NO,,,,KUMBALAM JUNCTION,KOCHIN,KERALA,India,682506,,Standard Template,Adjustment,KUMBALAM JUNCTION,KOCHIN,KERALA,India,682506,,1,,,,0.000,,,,0.00,0.000,,,,0.00,,,,,,,,Government Stamping Fee 20 KG,Serial No:TL28740 To TL28752 (13nos),998729,24.00,0.00,0.0,0.00,4080.00,,FALSE,99381000000172016,Sales,SF20,,,,,nos,170.00,Zero Rated,99381000000006152,GST0,0.00,Tax Group,,,,0.00,0.00,0.00,0.00,0.00,0.00,0.00,0.00,0.00,0.00,0.00,0.00,,goods,,,
2020-11-16,99381000001775025,EST247,sent,99381000001357416,Cochin,,,INR,1.00,entity_level,true,0.00,false,2680.00,2680.00,0.00,Looking forward for your business.,,V K ELECTRONICS,32,32-Kerala,business_none,,NO,NO,,,,"V K ELECTRONICS, M P Road, Poonoor",Calicut,Kerala,India,673574,,Standard Template,Adjustment,"V K ELECTRONICS, M P Road, Poonoor",Calicut,Kerala,India,673574,,1,,,,0.000,,,,0.00,0.000,,,,0.00,,,,,,,,Government Stamping Fee 50 kg,Serial No:TK27743 To TK27750 (STAMPED PLATES),998729,8.00,0.00,0.0,0.00,2680.00,,FALSE,99381000000186036,Sales,SF50,,,,,nos,335.00,Zero Rated,99381000000006152,GST0,0.00,Tax Group,,,,0.00,0.00,0.00,0.00,0.00,0.00,0.00,0.00,0.00,0.00,0.00,0.00,,goods,,,
2020-11-16,99381000001777067,EST248,sent,99381000000014557,Cochin,,,INR,1.00,entity_level,true,0.00,false,8040.00,8040.00,0.00,Looking forward for your business.,,LULU SCALES CALICUT,32,32-Kerala,business_gst,32BFFPR1800G1ZX,NO,NO,,,,"5/422, Ershadul Building",Kozhikode,Kerala,India,673616,,Standard Template,Adjustment,"5/422, Ershadul Building",Kozhikode,Kerala,India,673616,,1,,,,0.000,,,,0.00,0.000,,,,0.00,,,,,,,,Government Stamping Fee 50 kg,,998729,24.00,0.00,0.0,0.00,8040.00,,FALSE,99381000000186036,Sales,SF50,,,,,nos,335.00,Zero Rated,99381000000006152,GST0,0.00,Tax Group,,,,0.00,0.00,0.00,0.00,0.00,0.00,0.00,0.00,0.00,0.00,0.00,0.00,,goods,,,
2020-11-16,99381000001777095,EST249,sent,99381000000575003,Cochin,,,INR,1.00,entity_level,true,0.00,false,9760.00,9760.00,0.00,Looking forward for your business.,,YESWEIGH TECHNOLOGIES PRIVATE LIMITED,32,32-Kerala,business_gst,32AABCY1984H1Z9,NO,NO,,,,"1ST FLOOR, No47/2170,
DOWN TOWN Complex,
Mangalore road,TALAP",kannur,Kerala,India,670002,,Standard Template,Adjustment,"1ST FLOOR, No47/2170,
DOWN TOWN Complex,
Mangalore road,TALAP",kannur,Kerala,India,670002,,1,,,,0.000,,,,0.00,0.000,,,,0.00,,,,,,,,Government Stamping Fee 50 kg,,998729,20.00,0.00,0.0,0.00,6700.00,,FALSE,99381000000186036,Sales,SF50,,,,,nos,335.00,Zero Rated,99381000000006152,GST0,0.00,Tax Group,,,,0.00,0.00,0.00,0.00,0.00,0.00,0.00,0.00,0.00,0.00,0.00,0.00,,goods,,,
2020-11-16,99381000001777095,EST249,sent,99381000000575003,Cochin,,,INR,1.00,entity_level,true,0.00,false,9760.00,9760.00,0.00,Looking forward for your business.,,YESWEIGH TECHNOLOGIES PRIVATE LIMITED,32,32-Kerala,business_gst,32AABCY1984H1Z9,NO,NO,,,,"1ST FLOOR, No47/2170,
DOWN TOWN Complex,
Mangalore road,TALAP",kannur,Kerala,India,670002,,Standard Template,Adjustment,"1ST FLOOR, No47/2170,
DOWN TOWN Complex,
Mangalore road,TALAP",kannur,Kerala,India,670002,,1,,,,0.000,,,,0.00,0.000,,,,0.00,,,,,,,,Government Stamping Fee 20 KG,,998729,18.00,0.00,0.0,0.00,3060.00,,FALSE,99381000000172016,Sales,SF20,,,,,nos,170.00,Zero Rated,99381000000006152,GST0,0.00,Tax Group,,,,0.00,0.00,0.00,0.00,0.00,0.00,0.00,0.00,0.00,0.00,0.00,0.00,,goods,,,
2020-11-16,99381000001777133,EST250,sent,99381000001345032,Cochin,,,INR,1.00,entity_level,true,0.00,false,670.00,670.00,0.00,Looking forward for your business.,,ACCURATE SCALES,32,32-Kerala,business_gst,32BNEPM9609M1ZM,NO,NO,,,,"X/53, By-pass jn.
Kuruppath, Kondotty.",Malappuram,Kerala,,673638,,Standard Template,Adjustment,"X/53, By-pass jn.
Kuruppath, Kondotty.",Malappuram,Kerala,,673638,,1,,,,0.000,,,,0.00,0.000,,,,0.00,,,,,,,,Government Stamping Fee 50 kg,Serial No:TK26611 &  TK26612 (STAMPED PLATES),998729,2.00,0.00,0.0,0.00,670.00,,FALSE,99381000000186036,Sales,SF50,,,,,nos,335.00,Zero Rated,99381000000006152,GST0,0.00,Tax Group,,,,0.00,0.00,0.00,0.00,0.00,0.00,0.00,0.00,0.00,0.00,0.00,0.00,,goods,,,
2020-11-16,99381000001775051,EST251,sent,99381000000112170,Cochin,,,INR,1.00,entity_level,true,0.00,false,8500.00,8500.00,0.00,Looking forward for your business.,,MEEZAN ELECTRONIC SCALES PRIVATE LIMITED,32,32-Kerala,business_gst,32AAECM1277C1ZY,NO,NO,,,,"8/308A Meezan Tower 
Calicut Road , Manjeri",MANJERI,Kerala,India,676121,,Standard Template,Adjustment,"8/308A Meezan Tower 
Calicut Road , Manjeri",MANJERI,Kerala,India,676121,,1,,,,0.000,,,,0.00,0.000,,,,0.00,,,,,,,,Government Stamping Fee 20 KG,,998729,50.00,0.00,0.0,0.00,8500.00,,FALSE,99381000000172016,Sales,SF20,,,,,nos,170.00,Zero Rated,99381000000006152,GST0,0.00,Tax Group,,,,0.00,0.00,0.00,0.00,0.00,0.00,0.00,0.00,0.00,0.00,0.00,0.00,,goods,,,
2020-11-16,99381000001775133,EST252,sent,99381000000017088,Cochin,,,INR,1.00,entity_level,true,0.00,false,16520.00,16520.00,0.00,Looking forward for your business.,,ALFA SYSTEMS-CHALAKKUDY,32,32-Kerala,business_gst,32BSHPK8953L1Z8,NO,NO,,,,"6/721B, Murikkingal Road, Pallikunnu,
Kodaly,",THRISSUR,KERALA,India,680699,,Standard Template,Adjustment,"6/721B, Murikkingal Road,
Pallikkunnu, Koday",,KERALA,India,680699,,1,,,,0.000,,,,0.00,0.000,,,,0.00,,,,,,,,Government Stamping Fee 50 kg,,998729,28.00,0.00,0.0,0.00,9380.00,,FALSE,99381000000186036,Sales,SF50,,,,,nos,335.00,Zero Rated,99381000000006152,GST0,0.00,Tax Group,,,,0.00,0.00,0.00,0.00,0.00,0.00,0.00,0.00,0.00,0.00,0.00,0.00,,goods,,,
2020-11-16,99381000001775133,EST252,sent,99381000000017088,Cochin,,,INR,1.00,entity_level,true,0.00,false,16520.00,16520.00,0.00,Looking forward for your business.,,ALFA SYSTEMS-CHALAKKUDY,32,32-Kerala,business_gst,32BSHPK8953L1Z8,NO,NO,,,,"6/721B, Murikkingal Road, Pallikunnu,
Kodaly,",THRISSUR,KERALA,India,680699,,Standard Template,Adjustment,"6/721B, Murikkingal Road,
Pallikkunnu, Koday",,KERALA,India,680699,,1,,,,0.000,,,,0.00,0.000,,,,0.00,,,,,,,,Government Stamping Fee 20 KG,,998729,42.00,0.00,0.0,0.00,7140.00,,FALSE,99381000000172016,Sales,SF20,,,,,nos,170.00,Zero Rated,99381000000006152,GST0,0.00,Tax Group,,,,0.00,0.00,0.00,0.00,0.00,0.00,0.00,0.00,0.00,0.00,0.00,0.00,,goods,,,
2020-11-16,99381000001775163,EST253,sent,99381000000889163,Cochin,,,INR,1.00,entity_level,true,0.00,false,1755.00,1755.00,0.00,Looking forward for your business.,,Weighman & Associates,32,32-Kerala,business_gst,32AGCPM3183C1ZW,NO,NO,,,,"Weighman & Associates ,RKP 5/709 H, Airport Road",Kozhikode,Kerala,India,673633,,Standard Template,Adjustment,"Weighman & Associates ,RKP 5/709 H, Airport Road",Kozhikode,Kerala,India,673633,,1,,,,0.000,,,,0.00,0.000,,,,0.00,,,,,,,,Government Stamping Fee 50 kg,,998729,4.00,0.00,0.0,0.00,1340.00,,FALSE,99381000000186036,Sales,SF50,,,,,nos,335.00,Zero Rated,99381000000006152,GST0,0.00,Tax Group,,,,0.00,0.00,0.00,0.00,0.00,0.00,0.00,0.00,0.00,0.00,0.00,0.00,,goods,,,
2020-11-16,99381000001775163,EST253,sent,99381000000889163,Cochin,,,INR,1.00,entity_level,true,0.00,false,1755.00,1755.00,0.00,Looking forward for your business.,,Weighman & Associates,32,32-Kerala,business_gst,32AGCPM3183C1ZW,NO,NO,,,,"Weighman & Associates ,RKP 5/709 H, Airport Road",Kozhikode,Kerala,India,673633,,Standard Template,Adjustment,"Weighman & Associates ,RKP 5/709 H, Airport Road",Kozhikode,Kerala,India,673633,,1,,,,0.000,,,,0.00,0.000,,,,0.00,,,,,,,,Government Stamping Fee 500kg,,998729,1.00,0.00,0.0,0.00,415.00,,FALSE,99381000000590328,Sales,SF500,,,,,nos,415.00,Zero Rated,99381000000006152,GST0,0.00,Tax Group,,,,0.00,0.00,0.00,0.00,0.00,0.00,0.00,0.00,0.00,0.00,0.00,0.00,,goods,,,
2020-11-16,99381000001775193,EST254,sent,99381000001538088,Cochin,,,INR,1.00,entity_level,true,0.00,false,1755.00,1755.00,0.00,Looking forward for your business.,,Weighman Scales,32,32-Kerala,business_gst,32EGQPM9307E1Z8,NO,NO,,,,"Weighman Scales, 17/726(33/373 NEW), Center city building",Malappuram,Kerala,India,676319,,Standard Template,Adjustment,"Weighman Scales, 17/726(33/373 NEW), Center city building",Malappuram,Kerala,India,676319,,1,,,,0.000,,,,0.00,0.000,,,,0.00,,,,,,,,Government Stamping Fee 50 kg,,998729,4.00,0.00,0.0,0.00,1340.00,,FALSE,99381000000186036,Sales,SF50,,,,,nos,335.00,Zero Rated,99381000000006152,GST0,0.00,Tax Group,,,,0.00,0.00,0.00,0.00,0.00,0.00,0.00,0.00,0.00,0.00,0.00,0.00,,goods,,,
2020-11-16,99381000001775193,EST254,sent,99381000001538088,Cochin,,,INR,1.00,entity_level,true,0.00,false,1755.00,1755.00,0.00,Looking forward for your business.,,Weighman Scales,32,32-Kerala,business_gst,32EGQPM9307E1Z8,NO,NO,,,,"Weighman Scales, 17/726(33/373 NEW), Center city building",Malappuram,Kerala,India,676319,,Standard Template,Adjustment,"Weighman Scales, 17/726(33/373 NEW), Center city building",Malappuram,Kerala,India,676319,,1,,,,0.000,,,,0.00,0.000,,,,0.00,,,,,,,,Government Stamping Fee 500kg,,998729,1.00,0.00,0.0,0.00,415.00,,FALSE,99381000000590328,Sales,SF500,,,,,nos,415.00,Zero Rated,99381000000006152,GST0,0.00,Tax Group,,,,0.00,0.00,0.00,0.00,0.00,0.00,0.00,0.00,0.00,0.00,0.00,0.00,,goods,,,
2020-11-16,99381000001777390,EST255,sent,99381000000011046,Cochin,,,INR,1.00,entity_level,true,0.00,false,13400.00,13400.00,0.00,Looking forward for your business.,,GLOBAL DIGITAL SYSTEM,32,32-Kerala,consumer,,NO,NO,,,,Baris Complex,"Vengara, Malappuram",Kerala,,676304,,Standard Template,Adjustment,Baris Complex,"Vengara, Malappuram",Kerala,,676304,,1,,,,0.000,,,,0.00,0.000,,,,0.00,,,,,,,,Government Stamping Fee 50 kg,,998729,20.00,0.00,0.0,0.00,6700.00,,FALSE,99381000000186036,Sales,SF50,,,,,nos,335.00,Zero Rated,99381000000006152,GST0,0.00,Tax Group,,,,0.00,0.00,0.00,0.00,0.00,0.00,0.00,0.00,0.00,0.00,0.00,0.00,,goods,,,
2020-11-16,99381000001777390,EST255,sent,99381000000011046,Cochin,,,INR,1.00,entity_level,true,0.00,false,13400.00,13400.00,0.00,Looking forward for your business.,,GLOBAL DIGITAL SYSTEM,32,32-Kerala,consumer,,NO,NO,,,,Baris Complex,"Vengara, Malappuram",Kerala,,676304,,Standard Template,Adjustment,Baris Complex,"Vengara, Malappuram",Kerala,,676304,,1,,,,0.000,,,,0.00,0.000,,,,0.00,,,,,,,,Government Stamping Fee 30 kg,Serial No:TL28758 To TL28777 (STAMPED PLATES),998729,20.00,0.00,0.0,0.00,6700.00,,FALSE,99381000000186027,Sales,SF30,,,,,nos,335.00,Zero Rated,99381000000006152,GST0,0.00,Tax Group,,,,0.00,0.00,0.00,0.00,0.00,0.00,0.00,0.00,0.00,0.00,0.00,0.00,,goods,,,
2021-02-19,99381000002412098,EST261,sent,99381000002409607,Cochin,,,INR,1.00,entity_level,true,0.00,false,78750.00,92925.00,0.00,Looking forward for your business.,"1. Frieght Extra 
2. GST as mentioned 
3. Our yes cloud software will come along with the machine and you can bill through it and maintain the inventory , A CD  will be provided . We won’t charge for the yes cloud software in future as well . 
4. payment 100% Advance ",Matin  &Co. ,9,09-Uttar Pradesh,business_none,,NO,NO,,,,"Matin & Co. , khair nagar",meerut,Uttar Pradesh,India,250002,,Standard Template,,"Matin & Co. , khair nagar",meerut,Uttar Pradesh,India,250002,,3,,,,0.000,,,,0.00,0.000,,,,0.00,,,,,,,,Label Printing scale Q9,"Make:YESWEIGH  Model:YS-30   Max:30kg  e:5g  Min:100g  Class:III , 350x260mm , yes cloud android/IOS software ",84231000,5.00,0.00,0.0,12600.00,70000.00,,FALSE,99381000000735165,Sales,TMAQ9,,,,,nos,14000.00,Taxable,99381000000006196,IGST18,18.00,ItemAmount,,,,0.00,0.00,18.00,0.00,0.00,0.00,12600.00,0.00,0.00,0.00,12600.00,0.00,,goods,,,
2021-02-19,99381000002412098,EST261,sent,99381000002409607,Cochin,,,INR,1.00,entity_level,true,0.00,false,78750.00,92925.00,0.00,Looking forward for your business.,"1. Frieght Extra 
2. GST as mentioned 
3. Our yes cloud software will come along with the machine and you can bill through it and maintain the inventory , A CD  will be provided . We won’t charge for the yes cloud software in future as well . 
4. payment 100% Advance ",Matin  &Co. ,9,09-Uttar Pradesh,business_none,,NO,NO,,,,"Matin & Co. , khair nagar",meerut,Uttar Pradesh,India,250002,,Standard Template,,"Matin & Co. , khair nagar",meerut,Uttar Pradesh,India,250002,,3,,,,0.000,,,,0.00,0.000,,,,0.00,,,,,,,,BARCODE SCANNER PT - 198,"1D Barcode scanner 
RS232 Serial Port ",84716050,5.00,0.00,0.0,1575.00,8750.00,,FALSE,99381000000220093,Sales,PT198,,,,,nos,1750.00,Taxable,99381000000006196,IGST18,18.00,ItemAmount,,,,0.00,0.00,18.00,0.00,0.00,0.00,1575.00,0.00,0.00,0.00,1575.00,0.00,,goods,,,
2021-03-10,99381000002549154,EST262,sent,99381000002547039,Cochin,,,INR,1.00,entity_level,true,0.00,false,9781.00,11639.39,0.00,Looking forward for your business.,,Maptol Trading,32,32-Kerala,business_none,,NO,NO,,,,KT TOWER,KUTTIPPURAM,Kerala,,679571,,Standard Template,Adjustment,KT TOWER,KUTTIPPURAM,Kerala,,679571,,3,,,,0.000,,,,0.00,0.000,,,,0.00,,,,,,,,Electronic cash register,,84701000,1.00,0.00,0.0,1843.00,9700.00,,FALSE,99381000000194004,Sales,ECR,,,,,nos,9700.00,Taxable,99381000000260052,GST18 & KFC,19.00,Tax Group,,,,9.00,9.00,0.00,1.00,873.00,873.00,0.00,97.00,873.00,873.00,0.00,97.00,,goods,,,
2021-03-10,99381000002549154,EST262,sent,99381000002547039,Cochin,,,INR,1.00,entity_level,true,0.00,false,9781.00,11639.39,0.00,Looking forward for your business.,,Maptol Trading,32,32-Kerala,business_none,,NO,NO,,,,KT TOWER,KUTTIPPURAM,Kerala,,679571,,Standard Template,Adjustment,KT TOWER,KUTTIPPURAM,Kerala,,679571,,3,,,,0.000,,,,0.00,0.000,,,,0.00,,,,,,,,Freight Charges,,9968,9.00,0.00,0.0,15.39,81.00,,FALSE,99381000000557009,Sales,COCS,,,,,kg,9.00,Taxable,99381000000260052,GST18 & KFC,19.00,Tax Group,,,,9.00,9.00,0.00,1.00,7.29,7.29,0.00,0.81,7.29,7.29,0.00,0.81,,service,,,
2021-06-25,99381000003340001,EST264,sent,99381000001702591,Cochin,,,INR,1.00,entity_level,true,0.00,false,4109.00,4849.00,0.00,Looking forward for your business.,,BEETA SCALES,32,32-Kerala,business_gst,32BTLPM0140A1ZG,NO,NO,,,Eldho (Kerala),"Beeta scales,  V.M Building, Near K.S.E.B Office",Wayanad,Kerala,India,673591,,Standard Template,Adjustment,"Beeta scales,  V.M Building, Near K.S.E.B Office",Wayanad,Kerala,India,673591,,3,,,,0.000,,,,0.00,0.000,,,,0.00,,,,,,,,CHICKEN SCALE 300KG MS,"Make : YESWEIGH Model : YSC
Max : 300kg e:50g Min:1kg
Class : III",84239010,1.00,0.00,0.0,612.00,3400.00,,FALSE,99381000001933021,Sales,CS400X400MS,,,,,nos,3400.00,Taxable,99381000000006208,GST18,18.00,Tax Group,,,,9.00,9.00,0.00,0.00,306.00,306.00,0.00,0.00,306.00,306.00,0.00,0.00,,goods,,,
2021-06-25,99381000003340001,EST264,sent,99381000001702591,Cochin,,,INR,1.00,entity_level,true,0.00,false,4109.00,4849.00,0.00,Looking forward for your business.,,BEETA SCALES,32,32-Kerala,business_gst,32BTLPM0140A1ZG,NO,NO,,,Eldho (Kerala),"Beeta scales,  V.M Building, Near K.S.E.B Office",Wayanad,Kerala,India,673591,,Standard Template,Adjustment,"Beeta scales,  V.M Building, Near K.S.E.B Office",Wayanad,Kerala,India,673591,,3,,,,0.000,,,,0.00,0.000,,,,0.00,,,,,,,,Government Stamping Fee /Expense for 300kg,,998729,1.00,0.00,0.0,101.70,565.00,,FALSE,99381000000548525,Sales,SF300,,,,,nos,565.00,Taxable,99381000000006208,GST18,18.00,Tax Group,,,,9.00,9.00,0.00,0.00,50.85,50.85,0.00,0.00,50.85,50.85,0.00,0.00,,goods,,,
2021-06-25,99381000003340001,EST264,sent,99381000001702591,Cochin,,,INR,1.00,entity_level,true,0.00,false,4109.00,4849.00,0.00,Looking forward for your business.,,BEETA SCALES,32,32-Kerala,business_gst,32BTLPM0140A1ZG,NO,NO,,,Eldho (Kerala),"Beeta scales,  V.M Building, Near K.S.E.B Office",Wayanad,Kerala,India,673591,,Standard Template,Adjustment,"Beeta scales,  V.M Building, Near K.S.E.B Office",Wayanad,Kerala,India,673591,,3,,,,0.000,,,,0.00,0.000,,,,0.00,,,,,,,,Freight Charges,,996819,16.00,0.00,0.0,25.92,144.00,,FALSE,99381000000557009,Sales,COCS,,,,,kg,9.00,Taxable,99381000000006208,GST18,18.00,Tax Group,,,,9.00,9.00,0.00,0.00,12.96,12.96,0.00,0.00,12.96,12.96,0.00,0.00,,service,,,
2021-06-26,99381000003339157,EST265,sent,99381000001702591,Cochin,,,INR,1.00,entity_level,true,0.00,false,8082.00,9537.00,0.00,Looking forward for your business.,,BEETA SCALES,32,32-Kerala,business_gst,32BTLPM0140A1ZG,NO,NO,,,Eldho (Kerala),"Beeta scales,  V.M Building, Near K.S.E.B Office",Wayanad,Kerala,India,673591,,Standard Template,Adjustment,"Beeta scales,  V.M Building, Near K.S.E.B Office",Wayanad,Kerala,India,673591,,3,,,,0.000,,,,0.00,0.000,,,,0.00,,,,,,,,CHICKEN SCALE 300KG MS,"Make : YESWEIGH Model : YSC
Max : 300kg e:50g Min:1kg
Class : III",84239010,1.00,0.00,0.0,612.00,3400.00,,FALSE,99381000001933021,Sales,CS400X400MS,,,,,nos,3400.00,Taxable,99381000000006208,GST18,18.00,Tax Group,,,,9.00,9.00,0.00,0.00,306.00,306.00,0.00,0.00,306.00,306.00,0.00,0.00,,goods,,,
2021-06-26,99381000003339157,EST265,sent,99381000001702591,Cochin,,,INR,1.00,entity_level,true,0.00,false,8082.00,9537.00,0.00,Looking forward for your business.,,BEETA SCALES,32,32-Kerala,business_gst,32BTLPM0140A1ZG,NO,NO,,,Eldho (Kerala),"Beeta scales,  V.M Building, Near K.S.E.B Office",Wayanad,Kerala,India,673591,,Standard Template,Adjustment,"Beeta scales,  V.M Building, Near K.S.E.B Office",Wayanad,Kerala,India,673591,,3,,,,0.000,,,,0.00,0.000,,,,0.00,,,,,,,,Government Stamping Fee /Expense for 300kg,,998729,2.00,0.00,0.0,203.40,1130.00,,FALSE,99381000000548525,Sales,SF300,,,,,nos,565.00,Taxable,99381000000006208,GST18,18.00,Tax Group,,,,9.00,9.00,0.00,0.00,101.70,101.70,0.00,0.00,101.70,101.70,0.00,0.00,,goods,,,
2021-06-26,99381000003339157,EST265,sent,99381000001702591,Cochin,,,INR,1.00,entity_level,true,0.00,false,8082.00,9537.00,0.00,Looking forward for your business.,,BEETA SCALES,32,32-Kerala,business_gst,32BTLPM0140A1ZG,NO,NO,,,Eldho (Kerala),"Beeta scales,  V.M Building, Near K.S.E.B Office",Wayanad,Kerala,India,673591,,Standard Template,Adjustment,"Beeta scales,  V.M Building, Near K.S.E.B Office",Wayanad,Kerala,India,673591,,3,,,,0.000,,,,0.00,0.000,,,,0.00,,,,,,,,CHICKEN SCALE 300KG SS,"Make : YESWEIGH Model : YSC
Max : 300kg e:50g Min:1kg
Class : III",84239010,1.00,0.00,0.0,594.00,3300.00,,FALSE,99381000001933011,Sales,CS400X400SS,,,,,nos,3300.00,Taxable,99381000000006208,GST18,18.00,Tax Group,,,,9.00,9.00,0.00,0.00,297.00,297.00,0.00,0.00,297.00,297.00,0.00,0.00,,goods,,,
2021-06-26,99381000003339157,EST265,sent,99381000001702591,Cochin,,,INR,1.00,entity_level,true,0.00,false,8082.00,9537.00,0.00,Looking forward for your business.,,BEETA SCALES,32,32-Kerala,business_gst,32BTLPM0140A1ZG,NO,NO,,,Eldho (Kerala),"Beeta scales,  V.M Building, Near K.S.E.B Office",Wayanad,Kerala,India,673591,,Standard Template,Adjustment,"Beeta scales,  V.M Building, Near K.S.E.B Office",Wayanad,Kerala,India,673591,,3,,,,0.000,,,,0.00,0.000,,,,0.00,,,,,,,,Freight Charges,,996819,28.00,0.00,0.0,45.36,252.00,,FALSE,99381000000557009,Sales,COCS,,,,,kg,9.00,Taxable,99381000000006208,GST18,18.00,Tax Group,,,,9.00,9.00,0.00,0.00,22.68,22.68,0.00,0.00,22.68,22.68,0.00,0.00,,service,,,
2021-06-27,99381000003346033,EST266,sent,99381000001803364,Cochin,,,INR,1.00,entity_level,true,0.00,false,1990.00,2368.00,0.00,Looking forward for your business.,,MALABAR SCALES,32,32-Kerala,business_none,,NO,NO,,,Eldho (Kerala),Morikkara,kozhikodde,Kerala,India,673611,,Standard Template,Adjustment,Morikkara,kozhikodde,Kerala,India,673611,,3,,,,0.000,,,,0.00,0.000,,,,0.00,,,,,,,,KEYPAD BOARD ATM PC,,84239020,5.00,0.00,0.0,114.00,600.00,,FALSE,99381000000313040,Sales,APC202,,,,,nos,120.00,Taxable,99381000000260052,GST18 & KFC,19.00,Tax Group,,,,9.00,9.00,0.00,1.00,54.00,54.00,0.00,6.00,54.00,54.00,0.00,6.00,,goods,,,
2021-06-27,99381000003346033,EST266,sent,99381000001803364,Cochin,,,INR,1.00,entity_level,true,0.00,false,1990.00,2368.00,0.00,Looking forward for your business.,,MALABAR SCALES,32,32-Kerala,business_none,,NO,NO,,,Eldho (Kerala),Morikkara,kozhikodde,Kerala,India,673611,,Standard Template,Adjustment,Morikkara,kozhikodde,Kerala,India,673611,,3,,,,0.000,,,,0.00,0.000,,,,0.00,,,,,,,,MOTHER BOARD ATM/BENCH PC,,84239020,5.00,0.00,0.0,142.50,750.00,,FALSE,99381000000313080,Sales,BPC114,,,,,nos,150.00,Taxable,99381000000260052,GST18 & KFC,19.00,Tax Group,,,,9.00,9.00,0.00,1.00,67.50,67.50,0.00,7.50,67.50,67.50,0.00,7.50,,goods,,,
2021-06-27,99381000003346033,EST266,sent,99381000001803364,Cochin,,,INR,1.00,entity_level,true,0.00,false,1990.00,2368.00,0.00,Looking forward for your business.,,MALABAR SCALES,32,32-Kerala,business_none,,NO,NO,,,Eldho (Kerala),Morikkara,kozhikodde,Kerala,India,673611,,Standard Template,Adjustment,Morikkara,kozhikodde,Kerala,India,673611,,3,,,,0.000,,,,0.00,0.000,,,,0.00,,,,,,,,Keypad Board Bench PC,,84239020,3.00,0.00,0.0,74.10,390.00,,FALSE,99381000000542116,Sales,BPC102,,,,,pcs,130.00,Taxable,99381000000260052,GST18 & KFC,19.00,Tax Group,,,,9.00,9.00,0.00,1.00,35.10,35.10,0.00,3.90,35.10,35.10,0.00,3.90,,goods,,,
2021-06-27,99381000003346033,EST266,sent,99381000001803364,Cochin,,,INR,1.00,entity_level,true,0.00,false,1990.00,2368.00,0.00,Looking forward for your business.,,MALABAR SCALES,32,32-Kerala,business_none,,NO,NO,,,Eldho (Kerala),Morikkara,kozhikodde,Kerala,India,673611,,Standard Template,Adjustment,Morikkara,kozhikodde,Kerala,India,673611,,3,,,,0.000,,,,0.00,0.000,,,,0.00,,,,,,,,,BENCH LEG,84239020,10.00,0.00,0.0,47.50,250.00,,FALSE,,,,,,,,,25.00,Taxable,99381000000260052,GST18 & KFC,19.00,Tax Group,,,,9.00,9.00,0.00,1.00,22.50,22.50,0.00,2.50,22.50,22.50,0.00,2.50,,service,,,
2021-06-28,99381000003339263,EST267,invoiced,99381000002549012,Cochin,,,INR,1.00,entity_level,true,0.00,false,13186.00,15559.00,0.00,Looking forward for your business.,,ROYAL SCALES,32,32-Kerala,business_gst,32AKPPJ6985N1ZA,NO,NO,,,Eldho (Kerala),"PMC.19/2207,
Ground Floor, Dhanalakshmi Complex,",Kannur,Kerala,India,670307,,Standard Template,Adjustment,"Kakkur Road, Chembakkunnu
Narikkuni",Kozhikode,Kerala,India,673585,,1,,,,0.000,,,,0.00,0.000,,,,0.00,,,,,,,,Platform Weighing Scale 300kg/50g,"Make : YESWEIGH Model: YSP-5  
Max: 300 kg e: 50gm Min:1kg Class III",84231000,1.00,0.00,0.0,783.00,4350.00,,FALSE,99381000000326166,Sales,PF4560,,,,,nos,4350.00,Taxable,99381000000006208,GST18,18.00,Tax Group,,,,9.00,9.00,0.00,0.00,391.50,391.50,0.00,0.00,391.50,391.50,0.00,0.00,,goods,,,
2021-06-28,99381000003339263,EST267,invoiced,99381000002549012,Cochin,,,INR,1.00,entity_level,true,0.00,false,13186.00,15559.00,0.00,Looking forward for your business.,,ROYAL SCALES,32,32-Kerala,business_gst,32AKPPJ6985N1ZA,NO,NO,,,Eldho (Kerala),"PMC.19/2207,
Ground Floor, Dhanalakshmi Complex,",Kannur,Kerala,India,670307,,Standard Template,Adjustment,"Kakkur Road, Chembakkunnu
Narikkuni",Kozhikode,Kerala,India,673585,,1,,,,0.000,,,,0.00,0.000,,,,0.00,,,,,,,,CHICKEN SCALE 300KG SS,"Make : YESWEIGH Model : YSC
Max : 300kg e:50g Min:1kg
Class : III",84239010,1.00,0.00,0.0,594.00,3300.00,,FALSE,99381000001933011,Sales,CS400X400SS,,,,,nos,3300.00,Taxable,99381000000006208,GST18,18.00,Tax Group,,,,9.00,9.00,0.00,0.00,297.00,297.00,0.00,0.00,297.00,297.00,0.00,0.00,,goods,,,
2021-06-28,99381000003339263,EST267,invoiced,99381000002549012,Cochin,,,INR,1.00,entity_level,true,0.00,false,13186.00,15559.00,0.00,Looking forward for your business.,,ROYAL SCALES,32,32-Kerala,business_gst,32AKPPJ6985N1ZA,NO,NO,,,Eldho (Kerala),"PMC.19/2207,
Ground Floor, Dhanalakshmi Complex,",Kannur,Kerala,India,670307,,Standard Template,Adjustment,"Kakkur Road, Chembakkunnu
Narikkuni",Kozhikode,Kerala,India,673585,,1,,,,0.000,,,,0.00,0.000,,,,0.00,,,,,,,,CHICKEN SCALE 300KG MS,"Make : YESWEIGH Model : YSC
Max : 300kg e:50g Min:1kg
Class : III",84239010,1.00,0.00,0.0,612.00,3400.00,,FALSE,99381000001933021,Sales,CS400X400MS,,,,,nos,3400.00,Taxable,99381000000006208,GST18,18.00,Tax Group,,,,9.00,9.00,0.00,0.00,306.00,306.00,0.00,0.00,306.00,306.00,0.00,0.00,,goods,,,
2021-06-28,99381000003339263,EST267,invoiced,99381000002549012,Cochin,,,INR,1.00,entity_level,true,0.00,false,13186.00,15559.00,0.00,Looking forward for your business.,,ROYAL SCALES,32,32-Kerala,business_gst,32AKPPJ6985N1ZA,NO,NO,,,Eldho (Kerala),"PMC.19/2207,
Ground Floor, Dhanalakshmi Complex,",Kannur,Kerala,India,670307,,Standard Template,Adjustment,"Kakkur Road, Chembakkunnu
Narikkuni",Kozhikode,Kerala,India,673585,,1,,,,0.000,,,,0.00,0.000,,,,0.00,,,,,,,,Government Stamping Fee /Expense for 300kg,,998729,3.00,0.00,0.0,305.10,1695.00,,FALSE,99381000000548525,Sales,SF300,,,,,nos,565.00,Taxable,99381000000006208,GST18,18.00,Tax Group,,,,9.00,9.00,0.00,0.00,152.55,152.55,0.00,0.00,152.55,152.55,0.00,0.00,,goods,,,
2021-06-28,99381000003339263,EST267,invoiced,99381000002549012,Cochin,,,INR,1.00,entity_level,true,0.00,false,13186.00,15559.00,0.00,Looking forward for your business.,,ROYAL SCALES,32,32-Kerala,business_gst,32AKPPJ6985N1ZA,NO,NO,,,Eldho (Kerala),"PMC.19/2207,
Ground Floor, Dhanalakshmi Complex,",Kannur,Kerala,India,670307,,Standard Template,Adjustment,"Kakkur Road, Chembakkunnu
Narikkuni",Kozhikode,Kerala,India,673585,,1,,,,0.000,,,,0.00,0.000,,,,0.00,,,,,,,,Freight Charges,,996819,49.00,0.00,0.0,79.38,441.00,,FALSE,99381000000557009,Sales,COCS,,,,,kg,9.00,Taxable,99381000000006208,GST18,18.00,Tax Group,,,,9.00,9.00,0.00,0.00,39.69,39.69,0.00,0.00,39.69,39.69,0.00,0.00,,service,,,
2021-06-28,99381000003349634,EST268,invoiced,99381000001137001,Cochin,,,INR,1.00,entity_level,true,0.00,false,10260.00,12107.00,0.00,Looking forward for your business.,,AMANA INSTRUMENTS,32,32-Kerala,business_gst,32AVVPA5492J1Z7,NO,NO,,,Biju B,"Mukkam Road,
Pathanapuram",Malappuram,Kerala,India,673639,,Standard Template,Adjustment,"Mukkam Road,
Pathanapuram",Malappuram,Kerala,India,673639,,1,,,,0.000,,,,0.00,0.000,,,,0.00,,,,,,,,Platform scale,"Make: YESWEIGH  Model:YSP-50
Max:50kg  e:5g  Min:100g  Class:III",84231000,4.00,0.00,0.0,1497.60,8320.00,,FALSE,99381000000016068,Sales,BENCHPC,,,,,nos,2080.00,Taxable,99381000000006208,GST18,18.00,Tax Group,,,,9.00,9.00,0.00,0.00,748.80,748.80,0.00,0.00,748.80,748.80,0.00,0.00,,goods,,,
2021-06-28,99381000003349634,EST268,invoiced,99381000001137001,Cochin,,,INR,1.00,entity_level,true,0.00,false,10260.00,12107.00,0.00,Looking forward for your business.,,AMANA INSTRUMENTS,32,32-Kerala,business_gst,32AVVPA5492J1Z7,NO,NO,,,Biju B,"Mukkam Road,
Pathanapuram",Malappuram,Kerala,India,673639,,Standard Template,Adjustment,"Mukkam Road,
Pathanapuram",Malappuram,Kerala,India,673639,,1,,,,0.000,,,,0.00,0.000,,,,0.00,,,,,,,,Government Stamping Fee /Expense for 50 kg,,998729,4.00,0.00,0.0,349.20,1940.00,,FALSE,99381000000186036,Sales,SF50,,,,,nos,485.00,Taxable,99381000000006208,GST18,18.00,Tax Group,,,,9.00,9.00,0.00,0.00,174.60,174.60,0.00,0.00,174.60,174.60,0.00,0.00,,goods,,,
2021-06-28,99381000003349683,EST269,invoiced,99381000003349652,Cochin,,,INR,1.00,entity_level,true,0.00,false,8950.00,10561.00,0.00,Looking forward for your business.,,SCALE-TECH DIGITAL WEIGHING SYSTEM,32,32-Kerala,business_registered_composition,32BDCPH8641G1ZT,NO,NO,,,Biju B,1st floor ROOM NO 5/603 SJB,KARUKACHAL,Kerala,India,686540,,Standard Template,Adjustment,1st floor ROOM NO 5/603 SJB,KARUKACHAL,Kerala,India,686540,,1,,,,0.000,,,,0.00,0.000,,,,0.00,,,,,,,,ATM JUNIOR YS669,"Make : YESWEIGH Model : YSP-20
Max : 20kg e:2g Min:40g
Class : III",84231000,5.00,0.00,0.0,1611.00,8950.00,,FALSE,99381000001247038,Sales,YS669,,,,,nos,1790.00,Taxable,99381000000006208,GST18,18.00,Tax Group,,,,9.00,9.00,0.00,0.00,805.50,805.50,0.00,0.00,805.50,805.50,0.00,0.00,,goods,,,
2021-06-28,99381000003339299,EST270,invoiced,99381000002182004,Cochin,,,INR,1.00,entity_level,true,0.00,false,3278.00,3868.00,0.00,Looking forward for your business.,,S PAL DIGI WEIGH,32,32-Kerala,business_gst,32DFGPS9054N1ZS,NO,NO,,,Eldho (Kerala),"S PAL DIGI WEIGH, Valiyachudukad Jn",Alappuzha,Kerala,India,68002,,Standard Template,Adjustment,"S PAL DIGI WEIGH, Valiyachudukad Jn",Alappuzha,Kerala,India,68002,,1,,,,0.000,,,,0.00,0.000,,,,0.00,,,,,,,,Motherboard PMS 63,,84239020,5.00,0.00,0.0,216.00,1200.00,,FALSE,99381000002007019,Sales,MP63,,,,,nos,240.00,Taxable,99381000000006208,GST18,18.00,Tax Group,,,,9.00,9.00,0.00,0.00,108.00,108.00,0.00,0.00,108.00,108.00,0.00,0.00,,goods,,,
2021-06-28,99381000003339299,EST270,invoiced,99381000002182004,Cochin,,,INR,1.00,entity_level,true,0.00,false,3278.00,3868.00,0.00,Looking forward for your business.,,S PAL DIGI WEIGH,32,32-Kerala,business_gst,32DFGPS9054N1ZS,NO,NO,,,Eldho (Kerala),"S PAL DIGI WEIGH, Valiyachudukad Jn",Alappuzha,Kerala,India,68002,,Standard Template,Adjustment,"S PAL DIGI WEIGH, Valiyachudukad Jn",Alappuzha,Kerala,India,68002,,1,,,,0.000,,,,0.00,0.000,,,,0.00,,,,,,,,MOTHER BOARD ATM/BENCH PC,,84239020,2.00,0.00,0.0,54.00,300.00,,FALSE,99381000000313080,Sales,BPC114,,,,,nos,150.00,Taxable,99381000000006208,GST18,18.00,Tax Group,,,,9.00,9.00,0.00,0.00,27.00,27.00,0.00,0.00,27.00,27.00,0.00,0.00,,goods,,,
2021-06-28,99381000003339299,EST270,invoiced,99381000002182004,Cochin,,,INR,1.00,entity_level,true,0.00,false,3278.00,3868.00,0.00,Looking forward for your business.,,S PAL DIGI WEIGH,32,32-Kerala,business_gst,32DFGPS9054N1ZS,NO,NO,,,Eldho (Kerala),"S PAL DIGI WEIGH, Valiyachudukad Jn",Alappuzha,Kerala,India,68002,,Standard Template,Adjustment,"S PAL DIGI WEIGH, Valiyachudukad Jn",Alappuzha,Kerala,India,68002,,1,,,,0.000,,,,0.00,0.000,,,,0.00,,,,,,,,Loadcell 40KG 88mm,,84239020,2.00,0.00,0.0,43.20,240.00,,FALSE,99381000001991033,Sales,LC4088,,,,,nos,120.00,Taxable,99381000000006208,GST18,18.00,Tax Group,,,,9.00,9.00,0.00,0.00,21.60,21.60,0.00,0.00,21.60,21.60,0.00,0.00,,goods,,,
2021-06-28,99381000003339299,EST270,invoiced,99381000002182004,Cochin,,,INR,1.00,entity_level,true,0.00,false,3278.00,3868.00,0.00,Looking forward for your business.,,S PAL DIGI WEIGH,32,32-Kerala,business_gst,32DFGPS9054N1ZS,NO,NO,,,Eldho (Kerala),"S PAL DIGI WEIGH, Valiyachudukad Jn",Alappuzha,Kerala,India,68002,,Standard Template,Adjustment,"S PAL DIGI WEIGH, Valiyachudukad Jn",Alappuzha,Kerala,India,68002,,1,,,,0.000,,,,0.00,0.000,,,,0.00,,,,,,,,CHOTTU 40KG LOAD CELL,,84239020,2.00,0.00,0.0,46.80,260.00,,FALSE,99381000001676226,Sales,CH606,,,,,nos,130.00,Taxable,99381000000006208,GST18,18.00,Tax Group,,,,9.00,9.00,0.00,0.00,23.40,23.40,0.00,0.00,23.40,23.40,0.00,0.00,,goods,,,
2021-06-28,99381000003339299,EST270,invoiced,99381000002182004,Cochin,,,INR,1.00,entity_level,true,0.00,false,3278.00,3868.00,0.00,Looking forward for your business.,,S PAL DIGI WEIGH,32,32-Kerala,business_gst,32DFGPS9054N1ZS,NO,NO,,,Eldho (Kerala),"S PAL DIGI WEIGH, Valiyachudukad Jn",Alappuzha,Kerala,India,68002,,Standard Template,Adjustment,"S PAL DIGI WEIGH, Valiyachudukad Jn",Alappuzha,Kerala,India,68002,,1,,,,0.000,,,,0.00,0.000,,,,0.00,,,,,,,,FRC CONNECTOR 14 PIN,,84239020,10.00,0.00,0.0,5.40,30.00,,FALSE,99381000002008014,Sales,CON14,,,,,nos,3.00,Taxable,99381000000006208,GST18,18.00,Tax Group,,,,9.00,9.00,0.00,0.00,2.70,2.70,0.00,0.00,2.70,2.70,0.00,0.00,,goods,,,
2021-06-28,99381000003339299,EST270,invoiced,99381000002182004,Cochin,,,INR,1.00,entity_level,true,0.00,false,3278.00,3868.00,0.00,Looking forward for your business.,,S PAL DIGI WEIGH,32,32-Kerala,business_gst,32DFGPS9054N1ZS,NO,NO,,,Eldho (Kerala),"S PAL DIGI WEIGH, Valiyachudukad Jn",Alappuzha,Kerala,India,68002,,Standard Template,Adjustment,"S PAL DIGI WEIGH, Valiyachudukad Jn",Alappuzha,Kerala,India,68002,,1,,,,0.000,,,,0.00,0.000,,,,0.00,,,,,,,,AC Cord wire CPU Cord(3 yard),,84239020,6.00,0.00,0.0,66.96,372.00,,FALSE,99381000002008032,Sales,CW3X3,,,,,nos,62.00,Taxable,99381000000006208,GST18,18.00,Tax Group,,,,9.00,9.00,0.00,0.00,33.48,33.48,0.00,0.00,33.48,33.48,0.00,0.00,,goods,,,
2021-06-28,99381000003339299,EST270,invoiced,99381000002182004,Cochin,,,INR,1.00,entity_level,true,0.00,false,3278.00,3868.00,0.00,Looking forward for your business.,,S PAL DIGI WEIGH,32,32-Kerala,business_gst,32DFGPS9054N1ZS,NO,NO,,,Eldho (Kerala),"S PAL DIGI WEIGH, Valiyachudukad Jn",Alappuzha,Kerala,India,68002,,Standard Template,Adjustment,"S PAL DIGI WEIGH, Valiyachudukad Jn",Alappuzha,Kerala,India,68002,,1,,,,0.000,,,,0.00,0.000,,,,0.00,,,,,,,,Keypad,,84239020,6.00,0.00,0.0,8.64,48.00,,FALSE,99381000002008082,Sales,KEYPA1,,,,,nos,8.00,Taxable,99381000000006208,GST18,18.00,Tax Group,,,,9.00,9.00,0.00,0.00,4.32,4.32,0.00,0.00,4.32,4.32,0.00,0.00,,goods,,,
2021-06-28,99381000003339299,EST270,invoiced,99381000002182004,Cochin,,,INR,1.00,entity_level,true,0.00,false,3278.00,3868.00,0.00,Looking forward for your business.,,S PAL DIGI WEIGH,32,32-Kerala,business_gst,32DFGPS9054N1ZS,NO,NO,,,Eldho (Kerala),"S PAL DIGI WEIGH, Valiyachudukad Jn",Alappuzha,Kerala,India,68002,,Standard Template,Adjustment,"S PAL DIGI WEIGH, Valiyachudukad Jn",Alappuzha,Kerala,India,68002,,1,,,,0.000,,,,0.00,0.000,,,,0.00,,,,,,,,Display Board Green ( 6 LED),,84239020,6.00,0.00,0.0,59.40,330.00,,FALSE,99381000002007010,Sales,DISGR6,,,,,nos,55.00,Taxable,99381000000006208,GST18,18.00,Tax Group,,,,9.00,9.00,0.00,0.00,29.70,29.70,0.00,0.00,29.70,29.70,0.00,0.00,,goods,,,
2021-06-28,99381000003339299,EST270,invoiced,99381000002182004,Cochin,,,INR,1.00,entity_level,true,0.00,false,3278.00,3868.00,0.00,Looking forward for your business.,,S PAL DIGI WEIGH,32,32-Kerala,business_gst,32DFGPS9054N1ZS,NO,NO,,,Eldho (Kerala),"S PAL DIGI WEIGH, Valiyachudukad Jn",Alappuzha,Kerala,India,68002,,Standard Template,Adjustment,"S PAL DIGI WEIGH, Valiyachudukad Jn",Alappuzha,Kerala,India,68002,,1,,,,0.000,,,,0.00,0.000,,,,0.00,,,,,,,,Display Board Red ( 6  LED),,84239020,6.00,0.00,0.0,48.60,270.00,,FALSE,99381000002007001,Sales,DBRL6,,,,,nos,45.00,Taxable,99381000000006208,GST18,18.00,Tax Group,,,,9.00,9.00,0.00,0.00,24.30,24.30,0.00,0.00,24.30,24.30,0.00,0.00,,goods,,,
2021-06-28,99381000003339299,EST270,invoiced,99381000002182004,Cochin,,,INR,1.00,entity_level,true,0.00,false,3278.00,3868.00,0.00,Looking forward for your business.,,S PAL DIGI WEIGH,32,32-Kerala,business_gst,32DFGPS9054N1ZS,NO,NO,,,Eldho (Kerala),"S PAL DIGI WEIGH, Valiyachudukad Jn",Alappuzha,Kerala,India,68002,,Standard Template,Adjustment,"S PAL DIGI WEIGH, Valiyachudukad Jn",Alappuzha,Kerala,India,68002,,1,,,,0.000,,,,0.00,0.000,,,,0.00,,,,,,,,Led Red,,84239020,12.00,0.00,0.0,3.24,18.00,,FALSE,99381000002008118,Sales,LEDR,,,,,nos,1.50,Taxable,99381000000006208,GST18,18.00,Tax Group,,,,9.00,9.00,0.00,0.00,1.62,1.62,0.00,0.00,1.62,1.62,0.00,0.00,,goods,,,
2021-06-28,99381000003339299,EST270,invoiced,99381000002182004,Cochin,,,INR,1.00,entity_level,true,0.00,false,3278.00,3868.00,0.00,Looking forward for your business.,,S PAL DIGI WEIGH,32,32-Kerala,business_gst,32DFGPS9054N1ZS,NO,NO,,,Eldho (Kerala),"S PAL DIGI WEIGH, Valiyachudukad Jn",Alappuzha,Kerala,India,68002,,Standard Template,Adjustment,"S PAL DIGI WEIGH, Valiyachudukad Jn",Alappuzha,Kerala,India,68002,,1,,,,0.000,,,,0.00,0.000,,,,0.00,,,,,,,,Push Tare Switch Metal Type,,84239020,6.00,0.00,0.0,21.60,120.00,,FALSE,99381000002008060,Sales,PTSMT,,,,,nos,20.00,Taxable,99381000000006208,GST18,18.00,Tax Group,,,,9.00,9.00,0.00,0.00,10.80,10.80,0.00,0.00,10.80,10.80,0.00,0.00,,goods,,,
2021-06-28,99381000003339299,EST270,invoiced,99381000002182004,Cochin,,,INR,1.00,entity_level,true,0.00,false,3278.00,3868.00,0.00,Looking forward for your business.,,S PAL DIGI WEIGH,32,32-Kerala,business_gst,32DFGPS9054N1ZS,NO,NO,,,Eldho (Kerala),"S PAL DIGI WEIGH, Valiyachudukad Jn",Alappuzha,Kerala,India,68002,,Standard Template,Adjustment,"S PAL DIGI WEIGH, Valiyachudukad Jn",Alappuzha,Kerala,India,68002,,1,,,,0.000,,,,0.00,0.000,,,,0.00,,,,,,,,Push Tare Switch Normal Type,,84239020,6.00,0.00,0.0,16.20,90.00,,FALSE,99381000002008073,Sales,PTSNR,,,,,nos,15.00,Taxable,99381000000006208,GST18,18.00,Tax Group,,,,9.00,9.00,0.00,0.00,8.10,8.10,0.00,0.00,8.10,8.10,0.00,0.00,,goods,,,
2021-06-28,99381000003339444,EST271,invoiced,99381000000015830,Cochin,,,INR,1.00,entity_level,true,0.00,false,10880.00,12838.00,0.00,Looking forward for your business.,,FELIX WEIGHING SYSTEMS,32,32-Kerala,business_gst,32BFKPS2889R1ZD,NO,NO,,,Eldho (Kerala),Near Chithra Hospital,Pathanamthitta,KERALA,India,689501,,Standard Template,Adjustment,Near Chithra Hospital,Pathanamthitta,KERALA,India,689501,,1,,,,0.000,,,,0.00,0.000,,,,0.00,,,,,,,,Shearbeam Loadcell 1000kg,,84239020,16.00,0.00,0.0,1958.40,10880.00,,FALSE,99381000002008154,Sales,SBLC1T,,,,,nos,680.00,Taxable,99381000000006208,GST18,18.00,Tax Group,,,,9.00,9.00,0.00,0.00,979.20,979.20,0.00,0.00,979.20,979.20,0.00,0.00,,goods,,,
2021-06-28,99381000003339476,EST272,accepted,99381000003339413,Cochin,,,INR,1.00,entity_level,true,0.00,false,1100.00,1298.00,0.00,Looking forward for your business.,,S R VALUE,32,32-Kerala,business_gst,32ADIFS8395K1ZE,NO,NO,,,Eldho (Kerala),EZHTHUPALLI BUILDING NETTOR PO OPPOSITE LAKESHORE BUS STOP ERNAKULAM,ERNAKULAM,Kerala,,682040,,Standard Template,Adjustment,EZHTHUPALLI BUILDING NETTOR PO OPPOSITE LAKESHORE BUS STOP ERNAKULAM,ERNAKULAM,Kerala,,682040,,1,,,,0.000,,,,0.00,0.000,,,,0.00,,,,,,,,Q8/Q9LBL KEYPAD BOARD,,84239020,1.00,0.00,0.0,198.00,1100.00,,FALSE,99381000001663109,Sales,Q8605,,,,,nos,1100.00,Taxable,99381000000006208,GST18,18.00,Tax Group,,,,9.00,9.00,0.00,0.00,99.00,99.00,0.00,0.00,99.00,99.00,0.00,0.00,,goods,,,
2021-06-28,99381000003349781,EST273,invoiced,99381000003243452,Cochin,,,INR,1.00,entity_level,true,0.00,false,3965.00,4679.00,0.00,Looking forward for your business.,,Ewaymax Technology Pvt. Ltd.,29,29-Karnataka,business_gst,29AAFCE2917A1ZZ,NO,NO,,,Biju B,"#677, 1st Floor,Suit no.678,27th Main",Banglore,Karnataka,India,560102,,Standard Template,Adjustment,"Mr. Arif ali
Hajiyarakath House",Malappuram,Kerala,India,679579,,1,,,,0.000,,,,0.00,0.000,,,,0.00,,,,,,,,CHICKEN SCALE 300KG MS,"Make : YESWEIGH Model : YSC
Max : 300kg e:50g Min:1kg
Class : III",84239010,1.00,0.00,0.0,612.00,3400.00,,FALSE,99381000001933021,Sales,CS400X400MS,,,,,nos,3400.00,Taxable,99381000000006196,IGST18,18.00,ItemAmount,,,,0.00,0.00,18.00,0.00,0.00,0.00,612.00,0.00,0.00,0.00,612.00,0.00,,goods,,,
2021-06-28,99381000003349781,EST273,invoiced,99381000003243452,Cochin,,,INR,1.00,entity_level,true,0.00,false,3965.00,4679.00,0.00,Looking forward for your business.,,Ewaymax Technology Pvt. Ltd.,29,29-Karnataka,business_gst,29AAFCE2917A1ZZ,NO,NO,,,Biju B,"#677, 1st Floor,Suit no.678,27th Main",Banglore,Karnataka,India,560102,,Standard Template,Adjustment,"Mr. Arif ali
Hajiyarakath House",Malappuram,Kerala,India,679579,,1,,,,0.000,,,,0.00,0.000,,,,0.00,,,,,,,,Government Stamping Fee /Expense for 300kg,,998729,1.00,0.00,0.0,101.70,565.00,,FALSE,99381000000548525,Sales,SF300,,,,,nos,565.00,Taxable,99381000000006196,IGST18,18.00,ItemAmount,,,,0.00,0.00,18.00,0.00,0.00,0.00,101.70,0.00,0.00,0.00,101.70,0.00,,goods,,,
2021-06-29,99381000003359009,EST274,invoiced,99381000000015830,Cochin,,,INR,1.00,entity_level,true,0.00,false,4000.00,4720.00,0.00,Looking forward for your business.,,FELIX WEIGHING SYSTEMS,32,32-Kerala,business_gst,32BFKPS2889R1ZD,NO,NO,,,Eldho (Kerala),Near Chithra Hospital,Pathanamthitta,KERALA,India,689501,,Standard Template,Adjustment,Near Chithra Hospital,Pathanamthitta,KERALA,India,689501,,3,,,,0.000,,,,0.00,0.000,,,,0.00,,,,,,,,Transformer,,84239020,50.00,0.00,0.0,720.00,4000.00,,FALSE,99381000002007028,Sales,TR12V,,,,,nos,80.00,Taxable,99381000000006208,GST18,18.00,Tax Group,,,,9.00,9.00,0.00,0.00,360.00,360.00,0.00,0.00,360.00,360.00,0.00,0.00,,goods,,,
2021-06-29,99381000003365465,EST275,invoiced,99381000002222998,Cochin,,,INR,1.00,entity_level,true,0.00,false,4160.00,4909.00,0.00,Looking forward for your business.,,Deepa weighing services,32,32-Kerala,business_gst,32AOJPG3528G1Z9,NO,NO,,,Eldho (Kerala),"Deepa weighing services, 70/1530, Chammany tower",Ernakulam,Kerala,India,682018,,Standard Template,Adjustment,"Deepa weighing services, 70/1530, Chammany tower",Ernakulam,Kerala,India,682018,,1,,,,0.000,,,,0.00,0.000,,,,0.00,,,,,,,,KEYPAD BOARD ATM PC,,84239020,10.00,0.00,0.0,216.00,1200.00,,FALSE,99381000000313040,Sales,APC202,,,,,nos,120.00,Taxable,99381000000006208,GST18,18.00,Tax Group,,,,9.00,9.00,0.00,0.00,108.00,108.00,0.00,0.00,108.00,108.00,0.00,0.00,,goods,,,
2021-06-29,99381000003365465,EST275,invoiced,99381000002222998,Cochin,,,INR,1.00,entity_level,true,0.00,false,4160.00,4909.00,0.00,Looking forward for your business.,,Deepa weighing services,32,32-Kerala,business_gst,32AOJPG3528G1Z9,NO,NO,,,Eldho (Kerala),"Deepa weighing services, 70/1530, Chammany tower",Ernakulam,Kerala,India,682018,,Standard Template,Adjustment,"Deepa weighing services, 70/1530, Chammany tower",Ernakulam,Kerala,India,682018,,1,,,,0.000,,,,0.00,0.000,,,,0.00,,,,,,,,Keypad Board Bench PC,,84239020,5.00,0.00,0.0,117.00,650.00,,FALSE,99381000000542116,Sales,BPC102,,,,,pcs,130.00,Taxable,99381000000006208,GST18,18.00,Tax Group,,,,9.00,9.00,0.00,0.00,58.50,58.50,0.00,0.00,58.50,58.50,0.00,0.00,,goods,,,
2021-06-29,99381000003365465,EST275,invoiced,99381000002222998,Cochin,,,INR,1.00,entity_level,true,0.00,false,4160.00,4909.00,0.00,Looking forward for your business.,,Deepa weighing services,32,32-Kerala,business_gst,32AOJPG3528G1Z9,NO,NO,,,Eldho (Kerala),"Deepa weighing services, 70/1530, Chammany tower",Ernakulam,Kerala,India,682018,,Standard Template,Adjustment,"Deepa weighing services, 70/1530, Chammany tower",Ernakulam,Kerala,India,682018,,1,,,,0.000,,,,0.00,0.000,,,,0.00,,,,,,,,AC Cord wire CPU Cord(3 yard),,84239020,30.00,0.00,0.0,334.80,1860.00,,FALSE,99381000002008032,Sales,CW3X3,,,,,nos,62.00,Taxable,99381000000006208,GST18,18.00,Tax Group,,,,9.00,9.00,0.00,0.00,167.40,167.40,0.00,0.00,167.40,167.40,0.00,0.00,,goods,,,
2021-06-29,99381000003365465,EST275,invoiced,99381000002222998,Cochin,,,INR,1.00,entity_level,true,0.00,false,4160.00,4909.00,0.00,Looking forward for your business.,,Deepa weighing services,32,32-Kerala,business_gst,32AOJPG3528G1Z9,NO,NO,,,Eldho (Kerala),"Deepa weighing services, 70/1530, Chammany tower",Ernakulam,Kerala,India,682018,,Standard Template,Adjustment,"Deepa weighing services, 70/1530, Chammany tower",Ernakulam,Kerala,India,682018,,1,,,,0.000,,,,0.00,0.000,,,,0.00,,,,,,,,3 Pin CPU Socket,,84239020,25.00,0.00,0.0,81.00,450.00,,FALSE,99381000002008041,Sales,CSP3,,,,,nos,18.00,Taxable,99381000000006208,GST18,18.00,Tax Group,,,,9.00,9.00,0.00,0.00,40.50,40.50,0.00,0.00,40.50,40.50,0.00,0.00,,goods,,,
2021-06-30,99381000003366027,EST276,invoiced,99381000001357007,Cochin,,,INR,1.00,entity_level,true,0.00,false,915.00,1080.00,0.00,Looking forward for your business.,,Scale Point,32,32-Kerala,business_gst,32DSJPS7374R1ZN,NO,NO,,,Eldho (Kerala),"Scale Point, Room No: 8/76-5",Kalpatta,Kerala,India,628505,,Standard Template,Adjustment,"Scale Point, Room No: 8/76-5",Kalpatta,Kerala,India,628505,,1,,,,0.000,,,,0.00,0.000,,,,0.00,,,,,,,,CHOTTU MOTHERBOARD - 99MB 6V,,84239020,3.00,0.00,0.0,105.30,585.00,,FALSE,99381000001165607,Sales,CH602,,,,,nos,195.00,Taxable,99381000000006208,GST18,18.00,Tax Group,,,,9.00,9.00,0.00,0.00,52.65,52.65,0.00,0.00,52.65,52.65,0.00,0.00,,goods,,,
2021-06-30,99381000003366027,EST276,invoiced,99381000001357007,Cochin,,,INR,1.00,entity_level,true,0.00,false,915.00,1080.00,0.00,Looking forward for your business.,,Scale Point,32,32-Kerala,business_gst,32DSJPS7374R1ZN,NO,NO,,,Eldho (Kerala),"Scale Point, Room No: 8/76-5",Kalpatta,Kerala,India,628505,,Standard Template,Adjustment,"Scale Point, Room No: 8/76-5",Kalpatta,Kerala,India,628505,,1,,,,0.000,,,,0.00,0.000,,,,0.00,,,,,,,,AC/DC Adaptor,,84239020,2.00,0.00,0.0,32.40,180.00,,FALSE,99381000000542391,Sales,WPC406,,,,,pcs,90.00,Taxable,99381000000006208,GST18,18.00,Tax Group,,,,9.00,9.00,0.00,0.00,16.20,16.20,0.00,0.00,16.20,16.20,0.00,0.00,,goods,,,
2021-06-30,99381000003366027,EST276,invoiced,99381000001357007,Cochin,,,INR,1.00,entity_level,true,0.00,false,915.00,1080.00,0.00,Looking forward for your business.,,Scale Point,32,32-Kerala,business_gst,32DSJPS7374R1ZN,NO,NO,,,Eldho (Kerala),"Scale Point, Room No: 8/76-5",Kalpatta,Kerala,India,628505,,Standard Template,Adjustment,"Scale Point, Room No: 8/76-5",Kalpatta,Kerala,India,628505,,1,,,,0.000,,,,0.00,0.000,,,,0.00,,,,,,,,MOTHER BOARD ATM/BENCH PC,,84239020,1.00,0.00,0.0,27.00,150.00,,FALSE,99381000000313080,Sales,BPC114,,,,,nos,150.00,Taxable,99381000000006208,GST18,18.00,Tax Group,,,,9.00,9.00,0.00,0.00,13.50,13.50,0.00,0.00,13.50,13.50,0.00,0.00,,goods,,,
2021-06-30,99381000003366057,EST277,invoiced,99381000001357007,Cochin,,,INR,1.00,entity_level,true,0.00,false,110.00,130.00,0.00,Looking forward for your business.,,Scale Point,32,32-Kerala,business_gst,32DSJPS7374R1ZN,NO,NO,,,Eldho (Kerala),"Scale Point, Room No: 8/76-5",Kalpatta,Kerala,India,628505,,Standard Template,Adjustment,"Scale Point, Room No: 8/76-5",Kalpatta,Kerala,India,628505,,1,,,,0.000,,,,0.00,0.000,,,,0.00,,,,,,,,Display Board Green ( 6 LED),,84239020,2.00,0.00,0.0,19.80,110.00,,FALSE,99381000002007010,Sales,DISGR6,,,,,nos,55.00,Taxable,99381000000006208,GST18,18.00,Tax Group,,,,9.00,9.00,0.00,0.00,9.90,9.90,0.00,0.00,9.90,9.90,0.00,0.00,,goods,,,
2021-06-30,99381000003372063,EST278,invoiced,99381000002182004,Cochin,,,INR,1.00,entity_level,true,0.00,false,540.00,637.00,0.00,Looking forward for your business.,,S PAL DIGI WEIGH,32,32-Kerala,business_gst,32DFGPS9054N1ZS,NO,NO,,,Eldho (Kerala),"S PAL DIGI WEIGH, Valiyachudukad Jn",Alappuzha,Kerala,India,68002,,Standard Template,Adjustment,"S PAL DIGI WEIGH, Valiyachudukad Jn",Alappuzha,Kerala,India,68002,,3,,,,0.000,,,,0.00,0.000,,,,0.00,,,,,,,,Loadcell 40 kg: 130 mm,,84239020,3.00,0.00,0.0,97.20,540.00,,FALSE,99381000002001031,Sales,LKM401,,,,,nos,180.00,Taxable,99381000000006208,GST18,18.00,Tax Group,,,,9.00,9.00,0.00,0.00,48.60,48.60,0.00,0.00,48.60,48.60,0.00,0.00,,goods,,,
2021-06-30,99381000003366191,EST279,invoiced,99381000001542136,Cochin,,,INR,1.00,entity_level,true,0.00,false,5090.00,6096.00,0.00,Looking forward for your business.,,Clarion Systems,32,32-Kerala,business_gst,32AMHPV4309C1ZB,NO,NO,,,Eldho (Kerala),"Clarion Systems, Kokkadan Building, Chungam",Thrissur,Kerala,India,680302,,Standard Template,Adjustment,"Clarion Systems, Kokkadan Building, Chungam",Thrissur,Kerala,India,680302,,1,,,,0.000,,,,0.00,0.000,,,,0.00,,,,,,,,ATM PC / BENCH PC BATTERY 4V  4.5AH,,85068090,5.00,0.00,0.0,252.00,900.00,,FALSE,99381000000691252,Sales,APC209,,,,,nos,180.00,Taxable,99381000000006224,GST28,28.00,Tax Group,,,,14.00,14.00,0.00,0.00,126.00,126.00,0.00,0.00,126.00,126.00,0.00,0.00,,goods,,,
2021-06-30,99381000003366191,EST279,invoiced,99381000001542136,Cochin,,,INR,1.00,entity_level,true,0.00,false,5090.00,6096.00,0.00,Looking forward for your business.,,Clarion Systems,32,32-Kerala,business_gst,32AMHPV4309C1ZB,NO,NO,,,Eldho (Kerala),"Clarion Systems, Kokkadan Building, Chungam",Thrissur,Kerala,India,680302,,Standard Template,Adjustment,"Clarion Systems, Kokkadan Building, Chungam",Thrissur,Kerala,India,680302,,1,,,,0.000,,,,0.00,0.000,,,,0.00,,,,,,,,MOTHER BOARD ATM/BENCH PC,,84239020,10.00,0.00,0.0,270.00,1500.00,,FALSE,99381000000313080,Sales,BPC114,,,,,nos,150.00,Taxable,99381000000006208,GST18,18.00,Tax Group,,,,9.00,9.00,0.00,0.00,135.00,135.00,0.00,0.00,135.00,135.00,0.00,0.00,,goods,,,
2021-06-30,99381000003366191,EST279,invoiced,99381000001542136,Cochin,,,INR,1.00,entity_level,true,0.00,false,5090.00,6096.00,0.00,Looking forward for your business.,,Clarion Systems,32,32-Kerala,business_gst,32AMHPV4309C1ZB,NO,NO,,,Eldho (Kerala),"Clarion Systems, Kokkadan Building, Chungam",Thrissur,Kerala,India,680302,,Standard Template,Adjustment,"Clarion Systems, Kokkadan Building, Chungam",Thrissur,Kerala,India,680302,,1,,,,0.000,,,,0.00,0.000,,,,0.00,,,,,,,,KEYPAD BOARD ATM PC,,84239020,5.00,0.00,0.0,108.00,600.00,,FALSE,99381000000313040,Sales,APC202,,,,,nos,120.00,Taxable,99381000000006208,GST18,18.00,Tax Group,,,,9.00,9.00,0.00,0.00,54.00,54.00,0.00,0.00,54.00,54.00,0.00,0.00,,goods,,,
2021-06-30,99381000003366191,EST279,invoiced,99381000001542136,Cochin,,,INR,1.00,entity_level,true,0.00,false,5090.00,6096.00,0.00,Looking forward for your business.,,Clarion Systems,32,32-Kerala,business_gst,32AMHPV4309C1ZB,NO,NO,,,Eldho (Kerala),"Clarion Systems, Kokkadan Building, Chungam",Thrissur,Kerala,India,680302,,Standard Template,Adjustment,"Clarion Systems, Kokkadan Building, Chungam",Thrissur,Kerala,India,680302,,1,,,,0.000,,,,0.00,0.000,,,,0.00,,,,,,,,FRONT DISPLAY BOARD ATM PC,,84239020,3.00,0.00,0.0,70.20,390.00,,FALSE,99381000000313049,Sales,APC206,,,,,nos,130.00,Taxable,99381000000006208,GST18,18.00,Tax Group,,,,9.00,9.00,0.00,0.00,35.10,35.10,0.00,0.00,35.10,35.10,0.00,0.00,,goods,,,
2021-06-30,99381000003366191,EST279,invoiced,99381000001542136,Cochin,,,INR,1.00,entity_level,true,0.00,false,5090.00,6096.00,0.00,Looking forward for your business.,,Clarion Systems,32,32-Kerala,business_gst,32AMHPV4309C1ZB,NO,NO,,,Eldho (Kerala),"Clarion Systems, Kokkadan Building, Chungam",Thrissur,Kerala,India,680302,,Standard Template,Adjustment,"Clarion Systems, Kokkadan Building, Chungam",Thrissur,Kerala,India,680302,,1,,,,0.000,,,,0.00,0.000,,,,0.00,,,,,,,,Back Display Board ATM PC/TOUCH/WATERPROOF/JUNIOR,,84239020,3.00,0.00,0.0,59.40,330.00,,FALSE,99381000000542279,Sales,APC207,,,,,nos,110.00,Taxable,99381000000006208,GST18,18.00,Tax Group,,,,9.00,9.00,0.00,0.00,29.70,29.70,0.00,0.00,29.70,29.70,0.00,0.00,,goods,,,
2021-06-30,99381000003366191,EST279,invoiced,99381000001542136,Cochin,,,INR,1.00,entity_level,true,0.00,false,5090.00,6096.00,0.00,Looking forward for your business.,,Clarion Systems,32,32-Kerala,business_gst,32AMHPV4309C1ZB,NO,NO,,,Eldho (Kerala),"Clarion Systems, Kokkadan Building, Chungam",Thrissur,Kerala,India,680302,,Standard Template,Adjustment,"Clarion Systems, Kokkadan Building, Chungam",Thrissur,Kerala,India,680302,,1,,,,0.000,,,,0.00,0.000,,,,0.00,,,,,,,,Keypad Board Bench PC,,84239020,5.00,0.00,0.0,117.00,650.00,,FALSE,99381000000542116,Sales,BPC102,,,,,pcs,130.00,Taxable,99381000000006208,GST18,18.00,Tax Group,,,,9.00,9.00,0.00,0.00,58.50,58.50,0.00,0.00,58.50,58.50,0.00,0.00,,goods,,,
2021-06-30,99381000003366191,EST279,invoiced,99381000001542136,Cochin,,,INR,1.00,entity_level,true,0.00,false,5090.00,6096.00,0.00,Looking forward for your business.,,Clarion Systems,32,32-Kerala,business_gst,32AMHPV4309C1ZB,NO,NO,,,Eldho (Kerala),"Clarion Systems, Kokkadan Building, Chungam",Thrissur,Kerala,India,680302,,Standard Template,Adjustment,"Clarion Systems, Kokkadan Building, Chungam",Thrissur,Kerala,India,680302,,1,,,,0.000,,,,0.00,0.000,,,,0.00,,,,,,,,Front Display Board Bench PC,,84239020,3.00,0.00,0.0,70.20,390.00,,FALSE,99381000000542197,Sales,BPC111,,,,,pcs,130.00,Taxable,99381000000006208,GST18,18.00,Tax Group,,,,9.00,9.00,0.00,0.00,35.10,35.10,0.00,0.00,35.10,35.10,0.00,0.00,,goods,,,
2021-06-30,99381000003366191,EST279,invoiced,99381000001542136,Cochin,,,INR,1.00,entity_level,true,0.00,false,5090.00,6096.00,0.00,Looking forward for your business.,,Clarion Systems,32,32-Kerala,business_gst,32AMHPV4309C1ZB,NO,NO,,,Eldho (Kerala),"Clarion Systems, Kokkadan Building, Chungam",Thrissur,Kerala,India,680302,,Standard Template,Adjustment,"Clarion Systems, Kokkadan Building, Chungam",Thrissur,Kerala,India,680302,,1,,,,0.000,,,,0.00,0.000,,,,0.00,,,,,,,,Back Display Board Bench PC,,84239020,3.00,0.00,0.0,59.40,330.00,,FALSE,99381000000542206,Sales,BPC112,,,,,pcs,110.00,Taxable,99381000000006208,GST18,18.00,Tax Group,,,,9.00,9.00,0.00,0.00,29.70,29.70,0.00,0.00,29.70,29.70,0.00,0.00,,goods,,,
2021-06-30,99381000003366231,EST280,invoiced,99381000001654246,Cochin,,,INR,1.00,entity_level,true,0.00,false,17144.00,20230.00,0.00,Looking forward for your business.,,JOSCO SCALES,32,32-Kerala,business_gst,32ACLPD6342B1Z7,NO,NO,,,Eldho (Kerala),MANORAMA JUNCTION,KOTTAYAM,Kerala,India,686001,,Standard Template,Adjustment,MANORAMA JUNCTION,KOTTAYAM,Kerala,India,686001,,1,,,,0.000,,,,0.00,0.000,,,,0.00,,,,,,,,Platform scale,"Make: YESWEIGH  Model:YSP-50
Max:50kg  e:5g  Min:100g  Class:III",84231000,8.00,0.00,0.0,2995.20,16640.00,,FALSE,99381000000016068,Sales,BENCHPC,,,,,nos,2080.00,Taxable,99381000000006208,GST18,18.00,Tax Group,,,,9.00,9.00,0.00,0.00,1497.60,1497.60,0.00,0.00,1497.60,1497.60,0.00,0.00,,goods,,,
2021-06-30,99381000003366231,EST280,invoiced,99381000001654246,Cochin,,,INR,1.00,entity_level,true,0.00,false,17144.00,20230.00,0.00,Looking forward for your business.,,JOSCO SCALES,32,32-Kerala,business_gst,32ACLPD6342B1Z7,NO,NO,,,Eldho (Kerala),MANORAMA JUNCTION,KOTTAYAM,Kerala,India,686001,,Standard Template,Adjustment,MANORAMA JUNCTION,KOTTAYAM,Kerala,India,686001,,1,,,,0.000,,,,0.00,0.000,,,,0.00,,,,,,,,Freight Charges,,996819,56.00,0.00,0.0,90.72,504.00,,FALSE,99381000000557009,Sales,COCS,,,,,kg,9.00,Taxable,99381000000006208,GST18,18.00,Tax Group,,,,9.00,9.00,0.00,0.00,45.36,45.36,0.00,0.00,45.36,45.36,0.00,0.00,,service,,,
2021-06-30,99381000003366247,EST281,invoiced,99381000002854009,Cochin,,,INR,1.00,entity_level,true,0.00,false,1970.00,2325.00,0.00,Looking forward for your business.,,HAMDHA SCALES,32,32-Kerala,business_gst,32ANEPH3773N1ZT,NO,NO,,,Eldho (Kerala),"ROOM NO10/641B FIRST FLOOR
THANANGATTIL BUILDING
PUKKATTUPADY EDATHALA ALUVA",ERNAKULAM,Kerala,India,,,Standard Template,Adjustment,"ROOM NO10/641B FIRST FLOOR
THANANGATTIL BUILDING
PUKKATTUPADY EDATHALA ALUVA",ERNAKULAM,Kerala,India,,,1,,,,0.000,,,,0.00,0.000,,,,0.00,,,,,,,,Loadcell 300 kg 25 x25- 40 mm 4 HOLE,,84239020,4.00,0.00,0.0,295.20,1640.00,,FALSE,99381000002001110,Sales,LC300,,,,,nos,410.00,Taxable,99381000000006208,GST18,18.00,Tax Group,,,,9.00,9.00,0.00,0.00,147.60,147.60,0.00,0.00,147.60,147.60,0.00,0.00,,goods,,,
2021-06-30,99381000003366247,EST281,invoiced,99381000002854009,Cochin,,,INR,1.00,entity_level,true,0.00,false,1970.00,2325.00,0.00,Looking forward for your business.,,HAMDHA SCALES,32,32-Kerala,business_gst,32ANEPH3773N1ZT,NO,NO,,,Eldho (Kerala),"ROOM NO10/641B FIRST FLOOR
THANANGATTIL BUILDING
PUKKATTUPADY EDATHALA ALUVA",ERNAKULAM,Kerala,India,,,Standard Template,Adjustment,"ROOM NO10/641B FIRST FLOOR
THANANGATTIL BUILDING
PUKKATTUPADY EDATHALA ALUVA",ERNAKULAM,Kerala,India,,,1,,,,0.000,,,,0.00,0.000,,,,0.00,,,,,,,,Display Board Green ( 6 LED),,84239020,6.00,0.00,0.0,59.40,330.00,,FALSE,99381000002007010,Sales,DISGR6,,,,,nos,55.00,Taxable,99381000000006208,GST18,18.00,Tax Group,,,,9.00,9.00,0.00,0.00,29.70,29.70,0.00,0.00,29.70,29.70,0.00,0.00,,goods,,,
2021-07-01,99381000003369377,EST282,invoiced,99381000002913031,Cochin,,,INR,1.00,entity_level,true,0.00,false,36880.00,43518.00,0.00,Looking forward for your business.,,VIKAS SCALES SERVICES,32,32-Kerala,business_gst,32AXIPA6570E1ZU,NO,NO,,,Eldho (Kerala),"KANNARA STREET, G.B ROAD, PALAKKAD",PALAKKAD,Kerala,India,678001,,Standard Template,Adjustment,"KANNARA STREET, G.B ROAD, PALAKKAD",PALAKKAD,Kerala,India,678001,,3,,,,0.000,,,,0.00,0.000,,,,0.00,,,,,,,,Platform scale,"Make: YESWEIGH  Model:YSP-50
Max:50kg  e:5g  Min:100g  Class:III",84231000,16.00,0.00,0.0,5990.40,33280.00,,FALSE,99381000000016068,Sales,BENCHPC,,,,,nos,2080.00,Taxable,99381000000006208,GST18,18.00,Tax Group,,,,9.00,9.00,0.00,0.00,2995.20,2995.20,0.00,0.00,2995.20,2995.20,0.00,0.00,,goods,,,
2021-07-01,99381000003369377,EST282,invoiced,99381000002913031,Cochin,,,INR,1.00,entity_level,true,0.00,false,36880.00,43518.00,0.00,Looking forward for your business.,,VIKAS SCALES SERVICES,32,32-Kerala,business_gst,32AXIPA6570E1ZU,NO,NO,,,Eldho (Kerala),"KANNARA STREET, G.B ROAD, PALAKKAD",PALAKKAD,Kerala,India,678001,,Standard Template,Adjustment,"KANNARA STREET, G.B ROAD, PALAKKAD",PALAKKAD,Kerala,India,678001,,3,,,,0.000,,,,0.00,0.000,,,,0.00,,,,,,,,Platform Weighing Scale 200kg/20g,"Make:YESWEIGH Model : YSP-200
Max : 200kg e: 20g Min :400gm 
Class: III
",84231000,1.00,0.00,0.0,648.00,3600.00,,FALSE,99381000000326157,Sales,PFPC400X500SS,,,,,nos,3600.00,Taxable,99381000000006208,GST18,18.00,Tax Group,,,,9.00,9.00,0.00,0.00,324.00,324.00,0.00,0.00,324.00,324.00,0.00,0.00,,goods,,,
2021-07-02,99381000003372629,EST283,draft,99381000001702591,Cochin,,,INR,1.00,entity_level,true,0.00,false,4310.00,5086.00,0.00,Looking forward for your business.,,BEETA SCALES,32,32-Kerala,business_gst,32BTLPM0140A1ZG,NO,NO,,,Eldho (Kerala),"Beeta scales,  V.M Building, Near K.S.E.B Office",Wayanad,Kerala,India,673591,,Standard Template,Adjustment,"Beeta scales,  V.M Building, Near K.S.E.B Office",Wayanad,Kerala,India,673591,,1,,,,0.000,,,,0.00,0.000,,,,0.00,,,,,,,,Platform Weighing Scale 200kg/20g,"Make:YESWEIGH Model : YSP-200
Max : 200kg e: 20g Min :400gm 
Class: III
",84231000,1.00,0.00,0.0,648.00,3600.00,,FALSE,99381000000326157,Sales,PFPC400X500SS,,,,,nos,3600.00,Taxable,99381000000006208,GST18,18.00,Tax Group,,,,9.00,9.00,0.00,0.00,324.00,324.00,0.00,0.00,324.00,324.00,0.00,0.00,,goods,,,
2021-07-02,99381000003372629,EST283,draft,99381000001702591,Cochin,,,INR,1.00,entity_level,true,0.00,false,4310.00,5086.00,0.00,Looking forward for your business.,,BEETA SCALES,32,32-Kerala,business_gst,32BTLPM0140A1ZG,NO,NO,,,Eldho (Kerala),"Beeta scales,  V.M Building, Near K.S.E.B Office",Wayanad,Kerala,India,673591,,Standard Template,Adjustment,"Beeta scales,  V.M Building, Near K.S.E.B Office",Wayanad,Kerala,India,673591,,1,,,,0.000,,,,0.00,0.000,,,,0.00,,,,,,,,Government Stamping Fee /Expense for 200Kg,,998729,1.00,0.00,0.0,87.30,485.00,,FALSE,99381000000548508,Sales,SF200,,,,,nos,485.00,Taxable,99381000000006208,GST18,18.00,Tax Group,,,,9.00,9.00,0.00,0.00,43.65,43.65,0.00,0.00,43.65,43.65,0.00,0.00,,goods,,,
2021-07-02,99381000003372629,EST283,draft,99381000001702591,Cochin,,,INR,1.00,entity_level,true,0.00,false,4310.00,5086.00,0.00,Looking forward for your business.,,BEETA SCALES,32,32-Kerala,business_gst,32BTLPM0140A1ZG,NO,NO,,,Eldho (Kerala),"Beeta scales,  V.M Building, Near K.S.E.B Office",Wayanad,Kerala,India,673591,,Standard Template,Adjustment,"Beeta scales,  V.M Building, Near K.S.E.B Office",Wayanad,Kerala,India,673591,,1,,,,0.000,,,,0.00,0.000,,,,0.00,,,,,,,,Freight Charges,,996819,25.00,0.00,0.0,40.50,225.00,,FALSE,99381000000557009,Sales,COCS,,,,,kg,9.00,Taxable,99381000000006208,GST18,18.00,Tax Group,,,,9.00,9.00,0.00,0.00,20.25,20.25,0.00,0.00,20.25,20.25,0.00,0.00,,service,,,
2021-07-02,99381000003372647,EST284,draft,99381000001702591,Cochin,,,INR,1.00,entity_level,true,0.00,false,16164.00,19074.00,0.00,Looking forward for your business.,,BEETA SCALES,32,32-Kerala,business_gst,32BTLPM0140A1ZG,NO,NO,,,Eldho (Kerala),"Beeta scales,  V.M Building, Near K.S.E.B Office",Wayanad,Kerala,India,673591,,Standard Template,Adjustment,"Beeta scales,  V.M Building, Near K.S.E.B Office",Wayanad,Kerala,India,673591,,1,,,,0.000,,,,0.00,0.000,,,,0.00,,,,,,,,CHICKEN SCALE 300KG MS,"Make : YESWEIGH Model : YSC
Max : 300kg e:50g Min:1kg
Class : III",84239010,2.00,0.00,0.0,1224.00,6800.00,,FALSE,99381000001933021,Sales,CS400X400MS,,,,,nos,3400.00,Taxable,99381000000006208,GST18,18.00,Tax Group,,,,9.00,9.00,0.00,0.00,612.00,612.00,0.00,0.00,612.00,612.00,0.00,0.00,,goods,,,
2021-07-02,99381000003372647,EST284,draft,99381000001702591,Cochin,,,INR,1.00,entity_level,true,0.00,false,16164.00,19074.00,0.00,Looking forward for your business.,,BEETA SCALES,32,32-Kerala,business_gst,32BTLPM0140A1ZG,NO,NO,,,Eldho (Kerala),"Beeta scales,  V.M Building, Near K.S.E.B Office",Wayanad,Kerala,India,673591,,Standard Template,Adjustment,"Beeta scales,  V.M Building, Near K.S.E.B Office",Wayanad,Kerala,India,673591,,1,,,,0.000,,,,0.00,0.000,,,,0.00,,,,,,,,CHICKEN SCALE 300KG SS,"Make : YESWEIGH Model : YSC
Max : 300kg e:50g Min:1kg
Class : III",84239010,2.00,0.00,0.0,1188.00,6600.00,,FALSE,99381000001933011,Sales,CS400X400SS,,,,,nos,3300.00,Taxable,99381000000006208,GST18,18.00,Tax Group,,,,9.00,9.00,0.00,0.00,594.00,594.00,0.00,0.00,594.00,594.00,0.00,0.00,,goods,,,
2021-07-02,99381000003372647,EST284,draft,99381000001702591,Cochin,,,INR,1.00,entity_level,true,0.00,false,16164.00,19074.00,0.00,Looking forward for your business.,,BEETA SCALES,32,32-Kerala,business_gst,32BTLPM0140A1ZG,NO,NO,,,Eldho (Kerala),"Beeta scales,  V.M Building, Near K.S.E.B Office",Wayanad,Kerala,India,673591,,Standard Template,Adjustment,"Beeta scales,  V.M Building, Near K.S.E.B Office",Wayanad,Kerala,India,673591,,1,,,,0.000,,,,0.00,0.000,,,,0.00,,,,,,,,Government Stamping Fee /Expense for 300kg,,998729,4.00,0.00,0.0,406.80,2260.00,,FALSE,99381000000548525,Sales,SF300,,,,,nos,565.00,Taxable,99381000000006208,GST18,18.00,Tax Group,,,,9.00,9.00,0.00,0.00,203.40,203.40,0.00,0.00,203.40,203.40,0.00,0.00,,goods,,,
2021-07-02,99381000003372647,EST284,draft,99381000001702591,Cochin,,,INR,1.00,entity_level,true,0.00,false,16164.00,19074.00,0.00,Looking forward for your business.,,BEETA SCALES,32,32-Kerala,business_gst,32BTLPM0140A1ZG,NO,NO,,,Eldho (Kerala),"Beeta scales,  V.M Building, Near K.S.E.B Office",Wayanad,Kerala,India,673591,,Standard Template,Adjustment,"Beeta scales,  V.M Building, Near K.S.E.B Office",Wayanad,Kerala,India,673591,,1,,,,0.000,,,,0.00,0.000,,,,0.00,,,,,,,,Freight Charges,,996819,56.00,0.00,0.0,90.72,504.00,,FALSE,99381000000557009,Sales,COCS,,,,,kg,9.00,Taxable,99381000000006208,GST18,18.00,Tax Group,,,,9.00,9.00,0.00,0.00,45.36,45.36,0.00,0.00,45.36,45.36,0.00,0.00,,service,,,
2021-07-02,99381000003389002,EST285,draft,99381000002163337,Cochin,,,INR,1.00,entity_level,true,0.00,false,58940.00,70139.00,0.00,Looking forward for your business.,,THRASSITTY,32,32-Kerala,business_none,,NO,NO,,,Eldho (Kerala),"Edakkara Scales, New bus stand, Edakkara",Malappuram,Kerala,India,679331,,Standard Template,Adjustment,"Edakkara Scales, New bus stand, Edakkara",Malappuram,Kerala,India,679331,,1,,,,0.000,,,,0.00,0.000,,,,0.00,,,,,,,,Platform scale,"Make: YESWEIGH  Model:YSP-50
Max:50kg  e:5g  Min:100g  Class:III",84231000,20.00,0.00,0.0,7904.00,41600.00,,FALSE,99381000000016068,Sales,BENCHPC,,,,,nos,2080.00,Taxable,99381000000260052,GST18 & KFC,19.00,Tax Group,,,,9.00,9.00,0.00,1.00,3744.00,3744.00,0.00,416.00,3744.00,3744.00,0.00,416.00,,goods,,,
2021-07-02,99381000003389002,EST285,draft,99381000002163337,Cochin,,,INR,1.00,entity_level,true,0.00,false,58940.00,70139.00,0.00,Looking forward for your business.,,THRASSITTY,32,32-Kerala,business_none,,NO,NO,,,Eldho (Kerala),"Edakkara Scales, New bus stand, Edakkara",Malappuram,Kerala,India,679331,,Standard Template,Adjustment,"Edakkara Scales, New bus stand, Edakkara",Malappuram,Kerala,India,679331,,1,,,,0.000,,,,0.00,0.000,,,,0.00,,,,,,,,Government Stamping Fee /Expense for 50 kg,,998729,20.00,0.00,0.0,1843.00,9700.00,,FALSE,99381000000186036,Sales,SF50,,,,,nos,485.00,Taxable,99381000000260052,GST18 & KFC,19.00,Tax Group,,,,9.00,9.00,0.00,1.00,873.00,873.00,0.00,97.00,873.00,873.00,0.00,97.00,,goods,,,
2021-07-02,99381000003389002,EST285,draft,99381000002163337,Cochin,,,INR,1.00,entity_level,true,0.00,false,58940.00,70139.00,0.00,Looking forward for your business.,,THRASSITTY,32,32-Kerala,business_none,,NO,NO,,,Eldho (Kerala),"Edakkara Scales, New bus stand, Edakkara",Malappuram,Kerala,India,679331,,Standard Template,Adjustment,"Edakkara Scales, New bus stand, Edakkara",Malappuram,Kerala,India,679331,,1,,,,0.000,,,,0.00,0.000,,,,0.00,,,,,,,,Freight Charges,,996819,180.00,0.00,0.0,307.80,1620.00,,FALSE,99381000000557009,Sales,COCS,,,,,kg,9.00,Taxable,99381000000260052,GST18 & KFC,19.00,Tax Group,,,,9.00,9.00,0.00,1.00,145.80,145.80,0.00,16.20,145.80,145.80,0.00,16.20,,service,,,
2021-07-02,99381000003389002,EST285,draft,99381000002163337,Cochin,,,INR,1.00,entity_level,true,0.00,false,58940.00,70139.00,0.00,Looking forward for your business.,,THRASSITTY,32,32-Kerala,business_none,,NO,NO,,,Eldho (Kerala),"Edakkara Scales, New bus stand, Edakkara",Malappuram,Kerala,India,679331,,Standard Template,Adjustment,"Edakkara Scales, New bus stand, Edakkara",Malappuram,Kerala,India,679331,,1,,,,0.000,,,,0.00,0.000,,,,0.00,,,,,,,,Push Tare Switch Normal Type,,84239020,10.00,0.00,0.0,28.50,150.00,,FALSE,99381000002008073,Sales,PTSNR,,,,,nos,15.00,Taxable,99381000000260052,GST18 & KFC,19.00,Tax Group,,,,9.00,9.00,0.00,1.00,13.50,13.50,0.00,1.50,13.50,13.50,0.00,1.50,,goods,,,
2021-07-02,99381000003389002,EST285,draft,99381000002163337,Cochin,,,INR,1.00,entity_level,true,0.00,false,58940.00,70139.00,0.00,Looking forward for your business.,,THRASSITTY,32,32-Kerala,business_none,,NO,NO,,,Eldho (Kerala),"Edakkara Scales, New bus stand, Edakkara",Malappuram,Kerala,India,679331,,Standard Template,Adjustment,"Edakkara Scales, New bus stand, Edakkara",Malappuram,Kerala,India,679331,,1,,,,0.000,,,,0.00,0.000,,,,0.00,,,,,,,,ON/OFF SWITCH,,84239020,100.00,0.00,0.0,95.00,500.00,,FALSE,99381000002008051,Sales,SWITCH,,,,,nos,5.00,Taxable,99381000000260052,GST18 & KFC,19.00,Tax Group,,,,9.00,9.00,0.00,1.00,45.00,45.00,0.00,5.00,45.00,45.00,0.00,5.00,,goods,,,
2021-07-02,99381000003389002,EST285,draft,99381000002163337,Cochin,,,INR,1.00,entity_level,true,0.00,false,58940.00,70139.00,0.00,Looking forward for your business.,,THRASSITTY,32,32-Kerala,business_none,,NO,NO,,,Eldho (Kerala),"Edakkara Scales, New bus stand, Edakkara",Malappuram,Kerala,India,679331,,Standard Template,Adjustment,"Edakkara Scales, New bus stand, Edakkara",Malappuram,Kerala,India,679331,,1,,,,0.000,,,,0.00,0.000,,,,0.00,,,,,,,,FRC CONNECTOR 14 PIN,,84239020,100.00,0.00,0.0,57.00,300.00,,FALSE,99381000002008014,Sales,CON14,,,,,nos,3.00,Taxable,99381000000260052,GST18 & KFC,19.00,Tax Group,,,,9.00,9.00,0.00,1.00,27.00,27.00,0.00,3.00,27.00,27.00,0.00,3.00,,goods,,,
2021-07-02,99381000003389002,EST285,draft,99381000002163337,Cochin,,,INR,1.00,entity_level,true,0.00,false,58940.00,70139.00,0.00,Looking forward for your business.,,THRASSITTY,32,32-Kerala,business_none,,NO,NO,,,Eldho (Kerala),"Edakkara Scales, New bus stand, Edakkara",Malappuram,Kerala,India,679331,,Standard Template,Adjustment,"Edakkara Scales, New bus stand, Edakkara",Malappuram,Kerala,India,679331,,1,,,,0.000,,,,0.00,0.000,,,,0.00,,,,,,,,Display Board Red ( 6  LED),,84239020,10.00,0.00,0.0,85.50,450.00,,FALSE,99381000002007001,Sales,DBRL6,,,,,nos,45.00,Taxable,99381000000260052,GST18 & KFC,19.00,Tax Group,,,,9.00,9.00,0.00,1.00,40.50,40.50,0.00,4.50,40.50,40.50,0.00,4.50,,goods,,,
2021-07-02,99381000003389002,EST285,draft,99381000002163337,Cochin,,,INR,1.00,entity_level,true,0.00,false,58940.00,70139.00,0.00,Looking forward for your business.,,THRASSITTY,32,32-Kerala,business_none,,NO,NO,,,Eldho (Kerala),"Edakkara Scales, New bus stand, Edakkara",Malappuram,Kerala,India,679331,,Standard Template,Adjustment,"Edakkara Scales, New bus stand, Edakkara",Malappuram,Kerala,India,679331,,1,,,,0.000,,,,0.00,0.000,,,,0.00,,,,,,,,Load Cell 40kg ATM PC/TOUCH/JUNIOR/WATERPROOF,,84239020,3.00,0.00,0.0,91.20,480.00,,FALSE,99381000000542288,Sales,APC208,,,,,pcs,160.00,Taxable,99381000000260052,GST18 & KFC,19.00,Tax Group,,,,9.00,9.00,0.00,1.00,43.20,43.20,0.00,4.80,43.20,43.20,0.00,4.80,,goods,,,
2021-07-02,99381000003389002,EST285,draft,99381000002163337,Cochin,,,INR,1.00,entity_level,true,0.00,false,58940.00,70139.00,0.00,Looking forward for your business.,,THRASSITTY,32,32-Kerala,business_none,,NO,NO,,,Eldho (Kerala),"Edakkara Scales, New bus stand, Edakkara",Malappuram,Kerala,India,679331,,Standard Template,Adjustment,"Edakkara Scales, New bus stand, Edakkara",Malappuram,Kerala,India,679331,,1,,,,0.000,,,,0.00,0.000,,,,0.00,,,,,,,,Load Cell 70kg Bench PC,,84239020,4.00,0.00,0.0,159.60,840.00,,FALSE,99381000000542215,Sales,BPC113,,,,,pcs,210.00,Taxable,99381000000260052,GST18 & KFC,19.00,Tax Group,,,,9.00,9.00,0.00,1.00,75.60,75.60,0.00,8.40,75.60,75.60,0.00,8.40,,goods,,,
2021-07-02,99381000003389002,EST285,draft,99381000002163337,Cochin,,,INR,1.00,entity_level,true,0.00,false,58940.00,70139.00,0.00,Looking forward for your business.,,THRASSITTY,32,32-Kerala,business_none,,NO,NO,,,Eldho (Kerala),"Edakkara Scales, New bus stand, Edakkara",Malappuram,Kerala,India,679331,,Standard Template,Adjustment,"Edakkara Scales, New bus stand, Edakkara",Malappuram,Kerala,India,679331,,1,,,,0.000,,,,0.00,0.000,,,,0.00,,,,,,,,Loadcell 200KG 3 HOLE,,84239020,3.00,0.00,0.0,159.60,840.00,,FALSE,99381000002001079,Sales,LH2003,,,,,nos,280.00,Taxable,99381000000260052,GST18 & KFC,19.00,Tax Group,,,,9.00,9.00,0.00,1.00,75.60,75.60,0.00,8.40,75.60,75.60,0.00,8.40,,goods,,,
2021-07-02,99381000003389002,EST285,draft,99381000002163337,Cochin,,,INR,1.00,entity_level,true,0.00,false,58940.00,70139.00,0.00,Looking forward for your business.,,THRASSITTY,32,32-Kerala,business_none,,NO,NO,,,Eldho (Kerala),"Edakkara Scales, New bus stand, Edakkara",Malappuram,Kerala,India,679331,,Standard Template,Adjustment,"Edakkara Scales, New bus stand, Edakkara",Malappuram,Kerala,India,679331,,1,,,,0.000,,,,0.00,0.000,,,,0.00,,,,,,,,Loadcell 200 kg 25 x25- 40 mm 4 HOLE,,84239020,3.00,0.00,0.0,233.70,1230.00,,FALSE,99381000002001101,Sales,LC200,,,,,nos,410.00,Taxable,99381000000260052,GST18 & KFC,19.00,Tax Group,,,,9.00,9.00,0.00,1.00,110.70,110.70,0.00,12.30,110.70,110.70,0.00,12.30,,goods,,,
2021-07-02,99381000003389002,EST285,draft,99381000002163337,Cochin,,,INR,1.00,entity_level,true,0.00,false,58940.00,70139.00,0.00,Looking forward for your business.,,THRASSITTY,32,32-Kerala,business_none,,NO,NO,,,Eldho (Kerala),"Edakkara Scales, New bus stand, Edakkara",Malappuram,Kerala,India,679331,,Standard Template,Adjustment,"Edakkara Scales, New bus stand, Edakkara",Malappuram,Kerala,India,679331,,1,,,,0.000,,,,0.00,0.000,,,,0.00,,,,,,,,Loadcell 300 kg 25 x25- 40 mm 4 HOLE,,84239020,3.00,0.00,0.0,233.70,1230.00,,FALSE,99381000002001110,Sales,LC300,,,,,nos,410.00,Taxable,99381000000260052,GST18 & KFC,19.00,Tax Group,,,,9.00,9.00,0.00,1.00,110.70,110.70,0.00,12.30,110.70,110.70,0.00,12.30,,goods,,,
2021-07-03,99381000003389040,EST286,invoiced,99381000001357007,Cochin,,,INR,1.00,entity_level,true,0.00,false,14993.00,17692.00,0.00,Looking forward for your business.,,Scale Point,32,32-Kerala,business_gst,32DSJPS7374R1ZN,NO,NO,,,Eldho (Kerala),"Scale Point, Room No: 8/76-5",Kalpatta,Kerala,India,628505,,Standard Template,Adjustment,"Scale Point, Room No: 8/76-5",Kalpatta,Kerala,India,628505,,1,,,,0.000,,,,0.00,0.000,,,,0.00,,,,,,,,Platform scale,"Make: YESWEIGH  Model:YSP-50
Max:50kg  e:5g  Min:100g  Class:III",84231000,4.00,0.00,0.0,1497.60,8320.00,,FALSE,99381000000016068,Sales,BENCHPC,,,,,nos,2080.00,Taxable,99381000000006208,GST18,18.00,Tax Group,,,,9.00,9.00,0.00,0.00,748.80,748.80,0.00,0.00,748.80,748.80,0.00,0.00,,goods,,,
2021-07-03,99381000003389040,EST286,invoiced,99381000001357007,Cochin,,,INR,1.00,entity_level,true,0.00,false,14993.00,17692.00,0.00,Looking forward for your business.,,Scale Point,32,32-Kerala,business_gst,32DSJPS7374R1ZN,NO,NO,,,Eldho (Kerala),"Scale Point, Room No: 8/76-5",Kalpatta,Kerala,India,628505,,Standard Template,Adjustment,"Scale Point, Room No: 8/76-5",Kalpatta,Kerala,India,628505,,1,,,,0.000,,,,0.00,0.000,,,,0.00,,,,,,,,Government Stamping Fee /Expense for 50 kg,,998729,4.00,0.00,0.0,349.20,1940.00,,FALSE,99381000000186036,Sales,SF50,,,,,nos,485.00,Taxable,99381000000006208,GST18,18.00,Tax Group,,,,9.00,9.00,0.00,0.00,174.60,174.60,0.00,0.00,174.60,174.60,0.00,0.00,,goods,,,
2021-07-03,99381000003389040,EST286,invoiced,99381000001357007,Cochin,,,INR,1.00,entity_level,true,0.00,false,14993.00,17692.00,0.00,Looking forward for your business.,,Scale Point,32,32-Kerala,business_gst,32DSJPS7374R1ZN,NO,NO,,,Eldho (Kerala),"Scale Point, Room No: 8/76-5",Kalpatta,Kerala,India,628505,,Standard Template,Adjustment,"Scale Point, Room No: 8/76-5",Kalpatta,Kerala,India,628505,,1,,,,0.000,,,,0.00,0.000,,,,0.00,,,,,,,,Freight Charges,,996819,37.00,0.00,0.0,59.94,333.00,,FALSE,99381000000557009,Sales,COCS,,,,,kg,9.00,Taxable,99381000000006208,GST18,18.00,Tax Group,,,,9.00,9.00,0.00,0.00,29.97,29.97,0.00,0.00,29.97,29.97,0.00,0.00,,service,,,
2021-07-03,99381000003389040,EST286,invoiced,99381000001357007,Cochin,,,INR,1.00,entity_level,true,0.00,false,14993.00,17692.00,0.00,Looking forward for your business.,,Scale Point,32,32-Kerala,business_gst,32DSJPS7374R1ZN,NO,NO,,,Eldho (Kerala),"Scale Point, Room No: 8/76-5",Kalpatta,Kerala,India,628505,,Standard Template,Adjustment,"Scale Point, Room No: 8/76-5",Kalpatta,Kerala,India,628505,,1,,,,0.000,,,,0.00,0.000,,,,0.00,,,,,,,,Price Computing scale,"Make: YESWEIGH  Model:YSP-20
Max:20kg  e:2g  Min:40g  Class:III",84231000,2.00,0.00,0.0,676.80,3760.00,,FALSE,99381000000016031,Sales,ATMPC,,,,,nos,1880.00,Taxable,99381000000006208,GST18,18.00,Tax Group,,,,9.00,9.00,0.00,0.00,338.40,338.40,0.00,0.00,338.40,338.40,0.00,0.00,,goods,,,
2021-07-03,99381000003389040,EST286,invoiced,99381000001357007,Cochin,,,INR,1.00,entity_level,true,0.00,false,14993.00,17692.00,0.00,Looking forward for your business.,,Scale Point,32,32-Kerala,business_gst,32DSJPS7374R1ZN,NO,NO,,,Eldho (Kerala),"Scale Point, Room No: 8/76-5",Kalpatta,Kerala,India,628505,,Standard Template,Adjustment,"Scale Point, Room No: 8/76-5",Kalpatta,Kerala,India,628505,,1,,,,0.000,,,,0.00,0.000,,,,0.00,,,,,,,,Government Stamping Fee / Expense for 20 KG,,998729,2.00,0.00,0.0,115.20,640.00,,FALSE,99381000000172016,Sales,SF20,,,,,nos,320.00,Taxable,99381000000006208,GST18,18.00,Tax Group,,,,9.00,9.00,0.00,0.00,57.60,57.60,0.00,0.00,57.60,57.60,0.00,0.00,,goods,,,
2021-07-03,99381000003394001,EST287,invoiced,99381000000011771,Cochin,,,INR,1.00,entity_level,true,0.00,false,31648.00,37345.00,0.00,Looking forward for your business.,,METRO ENTERPRISES,32,32-Kerala,business_gst,32BMVPM8572R2ZS,NO,NO,,,Eldho (Kerala),"V.K. Building, Kodathippadi",Palakkad,Kerala,,678582,,Standard Template,Adjustment,"V.K. Building, Kodathippadi",Palakkad,Kerala,,678582,,1,,,,0.000,,,,0.00,0.000,,,,0.00,,,,,,,,ATM JUNIOR YS669,"Make : YESWEIGH Model : YSP-20
Max : 20kg e:2g Min:40g
Class : III",84231000,20.00,0.00,0.0,5580.00,31000.00,,FALSE,99381000001247038,Sales,YS669,,,,,nos,1550.00,Taxable,99381000000006208,GST18,18.00,Tax Group,,,,9.00,9.00,0.00,0.00,2790.00,2790.00,0.00,0.00,2790.00,2790.00,0.00,0.00,,goods,,,
2021-07-03,99381000003394001,EST287,invoiced,99381000000011771,Cochin,,,INR,1.00,entity_level,true,0.00,false,31648.00,37345.00,0.00,Looking forward for your business.,,METRO ENTERPRISES,32,32-Kerala,business_gst,32BMVPM8572R2ZS,NO,NO,,,Eldho (Kerala),"V.K. Building, Kodathippadi",Palakkad,Kerala,,678582,,Standard Template,Adjustment,"V.K. Building, Kodathippadi",Palakkad,Kerala,,678582,,1,,,,0.000,,,,0.00,0.000,,,,0.00,,,,,,,,Freight Charges,,996819,72.00,0.00,0.0,116.64,648.00,,FALSE,99381000000557009,Sales,COCS,,,,,kg,9.00,Taxable,99381000000006208,GST18,18.00,Tax Group,,,,9.00,9.00,0.00,0.00,58.32,58.32,0.00,0.00,58.32,58.32,0.00,0.00,,service,,,
2021-07-03,99381000003394035,EST288,sent,99381000002696708,Cochin,,,INR,1.00,entity_level,true,0.00,false,17790.00,20992.00,0.00,Looking forward for your business.,,KNOWELL ENGINEERING,30,30-Goa,business_gst,30AAOPP5752G1ZM,NO,NO,,,Athira(Outside Kerala),"KNOWELL HOUSE ,233/1,BELLA VISTA,",MAPUSA,GOA,India,403511,,Standard Template,Adjustment,"KNOWELL HOUSE ,233/1,BELLA VISTA,",MAPUSA,GOA,India,403511,,3,,,,0.000,,,,0.00,0.000,,,,0.00,,,,,,,,Platform scale,"Make: YESWEIGH  Model:YSP-50
Max:50kg  e:5g  Min:100g  Class:III",84231000,6.00,0.00,0.0,2678.40,14880.00,,FALSE,99381000000016068,Sales,BENCHPC,,,,,nos,2480.00,Taxable,99381000000006196,IGST18,18.00,ItemAmount,,,,0.00,0.00,18.00,0.00,0.00,0.00,2678.40,0.00,0.00,0.00,2678.40,0.00,,goods,,,
2021-07-03,99381000003394035,EST288,sent,99381000002696708,Cochin,,,INR,1.00,entity_level,true,0.00,false,17790.00,20992.00,0.00,Looking forward for your business.,,KNOWELL ENGINEERING,30,30-Goa,business_gst,30AAOPP5752G1ZM,NO,NO,,,Athira(Outside Kerala),"KNOWELL HOUSE ,233/1,BELLA VISTA,",MAPUSA,GOA,India,403511,,Standard Template,Adjustment,"KNOWELL HOUSE ,233/1,BELLA VISTA,",MAPUSA,GOA,India,403511,,3,,,,0.000,,,,0.00,0.000,,,,0.00,,,,,,,,Government Stamping Fee /Expense for 50 kg,,998729,6.00,0.00,0.0,523.80,2910.00,,FALSE,99381000000186036,Sales,SF50,,,,,nos,485.00,Taxable,99381000000006196,IGST18,18.00,ItemAmount,,,,0.00,0.00,18.00,0.00,0.00,0.00,523.80,0.00,0.00,0.00,523.80,0.00,,goods,,,
2021-07-05,99381000003394315,EST289,draft,99381000001702591,Cochin,,,INR,1.00,entity_level,true,0.00,false,18900.00,22302.00,0.00,Looking forward for your business.,,BEETA SCALES,32,32-Kerala,business_gst,32BTLPM0140A1ZG,NO,NO,,,Eldho (Kerala),"Beeta scales,  V.M Building, Near K.S.E.B Office",Wayanad,Kerala,India,673591,,Standard Template,Adjustment,"Beeta scales,  V.M Building, Near K.S.E.B Office",Wayanad,Kerala,India,673591,,1,,,,0.000,,,,0.00,0.000,,,,0.00,,,,,,,,Table Top Scale 220x170 ABS 4 Volt,"Make  : YESWEIGH Model: YST-20
Max :20kg e:2gm Min: 40g Class III",84231000,6.00,0.00,0.0,1242.00,6900.00,,FALSE,99381000000349058,Sales,CH4VSF,,,,,nos,1150.00,Taxable,99381000000006208,GST18,18.00,Tax Group,,,,9.00,9.00,0.00,0.00,621.00,621.00,0.00,0.00,621.00,621.00,0.00,0.00,,goods,,,
2021-07-05,99381000003394315,EST289,draft,99381000001702591,Cochin,,,INR,1.00,entity_level,true,0.00,false,18900.00,22302.00,0.00,Looking forward for your business.,,BEETA SCALES,32,32-Kerala,business_gst,32BTLPM0140A1ZG,NO,NO,,,Eldho (Kerala),"Beeta scales,  V.M Building, Near K.S.E.B Office",Wayanad,Kerala,India,673591,,Standard Template,Adjustment,"Beeta scales,  V.M Building, Near K.S.E.B Office",Wayanad,Kerala,India,673591,,1,,,,0.000,,,,0.00,0.000,,,,0.00,,,,,,,,Table Top Scale  220x170 ABS 6 Volt,"Model : YST-20
Max : 20kg e:2gm Min: 40g Class III",84231000,6.00,0.00,0.0,1404.00,7800.00,,FALSE,99381000000562040,Sales,TTABS6V,,,,,nos,1300.00,Taxable,99381000000006208,GST18,18.00,Tax Group,,,,9.00,9.00,0.00,0.00,702.00,702.00,0.00,0.00,702.00,702.00,0.00,0.00,,goods,,,
2021-07-05,99381000003394315,EST289,draft,99381000001702591,Cochin,,,INR,1.00,entity_level,true,0.00,false,18900.00,22302.00,0.00,Looking forward for your business.,,BEETA SCALES,32,32-Kerala,business_gst,32BTLPM0140A1ZG,NO,NO,,,Eldho (Kerala),"Beeta scales,  V.M Building, Near K.S.E.B Office",Wayanad,Kerala,India,673591,,Standard Template,Adjustment,"Beeta scales,  V.M Building, Near K.S.E.B Office",Wayanad,Kerala,India,673591,,1,,,,0.000,,,,0.00,0.000,,,,0.00,,,,,,,,Government Stamping Fee / Expense for 20 KG,,998729,12.00,0.00,0.0,691.20,3840.00,,FALSE,99381000000172016,Sales,SF20,,,,,nos,320.00,Taxable,99381000000006208,GST18,18.00,Tax Group,,,,9.00,9.00,0.00,0.00,345.60,345.60,0.00,0.00,345.60,345.60,0.00,0.00,,goods,,,
2021-07-05,99381000003394315,EST289,draft,99381000001702591,Cochin,,,INR,1.00,entity_level,true,0.00,false,18900.00,22302.00,0.00,Looking forward for your business.,,BEETA SCALES,32,32-Kerala,business_gst,32BTLPM0140A1ZG,NO,NO,,,Eldho (Kerala),"Beeta scales,  V.M Building, Near K.S.E.B Office",Wayanad,Kerala,India,673591,,Standard Template,Adjustment,"Beeta scales,  V.M Building, Near K.S.E.B Office",Wayanad,Kerala,India,673591,,1,,,,0.000,,,,0.00,0.000,,,,0.00,,,,,,,,Freight Charges,,996819,40.00,0.00,0.0,64.80,360.00,,FALSE,99381000000557009,Sales,COCS,,,,,kg,9.00,Taxable,99381000000006208,GST18,18.00,Tax Group,,,,9.00,9.00,0.00,0.00,32.40,32.40,0.00,0.00,32.40,32.40,0.00,0.00,,service,,,
2021-07-06,99381000003404480,EST290,invoiced,99381000002163337,Cochin,,,INR,1.00,entity_level,true,0.00,false,52560.00,62546.00,0.00,Looking forward for your business.,,THRASSITTY,32,32-Kerala,business_none,,NO,NO,,,Eldho (Kerala),"Edakkara Scales, New bus stand, Edakkara",Malappuram,Kerala,India,679331,,Standard Template,Adjustment,"Edakkara Scales, New bus stand, Edakkara",Malappuram,Kerala,India,679331,,1,,,,0.000,,,,0.00,0.000,,,,0.00,,,,,,,,Platform scale,"Make: YESWEIGH  Model:YSP-50
Max:50kg  e:5g  Min:100g  Class:III",84231000,20.00,0.00,0.0,7904.00,41600.00,,FALSE,99381000000016068,Sales,BENCHPC,,,,,nos,2080.00,Taxable,99381000000260052,GST18 & KFC,19.00,Tax Group,,,,9.00,9.00,0.00,1.00,3744.00,3744.00,0.00,416.00,3744.00,3744.00,0.00,416.00,,goods,,,
2021-07-06,99381000003404480,EST290,invoiced,99381000002163337,Cochin,,,INR,1.00,entity_level,true,0.00,false,52560.00,62546.00,0.00,Looking forward for your business.,,THRASSITTY,32,32-Kerala,business_none,,NO,NO,,,Eldho (Kerala),"Edakkara Scales, New bus stand, Edakkara",Malappuram,Kerala,India,679331,,Standard Template,Adjustment,"Edakkara Scales, New bus stand, Edakkara",Malappuram,Kerala,India,679331,,1,,,,0.000,,,,0.00,0.000,,,,0.00,,,,,,,,Government Stamping Fee /Expense for 50 kg,,998729,20.00,0.00,0.0,1843.00,9700.00,,FALSE,99381000000186036,Sales,SF50,,,,,nos,485.00,Taxable,99381000000260052,GST18 & KFC,19.00,Tax Group,,,,9.00,9.00,0.00,1.00,873.00,873.00,0.00,97.00,873.00,873.00,0.00,97.00,,goods,,,
2021-07-06,99381000003404480,EST290,invoiced,99381000002163337,Cochin,,,INR,1.00,entity_level,true,0.00,false,52560.00,62546.00,0.00,Looking forward for your business.,,THRASSITTY,32,32-Kerala,business_none,,NO,NO,,,Eldho (Kerala),"Edakkara Scales, New bus stand, Edakkara",Malappuram,Kerala,India,679331,,Standard Template,Adjustment,"Edakkara Scales, New bus stand, Edakkara",Malappuram,Kerala,India,679331,,1,,,,0.000,,,,0.00,0.000,,,,0.00,,,,,,,,Freight Charges,,996819,140.00,0.00,0.0,239.40,1260.00,,FALSE,99381000000557009,Sales,COCS,,,,,kg,9.00,Taxable,99381000000260052,GST18 & KFC,19.00,Tax Group,,,,9.00,9.00,0.00,1.00,113.40,113.40,0.00,12.60,113.40,113.40,0.00,12.60,,service,,,
2021-07-06,99381000003404500,EST291,invoiced,99381000002163337,Cochin,,,INR,1.00,entity_level,true,0.00,false,6255.00,7443.00,0.00,Looking forward for your business.,,THRASSITTY,32,32-Kerala,business_none,,NO,NO,,,Eldho (Kerala),"Edakkara Scales, New bus stand, Edakkara",Malappuram,Kerala,India,679331,,Standard Template,Adjustment,"Edakkara Scales, New bus stand, Edakkara",Malappuram,Kerala,India,679331,,1,,,,0.000,,,,0.00,0.000,,,,0.00,,,,,,,,Push Tare Switch Normal Type,,84239020,10.00,0.00,0.0,28.50,150.00,,FALSE,99381000002008073,Sales,PTSNR,,,,,nos,15.00,Taxable,99381000000260052,GST18 & KFC,19.00,Tax Group,,,,9.00,9.00,0.00,1.00,13.50,13.50,0.00,1.50,13.50,13.50,0.00,1.50,,goods,,,
2021-07-06,99381000003404500,EST291,invoiced,99381000002163337,Cochin,,,INR,1.00,entity_level,true,0.00,false,6255.00,7443.00,0.00,Looking forward for your business.,,THRASSITTY,32,32-Kerala,business_none,,NO,NO,,,Eldho (Kerala),"Edakkara Scales, New bus stand, Edakkara",Malappuram,Kerala,India,679331,,Standard Template,Adjustment,"Edakkara Scales, New bus stand, Edakkara",Malappuram,Kerala,India,679331,,1,,,,0.000,,,,0.00,0.000,,,,0.00,,,,,,,,ON/OFF SWITCH,,84239020,100.00,0.00,0.0,95.00,500.00,,FALSE,99381000002008051,Sales,SWITCH,,,,,nos,5.00,Taxable,99381000000260052,GST18 & KFC,19.00,Tax Group,,,,9.00,9.00,0.00,1.00,45.00,45.00,0.00,5.00,45.00,45.00,0.00,5.00,,goods,,,
2021-07-06,99381000003404500,EST291,invoiced,99381000002163337,Cochin,,,INR,1.00,entity_level,true,0.00,false,6255.00,7443.00,0.00,Looking forward for your business.,,THRASSITTY,32,32-Kerala,business_none,,NO,NO,,,Eldho (Kerala),"Edakkara Scales, New bus stand, Edakkara",Malappuram,Kerala,India,679331,,Standard Template,Adjustment,"Edakkara Scales, New bus stand, Edakkara",Malappuram,Kerala,India,679331,,1,,,,0.000,,,,0.00,0.000,,,,0.00,,,,,,,,FRC CONNECTOR 14 PIN,,84239020,100.00,0.00,0.0,57.00,300.00,,FALSE,99381000002008014,Sales,CON14,,,,,nos,3.00,Taxable,99381000000260052,GST18 & KFC,19.00,Tax Group,,,,9.00,9.00,0.00,1.00,27.00,27.00,0.00,3.00,27.00,27.00,0.00,3.00,,goods,,,
2021-07-06,99381000003404500,EST291,invoiced,99381000002163337,Cochin,,,INR,1.00,entity_level,true,0.00,false,6255.00,7443.00,0.00,Looking forward for your business.,,THRASSITTY,32,32-Kerala,business_none,,NO,NO,,,Eldho (Kerala),"Edakkara Scales, New bus stand, Edakkara",Malappuram,Kerala,India,679331,,Standard Template,Adjustment,"Edakkara Scales, New bus stand, Edakkara",Malappuram,Kerala,India,679331,,1,,,,0.000,,,,0.00,0.000,,,,0.00,,,,,,,,Display Board Red ( 6  LED),,84239020,10.00,0.00,0.0,85.50,450.00,,FALSE,99381000002007001,Sales,DBRL6,,,,,nos,45.00,Taxable,99381000000260052,GST18 & KFC,19.00,Tax Group,,,,9.00,9.00,0.00,1.00,40.50,40.50,0.00,4.50,40.50,40.50,0.00,4.50,,goods,,,
2021-07-06,99381000003404500,EST291,invoiced,99381000002163337,Cochin,,,INR,1.00,entity_level,true,0.00,false,6255.00,7443.00,0.00,Looking forward for your business.,,THRASSITTY,32,32-Kerala,business_none,,NO,NO,,,Eldho (Kerala),"Edakkara Scales, New bus stand, Edakkara",Malappuram,Kerala,India,679331,,Standard Template,Adjustment,"Edakkara Scales, New bus stand, Edakkara",Malappuram,Kerala,India,679331,,1,,,,0.000,,,,0.00,0.000,,,,0.00,,,,,,,,Load Cell 40kg ATM PC/TOUCH/JUNIOR/WATERPROOF,,84239020,3.00,0.00,0.0,91.20,480.00,,FALSE,99381000000542288,Sales,APC208,,,,,pcs,160.00,Taxable,99381000000260052,GST18 & KFC,19.00,Tax Group,,,,9.00,9.00,0.00,1.00,43.20,43.20,0.00,4.80,43.20,43.20,0.00,4.80,,goods,,,
2021-07-06,99381000003404500,EST291,invoiced,99381000002163337,Cochin,,,INR,1.00,entity_level,true,0.00,false,6255.00,7443.00,0.00,Looking forward for your business.,,THRASSITTY,32,32-Kerala,business_none,,NO,NO,,,Eldho (Kerala),"Edakkara Scales, New bus stand, Edakkara",Malappuram,Kerala,India,679331,,Standard Template,Adjustment,"Edakkara Scales, New bus stand, Edakkara",Malappuram,Kerala,India,679331,,1,,,,0.000,,,,0.00,0.000,,,,0.00,,,,,,,,Load Cell 70kg Bench PC,,84239020,4.00,0.00,0.0,159.60,840.00,,FALSE,99381000000542215,Sales,BPC113,,,,,pcs,210.00,Taxable,99381000000260052,GST18 & KFC,19.00,Tax Group,,,,9.00,9.00,0.00,1.00,75.60,75.60,0.00,8.40,75.60,75.60,0.00,8.40,,goods,,,
2021-07-06,99381000003404500,EST291,invoiced,99381000002163337,Cochin,,,INR,1.00,entity_level,true,0.00,false,6255.00,7443.00,0.00,Looking forward for your business.,,THRASSITTY,32,32-Kerala,business_none,,NO,NO,,,Eldho (Kerala),"Edakkara Scales, New bus stand, Edakkara",Malappuram,Kerala,India,679331,,Standard Template,Adjustment,"Edakkara Scales, New bus stand, Edakkara",Malappuram,Kerala,India,679331,,1,,,,0.000,,,,0.00,0.000,,,,0.00,,,,,,,,Loadcell 200KG 3 HOLE,,84239020,3.00,0.00,0.0,159.60,840.00,,FALSE,99381000002001079,Sales,LH2003,,,,,nos,280.00,Taxable,99381000000260052,GST18 & KFC,19.00,Tax Group,,,,9.00,9.00,0.00,1.00,75.60,75.60,0.00,8.40,75.60,75.60,0.00,8.40,,goods,,,
2021-07-06,99381000003404500,EST291,invoiced,99381000002163337,Cochin,,,INR,1.00,entity_level,true,0.00,false,6255.00,7443.00,0.00,Looking forward for your business.,,THRASSITTY,32,32-Kerala,business_none,,NO,NO,,,Eldho (Kerala),"Edakkara Scales, New bus stand, Edakkara",Malappuram,Kerala,India,679331,,Standard Template,Adjustment,"Edakkara Scales, New bus stand, Edakkara",Malappuram,Kerala,India,679331,,1,,,,0.000,,,,0.00,0.000,,,,0.00,,,,,,,,Loadcell 200 kg 25 x25- 40 mm 4 HOLE,,84239020,3.00,0.00,0.0,233.70,1230.00,,FALSE,99381000002001101,Sales,LC200,,,,,nos,410.00,Taxable,99381000000260052,GST18 & KFC,19.00,Tax Group,,,,9.00,9.00,0.00,1.00,110.70,110.70,0.00,12.30,110.70,110.70,0.00,12.30,,goods,,,
2021-07-06,99381000003404500,EST291,invoiced,99381000002163337,Cochin,,,INR,1.00,entity_level,true,0.00,false,6255.00,7443.00,0.00,Looking forward for your business.,,THRASSITTY,32,32-Kerala,business_none,,NO,NO,,,Eldho (Kerala),"Edakkara Scales, New bus stand, Edakkara",Malappuram,Kerala,India,679331,,Standard Template,Adjustment,"Edakkara Scales, New bus stand, Edakkara",Malappuram,Kerala,India,679331,,1,,,,0.000,,,,0.00,0.000,,,,0.00,,,,,,,,Loadcell 300 kg 25 x25- 40 mm 4 HOLE,,84239020,3.00,0.00,0.0,233.70,1230.00,,FALSE,99381000002001110,Sales,LC300,,,,,nos,410.00,Taxable,99381000000260052,GST18 & KFC,19.00,Tax Group,,,,9.00,9.00,0.00,1.00,110.70,110.70,0.00,12.30,110.70,110.70,0.00,12.30,,goods,,,
2021-07-06,99381000003404500,EST291,invoiced,99381000002163337,Cochin,,,INR,1.00,entity_level,true,0.00,false,6255.00,7443.00,0.00,Looking forward for your business.,,THRASSITTY,32,32-Kerala,business_none,,NO,NO,,,Eldho (Kerala),"Edakkara Scales, New bus stand, Edakkara",Malappuram,Kerala,India,679331,,Standard Template,Adjustment,"Edakkara Scales, New bus stand, Edakkara",Malappuram,Kerala,India,679331,,1,,,,0.000,,,,0.00,0.000,,,,0.00,,,,,,,,Freight,,996819,235.00,0.00,0.0,44.65,235.00,,FALSE,99381000003152296,Sales,FREIGH,,,,,Lumpsum,1.00,Taxable,99381000000260052,GST18 & KFC,19.00,Tax Group,,,,9.00,9.00,0.00,1.00,21.15,21.15,0.00,2.35,21.15,21.15,0.00,2.35,,service,,,
2021-07-06,99381000003404706,EST292,invoiced,99381000002549012,Cochin,,,INR,1.00,entity_level,true,0.00,false,16300.00,19234.00,0.00,Looking forward for your business.,,ROYAL SCALES,32,32-Kerala,business_gst,32AKPPJ6985N1ZA,NO,NO,,,Eldho (Kerala),"PMC.19/2207,
Ground Floor, Dhanalakshmi Complex,",Kannur,Kerala,India,670307,,Standard Template,Adjustment,"Kakkur Road, Chembakkunnu
Narikkuni",Kozhikode,Kerala,India,673585,,1,,,,0.000,,,,0.00,0.000,,,,0.00,,,,,,,,CHICKEN SCALE 300KG MS,"Make : YESWEIGH Model : YSC
Max : 300kg e:50g Min:1kg
Class : III",84239010,3.00,0.00,0.0,1836.00,10200.00,,FALSE,99381000001933021,Sales,CS400X400MS,,,,,nos,3400.00,Taxable,99381000000006208,GST18,18.00,Tax Group,,,,9.00,9.00,0.00,0.00,918.00,918.00,0.00,0.00,918.00,918.00,0.00,0.00,,goods,,,
2021-07-06,99381000003404706,EST292,invoiced,99381000002549012,Cochin,,,INR,1.00,entity_level,true,0.00,false,16300.00,19234.00,0.00,Looking forward for your business.,,ROYAL SCALES,32,32-Kerala,business_gst,32AKPPJ6985N1ZA,NO,NO,,,Eldho (Kerala),"PMC.19/2207,
Ground Floor, Dhanalakshmi Complex,",Kannur,Kerala,India,670307,,Standard Template,Adjustment,"Kakkur Road, Chembakkunnu
Narikkuni",Kozhikode,Kerala,India,673585,,1,,,,0.000,,,,0.00,0.000,,,,0.00,,,,,,,,Government Stamping Fee /Expense for 300kg,,998729,4.00,0.00,0.0,406.80,2260.00,,FALSE,99381000000548525,Sales,SF300,,,,,nos,565.00,Taxable,99381000000006208,GST18,18.00,Tax Group,,,,9.00,9.00,0.00,0.00,203.40,203.40,0.00,0.00,203.40,203.40,0.00,0.00,,goods,,,
2021-07-06,99381000003404706,EST292,invoiced,99381000002549012,Cochin,,,INR,1.00,entity_level,true,0.00,false,16300.00,19234.00,0.00,Looking forward for your business.,,ROYAL SCALES,32,32-Kerala,business_gst,32AKPPJ6985N1ZA,NO,NO,,,Eldho (Kerala),"PMC.19/2207,
Ground Floor, Dhanalakshmi Complex,",Kannur,Kerala,India,670307,,Standard Template,Adjustment,"Kakkur Road, Chembakkunnu
Narikkuni",Kozhikode,Kerala,India,673585,,1,,,,0.000,,,,0.00,0.000,,,,0.00,,,,,,,,CHICKEN SCALE 300KG SS,"Make : YESWEIGH Model : YSC
Max : 300kg e:50g Min:1kg
Class : III",84239010,1.00,0.00,0.0,594.00,3300.00,,FALSE,99381000001933011,Sales,CS400X400SS,,,,,nos,3300.00,Taxable,99381000000006208,GST18,18.00,Tax Group,,,,9.00,9.00,0.00,0.00,297.00,297.00,0.00,0.00,297.00,297.00,0.00,0.00,,goods,,,
2021-07-06,99381000003404706,EST292,invoiced,99381000002549012,Cochin,,,INR,1.00,entity_level,true,0.00,false,16300.00,19234.00,0.00,Looking forward for your business.,,ROYAL SCALES,32,32-Kerala,business_gst,32AKPPJ6985N1ZA,NO,NO,,,Eldho (Kerala),"PMC.19/2207,
Ground Floor, Dhanalakshmi Complex,",Kannur,Kerala,India,670307,,Standard Template,Adjustment,"Kakkur Road, Chembakkunnu
Narikkuni",Kozhikode,Kerala,India,673585,,1,,,,0.000,,,,0.00,0.000,,,,0.00,,,,,,,,Freight Charges,,996819,60.00,0.00,0.0,97.20,540.00,,FALSE,99381000000557009,Sales,COCS,,,,,kg,9.00,Taxable,99381000000006208,GST18,18.00,Tax Group,,,,9.00,9.00,0.00,0.00,48.60,48.60,0.00,0.00,48.60,48.60,0.00,0.00,,service,,,
2021-07-06,99381000003406053,EST293,invoiced,99381000002222998,Cochin,,,INR,1.00,entity_level,true,0.00,false,28970.00,34185.00,0.00,Looking forward for your business.,,Deepa weighing services,32,32-Kerala,business_gst,32AOJPG3528G1Z9,NO,NO,,,Eldho (Kerala),"Deepa weighing services, 70/1530, Chammany tower",Ernakulam,Kerala,India,682018,,Standard Template,Adjustment,"Deepa weighing services, 70/1530, Chammany tower",Ernakulam,Kerala,India,682018,,1,,,,0.000,,,,0.00,0.000,,,,0.00,,,,,,,,Bill Printing scale Q8POS,Make:YESWEIGH  Model:YS-30   Max:30kg  e:5g  Min:100g  Class:III,84231000,2.00,0.00,0.0,5040.00,28000.00,,FALSE,99381000000011617,Sales,ECS5W,,,,,nos,14000.00,Taxable,99381000000006208,GST18,18.00,Tax Group,,,,9.00,9.00,0.00,0.00,2520.00,2520.00,0.00,0.00,2520.00,2520.00,0.00,0.00,,goods,,,
2021-07-06,99381000003406053,EST293,invoiced,99381000002222998,Cochin,,,INR,1.00,entity_level,true,0.00,false,28970.00,34185.00,0.00,Looking forward for your business.,,Deepa weighing services,32,32-Kerala,business_gst,32AOJPG3528G1Z9,NO,NO,,,Eldho (Kerala),"Deepa weighing services, 70/1530, Chammany tower",Ernakulam,Kerala,India,682018,,Standard Template,Adjustment,"Deepa weighing services, 70/1530, Chammany tower",Ernakulam,Kerala,India,682018,,1,,,,0.000,,,,0.00,0.000,,,,0.00,,,,,,,,Government Stamping Fee /Expense for 30 kg,,998729,2.00,0.00,0.0,174.60,970.00,,FALSE,99381000000186027,Sales,SF30,,,,,nos,485.00,Taxable,99381000000006208,GST18,18.00,Tax Group,,,,9.00,9.00,0.00,0.00,87.30,87.30,0.00,0.00,87.30,87.30,0.00,0.00,,goods,,,
2021-07-06,99381000003406307,EST294,invoiced,99381000002854009,Cochin,,,INR,1.00,entity_level,true,0.00,false,1640.00,1935.00,0.00,Looking forward for your business.,,HAMDHA SCALES,32,32-Kerala,business_gst,32ANEPH3773N1ZT,NO,NO,,,Eldho (Kerala),"ROOM NO10/641B FIRST FLOOR
THANANGATTIL BUILDING
PUKKATTUPADY EDATHALA ALUVA",ERNAKULAM,Kerala,India,,,Standard Template,Adjustment,"ROOM NO10/641B FIRST FLOOR
THANANGATTIL BUILDING
PUKKATTUPADY EDATHALA ALUVA",ERNAKULAM,Kerala,India,,,1,,,,0.000,,,,0.00,0.000,,,,0.00,,,,,,,,Loadcell 300 kg 25 x25- 40 mm 4 HOLE,,84239020,4.00,0.00,0.0,295.20,1640.00,,FALSE,99381000002001110,Sales,LC300,,,,,nos,410.00,Taxable,99381000000006208,GST18,18.00,Tax Group,,,,9.00,9.00,0.00,0.00,147.60,147.60,0.00,0.00,147.60,147.60,0.00,0.00,,goods,,,
2021-07-07,99381000003414005,EST295,invoiced,99381000000084733,Cochin,,,INR,1.00,entity_level,true,0.00,false,975.00,1151.00,0.00,Looking forward for your business.,,ELMASS SYSTEMS & SERVICES,32,32-Kerala,business_gst,32AACFE8918M1Z7,NO,NO,,,Eldho (Directors),"70/1955 /old 44/2214A5, Martin Eva Holy Tuesday Shopping Mall,
Banerji Road, Mathrubhoomi Jn.",Ernakulam,Kerala,India,682017,,Standard Template,Adjustment,"Souhruda Lane
Lissie Hospital Road",Ernakulam,Kerala,India,682018,,3,,,,0.000,,,,0.00,0.000,,,,0.00,,,,,,,,CHOTTU MOTHERBOARD - 99MB 6V,,84239020,5.00,0.00,0.0,175.50,975.00,,FALSE,99381000001165607,Sales,CH602,,,,,nos,195.00,Taxable,99381000000006208,GST18,18.00,Tax Group,,,,9.00,9.00,0.00,0.00,87.75,87.75,0.00,0.00,87.75,87.75,0.00,0.00,,goods,,,
2021-07-07,99381000003412495,EST296,invoiced,99381000000084733,Cochin,,,INR,1.00,entity_level,true,0.00,false,2400.00,2832.00,0.00,Looking forward for your business.,,ELMASS SYSTEMS & SERVICES,32,32-Kerala,business_gst,32AACFE8918M1Z7,NO,NO,,,Eldho (Directors),"70/1955 /old 44/2214A5, Martin Eva Holy Tuesday Shopping Mall,
Banerji Road, Mathrubhoomi Jn.",Ernakulam,Kerala,India,682017,,Standard Template,Adjustment,"Souhruda Lane
Lissie Hospital Road",Ernakulam,Kerala,India,682018,,1,,,,0.000,,,,0.00,0.000,,,,0.00,,,,,,,,Cash Box,,84239020,1.00,0.00,0.0,432.00,2400.00,,FALSE,99381000000343208,Sales,ECSCD,,,,,nos,2400.00,Taxable,99381000000006208,GST18,18.00,Tax Group,,,,9.00,9.00,0.00,0.00,216.00,216.00,0.00,0.00,216.00,216.00,0.00,0.00,,goods,,,
2021-07-07,99381000003420011,EST297,invoiced,99381000000601025,Cochin,,,INR,1.00,entity_level,true,0.00,false,17720.00,20910.00,0.00,Looking forward for your business.,,E WAY SOLUTIONS,32,32-Kerala,business_gst,32BDLPA5497A1ZV,NO,NO,,,Eldho (Kerala),"Door number 26/755,756. Radha Devi building
 kavuvattam ,cherpulassery",shornoor,Kerala,India,679503,,Standard Template,Adjustment,"APS Kulapully
Shornoor Branch",shornoor,Kerala,India,679503,,1,,,,0.000,,,,0.00,0.000,,,,0.00,,,,,,,,Price Computing scale,"Make: YESWEIGH  Model:YSP-20
Max:20kg  e:2g  Min:40g  Class:III",84231000,5.00,0.00,0.0,1692.00,9400.00,,FALSE,99381000000016031,Sales,ATMPC,,,,,nos,1880.00,Taxable,99381000000006208,GST18,18.00,Tax Group,,,,9.00,9.00,0.00,0.00,846.00,846.00,0.00,0.00,846.00,846.00,0.00,0.00,,goods,,,
2021-07-07,99381000003420011,EST297,invoiced,99381000000601025,Cochin,,,INR,1.00,entity_level,true,0.00,false,17720.00,20910.00,0.00,Looking forward for your business.,,E WAY SOLUTIONS,32,32-Kerala,business_gst,32BDLPA5497A1ZV,NO,NO,,,Eldho (Kerala),"Door number 26/755,756. Radha Devi building
 kavuvattam ,cherpulassery",shornoor,Kerala,India,679503,,Standard Template,Adjustment,"APS Kulapully
Shornoor Branch",shornoor,Kerala,India,679503,,1,,,,0.000,,,,0.00,0.000,,,,0.00,,,,,,,,Platform scale,"Make: YESWEIGH  Model:YSP-50
Max:50kg  e:5g  Min:100g  Class:III",84231000,4.00,0.00,0.0,1497.60,8320.00,,FALSE,99381000000016068,Sales,BENCHPC,,,,,nos,2080.00,Taxable,99381000000006208,GST18,18.00,Tax Group,,,,9.00,9.00,0.00,0.00,748.80,748.80,0.00,0.00,748.80,748.80,0.00,0.00,,goods,,,
2021-07-07,99381000003422074,EST298,invoiced,99381000003422043,Cochin,,,INR,1.00,entity_level,true,0.00,false,29400.00,34692.00,0.00,Looking forward for your business.,,JOINTLINE ELECTRONICS,29,29-Karnataka,business_gst,29ALFPM3627H1ZY,NO,NO,,,Biju B,"1st Floor,Regal Plaza,Mission Street",MANGALURU,Kerala,India,575001,,Standard Template,Adjustment,"1st Floor,Regal Plaza,Mission Street",MANGALURU,Kerala,India,575001,,1,,,,0.000,,,,0.00,0.000,,,,0.00,,,,,,,,Table Top Scale  220x170 ABS 6 Volt,"Model : YST-20
Max : 20kg e:2gm Min: 40g Class III",84231000,12.00,0.00,0.0,2808.00,15600.00,,FALSE,99381000000562040,Sales,TTABS6V,,,,,nos,1300.00,Taxable,99381000000006196,IGST18,18.00,ItemAmount,,,,0.00,0.00,18.00,0.00,0.00,0.00,2808.00,0.00,0.00,0.00,2808.00,0.00,,goods,,,
2021-07-07,99381000003422074,EST298,invoiced,99381000003422043,Cochin,,,INR,1.00,entity_level,true,0.00,false,29400.00,34692.00,0.00,Looking forward for your business.,,JOINTLINE ELECTRONICS,29,29-Karnataka,business_gst,29ALFPM3627H1ZY,NO,NO,,,Biju B,"1st Floor,Regal Plaza,Mission Street",MANGALURU,Kerala,India,575001,,Standard Template,Adjustment,"1st Floor,Regal Plaza,Mission Street",MANGALURU,Kerala,India,575001,,1,,,,0.000,,,,0.00,0.000,,,,0.00,,,,,,,,Table Top Scale 220x170 ABS 4 Volt,"Make  : YESWEIGH Model: YST-20
Max :20kg e:2gm Min: 40g Class III",84231000,12.00,0.00,0.0,2484.00,13800.00,,FALSE,99381000000349058,Sales,CH4VSF,,,,,nos,1150.00,Taxable,99381000000006196,IGST18,18.00,ItemAmount,,,,0.00,0.00,18.00,0.00,0.00,0.00,2484.00,0.00,0.00,0.00,2484.00,0.00,,goods,,,
2021-07-07,99381000003419013,EST299,invoiced,99381000002439359,Cochin,,,INR,1.00,entity_level,true,0.00,false,21405.00,25258.00,0.00,Looking forward for your business.,,ADIMALI SCALES,32,32-Kerala,business_gst,32CAHPB2953E2Z7,NO,NO,,,Eldho (Kerala),"Adimali Scales, Mareena Tourist Complex, Kallarkutty Road",Idukki,Kerala,India,685561,,Standard Template,Adjustment,"Adimali Scales, Mareena Tourist Complex, Kallarkutty Road",Idukki,Kerala,India,685561,,3,,,,0.000,,,,0.00,0.000,,,,0.00,,,,,,,,Table Top Scale  220x170 ABS 6 Volt,"Model : YST-20
Max : 20kg e:2gm Min: 40g Class III",84231000,6.00,0.00,0.0,1404.00,7800.00,,FALSE,99381000000562040,Sales,TTABS6V,,,,,nos,1300.00,Taxable,99381000000006208,GST18,18.00,Tax Group,,,,9.00,9.00,0.00,0.00,702.00,702.00,0.00,0.00,702.00,702.00,0.00,0.00,,goods,,,
2021-07-07,99381000003419013,EST299,invoiced,99381000002439359,Cochin,,,INR,1.00,entity_level,true,0.00,false,21405.00,25258.00,0.00,Looking forward for your business.,,ADIMALI SCALES,32,32-Kerala,business_gst,32CAHPB2953E2Z7,NO,NO,,,Eldho (Kerala),"Adimali Scales, Mareena Tourist Complex, Kallarkutty Road",Idukki,Kerala,India,685561,,Standard Template,Adjustment,"Adimali Scales, Mareena Tourist Complex, Kallarkutty Road",Idukki,Kerala,India,685561,,3,,,,0.000,,,,0.00,0.000,,,,0.00,,,,,,,,Government Stamping Fee / Expense for 20 KG,,998729,6.00,0.00,0.0,345.60,1920.00,,FALSE,99381000000172016,Sales,SF20,,,,,nos,320.00,Taxable,99381000000006208,GST18,18.00,Tax Group,,,,9.00,9.00,0.00,0.00,172.80,172.80,0.00,0.00,172.80,172.80,0.00,0.00,,goods,,,
2021-07-07,99381000003419013,EST299,invoiced,99381000002439359,Cochin,,,INR,1.00,entity_level,true,0.00,false,21405.00,25258.00,0.00,Looking forward for your business.,,ADIMALI SCALES,32,32-Kerala,business_gst,32CAHPB2953E2Z7,NO,NO,,,Eldho (Kerala),"Adimali Scales, Mareena Tourist Complex, Kallarkutty Road",Idukki,Kerala,India,685561,,Standard Template,Adjustment,"Adimali Scales, Mareena Tourist Complex, Kallarkutty Road",Idukki,Kerala,India,685561,,3,,,,0.000,,,,0.00,0.000,,,,0.00,,,,,,,,CHICKEN SCALE 100 KG SS,"Make : YESWEIGH Model : YSC
Max : 100kg e:10g Min:200g
Class : III",84239010,3.00,0.00,0.0,1215.00,6750.00,,FALSE,99381000001933001,Sales,CS300X300SS,,,,,nos,2250.00,Taxable,99381000000006208,GST18,18.00,Tax Group,,,,9.00,9.00,0.00,0.00,607.50,607.50,0.00,0.00,607.50,607.50,0.00,0.00,,goods,,,
2021-07-07,99381000003419013,EST299,invoiced,99381000002439359,Cochin,,,INR,1.00,entity_level,true,0.00,false,21405.00,25258.00,0.00,Looking forward for your business.,,ADIMALI SCALES,32,32-Kerala,business_gst,32CAHPB2953E2Z7,NO,NO,,,Eldho (Kerala),"Adimali Scales, Mareena Tourist Complex, Kallarkutty Road",Idukki,Kerala,India,685561,,Standard Template,Adjustment,"Adimali Scales, Mareena Tourist Complex, Kallarkutty Road",Idukki,Kerala,India,685561,,3,,,,0.000,,,,0.00,0.000,,,,0.00,,,,,,,,Government Stamping Fee / Expense for 100Kg,,998729,2.00,0.00,0.0,174.60,970.00,,FALSE,99381000000663063,Sales,SF100,,,,,nos,485.00,Taxable,99381000000006208,GST18,18.00,Tax Group,,,,9.00,9.00,0.00,0.00,87.30,87.30,0.00,0.00,87.30,87.30,0.00,0.00,,goods,,,
2021-07-07,99381000003419013,EST299,invoiced,99381000002439359,Cochin,,,INR,1.00,entity_level,true,0.00,false,21405.00,25258.00,0.00,Looking forward for your business.,,ADIMALI SCALES,32,32-Kerala,business_gst,32CAHPB2953E2Z7,NO,NO,,,Eldho (Kerala),"Adimali Scales, Mareena Tourist Complex, Kallarkutty Road",Idukki,Kerala,India,685561,,Standard Template,Adjustment,"Adimali Scales, Mareena Tourist Complex, Kallarkutty Road",Idukki,Kerala,India,685561,,3,,,,0.000,,,,0.00,0.000,,,,0.00,,,,,,,,CHICKEN SCALE 300KG MS,"Make : YESWEIGH Model : YSC
Max : 300kg e:50g Min:1kg
Class : III",84239010,1.00,0.00,0.0,612.00,3400.00,,FALSE,99381000001933021,Sales,CS400X400MS,,,,,nos,3400.00,Taxable,99381000000006208,GST18,18.00,Tax Group,,,,9.00,9.00,0.00,0.00,306.00,306.00,0.00,0.00,306.00,306.00,0.00,0.00,,goods,,,
2021-07-07,99381000003419013,EST299,invoiced,99381000002439359,Cochin,,,INR,1.00,entity_level,true,0.00,false,21405.00,25258.00,0.00,Looking forward for your business.,,ADIMALI SCALES,32,32-Kerala,business_gst,32CAHPB2953E2Z7,NO,NO,,,Eldho (Kerala),"Adimali Scales, Mareena Tourist Complex, Kallarkutty Road",Idukki,Kerala,India,685561,,Standard Template,Adjustment,"Adimali Scales, Mareena Tourist Complex, Kallarkutty Road",Idukki,Kerala,India,685561,,3,,,,0.000,,,,0.00,0.000,,,,0.00,,,,,,,,Government Stamping Fee /Expense for 300kg,,998729,1.00,0.00,0.0,101.70,565.00,,FALSE,99381000000548525,Sales,SF300,,,,,nos,565.00,Taxable,99381000000006208,GST18,18.00,Tax Group,,,,9.00,9.00,0.00,0.00,50.85,50.85,0.00,0.00,50.85,50.85,0.00,0.00,,goods,,,
2021-07-07,99381000003420168,EST300,invoiced,99381000002182004,Cochin,,,INR,1.00,entity_level,true,0.00,false,17640.00,20815.00,0.00,Looking forward for your business.,,S PAL DIGI WEIGH,32,32-Kerala,business_gst,32DFGPS9054N1ZS,NO,NO,,,Eldho (Kerala),"S PAL DIGI WEIGH, Valiyachudukad Jn",Alappuzha,Kerala,India,68002,,Standard Template,Adjustment,"S PAL DIGI WEIGH, Valiyachudukad Jn",Alappuzha,Kerala,India,68002,,3,,,,0.000,,,,0.00,0.000,,,,0.00,,,,,,,,Table Top Scale 220x170 ABS 4 Volt,"Make  : YESWEIGH Model: YST-20
Max :20kg e:2gm Min: 40g Class III",84231000,12.00,0.00,0.0,2484.00,13800.00,,FALSE,99381000000349058,Sales,CH4VSF,,,,,nos,1150.00,Taxable,99381000000006208,GST18,18.00,Tax Group,,,,9.00,9.00,0.00,0.00,1242.00,1242.00,0.00,0.00,1242.00,1242.00,0.00,0.00,,goods,,,
2021-07-07,99381000003420168,EST300,invoiced,99381000002182004,Cochin,,,INR,1.00,entity_level,true,0.00,false,17640.00,20815.00,0.00,Looking forward for your business.,,S PAL DIGI WEIGH,32,32-Kerala,business_gst,32DFGPS9054N1ZS,NO,NO,,,Eldho (Kerala),"S PAL DIGI WEIGH, Valiyachudukad Jn",Alappuzha,Kerala,India,68002,,Standard Template,Adjustment,"S PAL DIGI WEIGH, Valiyachudukad Jn",Alappuzha,Kerala,India,68002,,3,,,,0.000,,,,0.00,0.000,,,,0.00,,,,,,,,Government Stamping Fee / Expense for 20 KG,,998729,12.00,0.00,0.0,691.20,3840.00,,FALSE,99381000000172016,Sales,SF20,,,,,nos,320.00,Taxable,99381000000006208,GST18,18.00,Tax Group,,,,9.00,9.00,0.00,0.00,345.60,345.60,0.00,0.00,345.60,345.60,0.00,0.00,,goods,,,
2021-07-07,99381000003420184,EST301,invoiced,99381000002549012,Cochin,,,INR,1.00,entity_level,true,0.00,false,9000.00,10620.00,0.00,Looking forward for your business.,,ROYAL SCALES,32,32-Kerala,business_gst,32AKPPJ6985N1ZA,NO,NO,,,Eldho (Kerala),"PMC.19/2207,
Ground Floor, Dhanalakshmi Complex,",Kannur,Kerala,India,670307,,Standard Template,Adjustment,"PMC.19/2207,
Ground Floor, Dhanalakshmi Complex,",Kannur,Kerala,India,670307,,3,,,,0.000,,,,0.00,0.000,,,,0.00,,,,,,,,Table Top Scale 220x170 ABS 4 Volt,"Make  : YESWEIGH Model: YST-20
Max :20kg e:2gm Min: 40g Class III",84231000,6.00,0.00,0.0,1242.00,6900.00,,FALSE,99381000000349058,Sales,CH4VSF,,,,,nos,1150.00,Taxable,99381000000006208,GST18,18.00,Tax Group,,,,9.00,9.00,0.00,0.00,621.00,621.00,0.00,0.00,621.00,621.00,0.00,0.00,,goods,,,
2021-07-07,99381000003420184,EST301,invoiced,99381000002549012,Cochin,,,INR,1.00,entity_level,true,0.00,false,9000.00,10620.00,0.00,Looking forward for your business.,,ROYAL SCALES,32,32-Kerala,business_gst,32AKPPJ6985N1ZA,NO,NO,,,Eldho (Kerala),"PMC.19/2207,
Ground Floor, Dhanalakshmi Complex,",Kannur,Kerala,India,670307,,Standard Template,Adjustment,"PMC.19/2207,
Ground Floor, Dhanalakshmi Complex,",Kannur,Kerala,India,670307,,3,,,,0.000,,,,0.00,0.000,,,,0.00,,,,,,,,Government Stamping Fee / Expense for 20 KG,,998729,6.00,0.00,0.0,345.60,1920.00,,FALSE,99381000000172016,Sales,SF20,,,,,nos,320.00,Taxable,99381000000006208,GST18,18.00,Tax Group,,,,9.00,9.00,0.00,0.00,172.80,172.80,0.00,0.00,172.80,172.80,0.00,0.00,,goods,,,
2021-07-07,99381000003420184,EST301,invoiced,99381000002549012,Cochin,,,INR,1.00,entity_level,true,0.00,false,9000.00,10620.00,0.00,Looking forward for your business.,,ROYAL SCALES,32,32-Kerala,business_gst,32AKPPJ6985N1ZA,NO,NO,,,Eldho (Kerala),"PMC.19/2207,
Ground Floor, Dhanalakshmi Complex,",Kannur,Kerala,India,670307,,Standard Template,Adjustment,"PMC.19/2207,
Ground Floor, Dhanalakshmi Complex,",Kannur,Kerala,India,670307,,3,,,,0.000,,,,0.00,0.000,,,,0.00,,,,,,,,Freight Charges,,996819,20.00,0.00,0.0,32.40,180.00,,FALSE,99381000000557009,Sales,COCS,,,,,kg,9.00,Taxable,99381000000006208,GST18,18.00,Tax Group,,,,9.00,9.00,0.00,0.00,16.20,16.20,0.00,0.00,16.20,16.20,0.00,0.00,,service,,,
2021-07-08,99381000003425154,EST302,draft,99381000003422043,Cochin,,,INR,1.00,entity_level,true,0.00,false,17270.00,20379.00,0.00,Looking forward for your business.,,JOINTLINE ELECTRONICS,29,29-Karnataka,business_gst,29ALFPM3627H1ZY,NO,NO,,,Biju B,"1st Floor,Regal Plaza,Mission Street",MANGALURU,Kerala,India,575001,,Standard Template,Adjustment,"1st Floor,Regal Plaza,Mission Street",MANGALURU,Kerala,India,575001,,1,,,,0.000,,,,0.00,0.000,,,,0.00,,,,,,,,Platform scale,"Make: YESWEIGH  Model:YSP-50
Max:50kg  e:5g  Min:100g  Class:III",84231000,4.00,0.00,0.0,1497.60,8320.00,,FALSE,99381000000016068,Sales,BENCHPC,,,,,nos,2080.00,Taxable,99381000000006196,IGST18,18.00,ItemAmount,,,,0.00,0.00,18.00,0.00,0.00,0.00,1497.60,0.00,0.00,0.00,1497.60,0.00,,goods,,,
2021-07-08,99381000003425154,EST302,draft,99381000003422043,Cochin,,,INR,1.00,entity_level,true,0.00,false,17270.00,20379.00,0.00,Looking forward for your business.,,JOINTLINE ELECTRONICS,29,29-Karnataka,business_gst,29ALFPM3627H1ZY,NO,NO,,,Biju B,"1st Floor,Regal Plaza,Mission Street",MANGALURU,Kerala,India,575001,,Standard Template,Adjustment,"1st Floor,Regal Plaza,Mission Street",MANGALURU,Kerala,India,575001,,1,,,,0.000,,,,0.00,0.000,,,,0.00,,,,,,,,ATM JUNIOR YS669,"Make : YESWEIGH Model : YSP-20
Max : 20kg e:2g Min:40g
Class : III",84231000,5.00,0.00,0.0,1611.00,8950.00,,FALSE,99381000001247038,Sales,YS669,,,,,nos,1790.00,Taxable,99381000000006196,IGST18,18.00,ItemAmount,,,,0.00,0.00,18.00,0.00,0.00,0.00,1611.00,0.00,0.00,0.00,1611.00,0.00,,goods,,,
2021-07-08,99381000003433176,EST303,invoiced,99381000003436219,Cochin,,,INR,1.00,entity_level,true,0.00,false,17550.00,20709.00,0.00,Looking forward for your business.,,SSCO WEIGHING SYSTEM,32,32-Kerala,business_gst,32AFBPU6752M1Z1,NO,NO,,,Eldho (Kerala),Near Panchayath Shopping Complex,Adimaly,Kerala,India,685561,,Standard Template,Adjustment,Near Panchayath Shopping Complex,Adimaly,Kerala,India,685561,,3,,,,0.000,,,,0.00,0.000,,,,0.00,,,,,,,,Platform scale,"Make: YESWEIGH  Model:YSP-50
Max:50kg  e:5g  Min:100g  Class:III",84231000,1.00,0.00,0.0,374.40,2080.00,,FALSE,99381000000016068,Sales,BENCHPC,,,,,nos,2080.00,Taxable,99381000000006208,GST18,18.00,Tax Group,,,,9.00,9.00,0.00,0.00,187.20,187.20,0.00,0.00,187.20,187.20,0.00,0.00,,goods,,,
2021-07-08,99381000003433176,EST303,invoiced,99381000003436219,Cochin,,,INR,1.00,entity_level,true,0.00,false,17550.00,20709.00,0.00,Looking forward for your business.,,SSCO WEIGHING SYSTEM,32,32-Kerala,business_gst,32AFBPU6752M1Z1,NO,NO,,,Eldho (Kerala),Near Panchayath Shopping Complex,Adimaly,Kerala,India,685561,,Standard Template,Adjustment,Near Panchayath Shopping Complex,Adimaly,Kerala,India,685561,,3,,,,0.000,,,,0.00,0.000,,,,0.00,,,,,,,,Government Stamping Fee /Expense for 50 kg,,998729,1.00,0.00,0.0,87.30,485.00,,FALSE,99381000000186036,Sales,SF50,,,,,nos,485.00,Taxable,99381000000006208,GST18,18.00,Tax Group,,,,9.00,9.00,0.00,0.00,43.65,43.65,0.00,0.00,43.65,43.65,0.00,0.00,,goods,,,
2021-07-08,99381000003433176,EST303,invoiced,99381000003436219,Cochin,,,INR,1.00,entity_level,true,0.00,false,17550.00,20709.00,0.00,Looking forward for your business.,,SSCO WEIGHING SYSTEM,32,32-Kerala,business_gst,32AFBPU6752M1Z1,NO,NO,,,Eldho (Kerala),Near Panchayath Shopping Complex,Adimaly,Kerala,India,685561,,Standard Template,Adjustment,Near Panchayath Shopping Complex,Adimaly,Kerala,India,685561,,3,,,,0.000,,,,0.00,0.000,,,,0.00,,,,,,,,Label Printing Scale Q9LBL,Make:YESWEIGH  Model:YS-30   Max:30kg  e:5g  Min:100g  Class:III,84231000,1.00,0.00,0.0,2610.00,14500.00,,FALSE,99381000002536240,Sales,Q9LBL,,,,,nos,14500.00,Taxable,99381000000006208,GST18,18.00,Tax Group,,,,9.00,9.00,0.00,0.00,1305.00,1305.00,0.00,0.00,1305.00,1305.00,0.00,0.00,,goods,,,
2021-07-08,99381000003433176,EST303,invoiced,99381000003436219,Cochin,,,INR,1.00,entity_level,true,0.00,false,17550.00,20709.00,0.00,Looking forward for your business.,,SSCO WEIGHING SYSTEM,32,32-Kerala,business_gst,32AFBPU6752M1Z1,NO,NO,,,Eldho (Kerala),Near Panchayath Shopping Complex,Adimaly,Kerala,India,685561,,Standard Template,Adjustment,Near Panchayath Shopping Complex,Adimaly,Kerala,India,685561,,3,,,,0.000,,,,0.00,0.000,,,,0.00,,,,,,,,Government Stamping Fee /Expense for 30 kg,,998729,1.00,0.00,0.0,87.30,485.00,,FALSE,99381000000186027,Sales,SF30,,,,,nos,485.00,Taxable,99381000000006208,GST18,18.00,Tax Group,,,,9.00,9.00,0.00,0.00,43.65,43.65,0.00,0.00,43.65,43.65,0.00,0.00,,goods,,,
2021-07-09,99381000003433218,EST304,invoiced,99381000001542136,Cochin,,,INR,1.00,entity_level,true,0.00,false,8330.00,9829.00,0.00,Looking forward for your business.,,Clarion Systems,32,32-Kerala,business_gst,32AMHPV4309C1ZB,NO,NO,,,Eldho (Kerala),"Clarion Systems, Kokkadan Building, Chungam",Thrissur,Kerala,India,680302,,Standard Template,Adjustment,"Clarion Systems, Kokkadan Building, Chungam",Thrissur,Kerala,India,680302,,3,,,,0.000,,,,0.00,0.000,,,,0.00,,,,,,,,Platform Weighing Scale 200kg/20g,"Make:YESWEIGH Model : YSP-100
Max : 100kg e: 10g Min :200gm 
Class: III
",84231000,1.00,0.00,0.0,648.00,3600.00,,FALSE,99381000000326157,Sales,PFPC400X500SS,,,,,nos,3600.00,Taxable,99381000000006208,GST18,18.00,Tax Group,,,,9.00,9.00,0.00,0.00,324.00,324.00,0.00,0.00,324.00,324.00,0.00,0.00,,goods,,,
2021-07-09,99381000003433218,EST304,invoiced,99381000001542136,Cochin,,,INR,1.00,entity_level,true,0.00,false,8330.00,9829.00,0.00,Looking forward for your business.,,Clarion Systems,32,32-Kerala,business_gst,32AMHPV4309C1ZB,NO,NO,,,Eldho (Kerala),"Clarion Systems, Kokkadan Building, Chungam",Thrissur,Kerala,India,680302,,Standard Template,Adjustment,"Clarion Systems, Kokkadan Building, Chungam",Thrissur,Kerala,India,680302,,3,,,,0.000,,,,0.00,0.000,,,,0.00,,,,,,,,Government Stamping Fee / Expense for 100Kg,,998729,2.00,0.00,0.0,174.60,970.00,,FALSE,99381000000663063,Sales,SF100,,,,,nos,485.00,Taxable,99381000000006208,GST18,18.00,Tax Group,,,,9.00,9.00,0.00,0.00,87.30,87.30,0.00,0.00,87.30,87.30,0.00,0.00,,goods,,,
2021-07-09,99381000003433218,EST304,invoiced,99381000001542136,Cochin,,,INR,1.00,entity_level,true,0.00,false,8330.00,9829.00,0.00,Looking forward for your business.,,Clarion Systems,32,32-Kerala,business_gst,32AMHPV4309C1ZB,NO,NO,,,Eldho (Kerala),"Clarion Systems, Kokkadan Building, Chungam",Thrissur,Kerala,India,680302,,Standard Template,Adjustment,"Clarion Systems, Kokkadan Building, Chungam",Thrissur,Kerala,India,680302,,3,,,,0.000,,,,0.00,0.000,,,,0.00,,,,,,,,CHICKEN SCALE 300KG MS,"Make : YESWEIGH Model : YSC
Max : 100kg e:10g Min:200g
Class : III",84239010,1.00,0.00,0.0,612.00,3400.00,,FALSE,99381000001933021,Sales,CS400X400MS,,,,,nos,3400.00,Taxable,99381000000006208,GST18,18.00,Tax Group,,,,9.00,9.00,0.00,0.00,306.00,306.00,0.00,0.00,306.00,306.00,0.00,0.00,,goods,,,
2021-07-09,99381000003433218,EST304,invoiced,99381000001542136,Cochin,,,INR,1.00,entity_level,true,0.00,false,8330.00,9829.00,0.00,Looking forward for your business.,,Clarion Systems,32,32-Kerala,business_gst,32AMHPV4309C1ZB,NO,NO,,,Eldho (Kerala),"Clarion Systems, Kokkadan Building, Chungam",Thrissur,Kerala,India,680302,,Standard Template,Adjustment,"Clarion Systems, Kokkadan Building, Chungam",Thrissur,Kerala,India,680302,,3,,,,0.000,,,,0.00,0.000,,,,0.00,,,,,,,,Freight Charges,,996819,40.00,0.00,0.0,64.80,360.00,,FALSE,99381000000557009,Sales,COCS,,,,,kg,9.00,Taxable,99381000000006208,GST18,18.00,Tax Group,,,,9.00,9.00,0.00,0.00,32.40,32.40,0.00,0.00,32.40,32.40,0.00,0.00,,service,,,
2021-07-09,99381000003445684,EST305,invoiced,99381000001357007,Cochin,,,INR,1.00,entity_level,true,0.00,false,9900.00,11682.00,0.00,Looking forward for your business.,,Scale Point,32,32-Kerala,business_gst,32DSJPS7374R1ZN,NO,NO,,,Eldho (Kerala),"Scale Point, Room No: 8/76-5",Kalpatta,Kerala,India,628505,,Standard Template,Adjustment,"Scale Point, Room No: 8/76-5",Kalpatta,Kerala,India,628505,,3,,,,0.000,,,,0.00,0.000,,,,0.00,,,,,,,,Table Top Scale  220x170 ABS 6 Volt,"Model : YST-20
Max : 20kg e:2gm Min: 40g Class III",84231000,6.00,0.00,0.0,1404.00,7800.00,,FALSE,99381000000562040,Sales,TTABS6V,,,,,nos,1300.00,Taxable,99381000000006208,GST18,18.00,Tax Group,,,,9.00,9.00,0.00,0.00,702.00,702.00,0.00,0.00,702.00,702.00,0.00,0.00,,goods,,,
2021-07-09,99381000003445684,EST305,invoiced,99381000001357007,Cochin,,,INR,1.00,entity_level,true,0.00,false,9900.00,11682.00,0.00,Looking forward for your business.,,Scale Point,32,32-Kerala,business_gst,32DSJPS7374R1ZN,NO,NO,,,Eldho (Kerala),"Scale Point, Room No: 8/76-5",Kalpatta,Kerala,India,628505,,Standard Template,Adjustment,"Scale Point, Room No: 8/76-5",Kalpatta,Kerala,India,628505,,3,,,,0.000,,,,0.00,0.000,,,,0.00,,,,,,,,Government Stamping Fee / Expense for 20 KG,,998729,6.00,0.00,0.0,345.60,1920.00,,FALSE,99381000000172016,Sales,SF20,,,,,nos,320.00,Taxable,99381000000006208,GST18,18.00,Tax Group,,,,9.00,9.00,0.00,0.00,172.80,172.80,0.00,0.00,172.80,172.80,0.00,0.00,,goods,,,
2021-07-09,99381000003445684,EST305,invoiced,99381000001357007,Cochin,,,INR,1.00,entity_level,true,0.00,false,9900.00,11682.00,0.00,Looking forward for your business.,,Scale Point,32,32-Kerala,business_gst,32DSJPS7374R1ZN,NO,NO,,,Eldho (Kerala),"Scale Point, Room No: 8/76-5",Kalpatta,Kerala,India,628505,,Standard Template,Adjustment,"Scale Point, Room No: 8/76-5",Kalpatta,Kerala,India,628505,,3,,,,0.000,,,,0.00,0.000,,,,0.00,,,,,,,,Freight Charges,,996819,20.00,0.00,0.0,32.40,180.00,,FALSE,99381000000557009,Sales,COCS,,,,,kg,9.00,Taxable,99381000000006208,GST18,18.00,Tax Group,,,,9.00,9.00,0.00,0.00,16.20,16.20,0.00,0.00,16.20,16.20,0.00,0.00,,service,,,
2021-07-09,99381000003442053,EST306,invoiced,99381000001357007,Cochin,,,INR,1.00,entity_level,true,0.00,false,601.00,709.00,0.00,Looking forward for your business.,,Scale Point,32,32-Kerala,business_gst,32DSJPS7374R1ZN,NO,NO,,,Eldho (Kerala),"Scale Point, Room No: 8/76-5",Kalpatta,Kerala,India,628505,,Standard Template,Adjustment,"Scale Point, Room No: 8/76-5",Kalpatta,Kerala,India,628505,,1,,,,0.000,,,,0.00,0.000,,,,0.00,,,,,,,,CHOTTU MOTHERBOARD - 99MB 6V,,84239020,3.00,0.00,0.0,105.30,585.00,,FALSE,99381000001165607,Sales,CH602,,,,,nos,195.00,Taxable,99381000000006208,GST18,18.00,Tax Group,,,,9.00,9.00,0.00,0.00,52.65,52.65,0.00,0.00,52.65,52.65,0.00,0.00,,goods,,,
2021-07-09,99381000003442053,EST306,invoiced,99381000001357007,Cochin,,,INR,1.00,entity_level,true,0.00,false,601.00,709.00,0.00,Looking forward for your business.,,Scale Point,32,32-Kerala,business_gst,32DSJPS7374R1ZN,NO,NO,,,Eldho (Kerala),"Scale Point, Room No: 8/76-5",Kalpatta,Kerala,India,628505,,Standard Template,Adjustment,"Scale Point, Room No: 8/76-5",Kalpatta,Kerala,India,628505,,1,,,,0.000,,,,0.00,0.000,,,,0.00,,,,,,,,Keypad,,84239020,2.00,0.00,0.0,2.88,16.00,,FALSE,99381000002008082,Sales,KEYPA1,,,,,nos,8.00,Taxable,99381000000006208,GST18,18.00,Tax Group,,,,9.00,9.00,0.00,0.00,1.44,1.44,0.00,0.00,1.44,1.44,0.00,0.00,,goods,,,
2021-07-09,99381000003449001,EST307,invoiced,99381000000601025,Cochin,,,INR,1.00,entity_level,true,0.00,false,160.00,189.00,0.00,Looking forward for your business.,,E WAY SOLUTIONS,32,32-Kerala,business_gst,32BDLPA5497A1ZV,NO,NO,,,Eldho (Kerala),"Door number 26/755,756. Radha Devi building
 kavuvattam ,cherpulassery",shornoor,Kerala,India,679503,,Standard Template,Adjustment,"APS Kulapully
Shornoor Branch",shornoor,Kerala,India,679503,,3,,,,0.000,,,,0.00,0.000,,,,0.00,,,,,,,,ATM PC WEIGH PAN,,84239020,1.00,0.00,0.0,28.80,160.00,,FALSE,99381000001662121,Sales,APC214,,,,,nos,160.00,Taxable,99381000000006208,GST18,18.00,Tax Group,,,,9.00,9.00,0.00,0.00,14.40,14.40,0.00,0.00,14.40,14.40,0.00,0.00,,goods,,,
2021-07-11,99381000003466005,EST308,invoiced,99381000000084733,Cochin,,,INR,1.00,entity_level,true,0.00,false,19400.00,22892.00,0.00,Looking forward for your business.,,ELMASS SYSTEMS & SERVICES,32,32-Kerala,business_gst,32AACFE8918M1Z7,NO,NO,,,Eldho (Directors),"70/1955 /old 44/2214A5, Martin Eva Holy Tuesday Shopping Mall,
Banerji Road, Mathrubhoomi Jn.",Ernakulam,Kerala,India,682017,,Standard Template,Adjustment,"Souhruda Lane
Lissie Hospital Road",Ernakulam,Kerala,India,682018,,3,,,,0.000,,,,0.00,0.000,,,,0.00,,,,,,,,Electronic cash register,,84701000,2.00,0.00,0.0,3492.00,19400.00,,FALSE,99381000000194004,Sales,ECR,,,,,nos,9700.00,Taxable,99381000000006208,GST18,18.00,Tax Group,,,,9.00,9.00,0.00,0.00,1746.00,1746.00,0.00,0.00,1746.00,1746.00,0.00,0.00,,goods,,,
2021-07-12,99381000003465274,EST310,invoiced,99381000000837003,Cochin,,,INR,1.00,entity_level,true,0.00,false,4238.00,5001.00,0.00,Looking forward for your business.,,Hy-Tech Electronic Weighing System,32,32-Kerala,business_gst,32AMVPP9204A2Z2,NO,NO,,,Eldho (Kerala),"Hy-Tech Electronic Weighing System , Revathy Complex",Kasargod,Kerala,India,671316,,Standard Template,Adjustment,"Hy-Tech Electronic Weighing System ,",Kasargod,Kerala,India,671316,,1,,,,0.000,,,,0.00,0.000,,,,0.00,,,,,,,,Platform Weighing Scale 200kg/20g,"Make:YESWEIGH Model : YSP-200
Max : 200kg e: 20g Min :400gm 
Class: III
",84231000,1.00,0.00,0.0,648.00,3600.00,,FALSE,99381000000326157,Sales,PFPC400X500SS,,,,,nos,3600.00,Taxable,99381000000006208,GST18,18.00,Tax Group,,,,9.00,9.00,0.00,0.00,324.00,324.00,0.00,0.00,324.00,324.00,0.00,0.00,,goods,,,
2021-07-12,99381000003465274,EST310,invoiced,99381000000837003,Cochin,,,INR,1.00,entity_level,true,0.00,false,4238.00,5001.00,0.00,Looking forward for your business.,,Hy-Tech Electronic Weighing System,32,32-Kerala,business_gst,32AMVPP9204A2Z2,NO,NO,,,Eldho (Kerala),"Hy-Tech Electronic Weighing System , Revathy Complex",Kasargod,Kerala,India,671316,,Standard Template,Adjustment,"Hy-Tech Electronic Weighing System ,",Kasargod,Kerala,India,671316,,1,,,,0.000,,,,0.00,0.000,,,,0.00,,,,,,,,Government Stamping Fee /Expense for 200Kg,,998729,1.00,0.00,0.0,87.30,485.00,,FALSE,99381000000548508,Sales,SF200,,,,,nos,485.00,Taxable,99381000000006208,GST18,18.00,Tax Group,,,,9.00,9.00,0.00,0.00,43.65,43.65,0.00,0.00,43.65,43.65,0.00,0.00,,goods,,,
2021-07-12,99381000003465274,EST310,invoiced,99381000000837003,Cochin,,,INR,1.00,entity_level,true,0.00,false,4238.00,5001.00,0.00,Looking forward for your business.,,Hy-Tech Electronic Weighing System,32,32-Kerala,business_gst,32AMVPP9204A2Z2,NO,NO,,,Eldho (Kerala),"Hy-Tech Electronic Weighing System , Revathy Complex",Kasargod,Kerala,India,671316,,Standard Template,Adjustment,"Hy-Tech Electronic Weighing System ,",Kasargod,Kerala,India,671316,,1,,,,0.000,,,,0.00,0.000,,,,0.00,,,,,,,,Freight Charges,,996819,17.00,0.00,0.0,27.54,153.00,,FALSE,99381000000557009,Sales,COCS,,,,,kg,9.00,Taxable,99381000000006208,GST18,18.00,Tax Group,,,,9.00,9.00,0.00,0.00,13.77,13.77,0.00,0.00,13.77,13.77,0.00,0.00,,service,,,
2021-07-12,99381000003465364,EST311,invoiced,99381000001357007,Cochin,,,INR,1.00,entity_level,true,0.00,false,415.00,490.00,0.00,Looking forward for your business.,,Scale Point,32,32-Kerala,business_gst,32DSJPS7374R1ZN,NO,NO,,,Eldho (Kerala),"Scale Point, Room No: 8/76-5",Kalpatta,Kerala,India,628505,,Standard Template,Adjustment,"Scale Point, Room No: 8/76-5",Kalpatta,Kerala,India,628505,,1,,,,0.000,,,,0.00,0.000,,,,0.00,,,,,,,,Protection Dust Cover ATM PC/ ATM JUNIOR/ ATM PC WATERPROOF / ATM PC TOUCH,,84239020,5.00,0.00,0.0,31.50,175.00,,FALSE,99381000000542261,Sales,APC204,,,,,pcs,35.00,Taxable,99381000000006208,GST18,18.00,Tax Group,,,,9.00,9.00,0.00,0.00,15.75,15.75,0.00,0.00,15.75,15.75,0.00,0.00,,goods,,,
2021-07-12,99381000003465364,EST311,invoiced,99381000001357007,Cochin,,,INR,1.00,entity_level,true,0.00,false,415.00,490.00,0.00,Looking forward for your business.,,Scale Point,32,32-Kerala,business_gst,32DSJPS7374R1ZN,NO,NO,,,Eldho (Kerala),"Scale Point, Room No: 8/76-5",Kalpatta,Kerala,India,628505,,Standard Template,Adjustment,"Scale Point, Room No: 8/76-5",Kalpatta,Kerala,India,628505,,1,,,,0.000,,,,0.00,0.000,,,,0.00,,,,,,,,Metalic Keypad ATM PC,,84239020,2.00,0.00,0.0,43.20,240.00,,FALSE,99381000000542224,Sales,APC201,,,,,pcs,120.00,Taxable,99381000000006208,GST18,18.00,Tax Group,,,,9.00,9.00,0.00,0.00,21.60,21.60,0.00,0.00,21.60,21.60,0.00,0.00,,goods,,,
2021-07-12,99381000003465402,EST312,invoiced,99381000000231096,Cochin,,,INR,1.00,entity_level,true,0.00,false,14700.00,17346.00,0.00,Looking forward for your business.,,Victory Scales,32,32-Kerala,business_gst,32AAAAV1247P1ZC,NO,NO,,,Eldho (Kerala),"M/s Victory Scales
CSI Ascension Square, Below ICICI Bank","Kottayam,",Kerala,India,686016,,Standard Template,Adjustment,"Manickathinal Building,","Kottayam,",Kerala,India,686016,,3,,,,0.000,,,,0.00,0.000,,,,0.00,,,,,,,,Table Top Scale  220x170 ABS 6 Volt,"Model : YST-20
Max : 20kg e:2gm Min: 40g Class III",84231000,6.00,0.00,0.0,1404.00,7800.00,,FALSE,99381000000562040,Sales,TTABS6V,,,,,nos,1300.00,Taxable,99381000000006208,GST18,18.00,Tax Group,,,,9.00,9.00,0.00,0.00,702.00,702.00,0.00,0.00,702.00,702.00,0.00,0.00,,goods,,,
2021-07-12,99381000003465402,EST312,invoiced,99381000000231096,Cochin,,,INR,1.00,entity_level,true,0.00,false,14700.00,17346.00,0.00,Looking forward for your business.,,Victory Scales,32,32-Kerala,business_gst,32AAAAV1247P1ZC,NO,NO,,,Eldho (Kerala),"M/s Victory Scales
CSI Ascension Square, Below ICICI Bank","Kottayam,",Kerala,India,686016,,Standard Template,Adjustment,"Manickathinal Building,","Kottayam,",Kerala,India,686016,,3,,,,0.000,,,,0.00,0.000,,,,0.00,,,,,,,,Table Top Scale 220x170 ABS 4 Volt,"Make  : YESWEIGH Model: YST-20
Max :20kg e:2gm Min: 40g Class III",84231000,6.00,0.00,0.0,1242.00,6900.00,,FALSE,99381000000349058,Sales,CH4VSF,,,,,nos,1150.00,Taxable,99381000000006208,GST18,18.00,Tax Group,,,,9.00,9.00,0.00,0.00,621.00,621.00,0.00,0.00,621.00,621.00,0.00,0.00,,goods,,,
2021-07-12,99381000003463089,EST313,invoiced,99381000002549012,Cochin,,,INR,1.00,entity_level,true,0.00,false,10512.00,12404.00,0.00,Looking forward for your business.,,ROYAL SCALES,32,32-Kerala,business_gst,32AKPPJ6985N1ZA,NO,NO,,,Eldho (Kerala),"PMC.19/2207,
Ground Floor, Dhanalakshmi Complex,",Kannur,Kerala,India,670307,,Standard Template,Adjustment,"PMC.19/2207,
Ground Floor, Dhanalakshmi Complex,",Kannur,Kerala,India,670307,,3,,,,0.000,,,,0.00,0.000,,,,0.00,,,,,,,,Platform scale,"Make: YESWEIGH  Model:YSP-50
Max:50kg  e:5g  Min:100g  Class:III",84231000,4.00,0.00,0.0,1497.60,8320.00,,FALSE,99381000000016068,Sales,BENCHPC,,,,,nos,2080.00,Taxable,99381000000006208,GST18,18.00,Tax Group,,,,9.00,9.00,0.00,0.00,748.80,748.80,0.00,0.00,748.80,748.80,0.00,0.00,,goods,,,
2021-07-12,99381000003463089,EST313,invoiced,99381000002549012,Cochin,,,INR,1.00,entity_level,true,0.00,false,10512.00,12404.00,0.00,Looking forward for your business.,,ROYAL SCALES,32,32-Kerala,business_gst,32AKPPJ6985N1ZA,NO,NO,,,Eldho (Kerala),"PMC.19/2207,
Ground Floor, Dhanalakshmi Complex,",Kannur,Kerala,India,670307,,Standard Template,Adjustment,"PMC.19/2207,
Ground Floor, Dhanalakshmi Complex,",Kannur,Kerala,India,670307,,3,,,,0.000,,,,0.00,0.000,,,,0.00,,,,,,,,Government Stamping Fee /Expense for 50 kg,,998729,4.00,0.00,0.0,349.20,1940.00,,FALSE,99381000000186036,Sales,SF50,,,,,nos,485.00,Taxable,99381000000006208,GST18,18.00,Tax Group,,,,9.00,9.00,0.00,0.00,174.60,174.60,0.00,0.00,174.60,174.60,0.00,0.00,,goods,,,
2021-07-12,99381000003463089,EST313,invoiced,99381000002549012,Cochin,,,INR,1.00,entity_level,true,0.00,false,10512.00,12404.00,0.00,Looking forward for your business.,,ROYAL SCALES,32,32-Kerala,business_gst,32AKPPJ6985N1ZA,NO,NO,,,Eldho (Kerala),"PMC.19/2207,
Ground Floor, Dhanalakshmi Complex,",Kannur,Kerala,India,670307,,Standard Template,Adjustment,"PMC.19/2207,
Ground Floor, Dhanalakshmi Complex,",Kannur,Kerala,India,670307,,3,,,,0.000,,,,0.00,0.000,,,,0.00,,,,,,,,Freight Charges,,996819,28.00,0.00,0.0,45.36,252.00,,FALSE,99381000000557009,Sales,COCS,,,,,kg,9.00,Taxable,99381000000006208,GST18,18.00,Tax Group,,,,9.00,9.00,0.00,0.00,22.68,22.68,0.00,0.00,22.68,22.68,0.00,0.00,,service,,,
2021-07-12,99381000003467681,EST314,invoiced,99381000002222998,Cochin,,,INR,1.00,entity_level,true,0.00,false,10260.00,12107.00,0.00,Looking forward for your business.,,Deepa weighing services,32,32-Kerala,business_gst,32AOJPG3528G1Z9,NO,NO,,,Eldho (Kerala),"Deepa weighing services, 70/1530, Chammany tower",Ernakulam,Kerala,India,682018,,Standard Template,Adjustment,"Deepa weighing services, 70/1530, Chammany tower",Ernakulam,Kerala,India,682018,,3,,,,0.000,,,,0.00,0.000,,,,0.00,,,,,,,,Platform scale,"Make: YESWEIGH  Model:YSP-50
Max:50kg  e:5g  Min:100g  Class:III",84231000,4.00,0.00,0.0,1497.60,8320.00,,FALSE,99381000000016068,Sales,BENCHPC,,,,,nos,2080.00,Taxable,99381000000006208,GST18,18.00,Tax Group,,,,9.00,9.00,0.00,0.00,748.80,748.80,0.00,0.00,748.80,748.80,0.00,0.00,,goods,,,
2021-07-12,99381000003467681,EST314,invoiced,99381000002222998,Cochin,,,INR,1.00,entity_level,true,0.00,false,10260.00,12107.00,0.00,Looking forward for your business.,,Deepa weighing services,32,32-Kerala,business_gst,32AOJPG3528G1Z9,NO,NO,,,Eldho (Kerala),"Deepa weighing services, 70/1530, Chammany tower",Ernakulam,Kerala,India,682018,,Standard Template,Adjustment,"Deepa weighing services, 70/1530, Chammany tower",Ernakulam,Kerala,India,682018,,3,,,,0.000,,,,0.00,0.000,,,,0.00,,,,,,,,Government Stamping Fee /Expense for 50 kg,,998729,4.00,0.00,0.0,349.20,1940.00,,FALSE,99381000000186036,Sales,SF50,,,,,nos,485.00,Taxable,99381000000006208,GST18,18.00,Tax Group,,,,9.00,9.00,0.00,0.00,174.60,174.60,0.00,0.00,174.60,174.60,0.00,0.00,,goods,,,
2021-07-12,99381000003466103,EST315,invoiced,99381000001617061,Cochin,,,INR,1.00,entity_level,true,0.00,false,65000.00,76700.00,0.00,Looking forward for your business.,,R.A.M SCALES,29,29-Karnataka,business_gst,29AWXPN3855H1ZN,NO,NO,,,Biju B,"Shop No.1&2,
S.S.Complex",Davangere,Karnataka,India,577001,,Standard Template,Adjustment,"Shop No.1&2,
S.S.Complex",Davangere,Karnataka,India,577001,,1,,,,0.000,,,,0.00,0.000,,,,0.00,,,,,,,,CCM  - Value Counting Machine,,84729090,10.00,0.00,0.0,11700.00,65000.00,,FALSE,99381000000302452,Sales,AL66,,,,,nos,6500.00,Taxable,99381000000006196,IGST18,18.00,ItemAmount,,,,0.00,0.00,18.00,0.00,0.00,0.00,11700.00,0.00,0.00,0.00,11700.00,0.00,,goods,,,
2021-07-13,99381000003468169,EST316,invoiced,99381000001485053,Cochin,,,INR,1.00,entity_level,true,0.00,false,37600.00,44368.00,0.00,Looking forward for your business.,,Pilot Scales & Hardwares,33,33-Tamil Nadu,business_gst,33ATJPN8487E1ZA,NO,NO,,,Biju B,"No 79,
Quaidemillath road,",Trichy,Tamil Nadu,India,620008,,Standard Template,Adjustment,"No 79,
Quaidemillath road,",Trichy,Tamil Nadu,India,620008,,1,,,,0.000,,,,0.00,0.000,,,,0.00,,,,,,,,Floor Scale 1mx1m,Make: YES WEIGH  Model:YSP-1000 Max:1000kg  e:100g  Min:2kg  Class:III,84239020,1.00,0.00,0.0,1980.00,11000.00,,FALSE,99381000000035236,Sales,PLT1000,,,,,nos,11000.00,Taxable,99381000000006196,IGST18,18.00,ItemAmount,,,,0.00,0.00,18.00,0.00,0.00,0.00,1980.00,0.00,0.00,0.00,1980.00,0.00,,goods,,,
2021-07-13,99381000003468169,EST316,invoiced,99381000001485053,Cochin,,,INR,1.00,entity_level,true,0.00,false,37600.00,44368.00,0.00,Looking forward for your business.,,Pilot Scales & Hardwares,33,33-Tamil Nadu,business_gst,33ATJPN8487E1ZA,NO,NO,,,Biju B,"No 79,
Quaidemillath road,",Trichy,Tamil Nadu,India,620008,,Standard Template,Adjustment,"No 79,
Quaidemillath road,",Trichy,Tamil Nadu,India,620008,,1,,,,0.000,,,,0.00,0.000,,,,0.00,,,,,,,,FLOOR SCALE INDICATOR,,84239020,2.00,0.00,0.0,450.00,2500.00,,FALSE,99381000001429925,Sales,K12IND,,,,,nos,1250.00,Taxable,99381000000006196,IGST18,18.00,ItemAmount,,,,0.00,0.00,18.00,0.00,0.00,0.00,450.00,0.00,0.00,0.00,450.00,0.00,,goods,,,
2021-07-13,99381000003468169,EST316,invoiced,99381000001485053,Cochin,,,INR,1.00,entity_level,true,0.00,false,37600.00,44368.00,0.00,Looking forward for your business.,,Pilot Scales & Hardwares,33,33-Tamil Nadu,business_gst,33ATJPN8487E1ZA,NO,NO,,,Biju B,"No 79,
Quaidemillath road,",Trichy,Tamil Nadu,India,620008,,Standard Template,Adjustment,"No 79,
Quaidemillath road,",Trichy,Tamil Nadu,India,620008,,1,,,,0.000,,,,0.00,0.000,,,,0.00,,,,,,,,Platform Weighing Scale 200kg/20g,"Make:YESWEIGH Model : YSP-200
Max : 200kg e: 20g Min :400gm 
Class: III
",84231000,2.00,0.00,0.0,1368.00,7600.00,,FALSE,99381000000326157,Sales,PFPC400X500SS,,,,,nos,3800.00,Taxable,99381000000006196,IGST18,18.00,ItemAmount,,,,0.00,0.00,18.00,0.00,0.00,0.00,1368.00,0.00,0.00,0.00,1368.00,0.00,,goods,,,
2021-07-13,99381000003468169,EST316,invoiced,99381000001485053,Cochin,,,INR,1.00,entity_level,true,0.00,false,37600.00,44368.00,0.00,Looking forward for your business.,,Pilot Scales & Hardwares,33,33-Tamil Nadu,business_gst,33ATJPN8487E1ZA,NO,NO,,,Biju B,"No 79,
Quaidemillath road,",Trichy,Tamil Nadu,India,620008,,Standard Template,Adjustment,"No 79,
Quaidemillath road,",Trichy,Tamil Nadu,India,620008,,1,,,,0.000,,,,0.00,0.000,,,,0.00,,,,,,,,Platform Weighing Scale 500kgx50g MS,"Make : YESWEIGH Model:YSP-5
Max:500 kg e: 50gm Min:1kg Class III",84231000,2.00,0.00,0.0,1764.00,9800.00,,FALSE,99381000000326175,Sales,PF60MS,,,,,nos,4900.00,Taxable,99381000000006196,IGST18,18.00,ItemAmount,,,,0.00,0.00,18.00,0.00,0.00,0.00,1764.00,0.00,0.00,0.00,1764.00,0.00,,goods,,,
2021-07-13,99381000003468169,EST316,invoiced,99381000001485053,Cochin,,,INR,1.00,entity_level,true,0.00,false,37600.00,44368.00,0.00,Looking forward for your business.,,Pilot Scales & Hardwares,33,33-Tamil Nadu,business_gst,33ATJPN8487E1ZA,NO,NO,,,Biju B,"No 79,
Quaidemillath road,",Trichy,Tamil Nadu,India,620008,,Standard Template,Adjustment,"No 79,
Quaidemillath road,",Trichy,Tamil Nadu,India,620008,,1,,,,0.000,,,,0.00,0.000,,,,0.00,,,,,,,,Platform Weighing Scale 300kg/50g,"Make : YESWEIGH Model: YSP-5  
Max: 300 kg e: 50gm Min:1kg Class III",84231000,1.00,0.00,0.0,783.00,4350.00,,FALSE,99381000000326166,Sales,PF4560,,,,,nos,4350.00,Taxable,99381000000006196,IGST18,18.00,ItemAmount,,,,0.00,0.00,18.00,0.00,0.00,0.00,783.00,0.00,0.00,0.00,783.00,0.00,,goods,,,
2021-07-13,99381000003468169,EST316,invoiced,99381000001485053,Cochin,,,INR,1.00,entity_level,true,0.00,false,37600.00,44368.00,0.00,Looking forward for your business.,,Pilot Scales & Hardwares,33,33-Tamil Nadu,business_gst,33ATJPN8487E1ZA,NO,NO,,,Biju B,"No 79,
Quaidemillath road,",Trichy,Tamil Nadu,India,620008,,Standard Template,Adjustment,"No 79,
Quaidemillath road,",Trichy,Tamil Nadu,India,620008,,1,,,,0.000,,,,0.00,0.000,,,,0.00,,,,,,,,Price Computing Scale-W,"Make: YESWEIGH Model: YSP-20
Max:20kg  e:2g  Min:40g  Class:III",84231000,1.00,0.00,0.0,423.00,2350.00,,FALSE,99381000000035371,Sales,ATMPCW,,,,,nos,2350.00,Taxable,99381000000006196,IGST18,18.00,ItemAmount,,,,0.00,0.00,18.00,0.00,0.00,0.00,423.00,0.00,0.00,0.00,423.00,0.00,,goods,,,
2021-07-13,99381000003466264,EST317,invoiced,99381000001702591,Cochin,,,INR,1.00,entity_level,true,0.00,false,21024.00,24808.00,0.00,Looking forward for your business.,,BEETA SCALES,32,32-Kerala,business_gst,32BTLPM0140A1ZG,NO,NO,,,Eldho (Kerala),"Beeta scales,  V.M Building, Near K.S.E.B Office",Wayanad,Kerala,India,673591,,Standard Template,Adjustment,"Beeta scales,  V.M Building, Near K.S.E.B Office",Wayanad,Kerala,India,673591,,3,,,,0.000,,,,0.00,0.000,,,,0.00,,,,,,,,Platform scale,"Make: YESWEIGH  Model:YSP-50
Max:50kg  e:5g  Min:100g  Class:III",84231000,8.00,0.00,0.0,2995.20,16640.00,,FALSE,99381000000016068,Sales,BENCHPC,,,,,nos,2080.00,Taxable,99381000000006208,GST18,18.00,Tax Group,,,,9.00,9.00,0.00,0.00,1497.60,1497.60,0.00,0.00,1497.60,1497.60,0.00,0.00,,goods,,,
2021-07-13,99381000003466264,EST317,invoiced,99381000001702591,Cochin,,,INR,1.00,entity_level,true,0.00,false,21024.00,24808.00,0.00,Looking forward for your business.,,BEETA SCALES,32,32-Kerala,business_gst,32BTLPM0140A1ZG,NO,NO,,,Eldho (Kerala),"Beeta scales,  V.M Building, Near K.S.E.B Office",Wayanad,Kerala,India,673591,,Standard Template,Adjustment,"Beeta scales,  V.M Building, Near K.S.E.B Office",Wayanad,Kerala,India,673591,,3,,,,0.000,,,,0.00,0.000,,,,0.00,,,,,,,,Government Stamping Fee /Expense for 50 kg,,998729,8.00,0.00,0.0,698.40,3880.00,,FALSE,99381000000186036,Sales,SF50,,,,,nos,485.00,Taxable,99381000000006208,GST18,18.00,Tax Group,,,,9.00,9.00,0.00,0.00,349.20,349.20,0.00,0.00,349.20,349.20,0.00,0.00,,goods,,,
2021-07-13,99381000003466264,EST317,invoiced,99381000001702591,Cochin,,,INR,1.00,entity_level,true,0.00,false,21024.00,24808.00,0.00,Looking forward for your business.,,BEETA SCALES,32,32-Kerala,business_gst,32BTLPM0140A1ZG,NO,NO,,,Eldho (Kerala),"Beeta scales,  V.M Building, Near K.S.E.B Office",Wayanad,Kerala,India,673591,,Standard Template,Adjustment,"Beeta scales,  V.M Building, Near K.S.E.B Office",Wayanad,Kerala,India,673591,,3,,,,0.000,,,,0.00,0.000,,,,0.00,,,,,,,,Freight Charges,,996819,56.00,0.00,0.0,90.72,504.00,,FALSE,99381000000557009,Sales,COCS,,,,,kg,9.00,Taxable,99381000000006208,GST18,18.00,Tax Group,,,,9.00,9.00,0.00,0.00,45.36,45.36,0.00,0.00,45.36,45.36,0.00,0.00,,service,,,
2021-07-13,99381000003468201,EST318,accepted,99381000001357152,Cochin,,,INR,1.00,entity_level,true,0.00,false,3860.00,4555.00,0.00,Looking forward for your business.,,Bharath Scale-Kasargod,32,32-Kerala,business_gst,32CXGPR5017M1Z8,NO,NO,,,Biju B,"Bharath Scale, NH Road, Karuvachery",Kasargod,Kerala,India,671314,,Standard Template,Adjustment,"Bharath Scale, NH Road, Karuvachery",Kasargod,Kerala,India,671314,,1,,,,0.000,,,,0.00,0.000,,,,0.00,,,,,,,,Government Stamping Fee / Expense for 20 KG,,998729,6.00,0.00,0.0,345.60,1920.00,,FALSE,99381000000172016,Sales,SF20,,,,,nos,320.00,Taxable,99381000000006208,GST18,18.00,Tax Group,,,,9.00,9.00,0.00,0.00,172.80,172.80,0.00,0.00,172.80,172.80,0.00,0.00,,goods,,,
2021-07-13,99381000003468201,EST318,accepted,99381000001357152,Cochin,,,INR,1.00,entity_level,true,0.00,false,3860.00,4555.00,0.00,Looking forward for your business.,,Bharath Scale-Kasargod,32,32-Kerala,business_gst,32CXGPR5017M1Z8,NO,NO,,,Biju B,"Bharath Scale, NH Road, Karuvachery",Kasargod,Kerala,India,671314,,Standard Template,Adjustment,"Bharath Scale, NH Road, Karuvachery",Kasargod,Kerala,India,671314,,1,,,,0.000,,,,0.00,0.000,,,,0.00,,,,,,,,Government Stamping Fee /Expense for 50 kg,,998729,4.00,0.00,0.0,349.20,1940.00,,FALSE,99381000000186036,Sales,SF50,,,,,nos,485.00,Taxable,99381000000006208,GST18,18.00,Tax Group,,,,9.00,9.00,0.00,0.00,174.60,174.60,0.00,0.00,174.60,174.60,0.00,0.00,,goods,,,
2021-07-13,99381000003468239,EST319,draft,99381000001357572,Cochin,,,INR,1.00,entity_level,true,0.00,false,33425.00,39442.00,0.00,Looking forward for your business.,,City Technologies,32,32-Kerala,business_gst,32BJOPV6603G1Z0,NO,NO,,,Biju B,"City Technologies, Near Manu Hospital",Malappuram,Kerala,India,676123,,Standard Template,Adjustment,"City Technologies, Near Manu Hospital",Malappuram,Kerala,India,676123,,1,,,,0.000,,,,0.00,0.000,,,,0.00,,,,,,,,Government Stamping Fee /Expense for 50 kg,,998729,5.00,0.00,0.0,436.50,2425.00,,FALSE,99381000000186036,Sales,SF50,,,,,nos,485.00,Taxable,99381000000006208,GST18,18.00,Tax Group,,,,9.00,9.00,0.00,0.00,218.25,218.25,0.00,0.00,218.25,218.25,0.00,0.00,,goods,,,
2021-07-13,99381000003468239,EST319,draft,99381000001357572,Cochin,,,INR,1.00,entity_level,true,0.00,false,33425.00,39442.00,0.00,Looking forward for your business.,,City Technologies,32,32-Kerala,business_gst,32BJOPV6603G1Z0,NO,NO,,,Biju B,"City Technologies, Near Manu Hospital",Malappuram,Kerala,India,676123,,Standard Template,Adjustment,"City Technologies, Near Manu Hospital",Malappuram,Kerala,India,676123,,1,,,,0.000,,,,0.00,0.000,,,,0.00,,,,,,,,ATM JUNIOR YS669,"Make : YESWEIGH Model : YSP-20
Max : 20kg e:2g Min:40g
Class : III",84231000,20.00,0.00,0.0,5580.00,31000.00,,FALSE,99381000001247038,Sales,YS669,,,,,nos,1550.00,Taxable,99381000000006208,GST18,18.00,Tax Group,,,,9.00,9.00,0.00,0.00,2790.00,2790.00,0.00,0.00,2790.00,2790.00,0.00,0.00,,goods,,,
2021-07-13,99381000003473222,EST320,invoiced,99381000001357007,Cochin,,,INR,1.00,entity_level,true,0.00,false,1049.00,1311.00,0.00,Looking forward for your business.,,Scale Point,32,32-Kerala,business_gst,32DSJPS7374R1ZN,NO,NO,,,Eldho (Kerala),"Scale Point, Room No: 8/76-5",Kalpatta,Kerala,India,628505,,Standard Template,Adjustment,"Scale Point, Room No: 8/76-5",Kalpatta,Kerala,India,628505,,3,,,,0.000,,,,0.00,0.000,,,,0.00,,,,,,,,Transformer,,84239020,4.00,0.00,0.0,57.60,320.00,,FALSE,99381000002007028,Sales,TR12V,,,,,nos,80.00,Taxable,99381000000006208,GST18,18.00,Tax Group,,,,9.00,9.00,0.00,0.00,28.80,28.80,0.00,0.00,28.80,28.80,0.00,0.00,,goods,,,
2021-07-13,99381000003473222,EST320,invoiced,99381000001357007,Cochin,,,INR,1.00,entity_level,true,0.00,false,1049.00,1311.00,0.00,Looking forward for your business.,,Scale Point,32,32-Kerala,business_gst,32DSJPS7374R1ZN,NO,NO,,,Eldho (Kerala),"Scale Point, Room No: 8/76-5",Kalpatta,Kerala,India,628505,,Standard Template,Adjustment,"Scale Point, Room No: 8/76-5",Kalpatta,Kerala,India,628505,,3,,,,0.000,,,,0.00,0.000,,,,0.00,,,,,,,,CHOTTU BATTERY 6V,,84239020,3.00,0.00,0.0,204.12,729.00,,FALSE,99381000001676213,Sales,CH605,,,,,nos,243.00,Taxable,99381000000006224,GST28,28.00,Tax Group,,,,14.00,14.00,0.00,0.00,102.06,102.06,0.00,0.00,102.06,102.06,0.00,0.00,,goods,,,
2021-07-13,99381000003472141,EST321,invoiced,99381000001357007,Cochin,,,INR,1.00,entity_level,true,0.00,false,240.00,283.00,0.00,Looking forward for your business.,,Scale Point,32,32-Kerala,business_gst,32DSJPS7374R1ZN,NO,NO,,,Eldho (Kerala),"Scale Point, Room No: 8/76-5",Kalpatta,Kerala,India,628505,,Standard Template,Adjustment,Ernakulam,,Kerala,,682021,,3,,,,0.000,,,,0.00,0.000,,,,0.00,,,,,,,,Motherboard PMS 63,,84239020,1.00,0.00,0.0,43.20,240.00,,FALSE,99381000002007019,Sales,MP63,,,,,nos,240.00,Taxable,99381000000006208,GST18,18.00,Tax Group,,,,9.00,9.00,0.00,0.00,21.60,21.60,0.00,0.00,21.60,21.60,0.00,0.00,,goods,,,
2021-07-13,99381000003474013,EST322,accepted,99381000000837003,Cochin,,,INR,1.00,entity_level,true,0.00,false,2735.00,3227.00,0.00,Looking forward for your business.,,Hy-Tech Electronic Weighing System,32,32-Kerala,business_gst,32AMVPP9204A2Z2,NO,NO,,,Eldho (Kerala),"Hy-Tech Electronic Weighing System , Revathy Complex",Kasargod,Kerala,India,671316,,Standard Template,Adjustment,"Hy-Tech Electronic Weighing System , Revathy Complex",Kasargod,Kerala,India,671316,,3,,,,0.000,,,,0.00,0.000,,,,0.00,,,,,,,,CHICKEN SCALE 100 KG SS,"Make : YESWEIGH Model : YSC
Max : 100kg e:10g Min:200g
Class : III",84239010,1.00,0.00,0.0,405.00,2250.00,,FALSE,99381000001933001,Sales,CS300X300SS,,,,,nos,2250.00,Taxable,99381000000006208,GST18,18.00,Tax Group,,,,9.00,9.00,0.00,0.00,202.50,202.50,0.00,0.00,202.50,202.50,0.00,0.00,,goods,,,
2021-07-13,99381000003474013,EST322,accepted,99381000000837003,Cochin,,,INR,1.00,entity_level,true,0.00,false,2735.00,3227.00,0.00,Looking forward for your business.,,Hy-Tech Electronic Weighing System,32,32-Kerala,business_gst,32AMVPP9204A2Z2,NO,NO,,,Eldho (Kerala),"Hy-Tech Electronic Weighing System , Revathy Complex",Kasargod,Kerala,India,671316,,Standard Template,Adjustment,"Hy-Tech Electronic Weighing System , Revathy Complex",Kasargod,Kerala,India,671316,,3,,,,0.000,,,,0.00,0.000,,,,0.00,,,,,,,,Government Stamping Fee / Expense for 100Kg,,998729,1.00,0.00,0.0,87.30,485.00,,FALSE,99381000000663063,Sales,SF100,,,,,nos,485.00,Taxable,99381000000006208,GST18,18.00,Tax Group,,,,9.00,9.00,0.00,0.00,43.65,43.65,0.00,0.00,43.65,43.65,0.00,0.00,,goods,,,
2021-07-14,99381000003475668,EST323,invoiced,99381000001697017,Cochin,,,INR,1.00,entity_level,true,0.00,false,21108.00,25119.00,0.00,Looking forward for your business.,,PERFECT SCALES-MP,32,32-Kerala,business_none,,NO,NO,,,Eldho (Kerala),NEAR BUS STAND,PALAKKADU,Kerala,India,679533,,Standard Template,Adjustment,"Sabeena scales, chamravattom jn., Ponnani",,KERALA,,676102,,1,,,,0.000,,,,0.00,0.000,,,,0.00,,,,,,,,Price Computing scale,"Make: YESWEIGH  Model:YSP-20
Max:20kg  e:2g  Min:40g  Class:III",84231000,5.00,0.00,0.0,1786.00,9400.00,,FALSE,99381000000016031,Sales,ATMPC,,,,,nos,1880.00,Taxable,99381000000260052,GST18 & KFC,19.00,Tax Group,,,,9.00,9.00,0.00,1.00,846.00,846.00,0.00,94.00,846.00,846.00,0.00,94.00,,goods,,,
2021-07-14,99381000003475668,EST323,invoiced,99381000001697017,Cochin,,,INR,1.00,entity_level,true,0.00,false,21108.00,25119.00,0.00,Looking forward for your business.,,PERFECT SCALES-MP,32,32-Kerala,business_none,,NO,NO,,,Eldho (Kerala),NEAR BUS STAND,PALAKKADU,Kerala,India,679533,,Standard Template,Adjustment,"Sabeena scales, chamravattom jn., Ponnani",,KERALA,,676102,,1,,,,0.000,,,,0.00,0.000,,,,0.00,,,,,,,,ATM JUNIOR YS669,"Make : YESWEIGH Model : YSP-30
Max : 30kg e:5g Min:100g
Class : III",84231000,5.00,0.00,0.0,1700.50,8950.00,,FALSE,99381000001247038,Sales,YS669,,,,,nos,1790.00,Taxable,99381000000260052,GST18 & KFC,19.00,Tax Group,,,,9.00,9.00,0.00,1.00,805.50,805.50,0.00,89.50,805.50,805.50,0.00,89.50,,goods,,,
2021-07-14,99381000003475668,EST323,invoiced,99381000001697017,Cochin,,,INR,1.00,entity_level,true,0.00,false,21108.00,25119.00,0.00,Looking forward for your business.,,PERFECT SCALES-MP,32,32-Kerala,business_none,,NO,NO,,,Eldho (Kerala),NEAR BUS STAND,PALAKKADU,Kerala,India,679533,,Standard Template,Adjustment,"Sabeena scales, chamravattom jn., Ponnani",,KERALA,,676102,,1,,,,0.000,,,,0.00,0.000,,,,0.00,,,,,,,,Freight Charges,,996819,37.00,0.00,0.0,63.27,333.00,,FALSE,99381000000557009,Sales,COCS,,,,,kg,9.00,Taxable,99381000000260052,GST18 & KFC,19.00,Tax Group,,,,9.00,9.00,0.00,1.00,29.97,29.97,0.00,3.33,29.97,29.97,0.00,3.33,,service,,,
2021-07-14,99381000003475668,EST323,invoiced,99381000001697017,Cochin,,,INR,1.00,entity_level,true,0.00,false,21108.00,25119.00,0.00,Looking forward for your business.,,PERFECT SCALES-MP,32,32-Kerala,business_none,,NO,NO,,,Eldho (Kerala),NEAR BUS STAND,PALAKKADU,Kerala,India,679533,,Standard Template,Adjustment,"Sabeena scales, chamravattom jn., Ponnani",,KERALA,,676102,,1,,,,0.000,,,,0.00,0.000,,,,0.00,,,,,,,,Government Stamping Fee /Expense for 30 kg,,998729,5.00,0.00,0.0,460.75,2425.00,,FALSE,99381000000186027,Sales,SF30,,,,,nos,485.00,Taxable,99381000000260052,GST18 & KFC,19.00,Tax Group,,,,9.00,9.00,0.00,1.00,218.25,218.25,0.00,24.25,218.25,218.25,0.00,24.25,,goods,,,
2021-07-15,99381000003483007,EST324,invoiced,99381000001542136,Cochin,,,INR,1.00,entity_level,true,0.00,false,11171.00,13182.00,0.00,Looking forward for your business.,,Clarion Systems,32,32-Kerala,business_gst,32AMHPV4309C1ZB,NO,NO,,,Eldho (Kerala),"Clarion Systems, Kokkadan Building, Chungam",Thrissur,Kerala,India,680302,,Standard Template,Adjustment,"Clarion Systems, Kokkadan Building, Chungam",Thrissur,Kerala,India,680302,,3,,,,0.000,,,,0.00,0.000,,,,0.00,,,,,,,,Price Computing scale,"Make: YESWEIGH  Model:YSP-20
Max:20kg  e:2g  Min:40g  Class:III",84231000,5.00,0.00,0.0,1692.00,9400.00,,FALSE,99381000000016031,Sales,ATMPC,,,,,nos,1880.00,Taxable,99381000000006208,GST18,18.00,Tax Group,,,,9.00,9.00,0.00,0.00,846.00,846.00,0.00,0.00,846.00,846.00,0.00,0.00,,goods,,,
2021-07-15,99381000003483007,EST324,invoiced,99381000001542136,Cochin,,,INR,1.00,entity_level,true,0.00,false,11171.00,13182.00,0.00,Looking forward for your business.,,Clarion Systems,32,32-Kerala,business_gst,32AMHPV4309C1ZB,NO,NO,,,Eldho (Kerala),"Clarion Systems, Kokkadan Building, Chungam",Thrissur,Kerala,India,680302,,Standard Template,Adjustment,"Clarion Systems, Kokkadan Building, Chungam",Thrissur,Kerala,India,680302,,3,,,,0.000,,,,0.00,0.000,,,,0.00,,,,,,,,Government Stamping Fee / Expense for 20 KG,,998729,5.00,0.00,0.0,288.00,1600.00,,FALSE,99381000000172016,Sales,SF20,,,,,nos,320.00,Taxable,99381000000006208,GST18,18.00,Tax Group,,,,9.00,9.00,0.00,0.00,144.00,144.00,0.00,0.00,144.00,144.00,0.00,0.00,,goods,,,
2021-07-15,99381000003483007,EST324,invoiced,99381000001542136,Cochin,,,INR,1.00,entity_level,true,0.00,false,11171.00,13182.00,0.00,Looking forward for your business.,,Clarion Systems,32,32-Kerala,business_gst,32AMHPV4309C1ZB,NO,NO,,,Eldho (Kerala),"Clarion Systems, Kokkadan Building, Chungam",Thrissur,Kerala,India,680302,,Standard Template,Adjustment,"Clarion Systems, Kokkadan Building, Chungam",Thrissur,Kerala,India,680302,,3,,,,0.000,,,,0.00,0.000,,,,0.00,,,,,,,,Freight Charges,,996819,19.00,0.00,0.0,30.78,171.00,,FALSE,99381000000557009,Sales,COCS,,,,,kg,9.00,Taxable,99381000000006208,GST18,18.00,Tax Group,,,,9.00,9.00,0.00,0.00,15.39,15.39,0.00,0.00,15.39,15.39,0.00,0.00,,service,,,
2021-07-15,99381000003483038,EST325,invoiced,99381000001542136,Cochin,,,INR,1.00,entity_level,true,0.00,false,620.00,732.00,0.00,Looking forward for your business.,,Clarion Systems,32,32-Kerala,business_gst,32AMHPV4309C1ZB,NO,NO,,,Eldho (Kerala),"Clarion Systems, Kokkadan Building, Chungam",Thrissur,Kerala,India,680302,,Standard Template,Adjustment,"Clarion Systems, Kokkadan Building, Chungam",Thrissur,Kerala,India,680302,,3,,,,0.000,,,,0.00,0.000,,,,0.00,,,,,,,,AC Cord wire CPU Cord(3 yard),,84239020,10.00,0.00,0.0,111.60,620.00,,FALSE,99381000002008032,Sales,CW3X3,,,,,nos,62.00,Taxable,99381000000006208,GST18,18.00,Tax Group,,,,9.00,9.00,0.00,0.00,55.80,55.80,0.00,0.00,55.80,55.80,0.00,0.00,,goods,,,
2021-07-15,99381000003479027,EST326,invoiced,99381000000064003,Cochin,,,INR,1.00,entity_level,true,0.00,false,3547.00,4259.00,0.00,Looking forward for your business.,,UNITECH WEIGHING SYSTEM,32,32-Kerala,business_gst,32BPDPM6388A1Z2,NO,NO,,,Eldho (Kerala),Pullathil Building,Kottayam,Kerala,,686018,,Standard Template,Adjustment,Pullathil Building,Kottayam,Kerala,,686018,,3,,,,0.000,,,,0.00,0.000,,,,0.00,,,,,,,,CHICKEN SCALE 100 KG SS,"Make : YESWEIGH Model : YSC
Max : 100kg e:10g Min:200g
Class : III",84239010,1.00,0.00,0.0,405.00,2250.00,,FALSE,99381000001933001,Sales,CS300X300SS,,,,,nos,2250.00,Taxable,99381000000006208,GST18,18.00,Tax Group,,,,9.00,9.00,0.00,0.00,202.50,202.50,0.00,0.00,202.50,202.50,0.00,0.00,,goods,,,
2021-07-15,99381000003479027,EST326,invoiced,99381000000064003,Cochin,,,INR,1.00,entity_level,true,0.00,false,3547.00,4259.00,0.00,Looking forward for your business.,,UNITECH WEIGHING SYSTEM,32,32-Kerala,business_gst,32BPDPM6388A1Z2,NO,NO,,,Eldho (Kerala),Pullathil Building,Kottayam,Kerala,,686018,,Standard Template,Adjustment,Pullathil Building,Kottayam,Kerala,,686018,,3,,,,0.000,,,,0.00,0.000,,,,0.00,,,,,,,,Government Stamping Fee / Expense for 100Kg,,998729,1.00,0.00,0.0,87.30,485.00,,FALSE,99381000000663063,Sales,SF100,,,,,nos,485.00,Taxable,99381000000006208,GST18,18.00,Tax Group,,,,9.00,9.00,0.00,0.00,43.65,43.65,0.00,0.00,43.65,43.65,0.00,0.00,,goods,,,
2021-07-15,99381000003479027,EST326,invoiced,99381000000064003,Cochin,,,INR,1.00,entity_level,true,0.00,false,3547.00,4259.00,0.00,Looking forward for your business.,,UNITECH WEIGHING SYSTEM,32,32-Kerala,business_gst,32BPDPM6388A1Z2,NO,NO,,,Eldho (Kerala),Pullathil Building,Kottayam,Kerala,,686018,,Standard Template,Adjustment,Pullathil Building,Kottayam,Kerala,,686018,,3,,,,0.000,,,,0.00,0.000,,,,0.00,,,,,,,,ATM PC / BENCH PC BATTERY 4V  4.5AH,,85068090,4.00,0.00,0.0,207.20,740.00,,FALSE,99381000000691252,Sales,APC209,,,,,nos,185.00,Taxable,99381000000006224,GST28,28.00,Tax Group,,,,14.00,14.00,0.00,0.00,103.60,103.60,0.00,0.00,103.60,103.60,0.00,0.00,,goods,,,
2021-07-15,99381000003479027,EST326,invoiced,99381000000064003,Cochin,,,INR,1.00,entity_level,true,0.00,false,3547.00,4259.00,0.00,Looking forward for your business.,,UNITECH WEIGHING SYSTEM,32,32-Kerala,business_gst,32BPDPM6388A1Z2,NO,NO,,,Eldho (Kerala),Pullathil Building,Kottayam,Kerala,,686018,,Standard Template,Adjustment,Pullathil Building,Kottayam,Kerala,,686018,,3,,,,0.000,,,,0.00,0.000,,,,0.00,,,,,,,,Freight Charges,,996819,8.00,0.00,0.0,12.96,72.00,,FALSE,99381000000557009,Sales,COCS,,,,,kg,9.00,Taxable,99381000000006208,GST18,18.00,Tax Group,,,,9.00,9.00,0.00,0.00,6.48,6.48,0.00,0.00,6.48,6.48,0.00,0.00,,service,,,
2021-07-15,99381000003484077,EST327,invoiced,99381000002854009,Cochin,,,INR,1.00,entity_level,true,0.00,false,1920.00,2266.00,0.00,Looking forward for your business.,,HAMDHA SCALES,32,32-Kerala,business_gst,32ANEPH3773N1ZT,NO,NO,,,Eldho (Kerala),"ROOM NO10/641B FIRST FLOOR
THANANGATTIL BUILDING
PUKKATTUPADY EDATHALA ALUVA",ERNAKULAM,Kerala,India,,,Standard Template,Adjustment,"ROOM NO10/641B FIRST FLOOR
THANANGATTIL BUILDING
PUKKATTUPADY EDATHALA ALUVA",ERNAKULAM,Kerala,India,,,3,,,,0.000,,,,0.00,0.000,,,,0.00,,,,,,,,Loadcell 500 kg 25 x35 4 HOLE,,84239020,3.00,0.00,0.0,345.60,1920.00,,FALSE,99381000002001139,Sales,LKXH50,,,,,nos,640.00,Taxable,99381000000006208,GST18,18.00,Tax Group,,,,9.00,9.00,0.00,0.00,172.80,172.80,0.00,0.00,172.80,172.80,0.00,0.00,,goods,,,
2021-07-15,99381000003484141,EST328,invoiced,99381000001702591,Cochin,,,INR,1.00,entity_level,true,0.00,false,10712.00,12640.00,0.00,Looking forward for your business.,,BEETA SCALES,32,32-Kerala,business_gst,32BTLPM0140A1ZG,NO,NO,,,Eldho (Kerala),"Beeta scales,  V.M Building, Near K.S.E.B Office",Wayanad,Kerala,India,673591,,Standard Template,Adjustment,"Beeta scales,  V.M Building, Near K.S.E.B Office",Wayanad,Kerala,India,673591,,1,,,,0.000,,,,0.00,0.000,,,,0.00,,,,,,,,ATM JUNIOR YS669,"Make : YESWEIGH Model : YSP-20
Max : 20kg e:2g Min:40g
Class : III",84231000,5.00,0.00,0.0,1611.00,8950.00,,FALSE,99381000001247038,Sales,YS669,,,,,nos,1790.00,Taxable,99381000000006208,GST18,18.00,Tax Group,,,,9.00,9.00,0.00,0.00,805.50,805.50,0.00,0.00,805.50,805.50,0.00,0.00,,goods,,,
2021-07-15,99381000003484141,EST328,invoiced,99381000001702591,Cochin,,,INR,1.00,entity_level,true,0.00,false,10712.00,12640.00,0.00,Looking forward for your business.,,BEETA SCALES,32,32-Kerala,business_gst,32BTLPM0140A1ZG,NO,NO,,,Eldho (Kerala),"Beeta scales,  V.M Building, Near K.S.E.B Office",Wayanad,Kerala,India,673591,,Standard Template,Adjustment,"Beeta scales,  V.M Building, Near K.S.E.B Office",Wayanad,Kerala,India,673591,,1,,,,0.000,,,,0.00,0.000,,,,0.00,,,,,,,,Government Stamping Fee / Expense for 20 KG,,998729,5.00,0.00,0.0,288.00,1600.00,,FALSE,99381000000172016,Sales,SF20,,,,,nos,320.00,Taxable,99381000000006208,GST18,18.00,Tax Group,,,,9.00,9.00,0.00,0.00,144.00,144.00,0.00,0.00,144.00,144.00,0.00,0.00,,goods,,,
2021-07-15,99381000003484141,EST328,invoiced,99381000001702591,Cochin,,,INR,1.00,entity_level,true,0.00,false,10712.00,12640.00,0.00,Looking forward for your business.,,BEETA SCALES,32,32-Kerala,business_gst,32BTLPM0140A1ZG,NO,NO,,,Eldho (Kerala),"Beeta scales,  V.M Building, Near K.S.E.B Office",Wayanad,Kerala,India,673591,,Standard Template,Adjustment,"Beeta scales,  V.M Building, Near K.S.E.B Office",Wayanad,Kerala,India,673591,,1,,,,0.000,,,,0.00,0.000,,,,0.00,,,,,,,,Freight Charges,,996819,18.00,0.00,0.0,29.16,162.00,,FALSE,99381000000557009,Sales,COCS,,,,,kg,9.00,Taxable,99381000000006208,GST18,18.00,Tax Group,,,,9.00,9.00,0.00,0.00,14.58,14.58,0.00,0.00,14.58,14.58,0.00,0.00,,service,,,
2021-07-15,99381000003489009,EST329,invoiced,99381000002854009,Cochin,,,INR,1.00,entity_level,true,0.00,false,15985.00,18862.00,0.00,Looking forward for your business.,,HAMDHA SCALES,32,32-Kerala,business_gst,32ANEPH3773N1ZT,NO,NO,,,Eldho (Kerala),"ROOM NO10/641B FIRST FLOOR
THANANGATTIL BUILDING
PUKKATTUPADY EDATHALA ALUVA",ERNAKULAM,Kerala,India,,,Standard Template,Adjustment,"ROOM NO10/641B FIRST FLOOR
THANANGATTIL BUILDING
PUKKATTUPADY EDATHALA ALUVA",ERNAKULAM,Kerala,India,,,3,,,,0.000,,,,0.00,0.000,,,,0.00,,,,,,,,Bill Printing scale Q8POS,Make:YESWEIGH  Model:YS-30   Max:30kg  e:5g  Min:100g  Class:III,84231000,1.00,0.00,0.0,2790.00,15500.00,,FALSE,99381000000011617,Sales,ECS5W,,,,,nos,15500.00,Taxable,99381000000006208,GST18,18.00,Tax Group,,,,9.00,9.00,0.00,0.00,1395.00,1395.00,0.00,0.00,1395.00,1395.00,0.00,0.00,,goods,,,
2021-07-15,99381000003489009,EST329,invoiced,99381000002854009,Cochin,,,INR,1.00,entity_level,true,0.00,false,15985.00,18862.00,0.00,Looking forward for your business.,,HAMDHA SCALES,32,32-Kerala,business_gst,32ANEPH3773N1ZT,NO,NO,,,Eldho (Kerala),"ROOM NO10/641B FIRST FLOOR
THANANGATTIL BUILDING
PUKKATTUPADY EDATHALA ALUVA",ERNAKULAM,Kerala,India,,,Standard Template,Adjustment,"ROOM NO10/641B FIRST FLOOR
THANANGATTIL BUILDING
PUKKATTUPADY EDATHALA ALUVA",ERNAKULAM,Kerala,India,,,3,,,,0.000,,,,0.00,0.000,,,,0.00,,,,,,,,Government Stamping Fee /Expense for 30 kg,,998729,1.00,0.00,0.0,87.30,485.00,,FALSE,99381000000186027,Sales,SF30,,,,,nos,485.00,Taxable,99381000000006208,GST18,18.00,Tax Group,,,,9.00,9.00,0.00,0.00,43.65,43.65,0.00,0.00,43.65,43.65,0.00,0.00,,goods,,,
2021-07-16,99381000003495169,EST330,invoiced,99381000000064003,Cochin,,,INR,1.00,entity_level,true,0.00,false,2040.00,2407.00,0.00,Looking forward for your business.,,UNITECH WEIGHING SYSTEM,32,32-Kerala,business_gst,32BPDPM6388A1Z2,NO,NO,,,Eldho (Kerala),Pullathil Building,Kottayam,Kerala,,686018,,Standard Template,Adjustment,Pullathil Building,Kottayam,Kerala,,686018,,3,,,,0.000,,,,0.00,0.000,,,,0.00,,,,,,,,Shearbeam Loadcell 1000kg,,84239020,3.00,0.00,0.0,367.20,2040.00,,FALSE,99381000002008154,Sales,SBLC1T,,,,,nos,680.00,Taxable,99381000000006208,GST18,18.00,Tax Group,,,,9.00,9.00,0.00,0.00,183.60,183.60,0.00,0.00,183.60,183.60,0.00,0.00,,goods,,,
2021-07-19,99381000003507027,EST331,invoiced,99381000002439359,Cochin,,,INR,1.00,entity_level,true,0.00,false,14700.00,17346.00,0.00,Looking forward for your business.,,ADIMALI SCALES,32,32-Kerala,business_gst,32CAHPB2953E2Z7,NO,NO,,,Eldho (Kerala),"Adimali Scales, Mareena Tourist Complex, Kallarkutty Road",Idukki,Kerala,India,685561,,Standard Template,Adjustment,"Adimali Scales, Mareena Tourist Complex, Kallarkutty Road",Idukki,Kerala,India,685561,,3,,,,0.000,,,,0.00,0.000,,,,0.00,,,,,,,,TABLE TOP ABS (VIBRANT),Max : 30Kg e:5gm Min: 5kg Class III,84231000,2.00,0.00,0.0,702.00,3900.00,,FALSE,99381000001171138,Sales,VIBRANT300X240ABS,,,,,pcs,1950.00,Taxable,99381000000006208,GST18,18.00,Tax Group,,,,9.00,9.00,0.00,0.00,351.00,351.00,0.00,0.00,351.00,351.00,0.00,0.00,,goods,,,
2021-07-19,99381000003507027,EST331,invoiced,99381000002439359,Cochin,,,INR,1.00,entity_level,true,0.00,false,14700.00,17346.00,0.00,Looking forward for your business.,,ADIMALI SCALES,32,32-Kerala,business_gst,32CAHPB2953E2Z7,NO,NO,,,Eldho (Kerala),"Adimali Scales, Mareena Tourist Complex, Kallarkutty Road",Idukki,Kerala,India,685561,,Standard Template,Adjustment,"Adimali Scales, Mareena Tourist Complex, Kallarkutty Road",Idukki,Kerala,India,685561,,3,,,,0.000,,,,0.00,0.000,,,,0.00,,,,,,,,Government Stamping Fee /Expense for 30 kg,,998729,2.00,0.00,0.0,174.60,970.00,,FALSE,99381000000186027,Sales,SF30,,,,,nos,485.00,Taxable,99381000000006208,GST18,18.00,Tax Group,,,,9.00,9.00,0.00,0.00,87.30,87.30,0.00,0.00,87.30,87.30,0.00,0.00,,goods,,,
2021-07-19,99381000003507027,EST331,invoiced,99381000002439359,Cochin,,,INR,1.00,entity_level,true,0.00,false,14700.00,17346.00,0.00,Looking forward for your business.,,ADIMALI SCALES,32,32-Kerala,business_gst,32CAHPB2953E2Z7,NO,NO,,,Eldho (Kerala),"Adimali Scales, Mareena Tourist Complex, Kallarkutty Road",Idukki,Kerala,India,685561,,Standard Template,Adjustment,"Adimali Scales, Mareena Tourist Complex, Kallarkutty Road",Idukki,Kerala,India,685561,,3,,,,0.000,,,,0.00,0.000,,,,0.00,,,,,,,,Platform Weighing Scale 300kg/50g,"Make : YESWEIGH Model: YSP-5  
Max: 300 kg e: 50gm Min:1kg Class III",84231000,2.00,0.00,0.0,1566.00,8700.00,,FALSE,99381000000326166,Sales,PF4560,,,,,nos,4350.00,Taxable,99381000000006208,GST18,18.00,Tax Group,,,,9.00,9.00,0.00,0.00,783.00,783.00,0.00,0.00,783.00,783.00,0.00,0.00,,goods,,,
2021-07-19,99381000003507027,EST331,invoiced,99381000002439359,Cochin,,,INR,1.00,entity_level,true,0.00,false,14700.00,17346.00,0.00,Looking forward for your business.,,ADIMALI SCALES,32,32-Kerala,business_gst,32CAHPB2953E2Z7,NO,NO,,,Eldho (Kerala),"Adimali Scales, Mareena Tourist Complex, Kallarkutty Road",Idukki,Kerala,India,685561,,Standard Template,Adjustment,"Adimali Scales, Mareena Tourist Complex, Kallarkutty Road",Idukki,Kerala,India,685561,,3,,,,0.000,,,,0.00,0.000,,,,0.00,,,,,,,,Government Stamping Fee /Expense for 300kg,,998729,2.00,0.00,0.0,203.40,1130.00,,FALSE,99381000000548525,Sales,SF300,,,,,nos,565.00,Taxable,99381000000006208,GST18,18.00,Tax Group,,,,9.00,9.00,0.00,0.00,101.70,101.70,0.00,0.00,101.70,101.70,0.00,0.00,,goods,,,
2021-07-20,99381000003522024,EST332,invoiced,99381000000064003,Cochin,,,INR,1.00,entity_level,true,0.00,false,1425.00,1774.00,0.00,Looking forward for your business.,,UNITECH WEIGHING SYSTEM,32,32-Kerala,business_gst,32BPDPM6388A1Z2,NO,NO,,,Eldho (Kerala),Pullathil Building,Kottayam,Kerala,,686018,,Standard Template,Adjustment,Pullathil Building,Kottayam,Kerala,,686018,,1,,,,0.000,,,,0.00,0.000,,,,0.00,,,,,,,,ATM PC / BENCH PC BATTERY 4V  4.5AH,,85068090,5.00,0.00,0.0,259.00,925.00,,FALSE,99381000000691252,Sales,APC209,,,,,nos,185.00,Taxable,99381000000006224,GST28,28.00,Tax Group,,,,14.00,14.00,0.00,0.00,129.50,129.50,0.00,0.00,129.50,129.50,0.00,0.00,,goods,,,
2021-07-20,99381000003522024,EST332,invoiced,99381000000064003,Cochin,,,INR,1.00,entity_level,true,0.00,false,1425.00,1774.00,0.00,Looking forward for your business.,,UNITECH WEIGHING SYSTEM,32,32-Kerala,business_gst,32BPDPM6388A1Z2,NO,NO,,,Eldho (Kerala),Pullathil Building,Kottayam,Kerala,,686018,,Standard Template,Adjustment,Pullathil Building,Kottayam,Kerala,,686018,,1,,,,0.000,,,,0.00,0.000,,,,0.00,,,,,,,,ECS5W INTERFACE BOARD,,84239020,1.00,0.00,0.0,45.00,250.00,,FALSE,99381000000306315,Sales,ECS812,,,,,nos,250.00,Taxable,99381000000006208,GST18,18.00,Tax Group,,,,9.00,9.00,0.00,0.00,22.50,22.50,0.00,0.00,22.50,22.50,0.00,0.00,,goods,,,
2021-07-20,99381000003522024,EST332,invoiced,99381000000064003,Cochin,,,INR,1.00,entity_level,true,0.00,false,1425.00,1774.00,0.00,Looking forward for your business.,,UNITECH WEIGHING SYSTEM,32,32-Kerala,business_gst,32BPDPM6388A1Z2,NO,NO,,,Eldho (Kerala),Pullathil Building,Kottayam,Kerala,,686018,,Standard Template,Adjustment,Pullathil Building,Kottayam,Kerala,,686018,,1,,,,0.000,,,,0.00,0.000,,,,0.00,,,,,,,,ECS5W POWER SUPPLY BOARD,,84239020,1.00,0.00,0.0,45.00,250.00,,FALSE,99381000000306225,Sales,ECS816,,,,,nos,250.00,Taxable,99381000000006208,GST18,18.00,Tax Group,,,,9.00,9.00,0.00,0.00,22.50,22.50,0.00,0.00,22.50,22.50,0.00,0.00,,goods,,,
2021-07-21,99381000003535013,EST333,invoiced,99381000002182004,Cochin,,,INR,1.00,entity_level,true,0.00,false,5200.00,6136.00,0.00,Looking forward for your business.,,S PAL DIGI WEIGH,32,32-Kerala,business_gst,32DFGPS9054N1ZS,NO,NO,,,Eldho (Kerala),"S PAL DIGI WEIGH, Valiyachudukad Jn",Alappuzha,Kerala,India,68002,,Standard Template,Adjustment,"S PAL DIGI WEIGH, Valiyachudukad Jn",Alappuzha,Kerala,India,68002,,3,,,,0.000,,,,0.00,0.000,,,,0.00,,,,,,,,Motherboard PMS 63,,84239020,20.00,0.00,0.0,864.00,4800.00,,FALSE,99381000002007019,Sales,MP63,,,,,nos,240.00,Taxable,99381000000006208,GST18,18.00,Tax Group,,,,9.00,9.00,0.00,0.00,432.00,432.00,0.00,0.00,432.00,432.00,0.00,0.00,,goods,,,
2021-07-21,99381000003535013,EST333,invoiced,99381000002182004,Cochin,,,INR,1.00,entity_level,true,0.00,false,5200.00,6136.00,0.00,Looking forward for your business.,,S PAL DIGI WEIGH,32,32-Kerala,business_gst,32DFGPS9054N1ZS,NO,NO,,,Eldho (Kerala),"S PAL DIGI WEIGH, Valiyachudukad Jn",Alappuzha,Kerala,India,68002,,Standard Template,Adjustment,"S PAL DIGI WEIGH, Valiyachudukad Jn",Alappuzha,Kerala,India,68002,,3,,,,0.000,,,,0.00,0.000,,,,0.00,,,,,,,,Transformer,,84239020,5.00,0.00,0.0,72.00,400.00,,FALSE,99381000002007028,Sales,TR12V,,,,,nos,80.00,Taxable,99381000000006208,GST18,18.00,Tax Group,,,,9.00,9.00,0.00,0.00,36.00,36.00,0.00,0.00,36.00,36.00,0.00,0.00,,goods,,,
2021-07-22,99381000003549034,EST334,draft,99381000003549003,Cochin,,,INR,1.00,entity_level,true,0.00,false,4085.00,4820.00,0.00,Looking forward for your business.,,Venad Scales,32,32-Kerala,business_gst,32CDMPN2316P1Z9,NO,NO,,,Athira (Inside Kerala),Vedivachancoil,Trivandrum,Kerala,India,695501,,Standard Template,Adjustment,Vedivachancoil,Trivandrum,Kerala,India,695501,,1,,,,0.000,,,,0.00,0.000,,,,0.00,,,,,,,,Platform Weighing Scale 200kg/20g,"Make:YESWEIGH Model : YSP-200
Max : 200kg e: 20g Min :400gm 
Class: III
",84231000,1.00,0.00,0.0,648.00,3600.00,,FALSE,99381000000326157,Sales,PFPC400X500SS,,,,,nos,3600.00,Taxable,99381000000006208,GST18,18.00,Tax Group,,,,9.00,9.00,0.00,0.00,324.00,324.00,0.00,0.00,324.00,324.00,0.00,0.00,,goods,,,
2021-07-22,99381000003549034,EST334,draft,99381000003549003,Cochin,,,INR,1.00,entity_level,true,0.00,false,4085.00,4820.00,0.00,Looking forward for your business.,,Venad Scales,32,32-Kerala,business_gst,32CDMPN2316P1Z9,NO,NO,,,Athira (Inside Kerala),Vedivachancoil,Trivandrum,Kerala,India,695501,,Standard Template,Adjustment,Vedivachancoil,Trivandrum,Kerala,India,695501,,1,,,,0.000,,,,0.00,0.000,,,,0.00,,,,,,,,Government Stamping Fee /Expense for 200Kg,,998729,1.00,0.00,0.0,87.30,485.00,,FALSE,99381000000548508,Sales,SF200,,,,,nos,485.00,Taxable,99381000000006208,GST18,18.00,Tax Group,,,,9.00,9.00,0.00,0.00,43.65,43.65,0.00,0.00,43.65,43.65,0.00,0.00,,goods,,,
2021-07-28,99381000003575005,EST335,accepted,99381000001357007,Cochin,,,INR,1.00,entity_level,true,0.00,false,180.00,212.00,0.00,Looking forward for your business.,,Scale Point,32,32-Kerala,business_gst,32DSJPS7374R1ZN,NO,NO,,,Eldho (Kerala),"Scale Point, Room No: 8/76-5",Kalpatta,Kerala,India,628505,,Standard Template,Adjustment,"Scale Point, Room No: 8/76-5",Kalpatta,Kerala,India,628505,,3,,,,0.000,,,,0.00,0.000,,,,0.00,,,,,,,,Loadcell 80 kg:130mm,,84239020,1.00,0.00,0.0,32.40,180.00,,FALSE,99381000002001040,Sales,LK8013,,,,,nos,180.00,Taxable,99381000000006208,GST18,18.00,Tax Group,,,,9.00,9.00,0.00,0.00,16.20,16.20,0.00,0.00,16.20,16.20,0.00,0.00,,goods,,,
2021-07-28,99381000003573091,EST336,invoiced,99381000002549012,Cochin,,,INR,1.00,entity_level,true,0.00,false,24126.00,28469.00,0.00,Looking forward for your business.,,ROYAL SCALES,32,32-Kerala,business_gst,32AKPPJ6985N1ZA,NO,NO,,,Eldho (Kerala),"PMC.19/2207,
Ground Floor, Dhanalakshmi Complex,",Kannur,Kerala,India,670307,,Standard Template,Adjustment,"PMC.19/2207,
Ground Floor, Dhanalakshmi Complex,",Kannur,Kerala,India,670307,,3,,,,0.000,,,,0.00,0.000,,,,0.00,,,,,,,,Price Computing scale,"Make: YESWEIGH  Model:YSP-20
Max:20kg  e:2g  Min:40g  Class:III",84231000,5.00,0.00,0.0,1692.00,9400.00,,FALSE,99381000000016031,Sales,ATMPC,,,,,nos,1880.00,Taxable,99381000000006208,GST18,18.00,Tax Group,,,,9.00,9.00,0.00,0.00,846.00,846.00,0.00,0.00,846.00,846.00,0.00,0.00,,goods,,,
2021-07-28,99381000003573091,EST336,invoiced,99381000002549012,Cochin,,,INR,1.00,entity_level,true,0.00,false,24126.00,28469.00,0.00,Looking forward for your business.,,ROYAL SCALES,32,32-Kerala,business_gst,32AKPPJ6985N1ZA,NO,NO,,,Eldho (Kerala),"PMC.19/2207,
Ground Floor, Dhanalakshmi Complex,",Kannur,Kerala,India,670307,,Standard Template,Adjustment,"PMC.19/2207,
Ground Floor, Dhanalakshmi Complex,",Kannur,Kerala,India,670307,,3,,,,0.000,,,,0.00,0.000,,,,0.00,,,,,,,,Table Top Scale 220x170 ABS 4 Volt,"Make  : YESWEIGH Model: YST-20
Max :20kg e:2gm Min: 40g Class III",84231000,6.00,0.00,0.0,1242.00,6900.00,,FALSE,99381000000349058,Sales,CH4VSF,,,,,nos,1150.00,Taxable,99381000000006208,GST18,18.00,Tax Group,,,,9.00,9.00,0.00,0.00,621.00,621.00,0.00,0.00,621.00,621.00,0.00,0.00,,goods,,,
2021-07-28,99381000003573091,EST336,invoiced,99381000002549012,Cochin,,,INR,1.00,entity_level,true,0.00,false,24126.00,28469.00,0.00,Looking forward for your business.,,ROYAL SCALES,32,32-Kerala,business_gst,32AKPPJ6985N1ZA,NO,NO,,,Eldho (Kerala),"PMC.19/2207,
Ground Floor, Dhanalakshmi Complex,",Kannur,Kerala,India,670307,,Standard Template,Adjustment,"PMC.19/2207,
Ground Floor, Dhanalakshmi Complex,",Kannur,Kerala,India,670307,,3,,,,0.000,,,,0.00,0.000,,,,0.00,,,,,,,,Government Stamping Fee / Expense for 20 KG,,998729,11.00,0.00,0.0,633.60,3520.00,,FALSE,99381000000172016,Sales,SF20,,,,,nos,320.00,Taxable,99381000000006208,GST18,18.00,Tax Group,,,,9.00,9.00,0.00,0.00,316.80,316.80,0.00,0.00,316.80,316.80,0.00,0.00,,goods,,,
2021-07-28,99381000003573091,EST336,invoiced,99381000002549012,Cochin,,,INR,1.00,entity_level,true,0.00,false,24126.00,28469.00,0.00,Looking forward for your business.,,ROYAL SCALES,32,32-Kerala,business_gst,32AKPPJ6985N1ZA,NO,NO,,,Eldho (Kerala),"PMC.19/2207,
Ground Floor, Dhanalakshmi Complex,",Kannur,Kerala,India,670307,,Standard Template,Adjustment,"PMC.19/2207,
Ground Floor, Dhanalakshmi Complex,",Kannur,Kerala,India,670307,,3,,,,0.000,,,,0.00,0.000,,,,0.00,,,,,,,,CHICKEN SCALE 300KG SS,"Make : YESWEIGH Model : YSC
Max : 300kg e:50g Min:1kg
Class : III",84239010,1.00,0.00,0.0,594.00,3300.00,,FALSE,99381000001933011,Sales,CS400X400SS,,,,,nos,3300.00,Taxable,99381000000006208,GST18,18.00,Tax Group,,,,9.00,9.00,0.00,0.00,297.00,297.00,0.00,0.00,297.00,297.00,0.00,0.00,,goods,,,
2021-07-28,99381000003573091,EST336,invoiced,99381000002549012,Cochin,,,INR,1.00,entity_level,true,0.00,false,24126.00,28469.00,0.00,Looking forward for your business.,,ROYAL SCALES,32,32-Kerala,business_gst,32AKPPJ6985N1ZA,NO,NO,,,Eldho (Kerala),"PMC.19/2207,
Ground Floor, Dhanalakshmi Complex,",Kannur,Kerala,India,670307,,Standard Template,Adjustment,"PMC.19/2207,
Ground Floor, Dhanalakshmi Complex,",Kannur,Kerala,India,670307,,3,,,,0.000,,,,0.00,0.000,,,,0.00,,,,,,,,Government Stamping Fee /Expense for 300kg,,998729,1.00,0.00,0.0,101.70,565.00,,FALSE,99381000000548525,Sales,SF300,,,,,nos,565.00,Taxable,99381000000006208,GST18,18.00,Tax Group,,,,9.00,9.00,0.00,0.00,50.85,50.85,0.00,0.00,50.85,50.85,0.00,0.00,,goods,,,
2021-07-28,99381000003573091,EST336,invoiced,99381000002549012,Cochin,,,INR,1.00,entity_level,true,0.00,false,24126.00,28469.00,0.00,Looking forward for your business.,,ROYAL SCALES,32,32-Kerala,business_gst,32AKPPJ6985N1ZA,NO,NO,,,Eldho (Kerala),"PMC.19/2207,
Ground Floor, Dhanalakshmi Complex,",Kannur,Kerala,India,670307,,Standard Template,Adjustment,"PMC.19/2207,
Ground Floor, Dhanalakshmi Complex,",Kannur,Kerala,India,670307,,3,,,,0.000,,,,0.00,0.000,,,,0.00,,,,,,,,Freight Charges,,996819,49.00,0.00,0.0,79.38,441.00,,FALSE,99381000000557009,Sales,COCS,,,,,kg,9.00,Taxable,99381000000006208,GST18,18.00,Tax Group,,,,9.00,9.00,0.00,0.00,39.69,39.69,0.00,0.00,39.69,39.69,0.00,0.00,,service,,,
2021-07-28,99381000003573196,EST337,accepted,99381000002549012,Cochin,,,INR,1.00,entity_level,true,0.00,false,4850.00,5723.00,0.00,Looking forward for your business.,,ROYAL SCALES,32,32-Kerala,business_gst,32AKPPJ6985N1ZA,NO,NO,,,Eldho (Kerala),"PMC.19/2207,
Ground Floor, Dhanalakshmi Complex,",Kannur,Kerala,India,670307,,Standard Template,Adjustment,"PMC.19/2207,
Ground Floor, Dhanalakshmi Complex,",Kannur,Kerala,India,670307,,1,,,,0.000,,,,0.00,0.000,,,,0.00,,,,,,,,Government Stamping Fee /Expense for 50 kg,"Serial No : YUE10462 - YUE10466,YUE9454-YUE9458",998729,10.00,0.00,0.0,873.00,4850.00,,FALSE,99381000000186036,Sales,SF50,,,,,nos,485.00,Taxable,99381000000006208,GST18,18.00,Tax Group,,,,9.00,9.00,0.00,0.00,436.50,436.50,0.00,0.00,436.50,436.50,0.00,0.00,,goods,,,
2021-07-28,99381000003579080,EST338,sent,99381000002549012,Cochin,,,INR,1.00,entity_level,true,0.00,false,5113.00,6033.00,0.00,Looking forward for your business.,,ROYAL SCALES,32,32-Kerala,business_gst,32AKPPJ6985N1ZA,NO,NO,,,Eldho (Kerala),"PMC.19/2207,
Ground Floor, Dhanalakshmi Complex,",Kannur,Kerala,India,670307,,Standard Template,Adjustment,"PMC.19/2207,
Ground Floor, Dhanalakshmi Complex,",Kannur,Kerala,India,670307,,3,,,,0.000,,,,0.00,0.000,,,,0.00,,,,,,,,Platform Weighing Scale 300kg/50g,"Make : YESWEIGH Model: YSP-5  
Max: 300 kg e: 50gm Min:1kg Class III",84231000,1.00,0.00,0.0,783.00,4350.00,,FALSE,99381000000326166,Sales,PF4560,,,,,nos,4350.00,Taxable,99381000000006208,GST18,18.00,Tax Group,,,,9.00,9.00,0.00,0.00,391.50,391.50,0.00,0.00,391.50,391.50,0.00,0.00,,goods,,,
2021-07-28,99381000003579080,EST338,sent,99381000002549012,Cochin,,,INR,1.00,entity_level,true,0.00,false,5113.00,6033.00,0.00,Looking forward for your business.,,ROYAL SCALES,32,32-Kerala,business_gst,32AKPPJ6985N1ZA,NO,NO,,,Eldho (Kerala),"PMC.19/2207,
Ground Floor, Dhanalakshmi Complex,",Kannur,Kerala,India,670307,,Standard Template,Adjustment,"PMC.19/2207,
Ground Floor, Dhanalakshmi Complex,",Kannur,Kerala,India,670307,,3,,,,0.000,,,,0.00,0.000,,,,0.00,,,,,,,,Government Stamping Fee /Expense for 300kg,,998729,1.00,0.00,0.0,101.70,565.00,,FALSE,99381000000548525,Sales,SF300,,,,,nos,565.00,Taxable,99381000000006208,GST18,18.00,Tax Group,,,,9.00,9.00,0.00,0.00,50.85,50.85,0.00,0.00,50.85,50.85,0.00,0.00,,goods,,,
2021-07-28,99381000003579080,EST338,sent,99381000002549012,Cochin,,,INR,1.00,entity_level,true,0.00,false,5113.00,6033.00,0.00,Looking forward for your business.,,ROYAL SCALES,32,32-Kerala,business_gst,32AKPPJ6985N1ZA,NO,NO,,,Eldho (Kerala),"PMC.19/2207,
Ground Floor, Dhanalakshmi Complex,",Kannur,Kerala,India,670307,,Standard Template,Adjustment,"PMC.19/2207,
Ground Floor, Dhanalakshmi Complex,",Kannur,Kerala,India,670307,,3,,,,0.000,,,,0.00,0.000,,,,0.00,,,,,,,,Freight Charges,,996819,22.00,0.00,0.0,35.64,198.00,,FALSE,99381000000557009,Sales,COCS,,,,,kg,9.00,Taxable,99381000000006208,GST18,18.00,Tax Group,,,,9.00,9.00,0.00,0.00,17.82,17.82,0.00,0.00,17.82,17.82,0.00,0.00,,service,,,
2021-08-03,99381000003627133,EST340,draft,99381000001702591,Cochin,,,INR,1.00,entity_level,true,0.00,false,22717.00,26806.00,0.00,Looking forward for your business.,,BEETA SCALES,32,32-Kerala,business_gst,32BTLPM0140A1ZG,NO,NO,,,Eldho (Kerala),"Beeta scales,  V.M Building, Near K.S.E.B Office",Wayanad,Kerala,India,673591,,Standard Template,Adjustment,"Beeta scales,  V.M Building, Near K.S.E.B Office",Wayanad,Kerala,India,673591,,1,,,,0.000,,,,0.00,0.000,,,,0.00,,,,,,,,ATM JUNIOR YS669,"Make : YESWEIGH Model : YSP-20
Max : 30kg e:5g Min:100g
Class : III",84231000,5.00,0.00,0.0,1611.00,8950.00,,FALSE,99381000001247038,Sales,YS669,,,,,nos,1790.00,Taxable,99381000000006208,GST18,18.00,Tax Group,,,,9.00,9.00,0.00,0.00,805.50,805.50,0.00,0.00,805.50,805.50,0.00,0.00,,goods,,,
2021-08-03,99381000003627133,EST340,draft,99381000001702591,Cochin,,,INR,1.00,entity_level,true,0.00,false,22717.00,26806.00,0.00,Looking forward for your business.,,BEETA SCALES,32,32-Kerala,business_gst,32BTLPM0140A1ZG,NO,NO,,,Eldho (Kerala),"Beeta scales,  V.M Building, Near K.S.E.B Office",Wayanad,Kerala,India,673591,,Standard Template,Adjustment,"Beeta scales,  V.M Building, Near K.S.E.B Office",Wayanad,Kerala,India,673591,,1,,,,0.000,,,,0.00,0.000,,,,0.00,,,,,,,,Government Stamping Fee /Expense for 30 kg,,998729,5.00,0.00,0.0,436.50,2425.00,,FALSE,99381000000186027,Sales,SF30,,,,,nos,485.00,Taxable,99381000000006208,GST18,18.00,Tax Group,,,,9.00,9.00,0.00,0.00,218.25,218.25,0.00,0.00,218.25,218.25,0.00,0.00,,goods,,,
2021-08-03,99381000003627133,EST340,draft,99381000001702591,Cochin,,,INR,1.00,entity_level,true,0.00,false,22717.00,26806.00,0.00,Looking forward for your business.,,BEETA SCALES,32,32-Kerala,business_gst,32BTLPM0140A1ZG,NO,NO,,,Eldho (Kerala),"Beeta scales,  V.M Building, Near K.S.E.B Office",Wayanad,Kerala,India,673591,,Standard Template,Adjustment,"Beeta scales,  V.M Building, Near K.S.E.B Office",Wayanad,Kerala,India,673591,,1,,,,0.000,,,,0.00,0.000,,,,0.00,,,,,,,,Price Computing scale,"Make: YESWEIGH  Model:YSP-20
Max:20kg  e:2g  Min:40g  Class:III",84231000,5.00,0.00,0.0,1692.00,9400.00,,FALSE,99381000000016031,Sales,ATMPC,,,,,nos,1880.00,Taxable,99381000000006208,GST18,18.00,Tax Group,,,,9.00,9.00,0.00,0.00,846.00,846.00,0.00,0.00,846.00,846.00,0.00,0.00,,goods,,,
2021-08-03,99381000003627133,EST340,draft,99381000001702591,Cochin,,,INR,1.00,entity_level,true,0.00,false,22717.00,26806.00,0.00,Looking forward for your business.,,BEETA SCALES,32,32-Kerala,business_gst,32BTLPM0140A1ZG,NO,NO,,,Eldho (Kerala),"Beeta scales,  V.M Building, Near K.S.E.B Office",Wayanad,Kerala,India,673591,,Standard Template,Adjustment,"Beeta scales,  V.M Building, Near K.S.E.B Office",Wayanad,Kerala,India,673591,,1,,,,0.000,,,,0.00,0.000,,,,0.00,,,,,,,,Government Stamping Fee / Expense for 20 KG,,998729,5.00,0.00,0.0,288.00,1600.00,,FALSE,99381000000172016,Sales,SF20,,,,,nos,320.00,Taxable,99381000000006208,GST18,18.00,Tax Group,,,,9.00,9.00,0.00,0.00,144.00,144.00,0.00,0.00,144.00,144.00,0.00,0.00,,goods,,,
2021-08-03,99381000003627133,EST340,draft,99381000001702591,Cochin,,,INR,1.00,entity_level,true,0.00,false,22717.00,26806.00,0.00,Looking forward for your business.,,BEETA SCALES,32,32-Kerala,business_gst,32BTLPM0140A1ZG,NO,NO,,,Eldho (Kerala),"Beeta scales,  V.M Building, Near K.S.E.B Office",Wayanad,Kerala,India,673591,,Standard Template,Adjustment,"Beeta scales,  V.M Building, Near K.S.E.B Office",Wayanad,Kerala,India,673591,,1,,,,0.000,,,,0.00,0.000,,,,0.00,,,,,,,,Freight Charges,,996819,38.00,0.00,0.0,61.56,342.00,,FALSE,99381000000557009,Sales,COCS,,,,,kg,9.00,Taxable,99381000000006208,GST18,18.00,Tax Group,,,,9.00,9.00,0.00,0.00,30.78,30.78,0.00,0.00,30.78,30.78,0.00,0.00,,service,,,
2021-08-04,99381000003633212,EST341,invoiced,99381000003633186,Cochin,,,INR,1.00,entity_level,true,0.00,false,19531.00,23047.00,0.00,Looking forward for your business.,,PATTASSERIL STORES,32,32-Kerala,business_none,,NO,NO,,,Eldho (Kerala),"HILL PALACE ROAD 
TRIPUNITHURA",ERNAKULAM,Kerala,India,,,Standard Template,Adjustment,,,,,,,1,,,,0.000,,,,0.00,0.000,,,,0.00,,,,,,,,Table Top Scale  220x170 ABS 6 Volt,"Model : YST-20
Max : 20kg e:2gm Min: 40g Class III",84231000,6.00,0.00,0.0,1404.00,7800.00,,FALSE,99381000000562040,Sales,TTABS6V,,,,,nos,1300.00,Taxable,99381000000006208,GST18,18.00,Tax Group,,,,9.00,9.00,0.00,0.00,702.00,702.00,0.00,0.00,702.00,702.00,0.00,0.00,,goods,,,
2021-08-04,99381000003633212,EST341,invoiced,99381000003633186,Cochin,,,INR,1.00,entity_level,true,0.00,false,19531.00,23047.00,0.00,Looking forward for your business.,,PATTASSERIL STORES,32,32-Kerala,business_none,,NO,NO,,,Eldho (Kerala),"HILL PALACE ROAD 
TRIPUNITHURA",ERNAKULAM,Kerala,India,,,Standard Template,Adjustment,,,,,,,1,,,,0.000,,,,0.00,0.000,,,,0.00,,,,,,,,Government Stamping Fee / Expense for 20 KG,,998729,7.00,0.00,0.0,403.20,2240.00,,FALSE,99381000000172016,Sales,SF20,,,,,nos,320.00,Taxable,99381000000006208,GST18,18.00,Tax Group,,,,9.00,9.00,0.00,0.00,201.60,201.60,0.00,0.00,201.60,201.60,0.00,0.00,,goods,,,
2021-08-04,99381000003633212,EST341,invoiced,99381000003633186,Cochin,,,INR,1.00,entity_level,true,0.00,false,19531.00,23047.00,0.00,Looking forward for your business.,,PATTASSERIL STORES,32,32-Kerala,business_none,,NO,NO,,,Eldho (Kerala),"HILL PALACE ROAD 
TRIPUNITHURA",ERNAKULAM,Kerala,India,,,Standard Template,Adjustment,,,,,,,1,,,,0.000,,,,0.00,0.000,,,,0.00,,,,,,,,TABLE TOP ABS (VIBRANT),Max : 30Kg e:5gm Min: 5kg Class III,84231000,3.00,0.00,0.0,1053.00,5850.00,,FALSE,99381000001171138,Sales,VIBRANT300X240ABS,,,,,pcs,1950.00,Taxable,99381000000006208,GST18,18.00,Tax Group,,,,9.00,9.00,0.00,0.00,526.50,526.50,0.00,0.00,526.50,526.50,0.00,0.00,,goods,,,
2021-08-04,99381000003633212,EST341,invoiced,99381000003633186,Cochin,,,INR,1.00,entity_level,true,0.00,false,19531.00,23047.00,0.00,Looking forward for your business.,,PATTASSERIL STORES,32,32-Kerala,business_none,,NO,NO,,,Eldho (Kerala),"HILL PALACE ROAD 
TRIPUNITHURA",ERNAKULAM,Kerala,India,,,Standard Template,Adjustment,,,,,,,1,,,,0.000,,,,0.00,0.000,,,,0.00,,,,,,,,Government Stamping Fee /Expense for 30 kg,,998729,3.00,0.00,0.0,261.90,1455.00,,FALSE,99381000000186027,Sales,SF30,,,,,nos,485.00,Taxable,99381000000006208,GST18,18.00,Tax Group,,,,9.00,9.00,0.00,0.00,130.95,130.95,0.00,0.00,130.95,130.95,0.00,0.00,,goods,,,
2021-08-04,99381000003633212,EST341,invoiced,99381000003633186,Cochin,,,INR,1.00,entity_level,true,0.00,false,19531.00,23047.00,0.00,Looking forward for your business.,,PATTASSERIL STORES,32,32-Kerala,business_none,,NO,NO,,,Eldho (Kerala),"HILL PALACE ROAD 
TRIPUNITHURA",ERNAKULAM,Kerala,India,,,Standard Template,Adjustment,,,,,,,1,,,,0.000,,,,0.00,0.000,,,,0.00,,,,,,,,ATM JUNIOR YS669,"Make : YESWEIGH Model : YSP-20
Max : 20kg e:2g Min:40g
Class : III",84231000,1.00,0.00,0.0,322.20,1790.00,,FALSE,99381000001247038,Sales,YS669,,,,,nos,1790.00,Taxable,99381000000006208,GST18,18.00,Tax Group,,,,9.00,9.00,0.00,0.00,161.10,161.10,0.00,0.00,161.10,161.10,0.00,0.00,,goods,,,
2021-08-04,99381000003633212,EST341,invoiced,99381000003633186,Cochin,,,INR,1.00,entity_level,true,0.00,false,19531.00,23047.00,0.00,Looking forward for your business.,,PATTASSERIL STORES,32,32-Kerala,business_none,,NO,NO,,,Eldho (Kerala),"HILL PALACE ROAD 
TRIPUNITHURA",ERNAKULAM,Kerala,India,,,Standard Template,Adjustment,,,,,,,1,,,,0.000,,,,0.00,0.000,,,,0.00,,,,,,,,Freight Charges,,996819,44.00,0.00,0.0,71.28,396.00,,FALSE,99381000000557009,Sales,COCS,,,,,kg,9.00,Taxable,99381000000006208,GST18,18.00,Tax Group,,,,9.00,9.00,0.00,0.00,35.64,35.64,0.00,0.00,35.64,35.64,0.00,0.00,,service,,,
2021-08-07,99381000003647303,EST342,invoiced,99381000000014358,Cochin,,,INR,1.00,entity_level,true,0.00,false,21510.00,25382.00,0.00,Looking forward for your business.,,MARVEL ELECTRONICS,32,32-Kerala,business_gst,32BQUPA8911M1ZH,NO,NO,,,Eldho (Kerala),"1/662 - A1, Henry Electrical Building",Thrissur,Kerala,,680503,,Standard Template,Adjustment,"1/662 - A1, Henry Electrical Building",Thrissur,Kerala,,680503,,3,,,,0.000,,,,0.00,0.000,,,,0.00,,,,,,,,Platform Weighing Scale 400x400 MS,"Make : YESWEIGH Model:YSP-100
Max:100 kg e: 10gm Min:200g Class III",84239020,5.00,0.00,0.0,3330.00,18500.00,,FALSE,99381000001476013,Sales,PFPC400X400MS,,,,,nos,3700.00,Taxable,99381000000006208,GST18,18.00,Tax Group,,,,9.00,9.00,0.00,0.00,1665.00,1665.00,0.00,0.00,1665.00,1665.00,0.00,0.00,,goods,,,
2021-08-07,99381000003647303,EST342,invoiced,99381000000014358,Cochin,,,INR,1.00,entity_level,true,0.00,false,21510.00,25382.00,0.00,Looking forward for your business.,,MARVEL ELECTRONICS,32,32-Kerala,business_gst,32BQUPA8911M1ZH,NO,NO,,,Eldho (Kerala),"1/662 - A1, Henry Electrical Building",Thrissur,Kerala,,680503,,Standard Template,Adjustment,"1/662 - A1, Henry Electrical Building",Thrissur,Kerala,,680503,,3,,,,0.000,,,,0.00,0.000,,,,0.00,,,,,,,,Government Stamping Fee / Expense for 100Kg,,998729,5.00,0.00,0.0,436.50,2425.00,,FALSE,99381000000663063,Sales,SF100,,,,,nos,485.00,Taxable,99381000000006208,GST18,18.00,Tax Group,,,,9.00,9.00,0.00,0.00,218.25,218.25,0.00,0.00,218.25,218.25,0.00,0.00,,goods,,,
2021-08-07,99381000003647303,EST342,invoiced,99381000000014358,Cochin,,,INR,1.00,entity_level,true,0.00,false,21510.00,25382.00,0.00,Looking forward for your business.,,MARVEL ELECTRONICS,32,32-Kerala,business_gst,32BQUPA8911M1ZH,NO,NO,,,Eldho (Kerala),"1/662 - A1, Henry Electrical Building",Thrissur,Kerala,,680503,,Standard Template,Adjustment,"1/662 - A1, Henry Electrical Building",Thrissur,Kerala,,680503,,3,,,,0.000,,,,0.00,0.000,,,,0.00,,,,,,,,Freight Charges,,996819,65.00,0.00,0.0,105.30,585.00,,FALSE,99381000000557009,Sales,COCS,,,,,kg,9.00,Taxable,99381000000006208,GST18,18.00,Tax Group,,,,9.00,9.00,0.00,0.00,52.65,52.65,0.00,0.00,52.65,52.65,0.00,0.00,,service,,,
2021-08-07,99381000003647327,EST343,sent,99381000000014358,Cochin,,,INR,1.00,entity_level,true,0.00,false,76340.00,90081.00,0.00,Looking forward for your business.,,MARVEL ELECTRONICS,32,32-Kerala,business_gst,32BQUPA8911M1ZH,NO,NO,,,Eldho (Kerala),"1/662 - A1, Henry Electrical Building",Thrissur,Kerala,,680503,,Standard Template,Adjustment,"1/662 - A1, Henry Electrical Building",Thrissur,Kerala,,680503,,3,,,,0.000,,,,0.00,0.000,,,,0.00,,,,,,,,Platform Weighing Scale 400x400 MS,"Make : YESWEIGH Model:YSP-100
Max:100 kg e: 10gm Min:200g Class III",84239020,20.00,0.00,0.0,13320.00,74000.00,,FALSE,99381000001476013,Sales,PFPC400X400MS,,,,,nos,3700.00,Taxable,99381000000006208,GST18,18.00,Tax Group,,,,9.00,9.00,0.00,0.00,6660.00,6660.00,0.00,0.00,6660.00,6660.00,0.00,0.00,,goods,,,
2021-08-07,99381000003647327,EST343,sent,99381000000014358,Cochin,,,INR,1.00,entity_level,true,0.00,false,76340.00,90081.00,0.00,Looking forward for your business.,,MARVEL ELECTRONICS,32,32-Kerala,business_gst,32BQUPA8911M1ZH,NO,NO,,,Eldho (Kerala),"1/662 - A1, Henry Electrical Building",Thrissur,Kerala,,680503,,Standard Template,Adjustment,"1/662 - A1, Henry Electrical Building",Thrissur,Kerala,,680503,,3,,,,0.000,,,,0.00,0.000,,,,0.00,,,,,,,,Freight Charges,,996819,260.00,0.00,0.0,421.20,2340.00,,FALSE,99381000000557009,Sales,COCS,,,,,kg,9.00,Taxable,99381000000006208,GST18,18.00,Tax Group,,,,9.00,9.00,0.00,0.00,210.60,210.60,0.00,0.00,210.60,210.60,0.00,0.00,,service,,,
2021-08-12,99381000003703786,EST344,invoiced,99381000000017088,Cochin,,,INR,1.00,entity_level,true,0.00,false,86450.00,102011.00,0.00,Looking forward for your business.,,ALFA SYSTEMS-CHALAKKUDY,32,32-Kerala,business_gst,32BSHPK8953L1Z8,NO,NO,,,Eldho (Kerala),"6/721B, Murikkingal Road, Pallikunnu,
Kodaly,",THRISSUR,KERALA,India,680699,,Standard Template,Adjustment,"6/721B, Murikkingal Road,
Pallikkunnu, Koday",,KERALA,India,680699,,3,,,,0.000,,,,0.00,0.000,,,,0.00,,,,,,,,Platform Weighing Scale 400x400 MS,"Make : YESWEIGH Model:YSP-100
Max:100 kg e: 10gm Min:200g Class III",84239020,5.00,0.00,0.0,3330.00,18500.00,,FALSE,99381000001476013,Sales,PFPC400X400MS,,,,,nos,3700.00,Taxable,99381000000006208,GST18,18.00,Tax Group,,,,9.00,9.00,0.00,0.00,1665.00,1665.00,0.00,0.00,1665.00,1665.00,0.00,0.00,,goods,,,
2021-08-12,99381000003703786,EST344,invoiced,99381000000017088,Cochin,,,INR,1.00,entity_level,true,0.00,false,86450.00,102011.00,0.00,Looking forward for your business.,,ALFA SYSTEMS-CHALAKKUDY,32,32-Kerala,business_gst,32BSHPK8953L1Z8,NO,NO,,,Eldho (Kerala),"6/721B, Murikkingal Road, Pallikunnu,
Kodaly,",THRISSUR,KERALA,India,680699,,Standard Template,Adjustment,"6/721B, Murikkingal Road,
Pallikkunnu, Koday",,KERALA,India,680699,,3,,,,0.000,,,,0.00,0.000,,,,0.00,,,,,,,,Government Stamping Fee / Expense for 100Kg,,998729,5.00,0.00,0.0,436.50,2425.00,,FALSE,99381000000663063,Sales,SF100,,,,,nos,485.00,Taxable,99381000000006208,GST18,18.00,Tax Group,,,,9.00,9.00,0.00,0.00,218.25,218.25,0.00,0.00,218.25,218.25,0.00,0.00,,goods,,,
2021-08-12,99381000003703786,EST344,invoiced,99381000000017088,Cochin,,,INR,1.00,entity_level,true,0.00,false,86450.00,102011.00,0.00,Looking forward for your business.,,ALFA SYSTEMS-CHALAKKUDY,32,32-Kerala,business_gst,32BSHPK8953L1Z8,NO,NO,,,Eldho (Kerala),"6/721B, Murikkingal Road, Pallikunnu,
Kodaly,",THRISSUR,KERALA,India,680699,,Standard Template,Adjustment,"6/721B, Murikkingal Road,
Pallikkunnu, Koday",,KERALA,India,680699,,3,,,,0.000,,,,0.00,0.000,,,,0.00,,,,,,,,Platform Weighing Scale  400x500 SS,"Make:YESWEIGH Model : YSP-200
Max : 200kg e: 20g Min :400gm 
Class: III
",84231000,2.00,0.00,0.0,1512.00,8400.00,,FALSE,99381000000326157,Sales,PFPC400X500SS,,,,,nos,4200.00,Taxable,99381000000006208,GST18,18.00,Tax Group,,,,9.00,9.00,0.00,0.00,756.00,756.00,0.00,0.00,756.00,756.00,0.00,0.00,,goods,,,
2021-08-12,99381000003703786,EST344,invoiced,99381000000017088,Cochin,,,INR,1.00,entity_level,true,0.00,false,86450.00,102011.00,0.00,Looking forward for your business.,,ALFA SYSTEMS-CHALAKKUDY,32,32-Kerala,business_gst,32BSHPK8953L1Z8,NO,NO,,,Eldho (Kerala),"6/721B, Murikkingal Road, Pallikunnu,
Kodaly,",THRISSUR,KERALA,India,680699,,Standard Template,Adjustment,"6/721B, Murikkingal Road,
Pallikkunnu, Koday",,KERALA,India,680699,,3,,,,0.000,,,,0.00,0.000,,,,0.00,,,,,,,,Government Stamping Fee /Expense for 200Kg,,998729,2.00,0.00,0.0,174.60,970.00,,FALSE,99381000000548508,Sales,SF200,,,,,nos,485.00,Taxable,99381000000006208,GST18,18.00,Tax Group,,,,9.00,9.00,0.00,0.00,87.30,87.30,0.00,0.00,87.30,87.30,0.00,0.00,,goods,,,
2021-08-12,99381000003703786,EST344,invoiced,99381000000017088,Cochin,,,INR,1.00,entity_level,true,0.00,false,86450.00,102011.00,0.00,Looking forward for your business.,,ALFA SYSTEMS-CHALAKKUDY,32,32-Kerala,business_gst,32BSHPK8953L1Z8,NO,NO,,,Eldho (Kerala),"6/721B, Murikkingal Road, Pallikunnu,
Kodaly,",THRISSUR,KERALA,India,680699,,Standard Template,Adjustment,"6/721B, Murikkingal Road,
Pallikkunnu, Koday",,KERALA,India,680699,,3,,,,0.000,,,,0.00,0.000,,,,0.00,,,,,,,,Table Top Scale  220x170 ABS 6 Volt,"Model : YST-20
Max : 20kg e:2gm Min: 40g Class III",84231000,6.00,0.00,0.0,1404.00,7800.00,,FALSE,99381000000562040,Sales,TTABS6V,,,,,nos,1300.00,Taxable,99381000000006208,GST18,18.00,Tax Group,,,,9.00,9.00,0.00,0.00,702.00,702.00,0.00,0.00,702.00,702.00,0.00,0.00,,goods,,,
2021-08-12,99381000003703786,EST344,invoiced,99381000000017088,Cochin,,,INR,1.00,entity_level,true,0.00,false,86450.00,102011.00,0.00,Looking forward for your business.,,ALFA SYSTEMS-CHALAKKUDY,32,32-Kerala,business_gst,32BSHPK8953L1Z8,NO,NO,,,Eldho (Kerala),"6/721B, Murikkingal Road, Pallikunnu,
Kodaly,",THRISSUR,KERALA,India,680699,,Standard Template,Adjustment,"6/721B, Murikkingal Road,
Pallikkunnu, Koday",,KERALA,India,680699,,3,,,,0.000,,,,0.00,0.000,,,,0.00,,,,,,,,Government Stamping Fee / Expense for 20 KG,,998729,6.00,0.00,0.0,345.60,1920.00,,FALSE,99381000000172016,Sales,SF20,,,,,nos,320.00,Taxable,99381000000006208,GST18,18.00,Tax Group,,,,9.00,9.00,0.00,0.00,172.80,172.80,0.00,0.00,172.80,172.80,0.00,0.00,,goods,,,
2021-08-12,99381000003703786,EST344,invoiced,99381000000017088,Cochin,,,INR,1.00,entity_level,true,0.00,false,86450.00,102011.00,0.00,Looking forward for your business.,,ALFA SYSTEMS-CHALAKKUDY,32,32-Kerala,business_gst,32BSHPK8953L1Z8,NO,NO,,,Eldho (Kerala),"6/721B, Murikkingal Road, Pallikunnu,
Kodaly,",THRISSUR,KERALA,India,680699,,Standard Template,Adjustment,"6/721B, Murikkingal Road,
Pallikkunnu, Koday",,KERALA,India,680699,,3,,,,0.000,,,,0.00,0.000,,,,0.00,,,,,,,,ATM JUNIOR YS669,"Make : YESWEIGH Model : YSP-20
Max : 20kg e:2g Min:40g
Class : III",84231000,10.00,0.00,0.0,3222.00,17900.00,,FALSE,99381000001247038,Sales,YS669,,,,,nos,1790.00,Taxable,99381000000006208,GST18,18.00,Tax Group,,,,9.00,9.00,0.00,0.00,1611.00,1611.00,0.00,0.00,1611.00,1611.00,0.00,0.00,,goods,,,
2021-08-12,99381000003703786,EST344,invoiced,99381000000017088,Cochin,,,INR,1.00,entity_level,true,0.00,false,86450.00,102011.00,0.00,Looking forward for your business.,,ALFA SYSTEMS-CHALAKKUDY,32,32-Kerala,business_gst,32BSHPK8953L1Z8,NO,NO,,,Eldho (Kerala),"6/721B, Murikkingal Road, Pallikunnu,
Kodaly,",THRISSUR,KERALA,India,680699,,Standard Template,Adjustment,"6/721B, Murikkingal Road,
Pallikkunnu, Koday",,KERALA,India,680699,,3,,,,0.000,,,,0.00,0.000,,,,0.00,,,,,,,,Government Stamping Fee / Expense for 20 KG,,998729,5.00,0.00,0.0,288.00,1600.00,,FALSE,99381000000172016,Sales,SF20,,,,,nos,320.00,Taxable,99381000000006208,GST18,18.00,Tax Group,,,,9.00,9.00,0.00,0.00,144.00,144.00,0.00,0.00,144.00,144.00,0.00,0.00,,goods,,,
2021-08-12,99381000003703786,EST344,invoiced,99381000000017088,Cochin,,,INR,1.00,entity_level,true,0.00,false,86450.00,102011.00,0.00,Looking forward for your business.,,ALFA SYSTEMS-CHALAKKUDY,32,32-Kerala,business_gst,32BSHPK8953L1Z8,NO,NO,,,Eldho (Kerala),"6/721B, Murikkingal Road, Pallikunnu,
Kodaly,",THRISSUR,KERALA,India,680699,,Standard Template,Adjustment,"6/721B, Murikkingal Road,
Pallikkunnu, Koday",,KERALA,India,680699,,3,,,,0.000,,,,0.00,0.000,,,,0.00,,,,,,,,CHICKEN SCALE 300KG SS,"Make : YESWEIGH Model : YSC
Max : 300kg e:50g Min:1kg
Class : III",84239010,2.00,0.00,0.0,1188.00,6600.00,,FALSE,99381000001933011,Sales,CS400X400SS,,,,,nos,3300.00,Taxable,99381000000006208,GST18,18.00,Tax Group,,,,9.00,9.00,0.00,0.00,594.00,594.00,0.00,0.00,594.00,594.00,0.00,0.00,,goods,,,
2021-08-12,99381000003703786,EST344,invoiced,99381000000017088,Cochin,,,INR,1.00,entity_level,true,0.00,false,86450.00,102011.00,0.00,Looking forward for your business.,,ALFA SYSTEMS-CHALAKKUDY,32,32-Kerala,business_gst,32BSHPK8953L1Z8,NO,NO,,,Eldho (Kerala),"6/721B, Murikkingal Road, Pallikunnu,
Kodaly,",THRISSUR,KERALA,India,680699,,Standard Template,Adjustment,"6/721B, Murikkingal Road,
Pallikkunnu, Koday",,KERALA,India,680699,,3,,,,0.000,,,,0.00,0.000,,,,0.00,,,,,,,,CHICKEN SCALE 100 KG SS,"Make : YESWEIGH Model : YSC
Max : 100kg e:10g Min:200g
Class : III",84239010,3.00,0.00,0.0,1215.00,6750.00,,FALSE,99381000001933001,Sales,CS300X300SS,,,,,nos,2250.00,Taxable,99381000000006208,GST18,18.00,Tax Group,,,,9.00,9.00,0.00,0.00,607.50,607.50,0.00,0.00,607.50,607.50,0.00,0.00,,goods,,,
2021-08-12,99381000003703786,EST344,invoiced,99381000000017088,Cochin,,,INR,1.00,entity_level,true,0.00,false,86450.00,102011.00,0.00,Looking forward for your business.,,ALFA SYSTEMS-CHALAKKUDY,32,32-Kerala,business_gst,32BSHPK8953L1Z8,NO,NO,,,Eldho (Kerala),"6/721B, Murikkingal Road, Pallikunnu,
Kodaly,",THRISSUR,KERALA,India,680699,,Standard Template,Adjustment,"6/721B, Murikkingal Road,
Pallikkunnu, Koday",,KERALA,India,680699,,3,,,,0.000,,,,0.00,0.000,,,,0.00,,,,,,,,Price Computing scale,"Make: YESWEIGH  Model:YSP-20
Max:20kg  e:2g  Min:40g  Class:III",84231000,5.00,0.00,0.0,1692.00,9400.00,,FALSE,99381000000016031,Sales,ATMPC,,,,,nos,1880.00,Taxable,99381000000006208,GST18,18.00,Tax Group,,,,9.00,9.00,0.00,0.00,846.00,846.00,0.00,0.00,846.00,846.00,0.00,0.00,,goods,,,
2021-08-12,99381000003703786,EST344,invoiced,99381000000017088,Cochin,,,INR,1.00,entity_level,true,0.00,false,86450.00,102011.00,0.00,Looking forward for your business.,,ALFA SYSTEMS-CHALAKKUDY,32,32-Kerala,business_gst,32BSHPK8953L1Z8,NO,NO,,,Eldho (Kerala),"6/721B, Murikkingal Road, Pallikunnu,
Kodaly,",THRISSUR,KERALA,India,680699,,Standard Template,Adjustment,"6/721B, Murikkingal Road,
Pallikkunnu, Koday",,KERALA,India,680699,,3,,,,0.000,,,,0.00,0.000,,,,0.00,,,,,,,,Government Stamping Fee / Expense for 20 KG,,998729,5.00,0.00,0.0,288.00,1600.00,,FALSE,99381000000172016,Sales,SF20,,,,,nos,320.00,Taxable,99381000000006208,GST18,18.00,Tax Group,,,,9.00,9.00,0.00,0.00,144.00,144.00,0.00,0.00,144.00,144.00,0.00,0.00,,goods,,,
2021-08-12,99381000003703786,EST344,invoiced,99381000000017088,Cochin,,,INR,1.00,entity_level,true,0.00,false,86450.00,102011.00,0.00,Looking forward for your business.,,ALFA SYSTEMS-CHALAKKUDY,32,32-Kerala,business_gst,32BSHPK8953L1Z8,NO,NO,,,Eldho (Kerala),"6/721B, Murikkingal Road, Pallikunnu,
Kodaly,",THRISSUR,KERALA,India,680699,,Standard Template,Adjustment,"6/721B, Murikkingal Road,
Pallikkunnu, Koday",,KERALA,India,680699,,3,,,,0.000,,,,0.00,0.000,,,,0.00,,,,,,,,Government Stamping Fee /Expense for 300kg,,998729,2.00,0.00,0.0,203.40,1130.00,,FALSE,99381000000548525,Sales,SF300,,,,,nos,565.00,Taxable,99381000000006208,GST18,18.00,Tax Group,,,,9.00,9.00,0.00,0.00,101.70,101.70,0.00,0.00,101.70,101.70,0.00,0.00,,goods,,,
2021-08-12,99381000003703786,EST344,invoiced,99381000000017088,Cochin,,,INR,1.00,entity_level,true,0.00,false,86450.00,102011.00,0.00,Looking forward for your business.,,ALFA SYSTEMS-CHALAKKUDY,32,32-Kerala,business_gst,32BSHPK8953L1Z8,NO,NO,,,Eldho (Kerala),"6/721B, Murikkingal Road, Pallikunnu,
Kodaly,",THRISSUR,KERALA,India,680699,,Standard Template,Adjustment,"6/721B, Murikkingal Road,
Pallikkunnu, Koday",,KERALA,India,680699,,3,,,,0.000,,,,0.00,0.000,,,,0.00,,,,,,,,Government Stamping Fee / Expense for 100Kg,,998729,3.00,0.00,0.0,261.90,1455.00,,FALSE,99381000000663063,Sales,SF100,,,,,nos,485.00,Taxable,99381000000006208,GST18,18.00,Tax Group,,,,9.00,9.00,0.00,0.00,130.95,130.95,0.00,0.00,130.95,130.95,0.00,0.00,,goods,,,
2021-08-13,99381000003717009,EST345,invoiced,99381000002854009,Cochin,,,INR,1.00,entity_level,true,0.00,false,3280.00,3870.00,0.00,Looking forward for your business.,,HAMDHA SCALES,32,32-Kerala,business_gst,32ANEPH3773N1ZT,NO,NO,,,Eldho (Kerala),"ROOM NO10/641B FIRST FLOOR
THANANGATTIL BUILDING
PUKKATTUPADY EDATHALA ALUVA",ERNAKULAM,Kerala,India,,,Standard Template,Adjustment,"ROOM NO10/641B FIRST FLOOR
THANANGATTIL BUILDING
PUKKATTUPADY EDATHALA ALUVA",ERNAKULAM,Kerala,India,,,3,,,,0.000,,,,0.00,0.000,,,,0.00,,,,,,,,Loadcell 300 kg 25 x25- 40 mm 4 HOLE,,84239020,8.00,0.00,0.0,590.40,3280.00,,FALSE,99381000002001110,Sales,LC300,,,,,nos,410.00,Taxable,99381000000006208,GST18,18.00,Tax Group,,,,9.00,9.00,0.00,0.00,295.20,295.20,0.00,0.00,295.20,295.20,0.00,0.00,,goods,,,
2021-08-23,99381000003832748,EST346,invoiced,99381000001357152,Cochin,,,INR,1.00,entity_level,true,0.00,false,3300.00,3894.00,0.00,Looking forward for your business.,,Bharath Scale-Kasargod,32,32-Kerala,business_gst,32CXGPR5017M1Z8,NO,NO,,,Biju B,"Bharath Scale, NH Road, Karuvachery",Kasargod,Kerala,India,671314,,Standard Template,Adjustment,"Bharath Scale, NH Road, Karuvachery",Kasargod,Kerala,India,671314,,1,,,,0.000,,,,0.00,0.000,,,,0.00,,,,,,,,GLASS ELECTRONIC PERSONAL SCALE,"Make: YESWEIGH Model : YSB
Max :180kg e:100g Class : III",84238190,5.00,0.00,0.0,594.00,3300.00,,FALSE,99381000003586659,Sales,EB8020,,,,,nos,660.00,Taxable,99381000000006208,GST18,18.00,Tax Group,,,,9.00,9.00,0.00,0.00,297.00,297.00,0.00,0.00,297.00,297.00,0.00,0.00,,goods,,,
2021-08-23,99381000003832762,EST347,invoiced,99381000000014461,Cochin,,,INR,1.00,entity_level,true,0.00,false,156780.00,185000.00,0.00,Looking forward for your business.,,MASS TECHNOLOGY,32,32-Kerala,business_gst,32ATZPV7500Q1ZN,NO,NO,,,Biju B,MEETHALEKANDY COMPLEX,KOYILANDY,Kerala,India,673305,,Standard Template,Adjustment,MEETHALEKANDY COMPLEX,KOYILANDY,Kerala,India,673305,,1,,,,0.000,,,,0.00,0.000,,,,0.00,,,,,,,,PLATFORM SCALE,"Make: YESWEIGH  Model:YSP-50
Max:50kg  e:5g  Min:100g  Class:III",84231000,52.00,0.00,0.0,23680.80,131560.00,,FALSE,99381000002790630,Sales,YS50GY,,,,,nos,2530.00,Taxable,99381000000006208,GST18,18.00,Tax Group,,,,9.00,9.00,0.00,0.00,11840.40,11840.40,0.00,0.00,11840.40,11840.40,0.00,0.00,,goods,,,
2021-08-23,99381000003832762,EST347,invoiced,99381000000014461,Cochin,,,INR,1.00,entity_level,true,0.00,false,156780.00,185000.00,0.00,Looking forward for your business.,,MASS TECHNOLOGY,32,32-Kerala,business_gst,32ATZPV7500Q1ZN,NO,NO,,,Biju B,MEETHALEKANDY COMPLEX,KOYILANDY,Kerala,India,673305,,Standard Template,Adjustment,MEETHALEKANDY COMPLEX,KOYILANDY,Kerala,India,673305,,1,,,,0.000,,,,0.00,0.000,,,,0.00,,,,,,,,Government Stamping Fee /Expense for 50 kg,,998729,52.00,0.00,0.0,4539.60,25220.00,,FALSE,99381000000186036,Sales,SF50,,,,,nos,485.00,Taxable,99381000000006208,GST18,18.00,Tax Group,,,,9.00,9.00,0.00,0.00,2269.80,2269.80,0.00,0.00,2269.80,2269.80,0.00,0.00,,goods,,,
2021-08-23,99381000003832835,EST348,draft,99381000003832800,Cochin,,,INR,1.00,entity_level,true,0.00,false,12260.00,14467.00,0.00,Looking forward for your business.,,DIGITEK SCALES-KATTAPPANA,32,32-Kerala,business_gst,32KXEPS6221J1Z7,NO,NO,,,Biju B,NEDUMKANDAM,KATTAPPANA,Kerala,India,685553,,Standard Template,Adjustment,NEDUMKANDAM,KATTAPPANA,Kerala,India,685553,,1,,,,0.000,,,,0.00,0.000,,,,0.00,,,,,,,,PLATFORM SCALE,"Make: YESWEIGH  Model:YSP-50
Max:50kg  e:5g  Min:100g  Class:III",84231000,4.00,0.00,0.0,1857.60,10320.00,,FALSE,99381000002790630,Sales,YS50GY,,,,,nos,2580.00,Taxable,99381000000006208,GST18,18.00,Tax Group,,,,9.00,9.00,0.00,0.00,928.80,928.80,0.00,0.00,928.80,928.80,0.00,0.00,,goods,,,
2021-08-23,99381000003832835,EST348,draft,99381000003832800,Cochin,,,INR,1.00,entity_level,true,0.00,false,12260.00,14467.00,0.00,Looking forward for your business.,,DIGITEK SCALES-KATTAPPANA,32,32-Kerala,business_gst,32KXEPS6221J1Z7,NO,NO,,,Biju B,NEDUMKANDAM,KATTAPPANA,Kerala,India,685553,,Standard Template,Adjustment,NEDUMKANDAM,KATTAPPANA,Kerala,India,685553,,1,,,,0.000,,,,0.00,0.000,,,,0.00,,,,,,,,Government Stamping Fee /Expense for 50 kg,,998729,4.00,0.00,0.0,349.20,1940.00,,FALSE,99381000000186036,Sales,SF50,,,,,nos,485.00,Taxable,99381000000006208,GST18,18.00,Tax Group,,,,9.00,9.00,0.00,0.00,174.60,174.60,0.00,0.00,174.60,174.60,0.00,0.00,,goods,,,
2021-08-24,99381000003836495,EST349,draft,99381000001357007,Cochin,,,INR,1.00,entity_level,true,0.00,false,12521.00,14775.00,0.00,Looking forward for your business.,,Scale Point,32,32-Kerala,business_gst,32DSJPS7374R1ZN,NO,NO,,,Eldho (Kerala),"Scale Point, Room No: 8/76-5",Kalpatta,Kerala,India,628505,,Standard Template,Adjustment,"Scale Point, Room No: 8/76-5",Kalpatta,Kerala,India,628505,,3,,,,0.000,,,,0.00,0.000,,,,0.00,,,,,,,,PLATFORM SCALE,"Make: YESWEIGH  Model:YSP-50
Max:50kg  e:5g  Min:100g  Class:III",84231000,4.00,0.00,0.0,1857.60,10320.00,,FALSE,99381000002790630,Sales,YS50GY,,,,,nos,2580.00,Taxable,99381000000006208,GST18,18.00,Tax Group,,,,9.00,9.00,0.00,0.00,928.80,928.80,0.00,0.00,928.80,928.80,0.00,0.00,,goods,,,
2021-08-24,99381000003836495,EST349,draft,99381000001357007,Cochin,,,INR,1.00,entity_level,true,0.00,false,12521.00,14775.00,0.00,Looking forward for your business.,,Scale Point,32,32-Kerala,business_gst,32DSJPS7374R1ZN,NO,NO,,,Eldho (Kerala),"Scale Point, Room No: 8/76-5",Kalpatta,Kerala,India,628505,,Standard Template,Adjustment,"Scale Point, Room No: 8/76-5",Kalpatta,Kerala,India,628505,,3,,,,0.000,,,,0.00,0.000,,,,0.00,,,,,,,,Government Stamping Fee /Expense for 50 kg,,998729,4.00,0.00,0.0,349.20,1940.00,,FALSE,99381000000186036,Sales,SF50,,,,,nos,485.00,Taxable,99381000000006208,GST18,18.00,Tax Group,,,,9.00,9.00,0.00,0.00,174.60,174.60,0.00,0.00,174.60,174.60,0.00,0.00,,goods,,,
2021-08-24,99381000003836495,EST349,draft,99381000001357007,Cochin,,,INR,1.00,entity_level,true,0.00,false,12521.00,14775.00,0.00,Looking forward for your business.,,Scale Point,32,32-Kerala,business_gst,32DSJPS7374R1ZN,NO,NO,,,Eldho (Kerala),"Scale Point, Room No: 8/76-5",Kalpatta,Kerala,India,628505,,Standard Template,Adjustment,"Scale Point, Room No: 8/76-5",Kalpatta,Kerala,India,628505,,3,,,,0.000,,,,0.00,0.000,,,,0.00,,,,,,,,Freight Charges,,996819,29.00,0.00,0.0,46.98,261.00,,FALSE,99381000000557009,Sales,COCS,,,,,kg,9.00,Taxable,99381000000006208,GST18,18.00,Tax Group,,,,9.00,9.00,0.00,0.00,23.49,23.49,0.00,0.00,23.49,23.49,0.00,0.00,,service,,,
2021-08-24,99381000003840232,EST350,draft,99381000003840201,Cochin,,,INR,1.00,entity_level,true,0.00,false,17500.00,20650.00,0.00,Looking forward for your business.,,Shanker Trading Corporation,9,09-Uttar Pradesh,business_gst,09CAFPS1177R2ZS,NO,NO,,,Athira(Outside Kerala),"Plot No.10
New Para Colony Para Road",Lucknow,Uttar Pradesh,India,226017,,Standard Template,Adjustment,"Plot No.10
New Para Colony Para Road",Lucknow,Uttar Pradesh,India,226017,,1,,,,0.000,,,,0.00,0.000,,,,0.00,,,,,,,,Price Computing scale,"Make: YESWEIGH  Model:YSP-30
Max:30kg  e:5g  Min:100g  Class:III",84231000,2.00,0.00,0.0,676.80,3760.00,,FALSE,99381000000016031,Sales,ATMPC,,,,,nos,1880.00,Taxable,99381000000006196,IGST18,18.00,ItemAmount,,,,0.00,0.00,18.00,0.00,0.00,0.00,676.80,0.00,0.00,0.00,676.80,0.00,,goods,,,
2021-08-24,99381000003840232,EST350,draft,99381000003840201,Cochin,,,INR,1.00,entity_level,true,0.00,false,17500.00,20650.00,0.00,Looking forward for your business.,,Shanker Trading Corporation,9,09-Uttar Pradesh,business_gst,09CAFPS1177R2ZS,NO,NO,,,Athira(Outside Kerala),"Plot No.10
New Para Colony Para Road",Lucknow,Uttar Pradesh,India,226017,,Standard Template,Adjustment,"Plot No.10
New Para Colony Para Road",Lucknow,Uttar Pradesh,India,226017,,1,,,,0.000,,,,0.00,0.000,,,,0.00,,,,,,,,ATM JUNIOR YS669,"Make : YESWEIGH Model : YSP-30
Max : 30kg e:5g Min:100g
Class : III",84231000,2.00,0.00,0.0,644.40,3580.00,,FALSE,99381000001247038,Sales,YS669,,,,,nos,1790.00,Taxable,99381000000006196,IGST18,18.00,ItemAmount,,,,0.00,0.00,18.00,0.00,0.00,0.00,644.40,0.00,0.00,0.00,644.40,0.00,,goods,,,
2021-08-24,99381000003840232,EST350,draft,99381000003840201,Cochin,,,INR,1.00,entity_level,true,0.00,false,17500.00,20650.00,0.00,Looking forward for your business.,,Shanker Trading Corporation,9,09-Uttar Pradesh,business_gst,09CAFPS1177R2ZS,NO,NO,,,Athira(Outside Kerala),"Plot No.10
New Para Colony Para Road",Lucknow,Uttar Pradesh,India,226017,,Standard Template,Adjustment,"Plot No.10
New Para Colony Para Road",Lucknow,Uttar Pradesh,India,226017,,1,,,,0.000,,,,0.00,0.000,,,,0.00,,,,,,,,PLATFORM SCALE,"Make: YESWEIGH  Model:YSP-50
Max:50kg  e:5g  Min:100g  Class:III",84231000,2.00,0.00,0.0,928.80,5160.00,,FALSE,99381000002790630,Sales,YS50GY,,,,,nos,2580.00,Taxable,99381000000006196,IGST18,18.00,ItemAmount,,,,0.00,0.00,18.00,0.00,0.00,0.00,928.80,0.00,0.00,0.00,928.80,0.00,,goods,,,
2021-08-24,99381000003840232,EST350,draft,99381000003840201,Cochin,,,INR,1.00,entity_level,true,0.00,false,17500.00,20650.00,0.00,Looking forward for your business.,,Shanker Trading Corporation,9,09-Uttar Pradesh,business_gst,09CAFPS1177R2ZS,NO,NO,,,Athira(Outside Kerala),"Plot No.10
New Para Colony Para Road",Lucknow,Uttar Pradesh,India,226017,,Standard Template,Adjustment,"Plot No.10
New Para Colony Para Road",Lucknow,Uttar Pradesh,India,226017,,1,,,,0.000,,,,0.00,0.000,,,,0.00,,,,,,,,Price Computing Scale-W,"Make: YESWEIGH Model: YSP-30
Max:30kg  e:5g  Min:100g  Class:III",84231000,2.00,0.00,0.0,900.00,5000.00,,FALSE,99381000000035371,Sales,ATMPCW,,,,,nos,2500.00,Taxable,99381000000006196,IGST18,18.00,ItemAmount,,,,0.00,0.00,18.00,0.00,0.00,0.00,900.00,0.00,0.00,0.00,900.00,0.00,,goods,,,
2021-08-24,99381000003840400,EST351,invoiced,99381000002672003,Cochin,,,INR,1.00,entity_level,true,0.00,false,243000.00,286740.00,0.00,Looking forward for your business.,,Diamond Weighing Systems Private Limited,36,36-Telangana,business_gst,36AAICD2482N1Z7,NO,NO,,,Athira(Outside Kerala),#15-2-399 to 403,Hyderabad,Telangana,India,500012,,Standard Template,Adjustment,#15-2-399 to 403,Hyderabad,Telangana,India,500012,,1,,,,0.000,,,,0.00,0.000,,,,0.00,,,,,,,,PLATFORM SCALE,"Make: YESWEIGH  Model:YSP-50
Max:50kg  e:5g  Min:100g  Class:III",84231000,100.00,0.00,0.0,43740.00,243000.00,,FALSE,99381000002790630,Sales,YS50GY,,,,,nos,2430.00,Taxable,99381000000006196,IGST18,18.00,ItemAmount,,,,0.00,0.00,18.00,0.00,0.00,0.00,43740.00,0.00,0.00,0.00,43740.00,0.00,,goods,,,
2021-08-26,99381000003858980,EST352,draft,99381000003858949,Cochin,,,INR,1.00,entity_level,true,0.00,false,10320.00,12178.00,0.00,Looking forward for your business.,,SRI RAM STORE,8,08-Rajasthan,business_gst,08AAIPT4807A1ZT,NO,NO,,,Biju B,SADAR BAZZAR,BIKANER DISTRICT,Rajasthan,India,334803,,Standard Template,Adjustment,SADAR BAZZAR,BIKANER DISTRICT,Rajasthan,India,334803,,1,,,,0.000,,,,0.00,0.000,,,,0.00,,,,,,,,PLATFORM SCALE,"Make: YESWEIGH  Model:YSP-50
Max:50kg  e:5g  Min:100g  Class:III",84231000,4.00,0.00,0.0,1857.60,10320.00,,FALSE,99381000002790630,Sales,YS50GY,,,,,nos,2580.00,Taxable,99381000000006196,IGST18,18.00,ItemAmount,,,,0.00,0.00,18.00,0.00,0.00,0.00,1857.60,0.00,0.00,0.00,1857.60,0.00,,goods,,,
2021-08-28,99381000003880911,EST353,accepted,99381000001443003,Cochin,,,INR,1.00,entity_level,true,0.00,false,30960.00,36533.00,0.00,Looking forward for your business.,,Yadadri Electronic Weighing Scales and Services,36,36-Telangana,business_gst,36ATZPL0745R1ZM,NO,NO,,,Athira(Outside Kerala),2-6-78/3 Market Road,Mahabubnagar(Urban),Telangana,India,509001,,Standard Template,Adjustment,2-6-78/3 Market Road,Mahabubnagar(Urban),Telangana,India,509001,,3,,,,0.000,,,,0.00,0.000,,,,0.00,,,,,,,,PLATFORM SCALE,"Make: YESWEIGH  Model:YSP-50
Max:50kg  e:5g  Min:100g  Class:III",84231000,12.00,0.00,0.0,5572.80,30960.00,,FALSE,99381000002790630,Sales,YS50GY,,,,,nos,2580.00,Taxable,99381000000006196,IGST18,18.00,ItemAmount,,,,0.00,0.00,18.00,0.00,0.00,0.00,5572.80,0.00,0.00,0.00,5572.80,0.00,,goods,,,
2021-08-30,99381000003884173,EST354,draft,99381000003588216,Cochin,,,INR,1.00,entity_level,true,0.00,false,4500.00,5310.00,0.00,Looking forward for your business.,,Simplisol Technologies Pvt. Ltd,30,30-Goa,business_gst,30AAZCS2041P1ZW,NO,NO,,,Athira(Outside Kerala),"H.N.226., Guddiwada",North Goa,Goa,India,403104,,Standard Template,Adjustment,SH6 Shree Plaza Building,Margao,Goa,India,403601,,1,,,,0.000,,,,0.00,0.000,,,,0.00,,,,,,,,CHICKEN SCALE 100 KG SS,"Make : YESWEIGH Model : YSC
Max : 100kg e:10g Min:200g
Class : III",84239010,2.00,0.00,0.0,810.00,4500.00,,FALSE,99381000001933001,Sales,CS300X300SS,,,,,nos,2250.00,Taxable,99381000000006196,IGST18,18.00,ItemAmount,,,,0.00,0.00,18.00,0.00,0.00,0.00,810.00,0.00,0.00,0.00,810.00,0.00,,goods,,,
2021-08-31,99381000003884314,EST355,draft,99381000001357007,Cochin,,,INR,1.00,entity_level,true,0.00,false,2146.00,2532.00,0.00,Looking forward for your business.,,Scale Point,32,32-Kerala,business_gst,32DSJPS7374R1ZN,NO,NO,,,Eldho (Kerala),"Scale Point, Room No: 8/76-5",Kalpatta,Kerala,India,628505,,Standard Template,Adjustment,"Scale Point, Room No: 8/76-5",Kalpatta,Kerala,India,628505,,3,,,,0.000,,,,0.00,0.000,,,,0.00,,,,,,,,ATM JUNIOR YS669,"Make : YESWEIGH Model : YSP-20
Max : 20kg e:2g Min:40g
Class : III",84231000,1.00,0.00,0.0,322.20,1790.00,,FALSE,99381000001247038,Sales,YS669,,,,,nos,1790.00,Taxable,99381000000006208,GST18,18.00,Tax Group,,,,9.00,9.00,0.00,0.00,161.10,161.10,0.00,0.00,161.10,161.10,0.00,0.00,,goods,,,
2021-08-31,99381000003884314,EST355,draft,99381000001357007,Cochin,,,INR,1.00,entity_level,true,0.00,false,2146.00,2532.00,0.00,Looking forward for your business.,,Scale Point,32,32-Kerala,business_gst,32DSJPS7374R1ZN,NO,NO,,,Eldho (Kerala),"Scale Point, Room No: 8/76-5",Kalpatta,Kerala,India,628505,,Standard Template,Adjustment,"Scale Point, Room No: 8/76-5",Kalpatta,Kerala,India,628505,,3,,,,0.000,,,,0.00,0.000,,,,0.00,,,,,,,,Government Stamping Fee / Expense for 20 KG,,998729,1.00,0.00,0.0,57.60,320.00,,FALSE,99381000000172016,Sales,SF20,,,,,nos,320.00,Taxable,99381000000006208,GST18,18.00,Tax Group,,,,9.00,9.00,0.00,0.00,28.80,28.80,0.00,0.00,28.80,28.80,0.00,0.00,,goods,,,
2021-08-31,99381000003884314,EST355,draft,99381000001357007,Cochin,,,INR,1.00,entity_level,true,0.00,false,2146.00,2532.00,0.00,Looking forward for your business.,,Scale Point,32,32-Kerala,business_gst,32DSJPS7374R1ZN,NO,NO,,,Eldho (Kerala),"Scale Point, Room No: 8/76-5",Kalpatta,Kerala,India,628505,,Standard Template,Adjustment,"Scale Point, Room No: 8/76-5",Kalpatta,Kerala,India,628505,,3,,,,0.000,,,,0.00,0.000,,,,0.00,,,,,,,,Freight Charges,,996819,4.00,0.00,0.0,6.48,36.00,,FALSE,99381000000557009,Sales,COCS,,,,,kg,9.00,Taxable,99381000000006208,GST18,18.00,Tax Group,,,,9.00,9.00,0.00,0.00,3.24,3.24,0.00,0.00,3.24,3.24,0.00,0.00,,service,,,
2021-08-31,99381000003884352,EST356,draft,99381000001969121,Cochin,,,INR,1.00,entity_level,true,0.00,false,3880.00,4578.00,0.00,Looking forward for your business.,,SCANGLE RETAIL PRIVATE LIMITED,32,32-Kerala,business_gst,32ABECS9205P1ZZ,NO,NO,,,Biju B,3F Asian Tower NH 47 Vytilla,Kochi,Kerala,India,682019,,Standard Template,Adjustment,3F Asian Tower NH 47 Vytilla,Kochi,Kerala,India,682019,,1,,,,0.000,,,,0.00,0.000,,,,0.00,,,,,,,,Government Stamping Fee /Expense for 50 kg,,998729,8.00,0.00,0.0,698.40,3880.00,,FALSE,99381000000186036,Sales,SF50,,,,,nos,485.00,Taxable,99381000000006208,GST18,18.00,Tax Group,,,,9.00,9.00,0.00,0.00,349.20,349.20,0.00,0.00,349.20,349.20,0.00,0.00,,goods,,,
2021-09-03,99381000003907001,EST357,draft,99381000000036003,Cochin,,,INR,1.00,entity_level,true,0.00,false,2980.00,3516.00,0.00,Looking forward for your business.,,Modern machines,32,32-Kerala,business_gst,32EMRPS6226K1ZF,NO,NO,,,Biju B,Pathirappally P.O.,Alappuzha,Kerala,India,688521,,Standard Template,Adjustment,Pathirappally P.O.,Alappuzha,Kerala,India,688521,,1,,,,0.000,,,,0.00,0.000,,,,0.00,,,,,,,,BARCODE SCANNER PT - 198,"1D Barcode scanner 
RS232 Serial Port ",84716050,1.00,0.00,0.0,315.00,1750.00,,FALSE,99381000000220093,Sales,PT198,,,,,nos,1750.00,Taxable,99381000000006208,GST18,18.00,Tax Group,,,,9.00,9.00,0.00,0.00,157.50,157.50,0.00,0.00,157.50,157.50,0.00,0.00,,goods,,,
2021-09-03,99381000003907001,EST357,draft,99381000000036003,Cochin,,,INR,1.00,entity_level,true,0.00,false,2980.00,3516.00,0.00,Looking forward for your business.,,Modern machines,32,32-Kerala,business_gst,32EMRPS6226K1ZF,NO,NO,,,Biju B,Pathirappally P.O.,Alappuzha,Kerala,India,688521,,Standard Template,Adjustment,Pathirappally P.O.,Alappuzha,Kerala,India,688521,,1,,,,0.000,,,,0.00,0.000,,,,0.00,,,,,,,,Loadcell 500 kg 25 x25- 40 mm 4 HOLE,,84239020,3.00,0.00,0.0,221.40,1230.00,,FALSE,99381000002001119,Sales,LC500,,,,,nos,410.00,Taxable,99381000000006208,GST18,18.00,Tax Group,,,,9.00,9.00,0.00,0.00,110.70,110.70,0.00,0.00,110.70,110.70,0.00,0.00,,goods,,,
2021-09-04,99381000003907179,EST358,draft,99381000000639001,Cochin,,,INR,1.00,entity_level,true,0.00,false,17306.00,20421.00,0.00,Looking forward for your business.,,BEE N BEE SCALES AND MACHINES,32,32-Kerala,business_gst,32AWUPB4907B1ZW,NO,NO,,,Biju B,"2nd floor, Darussalam complex",Kozhikode,Kerala,India,673004,,Standard Template,Adjustment,"2nd floor, Darussalam complex",Kozhikode,Kerala,India,673004,,1,,,,0.000,,,,0.00,0.000,,,,0.00,,,,,,,,ATM JUNIOR YS669,"Make : YESWEIGH Model : YSP-20
Max : 20kg e:2g Min:40g
Class : III",84231000,10.00,0.00,0.0,3060.00,17000.00,,FALSE,99381000001247038,Sales,YS669,,,,,nos,1700.00,Taxable,99381000000006208,GST18,18.00,Tax Group,,,,9.00,9.00,0.00,0.00,1530.00,1530.00,0.00,0.00,1530.00,1530.00,0.00,0.00,,goods,,,
2021-09-04,99381000003907179,EST358,draft,99381000000639001,Cochin,,,INR,1.00,entity_level,true,0.00,false,17306.00,20421.00,0.00,Looking forward for your business.,,BEE N BEE SCALES AND MACHINES,32,32-Kerala,business_gst,32AWUPB4907B1ZW,NO,NO,,,Biju B,"2nd floor, Darussalam complex",Kozhikode,Kerala,India,673004,,Standard Template,Adjustment,"2nd floor, Darussalam complex",Kozhikode,Kerala,India,673004,,1,,,,0.000,,,,0.00,0.000,,,,0.00,,,,,,,,Freight Charges,,996819,34.00,0.00,0.0,55.08,306.00,,FALSE,99381000000557009,Sales,COCS,,,,,kg,9.00,Taxable,99381000000006208,GST18,18.00,Tax Group,,,,9.00,9.00,0.00,0.00,27.54,27.54,0.00,0.00,27.54,27.54,0.00,0.00,,service,,,
2021-09-04,99381000003908747,EST359,invoiced,99381000003633059,Cochin,,,INR,1.00,entity_level,true,0.00,false,16200.00,19116.00,0.00,Looking forward for your business.,,M/S. GOUR CHANDRA MONDAL,19,19-West Bengal,business_gst,19AAHFG3122E1ZR,NO,NO,,,Athira(Outside Kerala),"82(13 A), D. H. Road",Kolkatta,West Bengal,India,700008,,Standard Template,Adjustment,"82(13 A), D. H. Road",Kolkatta,West Bengal,India,700008,,1,,,,0.000,,,,0.00,0.000,,,,0.00,,,,,,,,Price Computing Scale-W,"Make: YESWEIGH Model: YSP-20
Max:20kg  e:2g  Min:40g  Class:III",84231000,5.00,0.00,0.0,2250.00,12500.00,,FALSE,99381000000035371,Sales,ATMPCW,,,,,nos,2500.00,Taxable,99381000000006196,IGST18,18.00,ItemAmount,,,,0.00,0.00,18.00,0.00,0.00,0.00,2250.00,0.00,0.00,0.00,2250.00,0.00,,goods,,,
2021-09-04,99381000003908747,EST359,invoiced,99381000003633059,Cochin,,,INR,1.00,entity_level,true,0.00,false,16200.00,19116.00,0.00,Looking forward for your business.,,M/S. GOUR CHANDRA MONDAL,19,19-West Bengal,business_gst,19AAHFG3122E1ZR,NO,NO,,,Athira(Outside Kerala),"82(13 A), D. H. Road",Kolkatta,West Bengal,India,700008,,Standard Template,Adjustment,"82(13 A), D. H. Road",Kolkatta,West Bengal,India,700008,,1,,,,0.000,,,,0.00,0.000,,,,0.00,,,,,,,,Platform Weighing Scale 400x400 MS,"Make : YESWEIGH Model:YSP-100
Max:100 kg e: 10gm Min:200g Class III",84239020,1.00,0.00,0.0,666.00,3700.00,,FALSE,99381000001476013,Sales,PFPC400X400MS,,,,,nos,3700.00,Taxable,99381000000006196,IGST18,18.00,ItemAmount,,,,0.00,0.00,18.00,0.00,0.00,0.00,666.00,0.00,0.00,0.00,666.00,0.00,,goods,,,
2021-09-06,99381000003919301,EST360,invoiced,99381000000965086,Cochin,,,INR,1.00,entity_level,true,0.00,false,650.00,767.00,0.00,Looking forward for your business.,,ACCURATE DIGITAL SYSTEMS,29,29-Karnataka,business_gst,29DPBPS3112C1Z7,NO,NO,,,Biju B,"No. 1416, Opp. Brindhavan Hotel,
MVR Laout, 2nd Block HBR",Bangalore,Karnataka,India,560043,,Standard Template,Adjustment,"No. 1416, Opp. Brindhavan Hotel,
MVR Laout, 2nd Block HBR",Bangalore,Karnataka,India,560043,,1,,,,0.000,,,,0.00,0.000,,,,0.00,,,,,,,,ECS5W DUST COVER,,84239020,10.00,0.00,0.0,117.00,650.00,,FALSE,99381000001523155,Sales,ECS819,,,,,nos,65.00,Taxable,99381000000006196,IGST18,18.00,ItemAmount,,,,0.00,0.00,18.00,0.00,0.00,0.00,117.00,0.00,0.00,0.00,117.00,0.00,,goods,,,
2021-09-08,99381000003928054,EST361,draft,99381000003833110,Cochin,,,INR,1.00,entity_level,true,0.00,false,49625.00,58558.00,0.00,Looking forward for your business.,,ALIF,33,33-Tamil Nadu,business_gst,33BFRPK0596N1ZS,NO,NO,,,Athira(Outside Kerala),"No.679
7 Star Street",Tirupur,Tamil Nadu,India,641602,,Standard Template,Adjustment,"No.679
7 Star Street",Tirupur,Tamil Nadu,India,641602,,1,,,,0.000,,,,0.00,0.000,,,,0.00,,,,,,,,Price Computing Scale-W,"Make: YESWEIGH Model: YSP-20
Max:20kg  e:2g  Min:40g  Class:III",84231000,10.00,0.00,0.0,4590.00,25500.00,,FALSE,99381000000035371,Sales,ATMPCW,,,,,nos,2550.00,Taxable,99381000000006196,IGST18,18.00,ItemAmount,,,,0.00,0.00,18.00,0.00,0.00,0.00,4590.00,0.00,0.00,0.00,4590.00,0.00,,goods,,,
2021-09-08,99381000003928054,EST361,draft,99381000003833110,Cochin,,,INR,1.00,entity_level,true,0.00,false,49625.00,58558.00,0.00,Looking forward for your business.,,ALIF,33,33-Tamil Nadu,business_gst,33BFRPK0596N1ZS,NO,NO,,,Athira(Outside Kerala),"No.679
7 Star Street",Tirupur,Tamil Nadu,India,641602,,Standard Template,Adjustment,"No.679
7 Star Street",Tirupur,Tamil Nadu,India,641602,,1,,,,0.000,,,,0.00,0.000,,,,0.00,,,,,,,,Government Stamping Fee / Expense for 20 KG,,998729,10.00,0.00,0.0,576.00,3200.00,,FALSE,99381000000172016,Sales,SF20,,,,,nos,320.00,Taxable,99381000000006196,IGST18,18.00,ItemAmount,,,,0.00,0.00,18.00,0.00,0.00,0.00,576.00,0.00,0.00,0.00,576.00,0.00,,goods,,,
2021-09-08,99381000003928054,EST361,draft,99381000003833110,Cochin,,,INR,1.00,entity_level,true,0.00,false,49625.00,58558.00,0.00,Looking forward for your business.,,ALIF,33,33-Tamil Nadu,business_gst,33BFRPK0596N1ZS,NO,NO,,,Athira(Outside Kerala),"No.679
7 Star Street",Tirupur,Tamil Nadu,India,641602,,Standard Template,Adjustment,"No.679
7 Star Street",Tirupur,Tamil Nadu,India,641602,,1,,,,0.000,,,,0.00,0.000,,,,0.00,,,,,,,,Platform Weighing Scale 400x400 MS,"Make : YESWEIGH Model:YSP-100
Max:100 kg e: 10gm Min:200g Class III",84239020,5.00,0.00,0.0,3330.00,18500.00,,FALSE,99381000001476013,Sales,PFPC400X400MS,,,,,nos,3700.00,Taxable,99381000000006196,IGST18,18.00,ItemAmount,,,,0.00,0.00,18.00,0.00,0.00,0.00,3330.00,0.00,0.00,0.00,3330.00,0.00,,goods,,,
2021-09-08,99381000003928054,EST361,draft,99381000003833110,Cochin,,,INR,1.00,entity_level,true,0.00,false,49625.00,58558.00,0.00,Looking forward for your business.,,ALIF,33,33-Tamil Nadu,business_gst,33BFRPK0596N1ZS,NO,NO,,,Athira(Outside Kerala),"No.679
7 Star Street",Tirupur,Tamil Nadu,India,641602,,Standard Template,Adjustment,"No.679
7 Star Street",Tirupur,Tamil Nadu,India,641602,,1,,,,0.000,,,,0.00,0.000,,,,0.00,,,,,,,,Government Stamping Fee / Expense for 100Kg,,998729,5.00,0.00,0.0,436.50,2425.00,,FALSE,99381000000663063,Sales,SF100,,,,,nos,485.00,Taxable,99381000000006196,IGST18,18.00,ItemAmount,,,,0.00,0.00,18.00,0.00,0.00,0.00,436.50,0.00,0.00,0.00,436.50,0.00,,goods,,,
2021-09-08,99381000003929281,EST362,invoiced,99381000003928174,Cochin,,,INR,1.00,entity_level,true,0.00,false,11460.00,13523.00,0.00,Looking forward for your business.,,YP Enterprises ,22,22-Chhattisgarh,business_gst,22BNAPS8102B1ZM,NO,NO,,,Athira(Outside Kerala),"Shop no.23, Wholesale vegetable market",Jagdalpur,Chattisgarh ,India,494001,,Standard Template,Adjustment,"Shop no.23, Wholesale vegetable market",Jagdalpur,Chattisgarh ,India,494001,,3,,,,0.000,,,,0.00,0.000,,,,0.00,,,,,,,,Price Computing Scale-W,"Make: YESWEIGH Model: YSP-20
Max:20kg  e:2g  Min:40g  Class:III",84231000,3.00,0.00,0.0,1404.00,7800.00,,FALSE,99381000000035371,Sales,ATMPCW,,,,,nos,2600.00,Taxable,99381000000006196,IGST18,18.00,ItemAmount,,,,0.00,0.00,18.00,0.00,0.00,0.00,1404.00,0.00,0.00,0.00,1404.00,0.00,,goods,,,
2021-09-08,99381000003929281,EST362,invoiced,99381000003928174,Cochin,,,INR,1.00,entity_level,true,0.00,false,11460.00,13523.00,0.00,Looking forward for your business.,,YP Enterprises ,22,22-Chhattisgarh,business_gst,22BNAPS8102B1ZM,NO,NO,,,Athira(Outside Kerala),"Shop no.23, Wholesale vegetable market",Jagdalpur,Chattisgarh ,India,494001,,Standard Template,Adjustment,"Shop no.23, Wholesale vegetable market",Jagdalpur,Chattisgarh ,India,494001,,3,,,,0.000,,,,0.00,0.000,,,,0.00,,,,,,,,ATM JUNIOR YS669,"Make : YESWEIGH Model : YSP-20
Max : 20kg e:2g Min:40g
Class : III",84231000,2.00,0.00,0.0,658.80,3660.00,,FALSE,99381000001247038,Sales,YS669,,,,,nos,1830.00,Taxable,99381000000006196,IGST18,18.00,ItemAmount,,,,0.00,0.00,18.00,0.00,0.00,0.00,658.80,0.00,0.00,0.00,658.80,0.00,,goods,,,
2021-09-13,99381000003943522,EST363,invoiced,99381000001702591,Cochin,,,INR,1.00,entity_level,true,0.00,false,5199.00,6172.00,0.00,Looking forward for your business.,,BEETA SCALES,32,32-Kerala,business_gst,32BTLPM0140A1ZG,NO,NO,,,Eldho (Kerala),"Beeta scales,  V.M Building, Near K.S.E.B Office",Wayanad,Kerala,India,673591,,Standard Template,Adjustment,"Beeta scales,  V.M Building, Near K.S.E.B Office",Wayanad,Kerala,India,673591,,1,,,,0.000,,,,0.00,0.000,,,,0.00,,,,,,,,Platform Weighing Scale  400x500 SS,"Make:YESWEIGH Model : YSP-200
Max : 200kg e: 20g Min :400gm 
Class: III
",84231000,1.00,0.00,0.0,756.00,4200.00,,FALSE,99381000000326157,Sales,PFPC400X500SS,,,,,nos,4200.00,Taxable,99381000000006208,GST18,18.00,Tax Group,,,,9.00,9.00,0.00,0.00,378.00,378.00,0.00,0.00,378.00,378.00,0.00,0.00,,goods,,,
2021-09-13,99381000003943522,EST363,invoiced,99381000001702591,Cochin,,,INR,1.00,entity_level,true,0.00,false,5199.00,6172.00,0.00,Looking forward for your business.,,BEETA SCALES,32,32-Kerala,business_gst,32BTLPM0140A1ZG,NO,NO,,,Eldho (Kerala),"Beeta scales,  V.M Building, Near K.S.E.B Office",Wayanad,Kerala,India,673591,,Standard Template,Adjustment,"Beeta scales,  V.M Building, Near K.S.E.B Office",Wayanad,Kerala,India,673591,,1,,,,0.000,,,,0.00,0.000,,,,0.00,,,,,,,,Government Stamping Fee /Expense for 200Kg,,998729,1.00,0.00,0.0,87.30,485.00,,FALSE,99381000000548508,Sales,SF200,,,,,nos,485.00,Taxable,99381000000006208,GST18,18.00,Tax Group,,,,9.00,9.00,0.00,0.00,43.65,43.65,0.00,0.00,43.65,43.65,0.00,0.00,,goods,,,
2021-09-13,99381000003943522,EST363,invoiced,99381000001702591,Cochin,,,INR,1.00,entity_level,true,0.00,false,5199.00,6172.00,0.00,Looking forward for your business.,,BEETA SCALES,32,32-Kerala,business_gst,32BTLPM0140A1ZG,NO,NO,,,Eldho (Kerala),"Beeta scales,  V.M Building, Near K.S.E.B Office",Wayanad,Kerala,India,673591,,Standard Template,Adjustment,"Beeta scales,  V.M Building, Near K.S.E.B Office",Wayanad,Kerala,India,673591,,1,,,,0.000,,,,0.00,0.000,,,,0.00,,,,,,,,Freight Charges,,996819,16.00,0.00,0.0,25.92,144.00,,FALSE,99381000000557009,Sales,COCS,,,,,kg,9.00,Taxable,99381000000006208,GST18,18.00,Tax Group,,,,9.00,9.00,0.00,0.00,12.96,12.96,0.00,0.00,12.96,12.96,0.00,0.00,,service,,,
2021-09-13,99381000003943522,EST363,invoiced,99381000001702591,Cochin,,,INR,1.00,entity_level,true,0.00,false,5199.00,6172.00,0.00,Looking forward for your business.,,BEETA SCALES,32,32-Kerala,business_gst,32BTLPM0140A1ZG,NO,NO,,,Eldho (Kerala),"Beeta scales,  V.M Building, Near K.S.E.B Office",Wayanad,Kerala,India,673591,,Standard Template,Adjustment,"Beeta scales,  V.M Building, Near K.S.E.B Office",Wayanad,Kerala,India,673591,,1,,,,0.000,,,,0.00,0.000,,,,0.00,,,,,,,,ATM PC / BENCH PC BATTERY 4V  4.5AH,,85068090,2.00,0.00,0.0,103.60,370.00,,FALSE,99381000000691252,Sales,APC209,,,,,nos,185.00,Taxable,99381000000006224,GST28,28.00,Tax Group,,,,14.00,14.00,0.00,0.00,51.80,51.80,0.00,0.00,51.80,51.80,0.00,0.00,,goods,,,
2021-09-13,99381000003943550,EST364,draft,99381000001357007,Cochin,,,INR,1.00,entity_level,true,0.00,false,2843.00,3355.00,0.00,Looking forward for your business.,,Scale Point,32,32-Kerala,business_gst,32DSJPS7374R1ZN,NO,NO,,,Eldho (Kerala),"Scale Point, Room No: 8/76-5",Kalpatta,Kerala,India,628505,,Standard Template,Adjustment,"Scale Point, Room No: 8/76-5",Kalpatta,Kerala,India,628505,,1,,,,0.000,,,,0.00,0.000,,,,0.00,,,,,,,,CHICKEN SCALE 100 KG SS,"Make : YESWEIGH Model : YSC
Max : 100kg e:10g Min:200g
Class : III",84239010,1.00,0.00,0.0,405.00,2250.00,,FALSE,99381000001933001,Sales,CS300X300SS,,,,,nos,2250.00,Taxable,99381000000006208,GST18,18.00,Tax Group,,,,9.00,9.00,0.00,0.00,202.50,202.50,0.00,0.00,202.50,202.50,0.00,0.00,,goods,,,
2021-09-13,99381000003943550,EST364,draft,99381000001357007,Cochin,,,INR,1.00,entity_level,true,0.00,false,2843.00,3355.00,0.00,Looking forward for your business.,,Scale Point,32,32-Kerala,business_gst,32DSJPS7374R1ZN,NO,NO,,,Eldho (Kerala),"Scale Point, Room No: 8/76-5",Kalpatta,Kerala,India,628505,,Standard Template,Adjustment,"Scale Point, Room No: 8/76-5",Kalpatta,Kerala,India,628505,,1,,,,0.000,,,,0.00,0.000,,,,0.00,,,,,,,,Government Stamping Fee / Expense for 100Kg,,998729,1.00,0.00,0.0,87.30,485.00,,FALSE,99381000000663063,Sales,SF100,,,,,nos,485.00,Taxable,99381000000006208,GST18,18.00,Tax Group,,,,9.00,9.00,0.00,0.00,43.65,43.65,0.00,0.00,43.65,43.65,0.00,0.00,,goods,,,
2021-09-13,99381000003943550,EST364,draft,99381000001357007,Cochin,,,INR,1.00,entity_level,true,0.00,false,2843.00,3355.00,0.00,Looking forward for your business.,,Scale Point,32,32-Kerala,business_gst,32DSJPS7374R1ZN,NO,NO,,,Eldho (Kerala),"Scale Point, Room No: 8/76-5",Kalpatta,Kerala,India,628505,,Standard Template,Adjustment,"Scale Point, Room No: 8/76-5",Kalpatta,Kerala,India,628505,,1,,,,0.000,,,,0.00,0.000,,,,0.00,,,,,,,,Freight Charges,,996819,12.00,0.00,0.0,19.44,108.00,,FALSE,99381000000557009,Sales,COCS,,,,,kg,9.00,Taxable,99381000000006208,GST18,18.00,Tax Group,,,,9.00,9.00,0.00,0.00,9.72,9.72,0.00,0.00,9.72,9.72,0.00,0.00,,service,,,
2021-09-15,99381000003949672,EST365,draft,99381000000832003,Cochin,,,INR,1.00,entity_level,true,0.00,false,5400.00,6372.00,0.00,Looking forward for your business.,,MANUKRISHNA SCALE AGENCY,33,33-Tamil Nadu,business_gst,33AFFPR2059J1ZC,NO,NO,,,Biju B,"St. Xavier's Church Junction,Kottar",Nagercoil,Tamil Nadu,India,629002,,Standard Template,Adjustment,ACCURATE TRADE LINKS,Trivandrum,Kerala,India,695001 ,,1,,,,0.000,,,,0.00,0.000,,,,0.00,,,,,,,,MECHANICAL KITCHEN SCALE,Capacity : 5kg,84238190,12.00,0.00,0.0,972.00,5400.00,,FALSE,99381000003586668,Sales,MK2003,,,,,nos,450.00,Taxable,99381000000006196,IGST18,18.00,ItemAmount,,,,0.00,0.00,18.00,0.00,0.00,0.00,972.00,0.00,0.00,0.00,972.00,0.00,,goods,,,
2021-09-20,99381000003971205,EST366,invoiced,99381000003971174,Cochin,,,INR,1.00,entity_level,true,0.00,false,135000.00,159300.00,0.00,Looking forward for your business.,,GUJARAT SCALES,29,29-Karnataka,business_gst,29AYGPC8322F1ZJ,NO,NO,,,Biju B,"Shop no.1,ward no.2",Hubli,Karnataka,India,580020,,Standard Template,Adjustment,"Shop no.1,ward no.2",Hubli,Karnataka,India,580020,,1,,,,0.000,,,,0.00,0.000,,,,0.00,,,,,,,,ATM JUNIOR YS669,"Make : YESWEIGH Model : YSP-20
Max : 20kg e:2g Min:40g
Class : III",84231000,100.00,0.00,0.0,24300.00,135000.00,,FALSE,99381000001247038,Sales,YS669,,,,,nos,1350.00,Taxable,99381000000006196,IGST18,18.00,ItemAmount,,,,0.00,0.00,18.00,0.00,0.00,0.00,24300.00,0.00,0.00,0.00,24300.00,0.00,,goods,,,
2021-09-20,99381000003974001,EST367,invoiced,99381000003808146,Cochin,,,INR,1.00,entity_level,true,0.00,false,15985.00,18862.00,0.00,Looking forward for your business.,,MM SCALES,32,32-Kerala,business_none,,NO,NO,,,Eldho (Kerala),"9/353 AROOR PANCHAYATH
VETTUKADAVU ROAD
CHANDIROOR
CHETHALA",,Kerala,India,,,Standard Template,Adjustment,"9/353 AROOR PANCHAYATH
VETTUKADAVU ROAD
CHANDIROOR
CHETHALA",,Kerala,India,,,1,,,,0.000,,,,0.00,0.000,,,,0.00,,,,,,,,Bill Printing scale Q8POS,Make:YESWEIGH  Model:YS-30   Max:30kg  e:5g  Min:100g  Class:III,84231000,1.00,0.00,0.0,2790.00,15500.00,,FALSE,99381000000011617,Sales,ECS5W,,,,,nos,15500.00,Taxable,99381000000006208,GST18,18.00,Tax Group,,,,9.00,9.00,0.00,0.00,1395.00,1395.00,0.00,0.00,1395.00,1395.00,0.00,0.00,,goods,,,
2021-09-20,99381000003974001,EST367,invoiced,99381000003808146,Cochin,,,INR,1.00,entity_level,true,0.00,false,15985.00,18862.00,0.00,Looking forward for your business.,,MM SCALES,32,32-Kerala,business_none,,NO,NO,,,Eldho (Kerala),"9/353 AROOR PANCHAYATH
VETTUKADAVU ROAD
CHANDIROOR
CHETHALA",,Kerala,India,,,Standard Template,Adjustment,"9/353 AROOR PANCHAYATH
VETTUKADAVU ROAD
CHANDIROOR
CHETHALA",,Kerala,India,,,1,,,,0.000,,,,0.00,0.000,,,,0.00,,,,,,,,Government Stamping Fee /Expense for 30 kg,,998729,1.00,0.00,0.0,87.30,485.00,,FALSE,99381000000186027,Sales,SF30,,,,,nos,485.00,Taxable,99381000000006208,GST18,18.00,Tax Group,,,,9.00,9.00,0.00,0.00,43.65,43.65,0.00,0.00,43.65,43.65,0.00,0.00,,goods,,,
2021-09-21,99381000003977030,EST368,invoiced,99381000003971999,Cochin,,,INR,1.00,entity_level,true,0.00,false,47590.00,56156.00,0.00,Looking forward for your business.,,SN Engineering Services,27,27-Maharashtra,business_gst,27ACDFS1530Q1ZT,NO,NO,,,Athira(Outside Kerala),"Shop No.3
Mahavir Kutir",Navi Mumbai,Maharashtra,India,400706,,Standard Template,Adjustment,"Shop No 6, 
Badrikedar Building 
Vidhyasagar CHS LTD",Navi Mumbai,Maharashtra,India,400706,,1,,,,500.000,,,,0.00,0.000,,,,0.00,,,,,,,,Bill Printing scale Q8POS,Make:YESWEIGH  Model:YS-30   Max:30kg  e:5g  Min:100g  Class:III,84231000,1.00,0.00,0.0,2850.06,15833.65,,FALSE,99381000000011617,Sales,ECS5W,,,,,nos,16000.00,Taxable,99381000000006196,IGST18,18.00,ItemAmount,,,,0.00,0.00,18.00,0.00,0.00,0.00,2850.06,0.00,0.00,0.00,2850.06,0.00,,goods,,,
2021-09-21,99381000003977030,EST368,invoiced,99381000003971999,Cochin,,,INR,1.00,entity_level,true,0.00,false,47590.00,56156.00,0.00,Looking forward for your business.,,SN Engineering Services,27,27-Maharashtra,business_gst,27ACDFS1530Q1ZT,NO,NO,,,Athira(Outside Kerala),"Shop No.3
Mahavir Kutir",Navi Mumbai,Maharashtra,India,400706,,Standard Template,Adjustment,"Shop No 6, 
Badrikedar Building 
Vidhyasagar CHS LTD",Navi Mumbai,Maharashtra,India,400706,,1,,,,500.000,,,,0.00,0.000,,,,0.00,,,,,,,,Label Printing Scale Q9LBL,Make:YESWEIGH  Model:YS-30   Max:30kg  e:5g  Min:100g  Class:III,84231000,1.00,0.00,0.0,3117.25,17318.05,,FALSE,99381000002536240,Sales,Q9LBL,,,,,nos,17500.00,Taxable,99381000000006196,IGST18,18.00,ItemAmount,,,,0.00,0.00,18.00,0.00,0.00,0.00,3117.25,0.00,0.00,0.00,3117.25,0.00,,goods,,,
2021-09-21,99381000003977030,EST368,invoiced,99381000003971999,Cochin,,,INR,1.00,entity_level,true,0.00,false,47590.00,56156.00,0.00,Looking forward for your business.,,SN Engineering Services,27,27-Maharashtra,business_gst,27ACDFS1530Q1ZT,NO,NO,,,Athira(Outside Kerala),"Shop No.3
Mahavir Kutir",Navi Mumbai,Maharashtra,India,400706,,Standard Template,Adjustment,"Shop No 6, 
Badrikedar Building 
Vidhyasagar CHS LTD",Navi Mumbai,Maharashtra,India,400706,,1,,,,500.000,,,,0.00,0.000,,,,0.00,,,,,,,,Government Stamping Fee /Expense for 30 kg,,998729,2.00,0.00,0.0,172.78,959.91,,FALSE,99381000000186027,Sales,SF30,,,,,nos,485.00,Taxable,99381000000006196,IGST18,18.00,ItemAmount,,,,0.00,0.00,18.00,0.00,0.00,0.00,172.78,0.00,0.00,0.00,172.78,0.00,,goods,,,
2021-09-21,99381000003977030,EST368,invoiced,99381000003971999,Cochin,,,INR,1.00,entity_level,true,0.00,false,47590.00,56156.00,0.00,Looking forward for your business.,,SN Engineering Services,27,27-Maharashtra,business_gst,27ACDFS1530Q1ZT,NO,NO,,,Athira(Outside Kerala),"Shop No.3
Mahavir Kutir",Navi Mumbai,Maharashtra,India,400706,,Standard Template,Adjustment,"Shop No 6, 
Badrikedar Building 
Vidhyasagar CHS LTD",Navi Mumbai,Maharashtra,India,400706,,1,,,,500.000,,,,0.00,0.000,,,,0.00,,,,,,,,Price Computing Scale-W,"Make: YESWEIGH Model: YSP-20
Max:20kg  e:2g  Min:40g  Class:III",84231000,2.00,0.00,0.0,979.71,5442.82,,FALSE,99381000000035371,Sales,ATMPCW,,,,,nos,2750.00,Taxable,99381000000006196,IGST18,18.00,ItemAmount,,,,0.00,0.00,18.00,0.00,0.00,0.00,979.71,0.00,0.00,0.00,979.71,0.00,,goods,,,
2021-09-21,99381000003977030,EST368,invoiced,99381000003971999,Cochin,,,INR,1.00,entity_level,true,0.00,false,47590.00,56156.00,0.00,Looking forward for your business.,,SN Engineering Services,27,27-Maharashtra,business_gst,27ACDFS1530Q1ZT,NO,NO,,,Athira(Outside Kerala),"Shop No.3
Mahavir Kutir",Navi Mumbai,Maharashtra,India,400706,,Standard Template,Adjustment,"Shop No 6, 
Badrikedar Building 
Vidhyasagar CHS LTD",Navi Mumbai,Maharashtra,India,400706,,1,,,,500.000,,,,0.00,0.000,,,,0.00,,,,,,,,Table Top Scale  220x170 ABS 6 Volt,"Model : YST-20
Max : 20kg e:2gm Min: 40g Class III",84231000,2.00,0.00,0.0,463.13,2572.97,,FALSE,99381000000562040,Sales,TTABS6V,,,,,nos,1300.00,Taxable,99381000000006196,IGST18,18.00,ItemAmount,,,,0.00,0.00,18.00,0.00,0.00,0.00,463.13,0.00,0.00,0.00,463.13,0.00,,goods,,,
2021-09-21,99381000003977030,EST368,invoiced,99381000003971999,Cochin,,,INR,1.00,entity_level,true,0.00,false,47590.00,56156.00,0.00,Looking forward for your business.,,SN Engineering Services,27,27-Maharashtra,business_gst,27ACDFS1530Q1ZT,NO,NO,,,Athira(Outside Kerala),"Shop No.3
Mahavir Kutir",Navi Mumbai,Maharashtra,India,400706,,Standard Template,Adjustment,"Shop No 6, 
Badrikedar Building 
Vidhyasagar CHS LTD",Navi Mumbai,Maharashtra,India,400706,,1,,,,500.000,,,,0.00,0.000,,,,0.00,,,,,,,,TABLE TOP ABS (VIBRANT),Max : 20Kg e:2gm Min: 40g Class III,84231000,2.00,0.00,0.0,641.26,3562.57,,FALSE,99381000001171138,Sales,VIBRANT300X240ABS,,,,,pcs,1800.00,Taxable,99381000000006196,IGST18,18.00,ItemAmount,,,,0.00,0.00,18.00,0.00,0.00,0.00,641.26,0.00,0.00,0.00,641.26,0.00,,goods,,,
2021-09-21,99381000003977030,EST368,invoiced,99381000003971999,Cochin,,,INR,1.00,entity_level,true,0.00,false,47590.00,56156.00,0.00,Looking forward for your business.,,SN Engineering Services,27,27-Maharashtra,business_gst,27ACDFS1530Q1ZT,NO,NO,,,Athira(Outside Kerala),"Shop No.3
Mahavir Kutir",Navi Mumbai,Maharashtra,India,400706,,Standard Template,Adjustment,"Shop No 6, 
Badrikedar Building 
Vidhyasagar CHS LTD",Navi Mumbai,Maharashtra,India,400706,,1,,,,500.000,,,,0.00,0.000,,,,0.00,,,,,,,,Government Stamping Fee / Expense for 20 KG,,998729,6.00,0.00,0.0,342.01,1900.03,,FALSE,99381000000172016,Sales,SF20,,,,,nos,320.00,Taxable,99381000000006196,IGST18,18.00,ItemAmount,,,,0.00,0.00,18.00,0.00,0.00,0.00,342.01,0.00,0.00,0.00,342.01,0.00,,goods,,,
2021-09-22,99381000003979042,EST369,invoiced,99381000003979011,Cochin,,,INR,1.00,entity_level,true,0.00,false,42180.00,49772.00,0.00,Looking forward for your business.,,CHITTILAPPALLY AGENCIES,32,32-Kerala,business_gst,32BFGPK9662A1ZN,NO,NO,,,Biju B,"43/2614 L3,CHITTILAPPILLY",ERNAKULAM NORTH,Kerala,India,682018,,Standard Template,Adjustment,"43/2614 L3,CHITTILAPPILLY",ERNAKULAM NORTH,Kerala,India,682018,,1,,,,0.000,,,,0.00,0.000,,,,0.00,,,,,,,,CCM  - Value Counting Machine,,84729090,6.00,0.00,0.0,7560.00,42000.00,,FALSE,99381000000302452,Sales,AL66,,,,,nos,7000.00,Taxable,99381000000006208,GST18,18.00,Tax Group,,,,9.00,9.00,0.00,0.00,3780.00,3780.00,0.00,0.00,3780.00,3780.00,0.00,0.00,,goods,,,
2021-09-22,99381000003979042,EST369,invoiced,99381000003979011,Cochin,,,INR,1.00,entity_level,true,0.00,false,42180.00,49772.00,0.00,Looking forward for your business.,,CHITTILAPPALLY AGENCIES,32,32-Kerala,business_gst,32BFGPK9662A1ZN,NO,NO,,,Biju B,"43/2614 L3,CHITTILAPPILLY",ERNAKULAM NORTH,Kerala,India,682018,,Standard Template,Adjustment,"43/2614 L3,CHITTILAPPILLY",ERNAKULAM NORTH,Kerala,India,682018,,1,,,,0.000,,,,0.00,0.000,,,,0.00,,,,,,,,Freight Charges,,996819,20.00,0.00,0.0,32.40,180.00,,FALSE,99381000000557009,Sales,COCS,,,,,kg,9.00,Taxable,99381000000006208,GST18,18.00,Tax Group,,,,9.00,9.00,0.00,0.00,16.20,16.20,0.00,0.00,16.20,16.20,0.00,0.00,,service,,,
2021-09-22,99381000003979092,EST370,invoiced,99381000003422043,Cochin,,,INR,1.00,entity_level,true,0.00,false,8950.00,10561.00,0.00,Looking forward for your business.,,JOINTLINE ELECTRONICS,29,29-Karnataka,business_gst,29ALFPM3627H1ZY,NO,NO,,,Biju B,"1st Floor,Regal Plaza,Mission Street",MANGALURU,Karnataka,India,575001,,Standard Template,Adjustment,"1st Floor,Regal Plaza,Mission Street",MANGALURU,Karnataka,India,575001,,1,,,,0.000,,,,0.00,0.000,,,,0.00,,,,,,,,ATM JUNIOR YS669,"Make : YESWEIGH Model : YSP-20
Max : 20kg e:2g Min:40g
Class : III",84231000,5.00,0.00,0.0,1611.00,8950.00,,FALSE,99381000001247038,Sales,YS669,,,,,nos,1790.00,Taxable,99381000000006196,IGST18,18.00,ItemAmount,,,,0.00,0.00,18.00,0.00,0.00,0.00,1611.00,0.00,0.00,0.00,1611.00,0.00,,goods,,,
2021-09-27,99381000003992625,EST371,invoiced,99381000003996525,Cochin,,,INR,1.00,entity_level,true,0.00,false,2250.00,2655.00,0.00,Looking forward for your business.,,JAI SABAREESH  ELECTRONICS,33,33-Tamil Nadu,business_gst,33AALFJ5943N1ZU,NO,NO,,,Biju B,492 Rangal gowder street,Coimbatore,Tamilnadu,India,641001,,Standard Template,Adjustment,492 Rangal gowder street,Coimbatore,Tamilnadu,India,641001,,3,,,,0.000,,,,0.00,0.000,,,,0.00,,,,,,,,MECHANICAL KITCHEN SCALE,Capacity : 5kg,84238190,5.00,0.00,0.0,405.00,2250.00,,FALSE,99381000003586668,Sales,MK2003,,,,,nos,450.00,Taxable,99381000000006196,IGST18,18.00,ItemAmount,,,,0.00,0.00,18.00,0.00,0.00,0.00,405.00,0.00,0.00,0.00,405.00,0.00,,goods,,,
2021-09-28,99381000003996762,EST372,invoiced,99381000002854009,Cochin,,,INR,1.00,entity_level,true,0.00,false,3700.00,4366.00,0.00,Looking forward for your business.,,HAMDHA SCALES,32,32-Kerala,business_gst,32ANEPH3773N1ZT,NO,NO,,,Eldho (Kerala),"ROOM NO10/641B FIRST FLOOR
THANANGATTIL BUILDING
PUKKATTUPADY EDATHALA ALUVA",ERNAKULAM,Kerala,India,,,Standard Template,Adjustment,"ROOM NO10/641B FIRST FLOOR
THANANGATTIL BUILDING
PUKKATTUPADY EDATHALA ALUVA",ERNAKULAM,Kerala,India,,,1,,,,0.000,,,,0.00,0.000,,,,0.00,,,,,,,,Platform Weighing Scale 400x400 MS,"Make : YESWEIGH Model:YSP-100
Max:100 kg e: 10gm Min:200g Class III",84239020,1.00,0.00,0.0,666.00,3700.00,,FALSE,99381000001476013,Sales,PFPC400X400MS,,,,,nos,3700.00,Taxable,99381000000006208,GST18,18.00,Tax Group,,,,9.00,9.00,0.00,0.00,333.00,333.00,0.00,0.00,333.00,333.00,0.00,0.00,,goods,,,
2021-09-29,99381000004000399,EST373,invoiced,99381000002549012,Cochin,,,INR,1.00,entity_level,true,0.00,false,8586.00,10131.00,0.00,Looking forward for your business.,,ROYAL SCALES,32,32-Kerala,business_gst,32AKPPJ6985N1ZA,NO,NO,,,Eldho (Kerala),"PMC.19/2207,
Ground Floor, Dhanalakshmi Complex,",Kannur,Kerala,India,670307,,Standard Template,Adjustment,"PMC.19/2207,
Ground Floor, Dhanalakshmi Complex,",Kannur,Kerala,India,670307,,3,,,,0.000,,,,0.00,0.000,,,,0.00,,,,,,,,Platform Weighing Scale 400x400 MS,"Make : YESWEIGH Model:YSP-100
Max:100 kg e: 10gm Min:200g Class III",84239020,2.00,0.00,0.0,1332.00,7400.00,,FALSE,99381000001476013,Sales,PFPC400X400MS,,,,,nos,3700.00,Taxable,99381000000006208,GST18,18.00,Tax Group,,,,9.00,9.00,0.00,0.00,666.00,666.00,0.00,0.00,666.00,666.00,0.00,0.00,,goods,,,
2021-09-29,99381000004000399,EST373,invoiced,99381000002549012,Cochin,,,INR,1.00,entity_level,true,0.00,false,8586.00,10131.00,0.00,Looking forward for your business.,,ROYAL SCALES,32,32-Kerala,business_gst,32AKPPJ6985N1ZA,NO,NO,,,Eldho (Kerala),"PMC.19/2207,
Ground Floor, Dhanalakshmi Complex,",Kannur,Kerala,India,670307,,Standard Template,Adjustment,"PMC.19/2207,
Ground Floor, Dhanalakshmi Complex,",Kannur,Kerala,India,670307,,3,,,,0.000,,,,0.00,0.000,,,,0.00,,,,,,,,Government Stamping Fee / Expense for 100Kg,,998729,2.00,0.00,0.0,174.60,970.00,,FALSE,99381000000663063,Sales,SF100,,,,,nos,485.00,Taxable,99381000000006208,GST18,18.00,Tax Group,,,,9.00,9.00,0.00,0.00,87.30,87.30,0.00,0.00,87.30,87.30,0.00,0.00,,goods,,,
2021-09-29,99381000004000399,EST373,invoiced,99381000002549012,Cochin,,,INR,1.00,entity_level,true,0.00,false,8586.00,10131.00,0.00,Looking forward for your business.,,ROYAL SCALES,32,32-Kerala,business_gst,32AKPPJ6985N1ZA,NO,NO,,,Eldho (Kerala),"PMC.19/2207,
Ground Floor, Dhanalakshmi Complex,",Kannur,Kerala,India,670307,,Standard Template,Adjustment,"PMC.19/2207,
Ground Floor, Dhanalakshmi Complex,",Kannur,Kerala,India,670307,,3,,,,0.000,,,,0.00,0.000,,,,0.00,,,,,,,,Freight Charges,,996819,24.00,0.00,0.0,38.88,216.00,,FALSE,99381000000557009,Sales,COCS,,,,,kg,9.00,Taxable,99381000000006208,GST18,18.00,Tax Group,,,,9.00,9.00,0.00,0.00,19.44,19.44,0.00,0.00,19.44,19.44,0.00,0.00,,service,,,
2021-09-29,99381000004001053,EST374,sent,99381000002549012,Cochin,,,INR,1.00,entity_level,true,0.00,false,2339.00,2760.00,0.00,Looking forward for your business.,,ROYAL SCALES,32,32-Kerala,business_gst,32AKPPJ6985N1ZA,NO,NO,,,Eldho (Kerala),"PMC.19/2207,
Ground Floor, Dhanalakshmi Complex,",Kannur,Kerala,India,670307,,Standard Template,Adjustment,"PMC.19/2207,
Ground Floor, Dhanalakshmi Complex,",Kannur,Kerala,India,670307,,3,,,,0.000,,,,0.00,0.000,,,,0.00,,,,,,,,TABLE TOP ABS (VIBRANT),Max : 30Kg e:5gm Min: 100g Class III,84231000,1.00,0.00,0.0,324.00,1800.00,,FALSE,99381000001171138,Sales,VIBRANT300X240ABS,,,,,pcs,1800.00,Taxable,99381000000006208,GST18,18.00,Tax Group,,,,9.00,9.00,0.00,0.00,162.00,162.00,0.00,0.00,162.00,162.00,0.00,0.00,,goods,,,
2021-09-29,99381000004001053,EST374,sent,99381000002549012,Cochin,,,INR,1.00,entity_level,true,0.00,false,2339.00,2760.00,0.00,Looking forward for your business.,,ROYAL SCALES,32,32-Kerala,business_gst,32AKPPJ6985N1ZA,NO,NO,,,Eldho (Kerala),"PMC.19/2207,
Ground Floor, Dhanalakshmi Complex,",Kannur,Kerala,India,670307,,Standard Template,Adjustment,"PMC.19/2207,
Ground Floor, Dhanalakshmi Complex,",Kannur,Kerala,India,670307,,3,,,,0.000,,,,0.00,0.000,,,,0.00,,,,,,,,Government Stamping Fee /Expense for 30 kg,,998729,1.00,0.00,0.0,87.30,485.00,,FALSE,99381000000186027,Sales,SF30,,,,,nos,485.00,Taxable,99381000000006208,GST18,18.00,Tax Group,,,,9.00,9.00,0.00,0.00,43.65,43.65,0.00,0.00,43.65,43.65,0.00,0.00,,goods,,,
2021-09-29,99381000004001053,EST374,sent,99381000002549012,Cochin,,,INR,1.00,entity_level,true,0.00,false,2339.00,2760.00,0.00,Looking forward for your business.,,ROYAL SCALES,32,32-Kerala,business_gst,32AKPPJ6985N1ZA,NO,NO,,,Eldho (Kerala),"PMC.19/2207,
Ground Floor, Dhanalakshmi Complex,",Kannur,Kerala,India,670307,,Standard Template,Adjustment,"PMC.19/2207,
Ground Floor, Dhanalakshmi Complex,",Kannur,Kerala,India,670307,,3,,,,0.000,,,,0.00,0.000,,,,0.00,,,,,,,,Freight Charges,,996819,6.00,0.00,0.0,9.72,54.00,,FALSE,99381000000557009,Sales,COCS,,,,,kg,9.00,Taxable,99381000000006208,GST18,18.00,Tax Group,,,,9.00,9.00,0.00,0.00,4.86,4.86,0.00,0.00,4.86,4.86,0.00,0.00,,service,,,
2021-09-29,99381000004001120,EST375,invoiced,99381000004001089,Cochin,,,INR,1.00,entity_level,true,0.00,false,7472.00,8817.00,0.00,Looking forward for your business.,,UNIVERSAL TECHNOLOGIES,32,32-Kerala,business_gst,32ENZPR6611E1ZM,NO,NO,,,Biju B,"15/93,Manthanam junction",Pathanamthitta,Kerala,India,689581,,Standard Template,Adjustment,,Changanassery,Kerala,India,,,3,,,,0.000,,,,0.00,0.000,,,,0.00,,,,,,,,CCM  - Value Counting Machine,,84729090,1.00,0.00,0.0,1332.00,7400.00,,FALSE,99381000000302452,Sales,AL66,,,,,nos,7400.00,Taxable,99381000000006208,GST18,18.00,Tax Group,,,,9.00,9.00,0.00,0.00,666.00,666.00,0.00,0.00,666.00,666.00,0.00,0.00,,goods,,,
2021-09-29,99381000004001120,EST375,invoiced,99381000004001089,Cochin,,,INR,1.00,entity_level,true,0.00,false,7472.00,8817.00,0.00,Looking forward for your business.,,UNIVERSAL TECHNOLOGIES,32,32-Kerala,business_gst,32ENZPR6611E1ZM,NO,NO,,,Biju B,"15/93,Manthanam junction",Pathanamthitta,Kerala,India,689581,,Standard Template,Adjustment,,Changanassery,Kerala,India,,,3,,,,0.000,,,,0.00,0.000,,,,0.00,,,,,,,,Freight Charges,,996819,8.00,0.00,0.0,12.96,72.00,,FALSE,99381000000557009,Sales,COCS,,,,,kg,9.00,Taxable,99381000000006208,GST18,18.00,Tax Group,,,,9.00,9.00,0.00,0.00,6.48,6.48,0.00,0.00,6.48,6.48,0.00,0.00,,service,,,
2021-09-30,99381000004005031,EST376,draft,99381000001357572,Cochin,,,INR,1.00,entity_level,true,0.00,false,6400.00,7552.00,0.00,Looking forward for your business.,,City Technologies,32,32-Kerala,business_gst,32BJOPV6603G1Z0,NO,NO,,,Biju B,"City Technologies, Near Manu Hospital",Malappuram,Kerala,India,676123,,Standard Template,Adjustment,"City Technologies, Near Manu Hospital",Malappuram,Kerala,India,676123,,1,,,,0.000,,,,0.00,0.000,,,,0.00,,,,,,,,Government Stamping Fee / Expense for 20 KG,,998729,20.00,0.00,0.0,1152.00,6400.00,,FALSE,99381000000172016,Sales,SF20,,,,,nos,320.00,Taxable,99381000000006208,GST18,18.00,Tax Group,,,,9.00,9.00,0.00,0.00,576.00,576.00,0.00,0.00,576.00,576.00,0.00,0.00,,goods,,,
2021-10-01,99381000004013025,EST377,draft,99381000000102001,Cochin,,,INR,1.00,entity_level,true,0.00,false,62500.00,73750.00,0.00,Looking forward for your business.,,TRANSWORLD SCALES SERVICES,32,32-Kerala,business_gst,32AWCPS0193C1ZX,NO,NO,,,Biju B,Transworld Scales Services,Kollam,Kerala,India,691001,,Standard Template,Adjustment,Transworld Scales Services,Kollam,Kerala,India,691001,,1,,,,0.000,,,,0.00,0.000,,,,0.00,,,,,,,,Label Printing scale Q9,Make:YESWEIGH  Model:YS-30   Max:30kg  e:5g  Min:100g  Class:III,84231000,5.00,0.00,0.0,11250.00,62500.00,,FALSE,99381000000735165,Sales,TMAQ9,,,,,nos,12500.00,Taxable,99381000000006208,GST18,18.00,Tax Group,,,,9.00,9.00,0.00,0.00,5625.00,5625.00,0.00,0.00,5625.00,5625.00,0.00,0.00,,goods,,,
2021-10-08,99381000004048107,EST378,invoiced,99381000004048076,Cochin,,,INR,1.00,entity_level,true,0.00,false,84585.00,99810.00,0.00,Looking forward for your business.,,P M S STORES,32,32-Kerala,business_gst,32AAFFP5222L1ZC,NO,NO,,,Eldho (Kerala),CHALAI THIRUVANANTHAPURAM,THIRUVANANTHAPURAM,Kerala,India,695036,,Standard Template,Adjustment,CHALAI THIRUVANANTHAPURAM,THIRUVANANTHAPURAM,Kerala,India,695036,,1,,,,0.000,,,,0.00,0.000,,,,0.00,,,,,,,,Table Top Scale  220x170 ABS 6 Volt,"Model : YST-20
Max : 20kg e:2gm Min: 40g Class III",84231000,30.00,0.00,0.0,7020.00,39000.00,,FALSE,99381000000562040,Sales,TTABS6V,,,,,nos,1300.00,Taxable,99381000000006208,GST18,18.00,Tax Group,,,,9.00,9.00,0.00,0.00,3510.00,3510.00,0.00,0.00,3510.00,3510.00,0.00,0.00,,goods,,,
2021-10-08,99381000004048107,EST378,invoiced,99381000004048076,Cochin,,,INR,1.00,entity_level,true,0.00,false,84585.00,99810.00,0.00,Looking forward for your business.,,P M S STORES,32,32-Kerala,business_gst,32AAFFP5222L1ZC,NO,NO,,,Eldho (Kerala),CHALAI THIRUVANANTHAPURAM,THIRUVANANTHAPURAM,Kerala,India,695036,,Standard Template,Adjustment,CHALAI THIRUVANANTHAPURAM,THIRUVANANTHAPURAM,Kerala,India,695036,,1,,,,0.000,,,,0.00,0.000,,,,0.00,,,,,,,,Government Stamping Fee / Expense for 20 KG,,998729,30.00,0.00,0.0,1728.00,9600.00,,FALSE,99381000000172016,Sales,SF20,,,,,nos,320.00,Taxable,99381000000006208,GST18,18.00,Tax Group,,,,9.00,9.00,0.00,0.00,864.00,864.00,0.00,0.00,864.00,864.00,0.00,0.00,,goods,,,
2021-10-08,99381000004048107,EST378,invoiced,99381000004048076,Cochin,,,INR,1.00,entity_level,true,0.00,false,84585.00,99810.00,0.00,Looking forward for your business.,,P M S STORES,32,32-Kerala,business_gst,32AAFFP5222L1ZC,NO,NO,,,Eldho (Kerala),CHALAI THIRUVANANTHAPURAM,THIRUVANANTHAPURAM,Kerala,India,695036,,Standard Template,Adjustment,CHALAI THIRUVANANTHAPURAM,THIRUVANANTHAPURAM,Kerala,India,695036,,1,,,,0.000,,,,0.00,0.000,,,,0.00,,,,,,,,TABLE TOP ABS (VIBRANT),Max : 30Kg e:5gm Min: 100g Class III,84231000,15.00,0.00,0.0,4860.00,27000.00,,FALSE,99381000001171138,Sales,VIBRANT300X240ABS,,,,,pcs,1800.00,Taxable,99381000000006208,GST18,18.00,Tax Group,,,,9.00,9.00,0.00,0.00,2430.00,2430.00,0.00,0.00,2430.00,2430.00,0.00,0.00,,goods,,,
2021-10-08,99381000004048107,EST378,invoiced,99381000004048076,Cochin,,,INR,1.00,entity_level,true,0.00,false,84585.00,99810.00,0.00,Looking forward for your business.,,P M S STORES,32,32-Kerala,business_gst,32AAFFP5222L1ZC,NO,NO,,,Eldho (Kerala),CHALAI THIRUVANANTHAPURAM,THIRUVANANTHAPURAM,Kerala,India,695036,,Standard Template,Adjustment,CHALAI THIRUVANANTHAPURAM,THIRUVANANTHAPURAM,Kerala,India,695036,,1,,,,0.000,,,,0.00,0.000,,,,0.00,,,,,,,,Government Stamping Fee /Expense for 30 kg,,998729,15.00,0.00,0.0,1309.50,7275.00,,FALSE,99381000000186027,Sales,SF30,,,,,nos,485.00,Taxable,99381000000006208,GST18,18.00,Tax Group,,,,9.00,9.00,0.00,0.00,654.75,654.75,0.00,0.00,654.75,654.75,0.00,0.00,,goods,,,
2021-10-08,99381000004048107,EST378,invoiced,99381000004048076,Cochin,,,INR,1.00,entity_level,true,0.00,false,84585.00,99810.00,0.00,Looking forward for your business.,,P M S STORES,32,32-Kerala,business_gst,32AAFFP5222L1ZC,NO,NO,,,Eldho (Kerala),CHALAI THIRUVANANTHAPURAM,THIRUVANANTHAPURAM,Kerala,India,695036,,Standard Template,Adjustment,CHALAI THIRUVANANTHAPURAM,THIRUVANANTHAPURAM,Kerala,India,695036,,1,,,,0.000,,,,0.00,0.000,,,,0.00,,,,,,,,Freight Charges,,996819,190.00,0.00,0.0,307.80,1710.00,,FALSE,99381000000557009,Sales,COCS,,,,,kg,9.00,Taxable,99381000000006208,GST18,18.00,Tax Group,,,,9.00,9.00,0.00,0.00,153.90,153.90,0.00,0.00,153.90,153.90,0.00,0.00,,service,,,
2021-10-13,99381000004079171,EST379,invoiced,99381000001357613,Cochin,,,INR,1.00,entity_level,true,0.00,false,15985.00,18862.00,0.00,Looking forward for your business.,,New Scale land,32,32-Kerala,business_gst,32BLEPM2997Q1ZD,NO,NO,,,Eldho (Kerala),"New Scale Land, Room No: 302, Poozhikkunnel Building",Kottayam,Kerala,India,686028,,Standard Template,Adjustment,"New Scale Land, Room No: 302, Poozhikkunnel Building",Kottayam,Kerala,India,686028,,3,,,,0.000,,,,0.00,0.000,,,,0.00,,,,,,,,Bill Printing scale Q8POS,Make:YESWEIGH  Model:YS-30   Max:30kg  e:5g  Min:100g  Class:III,84231000,1.00,0.00,0.0,2790.00,15500.00,,FALSE,99381000000011617,Sales,ECS5W,,,,,nos,15500.00,Taxable,99381000000006208,GST18,18.00,Tax Group,,,,9.00,9.00,0.00,0.00,1395.00,1395.00,0.00,0.00,1395.00,1395.00,0.00,0.00,,goods,,,
2021-10-13,99381000004079171,EST379,invoiced,99381000001357613,Cochin,,,INR,1.00,entity_level,true,0.00,false,15985.00,18862.00,0.00,Looking forward for your business.,,New Scale land,32,32-Kerala,business_gst,32BLEPM2997Q1ZD,NO,NO,,,Eldho (Kerala),"New Scale Land, Room No: 302, Poozhikkunnel Building",Kottayam,Kerala,India,686028,,Standard Template,Adjustment,"New Scale Land, Room No: 302, Poozhikkunnel Building",Kottayam,Kerala,India,686028,,3,,,,0.000,,,,0.00,0.000,,,,0.00,,,,,,,,Government Stamping Fee /Expense for 30 kg,,998729,1.00,0.00,0.0,87.30,485.00,,FALSE,99381000000186027,Sales,SF30,,,,,nos,485.00,Taxable,99381000000006208,GST18,18.00,Tax Group,,,,9.00,9.00,0.00,0.00,43.65,43.65,0.00,0.00,43.65,43.65,0.00,0.00,,goods,,,
2021-10-23,99381000004147119,EST380,draft,99381000001357007,Cochin,,,INR,1.00,entity_level,true,0.00,false,1880.00,2218.00,0.00,Looking forward for your business.,,Scale Point,32,32-Kerala,business_gst,32DSJPS7374R1ZN,NO,NO,,,Eldho (Kerala),"Scale Point, Room No: 8/76-5",Kalpatta,Kerala,India,628505,,Standard Template,Adjustment,"Scale Point, Room No: 8/76-5",Kalpatta,Kerala,India,628505,,1,,,,0.000,,,,0.00,0.000,,,,0.00,,,,,,,,Price Computing scale,"Make: YESWEIGH  Model:YSP-20
Max:20kg  e:2g  Min:40g  Class:III",84231000,1.00,0.00,0.0,338.40,1880.00,,FALSE,99381000000016031,Sales,ATMPC,,,,,nos,1880.00,Taxable,99381000000006208,GST18,18.00,Tax Group,,,,9.00,9.00,0.00,0.00,169.20,169.20,0.00,0.00,169.20,169.20,0.00,0.00,,goods,,,
2021-10-26,99381000004163001,EST381,sent,99381000003273159,Cochin,,,INR,1.00,entity_level,true,0.00,false,8950.00,10561.00,0.00,Looking forward for your business.,,SIMMS TECHNOLOGIES,33,33-Tamil Nadu,business_gst,33ABXPI4515Q1Z0,NO,NO,,,Biju B,"A1/1,Opp. Thuthiyinkottai Church,Near New bus stand",TIRUNELVELI,Tamil Nadu,India,627007,,Standard Template,Adjustment,"A1/1,Opp. Thuthiyinkottai Church,Near New bus stand",TIRUNELVELI,Tamil Nadu,India,627007,,3,,,,0.000,,,,0.00,0.000,,,,0.00,,,,,,,,ATM JUNIOR YS669,"Make : YESWEIGH Model : YSP-20
Max : 20kg e:2g Min:40g
Class : III",84231000,5.00,0.00,0.0,1611.00,8950.00,,FALSE,99381000001247038,Sales,YS669,,,,,nos,1790.00,Taxable,99381000000006196,IGST18,18.00,ItemAmount,,,,0.00,0.00,18.00,0.00,0.00,0.00,1611.00,0.00,0.00,0.00,1611.00,0.00,,goods,,,
2021-10-28,99381000004163715,EST382,draft,99381000004163684,Cochin,,,INR,1.00,entity_level,true,0.00,false,53000.00,62540.00,0.00,Looking forward for your business.,,SURYA DIGI SCALES,29,29-Karnataka,business_gst,29ACMFS1020L1ZX,NO,NO,,,Biju B,"NO.2, 1st Floor,Sadanandappa Layout,RBI Layout main Road opp.",BANGLORE,Karnataka,India,560062,,Standard Template,Adjustment,"NO.2, 1st Floor,Sadanandappa Layout,RBI Layout main Road opp.",BANGLORE,Karnataka,India,560062,,1,,,,0.000,,,,0.00,0.000,,,,0.00,,,,,,,,Platform Scale,"Make: YESWEIGH Model:YSP-50
Max:50kg e:5g Min:100g Class:III",84238290,20.00,0.00,0.0,9540.00,53000.00,,FALSE,99381000004079187,Sales,BENCHPCD,,,,,nos,2650.00,Taxable,99381000000006196,IGST18,18.00,ItemAmount,,,,0.00,0.00,18.00,0.00,0.00,0.00,9540.00,0.00,0.00,0.00,9540.00,0.00,,goods,,,
2021-10-29,99381000004174065,EST383,draft,99381000001969121,Cochin,,,INR,1.00,entity_level,true,0.00,false,565.00,667.00,0.00,Looking forward for your business.,,SCANGLE RETAIL PRIVATE LIMITED,32,32-Kerala,business_gst,32ABECS9205P1ZZ,NO,NO,,,Biju B,3F Asian Tower NH 47 Vytilla,Kochi,Kerala,India,682019,,Standard Template,Adjustment,3F Asian Tower NH 47 Vytilla,Kochi,Kerala,India,682019,,1,,,,0.000,,,,0.00,0.000,,,,0.00,,,,,,,,Government Stamping Fee /Expense for 300kg,,998729,1.00,0.00,0.0,101.70,565.00,,FALSE,99381000000548525,Sales,SF300,,,,,nos,565.00,Taxable,99381000000006208,GST18,18.00,Tax Group,,,,9.00,9.00,0.00,0.00,50.85,50.85,0.00,0.00,50.85,50.85,0.00,0.00,,goods,,,
2021-11-09,99381000004228095,EST384,draft,99381000001969121,Cochin,,,INR,1.00,entity_level,true,0.00,false,485.00,572.00,0.00,Looking forward for your business.,,SCANGLE RETAIL PRIVATE LIMITED,32,32-Kerala,business_gst,32ABECS9205P1ZZ,NO,NO,,,Biju B,3F Asian Tower NH 47 Vytilla,Kochi,Kerala,India,682019,,Standard Template,Adjustment,3F Asian Tower NH 47 Vytilla,Kochi,Kerala,India,682019,,3,,,,0.000,,,,0.00,0.000,,,,0.00,,,,,,,,Government Stamping Fee /Expense for 200Kg,,998729,1.00,0.00,0.0,87.30,485.00,,FALSE,99381000000548508,Sales,SF200,,,,,nos,485.00,Taxable,99381000000006208,GST18,18.00,Tax Group,,,,9.00,9.00,0.00,0.00,43.65,43.65,0.00,0.00,43.65,43.65,0.00,0.00,,goods,,,
2021-11-16,99381000004273796,EST385,draft,99381000003349652,Cochin,,,INR,1.00,entity_level,true,0.00,false,2992.00,3531.00,0.00,Looking forward for your business.,,SCALE-TECH DIGITAL WEIGHING SYSTEM,32,32-Kerala,business_registered_composition,32BDCPH8641G1ZT,NO,NO,,,Biju B,1st floor ROOM NO 5/603 SJB,KARUKACHAL,Kerala,India,686540,,Standard Template,Adjustment,1st floor ROOM NO 5/603 SJB,KARUKACHAL,Kerala,India,686540,,3,,,,708.000,,,,0.00,0.000,,,,0.00,,,,,,,,Platform Weighing Scale 400x400 MS,"Make : YESWEIGH Model:YSP-100
Max:100 kg e: 10gm Min:200g Class III",84239020,1.00,0.00,0.0,538.56,2992.00,,FALSE,99381000001476013,Sales,PFPC400X400MS,,,,,nos,3700.00,Taxable,99381000000006208,GST18,18.00,Tax Group,,,,9.00,9.00,0.00,0.00,269.28,269.28,0.00,0.00,269.28,269.28,0.00,0.00,,goods,,,
2021-11-25,99381000004330031,EST386,invoiced,99381000002549012,Cochin,,,INR,1.00,entity_level,true,0.00,false,9770.00,11529.00,0.00,Looking forward for your business.,,ROYAL SCALES,32,32-Kerala,business_none,,NO,NO,,,Eldho (Kerala),"PMC.19/2207,
Ground Floor, Dhanalakshmi Complex,",Kannur,Kerala,India,670307,,Standard Template,Adjustment,"PMC.19/2207,
Ground Floor, Dhanalakshmi Complex,",Kannur,Kerala,India,670307,,1,,,,0.000,,,,0.00,0.000,,,,0.00,,,,,,,,Government Stamping Fee / Expense for 620.81g,,998729,2.00,0.00,0.0,174.60,970.00,,FALSE,99381000002879328,Sales,SF62081,,,,,nos,485.00,Taxable,99381000000006208,GST18,18.00,Tax Group,,,,9.00,9.00,0.00,0.00,87.30,87.30,0.00,0.00,87.30,87.30,0.00,0.00,,goods,,,
2021-11-25,99381000004330031,EST386,invoiced,99381000002549012,Cochin,,,INR,1.00,entity_level,true,0.00,false,9770.00,11529.00,0.00,Looking forward for your business.,,ROYAL SCALES,32,32-Kerala,business_none,,NO,NO,,,Eldho (Kerala),"PMC.19/2207,
Ground Floor, Dhanalakshmi Complex,",Kannur,Kerala,India,670307,,Standard Template,Adjustment,"PMC.19/2207,
Ground Floor, Dhanalakshmi Complex,",Kannur,Kerala,India,670307,,1,,,,0.000,,,,0.00,0.000,,,,0.00,,,,,,,,Electronic weighing scale DJ600,Make:YESWEIGH  Model:YSJ-50   Max:620.81g  e:10mg    Class:II,84231000,2.00,0.00,0.0,1584.00,8800.00,,FALSE,99381000000796329,Sales,DJ600,,,,,nos,4400.00,Taxable,99381000000006208,GST18,18.00,Tax Group,,,,9.00,9.00,0.00,0.00,792.00,792.00,0.00,0.00,792.00,792.00,0.00,0.00,,goods,,,
2021-11-29,99381000004342480,EST387,invoiced,99381000001907025,Cochin,,,INR,1.00,entity_level,true,0.00,false,88800.00,104784.00,0.00,Looking forward for your business.,,C.Manikkam Chetty Son,33,33-Tamil Nadu,business_gst,33AEFPC3510G1ZA,NO,NO,,,Biju B,"135,(60) Fort Main Road",Salem,Tamil Nadu,India,636002,,Standard Template,Adjustment,"135,(60) Fort Main Road",Salem,Tamil Nadu,India,636002,,1,,,,0.000,,,,0.00,0.000,,,,0.00,,,,,,,,Floor Scale 1mx1m,Make: YES WEIGH  Model:YSP-1000 Max:1000kg  e:100g  Min:2kg  Class:III,84239020,2.00,0.00,0.0,4320.00,24000.00,,FALSE,99381000000035236,Sales,PLT1000,,,,,nos,12000.00,Taxable,99381000000006196,IGST18,18.00,ItemAmount,,,,0.00,0.00,18.00,0.00,0.00,0.00,4320.00,0.00,0.00,0.00,4320.00,0.00,,goods,,,
2021-11-29,99381000004342480,EST387,invoiced,99381000001907025,Cochin,,,INR,1.00,entity_level,true,0.00,false,88800.00,104784.00,0.00,Looking forward for your business.,,C.Manikkam Chetty Son,33,33-Tamil Nadu,business_gst,33AEFPC3510G1ZA,NO,NO,,,Biju B,"135,(60) Fort Main Road",Salem,Tamil Nadu,India,636002,,Standard Template,Adjustment,"135,(60) Fort Main Road",Salem,Tamil Nadu,India,636002,,1,,,,0.000,,,,0.00,0.000,,,,0.00,,,,,,,,Bill  Printing scale Q74W,Make: YESWEIGH  Model:YS-30   Max:30kg  e:5g  Min:100g  Class:III,84231000,4.00,0.00,0.0,6840.00,38000.00,,FALSE,99381000000343190,Sales,ECS4W,,,,,nos,9500.00,Taxable,99381000000006196,IGST18,18.00,ItemAmount,,,,0.00,0.00,18.00,0.00,0.00,0.00,6840.00,0.00,0.00,0.00,6840.00,0.00,,goods,,,
2021-11-29,99381000004342480,EST387,invoiced,99381000001907025,Cochin,,,INR,1.00,entity_level,true,0.00,false,88800.00,104784.00,0.00,Looking forward for your business.,,C.Manikkam Chetty Son,33,33-Tamil Nadu,business_gst,33AEFPC3510G1ZA,NO,NO,,,Biju B,"135,(60) Fort Main Road",Salem,Tamil Nadu,India,636002,,Standard Template,Adjustment,"135,(60) Fort Main Road",Salem,Tamil Nadu,India,636002,,1,,,,0.000,,,,0.00,0.000,,,,0.00,,,,,,,,CCM  - Value Counting Machine,,84729090,4.00,0.00,0.0,4824.00,26800.00,,FALSE,99381000000302452,Sales,AL66,,,,,nos,6700.00,Taxable,99381000000006196,IGST18,18.00,ItemAmount,,,,0.00,0.00,18.00,0.00,0.00,0.00,4824.00,0.00,0.00,0.00,4824.00,0.00,,goods,,,
2021-12-11,99381000004431001,EST388,draft,99381000000832003,Cochin,,,INR,1.00,entity_level,true,0.00,false,80890.00,95450.00,0.00,Looking forward for your business.,,MANUKRISHNA SCALE AGENCY,33,33-Tamil Nadu,business_gst,33AFFPR2059J1ZC,NO,NO,,,Biju B,"St. Xavier's Church Junction,Kottar",Nagercoil,Tamil Nadu,India,629002,,Standard Template,Adjustment,"St. Xavier's Church Junction,Kottar",Nagercoil,Tamil Nadu,India,629002,,1,,,,0.000,,,,0.00,0.000,,,,0.00,,,,,,,,Platform Scale,"Make: YESWEIGH Model:YSP-50
Max:50kg e:5g Min:100g Class:III",84238290,20.00,0.00,0.0,9540.00,53000.00,,FALSE,99381000004079187,Sales,BENCHPCD,,,,,nos,2650.00,Taxable,99381000000006196,IGST18,18.00,ItemAmount,,,,0.00,0.00,18.00,0.00,0.00,0.00,9540.00,0.00,0.00,0.00,9540.00,0.00,,goods,,,
2021-12-11,99381000004431001,EST388,draft,99381000000832003,Cochin,,,INR,1.00,entity_level,true,0.00,false,80890.00,95450.00,0.00,Looking forward for your business.,,MANUKRISHNA SCALE AGENCY,33,33-Tamil Nadu,business_gst,33AFFPR2059J1ZC,NO,NO,,,Biju B,"St. Xavier's Church Junction,Kottar",Nagercoil,Tamil Nadu,India,629002,,Standard Template,Adjustment,"St. Xavier's Church Junction,Kottar",Nagercoil,Tamil Nadu,India,629002,,1,,,,0.000,,,,0.00,0.000,,,,0.00,,,,,,,,CHICKEN SCALE 100 KG SS,"Make : YESWEIGH Model : YSC
Max : 100kg e:10g Min:200g
Class : III",84239010,5.00,0.00,0.0,2025.00,11250.00,,FALSE,99381000001933001,Sales,CS300X300SS,,,,,nos,2250.00,Taxable,99381000000006196,IGST18,18.00,ItemAmount,,,,0.00,0.00,18.00,0.00,0.00,0.00,2025.00,0.00,0.00,0.00,2025.00,0.00,,goods,,,
2021-12-11,99381000004431001,EST388,draft,99381000000832003,Cochin,,,INR,1.00,entity_level,true,0.00,false,80890.00,95450.00,0.00,Looking forward for your business.,,MANUKRISHNA SCALE AGENCY,33,33-Tamil Nadu,business_gst,33AFFPR2059J1ZC,NO,NO,,,Biju B,"St. Xavier's Church Junction,Kottar",Nagercoil,Tamil Nadu,India,629002,,Standard Template,Adjustment,"St. Xavier's Church Junction,Kottar",Nagercoil,Tamil Nadu,India,629002,,1,,,,0.000,,,,0.00,0.000,,,,0.00,,,,,,,,CHICKEN SCALE 300KG MS,"Make : YESWEIGH Model : YSC
Max : 300kg e:50g Min:1kg
Class : III",84239010,5.00,0.00,0.0,2880.00,16000.00,,FALSE,99381000001933021,Sales,CS400X400MS,,,,,nos,3200.00,Taxable,99381000000006196,IGST18,18.00,ItemAmount,,,,0.00,0.00,18.00,0.00,0.00,0.00,2880.00,0.00,0.00,0.00,2880.00,0.00,,goods,,,
2021-12-11,99381000004431001,EST388,draft,99381000000832003,Cochin,,,INR,1.00,entity_level,true,0.00,false,80890.00,95450.00,0.00,Looking forward for your business.,,MANUKRISHNA SCALE AGENCY,33,33-Tamil Nadu,business_gst,33AFFPR2059J1ZC,NO,NO,,,Biju B,"St. Xavier's Church Junction,Kottar",Nagercoil,Tamil Nadu,India,629002,,Standard Template,Adjustment,"St. Xavier's Church Junction,Kottar",Nagercoil,Tamil Nadu,India,629002,,1,,,,0.000,,,,0.00,0.000,,,,0.00,,,,,,,,Government Stamping Fee / Expense for 20 KG,,998729,2.00,0.00,0.0,115.20,640.00,,FALSE,99381000000172016,Sales,SF20,,,,,nos,320.00,Taxable,99381000000006196,IGST18,18.00,ItemAmount,,,,0.00,0.00,18.00,0.00,0.00,0.00,115.20,0.00,0.00,0.00,115.20,0.00,,goods,,,
2021-12-16,99381000004448011,EST389,draft,99381000000084733,Cochin,,,INR,1.00,entity_level,true,0.00,false,12085.00,14260.00,0.00,Looking forward for your business.,,ELMASS SYSTEMS & SERVICES,32,32-Kerala,business_gst,32AACFE8918M1Z7,NO,NO,,,Eldho (Kerala),"70/1955 /old 44/2214A5, Martin Eva Holy Tuesday Shopping Mall,
Banerji Road, Mathrubhoomi Jn.",Ernakulam,Kerala,India,682017,,Standard Template,Adjustment,"Souhruda Lane
Lissie Hospital Road",Ernakulam,Kerala,India,682018,,1,,,,0.000,,,,0.00,0.000,,,,0.00,,,,,,,,Government Stamping Fee / Expense for 20 KG,Y03277 - Y03286,998729,10.00,0.00,0.0,576.00,3200.00,,FALSE,99381000000172016,Sales,SF20,,,,,nos,320.00,Taxable,99381000000006208,GST18,18.00,Tax Group,,,,9.00,9.00,0.00,0.00,288.00,288.00,0.00,0.00,288.00,288.00,0.00,0.00,,goods,,,
2021-12-16,99381000004448011,EST389,draft,99381000000084733,Cochin,,,INR,1.00,entity_level,true,0.00,false,12085.00,14260.00,0.00,Looking forward for your business.,,ELMASS SYSTEMS & SERVICES,32,32-Kerala,business_gst,32AACFE8918M1Z7,NO,NO,,,Eldho (Kerala),"70/1955 /old 44/2214A5, Martin Eva Holy Tuesday Shopping Mall,
Banerji Road, Mathrubhoomi Jn.",Ernakulam,Kerala,India,682017,,Standard Template,Adjustment,"Souhruda Lane
Lissie Hospital Road",Ernakulam,Kerala,India,682018,,1,,,,0.000,,,,0.00,0.000,,,,0.00,,,,,,,,Government Stamping Fee /Expense for 10 kg,Y00192- Y00193,998729,2.00,0.00,0.0,115.20,640.00,,FALSE,99381000000548483,Sales,SF10,,,,,nos,320.00,Taxable,99381000000006208,GST18,18.00,Tax Group,,,,9.00,9.00,0.00,0.00,57.60,57.60,0.00,0.00,57.60,57.60,0.00,0.00,,goods,,,
2021-12-16,99381000004448011,EST389,draft,99381000000084733,Cochin,,,INR,1.00,entity_level,true,0.00,false,12085.00,14260.00,0.00,Looking forward for your business.,,ELMASS SYSTEMS & SERVICES,32,32-Kerala,business_gst,32AACFE8918M1Z7,NO,NO,,,Eldho (Kerala),"70/1955 /old 44/2214A5, Martin Eva Holy Tuesday Shopping Mall,
Banerji Road, Mathrubhoomi Jn.",Ernakulam,Kerala,India,682017,,Standard Template,Adjustment,"Souhruda Lane
Lissie Hospital Road",Ernakulam,Kerala,India,682018,,1,,,,0.000,,,,0.00,0.000,,,,0.00,,,,,,,,Government Stamping Fee /Expense for 200Kg,Y00190 - Y00191,998729,2.00,0.00,0.0,174.60,970.00,,FALSE,99381000000548508,Sales,SF200,,,,,nos,485.00,Taxable,99381000000006208,GST18,18.00,Tax Group,,,,9.00,9.00,0.00,0.00,87.30,87.30,0.00,0.00,87.30,87.30,0.00,0.00,,goods,,,
2021-12-16,99381000004448011,EST389,draft,99381000000084733,Cochin,,,INR,1.00,entity_level,true,0.00,false,12085.00,14260.00,0.00,Looking forward for your business.,,ELMASS SYSTEMS & SERVICES,32,32-Kerala,business_gst,32AACFE8918M1Z7,NO,NO,,,Eldho (Kerala),"70/1955 /old 44/2214A5, Martin Eva Holy Tuesday Shopping Mall,
Banerji Road, Mathrubhoomi Jn.",Ernakulam,Kerala,India,682017,,Standard Template,Adjustment,"Souhruda Lane
Lissie Hospital Road",Ernakulam,Kerala,India,682018,,1,,,,0.000,,,,0.00,0.000,,,,0.00,,,,,,,,Government Stamping Fee / Expense for 100Kg,"Y00136, Y00194",998729,2.00,0.00,0.0,174.60,970.00,,FALSE,99381000000663063,Sales,SF100,,,,,nos,485.00,Taxable,99381000000006208,GST18,18.00,Tax Group,,,,9.00,9.00,0.00,0.00,87.30,87.30,0.00,0.00,87.30,87.30,0.00,0.00,,goods,,,
2021-12-16,99381000004448011,EST389,draft,99381000000084733,Cochin,,,INR,1.00,entity_level,true,0.00,false,12085.00,14260.00,0.00,Looking forward for your business.,,ELMASS SYSTEMS & SERVICES,32,32-Kerala,business_gst,32AACFE8918M1Z7,NO,NO,,,Eldho (Kerala),"70/1955 /old 44/2214A5, Martin Eva Holy Tuesday Shopping Mall,
Banerji Road, Mathrubhoomi Jn.",Ernakulam,Kerala,India,682017,,Standard Template,Adjustment,"Souhruda Lane
Lissie Hospital Road",Ernakulam,Kerala,India,682018,,1,,,,0.000,,,,0.00,0.000,,,,0.00,,,,,,,,Government Stamping Fee /Expense for 50 kg,Y04406- Y04413,998729,8.00,0.00,0.0,698.40,3880.00,,FALSE,99381000000186036,Sales,SF50,,,,,nos,485.00,Taxable,99381000000006208,GST18,18.00,Tax Group,,,,9.00,9.00,0.00,0.00,349.20,349.20,0.00,0.00,349.20,349.20,0.00,0.00,,goods,,,
2021-12-16,99381000004448011,EST389,draft,99381000000084733,Cochin,,,INR,1.00,entity_level,true,0.00,false,12085.00,14260.00,0.00,Looking forward for your business.,,ELMASS SYSTEMS & SERVICES,32,32-Kerala,business_gst,32AACFE8918M1Z7,NO,NO,,,Eldho (Kerala),"70/1955 /old 44/2214A5, Martin Eva Holy Tuesday Shopping Mall,
Banerji Road, Mathrubhoomi Jn.",Ernakulam,Kerala,India,682017,,Standard Template,Adjustment,"Souhruda Lane
Lissie Hospital Road",Ernakulam,Kerala,India,682018,,1,,,,0.000,,,,0.00,0.000,,,,0.00,,,,,,,,Government Stamping Fee /Expense for 30 kg,Y03694 - Y03698,998729,5.00,0.00,0.0,436.50,2425.00,,FALSE,99381000000186027,Sales,SF30,,,,,nos,485.00,Taxable,99381000000006208,GST18,18.00,Tax Group,,,,9.00,9.00,0.00,0.00,218.25,218.25,0.00,0.00,218.25,218.25,0.00,0.00,,goods,,,
2021-12-17,99381000004457001,EST390,invoiced,99381000000954630,Cochin,,,INR,1.00,entity_level,true,0.00,false,24500.00,28910.00,0.00,Looking forward for your business.,,GIHON SCALES,32,32-Kerala,business_none,,NO,NO,,,Eldho (Kerala),"1st Floor, Kulanada P.O
Njettoor",Pathanamthitta,Kerala,India,689502,,Standard Template,Adjustment,"1st Floor, Kulanada P.O
Njettoor",Pathanamthitta,Kerala,India,689502,,1,,,,0.000,,,,0.00,0.000,,,,0.00,,,,,,,,Platform Scale,"Make: YESWEIGH Model:YSP-50
Max:50kg e:5g Min:100g Class:III",84238290,10.00,0.00,0.0,4410.00,24500.00,,FALSE,99381000004079187,Sales,BENCHPCD,,,,,nos,2450.00,Taxable,99381000000006208,GST18,18.00,Tax Group,,,,9.00,9.00,0.00,0.00,2205.00,2205.00,0.00,0.00,2205.00,2205.00,0.00,0.00,,goods,,,
2021-12-21,99381000004477005,EST391,draft,99381000000084733,Cochin,,,INR,1.00,entity_level,true,0.00,false,9505.00,11216.00,0.00,Looking forward for your business.,,ELMASS SYSTEMS & SERVICES,32,32-Kerala,business_gst,32AACFE8918M1Z7,NO,NO,,,Eldho (Kerala),"70/1955 /old 44/2214A5, Martin Eva Holy Tuesday Shopping Mall,
Banerji Road, Mathrubhoomi Jn.",Ernakulam,Kerala,India,682017,,Standard Template,Adjustment,"Souhruda Lane
Lissie Hospital Road",Ernakulam,Kerala,India,682018,,1,,,,0.000,,,,0.00,0.000,,,,0.00,,,,,,,,Government Stamping Fee / Expense for 20 KG,,998729,10.00,0.00,0.0,576.00,3200.00,,FALSE,99381000000172016,Sales,SF20,,,,,nos,320.00,Taxable,99381000000006208,GST18,18.00,Tax Group,,,,9.00,9.00,0.00,0.00,288.00,288.00,0.00,0.00,288.00,288.00,0.00,0.00,,goods,,,
2021-12-21,99381000004477005,EST391,draft,99381000000084733,Cochin,,,INR,1.00,entity_level,true,0.00,false,9505.00,11216.00,0.00,Looking forward for your business.,,ELMASS SYSTEMS & SERVICES,32,32-Kerala,business_gst,32AACFE8918M1Z7,NO,NO,,,Eldho (Kerala),"70/1955 /old 44/2214A5, Martin Eva Holy Tuesday Shopping Mall,
Banerji Road, Mathrubhoomi Jn.",Ernakulam,Kerala,India,682017,,Standard Template,Adjustment,"Souhruda Lane
Lissie Hospital Road",Ernakulam,Kerala,India,682018,,1,,,,0.000,,,,0.00,0.000,,,,0.00,,,,,,,,Government Stamping Fee /Expense for 30 kg,,998729,10.00,0.00,0.0,873.00,4850.00,,FALSE,99381000000186027,Sales,SF30,,,,,nos,485.00,Taxable,99381000000006208,GST18,18.00,Tax Group,,,,9.00,9.00,0.00,0.00,436.50,436.50,0.00,0.00,436.50,436.50,0.00,0.00,,goods,,,
2021-12-21,99381000004477005,EST391,draft,99381000000084733,Cochin,,,INR,1.00,entity_level,true,0.00,false,9505.00,11216.00,0.00,Looking forward for your business.,,ELMASS SYSTEMS & SERVICES,32,32-Kerala,business_gst,32AACFE8918M1Z7,NO,NO,,,Eldho (Kerala),"70/1955 /old 44/2214A5, Martin Eva Holy Tuesday Shopping Mall,
Banerji Road, Mathrubhoomi Jn.",Ernakulam,Kerala,India,682017,,Standard Template,Adjustment,"Souhruda Lane
Lissie Hospital Road",Ernakulam,Kerala,India,682018,,1,,,,0.000,,,,0.00,0.000,,,,0.00,,,,,,,,Government Stamping Fee / Expense for 100Kg,,998729,2.00,0.00,0.0,174.60,970.00,,FALSE,99381000000663063,Sales,SF100,,,,,nos,485.00,Taxable,99381000000006208,GST18,18.00,Tax Group,,,,9.00,9.00,0.00,0.00,87.30,87.30,0.00,0.00,87.30,87.30,0.00,0.00,,goods,,,
2021-12-21,99381000004477005,EST391,draft,99381000000084733,Cochin,,,INR,1.00,entity_level,true,0.00,false,9505.00,11216.00,0.00,Looking forward for your business.,,ELMASS SYSTEMS & SERVICES,32,32-Kerala,business_gst,32AACFE8918M1Z7,NO,NO,,,Eldho (Kerala),"70/1955 /old 44/2214A5, Martin Eva Holy Tuesday Shopping Mall,
Banerji Road, Mathrubhoomi Jn.",Ernakulam,Kerala,India,682017,,Standard Template,Adjustment,"Souhruda Lane
Lissie Hospital Road",Ernakulam,Kerala,India,682018,,1,,,,0.000,,,,0.00,0.000,,,,0.00,,,,,,,,Government Stamping Fee /Expense for 200Kg,,998729,1.00,0.00,0.0,87.30,485.00,,FALSE,99381000000548508,Sales,SF200,,,,,nos,485.00,Taxable,99381000000006208,GST18,18.00,Tax Group,,,,9.00,9.00,0.00,0.00,43.65,43.65,0.00,0.00,43.65,43.65,0.00,0.00,,goods,,,
2021-12-21,99381000004476507,EST392,draft,99381000000112170,Cochin,,,INR,1.00,entity_level,true,0.00,false,970.00,1145.00,0.00,Looking forward for your business.,,MEEZAN ELECTRONIC SCALES PRIVATE LIMITED,32,32-Kerala,business_gst,32AAECM1277C1ZY,NO,NO,,,Biju B,,,Kerala,India,,,Standard Template,Adjustment,"8/308A Meezan Tower 
Calicut Road , Manjeri",MANJERI,Kerala,India,676121,,3,,,,0.000,,,,0.00,0.000,,,,0.00,,,,,,,,Government Stamping Fee / Expense for 100Kg,,998729,2.00,0.00,0.0,174.60,970.00,,FALSE,99381000000663063,Sales,SF100,,,,,nos,485.00,Taxable,99381000000006208,GST18,18.00,Tax Group,,,,9.00,9.00,0.00,0.00,87.30,87.30,0.00,0.00,87.30,87.30,0.00,0.00,,goods,,,
2021-12-21,99381000004477095,EST393,invoiced,99381000001907505,Cochin,,,INR,1.00,entity_level,true,0.00,false,213100.00,251458.00,0.00,Looking forward for your business.,,Al Awwal International,1,01-Jammu and Kashmir,business_gst,01EHPPS4732F1Z9,NO,NO,,,Athira(Outside Kerala),Old Zaina Kadal Gurgadi Mohalla,Srinagar,Jammu and Kashmir,India,190002,,Standard Template,Adjustment,"Old Zaina Kadal Gurgadi Mohalla
Near Govt boys higher secondary School",,Jammu and Kashmir,India,190002,,1,,,,0.000,,,,0.00,0.000,,,,0.00,,,,,,,,Platform Scale,"Make: YESWEIGH Model:YSP-50
Max:50kg e:5g Min:100g Class:III",84238290,20.00,0.00,0.0,8208.00,45600.00,,FALSE,99381000004079187,Sales,BENCHPCD,,,,,nos,2280.00,Taxable,99381000000006196,IGST18,18.00,ItemAmount,,,,0.00,0.00,18.00,0.00,0.00,0.00,8208.00,0.00,0.00,0.00,8208.00,0.00,,goods,,,
2021-12-21,99381000004477095,EST393,invoiced,99381000001907505,Cochin,,,INR,1.00,entity_level,true,0.00,false,213100.00,251458.00,0.00,Looking forward for your business.,,Al Awwal International,1,01-Jammu and Kashmir,business_gst,01EHPPS4732F1Z9,NO,NO,,,Athira(Outside Kerala),Old Zaina Kadal Gurgadi Mohalla,Srinagar,Jammu and Kashmir,India,190002,,Standard Template,Adjustment,"Old Zaina Kadal Gurgadi Mohalla
Near Govt boys higher secondary School",,Jammu and Kashmir,India,190002,,1,,,,0.000,,,,0.00,0.000,,,,0.00,,,,,,,,Platform Weighing Scale 400x400 MS,"Make : YESWEIGH Model:YSP-100
Max:100 kg e: 10gm Min:200g Class III",84239020,10.00,0.00,0.0,6480.00,36000.00,,FALSE,99381000001476013,Sales,PFPC400X400MS,,,,,nos,3600.00,Taxable,99381000000006196,IGST18,18.00,ItemAmount,,,,0.00,0.00,18.00,0.00,0.00,0.00,6480.00,0.00,0.00,0.00,6480.00,0.00,,goods,,,
2021-12-21,99381000004477095,EST393,invoiced,99381000001907505,Cochin,,,INR,1.00,entity_level,true,0.00,false,213100.00,251458.00,0.00,Looking forward for your business.,,Al Awwal International,1,01-Jammu and Kashmir,business_gst,01EHPPS4732F1Z9,NO,NO,,,Athira(Outside Kerala),Old Zaina Kadal Gurgadi Mohalla,Srinagar,Jammu and Kashmir,India,190002,,Standard Template,Adjustment,"Old Zaina Kadal Gurgadi Mohalla
Near Govt boys higher secondary School",,Jammu and Kashmir,India,190002,,1,,,,0.000,,,,0.00,0.000,,,,0.00,,,,,,,,Platform Weighing Scale 420x520 SS,"Make : YESWEIGH Model:YSP-200
Max:200 kg e: 20gm Min:400g Class III",84239020,10.00,0.00,0.0,9360.00,52000.00,,FALSE,99381000001476030,Sales,PFPC420X520SS,,,,,nos,5200.00,Taxable,99381000000006196,IGST18,18.00,ItemAmount,,,,0.00,0.00,18.00,0.00,0.00,0.00,9360.00,0.00,0.00,0.00,9360.00,0.00,,goods,,,
2021-12-21,99381000004477095,EST393,invoiced,99381000001907505,Cochin,,,INR,1.00,entity_level,true,0.00,false,213100.00,251458.00,0.00,Looking forward for your business.,,Al Awwal International,1,01-Jammu and Kashmir,business_gst,01EHPPS4732F1Z9,NO,NO,,,Athira(Outside Kerala),Old Zaina Kadal Gurgadi Mohalla,Srinagar,Jammu and Kashmir,India,190002,,Standard Template,Adjustment,"Old Zaina Kadal Gurgadi Mohalla
Near Govt boys higher secondary School",,Jammu and Kashmir,India,190002,,1,,,,0.000,,,,0.00,0.000,,,,0.00,,,,,,,,DIGITAL KITCHEN SCALE,"Make : YESWEIGH Model :YSK-5
Capacity : 5kg e : 0.1g
",84238190,10.00,0.00,0.0,810.00,4500.00,,FALSE,99381000003586686,Sales,EK6005,,,,,nos,450.00,Taxable,99381000000006196,IGST18,18.00,ItemAmount,,,,0.00,0.00,18.00,0.00,0.00,0.00,810.00,0.00,0.00,0.00,810.00,0.00,,goods,,,
2021-12-21,99381000004477095,EST393,invoiced,99381000001907505,Cochin,,,INR,1.00,entity_level,true,0.00,false,213100.00,251458.00,0.00,Looking forward for your business.,,Al Awwal International,1,01-Jammu and Kashmir,business_gst,01EHPPS4732F1Z9,NO,NO,,,Athira(Outside Kerala),Old Zaina Kadal Gurgadi Mohalla,Srinagar,Jammu and Kashmir,India,190002,,Standard Template,Adjustment,"Old Zaina Kadal Gurgadi Mohalla
Near Govt boys higher secondary School",,Jammu and Kashmir,India,190002,,1,,,,0.000,,,,0.00,0.000,,,,0.00,,,,,,,,DIGITAL KITCHEN SCALE -10Kg,"Make :YESWEIGH Model :YSK-10
Max : 10kg e: 1g",84238190,10.00,0.00,0.0,810.00,4500.00,,FALSE,99381000003586695,Sales,EK6003,,,,,nos,450.00,Taxable,99381000000006196,IGST18,18.00,ItemAmount,,,,0.00,0.00,18.00,0.00,0.00,0.00,810.00,0.00,0.00,0.00,810.00,0.00,,goods,,,
2021-12-21,99381000004477095,EST393,invoiced,99381000001907505,Cochin,,,INR,1.00,entity_level,true,0.00,false,213100.00,251458.00,0.00,Looking forward for your business.,,Al Awwal International,1,01-Jammu and Kashmir,business_gst,01EHPPS4732F1Z9,NO,NO,,,Athira(Outside Kerala),Old Zaina Kadal Gurgadi Mohalla,Srinagar,Jammu and Kashmir,India,190002,,Standard Template,Adjustment,"Old Zaina Kadal Gurgadi Mohalla
Near Govt boys higher secondary School",,Jammu and Kashmir,India,190002,,1,,,,0.000,,,,0.00,0.000,,,,0.00,,,,,,,,ELECTRONIC PLATFORM SCALE-100kg,"Model : YSP PC Capacity :50kg/100kg e :5g/10g
Size : 30*40 cm, Accuracy : Dual Display :LED(Red),With Back Rail",84238290,30.00,0.00,0.0,12690.00,70500.00,,FALSE,99381000003880548,Sales,BEN30X40MSBR,,,,,nos,2350.00,Taxable,99381000000006196,IGST18,18.00,ItemAmount,,,,0.00,0.00,18.00,0.00,0.00,0.00,12690.00,0.00,0.00,0.00,12690.00,0.00,,goods,,,
2021-12-24,99381000004495001,EST394,draft,99381000001804165,Cochin,,,INR,1.00,entity_level,true,0.00,false,17379.00,20507.00,0.00,Looking forward for your business.,,MARATHWADA SCALES 9403004477,27,27-Maharashtra,business_gst,27AMPPS6999F1ZZ,NO,NO,,,Athira(Outside Kerala),"SHOP NO 7-2-278/1
KELI MARKET",NANDED,Maharashtra,India,431604,,Standard Template,Adjustment,"SHOP NO 7-2-278/1
KELI MARKET",NANDED,Maharashtra,India,431604,,3,,,,0.000,,,,0.00,0.000,,,,0.00,,,,,,,,Floor Scale 1mx1m,Make: YES WEIGH  Model:YSP-1000 Max:1000kg  e:100g  Min:2kg  Class:III,84239020,1.00,0.00,0.0,2159.82,11999.00,,FALSE,99381000000035236,Sales,PLT1000,,,,,nos,11999.00,Taxable,99381000000006196,IGST18,18.00,ItemAmount,,,,0.00,0.00,18.00,0.00,0.00,0.00,2159.82,0.00,0.00,0.00,2159.82,0.00,,goods,,,
2021-12-24,99381000004495001,EST394,draft,99381000001804165,Cochin,,,INR,1.00,entity_level,true,0.00,false,17379.00,20507.00,0.00,Looking forward for your business.,,MARATHWADA SCALES 9403004477,27,27-Maharashtra,business_gst,27AMPPS6999F1ZZ,NO,NO,,,Athira(Outside Kerala),"SHOP NO 7-2-278/1
KELI MARKET",NANDED,Maharashtra,India,431604,,Standard Template,Adjustment,"SHOP NO 7-2-278/1
KELI MARKET",NANDED,Maharashtra,India,431604,,3,,,,0.000,,,,0.00,0.000,,,,0.00,,,,,,,,Floor Scale Indicator,,84239020,1.00,0.00,0.0,324.00,1800.00,,FALSE,99381000000306107,Sales,FSIND,,,,,nos,1800.00,Taxable,99381000000006196,IGST18,18.00,ItemAmount,,,,0.00,0.00,18.00,0.00,0.00,0.00,324.00,0.00,0.00,0.00,324.00,0.00,,goods,,,
2021-12-24,99381000004495001,EST394,draft,99381000001804165,Cochin,,,INR,1.00,entity_level,true,0.00,false,17379.00,20507.00,0.00,Looking forward for your business.,,MARATHWADA SCALES 9403004477,27,27-Maharashtra,business_gst,27AMPPS6999F1ZZ,NO,NO,,,Athira(Outside Kerala),"SHOP NO 7-2-278/1
KELI MARKET",NANDED,Maharashtra,India,431604,,Standard Template,Adjustment,"SHOP NO 7-2-278/1
KELI MARKET",NANDED,Maharashtra,India,431604,,3,,,,0.000,,,,0.00,0.000,,,,0.00,,,,,,,,ATM JUNIOR YS669,"Make : YESWEIGH Model : YSP-20
Max : 20kg e:2g Min:40g
Class : III",84231000,2.00,0.00,0.0,644.40,3580.00,,FALSE,99381000001247038,Sales,YS669,,,,,nos,1790.00,Taxable,99381000000006196,IGST18,18.00,ItemAmount,,,,0.00,0.00,18.00,0.00,0.00,0.00,644.40,0.00,0.00,0.00,644.40,0.00,,goods,,,
2021-12-27,99381000004502394,EST395,invoiced,99381000004502422,Cochin,,,INR,1.00,entity_level,true,0.00,false,15660.00,18479.00,0.00,Looking forward for your business.,,KAGALE NOVELTIES,29,29-Karnataka,business_gst,29BQBPK0738F2ZY,NO,NO,,,Biju B,"Old P.B. Road,Shankeshwar",Belgavi,Karnataka,India,591313,,Standard Template,Adjustment,"Old P.B. Road,Shankeshwar",Belgavi,Karnataka,India,591313,,1,,,,0.000,,,,0.00,0.000,,,,0.00,,,,,,,,Platform Scale,"Make: YESWEIGH Model:YSP-50
Max:50kg e:5g Min:100g Class:III",84238290,4.00,0.00,0.0,1692.00,9400.00,,FALSE,99381000004079187,Sales,BENCHPCD,,,,,nos,2350.00,Taxable,99381000000006196,IGST18,18.00,ItemAmount,,,,0.00,0.00,18.00,0.00,0.00,0.00,1692.00,0.00,0.00,0.00,1692.00,0.00,,goods,,,
2021-12-27,99381000004502394,EST395,invoiced,99381000004502422,Cochin,,,INR,1.00,entity_level,true,0.00,false,15660.00,18479.00,0.00,Looking forward for your business.,,KAGALE NOVELTIES,29,29-Karnataka,business_gst,29BQBPK0738F2ZY,NO,NO,,,Biju B,"Old P.B. Road,Shankeshwar",Belgavi,Karnataka,India,591313,,Standard Template,Adjustment,"Old P.B. Road,Shankeshwar",Belgavi,Karnataka,India,591313,,1,,,,0.000,,,,0.00,0.000,,,,0.00,,,,,,,,Price Computing scale,"Make: YESWEIGH  Model:YSP-20
Max:20kg  e:2g  Min:40g  Class:III",84231000,2.00,0.00,0.0,676.80,3760.00,,FALSE,99381000000016031,Sales,ATMPC,,,,,nos,1880.00,Taxable,99381000000006196,IGST18,18.00,ItemAmount,,,,0.00,0.00,18.00,0.00,0.00,0.00,676.80,0.00,0.00,0.00,676.80,0.00,,goods,,,
2021-12-27,99381000004502394,EST395,invoiced,99381000004502422,Cochin,,,INR,1.00,entity_level,true,0.00,false,15660.00,18479.00,0.00,Looking forward for your business.,,KAGALE NOVELTIES,29,29-Karnataka,business_gst,29BQBPK0738F2ZY,NO,NO,,,Biju B,"Old P.B. Road,Shankeshwar",Belgavi,Karnataka,India,591313,,Standard Template,Adjustment,"Old P.B. Road,Shankeshwar",Belgavi,Karnataka,India,591313,,1,,,,0.000,,,,0.00,0.000,,,,0.00,,,,,,,,ELECTRONIC PLATFORM SCALE-100kg,"Model : YSP PC Capacity :50kg/100kg e :5g/10g
Size : 30*40 cm, Accuracy : Dual Display :LED(Red),With Back Rail",84238290,1.00,0.00,0.0,450.00,2500.00,,FALSE,99381000003880548,Sales,BEN30X40MSBR,,,,,nos,2500.00,Taxable,99381000000006196,IGST18,18.00,ItemAmount,,,,0.00,0.00,18.00,0.00,0.00,0.00,450.00,0.00,0.00,0.00,450.00,0.00,,goods,,,
2021-12-31,99381000004523035,EST396,invoiced,99381000000014358,Cochin,,,INR,1.00,entity_level,true,0.00,false,11628.00,13721.00,0.00,Looking forward for your business.,,MARVEL ELECTRONICS,32,32-Kerala,business_gst,32BQUPA8911M1ZH,NO,NO,,,Athira (Inside Kerala),"1/662 - A1, Henry Electrical Building",Thrissur,Kerala,,680503,,Standard Template,Adjustment,"1/662 - A1, Henry Electrical Building",Thrissur,Kerala,,680503,,1,,,,0.000,,,,0.00,0.000,,,,0.00,,,,,,,,ELECTRONIC PLATFORM SCALE 50-100kg,"Model : YSP PC Capacity : 50kg/100kg e:5g/10g
Size : 30*40cm, Plate : SS, Display : LED (Red) Accuracy :Dual",84238290,4.00,0.00,0.0,1692.00,9400.00,,FALSE,99381000004032287,Sales,BEN340,,,,,nos,2350.00,Taxable,99381000000006208,GST18,18.00,Tax Group,,,,9.00,9.00,0.00,0.00,846.00,846.00,0.00,0.00,846.00,846.00,0.00,0.00,,goods,,,
2021-12-31,99381000004523035,EST396,invoiced,99381000000014358,Cochin,,,INR,1.00,entity_level,true,0.00,false,11628.00,13721.00,0.00,Looking forward for your business.,,MARVEL ELECTRONICS,32,32-Kerala,business_gst,32BQUPA8911M1ZH,NO,NO,,,Athira (Inside Kerala),"1/662 - A1, Henry Electrical Building",Thrissur,Kerala,,680503,,Standard Template,Adjustment,"1/662 - A1, Henry Electrical Building",Thrissur,Kerala,,680503,,1,,,,0.000,,,,0.00,0.000,,,,0.00,,,,,,,,Government Stamping Fee / Expense for 50kg/100Kg,,998729,4.00,0.00,0.0,349.20,1940.00,,FALSE,99381000004396516,Sales,SF50100,,,,,nos,485.00,Taxable,99381000000006208,GST18,18.00,Tax Group,,,,9.00,9.00,0.00,0.00,174.60,174.60,0.00,0.00,174.60,174.60,0.00,0.00,,goods,,,
2021-12-31,99381000004523035,EST396,invoiced,99381000000014358,Cochin,,,INR,1.00,entity_level,true,0.00,false,11628.00,13721.00,0.00,Looking forward for your business.,,MARVEL ELECTRONICS,32,32-Kerala,business_gst,32BQUPA8911M1ZH,NO,NO,,,Athira (Inside Kerala),"1/662 - A1, Henry Electrical Building",Thrissur,Kerala,,680503,,Standard Template,Adjustment,"1/662 - A1, Henry Electrical Building",Thrissur,Kerala,,680503,,1,,,,0.000,,,,0.00,0.000,,,,0.00,,,,,,,,Freight Charges,,996819,32.00,0.00,0.0,51.84,288.00,,FALSE,99381000000557009,Sales,COCS,,,,,kg,9.00,Taxable,99381000000006208,GST18,18.00,Tax Group,,,,9.00,9.00,0.00,0.00,25.92,25.92,0.00,0.00,25.92,25.92,0.00,0.00,,service,,,
2022-01-12,99381000004584646,EST397,draft,99381000001598697,Cochin,,,INR,1.00,entity_level,true,0.00,false,73500.00,86730.00,0.00,Looking forward for your business.,,Nihar Marketing,29,29-Karnataka,business_gst,29ACIPS8463R1ZB,NO,NO,,,Biju B,"Anu- Dhanu Arcade,1# 1st cross",Bangalore,karnataka,India,,,Standard Template,Adjustment,"Anu- Dhanu Archade,1#, 1st cross",Bangalore,Karnataka,India,560072,,1,,,,0.000,,,,0.00,0.000,,,,0.00,,,,,,,,ELECTRONIC PLATFORM SCALE 50-100kg,"Model : YSP PC Capacity : 50kg/100kg e:5g/10g
Size : 30*40cm, Plate : SS, Display : LED (Red) Accuracy :Dual",84238290,6.00,0.00,0.0,2592.00,14400.00,,FALSE,99381000004032287,Sales,BEN340,,,,,nos,2400.00,Taxable,99381000000006196,IGST18,18.00,ItemAmount,,,,0.00,0.00,18.00,0.00,0.00,0.00,2592.00,0.00,0.00,0.00,2592.00,0.00,,goods,,,
2022-01-12,99381000004584646,EST397,draft,99381000001598697,Cochin,,,INR,1.00,entity_level,true,0.00,false,73500.00,86730.00,0.00,Looking forward for your business.,,Nihar Marketing,29,29-Karnataka,business_gst,29ACIPS8463R1ZB,NO,NO,,,Biju B,"Anu- Dhanu Arcade,1# 1st cross",Bangalore,karnataka,India,,,Standard Template,Adjustment,"Anu- Dhanu Archade,1#, 1st cross",Bangalore,Karnataka,India,560072,,1,,,,0.000,,,,0.00,0.000,,,,0.00,,,,,,,,ELECTRONIC PLATFORM SCALE-100kg,"Model : YSP PC Capacity :50kg/100kg e :5g/10g
Size : 30*40 cm, Accuracy : Dual Display :LED(Red),With Back Rail",84238290,6.00,0.00,0.0,2592.00,14400.00,,FALSE,99381000003880548,Sales,BEN30X40MSBR,,,,,nos,2400.00,Taxable,99381000000006196,IGST18,18.00,ItemAmount,,,,0.00,0.00,18.00,0.00,0.00,0.00,2592.00,0.00,0.00,0.00,2592.00,0.00,,goods,,,
2022-01-12,99381000004584646,EST397,draft,99381000001598697,Cochin,,,INR,1.00,entity_level,true,0.00,false,73500.00,86730.00,0.00,Looking forward for your business.,,Nihar Marketing,29,29-Karnataka,business_gst,29ACIPS8463R1ZB,NO,NO,,,Biju B,"Anu- Dhanu Arcade,1# 1st cross",Bangalore,karnataka,India,,,Standard Template,Adjustment,"Anu- Dhanu Archade,1#, 1st cross",Bangalore,Karnataka,India,560072,,1,,,,0.000,,,,0.00,0.000,,,,0.00,,,,,,,,Platform Weighing Scale 30x34 SS,Max : 50kg  e: 5g Class III,84238290,12.00,0.00,0.0,5184.00,28800.00,,FALSE,99381000003938861,Sales,PFPC30X34SS,,,,,nos,2400.00,Taxable,99381000000006196,IGST18,18.00,ItemAmount,,,,0.00,0.00,18.00,0.00,0.00,0.00,5184.00,0.00,0.00,0.00,5184.00,0.00,,goods,,,
2022-01-12,99381000004584646,EST397,draft,99381000001598697,Cochin,,,INR,1.00,entity_level,true,0.00,false,73500.00,86730.00,0.00,Looking forward for your business.,,Nihar Marketing,29,29-Karnataka,business_gst,29ACIPS8463R1ZB,NO,NO,,,Biju B,"Anu- Dhanu Arcade,1# 1st cross",Bangalore,karnataka,India,,,Standard Template,Adjustment,"Anu- Dhanu Archade,1#, 1st cross",Bangalore,Karnataka,India,560072,,1,,,,0.000,,,,0.00,0.000,,,,0.00,,,,,,,,ELECTRONICS SCALE - PLATFOM MS,"40x40cm MS portable scale with SS chequred  plate 
Capacity : 300kg/50g, 1901 single display indicator, Li battery",84238290,6.00,0.00,0.0,2862.00,15900.00,,FALSE,99381000003192114,Sales,MSCKNSCALE40X40,,,,,nos,2650.00,Taxable,99381000000006196,IGST18,18.00,ItemAmount,,,,0.00,0.00,18.00,0.00,0.00,0.00,2862.00,0.00,0.00,0.00,2862.00,0.00,,goods,,,
2022-01-31,99381000004677581,EST398,invoiced,99381000002352361,Cochin,,,INR,1.00,entity_level,true,0.00,false,75405.00,88978.00,0.00,Looking forward for your business.,,M/s.Meezan Enterprises,27,27-Maharashtra,business_gst,27AEQPC0479P1ZV,NO,NO,,,Athira(Outside Kerala),"C/off, Zain Enterprises,
B, 2nd Floor, 
Potia Industrial Estate,",Mumbai,Maharashtra,India,400010,,Standard Template,Adjustment,"C/off, Zain Enterprises,
B, 2nd Floor, 
Potia Industrial Estate,",Mumbai,Maharashtra,India,400010,,1,,,,0.000,,,,0.00,0.000,,,,0.00,,,,,,,,Label Printing Scale Q9LBL,Make:YESWEIGH  Model:YS-30   Max:30kg  e:5g  Min:100g  Class:III,84231000,3.00,0.00,0.0,7830.00,43500.00,,FALSE,99381000002536240,Sales,Q9LBL,,,,,nos,14500.00,Taxable,99381000000006196,IGST18,18.00,ItemAmount,,,,0.00,0.00,18.00,0.00,0.00,0.00,7830.00,0.00,0.00,0.00,7830.00,0.00,,goods,,,
2022-01-31,99381000004677581,EST398,invoiced,99381000002352361,Cochin,,,INR,1.00,entity_level,true,0.00,false,75405.00,88978.00,0.00,Looking forward for your business.,,M/s.Meezan Enterprises,27,27-Maharashtra,business_gst,27AEQPC0479P1ZV,NO,NO,,,Athira(Outside Kerala),"C/off, Zain Enterprises,
B, 2nd Floor, 
Potia Industrial Estate,",Mumbai,Maharashtra,India,400010,,Standard Template,Adjustment,"C/off, Zain Enterprises,
B, 2nd Floor, 
Potia Industrial Estate,",Mumbai,Maharashtra,India,400010,,1,,,,0.000,,,,0.00,0.000,,,,0.00,,,,,,,,DIGITAL KITCHEN SCALE,"Make : YESWEIGH Model :YSK-5
Capacity : 5kg e : 0.1g
",84238190,50.00,0.00,0.0,3825.00,21250.00,,FALSE,99381000003586686,Sales,EK6005,,,,,nos,425.00,Taxable,99381000000006196,IGST18,18.00,ItemAmount,,,,0.00,0.00,18.00,0.00,0.00,0.00,3825.00,0.00,0.00,0.00,3825.00,0.00,,goods,,,
2022-01-31,99381000004677581,EST398,invoiced,99381000002352361,Cochin,,,INR,1.00,entity_level,true,0.00,false,75405.00,88978.00,0.00,Looking forward for your business.,,M/s.Meezan Enterprises,27,27-Maharashtra,business_gst,27AEQPC0479P1ZV,NO,NO,,,Athira(Outside Kerala),"C/off, Zain Enterprises,
B, 2nd Floor, 
Potia Industrial Estate,",Mumbai,Maharashtra,India,400010,,Standard Template,Adjustment,"C/off, Zain Enterprises,
B, 2nd Floor, 
Potia Industrial Estate,",Mumbai,Maharashtra,India,400010,,1,,,,0.000,,,,0.00,0.000,,,,0.00,,,,,,,,Government Stamping Fee /Expense for 30 kg,,998729,3.00,0.00,0.0,261.90,1455.00,,FALSE,99381000000186027,Sales,SF30,,,,,nos,485.00,Taxable,99381000000006196,IGST18,18.00,ItemAmount,,,,0.00,0.00,18.00,0.00,0.00,0.00,261.90,0.00,0.00,0.00,261.90,0.00,,goods,,,
2022-01-31,99381000004677581,EST398,invoiced,99381000002352361,Cochin,,,INR,1.00,entity_level,true,0.00,false,75405.00,88978.00,0.00,Looking forward for your business.,,M/s.Meezan Enterprises,27,27-Maharashtra,business_gst,27AEQPC0479P1ZV,NO,NO,,,Athira(Outside Kerala),"C/off, Zain Enterprises,
B, 2nd Floor, 
Potia Industrial Estate,",Mumbai,Maharashtra,India,400010,,Standard Template,Adjustment,"C/off, Zain Enterprises,
B, 2nd Floor, 
Potia Industrial Estate,",Mumbai,Maharashtra,India,400010,,1,,,,0.000,,,,0.00,0.000,,,,0.00,,,,,,,,Platform Weighing Scale 30x34 SS,Max : 50kg  e: 5g Class III,84238290,4.00,0.00,0.0,1656.00,9200.00,,FALSE,99381000003938861,Sales,PFPC30X34SS,,,,,nos,2300.00,Taxable,99381000000006196,IGST18,18.00,ItemAmount,,,,0.00,0.00,18.00,0.00,0.00,0.00,1656.00,0.00,0.00,0.00,1656.00,0.00,,goods,,,
2022-02-03,99381000004687385,EST399,invoiced,99381000002672003,Cochin,,,INR,1.00,entity_level,true,0.00,false,203000.00,239540.00,0.00,Looking forward for your business.,,Diamond Weighing Systems Private Limited,36,36-Telangana,business_gst,36AAICD2482N1Z7,NO,NO,,,Athira(Outside Kerala),#15-2-399 to 403,"Hyderabad, MOB :9704437867",Telangana,India,500012,,Standard Template,Adjustment,#15-2-399 to 403,"Hyderabad, MOB :9704437867",Telangana,India,500012,,1,,,,0.000,,,,0.00,0.000,,,,0.00,,,,,,,,Platform Weighing Scale 30x34 SS,Max : 50kg  e: 5g Class III,84238290,100.00,0.00,0.0,36540.00,203000.00,,FALSE,99381000003938861,Sales,PFPC30X34SS,,,,,nos,2030.00,Taxable,99381000000006196,IGST18,18.00,ItemAmount,,,,0.00,0.00,18.00,0.00,0.00,0.00,36540.00,0.00,0.00,0.00,36540.00,0.00,,goods,,,
2022-02-14,99381000004759031,EST400,draft,99381000004751997,Cochin,,,INR,1.00,entity_level,true,0.00,false,11000.00,12980.00,0.00,Looking forward for your business.,,DIGITAL WEIGHING SOLUTIONS,36,36-Telangana,business_none,,NO,NO,,,Biju B,"# 16-2-233/1
Ramavaram",Kothagudem,Telangana,India,507101,,Standard Template,Adjustment,"# 16-2-233/1
Ramavaram",Kothagudem,Telangana,India,507101,,1,,,,0.000,,,,0.00,0.000,,,,0.00,,,,,,,,PLATFORM SCALE,"Make: YESWEIGH  Model:YSP-50
Max:50kg  e:5g  Min:100g  Class:III",84231000,4.00,0.00,0.0,1980.00,11000.00,,FALSE,99381000002790630,Sales,YS50GY,,,,,nos,2750.00,Taxable,99381000000006196,IGST18,18.00,ItemAmount,,,,0.00,0.00,18.00,0.00,0.00,0.00,1980.00,0.00,0.00,0.00,1980.00,0.00,,goods,,,
2022-02-14,99381000004759106,EST401,draft,99381000004759075,Cochin,,,INR,1.00,entity_level,true,0.00,false,5500.00,6490.00,0.00,Looking forward for your business.,,SAI ENGINEERS,27,27-Maharashtra,business_gst,27FBTPS4750N1ZJ,NO,NO,,,Biju B,"1st floor,  Bharadiya  complex,  old  monda",NANDED,Maharashtra,,431602,,Standard Template,Adjustment,"1st floor,  Bharadiya  complex,  old  monda",NANDED,Maharashtra,,431602,,1,,,,0.000,,,,0.00,0.000,,,,0.00,,,,,,,,ELECTRONIC PLATFORM SCALE 50-100kg,"Model : YSP PC Capacity : 50kg/100kg e:5g/10g
Size : 30*40cm, Plate : SS, Display : LED (Red) Accuracy :Dual",84238290,2.00,0.00,0.0,990.00,5500.00,,FALSE,99381000004032287,Sales,BEN340,,,,,nos,2750.00,Taxable,99381000000006196,IGST18,18.00,ItemAmount,,,,0.00,0.00,18.00,0.00,0.00,0.00,990.00,0.00,0.00,0.00,990.00,0.00,,goods,,,
2022-02-14,99381000004759199,EST402,invoiced,99381000004759120,Cochin,,,INR,1.00,entity_level,true,0.00,false,5580.00,6584.00,0.00,Looking forward for your business.,,NOVA WEIGH INDUSTRIES,3,03-Punjab,business_gst,03ALVPK0236G1Z9,NO,NO,,,Biju B,"ALFA RADIATOR WALI GALI, SAMRALA CHOWK, NEAR
PERFECT PALACE",LUDHIANA,Telangana,India,141008,,Standard Template,Adjustment,"ALFA RADIATOR WALI GALI, SAMRALA CHOWK, NEAR
PERFECT PALACE",LUDHIANA,Telangana,India,141008,,1,,,,0.000,,,,0.00,0.000,,,,0.00,,,,,,,,Price Computing scale,"Make: YESWEIGH  Model:YSP-20
Max:20kg  e:2g  Min:40g  Class:III",84231000,1.00,0.00,0.0,356.40,1980.00,,FALSE,99381000000016031,Sales,ATMPC,,,,,nos,1980.00,Taxable,99381000000006196,IGST18,18.00,ItemAmount,,,,0.00,0.00,18.00,0.00,0.00,0.00,356.40,0.00,0.00,0.00,356.40,0.00,,goods,,,
2022-02-14,99381000004759199,EST402,invoiced,99381000004759120,Cochin,,,INR,1.00,entity_level,true,0.00,false,5580.00,6584.00,0.00,Looking forward for your business.,,NOVA WEIGH INDUSTRIES,3,03-Punjab,business_gst,03ALVPK0236G1Z9,NO,NO,,,Biju B,"ALFA RADIATOR WALI GALI, SAMRALA CHOWK, NEAR
PERFECT PALACE",LUDHIANA,Telangana,India,141008,,Standard Template,Adjustment,"ALFA RADIATOR WALI GALI, SAMRALA CHOWK, NEAR
PERFECT PALACE",LUDHIANA,Telangana,India,141008,,1,,,,0.000,,,,0.00,0.000,,,,0.00,,,,,,,,PLATFORM SCALE 40X40 SS,"40X40CM Platform Scale, 150kg/20g, 1702 double display, green led indicator, AC Charger. 4V battery, SS pan, with SS back rail, SS pole, SS top platform, MS Frame",84239020,1.00,0.00,0.0,648.00,3600.00,,FALSE,99381000003192139,Sales,PF4040,,,,,nos,3600.00,Taxable,99381000000006196,IGST18,18.00,ItemAmount,,,,0.00,0.00,18.00,0.00,0.00,0.00,648.00,0.00,0.00,0.00,648.00,0.00,,goods,,,
2022-02-15,99381000004761391,EST403,draft,99381000000112170,Cochin,,,INR,1.00,entity_level,true,0.00,false,2425.00,2862.00,0.00,Looking forward for your business.,,MEEZAN ELECTRONIC SCALES PRIVATE LIMITED,32,32-Kerala,business_gst,32AAECM1277C1ZY,NO,NO,,,Biju B,,,Kerala,India,,,Standard Template,Adjustment,"8/308A Meezan Tower 
Calicut Road , Manjeri",MANJERI,Kerala,India,676121,,1,,,,0.000,,,,0.00,0.000,,,,0.00,,,,,,,,Government Stamping Fee / Expense for 100Kg,,998729,5.00,0.00,0.0,436.50,2425.00,,FALSE,99381000000663063,Sales,SF100,,,,,nos,485.00,Taxable,99381000000006208,GST18,18.00,Tax Group,,,,9.00,9.00,0.00,0.00,218.25,218.25,0.00,0.00,218.25,218.25,0.00,0.00,,goods,,,
2022-02-16,99381000004780001,EST404,draft,99381000004135315,Cochin,,,INR,1.00,entity_level,true,0.00,false,23000.00,27140.00,0.00,Looking forward for your business.,,GENIUS INSTRUMENTS,24,24-Gujarat,business_gst,24ARHPP3800B1ZC,NO,NO,,,Athira(Outside Kerala),"5/908,Shri Ram Nivas
Opp.Rangrej Tower-A",Surat,Gujarat,India,395003,,Standard Template,Adjustment,"5/908,Shri Ram Nivas
Opp.Rangrej Tower-A",Surat,Gujarat,India,395003,,1,,,,0.000,,,,0.00,0.000,,,,0.00,,,,,,,,Analytical Balance 200g/0.0001g -External,Model :YSA  SKU : YSA 2004E,90160020,1.00,0.00,0.0,4140.00,23000.00,,FALSE,99381000003934056,Sales,YSA204E,,,,,nos,23000.00,Taxable,99381000000006196,IGST18,18.00,ItemAmount,,,,0.00,0.00,18.00,0.00,0.00,0.00,4140.00,0.00,0.00,0.00,4140.00,0.00,,goods,,,
2022-02-17,99381000004783007,EST405,invoiced,99381000004789017,Cochin,,,INR,1.00,entity_level,true,0.00,false,20900.00,24662.00,0.00,Looking forward for your business.,,A.HUSEINBHAI & SONS,27,27-Maharashtra,business_gst,27AASPB8278R1ZL,NO,NO,,,Biju B,"146,Bazar peth,zhenda naka",BHIWANDI,Maharashtra,,421302,,Standard Template,Adjustment,"146,Bazar peth,zhenda naka",BHIWANDI,Maharashtra,,421302,,3,,,,0.000,,,,0.00,0.000,,,,0.00,,,,,,,,Price Computing scale,"Make: YESWEIGH  Model:YSP-20
Max:20kg  e:2g  Min:40g  Class:III",84231000,5.00,0.00,0.0,1782.00,9900.00,,FALSE,99381000000016031,Sales,ATMPC,,,,,nos,1980.00,Taxable,99381000000006196,IGST18,18.00,ItemAmount,,,,0.00,0.00,18.00,0.00,0.00,0.00,1782.00,0.00,0.00,0.00,1782.00,0.00,,goods,,,
2022-02-17,99381000004783007,EST405,invoiced,99381000004789017,Cochin,,,INR,1.00,entity_level,true,0.00,false,20900.00,24662.00,0.00,Looking forward for your business.,,A.HUSEINBHAI & SONS,27,27-Maharashtra,business_gst,27AASPB8278R1ZL,NO,NO,,,Biju B,"146,Bazar peth,zhenda naka",BHIWANDI,Maharashtra,,421302,,Standard Template,Adjustment,"146,Bazar peth,zhenda naka",BHIWANDI,Maharashtra,,421302,,3,,,,0.000,,,,0.00,0.000,,,,0.00,,,,,,,,PLATFORM SCALE,"Make: YESWEIGH  Model:YSP-50
Max:50kg  e:5g  Min:100g  Class:III",84231000,4.00,0.00,0.0,1980.00,11000.00,,FALSE,99381000002790630,Sales,YS50GY,,,,,nos,2750.00,Taxable,99381000000006196,IGST18,18.00,ItemAmount,,,,0.00,0.00,18.00,0.00,0.00,0.00,1980.00,0.00,0.00,0.00,1980.00,0.00,,goods,,,
2022-02-17,99381000004794027,EST406,draft,99381000004794001,Cochin,,,INR,1.00,entity_level,true,0.00,false,9950.00,11741.00,0.00,Looking forward for your business.,,SHREE BALAJI ENTERPRISES,6,06-Haryana,business_none,,NO,NO,,,Athira(Outside Kerala),Lala Dungarmal Market,Hisar,Haryana,India,125052,,Standard Template,Adjustment,Lala Dungarmal Market,Hisar,Haryana,India,125052,,1,,,,0.000,,,,0.00,0.000,,,,0.00,,,,,,,,ATM JUNIOR YS669,"Make : YESWEIGH Model : YSP-20
Max : 20kg e:2g Min:40g
Class : III",84231000,5.00,0.00,0.0,1791.00,9950.00,,FALSE,99381000001247038,Sales,YS669,,,,,nos,1990.00,Taxable,99381000000006196,IGST18,18.00,ItemAmount,,,,0.00,0.00,18.00,0.00,0.00,0.00,1791.00,0.00,0.00,0.00,1791.00,0.00,,goods,,,
2022-03-10,99381000004928053,EST407,draft,99381000004928027,Cochin,,,INR,1.00,entity_level,true,0.00,false,29400.00,34692.00,0.00,Looking forward for your business.,,NATIONAL STANDARD SCALES,37,37-Andhra Pradesh,business_none,,NO,NO,,,Biju B,"NTR circle
abubakar shaik  shop",Guntur,Andhra Pradesh,India,522001,,Standard Template,Adjustment,"NTR circle
abubakar shaik  shop",Guntur,Andhra Pradesh,India,522001,,1,,,,0.000,,,,0.00,0.000,,,,0.00,,,,,,,,PLATFORM PRICE COMPUTING SCALE (RED),"Make: YESWEIGH Model:YSP-50
Max:50kg e:5g Min:100g Class:III
Display : Red",84238290,12.00,0.00,0.0,5292.00,29400.00,,FALSE,99381000005432019,Sales,GR2204R,,,,,nos,2450.00,Taxable,99381000000006196,IGST18,18.00,ItemAmount,,,,0.00,0.00,18.00,0.00,0.00,0.00,5292.00,0.00,0.00,0.00,5292.00,0.00,,goods,,,
2022-04-08,99381000005099005,EST409,draft,99381000001702591,Cochin,,,INR,1.00,entity_level,true,0.00,false,1600.00,1888.00,0.00,Looking forward for your business.,,BEETA SCALES,32,32-Kerala,business_gst,32BTLPM0140A1ZG,NO,NO,,,Binsha (Inside Kerala),"Beeta scales,  V.M Building, Near K.S.E.B Office",Wayanad,Kerala,India,673591,,Standard Template,Adjustment,"Beeta scales,  V.M Building, Near K.S.E.B Office",Wayanad,Kerala,India,673591,,1,,,,0.000,,,,0.00,0.000,,,,0.00,,,,,,,,Government Stamping Fee / Expense for 20 KG,,998729,5.00,0.00,0.0,288.00,1600.00,,FALSE,99381000000172016,Sales,SF20,,,,,nos,320.00,Taxable,99381000000006208,GST18,18.00,Tax Group,,,,9.00,9.00,0.00,0.00,144.00,144.00,0.00,0.00,144.00,144.00,0.00,0.00,,goods,,,
2022-04-18,99381000005167001,EST410,draft,99381000001907505,Cochin,,,INR,1.00,entity_level,true,0.00,false,108250.00,127735.00,0.00,Looking forward for your business.,,Al Awwal International,1,01-Jammu and Kashmir,business_gst,01EHPPS4732F1Z9,NO,NO,,,Athira(Outside Kerala),Old Zaina Kadal Gurgadi Mohalla,Srinagar,Jammu and Kashmir,India,190002,,Standard Template,Adjustment,"Old Zaina Kadal Gurgadi Mohalla
Near Govt boys higher secondary School",,Jammu and Kashmir,India,190002,,1,,,,0.000,,,,0.00,0.000,,,,0.00,,,,,,,,Platform Weighing Scale (FG),,84238290,50.00,0.00,0.0,19485.00,108250.00,,FALSE,99381000004981828,Sales,BY5030FG,,,,,nos,2165.00,Taxable,99381000000006196,IGST18,18.00,ItemAmount,,,,0.00,0.00,18.00,0.00,0.00,0.00,19485.00,0.00,0.00,0.00,19485.00,0.00,,goods,,,
2022-04-26,99381000005221011,EST411,draft,99381000001652003,Cochin,,,INR,1.00,entity_level,true,0.00,false,25000.00,29500.00,0.00,Looking forward for your business.,,M/S ANAND PRAKASH GUPTA AND SONS,5,05-Uttarakhand,business_gst,05AGYPG9211F1ZA,NO,NO,,,Ankit Kumar Sharma,"29,RAJA ROAD",UTTARAKHAND,Uttarakhand,India,248001,,Standard Template,,"29,RAJA ROAD",UTTARAKHAND,Uttarakhand,India,248001,,3,,,,0.000,,,,0.00,0.000,,,,0.00,,,,,,,,ELECTRONIC PLATFORM SCALE 50-100kg,"Model : YSP PC Capacity : 50kg/100kg e:5g/10g
Size : 30*40cm, Plate : SS, Display : LED (Red) Accuracy :Dual",84238290,10.00,0.00,0.0,4500.00,25000.00,,FALSE,99381000004032287,Sales,BEN340,,,,,nos,2500.00,Taxable,99381000000006196,IGST18,18.00,ItemAmount,,,,0.00,0.00,18.00,0.00,0.00,0.00,4500.00,0.00,0.00,0.00,4500.00,0.00,,goods,,,
2022-06-22,99381000005591112,EST412,draft,99381000005061003,Cochin,,,INR,1.00,entity_level,true,0.00,false,190100.00,224318.00,0.00,Looking forward for your business.,,THAKUR SAHAB  KANTE WALE,9,09-Uttar Pradesh,business_gst,09EASPS1800L1Z4,NO,NO,,,Athira(Outside Kerala),"Near Dr. Sathish Verma,Mohan gang gantagar",Hathras,Uttar Pradesh,India,204101,,Standard Template,Adjustment,"Near Dr. Sathish Verma,Mohan gang gantagar",Hathras,Uttar Pradesh,India,204101,,1,,,,0.000,,,,0.00,0.000,,,,0.00,,,,,,,,Price Computing scale,"Make: YESWEIGH  Model:YSP-20
Max:20kg  e:2g  Min:40g  Class:III",84231000,10.00,0.00,0.0,3564.00,19800.00,,FALSE,99381000000016031,Sales,ATMPC,,,,,nos,1980.00,Taxable,99381000000006196,IGST18,18.00,ItemAmount,,,,0.00,0.00,18.00,0.00,0.00,0.00,3564.00,0.00,0.00,0.00,3564.00,0.00,,goods,,,
2022-06-22,99381000005591112,EST412,draft,99381000005061003,Cochin,,,INR,1.00,entity_level,true,0.00,false,190100.00,224318.00,0.00,Looking forward for your business.,,THAKUR SAHAB  KANTE WALE,9,09-Uttar Pradesh,business_gst,09EASPS1800L1Z4,NO,NO,,,Athira(Outside Kerala),"Near Dr. Sathish Verma,Mohan gang gantagar",Hathras,Uttar Pradesh,India,204101,,Standard Template,Adjustment,"Near Dr. Sathish Verma,Mohan gang gantagar",Hathras,Uttar Pradesh,India,204101,,1,,,,0.000,,,,0.00,0.000,,,,0.00,,,,,,,,ELECTRONIC PLATFORM SCALE 50-100kg,"Model : YSP PC Capacity : 50kg/100kg e:5g/10g
Size : 30*40cm, Plate : SS, Display : LED (Red) Accuracy :Dual",84238290,4.00,0.00,0.0,1872.00,10400.00,,FALSE,99381000004032287,Sales,BEN340,,,,,nos,2600.00,Taxable,99381000000006196,IGST18,18.00,ItemAmount,,,,0.00,0.00,18.00,0.00,0.00,0.00,1872.00,0.00,0.00,0.00,1872.00,0.00,,goods,,,
2022-06-22,99381000005591112,EST412,draft,99381000005061003,Cochin,,,INR,1.00,entity_level,true,0.00,false,190100.00,224318.00,0.00,Looking forward for your business.,,THAKUR SAHAB  KANTE WALE,9,09-Uttar Pradesh,business_gst,09EASPS1800L1Z4,NO,NO,,,Athira(Outside Kerala),"Near Dr. Sathish Verma,Mohan gang gantagar",Hathras,Uttar Pradesh,India,204101,,Standard Template,Adjustment,"Near Dr. Sathish Verma,Mohan gang gantagar",Hathras,Uttar Pradesh,India,204101,,1,,,,0.000,,,,0.00,0.000,,,,0.00,,,,,,,,ELECTRONIC PLATFORM SCALE-100kg,"Model : YSP PC Capacity :50kg/100kg e :5g/10g
Size : 30*40 cm, Accuracy : Dual Display :LED(Red),With Back Rail",84238290,4.00,0.00,0.0,1872.00,10400.00,,FALSE,99381000003880548,Sales,BEN30X40MSBR,,,,,nos,2600.00,Taxable,99381000000006196,IGST18,18.00,ItemAmount,,,,0.00,0.00,18.00,0.00,0.00,0.00,1872.00,0.00,0.00,0.00,1872.00,0.00,,goods,,,
2022-06-22,99381000005591112,EST412,draft,99381000005061003,Cochin,,,INR,1.00,entity_level,true,0.00,false,190100.00,224318.00,0.00,Looking forward for your business.,,THAKUR SAHAB  KANTE WALE,9,09-Uttar Pradesh,business_gst,09EASPS1800L1Z4,NO,NO,,,Athira(Outside Kerala),"Near Dr. Sathish Verma,Mohan gang gantagar",Hathras,Uttar Pradesh,India,204101,,Standard Template,Adjustment,"Near Dr. Sathish Verma,Mohan gang gantagar",Hathras,Uttar Pradesh,India,204101,,1,,,,0.000,,,,0.00,0.000,,,,0.00,,,,,,,,Floor Scale 1mx1m,Make: YES WEIGH  Model:YSP-1000 Max:1000kg  e:100g  Min:2kg  Class:III,84239020,2.00,0.00,0.0,4500.00,25000.00,,FALSE,99381000000035236,Sales,PLT1000,,,,,nos,12500.00,Taxable,99381000000006196,IGST18,18.00,ItemAmount,,,,0.00,0.00,18.00,0.00,0.00,0.00,4500.00,0.00,0.00,0.00,4500.00,0.00,,goods,,,
2022-06-22,99381000005591112,EST412,draft,99381000005061003,Cochin,,,INR,1.00,entity_level,true,0.00,false,190100.00,224318.00,0.00,Looking forward for your business.,,THAKUR SAHAB  KANTE WALE,9,09-Uttar Pradesh,business_gst,09EASPS1800L1Z4,NO,NO,,,Athira(Outside Kerala),"Near Dr. Sathish Verma,Mohan gang gantagar",Hathras,Uttar Pradesh,India,204101,,Standard Template,Adjustment,"Near Dr. Sathish Verma,Mohan gang gantagar",Hathras,Uttar Pradesh,India,204101,,1,,,,0.000,,,,0.00,0.000,,,,0.00,,,,,,,,Floor Scale Indicator,,84239020,5.00,0.00,0.0,1620.00,9000.00,,FALSE,99381000000306107,Sales,FSIND,,,,,nos,1800.00,Taxable,99381000000006196,IGST18,18.00,ItemAmount,,,,0.00,0.00,18.00,0.00,0.00,0.00,1620.00,0.00,0.00,0.00,1620.00,0.00,,goods,,,
2022-06-22,99381000005591112,EST412,draft,99381000005061003,Cochin,,,INR,1.00,entity_level,true,0.00,false,190100.00,224318.00,0.00,Looking forward for your business.,,THAKUR SAHAB  KANTE WALE,9,09-Uttar Pradesh,business_gst,09EASPS1800L1Z4,NO,NO,,,Athira(Outside Kerala),"Near Dr. Sathish Verma,Mohan gang gantagar",Hathras,Uttar Pradesh,India,204101,,Standard Template,Adjustment,"Near Dr. Sathish Verma,Mohan gang gantagar",Hathras,Uttar Pradesh,India,204101,,1,,,,0.000,,,,0.00,0.000,,,,0.00,,,,,,,,PLATFORM SCALE 40X40 SS,"40X40CM Platform Scale, 150kg/20g, 1702 double display, green led indicator, AC Charger. 4V battery, SS pan, with SS back rail, SS pole, SS top platform, MS Frame",84239020,4.00,0.00,0.0,2412.00,13400.00,,FALSE,99381000003192139,Sales,PF4040,,,,,nos,3350.00,Taxable,99381000000006196,IGST18,18.00,ItemAmount,,,,0.00,0.00,18.00,0.00,0.00,0.00,2412.00,0.00,0.00,0.00,2412.00,0.00,,goods,,,
2022-06-22,99381000005591112,EST412,draft,99381000005061003,Cochin,,,INR,1.00,entity_level,true,0.00,false,190100.00,224318.00,0.00,Looking forward for your business.,,THAKUR SAHAB  KANTE WALE,9,09-Uttar Pradesh,business_gst,09EASPS1800L1Z4,NO,NO,,,Athira(Outside Kerala),"Near Dr. Sathish Verma,Mohan gang gantagar",Hathras,Uttar Pradesh,India,204101,,Standard Template,Adjustment,"Near Dr. Sathish Verma,Mohan gang gantagar",Hathras,Uttar Pradesh,India,204101,,1,,,,0.000,,,,0.00,0.000,,,,0.00,,,,,,,,Platform Weighing Scale 420x520 SS,"Make : YESWEIGH Model:YSP-200
Max:200 kg e: 20gm Min:400g Class III",84239020,4.00,0.00,0.0,4320.00,24000.00,,FALSE,99381000001476030,Sales,PFPC420X520SS,,,,,nos,6000.00,Taxable,99381000000006196,IGST18,18.00,ItemAmount,,,,0.00,0.00,18.00,0.00,0.00,0.00,4320.00,0.00,0.00,0.00,4320.00,0.00,,goods,,,
2022-06-22,99381000005591112,EST412,draft,99381000005061003,Cochin,,,INR,1.00,entity_level,true,0.00,false,190100.00,224318.00,0.00,Looking forward for your business.,,THAKUR SAHAB  KANTE WALE,9,09-Uttar Pradesh,business_gst,09EASPS1800L1Z4,NO,NO,,,Athira(Outside Kerala),"Near Dr. Sathish Verma,Mohan gang gantagar",Hathras,Uttar Pradesh,India,204101,,Standard Template,Adjustment,"Near Dr. Sathish Verma,Mohan gang gantagar",Hathras,Uttar Pradesh,India,204101,,1,,,,0.000,,,,0.00,0.000,,,,0.00,,,,,,,,ELECTRONICS SCALE - PLATFOM MS,"40x40cm MS portable scale with SS chequred  plate 
Capacity : 300kg/50g, 1901 single display indicator, Li battery",84238290,10.00,0.00,0.0,4770.00,26500.00,,FALSE,99381000003192114,Sales,MSCKNSCALE40X40,,,,,nos,2650.00,Taxable,99381000000006196,IGST18,18.00,ItemAmount,,,,0.00,0.00,18.00,0.00,0.00,0.00,4770.00,0.00,0.00,0.00,4770.00,0.00,,goods,,,
2022-06-22,99381000005591112,EST412,draft,99381000005061003,Cochin,,,INR,1.00,entity_level,true,0.00,false,190100.00,224318.00,0.00,Looking forward for your business.,,THAKUR SAHAB  KANTE WALE,9,09-Uttar Pradesh,business_gst,09EASPS1800L1Z4,NO,NO,,,Athira(Outside Kerala),"Near Dr. Sathish Verma,Mohan gang gantagar",Hathras,Uttar Pradesh,India,204101,,Standard Template,Adjustment,"Near Dr. Sathish Verma,Mohan gang gantagar",Hathras,Uttar Pradesh,India,204101,,1,,,,0.000,,,,0.00,0.000,,,,0.00,,,,,,,,Platform Weighing Scale 600x600 MS,"Make : YESWEIGH Model:YSP-5
Max:500 kg e: 50gm Min:1kg Class III",84231000,4.00,0.00,0.0,3528.00,19600.00,,FALSE,99381000000326175,Sales,PF60MS,,,,,nos,4900.00,Taxable,99381000000006196,IGST18,18.00,ItemAmount,,,,0.00,0.00,18.00,0.00,0.00,0.00,3528.00,0.00,0.00,0.00,3528.00,0.00,,goods,,,
2022-06-22,99381000005591112,EST412,draft,99381000005061003,Cochin,,,INR,1.00,entity_level,true,0.00,false,190100.00,224318.00,0.00,Looking forward for your business.,,THAKUR SAHAB  KANTE WALE,9,09-Uttar Pradesh,business_gst,09EASPS1800L1Z4,NO,NO,,,Athira(Outside Kerala),"Near Dr. Sathish Verma,Mohan gang gantagar",Hathras,Uttar Pradesh,India,204101,,Standard Template,Adjustment,"Near Dr. Sathish Verma,Mohan gang gantagar",Hathras,Uttar Pradesh,India,204101,,1,,,,0.000,,,,0.00,0.000,,,,0.00,,,,,,,,Electronic weighing scale DJ600,Make:YESWEIGH  Model:YSJ-50   Max:620.81g  e:10mg    Class:II,84231000,2.00,0.00,0.0,1620.00,9000.00,,FALSE,99381000000796329,Sales,DJ600,,,,,nos,4500.00,Taxable,99381000000006196,IGST18,18.00,ItemAmount,,,,0.00,0.00,18.00,0.00,0.00,0.00,1620.00,0.00,0.00,0.00,1620.00,0.00,,goods,,,
2022-06-22,99381000005591112,EST412,draft,99381000005061003,Cochin,,,INR,1.00,entity_level,true,0.00,false,190100.00,224318.00,0.00,Looking forward for your business.,,THAKUR SAHAB  KANTE WALE,9,09-Uttar Pradesh,business_gst,09EASPS1800L1Z4,NO,NO,,,Athira(Outside Kerala),"Near Dr. Sathish Verma,Mohan gang gantagar",Hathras,Uttar Pradesh,India,204101,,Standard Template,Adjustment,"Near Dr. Sathish Verma,Mohan gang gantagar",Hathras,Uttar Pradesh,India,204101,,1,,,,0.000,,,,0.00,0.000,,,,0.00,,,,,,,,Analytical Balance 200g/0.0001g -External,Model :YSA  SKU : YSA 2004E,90160020,1.00,0.00,0.0,4140.00,23000.00,,FALSE,99381000003934056,Sales,YSA204E,,,,,nos,23000.00,Taxable,99381000000006196,IGST18,18.00,ItemAmount,,,,0.00,0.00,18.00,0.00,0.00,0.00,4140.00,0.00,0.00,0.00,4140.00,0.00,,goods,,,
2022-06-28,99381000005639009,EST413,draft,99381000005637041,Cochin,,,INR,1.00,entity_level,true,0.00,false,32500.00,38350.00,0.00,Looking forward for your business.,,SUYOG SALES AND SERVICE ,27,27-Maharashtra,business_none,,NO,NO,,,Biju B,"Plot no.7B,Parvathi nagar Chakkar Bardi Road",Dhule,,India,424006,,Standard Template,Adjustment,"Plot no.7B,Parvathi nagar Chakkar Bardi Road",Dhule,,India,424006,,3,,,,0.000,,,,0.00,0.000,,,,0.00,,,,,,,,Platform Weighing Scale-Normal Indicator,"Make:YESWEIGH Model : YSP PC
Max : 100kg  e: 10g Min :200gm
Class: III",84238290,5.00,0.00,0.0,5850.00,32500.00,,FALSE,99381000005611792,Sales,PF4050SS,,,,,nos,6500.00,Taxable,99381000000006196,IGST18,18.00,ItemAmount,,,,0.00,0.00,18.00,0.00,0.00,0.00,5850.00,0.00,0.00,0.00,5850.00,0.00,,goods,,,
2022-07-07,99381000005712057,EST414,draft,99381000000364094,Cochin,,,INR,1.00,entity_level,true,0.00,false,6693.00,7898.00,0.00,Looking forward for your business.,,TRAAS TECH,32,32-Kerala,business_gst,32AAPFT2527C1ZF,NO,NO,,,Binsha (Inside Kerala),Narath town,Kannur,Kerala,India,670601,,Standard Template,Adjustment,Narath town,Kannur,Kerala,India,670601,,1,,,,0.000,,,,0.00,0.000,,,,0.00,,,,,,,,Platform Weighing Scale-Normal Indicator,"Make:YESWEIGH Model : YSP PC
Max : 100kg  e: 10g Min :200gm
Class: III",84238290,1.00,0.00,0.0,1098.00,6100.00,,FALSE,99381000005611792,Sales,PF4050SS,,,,,nos,6100.00,Taxable,99381000000006208,GST18,18.00,Tax Group,,,,9.00,9.00,0.00,0.00,549.00,549.00,0.00,0.00,549.00,549.00,0.00,0.00,,goods,,,
2022-07-07,99381000005712057,EST414,draft,99381000000364094,Cochin,,,INR,1.00,entity_level,true,0.00,false,6693.00,7898.00,0.00,Looking forward for your business.,,TRAAS TECH,32,32-Kerala,business_gst,32AAPFT2527C1ZF,NO,NO,,,Binsha (Inside Kerala),Narath town,Kannur,Kerala,India,670601,,Standard Template,Adjustment,Narath town,Kannur,Kerala,India,670601,,1,,,,0.000,,,,0.00,0.000,,,,0.00,,,,,,,,Government Stamping Fee / Expense for 100Kg,,998729,1.00,0.00,0.0,87.30,485.00,,FALSE,99381000000663063,Sales,SF100,,,,,nos,485.00,Taxable,99381000000006208,GST18,18.00,Tax Group,,,,9.00,9.00,0.00,0.00,43.65,43.65,0.00,0.00,43.65,43.65,0.00,0.00,,goods,,,
2022-07-07,99381000005712057,EST414,draft,99381000000364094,Cochin,,,INR,1.00,entity_level,true,0.00,false,6693.00,7898.00,0.00,Looking forward for your business.,,TRAAS TECH,32,32-Kerala,business_gst,32AAPFT2527C1ZF,NO,NO,,,Binsha (Inside Kerala),Narath town,Kannur,Kerala,India,670601,,Standard Template,Adjustment,Narath town,Kannur,Kerala,India,670601,,1,,,,0.000,,,,0.00,0.000,,,,0.00,,,,,,,,Freight Charges,,996819,12.00,0.00,0.0,19.44,108.00,,FALSE,99381000000557009,Sales,COCS,,,,,kg,9.00,Taxable,99381000000006208,GST18,18.00,Tax Group,,,,9.00,9.00,0.00,0.00,9.72,9.72,0.00,0.00,9.72,9.72,0.00,0.00,,service,,,
2022-07-07,99381000005719001,EST415,draft,99381000005576077,Cochin,,,INR,1.00,entity_level,true,0.00,false,4829.00,5698.00,0.00,Looking forward for your business.,,MATA AGENCIES,32,32-Kerala,business_registered_composition,32EXQPS7423L1ZR,NO,NO,,,Swathy,"Chamakkala buildings, No.7/357,b8 to b9",kottayam,Kerala,India,686603,,Standard Template,Adjustment,"Chamakkala buildings, No.7/357,b8 to b9",kottayam,Kerala,India,686603,,1,,,,0.000,,,,0.00,0.000,,,,0.00,,,,,,,,Platform Weighing Scale  400x500 SS,"Make:YESWEIGH Model : YSP-200
Max : 200kg e: 20g Min :400gm 
Class: III
",84231000,1.00,0.00,0.0,756.00,4200.00,,FALSE,99381000000326157,Sales,PFPC400X500SS,,,,,nos,4200.00,Taxable,99381000000006208,GST18,18.00,Tax Group,,,,9.00,9.00,0.00,0.00,378.00,378.00,0.00,0.00,378.00,378.00,0.00,0.00,,goods,,,
2022-07-07,99381000005719001,EST415,draft,99381000005576077,Cochin,,,INR,1.00,entity_level,true,0.00,false,4829.00,5698.00,0.00,Looking forward for your business.,,MATA AGENCIES,32,32-Kerala,business_registered_composition,32EXQPS7423L1ZR,NO,NO,,,Swathy,"Chamakkala buildings, No.7/357,b8 to b9",kottayam,Kerala,India,686603,,Standard Template,Adjustment,"Chamakkala buildings, No.7/357,b8 to b9",kottayam,Kerala,India,686603,,1,,,,0.000,,,,0.00,0.000,,,,0.00,,,,,,,,Government Stamping Fee /Expense for 200Kg,,998729,1.00,0.00,0.0,87.30,485.00,,FALSE,99381000000548508,Sales,SF200,,,,,nos,485.00,Taxable,99381000000006208,GST18,18.00,Tax Group,,,,9.00,9.00,0.00,0.00,43.65,43.65,0.00,0.00,43.65,43.65,0.00,0.00,,goods,,,
2022-07-07,99381000005719001,EST415,draft,99381000005576077,Cochin,,,INR,1.00,entity_level,true,0.00,false,4829.00,5698.00,0.00,Looking forward for your business.,,MATA AGENCIES,32,32-Kerala,business_registered_composition,32EXQPS7423L1ZR,NO,NO,,,Swathy,"Chamakkala buildings, No.7/357,b8 to b9",kottayam,Kerala,India,686603,,Standard Template,Adjustment,"Chamakkala buildings, No.7/357,b8 to b9",kottayam,Kerala,India,686603,,1,,,,0.000,,,,0.00,0.000,,,,0.00,,,,,,,,Freight Charges,,996819,16.00,0.00,0.0,25.92,144.00,,FALSE,99381000000557009,Sales,COCS,,,,,kg,9.00,Taxable,99381000000006208,GST18,18.00,Tax Group,,,,9.00,9.00,0.00,0.00,12.96,12.96,0.00,0.00,12.96,12.96,0.00,0.00,,service,,,
2022-08-03,99381000005930011,EST416,draft,99381000002549012,Cochin,,,INR,1.00,entity_level,true,0.00,false,4829.00,5698.00,0.00,Looking forward for your business.,,ROYAL SCALES,32,32-Kerala,business_none,,NO,NO,,,Binsha (Inside Kerala),"PMC.19/2207,
Ground Floor, Dhanalakshmi Complex,",Kannur,Kerala,India,670307,,Standard Template,Adjustment,"PMC.19/2207,
Ground Floor, Dhanalakshmi Complex,",Kannur,Kerala,India,670307,,1,,,,0.000,,,,0.00,0.000,,,,0.00,,,,,,,,Platform Weighing Scale  400x500 SS,"Make:YESWEIGH Model : YSP-200
Max : 200kg e: 20g Min :400gm 
Class: III
",84231000,1.00,0.00,0.0,756.00,4200.00,,FALSE,99381000000326157,Sales,PFPC400X500SS,,,,,nos,4200.00,Taxable,99381000000006208,GST18,18.00,Tax Group,,,,9.00,9.00,0.00,0.00,378.00,378.00,0.00,0.00,378.00,378.00,0.00,0.00,,goods,,,
2022-08-03,99381000005930011,EST416,draft,99381000002549012,Cochin,,,INR,1.00,entity_level,true,0.00,false,4829.00,5698.00,0.00,Looking forward for your business.,,ROYAL SCALES,32,32-Kerala,business_none,,NO,NO,,,Binsha (Inside Kerala),"PMC.19/2207,
Ground Floor, Dhanalakshmi Complex,",Kannur,Kerala,India,670307,,Standard Template,Adjustment,"PMC.19/2207,
Ground Floor, Dhanalakshmi Complex,",Kannur,Kerala,India,670307,,1,,,,0.000,,,,0.00,0.000,,,,0.00,,,,,,,,Government Stamping Fee /Expense for 200Kg,,998729,1.00,0.00,0.0,87.30,485.00,,FALSE,99381000000548508,Sales,SF200,,,,,nos,485.00,Taxable,99381000000006208,GST18,18.00,Tax Group,,,,9.00,9.00,0.00,0.00,43.65,43.65,0.00,0.00,43.65,43.65,0.00,0.00,,goods,,,
2022-08-03,99381000005930011,EST416,draft,99381000002549012,Cochin,,,INR,1.00,entity_level,true,0.00,false,4829.00,5698.00,0.00,Looking forward for your business.,,ROYAL SCALES,32,32-Kerala,business_none,,NO,NO,,,Binsha (Inside Kerala),"PMC.19/2207,
Ground Floor, Dhanalakshmi Complex,",Kannur,Kerala,India,670307,,Standard Template,Adjustment,"PMC.19/2207,
Ground Floor, Dhanalakshmi Complex,",Kannur,Kerala,India,670307,,1,,,,0.000,,,,0.00,0.000,,,,0.00,,,,,,,,Freight Charges,,996819,16.00,0.00,0.0,25.92,144.00,,FALSE,99381000000557009,Sales,COCS,,,,,kg,9.00,Taxable,99381000000006208,GST18,18.00,Tax Group,,,,9.00,9.00,0.00,0.00,12.96,12.96,0.00,0.00,12.96,12.96,0.00,0.00,,service,,,
2022-08-17,99381000006019079,EST417,draft,99381000005836051,Cochin,,,INR,1.00,entity_level,true,0.00,false,113400.00,133812.00,0.00,Looking forward for your business.,,AASHA ENTERPRISES,27,27-Maharashtra,business_gst,27FEBPS4995N1ZG,NO,NO,,,Athira(Outside Kerala),"4th Floor
Plot no: 223, Sidhhivinayak Apartment",Nagpur,Maharashtra,India,440015,,Standard Template,Adjustment,"H/O.SURESH C.LADKE, NEAR NEW WATER PURIFICATION PLANT,",CHANDRAPUR,Maharashtra,India,442401,,1,,,,0.000,,,,0.00,0.000,,,,0.00,,,,,,,,Floor Scale 1.5mx1.5m,Make: YESWEIGH  Model: YSPR 1.5   Max:3000kg  e:500g  Min:10kg  Class:III,84239020,3.00,0.00,0.0,12150.00,67500.00,,FALSE,99381000000035254,Sales,PLT1500,,,,,nos,22500.00,Taxable,99381000000006196,IGST18,18.00,ItemAmount,,,,0.00,0.00,18.00,0.00,0.00,0.00,12150.00,0.00,0.00,0.00,12150.00,0.00,,goods,,,
2022-08-17,99381000006019079,EST417,draft,99381000005836051,Cochin,,,INR,1.00,entity_level,true,0.00,false,113400.00,133812.00,0.00,Looking forward for your business.,,AASHA ENTERPRISES,27,27-Maharashtra,business_gst,27FEBPS4995N1ZG,NO,NO,,,Athira(Outside Kerala),"4th Floor
Plot no: 223, Sidhhivinayak Apartment",Nagpur,Maharashtra,India,440015,,Standard Template,Adjustment,"H/O.SURESH C.LADKE, NEAR NEW WATER PURIFICATION PLANT,",CHANDRAPUR,Maharashtra,India,442401,,1,,,,0.000,,,,0.00,0.000,,,,0.00,,,,,,,,ECS Indicator,,84231000,3.00,0.00,0.0,7992.00,44400.00,,FALSE,99381000000343199,Sales,ECSIND,,,,,nos,14800.00,Taxable,99381000000006196,IGST18,18.00,ItemAmount,,,,0.00,0.00,18.00,0.00,0.00,0.00,7992.00,0.00,0.00,0.00,7992.00,0.00,,goods,,,
2022-08-17,99381000006019079,EST417,draft,99381000005836051,Cochin,,,INR,1.00,entity_level,true,0.00,false,113400.00,133812.00,0.00,Looking forward for your business.,,AASHA ENTERPRISES,27,27-Maharashtra,business_gst,27FEBPS4995N1ZG,NO,NO,,,Athira(Outside Kerala),"4th Floor
Plot no: 223, Sidhhivinayak Apartment",Nagpur,Maharashtra,India,440015,,Standard Template,Adjustment,"H/O.SURESH C.LADKE, NEAR NEW WATER PURIFICATION PLANT,",CHANDRAPUR,Maharashtra,India,442401,,1,,,,0.000,,,,0.00,0.000,,,,0.00,,,,,,,,TRIPOLE STAND SET,,84239020,3.00,0.00,0.0,270.00,1500.00,,FALSE,99381000000306493,Sales,TRIPOLESTAND,,,,,nos,500.00,Taxable,99381000000006196,IGST18,18.00,ItemAmount,,,,0.00,0.00,18.00,0.00,0.00,0.00,270.00,0.00,0.00,0.00,270.00,0.00,,goods,,,
2022-08-17,99381000006021893,EST418,draft,99381000000231096,Head Office,,,INR,1.00,entity_level,true,0.00,false,30000.00,35400.00,0.00,Looking forward for your business.,,Victory Scales,32,32-Kerala,business_gst,32AAAAV1247P1ZC,NO,NO,,,Teslin ,"M/s Victory Scales
CSI Ascension Square, Below ICICI Bank","Kottayam,",Kerala,India,686016,,Standard Template,Adjustment,"Manickathinal Building,","Kottayam,",Kerala,India,686016,,1,,,,0.000,,,,0.00,0.000,,,,0.00,,,,,,,,,"Software Development
(Additional Expense Frontend
Changes with expense fields)",998314,1.00,0.00,0.0,1080.00,6000.00,,FALSE,,,,,,,,,6000.00,Taxable,99381000000006208,GST18,18.00,Tax Group,,,,9.00,9.00,0.00,0.00,540.00,540.00,0.00,0.00,540.00,540.00,0.00,0.00,,service,,,
2022-08-17,99381000006021893,EST418,draft,99381000000231096,Head Office,,,INR,1.00,entity_level,true,0.00,false,30000.00,35400.00,0.00,Looking forward for your business.,,Victory Scales,32,32-Kerala,business_gst,32AAAAV1247P1ZC,NO,NO,,,Teslin ,"M/s Victory Scales
CSI Ascension Square, Below ICICI Bank","Kottayam,",Kerala,India,686016,,Standard Template,Adjustment,"Manickathinal Building,","Kottayam,",Kerala,India,686016,,1,,,,0.000,,,,0.00,0.000,,,,0.00,,,,,,,,,"Software Development
(Expense Data model creation)",998314,1.00,0.00,0.0,1080.00,6000.00,,FALSE,,,,,,,,,6000.00,Taxable,99381000000006208,GST18,18.00,Tax Group,,,,9.00,9.00,0.00,0.00,540.00,540.00,0.00,0.00,540.00,540.00,0.00,0.00,,service,,,
2022-08-17,99381000006021893,EST418,draft,99381000000231096,Head Office,,,INR,1.00,entity_level,true,0.00,false,30000.00,35400.00,0.00,Looking forward for your business.,,Victory Scales,32,32-Kerala,business_gst,32AAAAV1247P1ZC,NO,NO,,,Teslin ,"M/s Victory Scales
CSI Ascension Square, Below ICICI Bank","Kottayam,",Kerala,India,686016,,Standard Template,Adjustment,"Manickathinal Building,","Kottayam,",Kerala,India,686016,,1,,,,0.000,,,,0.00,0.000,,,,0.00,,,,,,,,,"Software Development
(Additional Expense API
(Create, Edit, Delete))",998314,1.00,0.00,0.0,1080.00,6000.00,,FALSE,,,,,,,,,6000.00,Taxable,99381000000006208,GST18,18.00,Tax Group,,,,9.00,9.00,0.00,0.00,540.00,540.00,0.00,0.00,540.00,540.00,0.00,0.00,,service,,,
2022-08-17,99381000006021893,EST418,draft,99381000000231096,Head Office,,,INR,1.00,entity_level,true,0.00,false,30000.00,35400.00,0.00,Looking forward for your business.,,Victory Scales,32,32-Kerala,business_gst,32AAAAV1247P1ZC,NO,NO,,,Teslin ,"M/s Victory Scales
CSI Ascension Square, Below ICICI Bank","Kottayam,",Kerala,India,686016,,Standard Template,Adjustment,"Manickathinal Building,","Kottayam,",Kerala,India,686016,,1,,,,0.000,,,,0.00,0.000,,,,0.00,,,,,,,,,"Software Development
(Calculation Of total expense
and profit
)",998314,1.00,0.00,0.0,1080.00,6000.00,,FALSE,,,,,,,,,6000.00,Taxable,99381000000006208,GST18,18.00,Tax Group,,,,9.00,9.00,0.00,0.00,540.00,540.00,0.00,0.00,540.00,540.00,0.00,0.00,,service,,,
2022-08-17,99381000006021893,EST418,draft,99381000000231096,Head Office,,,INR,1.00,entity_level,true,0.00,false,30000.00,35400.00,0.00,Looking forward for your business.,,Victory Scales,32,32-Kerala,business_gst,32AAAAV1247P1ZC,NO,NO,,,Teslin ,"M/s Victory Scales
CSI Ascension Square, Below ICICI Bank","Kottayam,",Kerala,India,686016,,Standard Template,Adjustment,"Manickathinal Building,","Kottayam,",Kerala,India,686016,,1,,,,0.000,,,,0.00,0.000,,,,0.00,,,,,,,,,"Software Development
(Add to dashboard total Expense and
Profit)
",998314,1.00,0.00,0.0,1080.00,6000.00,,FALSE,,,,,,,,,6000.00,Taxable,99381000000006208,GST18,18.00,Tax Group,,,,9.00,9.00,0.00,0.00,540.00,540.00,0.00,0.00,540.00,540.00,0.00,0.00,,service,,,
2022-08-20,99381000006049112,EST419,draft,99381000000126001,Cochin,,,INR,1.00,entity_level,true,0.00,false,101460.00,119723.00,0.00,Looking forward for your business.,,YELLOW SCALES,32,32-Kerala,business_gst,32CPDPS6051P1ZG,NO,NO,,,Biju B,KUMBALAM JUNCTION,KOCHIN,KERALA,India,682506,,Standard Template,Adjustment,KUMBALAM JUNCTION,KOCHIN,KERALA,India,682506,,1,,,,0.000,,,,0.00,0.000,,,,0.00,,,,,,,,Bill Printing scale Q8POS,Make:YESWEIGH  Model:YS-30   Max:30kg  e:5g  Min:100g  Class:III,84231000,5.00,0.00,0.0,12150.00,67500.00,,FALSE,99381000000011617,Sales,ECS5W,,,,,nos,13500.00,Taxable,99381000000006208,GST18,18.00,Tax Group,,,,9.00,9.00,0.00,0.00,6075.00,6075.00,0.00,0.00,6075.00,6075.00,0.00,0.00,,goods,,,
2022-08-20,99381000006049112,EST419,draft,99381000000126001,Cochin,,,INR,1.00,entity_level,true,0.00,false,101460.00,119723.00,0.00,Looking forward for your business.,,YELLOW SCALES,32,32-Kerala,business_gst,32CPDPS6051P1ZG,NO,NO,,,Biju B,KUMBALAM JUNCTION,KOCHIN,KERALA,India,682506,,Standard Template,Adjustment,KUMBALAM JUNCTION,KOCHIN,KERALA,India,682506,,1,,,,0.000,,,,0.00,0.000,,,,0.00,,,,,,,,PLATFORM PRICE COMPUTING SCALE (RED),"Make: YESWEIGH Model:YSP-50
Max:50kg e:5g Min:100g Class:III
Display : Red",84238290,10.00,0.00,0.0,3960.00,22000.00,,FALSE,99381000005432019,Sales,GR2204R,,,,,nos,2200.00,Taxable,99381000000006208,GST18,18.00,Tax Group,,,,9.00,9.00,0.00,0.00,1980.00,1980.00,0.00,0.00,1980.00,1980.00,0.00,0.00,,goods,,,
2022-08-20,99381000006049112,EST419,draft,99381000000126001,Cochin,,,INR,1.00,entity_level,true,0.00,false,101460.00,119723.00,0.00,Looking forward for your business.,,YELLOW SCALES,32,32-Kerala,business_gst,32CPDPS6051P1ZG,NO,NO,,,Biju B,KUMBALAM JUNCTION,KOCHIN,KERALA,India,682506,,Standard Template,Adjustment,KUMBALAM JUNCTION,KOCHIN,KERALA,India,682506,,1,,,,0.000,,,,0.00,0.000,,,,0.00,,,,,,,,Platform Scale Full SS,Capacity :50kg/5g Double display(LED) Size 30*34 Full SS,84238290,1.00,0.00,0.0,756.00,4200.00,,FALSE,99381000004179819,Sales,YS5010SS,,,,,nos,4200.00,Taxable,99381000000006208,GST18,18.00,Tax Group,,,,9.00,9.00,0.00,0.00,378.00,378.00,0.00,0.00,378.00,378.00,0.00,0.00,,goods,,,
2022-08-20,99381000006049112,EST419,draft,99381000000126001,Cochin,,,INR,1.00,entity_level,true,0.00,false,101460.00,119723.00,0.00,Looking forward for your business.,,YELLOW SCALES,32,32-Kerala,business_gst,32CPDPS6051P1ZG,NO,NO,,,Biju B,KUMBALAM JUNCTION,KOCHIN,KERALA,India,682506,,Standard Template,Adjustment,KUMBALAM JUNCTION,KOCHIN,KERALA,India,682506,,1,,,,0.000,,,,0.00,0.000,,,,0.00,,,,,,,,Government Stamping Fee /Expense for 50 kg,,998729,11.00,0.00,0.0,960.30,5335.00,,FALSE,99381000000186036,Sales,SF50,,,,,nos,485.00,Taxable,99381000000006208,GST18,18.00,Tax Group,,,,9.00,9.00,0.00,0.00,480.15,480.15,0.00,0.00,480.15,480.15,0.00,0.00,,goods,,,
2022-08-20,99381000006049112,EST419,draft,99381000000126001,Cochin,,,INR,1.00,entity_level,true,0.00,false,101460.00,119723.00,0.00,Looking forward for your business.,,YELLOW SCALES,32,32-Kerala,business_gst,32CPDPS6051P1ZG,NO,NO,,,Biju B,KUMBALAM JUNCTION,KOCHIN,KERALA,India,682506,,Standard Template,Adjustment,KUMBALAM JUNCTION,KOCHIN,KERALA,India,682506,,1,,,,0.000,,,,0.00,0.000,,,,0.00,,,,,,,,Government Stamping Fee /Expense for 30 kg,,998729,5.00,0.00,0.0,436.50,2425.00,,FALSE,99381000000186027,Sales,SF30,,,,,nos,485.00,Taxable,99381000000006208,GST18,18.00,Tax Group,,,,9.00,9.00,0.00,0.00,218.25,218.25,0.00,0.00,218.25,218.25,0.00,0.00,,goods,,,
2022-08-25,99381000006088005,EST420,draft,99381000000837003,Cochin,,,INR,1.00,entity_level,true,0.00,false,3412.00,4026.00,0.00,Looking forward for your business.,,Hy-Tech Electronic Weighing System,32,32-Kerala,business_gst,32AMVPP9204A2Z2,NO,NO,,,Binsha (Inside Kerala),"Hy-Tech Electronic Weighing System , Revathy Complex",Kasargod,Kerala,India,671316,,Standard Template,Adjustment,"Hy-Tech Electronic Weighing System , Revathy Complex",Kasargod,Kerala,India,671316,,1,,,,0.000,,,,0.00,0.000,,,,0.00,,,,,,,,Table Top Scale  220x170 ABS 6 Volt,"Model : YST-20
Max : 20kg e:2gm Min: 40g Class III",84231000,2.00,0.00,0.0,486.00,2700.00,,FALSE,99381000000562040,Sales,TTABS6V,,,,,nos,1350.00,Taxable,99381000000006208,GST18,18.00,Tax Group,,,,9.00,9.00,0.00,0.00,243.00,243.00,0.00,0.00,243.00,243.00,0.00,0.00,,goods,,,
2022-08-25,99381000006088005,EST420,draft,99381000000837003,Cochin,,,INR,1.00,entity_level,true,0.00,false,3412.00,4026.00,0.00,Looking forward for your business.,,Hy-Tech Electronic Weighing System,32,32-Kerala,business_gst,32AMVPP9204A2Z2,NO,NO,,,Binsha (Inside Kerala),"Hy-Tech Electronic Weighing System , Revathy Complex",Kasargod,Kerala,India,671316,,Standard Template,Adjustment,"Hy-Tech Electronic Weighing System , Revathy Complex",Kasargod,Kerala,India,671316,,1,,,,0.000,,,,0.00,0.000,,,,0.00,,,,,,,,Government Stamping Fee / Expense for 20 KG,,998729,2.00,0.00,0.0,115.20,640.00,,FALSE,99381000000172016,Sales,SF20,,,,,nos,320.00,Taxable,99381000000006208,GST18,18.00,Tax Group,,,,9.00,9.00,0.00,0.00,57.60,57.60,0.00,0.00,57.60,57.60,0.00,0.00,,goods,,,
2022-08-25,99381000006088005,EST420,draft,99381000000837003,Cochin,,,INR,1.00,entity_level,true,0.00,false,3412.00,4026.00,0.00,Looking forward for your business.,,Hy-Tech Electronic Weighing System,32,32-Kerala,business_gst,32AMVPP9204A2Z2,NO,NO,,,Binsha (Inside Kerala),"Hy-Tech Electronic Weighing System , Revathy Complex",Kasargod,Kerala,India,671316,,Standard Template,Adjustment,"Hy-Tech Electronic Weighing System , Revathy Complex",Kasargod,Kerala,India,671316,,1,,,,0.000,,,,0.00,0.000,,,,0.00,,,,,,,,Freight Charges,,996819,8.00,0.00,0.0,12.96,72.00,,FALSE,99381000000557009,Sales,COCS,,,,,kg,9.00,Taxable,99381000000006208,GST18,18.00,Tax Group,,,,9.00,9.00,0.00,0.00,6.48,6.48,0.00,0.00,6.48,6.48,0.00,0.00,,service,,,
2022-10-03,99381000006382038,EST421,draft,99381000006382011,Cochin,,,INR,1.00,entity_level,true,0.00,false,167500.00,197650.00,0.00,Looking forward for your business.,,M.V.ELECTRONICS,27,27-Maharashtra,business_none,,NO,NO,,,Athira(Outside Kerala),Maharana Pratap Chowk,Nandurbar,Maharashtra,India,425412,,Standard Template,Adjustment,Maharana Pratap Chowk,Nandurbar,Maharashtra,India,425412,,1,,,,0.000,,,,0.00,0.000,,,,0.00,,,,,,,,PLATFORM SCALE 40X40 SS,"40X40CM Platform Scale, 150kg/20g, 1702 double display, green led indicator, AC Charger. 4V battery, SS pan, with SS back rail, SS pole, SS top platform, MS Frame",84239020,50.00,0.00,0.0,30150.00,167500.00,,FALSE,99381000003192139,Sales,PF4040,,,,,nos,3350.00,Taxable,99381000000006196,IGST18,18.00,ItemAmount,,,,0.00,0.00,18.00,0.00,0.00,0.00,30150.00,0.00,0.00,0.00,30150.00,0.00,,goods,,,
2022-10-06,99381000006382592,EST422,draft,99381000001091033,Cochin,,,INR,1.00,entity_level,true,0.00,false,45720.00,53950.00,0.00,Looking forward for your business.,,Electro Technologies,27,27-Maharashtra,business_gst,27BTXPB3804L1ZA,NO,NO,,,Athira Sankar,"no 48/4/73, lane no 2 ,Ganeshnagar, behind diksha building
materials, Vadgaonsheri,",Pune,Maharashtra,India,411014,,Standard Template,Adjustment,"no 48/4/73, lane no 2 ,Ganeshnagar, behind diksha building
materials, Vadgaonsheri,",Pune,Maharashtra,India,411014,,1,,,,0.000,,,,0.00,0.000,,,,0.00,,,,,,,,Price Computing Scale,Make :YESWEIGH Model:YS-30 Max:30kg e:5g Min:100g Class: III,84238290,6.00,0.00,0.0,7182.00,39900.00,,FALSE,99381000005334231,Sales,PCSL,,,,,nos,6650.00,Taxable,99381000000006196,IGST18,18.00,ItemAmount,,,,0.00,0.00,18.00,0.00,0.00,0.00,7182.00,0.00,0.00,0.00,7182.00,0.00,,goods,,,
2022-10-06,99381000006382592,EST422,draft,99381000001091033,Cochin,,,INR,1.00,entity_level,true,0.00,false,45720.00,53950.00,0.00,Looking forward for your business.,,Electro Technologies,27,27-Maharashtra,business_gst,27BTXPB3804L1ZA,NO,NO,,,Athira Sankar,"no 48/4/73, lane no 2 ,Ganeshnagar, behind diksha building
materials, Vadgaonsheri,",Pune,Maharashtra,India,411014,,Standard Template,Adjustment,"no 48/4/73, lane no 2 ,Ganeshnagar, behind diksha building
materials, Vadgaonsheri,",Pune,Maharashtra,India,411014,,1,,,,0.000,,,,0.00,0.000,,,,0.00,,,,,,,,Government Stamping Fee /Expense for 30 kg,,998729,12.00,0.00,0.0,1047.60,5820.00,,FALSE,99381000000186027,Sales,SF30,,,,,nos,485.00,Taxable,99381000000006196,IGST18,18.00,ItemAmount,,,,0.00,0.00,18.00,0.00,0.00,0.00,1047.60,0.00,0.00,0.00,1047.60,0.00,,goods,,,
2022-10-07,99381000006401420,EST423,draft,99381000000837003,Cochin,,,INR,1.00,entity_level,true,0.00,false,4613.00,5443.00,0.00,Looking forward for your business.,,Hy-Tech Electronic Weighing System,32,32-Kerala,business_gst,32AMVPP9204A2Z2,NO,NO,,,Binsha (Inside Kerala),"Hy-Tech Electronic Weighing System , Revathy Complex",Kasargod,Kerala,India,671316,,Standard Template,Adjustment,"Hy-Tech Electronic Weighing System , Revathy Complex",KANHANGAD,Kerala,India,671316,,1,,,,0.000,,,,0.00,0.000,,,,0.00,,,,,,,,CHICKEN SCALE 50KG MS,"Make : YESWEIGH Model : YSC
Max : 50kg e:5g Min:100g
Class : III",84239010,1.00,0.00,0.0,423.00,2350.00,,FALSE,99381000005463762,Sales,CSM50,,,,,nos,2350.00,Taxable,99381000000006208,GST18,18.00,Tax Group,,,,9.00,9.00,0.00,0.00,211.50,211.50,0.00,0.00,211.50,211.50,0.00,0.00,,goods,,,
2022-10-07,99381000006401420,EST423,draft,99381000000837003,Cochin,,,INR,1.00,entity_level,true,0.00,false,4613.00,5443.00,0.00,Looking forward for your business.,,Hy-Tech Electronic Weighing System,32,32-Kerala,business_gst,32AMVPP9204A2Z2,NO,NO,,,Binsha (Inside Kerala),"Hy-Tech Electronic Weighing System , Revathy Complex",Kasargod,Kerala,India,671316,,Standard Template,Adjustment,"Hy-Tech Electronic Weighing System , Revathy Complex",KANHANGAD,Kerala,India,671316,,1,,,,0.000,,,,0.00,0.000,,,,0.00,,,,,,,,Government Stamping Fee /Expense for 50 kg,,998729,1.00,0.00,0.0,87.30,485.00,,FALSE,99381000000186036,Sales,SF50,,,,,nos,485.00,Taxable,99381000000006208,GST18,18.00,Tax Group,,,,9.00,9.00,0.00,0.00,43.65,43.65,0.00,0.00,43.65,43.65,0.00,0.00,,goods,,,
2022-10-07,99381000006401420,EST423,draft,99381000000837003,Cochin,,,INR,1.00,entity_level,true,0.00,false,4613.00,5443.00,0.00,Looking forward for your business.,,Hy-Tech Electronic Weighing System,32,32-Kerala,business_gst,32AMVPP9204A2Z2,NO,NO,,,Binsha (Inside Kerala),"Hy-Tech Electronic Weighing System , Revathy Complex",Kasargod,Kerala,India,671316,,Standard Template,Adjustment,"Hy-Tech Electronic Weighing System , Revathy Complex",KANHANGAD,Kerala,India,671316,,1,,,,0.000,,,,0.00,0.000,,,,0.00,,,,,,,,Table Top Scale  220x170 ABS 6 Volt,"Model : YST-20
Max : 20kg e:2gm Min: 40g Class III",84231000,1.00,0.00,0.0,243.00,1350.00,,FALSE,99381000000562040,Sales,TTABS6V,,,,,nos,1350.00,Taxable,99381000000006208,GST18,18.00,Tax Group,,,,9.00,9.00,0.00,0.00,121.50,121.50,0.00,0.00,121.50,121.50,0.00,0.00,,goods,,,
2022-10-07,99381000006401420,EST423,draft,99381000000837003,Cochin,,,INR,1.00,entity_level,true,0.00,false,4613.00,5443.00,0.00,Looking forward for your business.,,Hy-Tech Electronic Weighing System,32,32-Kerala,business_gst,32AMVPP9204A2Z2,NO,NO,,,Binsha (Inside Kerala),"Hy-Tech Electronic Weighing System , Revathy Complex",Kasargod,Kerala,India,671316,,Standard Template,Adjustment,"Hy-Tech Electronic Weighing System , Revathy Complex",KANHANGAD,Kerala,India,671316,,1,,,,0.000,,,,0.00,0.000,,,,0.00,,,,,,,,Government Stamping Fee / Expense for 20 KG,,998729,1.00,0.00,0.0,57.60,320.00,,FALSE,99381000000172016,Sales,SF20,,,,,nos,320.00,Taxable,99381000000006208,GST18,18.00,Tax Group,,,,9.00,9.00,0.00,0.00,28.80,28.80,0.00,0.00,28.80,28.80,0.00,0.00,,goods,,,
2022-10-07,99381000006401420,EST423,draft,99381000000837003,Cochin,,,INR,1.00,entity_level,true,0.00,false,4613.00,5443.00,0.00,Looking forward for your business.,,Hy-Tech Electronic Weighing System,32,32-Kerala,business_gst,32AMVPP9204A2Z2,NO,NO,,,Binsha (Inside Kerala),"Hy-Tech Electronic Weighing System , Revathy Complex",Kasargod,Kerala,India,671316,,Standard Template,Adjustment,"Hy-Tech Electronic Weighing System , Revathy Complex",KANHANGAD,Kerala,India,671316,,1,,,,0.000,,,,0.00,0.000,,,,0.00,,,,,,,,Freight Charges,,996819,12.00,0.00,0.0,19.44,108.00,,FALSE,99381000000557009,Sales,COCS,,,,,kg,9.00,Taxable,99381000000006208,GST18,18.00,Tax Group,,,,9.00,9.00,0.00,0.00,9.72,9.72,0.00,0.00,9.72,9.72,0.00,0.00,,service,,,
2022-10-17,99381000006436114,EST424,invoiced,99381000006436082,Cochin,,,INR,1.00,entity_level,true,0.00,false,10750.00,12685.00,0.00,Looking forward for your business.,,REVURI VENKATARAO,37,37-Andhra Pradesh,business_gst,37AAIFR7794J1ZC,NO,NO,,,Biju B,"#33-8-37,Rajaji Street",KAKINADA,Andhra Pradesh,India,533001,,Standard Template,Adjustment,"#33-8-37,Rajaji Street",KAKINADA,Andhra Pradesh,India,533001,,1,,,,0.000,,,,0.00,0.000,,,,0.00,,,,,,,,Platform Weighing Scale-Normal Indicator,"Make:YESWEIGH Model : YSP PC
Max : 100kg  e: 10g Min :200gm
Class: III",84238290,1.00,0.00,0.0,1098.00,6100.00,,FALSE,99381000005611792,Sales,PF4050SS,,,,,nos,6100.00,Taxable,99381000000006196,IGST18,18.00,ItemAmount,,,,0.00,0.00,18.00,0.00,0.00,0.00,1098.00,0.00,0.00,0.00,1098.00,0.00,,goods,,,
2022-10-17,99381000006436114,EST424,invoiced,99381000006436082,Cochin,,,INR,1.00,entity_level,true,0.00,false,10750.00,12685.00,0.00,Looking forward for your business.,,REVURI VENKATARAO,37,37-Andhra Pradesh,business_gst,37AAIFR7794J1ZC,NO,NO,,,Biju B,"#33-8-37,Rajaji Street",KAKINADA,Andhra Pradesh,India,533001,,Standard Template,Adjustment,"#33-8-37,Rajaji Street",KAKINADA,Andhra Pradesh,India,533001,,1,,,,0.000,,,,0.00,0.000,,,,0.00,,,,,,,,Platform Weighing Scale 30x34 SS,Max : 50kg  e: 5g Class III,84238290,1.00,0.00,0.0,396.00,2200.00,,FALSE,99381000003938861,Sales,PFPC30X34SS,,,,,nos,2200.00,Taxable,99381000000006196,IGST18,18.00,ItemAmount,,,,0.00,0.00,18.00,0.00,0.00,0.00,396.00,0.00,0.00,0.00,396.00,0.00,,goods,,,
2022-10-17,99381000006436114,EST424,invoiced,99381000006436082,Cochin,,,INR,1.00,entity_level,true,0.00,false,10750.00,12685.00,0.00,Looking forward for your business.,,REVURI VENKATARAO,37,37-Andhra Pradesh,business_gst,37AAIFR7794J1ZC,NO,NO,,,Biju B,"#33-8-37,Rajaji Street",KAKINADA,Andhra Pradesh,India,533001,,Standard Template,Adjustment,"#33-8-37,Rajaji Street",KAKINADA,Andhra Pradesh,India,533001,,1,,,,0.000,,,,0.00,0.000,,,,0.00,,,,,,,,PLATFORM PRICE COMPUTING SCALE (RED),"Make: YESWEIGH Model:YSP-50
Max:50kg e:5g Min:100g Class:III
Display : Red",84238290,1.00,0.00,0.0,441.00,2450.00,,FALSE,99381000005432019,Sales,GR2204R,,,,,nos,2450.00,Taxable,99381000000006196,IGST18,18.00,ItemAmount,,,,0.00,0.00,18.00,0.00,0.00,0.00,441.00,0.00,0.00,0.00,441.00,0.00,,goods,,,
2022-11-16,99381000006671112,EST425,invoiced,99381000006671081,Cochin,,,INR,1.00,entity_level,true,0.00,false,9900.00,11682.00,0.00,Looking forward for your business.,,chemind chemicals,32,32-Kerala,business_none,,NO,NO,,,Balachandran,chemind chemicals,kozhikkod,Kerala,,,,Standard Template,Adjustment,chemind chemicals,kozhikkod,Kerala,,,,1,,,,0.000,,,,0.00,0.000,,,,0.00,,,,,,,,Analytical Balance 220g/1 mg,"Make : YES WEIGH Model : YSJ 50
",84231000,1.00,0.00,0.0,1782.00,9900.00,,FALSE,99381000000205935,Sales,BSM2203,,,,,nos,9900.00,Taxable,99381000000006208,GST18,18.00,Tax Group,,,,9.00,9.00,0.00,0.00,891.00,891.00,0.00,0.00,891.00,891.00,0.00,0.00,,goods,,,
2022-11-24,99381000006766756,EST426,draft,99381000000850389,Cochin,,,INR,1.00,entity_level,true,0.00,false,14217.00,16776.00,0.00,Looking forward for your business.,,Eva Scales,32,32-Kerala,business_gst,32BFKPT8939R1Z9,NO,NO,,,Swathy,"Vellayamkudi PO ,
KSRTC Junction",Idukki,Kerala,India,685515,,Standard Template,Adjustment,"Eva Scales, Vellayamkudi PO ,  KSRTC Junction",Idukki,Kerala,India,685515,,1,,,,0.000,,,,0.00,0.000,,,,0.00,,,,,,,,Platform Scale Full SS,Capacity :50kg/5g Double display(LED) Size 30*34 Full SS,84238290,3.00,0.00,0.0,2268.00,12600.00,,FALSE,99381000004179819,Sales,YS5010SS,,,,,nos,4200.00,Taxable,99381000000006208,GST18,18.00,Tax Group,,,,9.00,9.00,0.00,0.00,1134.00,1134.00,0.00,0.00,1134.00,1134.00,0.00,0.00,,goods,,,
2022-11-24,99381000006766756,EST426,draft,99381000000850389,Cochin,,,INR,1.00,entity_level,true,0.00,false,14217.00,16776.00,0.00,Looking forward for your business.,,Eva Scales,32,32-Kerala,business_gst,32BFKPT8939R1Z9,NO,NO,,,Swathy,"Vellayamkudi PO ,
KSRTC Junction",Idukki,Kerala,India,685515,,Standard Template,Adjustment,"Eva Scales, Vellayamkudi PO ,  KSRTC Junction",Idukki,Kerala,India,685515,,1,,,,0.000,,,,0.00,0.000,,,,0.00,,,,,,,,Government Stamping Fee /Expense for 50 kg,,998729,3.00,0.00,0.0,261.90,1455.00,,FALSE,99381000000186036,Sales,SF50,,,,,nos,485.00,Taxable,99381000000006208,GST18,18.00,Tax Group,,,,9.00,9.00,0.00,0.00,130.95,130.95,0.00,0.00,130.95,130.95,0.00,0.00,,goods,,,
2022-11-24,99381000006766756,EST426,draft,99381000000850389,Cochin,,,INR,1.00,entity_level,true,0.00,false,14217.00,16776.00,0.00,Looking forward for your business.,,Eva Scales,32,32-Kerala,business_gst,32BFKPT8939R1Z9,NO,NO,,,Swathy,"Vellayamkudi PO ,
KSRTC Junction",Idukki,Kerala,India,685515,,Standard Template,Adjustment,"Eva Scales, Vellayamkudi PO ,  KSRTC Junction",Idukki,Kerala,India,685515,,1,,,,0.000,,,,0.00,0.000,,,,0.00,,,,,,,,Freight Charges,,996819,18.00,0.00,0.0,29.16,162.00,,FALSE,99381000000557009,Sales,COCS,,,,,kg,9.00,Taxable,99381000000006208,GST18,18.00,Tax Group,,,,9.00,9.00,0.00,0.00,14.58,14.58,0.00,0.00,14.58,14.58,0.00,0.00,,service,,,
2022-12-29,99381000007143039,EST427,draft,99381000002439359,Cochin,,,INR,1.00,entity_level,true,0.00,false,16048.00,18937.00,0.00,Looking forward for your business.,,ADIMALI SCALES,32,32-Kerala,business_gst,32CAHPB2953E2Z7,NO,NO,,,Swathy,"Adimali Scales, Mareena Tourist Complex, Kallarkutty Road",Idukki,Kerala,India,685561,,Standard Template,Adjustment,"Adimali Scales, Mareena Tourist Complex, Kallarkutty Road",Idukki,Kerala,India,685561,,1,,,,0.000,,,,0.00,0.000,,,,0.00,,,,,,,,Bill Printing scale Q8POS,Make:YESWEIGH  Model:YS-30   Max:30kg  e:5g  Min:100g  Class:III,84231000,1.00,0.00,0.0,2790.00,15500.00,,FALSE,99381000000011617,Sales,ECS5W,,,,,nos,15500.00,Taxable,99381000000006208,GST18,18.00,Tax Group,,,,9.00,9.00,0.00,0.00,1395.00,1395.00,0.00,0.00,1395.00,1395.00,0.00,0.00,,goods,,,
2022-12-29,99381000007143039,EST427,draft,99381000002439359,Cochin,,,INR,1.00,entity_level,true,0.00,false,16048.00,18937.00,0.00,Looking forward for your business.,,ADIMALI SCALES,32,32-Kerala,business_gst,32CAHPB2953E2Z7,NO,NO,,,Swathy,"Adimali Scales, Mareena Tourist Complex, Kallarkutty Road",Idukki,Kerala,India,685561,,Standard Template,Adjustment,"Adimali Scales, Mareena Tourist Complex, Kallarkutty Road",Idukki,Kerala,India,685561,,1,,,,0.000,,,,0.00,0.000,,,,0.00,,,,,,,,Government Stamping Fee /Expense for 30 kg,,998729,1.00,0.00,0.0,87.30,485.00,,FALSE,99381000000186027,Sales,SF30,,,,,nos,485.00,Taxable,99381000000006208,GST18,18.00,Tax Group,,,,9.00,9.00,0.00,0.00,43.65,43.65,0.00,0.00,43.65,43.65,0.00,0.00,,goods,,,
2022-12-29,99381000007143039,EST427,draft,99381000002439359,Cochin,,,INR,1.00,entity_level,true,0.00,false,16048.00,18937.00,0.00,Looking forward for your business.,,ADIMALI SCALES,32,32-Kerala,business_gst,32CAHPB2953E2Z7,NO,NO,,,Swathy,"Adimali Scales, Mareena Tourist Complex, Kallarkutty Road",Idukki,Kerala,India,685561,,Standard Template,Adjustment,"Adimali Scales, Mareena Tourist Complex, Kallarkutty Road",Idukki,Kerala,India,685561,,1,,,,0.000,,,,0.00,0.000,,,,0.00,,,,,,,,Freight Charges,,996819,7.00,0.00,0.0,11.34,63.00,,FALSE,99381000000557009,Sales,COCS,,,,,kg,9.00,Taxable,99381000000006208,GST18,18.00,Tax Group,,,,9.00,9.00,0.00,0.00,5.67,5.67,0.00,0.00,5.67,5.67,0.00,0.00,,service,,,
2023-01-03,99381000007190604,EST428,draft,99381000002163337,Cochin,,,INR,1.00,entity_level,true,0.00,false,26840.00,31671.00,0.00,Looking forward for your business.,,THRASSITTY,32,32-Kerala,business_none,,NO,NO,,,Swathy,"Opp Ambalam Road, 
Pookotumpadam",Malappuram,Kerala,India,679331,,Standard Template,Adjustment,"Opp Ambalam Road, 
Pookotumpadam",Malappuram,Kerala,India,679331,,1,,,,0.000,,,,0.00,0.000,,,,0.00,,,,,,,,ELECTRONIC PLATFORM SCALE-100kg,"Model : YSP PC Capacity :50kg/100kg e :5g/10g
Size : 30*40 cm, Accuracy : Dual Display :LED(Red),With Back Rail",84238290,10.00,0.00,0.0,3958.20,21990.00,,FALSE,99381000003880548,Sales,BEN30X40MSBR,,,,,nos,2199.00,Taxable,99381000000006208,GST18,18.00,Tax Group,,,,9.00,9.00,0.00,0.00,1979.10,1979.10,0.00,0.00,1979.10,1979.10,0.00,0.00,,goods,,,
2023-01-03,99381000007190604,EST428,draft,99381000002163337,Cochin,,,INR,1.00,entity_level,true,0.00,false,26840.00,31671.00,0.00,Looking forward for your business.,,THRASSITTY,32,32-Kerala,business_none,,NO,NO,,,Swathy,"Opp Ambalam Road, 
Pookotumpadam",Malappuram,Kerala,India,679331,,Standard Template,Adjustment,"Opp Ambalam Road, 
Pookotumpadam",Malappuram,Kerala,India,679331,,1,,,,0.000,,,,0.00,0.000,,,,0.00,,,,,,,,Government Stamping Fee / Expense for 50kg/100Kg,,998729,10.00,0.00,0.0,873.00,4850.00,,FALSE,99381000004396516,Sales,SF50100,,,,,nos,485.00,Taxable,99381000000006208,GST18,18.00,Tax Group,,,,9.00,9.00,0.00,0.00,436.50,436.50,0.00,0.00,436.50,436.50,0.00,0.00,,goods,,,
2023-02-08,99381000007690015,EST429,draft,99381000003339031,Cochin,,,INR,1.00,entity_level,true,0.00,false,6100.00,7198.00,0.00,Looking forward for your business.,,Techno Systems,32,32-Kerala,business_gst,32DWLPA5841K1ZH,NO,NO,,,Binsha (Inside Kerala),"KMK Complex
HMT road HMT kalamassery",Ernaklam,Kerala,India,683104,,Standard Template,Adjustment,"KMK Complex
HMT road HMT kalamassery",Ernaklam,Kerala,India,683104,,1,,,,0.000,,,,0.00,0.000,,,,0.00,,,,,,,,Platform Weighing Scale-Normal Indicator,"Make:YESWEIGH Model : YSP PC
Max : 100kg  e: 10g Min :200gm
Class: III",84238290,1.00,0.00,0.0,1098.00,6100.00,,FALSE,99381000005611792,Sales,PF4050SS,,,,,nos,6100.00,Taxable,99381000000006208,GST18,18.00,Tax Group,,,,9.00,9.00,0.00,0.00,549.00,549.00,0.00,0.00,549.00,549.00,0.00,0.00,,goods,,,1
2023-02-09,99381000007689034,EST430,draft,99381000006441194,Cochin,,,INR,1.00,entity_level,true,0.00,false,26315.00,31052.00,0.00,Looking forward for your business.,,M/S Balance Tech International,19,19-West Bengal,business_gst,19ABSFM5010F1Z7,NO,NO,,,Athira(Outside Kerala),"206A, 2nd Floor
Commercial Point
Taltala",Kolkata,West Bengal,India,700013,,Standard Template,Adjustment,"206A, 2nd Floor
Commercial Point
Taltala",Kolkata,West Bengal,India,700013,,1,,,,0.000,,,,0.00,0.000,,,,0.00,,,,,,,,ELECTRONICS SCALE - PLATFOM MS,"40x40cm MS portable scale with SS chequred  plate 
Capacity : 300kg/50g, 1901 single display indicator, Li battery",84238290,5.00,0.00,0.0,2385.00,13250.00,,FALSE,99381000003192114,Sales,MSCKNSCALE40X40,,,,,nos,2650.00,Taxable,99381000000006196,IGST18,18.00,ItemAmount,,,,0.00,0.00,18.00,0.00,0.00,0.00,2385.00,0.00,0.00,0.00,2385.00,0.00,,goods,,,1
2023-02-09,99381000007689034,EST430,draft,99381000006441194,Cochin,,,INR,1.00,entity_level,true,0.00,false,26315.00,31052.00,0.00,Looking forward for your business.,,M/S Balance Tech International,19,19-West Bengal,business_gst,19ABSFM5010F1Z7,NO,NO,,,Athira(Outside Kerala),"206A, 2nd Floor
Commercial Point
Taltala",Kolkata,West Bengal,India,700013,,Standard Template,Adjustment,"206A, 2nd Floor
Commercial Point
Taltala",Kolkata,West Bengal,India,700013,,1,,,,0.000,,,,0.00,0.000,,,,0.00,,,,,,,,Government Stamping Fee /Expense for 300kg,,998729,5.00,0.00,0.0,508.50,2825.00,,FALSE,99381000000548525,Sales,SF300,,,,,nos,565.00,Taxable,99381000000006196,IGST18,18.00,ItemAmount,,,,0.00,0.00,18.00,0.00,0.00,0.00,508.50,0.00,0.00,0.00,508.50,0.00,,goods,,,
2023-02-09,99381000007689034,EST430,draft,99381000006441194,Cochin,,,INR,1.00,entity_level,true,0.00,false,26315.00,31052.00,0.00,Looking forward for your business.,,M/S Balance Tech International,19,19-West Bengal,business_gst,19ABSFM5010F1Z7,NO,NO,,,Athira(Outside Kerala),"206A, 2nd Floor
Commercial Point
Taltala",Kolkata,West Bengal,India,700013,,Standard Template,Adjustment,"206A, 2nd Floor
Commercial Point
Taltala",Kolkata,West Bengal,India,700013,,1,,,,0.000,,,,0.00,0.000,,,,0.00,,,,,,,,ELECTRONIC PLATFORM SCALE 50-100kg,"Model : YSP PC Capacity : 50kg/100kg e:5g/10g
Size : 30*40cm, Plate : SS, Display : LED (Red) Accuracy :Dual",84238290,2.00,0.00,0.0,846.00,4700.00,,FALSE,99381000004032287,Sales,BEN340,,,,,nos,2350.00,Taxable,99381000000006196,IGST18,18.00,ItemAmount,,,,0.00,0.00,18.00,0.00,0.00,0.00,846.00,0.00,0.00,0.00,846.00,0.00,,goods,,,2
2023-02-09,99381000007689034,EST430,draft,99381000006441194,Cochin,,,INR,1.00,entity_level,true,0.00,false,26315.00,31052.00,0.00,Looking forward for your business.,,M/S Balance Tech International,19,19-West Bengal,business_gst,19ABSFM5010F1Z7,NO,NO,,,Athira(Outside Kerala),"206A, 2nd Floor
Commercial Point
Taltala",Kolkata,West Bengal,India,700013,,Standard Template,Adjustment,"206A, 2nd Floor
Commercial Point
Taltala",Kolkata,West Bengal,India,700013,,1,,,,0.000,,,,0.00,0.000,,,,0.00,,,,,,,,Government Stamping Fee / Expense for 100Kg,,998729,2.00,0.00,0.0,174.60,970.00,,FALSE,99381000000663063,Sales,SF100,,,,,nos,485.00,Taxable,99381000000006196,IGST18,18.00,ItemAmount,,,,0.00,0.00,18.00,0.00,0.00,0.00,174.60,0.00,0.00,0.00,174.60,0.00,,goods,,,
2023-02-09,99381000007689034,EST430,draft,99381000006441194,Cochin,,,INR,1.00,entity_level,true,0.00,false,26315.00,31052.00,0.00,Looking forward for your business.,,M/S Balance Tech International,19,19-West Bengal,business_gst,19ABSFM5010F1Z7,NO,NO,,,Athira(Outside Kerala),"206A, 2nd Floor
Commercial Point
Taltala",Kolkata,West Bengal,India,700013,,Standard Template,Adjustment,"206A, 2nd Floor
Commercial Point
Taltala",Kolkata,West Bengal,India,700013,,1,,,,0.000,,,,0.00,0.000,,,,0.00,,,,,,,,TABLE TOP ABS (VIBRANT),Max : 30Kg e:5gm Min: 100g Class III,84231000,2.00,0.00,0.0,648.00,3600.00,,FALSE,99381000001171138,Sales,VIBRANT300X240ABS,,,,,pcs,1800.00,Taxable,99381000000006196,IGST18,18.00,ItemAmount,,,,0.00,0.00,18.00,0.00,0.00,0.00,648.00,0.00,0.00,0.00,648.00,0.00,,goods,,,1
2023-02-09,99381000007689034,EST430,draft,99381000006441194,Cochin,,,INR,1.00,entity_level,true,0.00,false,26315.00,31052.00,0.00,Looking forward for your business.,,M/S Balance Tech International,19,19-West Bengal,business_gst,19ABSFM5010F1Z7,NO,NO,,,Athira(Outside Kerala),"206A, 2nd Floor
Commercial Point
Taltala",Kolkata,West Bengal,India,700013,,Standard Template,Adjustment,"206A, 2nd Floor
Commercial Point
Taltala",Kolkata,West Bengal,India,700013,,1,,,,0.000,,,,0.00,0.000,,,,0.00,,,,,,,,Government Stamping Fee /Expense for 30 kg,,998729,2.00,0.00,0.0,174.60,970.00,,FALSE,99381000000186027,Sales,SF30,,,,,nos,485.00,Taxable,99381000000006196,IGST18,18.00,ItemAmount,,,,0.00,0.00,18.00,0.00,0.00,0.00,174.60,0.00,0.00,0.00,174.60,0.00,,goods,,,
2023-02-14,99381000007732170,EST431,draft,99381000003128788,Cochin,,,INR,1.00,entity_level,true,0.00,false,9450.00,11151.00,0.00,Looking forward for your business.,,S M INDUSTRIES,36,36-Telangana,business_gst,36AIGPM7031H1ZA,NO,NO,,,Athira Sankar,15-1-69 J N Road,Hyderabad,Telangana,India,500012,,Standard Template,Adjustment,15-1-69 J N Road,Hyderabad,Telangana,India,500012,,1,,,,0.000,,,,0.00,0.000,,,,0.00,,,,,,,,PRICE COMPUTING SCALE - GOLD,"Make: YESWEIGH Model:YSP-30
Max:20kg e:2g Min:40g Class:III",84238190,5.00,0.00,0.0,1701.00,9450.00,,FALSE,99381000006684037,Sales,ATMGL,,,,,nos,1890.00,Taxable,99381000000006196,IGST18,18.00,ItemAmount,,,,0.00,0.00,18.00,0.00,0.00,0.00,1701.00,0.00,0.00,0.00,1701.00,0.00,,goods,,,5
2023-02-16,99381000007749047,EST432,draft,99381000000084508,Cochin,,,INR,1.00,entity_level,true,0.00,false,72000.00,84960.00,0.00,Looking forward for your business.,,ACE ELECTRONICS,32,32-Kerala,business_gst,32AAZFA3650P1ZV,NO,NO,,,Eldho (Kerala),"Akai tower ,
Near Tali Temple 
Thali ,Calicut",Calicut,Kerala,India,673002,,Standard Template,Adjustment,"Akai tower ,
Near Tali Temple 
Thali ,Calicut",Calicut,Kerala,India,673002,,1,,,,0.000,,,,0.00,0.000,,,,0.00,,,,,,,,Price Computing scale,"Make: YESWEIGH  Model:YSP-20
Max:20kg  e:2g  Min:40g  Class:III",84238190,40.00,0.00,0.0,12960.00,72000.00,,FALSE,99381000000016031,Sales,ATMPC,,,,,nos,1800.00,Taxable,99381000000006208,GST18,18.00,Tax Group,,,,9.00,9.00,0.00,0.00,6480.00,6480.00,0.00,0.00,6480.00,6480.00,0.00,0.00,,goods,,,5
2023-02-16,99381000007777152,EST433,draft,99381000007777125,Cochin,,,INR,1.00,entity_level,true,0.00,false,107980.00,127416.00,0.00,Looking forward for your business.,,JAYAJEE SCALES,32,32-Kerala,business_none,,NO,NO,,,Binsha (Inside Kerala),MUVATTUPUZHA ROAD,THODUPUZHA,Kerala,India,686669,,Standard Template,Discount,MUVATTUPUZHA ROAD,THODUPUZHA,Kerala,India,686669,,1,,,,0.000,,,,0.00,0.000,,,,0.00,,,,,,,,PLATFORM PRICE COMPUTING SCALE (RED),"Make: YESWEIGH Model:YSP-50
Max:50kg e:5g Min:100g Class:III
Display : Red",84238290,24.00,0.00,0.0,9936.00,55200.00,,FALSE,99381000005432019,Sales,GR2204R,,,,,nos,2300.00,Taxable,99381000000006208,GST18,18.00,Tax Group,,,,9.00,9.00,0.00,0.00,4968.00,4968.00,0.00,0.00,4968.00,4968.00,0.00,0.00,,goods,,,4
2023-02-16,99381000007777152,EST433,draft,99381000007777125,Cochin,,,INR,1.00,entity_level,true,0.00,false,107980.00,127416.00,0.00,Looking forward for your business.,,JAYAJEE SCALES,32,32-Kerala,business_none,,NO,NO,,,Binsha (Inside Kerala),MUVATTUPUZHA ROAD,THODUPUZHA,Kerala,India,686669,,Standard Template,Discount,MUVATTUPUZHA ROAD,THODUPUZHA,Kerala,India,686669,,1,,,,0.000,,,,0.00,0.000,,,,0.00,,,,,,,,Platform Scale Full SS,Capacity :50kg/5g Double display(LED) Size 30*34 Full SS,84238290,4.00,0.00,0.0,3024.00,16800.00,,FALSE,99381000004179819,Sales,YS5010SS,,,,,nos,4200.00,Taxable,99381000000006208,GST18,18.00,Tax Group,,,,9.00,9.00,0.00,0.00,1512.00,1512.00,0.00,0.00,1512.00,1512.00,0.00,0.00,,goods,,,4
2023-02-16,99381000007777152,EST433,draft,99381000007777125,Cochin,,,INR,1.00,entity_level,true,0.00,false,107980.00,127416.00,0.00,Looking forward for your business.,,JAYAJEE SCALES,32,32-Kerala,business_none,,NO,NO,,,Binsha (Inside Kerala),MUVATTUPUZHA ROAD,THODUPUZHA,Kerala,India,686669,,Standard Template,Discount,MUVATTUPUZHA ROAD,THODUPUZHA,Kerala,India,686669,,1,,,,0.000,,,,0.00,0.000,,,,0.00,,,,,,,,Government Stamping Fee /Expense for 50 kg,,998729,28.00,0.00,0.0,2444.40,13580.00,,FALSE,99381000000186036,Sales,SF50,,,,,nos,485.00,Taxable,99381000000006208,GST18,18.00,Tax Group,,,,9.00,9.00,0.00,0.00,1222.20,1222.20,0.00,0.00,1222.20,1222.20,0.00,0.00,,goods,,,
2023-02-16,99381000007777152,EST433,draft,99381000007777125,Cochin,,,INR,1.00,entity_level,true,0.00,false,107980.00,127416.00,0.00,Looking forward for your business.,,JAYAJEE SCALES,32,32-Kerala,business_none,,NO,NO,,,Binsha (Inside Kerala),MUVATTUPUZHA ROAD,THODUPUZHA,Kerala,India,686669,,Standard Template,Discount,MUVATTUPUZHA ROAD,THODUPUZHA,Kerala,India,686669,,1,,,,0.000,,,,0.00,0.000,,,,0.00,,,,,,,,PRICE COMPUTING SCALE - GOLD,"Make: YESWEIGH Model:YSP-30
Max:20kg e:2g Min:40g Class:III",84238190,5.00,0.00,0.0,1701.00,9450.00,,FALSE,99381000006684037,Sales,ATMGL,,,,,nos,1890.00,Taxable,99381000000006208,GST18,18.00,Tax Group,,,,9.00,9.00,0.00,0.00,850.50,850.50,0.00,0.00,850.50,850.50,0.00,0.00,,goods,,,5
2023-02-16,99381000007777152,EST433,draft,99381000007777125,Cochin,,,INR,1.00,entity_level,true,0.00,false,107980.00,127416.00,0.00,Looking forward for your business.,,JAYAJEE SCALES,32,32-Kerala,business_none,,NO,NO,,,Binsha (Inside Kerala),MUVATTUPUZHA ROAD,THODUPUZHA,Kerala,India,686669,,Standard Template,Discount,MUVATTUPUZHA ROAD,THODUPUZHA,Kerala,India,686669,,1,,,,0.000,,,,0.00,0.000,,,,0.00,,,,,,,,Price Computing scale,"Make: YESWEIGH  Model:YSP-20
Max:20kg  e:2g  Min:40g  Class:III",84238190,5.00,0.00,0.0,1755.00,9750.00,,FALSE,99381000000016031,Sales,ATMPC,,,,,nos,1950.00,Taxable,99381000000006208,GST18,18.00,Tax Group,,,,9.00,9.00,0.00,0.00,877.50,877.50,0.00,0.00,877.50,877.50,0.00,0.00,,goods,,,5
2023-02-16,99381000007777152,EST433,draft,99381000007777125,Cochin,,,INR,1.00,entity_level,true,0.00,false,107980.00,127416.00,0.00,Looking forward for your business.,,JAYAJEE SCALES,32,32-Kerala,business_none,,NO,NO,,,Binsha (Inside Kerala),MUVATTUPUZHA ROAD,THODUPUZHA,Kerala,India,686669,,Standard Template,Discount,MUVATTUPUZHA ROAD,THODUPUZHA,Kerala,India,686669,,1,,,,0.000,,,,0.00,0.000,,,,0.00,,,,,,,,Government Stamping Fee / Expense for 20 KG,,998729,10.00,0.00,0.0,576.00,3200.00,,FALSE,99381000000172016,Sales,SF20,,,,,nos,320.00,Taxable,99381000000006208,GST18,18.00,Tax Group,,,,9.00,9.00,0.00,0.00,288.00,288.00,0.00,0.00,288.00,288.00,0.00,0.00,,goods,,,
2023-02-17,99381000007782013,EST434,draft,99381000005074017,Cochin,,,INR,1.00,entity_level,true,0.00,false,11650.00,13747.00,0.00,Looking forward for your business.,,ELMASS’ Weighing & Automation Pvt. Ltd,32,32-Kerala,business_gst,32AAGCE7631N1ZF,NO,NO,,,Eldho (Kerala),"Souhruda Lane, Lissie Hospital Road, Ernakulam – 682018",,Kerala,India,682018,,Standard Template,Adjustment,"Souhruda Lane, Lissie Hospital Road, Ernakulam – 682018",,Kerala,India,682018,,1,,,,0.000,,,,0.00,0.000,,,,0.00,,,,,,,,PLATFORM SCALE-BENCH (G),"Make: YESWEIGH  Model:YSP-50
Max:50kg  e:5g  Min:100g  Class:III",84231000,3.00,0.00,0.0,1161.00,6450.00,,FALSE,99381000002790630,Sales,YS50GY,,,,,nos,2150.00,Taxable,99381000000006208,GST18,18.00,Tax Group,,,,9.00,9.00,0.00,0.00,580.50,580.50,0.00,0.00,580.50,580.50,0.00,0.00,,goods,,,4
2023-02-17,99381000007782013,EST434,draft,99381000005074017,Cochin,,,INR,1.00,entity_level,true,0.00,false,11650.00,13747.00,0.00,Looking forward for your business.,,ELMASS’ Weighing & Automation Pvt. Ltd,32,32-Kerala,business_gst,32AAGCE7631N1ZF,NO,NO,,,Eldho (Kerala),"Souhruda Lane, Lissie Hospital Road, Ernakulam – 682018",,Kerala,India,682018,,Standard Template,Adjustment,"Souhruda Lane, Lissie Hospital Road, Ernakulam – 682018",,Kerala,India,682018,,1,,,,0.000,,,,0.00,0.000,,,,0.00,,,,,,,,PRICE COMPUTING SCALE - GOLD,"Make: YESWEIGH Model:YSP-30
Max:20kg e:2g Min:40g Class:III",84238190,1.00,0.00,0.0,333.00,1850.00,,FALSE,99381000006684037,Sales,ATMGL,,,,,nos,1850.00,Taxable,99381000000006208,GST18,18.00,Tax Group,,,,9.00,9.00,0.00,0.00,166.50,166.50,0.00,0.00,166.50,166.50,0.00,0.00,,goods,,,5
2023-02-17,99381000007782013,EST434,draft,99381000005074017,Cochin,,,INR,1.00,entity_level,true,0.00,false,11650.00,13747.00,0.00,Looking forward for your business.,,ELMASS’ Weighing & Automation Pvt. Ltd,32,32-Kerala,business_gst,32AAGCE7631N1ZF,NO,NO,,,Eldho (Kerala),"Souhruda Lane, Lissie Hospital Road, Ernakulam – 682018",,Kerala,India,682018,,Standard Template,Adjustment,"Souhruda Lane, Lissie Hospital Road, Ernakulam – 682018",,Kerala,India,682018,,1,,,,0.000,,,,0.00,0.000,,,,0.00,,,,,,,,Price Computing Scale with Pole-Green,Make :YESWEIGH  Capacity : 30kg/5g Display : Green,84238290,1.00,0.00,0.0,360.00,2000.00,,FALSE,99381000005338212,Sales,ATMPCPBY828B,,,,,nos,2000.00,Taxable,99381000000006208,GST18,18.00,Tax Group,,,,9.00,9.00,0.00,0.00,180.00,180.00,0.00,0.00,180.00,180.00,0.00,0.00,,goods,,,4
2023-02-17,99381000007782013,EST434,draft,99381000005074017,Cochin,,,INR,1.00,entity_level,true,0.00,false,11650.00,13747.00,0.00,Looking forward for your business.,,ELMASS’ Weighing & Automation Pvt. Ltd,32,32-Kerala,business_gst,32AAGCE7631N1ZF,NO,NO,,,Eldho (Kerala),"Souhruda Lane, Lissie Hospital Road, Ernakulam – 682018",,Kerala,India,682018,,Standard Template,Adjustment,"Souhruda Lane, Lissie Hospital Road, Ernakulam – 682018",,Kerala,India,682018,,1,,,,0.000,,,,0.00,0.000,,,,0.00,,,,,,,,Table Top Scale  220x170 ABS 6 Volt,"Model : YST-20
Max : 20kg e:2gm Min: 40g Class III",84231000,1.00,0.00,0.0,243.00,1350.00,,FALSE,99381000000562040,Sales,TTABS6V,,,,,nos,1350.00,Taxable,99381000000006208,GST18,18.00,Tax Group,,,,9.00,9.00,0.00,0.00,121.50,121.50,0.00,0.00,121.50,121.50,0.00,0.00,,goods,,,6
2023-03-01,99381000007919002,EST435,draft,99381000001551333,Cochin,,,INR,1.00,entity_level,true,0.00,false,19990.00,23588.00,0.00,Looking forward for your business.,,Ananth Industries,33,33-Tamil Nadu,business_gst,33ANWPP6063B1ZT,NO,NO,,,Athira(Outside Kerala),"302,
East Masi street",Madurai,Tamil Nadu,India,625001,,Standard Template,Adjustment,"302,
East Masi street",Madurai,Tamil Nadu,India,625001,,1,,,,0.000,,,,0.00,0.000,,,,0.00,,,,,,,,ELECTRONIC PLATFORM SCALE 50-100kg,"Model : YSP PC Capacity : 50kg/100kg e:5g/10g
Size : 30*40cm, Plate : SS, Display : LED (Red) Accuracy :Dual",84238290,10.00,0.00,0.0,3598.20,19990.00,,FALSE,99381000004032287,Sales,BEN340,,,,,nos,1999.00,Taxable,99381000000006196,IGST18,18.00,ItemAmount,,,,0.00,0.00,18.00,0.00,0.00,0.00,3598.20,0.00,0.00,0.00,3598.20,0.00,,goods,,,2
2023-03-02,99381000007925123,EST436,draft,99381000005074017,Cochin,,,INR,1.00,entity_level,true,0.00,false,11800.00,13924.00,0.00,Looking forward for your business.,,ELMASS’ Weighing & Automation Pvt. Ltd,32,32-Kerala,business_gst,32AAGCE7631N1ZF,NO,NO,,,Eldho (Kerala),"Souhruda Lane, Lissie Hospital Road, Ernakulam – 682018",,Kerala,India,682018,,Standard Template,Adjustment,"Souhruda Lane, Lissie Hospital Road, Ernakulam – 682018",,Kerala,India,682018,,1,,,,0.000,,,,0.00,0.000,,,,0.00,,,,,,,,Table Top Scale  220x170 ABS 6 Volt,"Model : YST-20
Max : 20kg e:2gm Min: 40g Class III",84231000,2.00,0.00,0.0,486.00,2700.00,,FALSE,99381000000562040,Sales,TTABS6V,,,,,nos,1350.00,Taxable,99381000000006208,GST18,18.00,Tax Group,,,,9.00,9.00,0.00,0.00,243.00,243.00,0.00,0.00,243.00,243.00,0.00,0.00,,goods,,,6
2023-03-02,99381000007925123,EST436,draft,99381000005074017,Cochin,,,INR,1.00,entity_level,true,0.00,false,11800.00,13924.00,0.00,Looking forward for your business.,,ELMASS’ Weighing & Automation Pvt. Ltd,32,32-Kerala,business_gst,32AAGCE7631N1ZF,NO,NO,,,Eldho (Kerala),"Souhruda Lane, Lissie Hospital Road, Ernakulam – 682018",,Kerala,India,682018,,Standard Template,Adjustment,"Souhruda Lane, Lissie Hospital Road, Ernakulam – 682018",,Kerala,India,682018,,1,,,,0.000,,,,0.00,0.000,,,,0.00,,,,,,,,Table Top Scale 220x170 ABS 4 Volt,"Make  : YESWEIGH Model: YST-20
Max :20kg e:2gm Min: 40g Class III",84231000,1.00,0.00,0.0,216.00,1200.00,,FALSE,99381000000349058,Sales,CH4VSF,,,,,nos,1200.00,Taxable,99381000000006208,GST18,18.00,Tax Group,,,,9.00,9.00,0.00,0.00,108.00,108.00,0.00,0.00,108.00,108.00,0.00,0.00,,goods,,,6
2023-03-02,99381000007925123,EST436,draft,99381000005074017,Cochin,,,INR,1.00,entity_level,true,0.00,false,11800.00,13924.00,0.00,Looking forward for your business.,,ELMASS’ Weighing & Automation Pvt. Ltd,32,32-Kerala,business_gst,32AAGCE7631N1ZF,NO,NO,,,Eldho (Kerala),"Souhruda Lane, Lissie Hospital Road, Ernakulam – 682018",,Kerala,India,682018,,Standard Template,Adjustment,"Souhruda Lane, Lissie Hospital Road, Ernakulam – 682018",,Kerala,India,682018,,1,,,,0.000,,,,0.00,0.000,,,,0.00,,,,,,,,PLATFORM PRICE COMPUTING SCALE (RED),"Make: YESWEIGH Model:YSP-50
Max:50kg e:5g Min:100g Class:III
Display : Red",84238290,2.00,0.00,0.0,756.00,4200.00,,FALSE,99381000005432019,Sales,GR2204R,,,,,nos,2100.00,Taxable,99381000000006208,GST18,18.00,Tax Group,,,,9.00,9.00,0.00,0.00,378.00,378.00,0.00,0.00,378.00,378.00,0.00,0.00,,goods,,,4
2023-03-02,99381000007925123,EST436,draft,99381000005074017,Cochin,,,INR,1.00,entity_level,true,0.00,false,11800.00,13924.00,0.00,Looking forward for your business.,,ELMASS’ Weighing & Automation Pvt. Ltd,32,32-Kerala,business_gst,32AAGCE7631N1ZF,NO,NO,,,Eldho (Kerala),"Souhruda Lane, Lissie Hospital Road, Ernakulam – 682018",,Kerala,India,682018,,Standard Template,Adjustment,"Souhruda Lane, Lissie Hospital Road, Ernakulam – 682018",,Kerala,India,682018,,1,,,,0.000,,,,0.00,0.000,,,,0.00,,,,,,,,PRICE COMPUTING SCALE - GOLD,"Make: YESWEIGH Model:YSP-30
Max:20kg e:2g Min:40g Class:III",84238190,2.00,0.00,0.0,666.00,3700.00,,FALSE,99381000006684037,Sales,ATMGL,,,,,nos,1850.00,Taxable,99381000000006208,GST18,18.00,Tax Group,,,,9.00,9.00,0.00,0.00,333.00,333.00,0.00,0.00,333.00,333.00,0.00,0.00,,goods,,,5
2023-03-06,99381000007990045,EST437,draft,99381000001357416,Cochin,,,INR,1.00,entity_level,true,0.00,false,507000.00,598260.00,0.00,Looking forward for your business.,,V K ELECTRONICS,32,32-Kerala,business_gst,32BOXPV4134E1ZN,NO,NO,,,Binsha (Inside Kerala),"M. K. ARCADE COMPLEX
OMASSERY",KOZHIKODE,Kerala,India,673582,,Standard Template,Adjustment,"M. K. ARCADE COMPLEX
OMASSERY",KOZHIKODE,Kerala,India,673582,,1,,,,0.000,,,,0.00,0.000,,,,0.00,,,,,,,,Bill Printing scale Q8POS,Make:YESWEIGH  Model:YS-30   Max:30kg  e:5g  Min:100g  Class:III,84231000,6.00,0.00,0.0,16740.00,93000.00,,FALSE,99381000000011617,Sales,ECS5W,,,,,nos,15500.00,Taxable,99381000000006208,GST18,18.00,Tax Group,,,,9.00,9.00,0.00,0.00,8370.00,8370.00,0.00,0.00,8370.00,8370.00,0.00,0.00,,goods,,,2
2023-03-06,99381000007990045,EST437,draft,99381000001357416,Cochin,,,INR,1.00,entity_level,true,0.00,false,507000.00,598260.00,0.00,Looking forward for your business.,,V K ELECTRONICS,32,32-Kerala,business_gst,32BOXPV4134E1ZN,NO,NO,,,Binsha (Inside Kerala),"M. K. ARCADE COMPLEX
OMASSERY",KOZHIKODE,Kerala,India,673582,,Standard Template,Adjustment,"M. K. ARCADE COMPLEX
OMASSERY",KOZHIKODE,Kerala,India,673582,,1,,,,0.000,,,,0.00,0.000,,,,0.00,,,,,,,,Price Computing scale,"Make: YESWEIGH  Model:YSP-20
Max:20kg  e:2g  Min:40g  Class:III",84238190,52.00,0.00,0.0,18252.00,101400.00,,FALSE,99381000000016031,Sales,ATMPC,,,,,nos,1950.00,Taxable,99381000000006208,GST18,18.00,Tax Group,,,,9.00,9.00,0.00,0.00,9126.00,9126.00,0.00,0.00,9126.00,9126.00,0.00,0.00,,goods,,,5
2023-03-06,99381000007990045,EST437,draft,99381000001357416,Cochin,,,INR,1.00,entity_level,true,0.00,false,507000.00,598260.00,0.00,Looking forward for your business.,,V K ELECTRONICS,32,32-Kerala,business_gst,32BOXPV4134E1ZN,NO,NO,,,Binsha (Inside Kerala),"M. K. ARCADE COMPLEX
OMASSERY",KOZHIKODE,Kerala,India,673582,,Standard Template,Adjustment,"M. K. ARCADE COMPLEX
OMASSERY",KOZHIKODE,Kerala,India,673582,,1,,,,0.000,,,,0.00,0.000,,,,0.00,,,,,,,,Price Computing Scale with Pole-Green,Make :YESWEIGH  Capacity : 30kg/5g Display : Green,84238290,25.00,0.00,0.0,9900.00,55000.00,,FALSE,99381000005338212,Sales,ATMPCPBY828B,,,,,nos,2200.00,Taxable,99381000000006208,GST18,18.00,Tax Group,,,,9.00,9.00,0.00,0.00,4950.00,4950.00,0.00,0.00,4950.00,4950.00,0.00,0.00,,goods,,,4
2023-03-06,99381000007990045,EST437,draft,99381000001357416,Cochin,,,INR,1.00,entity_level,true,0.00,false,507000.00,598260.00,0.00,Looking forward for your business.,,V K ELECTRONICS,32,32-Kerala,business_gst,32BOXPV4134E1ZN,NO,NO,,,Binsha (Inside Kerala),"M. K. ARCADE COMPLEX
OMASSERY",KOZHIKODE,Kerala,India,673582,,Standard Template,Adjustment,"M. K. ARCADE COMPLEX
OMASSERY",KOZHIKODE,Kerala,India,673582,,1,,,,0.000,,,,0.00,0.000,,,,0.00,,,,,,,,Label Printing scale Q9,Make:YESWEIGH  Model:YS-30   Max:30kg  e:5g  Min:100g  Class:III,84231000,5.00,0.00,0.0,13050.00,72500.00,,FALSE,99381000000735165,Sales,TMAQ9,,,,,nos,14500.00,Taxable,99381000000006208,GST18,18.00,Tax Group,,,,9.00,9.00,0.00,0.00,6525.00,6525.00,0.00,0.00,6525.00,6525.00,0.00,0.00,,goods,,,1
2023-03-06,99381000007990045,EST437,draft,99381000001357416,Cochin,,,INR,1.00,entity_level,true,0.00,false,507000.00,598260.00,0.00,Looking forward for your business.,,V K ELECTRONICS,32,32-Kerala,business_gst,32BOXPV4134E1ZN,NO,NO,,,Binsha (Inside Kerala),"M. K. ARCADE COMPLEX
OMASSERY",KOZHIKODE,Kerala,India,673582,,Standard Template,Adjustment,"M. K. ARCADE COMPLEX
OMASSERY",KOZHIKODE,Kerala,India,673582,,1,,,,0.000,,,,0.00,0.000,,,,0.00,,,,,,,,Platform Scale Full SS,Capacity :50kg/5g Double display(LED) Size 30*34 Full SS,84238290,10.00,0.00,0.0,7560.00,42000.00,,FALSE,99381000004179819,Sales,YS5010SS,,,,,nos,4200.00,Taxable,99381000000006208,GST18,18.00,Tax Group,,,,9.00,9.00,0.00,0.00,3780.00,3780.00,0.00,0.00,3780.00,3780.00,0.00,0.00,,goods,,,4
2023-03-06,99381000007990045,EST437,draft,99381000001357416,Cochin,,,INR,1.00,entity_level,true,0.00,false,507000.00,598260.00,0.00,Looking forward for your business.,,V K ELECTRONICS,32,32-Kerala,business_gst,32BOXPV4134E1ZN,NO,NO,,,Binsha (Inside Kerala),"M. K. ARCADE COMPLEX
OMASSERY",KOZHIKODE,Kerala,India,673582,,Standard Template,Adjustment,"M. K. ARCADE COMPLEX
OMASSERY",KOZHIKODE,Kerala,India,673582,,1,,,,0.000,,,,0.00,0.000,,,,0.00,,,,,,,,PLATFORM SCALE-BENCH (G),"Make: YESWEIGH  Model:YSP-50
Max:50kg  e:5g  Min:100g  Class:III",84231000,52.00,0.00,0.0,22464.00,124800.00,,FALSE,99381000002790630,Sales,YS50GY,,,,,nos,2400.00,Taxable,99381000000006208,GST18,18.00,Tax Group,,,,9.00,9.00,0.00,0.00,11232.00,11232.00,0.00,0.00,11232.00,11232.00,0.00,0.00,,goods,,,4
2023-03-06,99381000007990045,EST437,draft,99381000001357416,Cochin,,,INR,1.00,entity_level,true,0.00,false,507000.00,598260.00,0.00,Looking forward for your business.,,V K ELECTRONICS,32,32-Kerala,business_gst,32BOXPV4134E1ZN,NO,NO,,,Binsha (Inside Kerala),"M. K. ARCADE COMPLEX
OMASSERY",KOZHIKODE,Kerala,India,673582,,Standard Template,Adjustment,"M. K. ARCADE COMPLEX
OMASSERY",KOZHIKODE,Kerala,India,673582,,1,,,,0.000,,,,0.00,0.000,,,,0.00,,,,,,,,Platform Weighing Scale 40X50 SS,"Make:YESWEIGH Model : YSP PC
Max : 100kg  e: 10g Min :200gm
Class: III",84238290,3.00,0.00,0.0,3294.00,18300.00,,FALSE,99381000003938870,Sales,PFPC40X50SS,,,,,nos,6100.00,Taxable,99381000000006208,GST18,18.00,Tax Group,,,,9.00,9.00,0.00,0.00,1647.00,1647.00,0.00,0.00,1647.00,1647.00,0.00,0.00,,goods,,,1
2023-03-10,99381000008052655,EST438,invoiced,99381000008052623,Cochin,,,INR,1.00,entity_level,true,0.00,false,84800.00,100064.00,0.00,Looking forward for your business.,,LAXMI ELECTRONICS,29,29-Karnataka,business_gst,29DDJPB3532D1ZV,NO,NO,,,Binsha(Outside Kerala),"OPP, Gundiyath Aiyppa Temple,",kodagu,Karnataka,India,571216,,Standard Template,Adjustment,"OPP, Gundiyath Aiyppa Temple,",kodagu,Karnataka,India,571216,,1,,,,0.000,,,,0.00,0.000,,,,0.00,,,,,,,,Table Top Scale  220x170 ABS 6 Volt,"Model : YST-20
Max : 20kg e:2gm Min: 40g Class III",84231000,2.00,0.00,0.0,486.00,2700.00,,FALSE,99381000000562040,Sales,TTABS6V,,,,,nos,1350.00,Taxable,99381000000006196,IGST18,18.00,ItemAmount,,,,0.00,0.00,18.00,0.00,0.00,0.00,486.00,0.00,0.00,0.00,486.00,0.00,,goods,,,6
2023-03-10,99381000008052655,EST438,invoiced,99381000008052623,Cochin,,,INR,1.00,entity_level,true,0.00,false,84800.00,100064.00,0.00,Looking forward for your business.,,LAXMI ELECTRONICS,29,29-Karnataka,business_gst,29DDJPB3532D1ZV,NO,NO,,,Binsha(Outside Kerala),"OPP, Gundiyath Aiyppa Temple,",kodagu,Karnataka,India,571216,,Standard Template,Adjustment,"OPP, Gundiyath Aiyppa Temple,",kodagu,Karnataka,India,571216,,1,,,,0.000,,,,0.00,0.000,,,,0.00,,,,,,,,Table Top Scale 220x170 ABS 4 Volt,"Make  : YESWEIGH Model: YST-20
Max :20kg e:2gm Min: 40g Class III",84231000,2.00,0.00,0.0,432.00,2400.00,,FALSE,99381000000349058,Sales,CH4VSF,,,,,nos,1200.00,Taxable,99381000000006196,IGST18,18.00,ItemAmount,,,,0.00,0.00,18.00,0.00,0.00,0.00,432.00,0.00,0.00,0.00,432.00,0.00,,goods,,,6
2023-03-10,99381000008052655,EST438,invoiced,99381000008052623,Cochin,,,INR,1.00,entity_level,true,0.00,false,84800.00,100064.00,0.00,Looking forward for your business.,,LAXMI ELECTRONICS,29,29-Karnataka,business_gst,29DDJPB3532D1ZV,NO,NO,,,Binsha(Outside Kerala),"OPP, Gundiyath Aiyppa Temple,",kodagu,Karnataka,India,571216,,Standard Template,Adjustment,"OPP, Gundiyath Aiyppa Temple,",kodagu,Karnataka,India,571216,,1,,,,0.000,,,,0.00,0.000,,,,0.00,,,,,,,,PLATFORM SCALE-BENCH (G),"Make: YESWEIGH  Model:YSP-50
Max:50kg  e:5g  Min:100g  Class:III",84231000,4.00,0.00,0.0,1764.00,9800.00,,FALSE,99381000002790630,Sales,YS50GY,,,,,nos,2450.00,Taxable,99381000000006196,IGST18,18.00,ItemAmount,,,,0.00,0.00,18.00,0.00,0.00,0.00,1764.00,0.00,0.00,0.00,1764.00,0.00,,goods,,,4
2023-03-10,99381000008052655,EST438,invoiced,99381000008052623,Cochin,,,INR,1.00,entity_level,true,0.00,false,84800.00,100064.00,0.00,Looking forward for your business.,,LAXMI ELECTRONICS,29,29-Karnataka,business_gst,29DDJPB3532D1ZV,NO,NO,,,Binsha(Outside Kerala),"OPP, Gundiyath Aiyppa Temple,",kodagu,Karnataka,India,571216,,Standard Template,Adjustment,"OPP, Gundiyath Aiyppa Temple,",kodagu,Karnataka,India,571216,,1,,,,0.000,,,,0.00,0.000,,,,0.00,,,,,,,,PRICE COMPUTING SCALE - GOLD,"Make: YESWEIGH Model:YSP-30
Max:20kg e:2g Min:40g Class:III",84238190,5.00,0.00,0.0,1701.00,9450.00,,FALSE,99381000006684037,Sales,ATMGL,,,,,nos,1890.00,Taxable,99381000000006196,IGST18,18.00,ItemAmount,,,,0.00,0.00,18.00,0.00,0.00,0.00,1701.00,0.00,0.00,0.00,1701.00,0.00,,goods,,,5
2023-03-10,99381000008052655,EST438,invoiced,99381000008052623,Cochin,,,INR,1.00,entity_level,true,0.00,false,84800.00,100064.00,0.00,Looking forward for your business.,,LAXMI ELECTRONICS,29,29-Karnataka,business_gst,29DDJPB3532D1ZV,NO,NO,,,Binsha(Outside Kerala),"OPP, Gundiyath Aiyppa Temple,",kodagu,Karnataka,India,571216,,Standard Template,Adjustment,"OPP, Gundiyath Aiyppa Temple,",kodagu,Karnataka,India,571216,,1,,,,0.000,,,,0.00,0.000,,,,0.00,,,,,,,,CHICKEN SCALE 300KG SS,"Make : YESWEIGH Model : YSC
Max : 300kg e:50g Min:1kg
Class : III",84239010,2.00,0.00,0.0,1188.00,6600.00,,FALSE,99381000001933011,Sales,CS400X400SS,,,,,nos,3300.00,Taxable,99381000000006196,IGST18,18.00,ItemAmount,,,,0.00,0.00,18.00,0.00,0.00,0.00,1188.00,0.00,0.00,0.00,1188.00,0.00,,goods,,,1
2023-03-10,99381000008052655,EST438,invoiced,99381000008052623,Cochin,,,INR,1.00,entity_level,true,0.00,false,84800.00,100064.00,0.00,Looking forward for your business.,,LAXMI ELECTRONICS,29,29-Karnataka,business_gst,29DDJPB3532D1ZV,NO,NO,,,Binsha(Outside Kerala),"OPP, Gundiyath Aiyppa Temple,",kodagu,Karnataka,India,571216,,Standard Template,Adjustment,"OPP, Gundiyath Aiyppa Temple,",kodagu,Karnataka,India,571216,,1,,,,0.000,,,,0.00,0.000,,,,0.00,,,,,,,,Price Computing scale -W,"Make: YESWEIGH Model: YSP 30
Max:30kg e:5g Min:100g Class:III",84238290,5.00,0.00,0.0,2205.00,12250.00,,FALSE,99381000006409443,Sales,DY798,,,,,nos,2450.00,Taxable,99381000000006196,IGST18,18.00,ItemAmount,,,,0.00,0.00,18.00,0.00,0.00,0.00,2205.00,0.00,0.00,0.00,2205.00,0.00,,goods,,,5
2023-03-10,99381000008052655,EST438,invoiced,99381000008052623,Cochin,,,INR,1.00,entity_level,true,0.00,false,84800.00,100064.00,0.00,Looking forward for your business.,,LAXMI ELECTRONICS,29,29-Karnataka,business_gst,29DDJPB3532D1ZV,NO,NO,,,Binsha(Outside Kerala),"OPP, Gundiyath Aiyppa Temple,",kodagu,Karnataka,India,571216,,Standard Template,Adjustment,"OPP, Gundiyath Aiyppa Temple,",kodagu,Karnataka,India,571216,,1,,,,0.000,,,,0.00,0.000,,,,0.00,,,,,,,,Platform Weighing Scale 30x34 SS,Max : 50kg  e: 5g Class III,84238290,4.00,0.00,0.0,1584.00,8800.00,,FALSE,99381000003938861,Sales,PFPC30X34SS,,,,,nos,2200.00,Taxable,99381000000006196,IGST18,18.00,ItemAmount,,,,0.00,0.00,18.00,0.00,0.00,0.00,1584.00,0.00,0.00,0.00,1584.00,0.00,,goods,,,4
2023-03-10,99381000008052655,EST438,invoiced,99381000008052623,Cochin,,,INR,1.00,entity_level,true,0.00,false,84800.00,100064.00,0.00,Looking forward for your business.,,LAXMI ELECTRONICS,29,29-Karnataka,business_gst,29DDJPB3532D1ZV,NO,NO,,,Binsha(Outside Kerala),"OPP, Gundiyath Aiyppa Temple,",kodagu,Karnataka,India,571216,,Standard Template,Adjustment,"OPP, Gundiyath Aiyppa Temple,",kodagu,Karnataka,India,571216,,1,,,,0.000,,,,0.00,0.000,,,,0.00,,,,,,,,Price Computing scale,"Make: YESWEIGH  Model:YSP-20
Max:20kg  e:2g  Min:40g  Class:III",84238190,5.00,0.00,0.0,1755.00,9750.00,,FALSE,99381000000016031,Sales,ATMPC,,,,,nos,1950.00,Taxable,99381000000006196,IGST18,18.00,ItemAmount,,,,0.00,0.00,18.00,0.00,0.00,0.00,1755.00,0.00,0.00,0.00,1755.00,0.00,,goods,,,5
2023-03-10,99381000008052655,EST438,invoiced,99381000008052623,Cochin,,,INR,1.00,entity_level,true,0.00,false,84800.00,100064.00,0.00,Looking forward for your business.,,LAXMI ELECTRONICS,29,29-Karnataka,business_gst,29DDJPB3532D1ZV,NO,NO,,,Binsha(Outside Kerala),"OPP, Gundiyath Aiyppa Temple,",kodagu,Karnataka,India,571216,,Standard Template,Adjustment,"OPP, Gundiyath Aiyppa Temple,",kodagu,Karnataka,India,571216,,1,,,,0.000,,,,0.00,0.000,,,,0.00,,,,,,,,Price Computing Scale with Pole-Green,Make :YESWEIGH  Capacity : 30kg/5g Display : Green,84238290,4.00,0.00,0.0,1656.00,9200.00,,FALSE,99381000005338212,Sales,ATMPCPBY828B,,,,,nos,2300.00,Taxable,99381000000006196,IGST18,18.00,ItemAmount,,,,0.00,0.00,18.00,0.00,0.00,0.00,1656.00,0.00,0.00,0.00,1656.00,0.00,,goods,,,4
2023-03-10,99381000008052655,EST438,invoiced,99381000008052623,Cochin,,,INR,1.00,entity_level,true,0.00,false,84800.00,100064.00,0.00,Looking forward for your business.,,LAXMI ELECTRONICS,29,29-Karnataka,business_gst,29DDJPB3532D1ZV,NO,NO,,,Binsha(Outside Kerala),"OPP, Gundiyath Aiyppa Temple,",kodagu,Karnataka,India,571216,,Standard Template,Adjustment,"OPP, Gundiyath Aiyppa Temple,",kodagu,Karnataka,India,571216,,1,,,,0.000,,,,0.00,0.000,,,,0.00,,,,,,,,PLATFORM SCALE 40X40 SS,"40X40CM Platform Scale, 150kg/20g, 1702 double display, green led indicator, AC Charger. 4V battery, SS pan, with SS back rail, SS pole, SS top platform, MS Frame",84239020,1.00,0.00,0.0,585.00,3250.00,,FALSE,99381000003192139,Sales,PF4040,,,,,nos,3250.00,Taxable,99381000000006196,IGST18,18.00,ItemAmount,,,,0.00,0.00,18.00,0.00,0.00,0.00,585.00,0.00,0.00,0.00,585.00,0.00,,goods,,,1
2023-03-10,99381000008052655,EST438,invoiced,99381000008052623,Cochin,,,INR,1.00,entity_level,true,0.00,false,84800.00,100064.00,0.00,Looking forward for your business.,,LAXMI ELECTRONICS,29,29-Karnataka,business_gst,29DDJPB3532D1ZV,NO,NO,,,Binsha(Outside Kerala),"OPP, Gundiyath Aiyppa Temple,",kodagu,Karnataka,India,571216,,Standard Template,Adjustment,"OPP, Gundiyath Aiyppa Temple,",kodagu,Karnataka,India,571216,,1,,,,0.000,,,,0.00,0.000,,,,0.00,,,,,,,,ELECTRONIC PLATFORM SCALE-100kg,"Model : YSP PC Capacity :50kg/100kg e :5g/10g
Size : 30*40 cm, Accuracy : Dual Display :LED(Red),With Back Rail",84238290,1.00,0.00,0.0,423.00,2350.00,,FALSE,99381000003880548,Sales,BEN30X40MSBR,,,,,nos,2350.00,Taxable,99381000000006196,IGST18,18.00,ItemAmount,,,,0.00,0.00,18.00,0.00,0.00,0.00,423.00,0.00,0.00,0.00,423.00,0.00,,goods,,,2
2023-03-10,99381000008052655,EST438,invoiced,99381000008052623,Cochin,,,INR,1.00,entity_level,true,0.00,false,84800.00,100064.00,0.00,Looking forward for your business.,,LAXMI ELECTRONICS,29,29-Karnataka,business_gst,29DDJPB3532D1ZV,NO,NO,,,Binsha(Outside Kerala),"OPP, Gundiyath Aiyppa Temple,",kodagu,Karnataka,India,571216,,Standard Template,Adjustment,"OPP, Gundiyath Aiyppa Temple,",kodagu,Karnataka,India,571216,,1,,,,0.000,,,,0.00,0.000,,,,0.00,,,,,,,,ELECTRONIC PLATFORM SCALE 50-100kg,"Model : YSP PC Capacity : 50kg/100kg e:5g/10g
Size : 30*40cm, Plate : SS, Display : LED (Red) Accuracy :Dual",84238290,1.00,0.00,0.0,423.00,2350.00,,FALSE,99381000004032287,Sales,BEN340,,,,,nos,2350.00,Taxable,99381000000006196,IGST18,18.00,ItemAmount,,,,0.00,0.00,18.00,0.00,0.00,0.00,423.00,0.00,0.00,0.00,423.00,0.00,,goods,,,2
2023-03-10,99381000008052655,EST438,invoiced,99381000008052623,Cochin,,,INR,1.00,entity_level,true,0.00,false,84800.00,100064.00,0.00,Looking forward for your business.,,LAXMI ELECTRONICS,29,29-Karnataka,business_gst,29DDJPB3532D1ZV,NO,NO,,,Binsha(Outside Kerala),"OPP, Gundiyath Aiyppa Temple,",kodagu,Karnataka,India,571216,,Standard Template,Adjustment,"OPP, Gundiyath Aiyppa Temple,",kodagu,Karnataka,India,571216,,1,,,,0.000,,,,0.00,0.000,,,,0.00,,,,,,,,ELECTRONIC PLATFORM SCALE,"Model : YSP PC Capacity: 200kg/300kg e: 20g/50g Min : 1kg
Size : 40*50 cm, Display : LED (Red), With Back Rail",84238290,1.00,0.00,0.0,585.00,3250.00,,FALSE,99381000003880539,Sales,PLT4050,,,,,nos,3250.00,Taxable,99381000000006196,IGST18,18.00,ItemAmount,,,,0.00,0.00,18.00,0.00,0.00,0.00,585.00,0.00,0.00,0.00,585.00,0.00,,goods,,,1
2023-03-10,99381000008052655,EST438,invoiced,99381000008052623,Cochin,,,INR,1.00,entity_level,true,0.00,false,84800.00,100064.00,0.00,Looking forward for your business.,,LAXMI ELECTRONICS,29,29-Karnataka,business_gst,29DDJPB3532D1ZV,NO,NO,,,Binsha(Outside Kerala),"OPP, Gundiyath Aiyppa Temple,",kodagu,Karnataka,India,571216,,Standard Template,Adjustment,"OPP, Gundiyath Aiyppa Temple,",kodagu,Karnataka,India,571216,,1,,,,0.000,,,,0.00,0.000,,,,0.00,,,,,,,,ELECTRONICS SCALE - PLATFOM MS,"Make : YESWEIGH Model : YSC 
Max : 300kg e: 50g Min : 1kg Class:III
40x40cm MS portable scale with SS chequred  plate 
1901 single display indicator, Li battery",84238290,1.00,0.00,0.0,477.00,2650.00,,FALSE,99381000003192114,Sales,MSCKNSCALE40X40,,,,,nos,2650.00,Taxable,99381000000006196,IGST18,18.00,ItemAmount,,,,0.00,0.00,18.00,0.00,0.00,0.00,477.00,0.00,0.00,0.00,477.00,0.00,,goods,,,1
2023-03-22,99381000008224001,EST439,invoiced,99381000006049076,Cochin,,,INR,1.00,entity_level,true,0.00,false,72425.00,85462.00,0.00,Looking forward for your business.,,S K  TECHNOSYS,29,29-Karnataka,business_gst,29HFKPS1956F1ZT,NO,NO,,,Biju B,"No.25,1st Floor,Behind ICICI Bank
Bikasipura BDA Layout,",Bangalore,Karnataka,India,560062,,Standard Template,Adjustment,"No.25,1st Floor,Behind ICICI Bank
Bikasipura BDA Layout,",Bangalore,Karnataka,India,560062,,1,,,,0.000,,,,0.00,0.000,,,,0.00,,,,,,,,Label Printing Scale Q9LBL,Make:YESWEIGH  Model:YS-30   Max:30kg  e:5g  Min:100g  Class:III,84231000,5.00,0.00,0.0,12600.00,70000.00,,FALSE,99381000002536240,Sales,Q9LBL,,,,,nos,14000.00,Taxable,99381000000006196,IGST18,18.00,ItemAmount,,,,0.00,0.00,18.00,0.00,0.00,0.00,12600.00,0.00,0.00,0.00,12600.00,0.00,,goods,,,1
2023-03-22,99381000008224001,EST439,invoiced,99381000006049076,Cochin,,,INR,1.00,entity_level,true,0.00,false,72425.00,85462.00,0.00,Looking forward for your business.,,S K  TECHNOSYS,29,29-Karnataka,business_gst,29HFKPS1956F1ZT,NO,NO,,,Biju B,"No.25,1st Floor,Behind ICICI Bank
Bikasipura BDA Layout,",Bangalore,Karnataka,India,560062,,Standard Template,Adjustment,"No.25,1st Floor,Behind ICICI Bank
Bikasipura BDA Layout,",Bangalore,Karnataka,India,560062,,1,,,,0.000,,,,0.00,0.000,,,,0.00,,,,,,,,Government Stamping Fee /Expense for 30 kg,,998729,5.00,0.00,0.0,436.50,2425.00,,FALSE,99381000000186027,Sales,SF30,,,,,nos,485.00,Taxable,99381000000006196,IGST18,18.00,ItemAmount,,,,0.00,0.00,18.00,0.00,0.00,0.00,436.50,0.00,0.00,0.00,436.50,0.00,,goods,,,
2023-04-01,99381000008351215,EST440,draft,99381000007408105,Cochin,,,INR,1.00,entity_level,true,0.00,false,23400.00,27612.00,0.00,Looking forward for your business.,,PRAKRITI TELECOM,19,19-West Bengal,business_gst,19ANYPB9187A1ZI,NO,NO,,,Athira(Outside Kerala),Kushmandi,Dakshin Dinajpur,West Bengal,India,733132,,Standard Template,Adjustment,Kushmandi,Dakshin Dinajpur,West Bengal,India,733132,,1,,,,0.000,,,,0.00,0.000,,,,0.00,,,,,,,,Platform Weighing Scale 30x34 SS,Max : 50kg  e: 5g Class III,84238290,12.00,0.00,0.0,4212.00,23400.00,,FALSE,99381000003938861,Sales,PFPC30X34SS,,,,,nos,1950.00,Taxable,99381000000006196,IGST18,18.00,ItemAmount,,,,0.00,0.00,18.00,0.00,0.00,0.00,4212.00,0.00,0.00,0.00,4212.00,0.00,,goods,,,4
2023-04-05,99381000008387001,EST441,invoiced,99381000005371005,Cochin,,,INR,1.00,entity_level,true,0.00,false,46250.00,54575.00,0.00,Looking forward for your business.,,M/S Sunati Enterprise,16,16-Tripura,business_gst,16ADWFS2154E1ZU,NO,NO,,,Athira(Outside Kerala),R.M.S Chowmuhani,West Tripura,Tripura,India,799001,,Standard Template,Adjustment,R.M.S Chowmuhani,West Tripura,Tripura,India,799001,,1,,,,0.000,,,,0.00,0.000,,,,0.00,,,,,,,,PRICE COMPUTING SCALE - GOLD,"Make: YESWEIGH Model:YSP-30
Max:20kg e:2g Min:40g Class:III",84238190,25.00,0.00,0.0,8325.00,46250.00,,FALSE,99381000006684037,Sales,ATMGL,,,,,nos,1850.00,Taxable,99381000000006196,IGST18,18.00,ItemAmount,,,,0.00,0.00,18.00,0.00,0.00,0.00,8325.00,0.00,0.00,0.00,8325.00,0.00,,goods,,,5
2023-04-05,99381000008387014,EST442,draft,99381000000136578,Cochin,,,INR,1.00,entity_level,true,0.00,false,175000.00,206500.00,0.00,Looking forward for your business.,,DIGITAL SCALE,32,32-Kerala,business_gst,32ADXPU1971G1Z1,NO,NO,,,Athira (Inside Kerala),"APB/232G
Bridge Bazar",Malappuram,Kerala,India,673639,,Standard Template,Adjustment,"APB/232G
Bridge Bazar",Malappuram,Kerala,India,673639,,1,,,,0.000,,,,0.00,0.000,,,,0.00,,,,,,,,PRICE COMPUTING SCALE - GOLD,"Make: YESWEIGH Model:YSP-30
Max:20kg e:2g Min:40g Class:III",84238190,100.00,0.00,0.0,31500.00,175000.00,,FALSE,99381000006684037,Sales,ATMGL,,,,,nos,1750.00,Taxable,99381000000006208,GST18,18.00,Tax Group,,,,9.00,9.00,0.00,0.00,15750.00,15750.00,0.00,0.00,15750.00,15750.00,0.00,0.00,,goods,,,5
2023-05-03,99381000008733001,EST443,draft,99381000008713042,Cochin,,,INR,1.00,entity_level,true,0.00,false,218000.00,257240.00,0.00,Looking forward for your business.,,DX Global Software Pvt Ltd,8,08-Rajasthan,business_none,,NO,NO,,,Athira(Outside Kerala),,Kochi,Kerala,,,,Standard Template,Adjustment,,Kochi,Kerala,,,,1,,,,0.000,,,,0.00,0.000,,,,0.00,,,,,,,,Label Printing scale Q9,Make:YESWEIGH  Model:YS-30   Max:30kg  e:5g  Min:100g  Class:III,84231000,4.00,0.00,0.0,18720.00,104000.00,,FALSE,99381000000735165,Sales,TMAQ9,,,,,nos,26000.00,Taxable,99381000000006196,IGST18,18.00,ItemAmount,,,,0.00,0.00,18.00,0.00,0.00,0.00,18720.00,0.00,0.00,0.00,18720.00,0.00,,goods,,,1
2023-05-03,99381000008733001,EST443,draft,99381000008713042,Cochin,,,INR,1.00,entity_level,true,0.00,false,218000.00,257240.00,0.00,Looking forward for your business.,,DX Global Software Pvt Ltd,8,08-Rajasthan,business_none,,NO,NO,,,Athira(Outside Kerala),,Kochi,Kerala,,,,Standard Template,Adjustment,,Kochi,Kerala,,,,1,,,,0.000,,,,0.00,0.000,,,,0.00,,,,,,,,LABEL PRINTING SCALE Q10,"Make: YESWEIGH Model: YS LBL
Max: 30kg e:5g Min: 100g",84238190,4.00,0.00,0.0,20520.00,114000.00,,FALSE,99381000006174108,Sales,Q10LBL,,,,,nos,28500.00,Taxable,99381000000006196,IGST18,18.00,ItemAmount,,,,0.00,0.00,18.00,0.00,0.00,0.00,20520.00,0.00,0.00,0.00,20520.00,0.00,,goods,,,1
2023-05-08,99381000008802127,EST444,invoiced,99381000000136578,Cochin,,,INR,1.00,entity_level,true,0.00,false,24775.00,29235.00,0.00,Looking forward for your business.,,DIGITAL SCALE,32,32-Kerala,business_gst,32ADXPU1971G1Z1,NO,NO,,,Athira (Inside Kerala),"APB/232G
Bridge Bazar",Malappuram,Kerala,India,673639,,Standard Template,Adjustment,"APB/232G
Bridge Bazar",Malappuram,Kerala,India,673639,,1,,,,0.000,,,,0.00,0.000,,,,0.00,,,,,,,,PLATFORM SCALE INDICATOR ABS XK3100-B3+,,84239020,1.00,0.00,0.0,216.00,1200.00,,FALSE,99381000008072076,Sales,PFINDXK3100B3,,,,,nos,1200.00,Taxable,99381000000006208,GST18,18.00,Tax Group,,,,9.00,9.00,0.00,0.00,108.00,108.00,0.00,0.00,108.00,108.00,0.00,0.00,,goods,,,
2023-05-08,99381000008802127,EST444,invoiced,99381000000136578,Cochin,,,INR,1.00,entity_level,true,0.00,false,24775.00,29235.00,0.00,Looking forward for your business.,,DIGITAL SCALE,32,32-Kerala,business_gst,32ADXPU1971G1Z1,NO,NO,,,Athira (Inside Kerala),"APB/232G
Bridge Bazar",Malappuram,Kerala,India,673639,,Standard Template,Adjustment,"APB/232G
Bridge Bazar",Malappuram,Kerala,India,673639,,1,,,,0.000,,,,0.00,0.000,,,,0.00,,,,,,,,Floor Scale 1.5mx1.5m,Make: YESWEIGH  Model: YSPR 1.5   Max:3000kg  e:500g  Min:10kg  Class:III,84239020,1.00,0.00,0.0,3960.00,22000.00,,FALSE,99381000000035254,Sales,PLT1500,,,,,nos,22000.00,Taxable,99381000000006208,GST18,18.00,Tax Group,,,,9.00,9.00,0.00,0.00,1980.00,1980.00,0.00,0.00,1980.00,1980.00,0.00,0.00,,goods,,,1
2023-05-08,99381000008802127,EST444,invoiced,99381000000136578,Cochin,,,INR,1.00,entity_level,true,0.00,false,24775.00,29235.00,0.00,Looking forward for your business.,,DIGITAL SCALE,32,32-Kerala,business_gst,32ADXPU1971G1Z1,NO,NO,,,Athira (Inside Kerala),"APB/232G
Bridge Bazar",Malappuram,Kerala,India,673639,,Standard Template,Adjustment,"APB/232G
Bridge Bazar",Malappuram,Kerala,India,673639,,1,,,,0.000,,,,0.00,0.000,,,,0.00,,,,,,,,Freight Charges,,996819,175.00,0.00,0.0,283.50,1575.00,,FALSE,99381000000557009,Sales,COCS,,,,,kg,9.00,Taxable,99381000000006208,GST18,18.00,Tax Group,,,,9.00,9.00,0.00,0.00,141.75,141.75,0.00,0.00,141.75,141.75,0.00,0.00,,service,,,
2023-05-16,99381000008882252,EST445,draft,99381000000136578,Cochin,,,INR,1.00,entity_level,true,0.00,false,47150.00,55637.00,0.00,Looking forward for your business.,,DIGITAL SCALE,32,32-Kerala,business_gst,32ADXPU1971G1Z1,NO,NO,,,Binsha (Inside Kerala),"APB/232G
Bridge Bazar",Malappuram,Kerala,India,673639,,Standard Template,Adjustment,"APB/232G
Bridge Bazar",Malappuram,Kerala,India,673639,,1,,,,0.000,,,,0.00,0.000,,,,0.00,,,,,,,,Floor Scale 1.5mx1.5m,Make: YESWEIGH  Model: YSPR 1.5   Max:3000kg  e:500g  Min:10kg  Class:III,84239020,2.00,0.00,0.0,7920.00,44000.00,,FALSE,99381000000035254,Sales,PLT1500,,,,,nos,22000.00,Taxable,99381000000006208,GST18,18.00,Tax Group,,,,9.00,9.00,0.00,0.00,3960.00,3960.00,0.00,0.00,3960.00,3960.00,0.00,0.00,,goods,,,1
2023-05-16,99381000008882252,EST445,draft,99381000000136578,Cochin,,,INR,1.00,entity_level,true,0.00,false,47150.00,55637.00,0.00,Looking forward for your business.,,DIGITAL SCALE,32,32-Kerala,business_gst,32ADXPU1971G1Z1,NO,NO,,,Binsha (Inside Kerala),"APB/232G
Bridge Bazar",Malappuram,Kerala,India,673639,,Standard Template,Adjustment,"APB/232G
Bridge Bazar",Malappuram,Kerala,India,673639,,1,,,,0.000,,,,0.00,0.000,,,,0.00,,,,,,,,Freight Charges,,996819,350.00,0.00,0.0,567.00,3150.00,,FALSE,99381000000557009,Sales,COCS,,,,,kg,9.00,Taxable,99381000000006208,GST18,18.00,Tax Group,,,,9.00,9.00,0.00,0.00,283.50,283.50,0.00,0.00,283.50,283.50,0.00,0.00,,service,,,
2023-05-17,99381000008891127,EST446,invoiced,99381000001454106,Cochin,,,INR,1.00,entity_level,true,0.00,false,16750.00,19765.00,0.00,Looking forward for your business.,,Sumer Chand & Sons,6,06-Haryana,business_gst,06AFMPJ3877K1ZW,NO,NO,,,Athira(Outside Kerala),Saudagar Bazar,Ambala Cantt,Haryana,India,133001,,Standard Template,Adjustment,2446,Ambala Cantt,Haryana,India,133001,,1,,,,0.000,,,,0.00,0.000,,,,0.00,,,,,,,,PLATFORM SCALE 40X40 SS,"40X40CM Platform Scale, 150kg/20g, 1702 double display, green led indicator, AC Charger. 4V battery, SS pan, with SS back rail, SS pole, SS top platform, MS Frame",84239020,5.00,0.00,0.0,3015.00,16750.00,,FALSE,99381000003192139,Sales,PF4040,,,,,nos,3350.00,Taxable,99381000000006196,IGST18,18.00,ItemAmount,,,,0.00,0.00,18.00,0.00,0.00,0.00,3015.00,0.00,0.00,0.00,3015.00,0.00,,goods,,,1
2023-05-19,99381000008931019,EST447,draft,99381000001660179,Cochin,,,INR,1.00,entity_level,true,0.00,false,1060000.00,1250800.00,0.00,Looking forward for your business.,,NOVA SCALES,29,29-Karnataka,business_gst,29BUEPS5447J1ZZ,NO,NO,,,Athira Sankar,"NO 3/1,OLD 33/2 
AVALAHALLI MAIN ROAD",BANGALORE,Karnataka,India,560050,,Standard Template,Adjustment,"NO 3/1,OLD 33/2 
AVALAHALLI MAIN ROAD",BANGALORE,Karnataka,India,560050,,1,,,,0.000,,,,0.00,0.000,,,,0.00,,,,,,,,PRICE CMPUTING INDIACTOR (AD-F),,84239020,125.00,0.00,0.0,11250.00,62500.00,,FALSE,99381000008766305,Sales,INDADF,,,,,nos,500.00,Taxable,99381000000006196,IGST18,18.00,ItemAmount,,,,0.00,0.00,18.00,0.00,0.00,0.00,11250.00,0.00,0.00,0.00,11250.00,0.00,,goods,,,
2023-05-19,99381000008931019,EST447,draft,99381000001660179,Cochin,,,INR,1.00,entity_level,true,0.00,false,1060000.00,1250800.00,0.00,Looking forward for your business.,,NOVA SCALES,29,29-Karnataka,business_gst,29BUEPS5447J1ZZ,NO,NO,,,Athira Sankar,"NO 3/1,OLD 33/2 
AVALAHALLI MAIN ROAD",BANGALORE,Karnataka,India,560050,,Standard Template,Adjustment,"NO 3/1,OLD 33/2 
AVALAHALLI MAIN ROAD",BANGALORE,Karnataka,India,560050,,1,,,,0.000,,,,0.00,0.000,,,,0.00,,,,,,,,PLATFORM SCALE -BENCH (DUAL-AD3),Make: YESWEIGH Model:YSP-50 Max:50kg e:5g Min:100g Class:III Display : Dual,84238290,1050.00,0.00,0.0,179550.00,997500.00,,FALSE,99381000008766288,Sales,BPCADF,,,,,nos,950.00,Taxable,99381000000006196,IGST18,18.00,ItemAmount,,,,0.00,0.00,18.00,0.00,0.00,0.00,179550.00,0.00,0.00,0.00,179550.00,0.00,,goods,,,
2023-06-07,99381000009135048,EST448,draft,99381000004229099,Cochin,,,INR,1.00,entity_level,true,0.00,false,330000.00,389400.00,0.00,Looking forward for your business.,,ACCURATE ELECTRONICS-COIMBATORE,33,33-Tamil Nadu,business_gst,33AQNPS9095E1Z9,NO,NO,,,Athira Sankar,"13/1 MJ Sargunam Colony
Near SNR college",Coimbatore,Tamil Nadu,India,641006,,Standard Template,Adjustment,"13/1 MJ Sargunam Colony
Near SNR college",Coimbatore,Tamil Nadu,India,641006,,1,,,,0.000,,,,0.00,0.000,,,,0.00,,,,,,,,PLATFORM SCALE-BENCH(GREEN-O),Make: YESWEIGH Model:YSP-50 Max:50kg e:5g Min:100g Class:III Display : Green,84238290,300.00,0.00,0.0,59400.00,330000.00,,FALSE,99381000008696613,Sales,BPCG,,,,,nos,1100.00,Taxable,99381000000006196,IGST18,18.00,ItemAmount,,,,0.00,0.00,18.00,0.00,0.00,0.00,59400.00,0.00,0.00,0.00,59400.00,0.00,,goods,,,
2023-06-07,99381000009135060,EST449,invoiced,99381000000136578,Cochin,,,INR,1.00,entity_level,true,0.00,false,74000.00,87320.00,0.00,Looking forward for your business.,,DIGITAL SCALE,32,32-Kerala,business_gst,32ADXPU1971G1Z1,NO,NO,,,Athira (Inside Kerala),"APB/232G
Bridge Bazar",Malappuram,Kerala,India,673639,,Standard Template,Adjustment,"APB/232G
Bridge Bazar",Malappuram,Kerala,India,673639,,1,,,,0.000,,,,0.00,0.000,,,,0.00,,,,,,,,PRICE COMPUTING SCALE - WHITE (AY),Make: YESWEIGH Model: YSP 30 Max:20kg e:2g Min:40g Class:III,84238190,50.00,0.00,0.0,13320.00,74000.00,,FALSE,99381000008696634,Sales,ATMPCWH,,,,,nos,1480.00,Taxable,99381000000006208,GST18,18.00,Tax Group,,,,9.00,9.00,0.00,0.00,6660.00,6660.00,0.00,0.00,6660.00,6660.00,0.00,0.00,,goods,,,
2023-06-13,99381000009235095,EST450,draft,99381000004229099,Cochin,,,INR,1.00,entity_level,true,0.00,false,330000.00,389400.00,0.00,Looking forward for your business.,,ACCURATE ELECTRONICS-COIMBATORE,33,33-Tamil Nadu,business_gst,33AQNPS9095E1Z9,NO,NO,,,Athira Sankar,"13/1 MJ Sargunam Colony
Near SNR college",Coimbatore,Tamil Nadu,India,641006,,Standard Template,Adjustment,"13/1 MJ Sargunam Colony
Near SNR college",Coimbatore,Tamil Nadu,India,641006,,1,,,,0.000,,,,0.00,0.000,,,,0.00,,,,,,,,PLATFORM SCALE-BENCH(GREEN-O),Make: YESWEIGH Model:YSP-50 Max:50kg e:5g Min:100g Class:III Display : Green,84238290,300.00,0.00,0.0,59400.00,330000.00,,FALSE,99381000008696613,Sales,BPCG,,,,,nos,1100.00,Taxable,99381000000006196,IGST18,18.00,ItemAmount,,,,0.00,0.00,18.00,0.00,0.00,0.00,59400.00,0.00,0.00,0.00,59400.00,0.00,,goods,,,
2023-06-13,99381000009235107,EST451,draft,99381000004229099,Cochin,,,INR,1.00,entity_level,true,0.00,false,199900.00,235882.00,0.00,Looking forward for your business.,,ACCURATE ELECTRONICS-COIMBATORE,33,33-Tamil Nadu,business_gst,33AQNPS9095E1Z9,NO,NO,,,Athira(Outside Kerala),"13/1 MJ Sargunam Colony
Near SNR college",Coimbatore,Tamil Nadu,India,641006,,Standard Template,Adjustment,"13/1 MJ Sargunam Colony
Near SNR college",Coimbatore,Tamil Nadu,India,641006,,1,,,,0.000,,,,0.00,0.000,,,,0.00,,,,,,,,PRICE COMPUTING SCALE WITH POLE-GREEN,"Make :YESWEIGH Model: YSP -30 
 Max :30kg e :5g
Display :Green",84231000,100.00,0.00,0.0,35982.00,199900.00,,FALSE,99381000002951037,Sales,APCPQ,,,,,nos,1999.00,Taxable,99381000000006196,IGST18,18.00,ItemAmount,,,,0.00,0.00,18.00,0.00,0.00,0.00,35982.00,0.00,0.00,0.00,35982.00,0.00,,goods,,,
2023-06-23,99381000009381001,EST452,invoiced,99381000002488001,Cochin,,,INR,1.00,entity_level,true,0.00,false,60000.00,70800.00,0.00,Looking forward for your business.,,S N TECHNOLOGY,9,09-Uttar Pradesh,business_gst,09ADBFS0436J1Z2,NO,NO,,,Athira(Outside Kerala),"155, Chanderpuri ,shop no. 3, balaji market ",Ghaziabad ,Uttar pradesh ,India,201001,,Standard Template,Adjustment,"155, Chanderpuri ,shop no. 3, balaji market ",Ghaziabad ,Uttar pradesh ,India,201001,,1,,,,0.000,,,,0.00,0.000,,,,0.00,,,,,,,,Floor Scale 1mx1m,Make: YES WEIGH  Model:YSP-1000 Max:1000kg  e:100g  Min:2kg  Class:III,84239020,5.00,0.00,0.0,10800.00,60000.00,,FALSE,99381000000035236,Sales,PLT1000,,,,,nos,12000.00,Taxable,99381000000006196,IGST18,18.00,ItemAmount,,,,0.00,0.00,18.00,0.00,0.00,0.00,10800.00,0.00,0.00,0.00,10800.00,0.00,,goods,,,1
2023-06-30,99381000009484038,EST453,draft,99381000009484005,Cochin,,,INR,1.00,entity_level,true,0.00,false,20300.00,23954.00,0.00,Looking forward for your business.,,ELECTRONICARE AND SOLUTIONS,33,33-Tamil Nadu,business_gst,33AACFE1864C1ZZ,NO,NO,,,Athira(Outside Kerala),"6/173, Sri Balaji Bhavanam",Sivakasi,Tamil Nadu,India,626189,,Standard Template,Adjustment,"6/173, Sri Balaji Bhavanam",Sivakasi,Tamil Nadu,India,626189,,1,,,,0.000,,,,0.00,0.000,,,,0.00,,,,,,,,PLATFORM SCALE INDICATOR ABS XK3100-B3+,,84239020,2.00,0.00,0.0,450.00,2500.00,,FALSE,99381000008072076,Sales,PFINDXK3100B3,,,,,nos,1250.00,Taxable,99381000000006196,IGST18,18.00,ItemAmount,,,,0.00,0.00,18.00,0.00,0.00,0.00,450.00,0.00,0.00,0.00,450.00,0.00,,goods,,,
2023-06-30,99381000009484038,EST453,draft,99381000009484005,Cochin,,,INR,1.00,entity_level,true,0.00,false,20300.00,23954.00,0.00,Looking forward for your business.,,ELECTRONICARE AND SOLUTIONS,33,33-Tamil Nadu,business_gst,33AACFE1864C1ZZ,NO,NO,,,Athira(Outside Kerala),"6/173, Sri Balaji Bhavanam",Sivakasi,Tamil Nadu,India,626189,,Standard Template,Adjustment,"6/173, Sri Balaji Bhavanam",Sivakasi,Tamil Nadu,India,626189,,1,,,,0.000,,,,0.00,0.000,,,,0.00,,,,,,,,Platform Weighing Scale 500x600 MS (Trolley),"Make : YESWEIGH Model: YSP PC
Max: 300 kg e: 50g Min:1kg Class III",84238290,1.00,0.00,0.0,1476.00,8200.00,,FALSE,99381000009031017,Sales,PF56TR,,,,,nos,8200.00,Taxable,99381000000006196,IGST18,18.00,ItemAmount,,,,0.00,0.00,18.00,0.00,0.00,0.00,1476.00,0.00,0.00,0.00,1476.00,0.00,,goods,,,
2023-06-30,99381000009484038,EST453,draft,99381000009484005,Cochin,,,INR,1.00,entity_level,true,0.00,false,20300.00,23954.00,0.00,Looking forward for your business.,,ELECTRONICARE AND SOLUTIONS,33,33-Tamil Nadu,business_gst,33AACFE1864C1ZZ,NO,NO,,,Athira(Outside Kerala),"6/173, Sri Balaji Bhavanam",Sivakasi,Tamil Nadu,India,626189,,Standard Template,Adjustment,"6/173, Sri Balaji Bhavanam",Sivakasi,Tamil Nadu,India,626189,,1,,,,0.000,,,,0.00,0.000,,,,0.00,,,,,,,,PLATFORM SCALE 500X550-SS,"Make : YESWEIGH Model:YSP PC
Max:300 kg e: 50gm Min:1kg Class III
Full SS,Green Display,Pan size : 500x500 mm 3pin CPU power cable, Loadcell protection cover",84238190,2.00,0.00,0.0,1728.00,9600.00,,FALSE,99381000006252224,Sales,PF5055,,,,,nos,4800.00,Taxable,99381000000006196,IGST18,18.00,ItemAmount,,,,0.00,0.00,18.00,0.00,0.00,0.00,1728.00,0.00,0.00,0.00,1728.00,0.00,,goods,,,
2023-07-03,99381000009513090,EST454,draft,99381000004101127,Cochin,,,INR,1.00,entity_level,true,0.00,false,96500.00,113870.00,0.00,Looking forward for your business.,,Axis International Corporation,19,19-West Bengal,business_gst,19BOZPP5038P1ZN,NO,NO,,,Biju B,"64B, KHUDIRAM BOSE SARANI",KOLKATA,West Bengal,India,700037,,Standard Template,Adjustment,"64B, KHUDIRAM BOSE SARANI",KOLKATA,West Bengal,India,700037,,1,,,,0.000,,,,0.00,0.000,,,,0.00,,,,,,,,PRICE COMPUTING SCALE WITH POLE-GREEN,"Make :YESWEIGH Model: YSP -30 
 Max :30kg e :5g
Display :Green",84231000,40.00,0.00,0.0,14040.00,78000.00,,FALSE,99381000002951037,Sales,APCPQ,,,,,nos,1950.00,Taxable,99381000000006196,IGST18,18.00,ItemAmount,,,,0.00,0.00,18.00,0.00,0.00,0.00,14040.00,0.00,0.00,0.00,14040.00,0.00,,goods,,,
2023-07-03,99381000009513090,EST454,draft,99381000004101127,Cochin,,,INR,1.00,entity_level,true,0.00,false,96500.00,113870.00,0.00,Looking forward for your business.,,Axis International Corporation,19,19-West Bengal,business_gst,19BOZPP5038P1ZN,NO,NO,,,Biju B,"64B, KHUDIRAM BOSE SARANI",KOLKATA,West Bengal,India,700037,,Standard Template,Adjustment,"64B, KHUDIRAM BOSE SARANI",KOLKATA,West Bengal,India,700037,,1,,,,0.000,,,,0.00,0.000,,,,0.00,,,,,,,,PRICE COMPUTING SCALE - GOLD,"Make: YESWEIGH Model:YSP-30
Max:20kg e:2g Min:40g Class:III",84238190,10.00,0.00,0.0,3330.00,18500.00,,FALSE,99381000006684037,Sales,ATMGL,,,,,nos,1850.00,Taxable,99381000000006196,IGST18,18.00,ItemAmount,,,,0.00,0.00,18.00,0.00,0.00,0.00,3330.00,0.00,0.00,0.00,3330.00,0.00,,goods,,,5
2023-07-10,99381000009570846,EST455,draft,99381000002020003,Cochin,,,INR,1.00,entity_level,true,0.00,false,9995.00,11794.00,0.00,Looking forward for your business.,,S.R INSTRUMENTS,27,27-Maharashtra,business_gst,27BGPPP3486B1Z2,NO,NO,,,Athira(Outside Kerala),"B/5 ,Laltaprasad Industrial Zone,Tiwari Estate",POWAI,Maharashtra,India,400076,,Standard Template,Adjustment,"B/5 ,Laltaprasad Industrial Zone,Tiwari Estate",POWAI,Maharashtra,India,400076,,1,,,,0.000,,,,0.00,0.000,,,,0.00,,,,,,,,PRICE COMPUTING SCALE WITH POLE-GREEN,"Make :YESWEIGH Model: YSP -30 
 Max :30kg e :5g
Display :Green",84231000,5.00,0.00,0.0,1799.10,9995.00,,FALSE,99381000002951037,Sales,APCPQ,,,,,nos,1999.00,Taxable,99381000000006196,IGST18,18.00,ItemAmount,,,,0.00,0.00,18.00,0.00,0.00,0.00,1799.10,0.00,0.00,0.00,1799.10,0.00,,goods,,,
2023-07-13,99381000009628481,EST456,draft,99381000000036062,Cochin,,,INR,1.00,entity_level,true,0.00,false,32186.40,37980.00,0.00,Looking forward for your business.,,TRAVANCORE SCALES SERVICES,32,32-Kerala,business_gst,32APBPN7027C2ZD,NO,NO,,,Others,Attakulangara,Tiruvanntapuram,Kerala,India,695036,,Standard Template,Adjustment,Attakulangara,Tiruvanntapuram,Kerala,India,695036,,1,,,,0.000,,,,0.00,0.000,,,,0.00,,,,,,,,PRICE COMPUTING SCALE - WHITE (AY),Make: YESWEIGH Model: YSP 30 Max:20kg e:2g Min:40g Class:III,84238190,20.00,0.00,0.0,4641.56,25786.40,,FALSE,99381000008696634,Sales,ATMPCWH,,,,,nos,1289.32,Taxable,99381000000006208,GST18,18.00,Tax Group,,,,9.00,9.00,0.00,0.00,2320.78,2320.78,0.00,0.00,2320.78,2320.78,0.00,0.00,,goods,,,
2023-07-13,99381000009628481,EST456,draft,99381000000036062,Cochin,,,INR,1.00,entity_level,true,0.00,false,32186.40,37980.00,0.00,Looking forward for your business.,,TRAVANCORE SCALES SERVICES,32,32-Kerala,business_gst,32APBPN7027C2ZD,NO,NO,,,Others,Attakulangara,Tiruvanntapuram,Kerala,India,695036,,Standard Template,Adjustment,Attakulangara,Tiruvanntapuram,Kerala,India,695036,,1,,,,0.000,,,,0.00,0.000,,,,0.00,,,,,,,,Government Stamping Fee / Expense for 20 KG,,998729,20.00,0.00,0.0,1152.00,6400.00,,FALSE,99381000000172016,Sales,SF20,,,,,nos,320.00,Taxable,99381000000006208,GST18,18.00,Tax Group,,,,9.00,9.00,0.00,0.00,576.00,576.00,0.00,0.00,576.00,576.00,0.00,0.00,,goods,,,
2023-07-14,99381000009641693,EST457,draft,99381000000112170,Cochin,,,INR,1.00,entity_level,true,0.00,false,1080.00,1274.00,0.00,Looking forward for your business.,,MEEZAN ELECTRONIC SCALES PRIVATE LIMITED,32,32-Kerala,business_gst,32AAECM1277C1ZY,NO,NO,,,Others,"8/308A Meezan Tower
Calicut Road, Manjeri",Manjeri,Kerala,India,676121,,Standard Template,Adjustment,"8/308A Meezan Tower 
Calicut Road , Manjeri",MANJERI,Kerala,India,676121,,1,,,,0.000,,,,0.00,0.000,,,,0.00,,,,,,,,Freight Charges,,996819,120.00,0.00,0.0,194.40,1080.00,,FALSE,99381000000557009,Sales,COCS,,,,,kg,9.00,Taxable,99381000000006208,GST18,18.00,Tax Group,,,,9.00,9.00,0.00,0.00,97.20,97.20,0.00,0.00,97.20,97.20,0.00,0.00,,service,,,
2023-07-19,99381000009718019,EST458,draft,99381000000161200,Cochin,,,INR,1.00,entity_level,true,0.00,false,34986.00,41283.00,0.00,Looking forward for your business.,,GK electronics,32,32-Kerala,business_gst,32CPSPM4266B1ZV,NO,NO,,,Athira Sankar,"SAFA COMPLEX,KONANCHERY",KOZHIKODE,Kerala,India,673612,,Standard Template,Adjustment,"SAFA COMPLEX,KONANCHERY",KOZHIKODE,Kerala,India,673612,,1,,,,0.000,,,,0.00,0.000,,,,0.00,,,,,,,,PRICE COMPUTING SCALE - WHITE (AY),Make: YESWEIGH Model: YSP 30 Max:20kg e:2g Min:40g Class:III,84238190,25.00,0.00,0.0,6210.00,34500.00,,FALSE,99381000008696634,Sales,ATMPCWH,,,,,nos,1380.00,Taxable,99381000000006208,GST18,18.00,Tax Group,,,,9.00,9.00,0.00,0.00,3105.00,3105.00,0.00,0.00,3105.00,3105.00,0.00,0.00,,goods,,,
2023-07-19,99381000009718019,EST458,draft,99381000000161200,Cochin,,,INR,1.00,entity_level,true,0.00,false,34986.00,41283.00,0.00,Looking forward for your business.,,GK electronics,32,32-Kerala,business_gst,32CPSPM4266B1ZV,NO,NO,,,Athira Sankar,"SAFA COMPLEX,KONANCHERY",KOZHIKODE,Kerala,India,673612,,Standard Template,Adjustment,"SAFA COMPLEX,KONANCHERY",KOZHIKODE,Kerala,India,673612,,1,,,,0.000,,,,0.00,0.000,,,,0.00,,,,,,,,Freight Charges,,996819,54.00,0.00,0.0,87.48,486.00,,FALSE,99381000000557009,Sales,COCS,,,,,kg,9.00,Taxable,99381000000006208,GST18,18.00,Tax Group,,,,9.00,9.00,0.00,0.00,43.74,43.74,0.00,0.00,43.74,43.74,0.00,0.00,,service,,,
2023-08-07,99381000010054626,EST459,accepted,99381000000114383,Cochin,,,INR,1.00,entity_level,true,0.00,false,10225.00,12066.00,0.00,Looking forward for your business.,,ACCURATE TRADE LINKS,32,32-Kerala,business_gst,32AHJPK1741Q1Z4,NO,NO,,,Others,Future Centre,Trivandrum,Kerala,India,695001,,Standard Template,Adjustment,Future Centre,Trivandrum,Kerala,India,695001,,1,,,,0.000,,,,0.00,0.000,,,,0.00,,,,,,,,PLATFORM SCALE,"Make: YESWEIGH Model: YSP PC
Capacity :50kg/5g Size : 30*34 
Display : Green",84238290,5.00,0.00,0.0,1800.00,10000.00,,FALSE,99381000005898921,Sales,PLATFO,,,,,nos,2000.00,Taxable,99381000000006208,GST18,18.00,Tax Group,,,,9.00,9.00,0.00,0.00,900.00,900.00,0.00,0.00,900.00,900.00,0.00,0.00,,goods,,,
2023-08-07,99381000010054626,EST459,accepted,99381000000114383,Cochin,,,INR,1.00,entity_level,true,0.00,false,10225.00,12066.00,0.00,Looking forward for your business.,,ACCURATE TRADE LINKS,32,32-Kerala,business_gst,32AHJPK1741Q1Z4,NO,NO,,,Others,Future Centre,Trivandrum,Kerala,India,695001,,Standard Template,Adjustment,Future Centre,Trivandrum,Kerala,India,695001,,1,,,,0.000,,,,0.00,0.000,,,,0.00,,,,,,,,Freight Charges,,996819,25.00,0.00,0.0,40.50,225.00,,FALSE,99381000000557009,Sales,COCS,,,,,kg,9.00,Taxable,99381000000006208,GST18,18.00,Tax Group,,,,9.00,9.00,0.00,0.00,20.25,20.25,0.00,0.00,20.25,20.25,0.00,0.00,,service,,,
2023-08-11,99381000010162086,EST460,invoiced,99381000001392083,Cochin,,,INR,1.00,entity_level,true,0.00,false,223750.00,264025.00,0.00,Looking forward for your business.,,CENTRAL TRADERS,32,32-Kerala,business_gst,32AFKPA2174A1Z9,NO,NO,,,Binsha (Inside Kerala),"Court Road
Tirur",Malappuram,Kerala,India,676101,,Standard Template,Adjustment,"Court Road
Tirur",Malappuram,Kerala,India,676101,,1,,,,0.000,,,,0.00,0.000,,,,0.00,,,,,,,,PLATFORM SCALE -BENCH (DUAL-AD),Make: YESWEIGH Model:YSP-50 Max:50kg e:5g Min:100g Class:III Display : Dual,84238290,50.00,0.00,0.0,16875.00,93750.00,,FALSE,99381000008699736,Sales,BPC50DAD2,,,,,nos,1875.00,Taxable,99381000000006208,GST18,18.00,Tax Group,,,,9.00,9.00,0.00,0.00,8437.50,8437.50,0.00,0.00,8437.50,8437.50,0.00,0.00,,goods,,,
2023-08-11,99381000010162086,EST460,invoiced,99381000001392083,Cochin,,,INR,1.00,entity_level,true,0.00,false,223750.00,264025.00,0.00,Looking forward for your business.,,CENTRAL TRADERS,32,32-Kerala,business_gst,32AFKPA2174A1Z9,NO,NO,,,Binsha (Inside Kerala),"Court Road
Tirur",Malappuram,Kerala,India,676101,,Standard Template,Adjustment,"Court Road
Tirur",Malappuram,Kerala,India,676101,,1,,,,0.000,,,,0.00,0.000,,,,0.00,,,,,,,,PRICE COMPUTING SCALE - WHITE (AY),Make: YESWEIGH Model: YSP 30 Max:20kg e:2g Min:40g Class:III,84238190,25.00,0.00,0.0,6412.50,35625.00,,FALSE,99381000008696634,Sales,ATMPCWH,,,,,nos,1425.00,Taxable,99381000000006208,GST18,18.00,Tax Group,,,,9.00,9.00,0.00,0.00,3206.25,3206.25,0.00,0.00,3206.25,3206.25,0.00,0.00,,goods,,,
2023-08-11,99381000010162086,EST460,invoiced,99381000001392083,Cochin,,,INR,1.00,entity_level,true,0.00,false,223750.00,264025.00,0.00,Looking forward for your business.,,CENTRAL TRADERS,32,32-Kerala,business_gst,32AFKPA2174A1Z9,NO,NO,,,Binsha (Inside Kerala),"Court Road
Tirur",Malappuram,Kerala,India,676101,,Standard Template,Adjustment,"Court Road
Tirur",Malappuram,Kerala,India,676101,,1,,,,0.000,,,,0.00,0.000,,,,0.00,,,,,,,,PORTABLE SCALE 30X34,"Make : YESWEIGH Model : YSC
Max : 50kg e:5g Min:100g
Class : III Size : 300x340 mm Display :F & B Green 2pin Adaptor",84238190,25.00,0.00,0.0,9000.00,50000.00,,FALSE,99381000006252159,Sales,PS3034,,,,,nos,2000.00,Taxable,99381000000006208,GST18,18.00,Tax Group,,,,9.00,9.00,0.00,0.00,4500.00,4500.00,0.00,0.00,4500.00,4500.00,0.00,0.00,,goods,,,
2023-08-11,99381000010162086,EST460,invoiced,99381000001392083,Cochin,,,INR,1.00,entity_level,true,0.00,false,223750.00,264025.00,0.00,Looking forward for your business.,,CENTRAL TRADERS,32,32-Kerala,business_gst,32AFKPA2174A1Z9,NO,NO,,,Binsha (Inside Kerala),"Court Road
Tirur",Malappuram,Kerala,India,676101,,Standard Template,Adjustment,"Court Road
Tirur",Malappuram,Kerala,India,676101,,1,,,,0.000,,,,0.00,0.000,,,,0.00,,,,,,,,Government Stamping Fee / Expense for 20 KG,,76061190,25.00,0.00,0.0,1440.00,8000.00,,FALSE,99381000000172016,Sales,SF20,,,,,nos,320.00,Taxable,99381000000006208,GST18,18.00,Tax Group,,,,9.00,9.00,0.00,0.00,720.00,720.00,0.00,0.00,720.00,720.00,0.00,0.00,,goods,,,
2023-08-11,99381000010162086,EST460,invoiced,99381000001392083,Cochin,,,INR,1.00,entity_level,true,0.00,false,223750.00,264025.00,0.00,Looking forward for your business.,,CENTRAL TRADERS,32,32-Kerala,business_gst,32AFKPA2174A1Z9,NO,NO,,,Binsha (Inside Kerala),"Court Road
Tirur",Malappuram,Kerala,India,676101,,Standard Template,Adjustment,"Court Road
Tirur",Malappuram,Kerala,India,676101,,1,,,,0.000,,,,0.00,0.000,,,,0.00,,,,,,,,Government Stamping Fee /Expense for 50 kg,,76061190,75.00,0.00,0.0,6547.50,36375.00,,FALSE,99381000000186036,Sales,SF50,,,,,nos,485.00,Taxable,99381000000006208,GST18,18.00,Tax Group,,,,9.00,9.00,0.00,0.00,3273.75,3273.75,0.00,0.00,3273.75,3273.75,0.00,0.00,,goods,,,
2023-08-18,99381000010247001,EST461,draft,99381000000151001,Cochin,,,INR,1.00,entity_level,true,0.00,false,33750.00,39825.00,0.00,Looking forward for your business.,,Dynamic Enterprises,32,32-Kerala,business_gst,32ATJPS7075B1ZN,NO,NO,,,Eldho (Kerala),ROOM NO.19/747,THRISSUR,Kerala,India,680121,,Standard Template,Adjustment,ROOM NO.19/747,THRISSUR,Kerala,India,680121,,1,,,,0.000,,,,0.00,0.000,,,,0.00,,,,,,,,PRICE COMPUTING SCALE - WHITE (AY),Make: YESWEIGH Model: YSP 30 Max:20kg e:2g Min:40g Class:III,84238190,25.00,0.00,0.0,6075.00,33750.00,,FALSE,99381000008696634,Sales,ATMPCWH,,,,,nos,1350.00,Taxable,99381000000006208,GST18,18.00,Tax Group,,,,9.00,9.00,0.00,0.00,3037.50,3037.50,0.00,0.00,3037.50,3037.50,0.00,0.00,,goods,,,
2023-08-21,99381000010292410,EST462,draft,99381000000231096,Cochin,,,INR,1.00,entity_level,true,0.00,false,182500.00,215350.00,0.00,Looking forward for your business.,,Victory Scales,32,32-Kerala,business_gst,32AAAAV1247P1ZC,NO,NO,,,Others,"M/s Victory Scales
CSI Ascension Square, Below ICICI Bank","Kottayam,",Kerala,India,686016,,Standard Template,Adjustment,"Manickathinal Building,","Kottayam,",Kerala,India,686016,,1,,,,0.000,,,,0.00,0.000,,,,0.00,,,,,,,,PLATFORM SCALE -BENCH (DUAL-AD),Make: YESWEIGH Model:YSP-50 Max:50kg e:5g Min:100g Class:III Display : Dual,84238290,100.00,0.00,0.0,32850.00,182500.00,,FALSE,99381000008699736,Sales,BPC50DAD2,,,,,nos,1825.00,Taxable,99381000000006208,GST18,18.00,Tax Group,,,,9.00,9.00,0.00,0.00,16425.00,16425.00,0.00,0.00,16425.00,16425.00,0.00,0.00,,goods,,,
2023-08-22,99381000010306983,EST463,draft,99381000000850389,Cochin,,,INR,1.00,entity_level,true,0.00,false,21129.00,24932.00,0.00,Looking forward for your business.,,Eva Scales,32,32-Kerala,business_gst,32DKMPG0811G1ZN,NO,NO,,,Binsha (Inside Kerala),"Vellayamkudi PO ,
KSRTC Junction",Idukki,Kerala,India,685515,,Standard Template,Adjustment,"Eva Scales, Vellayamkudi PO ,  KSRTC Junction",Idukki,Kerala,India,685515,,1,,,,0.000,,,,0.00,0.000,,,,0.00,,,,,,,,PRICE COMPUTING SCALE - WHITE (AY),Make: YESWEIGH Model: YSP 30 Max:30kg e:5g Min:100g Class:III,84238190,5.00,0.00,0.0,1431.00,7950.00,,FALSE,99381000008696634,Sales,ATMPCWH,,,,,nos,1590.00,Taxable,99381000000006208,GST18,18.00,Tax Group,,,,9.00,9.00,0.00,0.00,715.50,715.50,0.00,0.00,715.50,715.50,0.00,0.00,,goods,,,
2023-08-22,99381000010306983,EST463,draft,99381000000850389,Cochin,,,INR,1.00,entity_level,true,0.00,false,21129.00,24932.00,0.00,Looking forward for your business.,,Eva Scales,32,32-Kerala,business_gst,32DKMPG0811G1ZN,NO,NO,,,Binsha (Inside Kerala),"Vellayamkudi PO ,
KSRTC Junction",Idukki,Kerala,India,685515,,Standard Template,Adjustment,"Eva Scales, Vellayamkudi PO ,  KSRTC Junction",Idukki,Kerala,India,685515,,1,,,,0.000,,,,0.00,0.000,,,,0.00,,,,,,,,Government Stamping Fee /Expense for 30 kg,,76061190,5.00,0.00,0.0,436.50,2425.00,,FALSE,99381000000186027,Sales,SF30,,,,,nos,485.00,Taxable,99381000000006208,GST18,18.00,Tax Group,,,,9.00,9.00,0.00,0.00,218.25,218.25,0.00,0.00,218.25,218.25,0.00,0.00,,goods,,,
2023-08-22,99381000010306983,EST463,draft,99381000000850389,Cochin,,,INR,1.00,entity_level,true,0.00,false,21129.00,24932.00,0.00,Looking forward for your business.,,Eva Scales,32,32-Kerala,business_gst,32DKMPG0811G1ZN,NO,NO,,,Binsha (Inside Kerala),"Vellayamkudi PO ,
KSRTC Junction",Idukki,Kerala,India,685515,,Standard Template,Adjustment,"Eva Scales, Vellayamkudi PO ,  KSRTC Junction",Idukki,Kerala,India,685515,,1,,,,0.000,,,,0.00,0.000,,,,0.00,,,,,,,,PLATFORM SCALE -BENCH (DUAL-AD),Make: YESWEIGH Model:YSP-50 Max:50kg e:5g Min:100g Class:III Display : Dual,84238290,4.00,0.00,0.0,1512.00,8400.00,,FALSE,99381000008699736,Sales,BPC50DAD2,,,,,nos,2100.00,Taxable,99381000000006208,GST18,18.00,Tax Group,,,,9.00,9.00,0.00,0.00,756.00,756.00,0.00,0.00,756.00,756.00,0.00,0.00,,goods,,,
2023-08-22,99381000010306983,EST463,draft,99381000000850389,Cochin,,,INR,1.00,entity_level,true,0.00,false,21129.00,24932.00,0.00,Looking forward for your business.,,Eva Scales,32,32-Kerala,business_gst,32DKMPG0811G1ZN,NO,NO,,,Binsha (Inside Kerala),"Vellayamkudi PO ,
KSRTC Junction",Idukki,Kerala,India,685515,,Standard Template,Adjustment,"Eva Scales, Vellayamkudi PO ,  KSRTC Junction",Idukki,Kerala,India,685515,,1,,,,0.000,,,,0.00,0.000,,,,0.00,,,,,,,,Government Stamping Fee /Expense for 50 kg,,76061190,4.00,0.00,0.0,349.20,1940.00,,FALSE,99381000000186036,Sales,SF50,,,,,nos,485.00,Taxable,99381000000006208,GST18,18.00,Tax Group,,,,9.00,9.00,0.00,0.00,174.60,174.60,0.00,0.00,174.60,174.60,0.00,0.00,,goods,,,
2023-08-22,99381000010306983,EST463,draft,99381000000850389,Cochin,,,INR,1.00,entity_level,true,0.00,false,21129.00,24932.00,0.00,Looking forward for your business.,,Eva Scales,32,32-Kerala,business_gst,32DKMPG0811G1ZN,NO,NO,,,Binsha (Inside Kerala),"Vellayamkudi PO ,
KSRTC Junction",Idukki,Kerala,India,685515,,Standard Template,Adjustment,"Eva Scales, Vellayamkudi PO ,  KSRTC Junction",Idukki,Kerala,India,685515,,1,,,,0.000,,,,0.00,0.000,,,,0.00,,,,,,,,Freight Charges,,996819,46.00,0.00,0.0,74.52,414.00,,FALSE,99381000000557009,Sales,COCS,,,,,kg,9.00,Taxable,99381000000006208,GST18,18.00,Tax Group,,,,9.00,9.00,0.00,0.00,37.26,37.26,0.00,0.00,37.26,37.26,0.00,0.00,,service,,,
2023-09-11,99381000010683001,EST464,draft,99381000003216035,Cochin,,,INR,1.00,entity_level,true,0.00,false,6110.00,7210.00,0.00,Looking forward for your business.,,SOUTHERN SCALES COMPANY,27,27-Maharashtra,business_gst,27AIAPN0349P1ZY,NO,NO,,,Robin(Outside Kerala),"GAT NO 195/A, XLO POINT, SHOP NO 4,5, NEW ASHOKA
VIHAR",NASHIK,Maharashtra,India,422010,,Standard Template,Adjustment,"GAT NO 195/A, XLO POINT, SHOP NO 4,5, NEW ASHOKA
VIHAR",NASHIK,Maharashtra,India,422010,,1,,,,0.000,,,,0.00,0.000,,,,0.00,,,,,,,,PLATFORM SCALE,"Make: YESWEIGH Model: YSP PC
Capacity :50kg/5g Size : 30*34 
Display : Green",84238290,2.00,0.00,0.0,864.00,4800.00,,FALSE,99381000005898921,Sales,PLATFO,,,,,nos,2400.00,Taxable,99381000000006196,IGST18,18.00,ItemAmount,,,,0.00,0.00,18.00,0.00,0.00,0.00,864.00,0.00,0.00,0.00,864.00,0.00,,goods,,,
2023-09-11,99381000010683001,EST464,draft,99381000003216035,Cochin,,,INR,1.00,entity_level,true,0.00,false,6110.00,7210.00,0.00,Looking forward for your business.,,SOUTHERN SCALES COMPANY,27,27-Maharashtra,business_gst,27AIAPN0349P1ZY,NO,NO,,,Robin(Outside Kerala),"GAT NO 195/A, XLO POINT, SHOP NO 4,5, NEW ASHOKA
VIHAR",NASHIK,Maharashtra,India,422010,,Standard Template,Adjustment,"GAT NO 195/A, XLO POINT, SHOP NO 4,5, NEW ASHOKA
VIHAR",NASHIK,Maharashtra,India,422010,,1,,,,0.000,,,,0.00,0.000,,,,0.00,,,,,,,,Government Stamping Fee /Expense for 50 kg,,76061190,2.00,0.00,0.0,174.60,970.00,,FALSE,99381000000186036,Sales,SF50,,,,,nos,485.00,Taxable,99381000000006196,IGST18,18.00,ItemAmount,,,,0.00,0.00,18.00,0.00,0.00,0.00,174.60,0.00,0.00,0.00,174.60,0.00,,goods,,,
2023-09-11,99381000010683001,EST464,draft,99381000003216035,Cochin,,,INR,1.00,entity_level,true,0.00,false,6110.00,7210.00,0.00,Looking forward for your business.,,SOUTHERN SCALES COMPANY,27,27-Maharashtra,business_gst,27AIAPN0349P1ZY,NO,NO,,,Robin(Outside Kerala),"GAT NO 195/A, XLO POINT, SHOP NO 4,5, NEW ASHOKA
VIHAR",NASHIK,Maharashtra,India,422010,,Standard Template,Adjustment,"GAT NO 195/A, XLO POINT, SHOP NO 4,5, NEW ASHOKA
VIHAR",NASHIK,Maharashtra,India,422010,,1,,,,0.000,,,,0.00,0.000,,,,0.00,,,,,,,,Freight,,996819,1.00,0.00,0.0,61.20,340.00,,FALSE,99381000003152296,Sales,FREIGH,,,,,Lumpsum,340.00,Taxable,99381000000006196,IGST18,18.00,ItemAmount,,,,0.00,0.00,18.00,0.00,0.00,0.00,61.20,0.00,0.00,0.00,61.20,0.00,,service,,,
2023-10-06,99381000011082037,EST465,invoiced,99381000001392083,Cochin,,,INR,1.00,entity_level,true,0.00,false,126444.00,149204.00,0.00,Looking forward for your business.,,CENTRAL TRADERS,32,32-Kerala,business_gst,32AFKPA2174A1Z9,NO,NO,,,Binsha (Inside Kerala),"Court Road
Tirur",Malappuram,Kerala,India,676101,,Standard Template,Adjustment,"Court Road
Tirur",Malappuram,Kerala,India,676101,,1,,,,0.000,,,,0.00,0.000,,,,0.00,,,,,,,,PLATFORM SCALE -BENCH (DUAL-AD),Make: YESWEIGH Model:YSP-50 Max:50kg e:5g Min:100g Class:III Display : Dual,84238290,46.00,0.00,0.0,15525.00,86250.00,,FALSE,99381000008699736,Sales,BPC50DAD2,,,,,nos,1875.00,Taxable,99381000000006208,GST18,18.00,Tax Group,,,,9.00,9.00,0.00,0.00,7762.50,7762.50,0.00,0.00,7762.50,7762.50,0.00,0.00,,goods,,,
2023-10-06,99381000011082037,EST465,invoiced,99381000001392083,Cochin,,,INR,1.00,entity_level,true,0.00,false,126444.00,149204.00,0.00,Looking forward for your business.,,CENTRAL TRADERS,32,32-Kerala,business_gst,32AFKPA2174A1Z9,NO,NO,,,Binsha (Inside Kerala),"Court Road
Tirur",Malappuram,Kerala,India,676101,,Standard Template,Adjustment,"Court Road
Tirur",Malappuram,Kerala,India,676101,,1,,,,0.000,,,,0.00,0.000,,,,0.00,,,,,,,,PRICE COMPUTING SCALE - WHITE (AY),Make: YESWEIGH Model: YSP 30 Max:20kg e:2g Min:40g Class:III,84238190,5.00,0.00,0.0,1282.50,7125.00,,FALSE,99381000008696634,Sales,ATMPCWH,,,,,nos,1425.00,Taxable,99381000000006208,GST18,18.00,Tax Group,,,,9.00,9.00,0.00,0.00,641.25,641.25,0.00,0.00,641.25,641.25,0.00,0.00,,goods,,,
2023-10-06,99381000011082037,EST465,invoiced,99381000001392083,Cochin,,,INR,1.00,entity_level,true,0.00,false,126444.00,149204.00,0.00,Looking forward for your business.,,CENTRAL TRADERS,32,32-Kerala,business_gst,32AFKPA2174A1Z9,NO,NO,,,Binsha (Inside Kerala),"Court Road
Tirur",Malappuram,Kerala,India,676101,,Standard Template,Adjustment,"Court Road
Tirur",Malappuram,Kerala,India,676101,,1,,,,0.000,,,,0.00,0.000,,,,0.00,,,,,,,,PORTABLE SCALE 30X34,"Make : YESWEIGH Model : YSC
Max : 50kg e:5g Min:100g
Class : III Size : 300x340 mm Display :F & B Green 2pin Adaptor",84238190,15.00,0.00,0.0,5400.00,30000.00,,FALSE,99381000006252159,Sales,PS3034,,,,,nos,2000.00,Taxable,99381000000006208,GST18,18.00,Tax Group,,,,9.00,9.00,0.00,0.00,2700.00,2700.00,0.00,0.00,2700.00,2700.00,0.00,0.00,,goods,,,
2023-10-06,99381000011082037,EST465,invoiced,99381000001392083,Cochin,,,INR,1.00,entity_level,true,0.00,false,126444.00,149204.00,0.00,Looking forward for your business.,,CENTRAL TRADERS,32,32-Kerala,business_gst,32AFKPA2174A1Z9,NO,NO,,,Binsha (Inside Kerala),"Court Road
Tirur",Malappuram,Kerala,India,676101,,Standard Template,Adjustment,"Court Road
Tirur",Malappuram,Kerala,India,676101,,1,,,,0.000,,,,0.00,0.000,,,,0.00,,,,,,,,YESWEIGH BAG,,42022210,2.00,0.00,0.0,0.00,0.00,,FALSE,99381000007897950,Sales,BAG,,,,,nos,0.00,Taxable,99381000000006208,GST18,18.00,Tax Group,,,,9.00,9.00,0.00,0.00,0.00,0.00,0.00,0.00,0.00,0.00,0.00,0.00,,goods,,,
2023-10-06,99381000011082037,EST465,invoiced,99381000001392083,Cochin,,,INR,1.00,entity_level,true,0.00,false,126444.00,149204.00,0.00,Looking forward for your business.,,CENTRAL TRADERS,32,32-Kerala,business_gst,32AFKPA2174A1Z9,NO,NO,,,Binsha (Inside Kerala),"Court Road
Tirur",Malappuram,Kerala,India,676101,,Standard Template,Adjustment,"Court Road
Tirur",Malappuram,Kerala,India,676101,,1,,,,0.000,,,,0.00,0.000,,,,0.00,,,,,,,,Freight Charges,,996819,341.00,0.00,0.0,552.42,3069.00,,FALSE,99381000000557009,Sales,COCS,,,,,kg,9.00,Taxable,99381000000006208,GST18,18.00,Tax Group,,,,9.00,9.00,0.00,0.00,276.21,276.21,0.00,0.00,276.21,276.21,0.00,0.00,,service,,,
2023-10-19,99381000011231136,EST466,draft,99381000005894015,Cochin,,,INR,1.00,entity_level,true,0.00,false,17199.00,20295.00,0.00,Looking forward for your business.,,PRABHAT TRUNK & SCALES,36,36-Telangana,business_gst,36AHBPR2934A2ZO,NO,NO,,,Robin(Outside Kerala),"#15-1-529
Siddiamber Bazar",Hyderabad,Telangana,India,500012,,Standard Template,Adjustment,"#15-1-529
Siddiamber Bazar",Hyderabad,Telangana,India,500012,,1,,,,0.000,,,,0.00,0.000,,,,0.00,,,,,,,,PLATFORM SCALE -BENCH (DUAL-AD),Make: YESWEIGH Model:YSP-50 Max:50kg e:5g Min:100g Class:III Display : Dual,84238290,8.00,0.00,0.0,3024.00,16800.00,,FALSE,99381000008699736,Sales,BPC50DAD2,,,,,nos,2100.00,Taxable,99381000000006196,IGST18,18.00,ItemAmount,,,,0.00,0.00,18.00,0.00,0.00,0.00,3024.00,0.00,0.00,0.00,3024.00,0.00,,goods,,,
2023-10-19,99381000011231136,EST466,draft,99381000005894015,Cochin,,,INR,1.00,entity_level,true,0.00,false,17199.00,20295.00,0.00,Looking forward for your business.,,PRABHAT TRUNK & SCALES,36,36-Telangana,business_gst,36AHBPR2934A2ZO,NO,NO,,,Robin(Outside Kerala),"#15-1-529
Siddiamber Bazar",Hyderabad,Telangana,India,500012,,Standard Template,Adjustment,"#15-1-529
Siddiamber Bazar",Hyderabad,Telangana,India,500012,,1,,,,0.000,,,,0.00,0.000,,,,0.00,,,,,,,,Freight,,996819,1.00,0.00,0.0,71.82,399.00,,FALSE,99381000003152296,Sales,FREIGH,,,,,Lumpsum,399.00,Taxable,99381000000006196,IGST18,18.00,ItemAmount,,,,0.00,0.00,18.00,0.00,0.00,0.00,71.82,0.00,0.00,0.00,71.82,0.00,,service,,,
2023-10-27,99381000011352194,EST467,draft,99381000001702591,Cochin,,,INR,1.00,entity_level,true,0.00,false,14270.00,16839.00,0.00,Looking forward for your business.,,BEETA SCALES,32,32-Kerala,business_gst,32BTLPM0140A1ZG,NO,NO,,,Robin (inside kerala),"Beeta scales,  V.M Building, Near K.S.E.B Office",Wayanad,Kerala,India,673591,,Standard Template,Adjustment,"Beeta scales,  V.M Building, Near K.S.E.B Office",Wayanad,Kerala,India,673591,,1,,,,0.000,,,,0.00,0.000,,,,0.00,,,,,,,,PRICE COMPUTING SCALE (DUAL-AD),"Max: 30kg  Min : 100g e : 5g Class III
Display : Dual",84238190,8.00,0.00,0.0,2520.00,14000.00,,FALSE,99381000008699757,Sales,ATM30DAD1,,,,,nos,1750.00,Taxable,99381000000006208,GST18,18.00,Tax Group,,,,9.00,9.00,0.00,0.00,1260.00,1260.00,0.00,0.00,1260.00,1260.00,0.00,0.00,,goods,,,
2023-10-27,99381000011352194,EST467,draft,99381000001702591,Cochin,,,INR,1.00,entity_level,true,0.00,false,14270.00,16839.00,0.00,Looking forward for your business.,,BEETA SCALES,32,32-Kerala,business_gst,32BTLPM0140A1ZG,NO,NO,,,Robin (inside kerala),"Beeta scales,  V.M Building, Near K.S.E.B Office",Wayanad,Kerala,India,673591,,Standard Template,Adjustment,"Beeta scales,  V.M Building, Near K.S.E.B Office",Wayanad,Kerala,India,673591,,1,,,,0.000,,,,0.00,0.000,,,,0.00,,,,,,,,Freight Charges,,996819,30.00,0.00,0.0,48.60,270.00,,FALSE,99381000000557009,Sales,COCS,,,,,kg,9.00,Taxable,99381000000006208,GST18,18.00,Tax Group,,,,9.00,9.00,0.00,0.00,24.30,24.30,0.00,0.00,24.30,24.30,0.00,0.00,,service,,,
2023-11-07,99381000011541043,EST468,draft,99381000001357572,Cochin,,,INR,1.00,entity_level,true,0.00,false,14270.00,16839.00,0.00,Looking forward for your business.,,City Technologies,32,32-Kerala,business_gst,32BJOPV6603G1Z0,NO,NO,,,Robin (inside kerala),"City Technologies, Near Manu Hospital",Malappuram,Kerala,India,676123,,Standard Template,Adjustment,"City Technologies, Near Manu Hospital",Malappuram,Kerala,India,676123,,1,,,,0.000,,,,0.00,0.000,,,,0.00,,,,,,,,PRICE COMPUTING SCALE (DUAL-AD),"Max: 30kg  Min : 100g e : 5g Class III
Display : Dual",84238190,8.00,0.00,0.0,2520.00,14000.00,,FALSE,99381000008699757,Sales,ATM30DAD1,,,,,nos,1750.00,Taxable,99381000000006208,GST18,18.00,Tax Group,,,,9.00,9.00,0.00,0.00,1260.00,1260.00,0.00,0.00,1260.00,1260.00,0.00,0.00,,goods,,,
2023-11-07,99381000011541043,EST468,draft,99381000001357572,Cochin,,,INR,1.00,entity_level,true,0.00,false,14270.00,16839.00,0.00,Looking forward for your business.,,City Technologies,32,32-Kerala,business_gst,32BJOPV6603G1Z0,NO,NO,,,Robin (inside kerala),"City Technologies, Near Manu Hospital",Malappuram,Kerala,India,676123,,Standard Template,Adjustment,"City Technologies, Near Manu Hospital",Malappuram,Kerala,India,676123,,1,,,,0.000,,,,0.00,0.000,,,,0.00,,,,,,,,Freight Charges,,996819,30.00,0.00,0.0,48.60,270.00,,FALSE,99381000000557009,Sales,COCS,,,,,kg,9.00,Taxable,99381000000006208,GST18,18.00,Tax Group,,,,9.00,9.00,0.00,0.00,24.30,24.30,0.00,0.00,24.30,24.30,0.00,0.00,,service,,,
2023-11-13,99381000011603051,EST469,draft,99381000006306001,Cochin,,,INR,1.00,entity_level,true,0.00,false,24850.00,29323.00,0.00,Looking forward for your business.,,MANISH SCALE COMPANY,27,27-Maharashtra,business_none,,NO,NO,,,Swathy,"Shop no: 9 , M.M. Plaza , Loharghati",Ratnagiri,Maharashtra,India,415612,,Standard Template,Adjustment,"Shop no: 9 , M.M. Plaza , Loharghati",Ratnagiri,Maharashtra,India,415612,,1,,,,0.000,,,,0.00,0.000,,,,0.00,,,,,,,,ELECTRONIC PLATFORM SCALE 50-100kg,"Model : YSP PC Capacity : 50kg/100kg e:5g/10g
Size : 30*40cm, Plate : SS, Display : LED (Red) Accuracy :Dual",84238290,10.00,0.00,0.0,3600.00,20000.00,,FALSE,99381000004032287,Sales,BEN340,,,,,nos,2000.00,Taxable,99381000000006196,IGST18,18.00,ItemAmount,,,,0.00,0.00,18.00,0.00,0.00,0.00,3600.00,0.00,0.00,0.00,3600.00,0.00,,goods,,,2
2023-11-13,99381000011603051,EST469,draft,99381000006306001,Cochin,,,INR,1.00,entity_level,true,0.00,false,24850.00,29323.00,0.00,Looking forward for your business.,,MANISH SCALE COMPANY,27,27-Maharashtra,business_none,,NO,NO,,,Swathy,"Shop no: 9 , M.M. Plaza , Loharghati",Ratnagiri,Maharashtra,India,415612,,Standard Template,Adjustment,"Shop no: 9 , M.M. Plaza , Loharghati",Ratnagiri,Maharashtra,India,415612,,1,,,,0.000,,,,0.00,0.000,,,,0.00,,,,,,,,Government Stamping Fee / Expense for 50kg/100Kg,,998729,10.00,0.00,0.0,873.00,4850.00,,FALSE,99381000004396516,Sales,SF50100,,,,,nos,485.00,Taxable,99381000000006196,IGST18,18.00,ItemAmount,,,,0.00,0.00,18.00,0.00,0.00,0.00,873.00,0.00,0.00,0.00,873.00,0.00,,goods,,,
2023-12-11,99381000011995077,EST470,invoiced,99381000002854009,Cochin,,,INR,1.00,entity_level,true,0.00,false,62400.00,73632.00,0.00,Looking forward for your business.,,HAMDHA SCALES,32,32-Kerala,business_gst,32ANEPH3773N1ZT,NO,NO,,,Binsha (Inside Kerala),"ROOM NO10/641B FIRST FLOOR
THANANGATTIL BUILDING
PUKKATTUPADY EDATHALA ALUVA",ERNAKULAM,Kerala,India,683165,,Standard Template,Adjustment,"ROOM NO10/641B FIRST FLOOR
THANANGATTIL BUILDING
PUKKATTUPADY EDATHALA ALUVA",ERNAKULAM,Kerala,India,683165,,1,,,,0.000,,,,0.00,0.000,,,,0.00,,,,,,,,PLATFORM SCALE -BENCH (DUAL-AD3),Max:50kg e:5g Min:100g Class:III Display : Dual,84238290,52.00,0.00,0.0,11232.00,62400.00,,FALSE,99381000008766288,Sales,BPCADF,,,,,nos,1200.00,Taxable,99381000000006208,GST18,18.00,Tax Group,,,,9.00,9.00,0.00,0.00,5616.00,5616.00,0.00,0.00,5616.00,5616.00,0.00,0.00,,goods,,,
2023-12-12,99381000012019515,EST471,invoiced,99381000012019480,Cochin,,,INR,1.00,entity_level,true,0.00,false,64402.00,75994.00,0.00,Looking forward for your business.,,KUBER MAXCELL MARKETING LLP,33,33-Tamil Nadu,business_gst,33AAXFK1900A1ZR,NO,NO,,,Binsha(Outside Kerala),"NEW #26, OLD #54, 4TH CROSS ST.,",CHENNAI,Tamil Nadu,India,600039,,Standard Template,Adjustment,"NEW #26, OLD #54, 4TH CROSS ST.,",CHENNAI,Tamil Nadu,India,600039,,1,,,,0.000,,,,0.00,0.000,,,,0.00,,,,,,,,PLATFORM SCALE -BENCH (DUAL-AD3),Max:50kg e:5g Min:100g Class:III Display : Dual,84238290,52.00,0.00,0.0,11232.00,62400.00,,FALSE,99381000008766288,Sales,BPCADF,,,,,nos,1200.00,Taxable,99381000000006196,IGST18,18.00,ItemAmount,,,,0.00,0.00,18.00,0.00,0.00,0.00,11232.00,0.00,0.00,0.00,11232.00,0.00,,goods,,,
2023-12-12,99381000012019515,EST471,invoiced,99381000012019480,Cochin,,,INR,1.00,entity_level,true,0.00,false,64402.00,75994.00,0.00,Looking forward for your business.,,KUBER MAXCELL MARKETING LLP,33,33-Tamil Nadu,business_gst,33AAXFK1900A1ZR,NO,NO,,,Binsha(Outside Kerala),"NEW #26, OLD #54, 4TH CROSS ST.,",CHENNAI,Tamil Nadu,India,600039,,Standard Template,Adjustment,"NEW #26, OLD #54, 4TH CROSS ST.,",CHENNAI,Tamil Nadu,India,600039,,1,,,,0.000,,,,0.00,0.000,,,,0.00,,,,,,,,Freight,,996819,1.00,0.00,0.0,360.36,2002.00,,FALSE,99381000003152296,Sales,FREIGH,,,,,Lumpsum,2002.00,Taxable,99381000000006196,IGST18,18.00,ItemAmount,,,,0.00,0.00,18.00,0.00,0.00,0.00,360.36,0.00,0.00,0.00,360.36,0.00,,service,,,
2024-01-04,99381000012429181,EST472,sent,99381000005074017,Cochin,,,INR,1.00,entity_level,true,0.00,false,5200.00,6136.00,0.00,Looking forward for your business.,,ELMASS’ Weighing & Automation Pvt. Ltd,32,32-Kerala,business_gst,32AAGCE7631N1ZF,NO,NO,,,Eldho (Kerala),"Souhruda Lane, Lissie Hospital Road, Ernakulam – 682018",ERNAKULAM,Kerala,India,682018,,Standard Template,Adjustment,"Souhruda Lane, Lissie Hospital Road, Ernakulam – 682018",ERNAKULAM,Kerala,India,682018,,1,,,,0.000,,,,0.00,0.000,,,,0.00,,,,,,,,B3P WEIGHING INDICATOR,,84231000,1.00,0.00,0.0,936.00,5200.00,,FALSE,99381000010805630,Sales,B3PIND,,,,,nos,5200.00,Taxable,99381000000006208,GST18,18.00,Tax Group,,,,9.00,9.00,0.00,0.00,468.00,468.00,0.00,0.00,468.00,468.00,0.00,0.00,,goods,,,
2024-01-10,99381000012538082,EST473,draft,99381000003573113,Cochin,,,INR,1.00,entity_level,true,0.00,false,690.00,814.00,0.00,Looking forward for your business.,,Marvel Scales- Aluva,32,32-Kerala,business_gst,32ATVPJ2032M1ZI,NO,NO,,,Binsha (Inside Kerala),Masjid Road,Ernakulam,Kerala,India,683101,,Standard Template,Adjustment,Masjid Road,Ernakulam,Kerala,India,683101,,1,,,,0.000,,,,0.00,0.000,,,,0.00,,,,,,,,Front and Back Display(Green) PFPC(Q),,84239020,2.00,0.00,0.0,124.20,690.00,,FALSE,99381000005707174,Sales,FABDGP,,,,,nos,345.00,Taxable,99381000000006208,GST18,18.00,Tax Group,,,,9.00,9.00,0.00,0.00,62.10,62.10,0.00,0.00,62.10,62.10,0.00,0.00,,goods,,,
2024-01-15,99381000012636168,EST474,draft,99381000007810114,Cochin,,,INR,1.00,entity_level,true,0.00,false,25500.00,30090.00,0.00,Looking forward for your business.,,AMTECH ENTERPRISES,7,07-Delhi,business_gst,07ALBPM0601M1ZD,NO,NO,,,Namratha,"27/1A, Zulfe Bengal Ind Area",Delhi,Delhi,India,110095,,Standard Template,Adjustment,"27/1A, Zulfe Bengal Ind Area",Delhi,Delhi,India,110095,,1,,,,0.000,,,,0.00,0.000,,,,0.00,,,,,,,,PALLET SCALE,Capacity : 2.5T/0.5kg,84238190,1.00,0.00,0.0,4590.00,25500.00,,FALSE,99381000006174179,Sales,PSC,,,,,nos,25500.00,Taxable,99381000000006196,IGST18,18.00,ItemAmount,,,,0.00,0.00,18.00,0.00,0.00,0.00,4590.00,0.00,0.00,0.00,4590.00,0.00,,goods,,,1
2024-01-23,99381000012741145,EST475,draft,99381000000112170,Cochin,,,INR,1.00,entity_level,true,0.00,false,900.00,1062.00,0.00,Looking forward for your business.,,MEEZAN ELECTRONIC SCALES PRIVATE LIMITED,32,32-Kerala,business_gst,32AAECM1277C1ZY,NO,NO,,,Eldho (Kerala),"8/308A Meezan Tower
Calicut Road, Manjeri",Manjeri,Kerala,India,676121,,Standard Template,Adjustment,"8/308A Meezan Tower 
Calicut Road , Manjeri",MANJERI,Kerala,India,676121,,1,,,,0.000,,,,0.00,0.000,,,,0.00,,,,,,,,Freight Charges,,996819,100.00,0.00,0.0,162.00,900.00,,FALSE,99381000000557009,Sales,COCS,,,,,kg,9.00,Taxable,99381000000006208,GST18,18.00,Tax Group,,,,9.00,9.00,0.00,0.00,81.00,81.00,0.00,0.00,81.00,81.00,0.00,0.00,,service,,,
2024-01-23,99381000012741196,EST476,draft,99381000000114383,Cochin,,,INR,1.00,entity_level,true,0.00,false,2520.00,2974.00,0.00,Looking forward for your business.,,ACCURATE TRADE LINKS,32,32-Kerala,business_gst,32AHJPK1741Q1Z4,NO,NO,,,Eldho (Kerala),Future Centre,Trivandrum,Kerala,India,695001,,Standard Template,Adjustment,Future Centre,Trivandrum,Kerala,India,695001,,1,,,,0.000,,,,0.00,0.000,,,,0.00,,,,,,,,Freight Charges,,996819,280.00,0.00,0.0,453.60,2520.00,,FALSE,99381000000557009,Sales,COCS,,,,,kg,9.00,Taxable,99381000000006208,GST18,18.00,Tax Group,,,,9.00,9.00,0.00,0.00,226.80,226.80,0.00,0.00,226.80,226.80,0.00,0.00,,service,,,
2024-01-30,99381000012880075,EST477,draft,99381000000406011,Cochin,,,INR,1.00,entity_level,true,0.00,false,15485.00,18272.00,0.00,Looking forward for your business.,,VIRTUE SYSTEM & TECHNOLOGIES,32,32-Kerala,business_gst,32GXGPS8764A1Z8,NO,NO,,,Swathy,"62/4453, Mullassery Canal Road",Cochin,Kerala,India,682011,,Standard Template,Adjustment,"62/4453, Mullassery Canal Road",Cochin,Kerala,India,682011,,1,,,,0.000,,,,0.00,0.000,,,,0.00,,,,,,,,Bill Printing scale Q8POS,Make:YESWEIGH  Model:YS-30   Max:30kg  e:5g  Min:100g  Class:III,84231000,1.00,0.00,0.0,2700.00,15000.00,,FALSE,99381000000011617,Sales,ECS5W,,,,,nos,15000.00,Taxable,99381000000006208,GST18,18.00,Tax Group,,,,9.00,9.00,0.00,0.00,1350.00,1350.00,0.00,0.00,1350.00,1350.00,0.00,0.00,,goods,,,2
2024-01-30,99381000012880075,EST477,draft,99381000000406011,Cochin,,,INR,1.00,entity_level,true,0.00,false,15485.00,18272.00,0.00,Looking forward for your business.,,VIRTUE SYSTEM & TECHNOLOGIES,32,32-Kerala,business_gst,32GXGPS8764A1Z8,NO,NO,,,Swathy,"62/4453, Mullassery Canal Road",Cochin,Kerala,India,682011,,Standard Template,Adjustment,"62/4453, Mullassery Canal Road",Cochin,Kerala,India,682011,,1,,,,0.000,,,,0.00,0.000,,,,0.00,,,,,,,,Government Stamping Fee /Expense for 30 kg,,76061190,1.00,0.00,0.0,87.30,485.00,,FALSE,99381000000186027,Sales,SF30,,,,,nos,485.00,Taxable,99381000000006208,GST18,18.00,Tax Group,,,,9.00,9.00,0.00,0.00,43.65,43.65,0.00,0.00,43.65,43.65,0.00,0.00,,goods,,,
2024-04-24,99381000014543001,EST478,draft,99381000000231096,Cochin,,,INR,1.00,entity_level,true,0.00,false,5462.00,6445.00,0.00,Looking forward for your business.,,Victory Scales,32,32-Kerala,business_gst,32AAAAV1247P1ZC,NO,NO,,,Eldho (Kerala),"M/s Victory Scales
CSI Ascension Square, Below ICICI Bank","Kottayam,",Kerala,India,686016,,Standard Template,Adjustment,"Manickathinal Building,","Kottayam,",Kerala,India,686016,,3,,,,0.000,,,,0.00,0.000,,,,0.00,,,,,,,,Government Stamping Fee / Expense for 50kg,,76061190,10.00,0.00,0.0,873.00,4850.00,,FALSE,99381000000186036,Sales,SF50,,,,,nos,485.00,Taxable,99381000000006208,GST18,18.00,Tax Group,,,,9.00,9.00,0.00,0.00,436.50,436.50,0.00,0.00,436.50,436.50,0.00,0.00,,goods,,,
2024-04-24,99381000014543001,EST478,draft,99381000000231096,Cochin,,,INR,1.00,entity_level,true,0.00,false,5462.00,6445.00,0.00,Looking forward for your business.,,Victory Scales,32,32-Kerala,business_gst,32AAAAV1247P1ZC,NO,NO,,,Eldho (Kerala),"M/s Victory Scales
CSI Ascension Square, Below ICICI Bank","Kottayam,",Kerala,India,686016,,Standard Template,Adjustment,"Manickathinal Building,","Kottayam,",Kerala,India,686016,,3,,,,0.000,,,,0.00,0.000,,,,0.00,,,,,,,,Freight Charges,,996819,68.00,0.00,0.0,110.16,612.00,,FALSE,99381000000557009,Sales,COCS,,,,,kg,9.00,Taxable,99381000000006208,GST18,18.00,Tax Group,,,,9.00,9.00,0.00,0.00,55.08,55.08,0.00,0.00,55.08,55.08,0.00,0.00,,service,,,
2024-06-18,99381000015590001,EST479,draft,99381000001392083,Cochin,,,INR,1.00,entity_level,true,0.00,false,29850.00,35223.00,0.00,Looking forward for your business.,,CENTRAL TRADERS,32,32-Kerala,business_gst,32AFKPA2174A1Z9,NO,NO,,,Binsha (Inside Kerala),"Court Road
Tirur",Malappuram,Kerala,India,676101,,Standard Template,Adjustment,"Court Road
Tirur",Malappuram,Kerala,India,676101,,1,,,,0.000,,,,0.00,0.000,,,,0.00,,,,,,,,PRICE COMPUTING SCALE FSS(DQZ),"Make: YESWEIGH Model: YSP 30
Max:30kg e:5g Min:100g Class:III",84238190,10.00,0.00,0.0,4500.00,25000.00,,FALSE,99381000012887614,Sales,ATMFSS,,,,,nos,2500.00,Taxable,99381000000006208,GST18,18.00,Tax Group,,,,9.00,9.00,0.00,0.00,2250.00,2250.00,0.00,0.00,2250.00,2250.00,0.00,0.00,,goods,,,
2024-06-18,99381000015590001,EST479,draft,99381000001392083,Cochin,,,INR,1.00,entity_level,true,0.00,false,29850.00,35223.00,0.00,Looking forward for your business.,,CENTRAL TRADERS,32,32-Kerala,business_gst,32AFKPA2174A1Z9,NO,NO,,,Binsha (Inside Kerala),"Court Road
Tirur",Malappuram,Kerala,India,676101,,Standard Template,Adjustment,"Court Road
Tirur",Malappuram,Kerala,India,676101,,1,,,,0.000,,,,0.00,0.000,,,,0.00,,,,,,,,Government Stamping Fee /Expense for 30 kg,,76061190,10.00,0.00,0.0,873.00,4850.00,,FALSE,99381000000186027,Sales,SF30,,,,,nos,485.00,Taxable,99381000000006208,GST18,18.00,Tax Group,,,,9.00,9.00,0.00,0.00,436.50,436.50,0.00,0.00,436.50,436.50,0.00,0.00,,goods,,,
2024-08-29,99381000016949169,EST480,draft,99381000001392083,Cochin,,,INR,1.00,entity_level,true,0.00,false,130000.00,153400.00,0.00,Looking forward for your business.,,CENTRAL TRADERS,32,32-Kerala,business_gst,32AFKPA2174A1Z9,NO,NO,,,Swathy,"Court Road
Tirur",Malappuram,Kerala,India,676101,,Standard Template,Adjustment,"Court Road
Tirur",Malappuram,Kerala,India,676101,,1,,,,0.000,,,,0.00,0.000,,,,0.00,,,,,,,,PLATFORM SCALE -BENCH (DUAL-AD3),Max:50kg e:5g Min:100g Class:III Display : Dual,84238290,100.00,0.00,0.0,23400.00,130000.00,,FALSE,99381000008766288,Sales,BPCADF,,,,,nos,1300.00,Taxable,99381000000006208,GST18,18.00,Tax Group,,,,9.00,9.00,0.00,0.00,11700.00,11700.00,0.00,0.00,11700.00,11700.00,0.00,0.00,,goods,,,
2024-11-19,99381000018621490,EST481,draft,99381000000114383,Cochin,,,INR,1.00,entity_level,true,0.00,false,2200.00,2596.00,0.00,Looking forward for your business.,,ACCURATE TRADE LINKS,32,32-Kerala,business_gst,32AHJPK1741Q1Z4,NO,NO,,,Others,Future Centre,Trivandrum,Kerala,India,695001,,Standard Template,Adjustment,Future Centre,Trivandrum,Kerala,India,695001,,1,,,,0.000,,,,0.00,0.000,,,,0.00,,,,,,,,PLATFORM SCALE -BENCH (DUAL-AD3-Y),Make : YESWEIGH Max:50kg e:5g Min:100g Class:III Display : Dual,84238290,1.00,0.00,0.0,396.00,2200.00,,FALSE,99381000014692072,Sales,PSBDAY,,,,,nos,2200.00,Taxable,99381000000006208,GST18,18.00,Tax Group,,,,9.00,9.00,0.00,0.00,198.00,198.00,0.00,0.00,198.00,198.00,0.00,0.00,,goods,,,
2024-12-04,99381000018983428,EST482,draft,99381000009821087,Cochin,,,INR,1.00,entity_level,true,0.00,false,103688.00,122352.00,0.00,Looking forward for your business.,,RAJIB MARKETING,19,19-West Bengal,business_gst,19BGKPD9644L1ZR,NO,NO,,,,"Duttapulia Bazar,Duttapulia",Nadia,West Bengal,India,741504,,Standard Template,Adjustment,"Duttapulia Bazar,Duttapulia",Nadia,West Bengal,India,741504,,1,,,,0.000,,,,0.00,0.000,,,,0.00,,,,,,,,PRICE COMPUTING SCALE (DUAL-AD-ECONOMY),"Max: 30kg Min : 100g e : 5g Class III
Display : Dual",84238190,72.00,0.00,0.0,11016.00,61200.00,,FALSE,99381000013430359,Sales,ATMADG,,,,,nos,850.00,Taxable,99381000000006196,IGST18,18.00,ItemAmount,,,,0.00,0.00,18.00,0.00,0.00,0.00,11016.00,0.00,0.00,0.00,11016.00,0.00,,goods,,,
2024-12-04,99381000018983428,EST482,draft,99381000009821087,Cochin,,,INR,1.00,entity_level,true,0.00,false,103688.00,122352.00,0.00,Looking forward for your business.,,RAJIB MARKETING,19,19-West Bengal,business_gst,19BGKPD9644L1ZR,NO,NO,,,,"Duttapulia Bazar,Duttapulia",Nadia,West Bengal,India,741504,,Standard Template,Adjustment,"Duttapulia Bazar,Duttapulia",Nadia,West Bengal,India,741504,,1,,,,0.000,,,,0.00,0.000,,,,0.00,,,,,,,,PLATFORM SCALE -BENCH (DUAL-AD5)-G,Max:50kg e:5g Min:100g Class:III Display : Dual,84238290,20.00,0.00,0.0,4680.00,26000.00,,FALSE,99381000017677203,Sales,DY5030DAD5,,,,,nos,1300.00,Taxable,99381000000006196,IGST18,18.00,ItemAmount,,,,0.00,0.00,18.00,0.00,0.00,0.00,4680.00,0.00,0.00,0.00,4680.00,0.00,,goods,,,
2024-12-04,99381000018983428,EST482,draft,99381000009821087,Cochin,,,INR,1.00,entity_level,true,0.00,false,103688.00,122352.00,0.00,Looking forward for your business.,,RAJIB MARKETING,19,19-West Bengal,business_gst,19BGKPD9644L1ZR,NO,NO,,,,"Duttapulia Bazar,Duttapulia",Nadia,West Bengal,India,741504,,Standard Template,Adjustment,"Duttapulia Bazar,Duttapulia",Nadia,West Bengal,India,741504,,1,,,,0.000,,,,0.00,0.000,,,,0.00,,,,,,,,PRICE COMPUTING SCALE FSS(DQZ),"Make: YESWEIGH Model: YSP 30
Max:30kg e:5g Min:100g Class:III",84238190,4.00,0.00,0.0,1800.00,10000.00,,FALSE,99381000012887614,Sales,ATMFSS,,,,,nos,2500.00,Taxable,99381000000006196,IGST18,18.00,ItemAmount,,,,0.00,0.00,18.00,0.00,0.00,0.00,1800.00,0.00,0.00,0.00,1800.00,0.00,,goods,,,
2024-12-04,99381000018983428,EST482,draft,99381000009821087,Cochin,,,INR,1.00,entity_level,true,0.00,false,103688.00,122352.00,0.00,Looking forward for your business.,,RAJIB MARKETING,19,19-West Bengal,business_gst,19BGKPD9644L1ZR,NO,NO,,,,"Duttapulia Bazar,Duttapulia",Nadia,West Bengal,India,741504,,Standard Template,Adjustment,"Duttapulia Bazar,Duttapulia",Nadia,West Bengal,India,741504,,1,,,,0.000,,,,0.00,0.000,,,,0.00,,,,,,,,Freight,,996819,1.00,0.00,0.0,1167.84,6488.00,,FALSE,99381000003152296,Sales,FREIGH,,,,,Lumpsum,6488.00,Taxable,99381000000006196,IGST18,18.00,ItemAmount,,,,0.00,0.00,18.00,0.00,0.00,0.00,1167.84,0.00,0.00,0.00,1167.84,0.00,,service,,,
2025-01-15,99381000019906186,EST483,draft,99381000019931464,Cochin,,,INR,1.00,entity_level,true,0.00,false,6000.00,7080.00,0.00,Looking forward for your business.,,S S SCALES,36,36-Telangana,business_gst,36CFCPS0877N1ZS,NO,NO,,,Visakh B,"New Bus Stand,Opp.Parma reddy  Colony ,",Parmareddy  Colony,Telangana,India,509210,,Standard Template,Adjustment,"New Bus Stand,Opp.Parma reddy  Colony ,",Parmareddy  Colony,Telangana,India,509210,,1,,,,0.000,,,,0.00,0.000,,,,0.00,,,,,,,,PRICE COMPUTING SCALE WITH POLE-GREEN,"Make :YESWEIGH Model: YSP -30 
 Max :30kg e :5g
Display :Green",84231000,3.00,0.00,0.0,1080.00,6000.00,,FALSE,99381000002951037,Sales,APCPQ,,,,,nos,2000.00,Taxable,99381000000006196,IGST18,18.00,ItemAmount,,,,0.00,0.00,18.00,0.00,0.00,0.00,1080.00,0.00,0.00,0.00,1080.00,0.00,,goods,,,
2025-05-03,99381000022095255,EST484,invoiced,99381000000084508,Cochin,,,INR,1.00,entity_level,true,0.00,false,25220.00,29760.00,0.00,Looking forward for your business.,,ACE ELECTRONICS,32,32-Kerala,business_gst,32AAZFA3650P1ZV,NO,NO,,,Eldho (Kerala),"Akai tower ,
Near Tali Temple 
Thali ,Calicut",Calicut,Kerala,India,673002,,Standard Template,Adjustment,"Akai tower ,
Near Tali Temple 
Thali ,Calicut",Calicut,Kerala,India,673002,,1,,,,0.000,,,,0.00,0.000,,,,0.00,,,,,,,,Cash Box,,84239020,5.00,0.00,0.0,2160.00,12000.00,,FALSE,99381000000343208,Sales,ECSCD,,,,,nos,2400.00,Taxable,99381000000006208,GST18,18.00,Tax Group,,,,9.00,9.00,0.00,0.00,1080.00,1080.00,0.00,0.00,1080.00,1080.00,0.00,0.00,,goods,,,3
2025-05-03,99381000022095255,EST484,invoiced,99381000000084508,Cochin,,,INR,1.00,entity_level,true,0.00,false,25220.00,29760.00,0.00,Looking forward for your business.,,ACE ELECTRONICS,32,32-Kerala,business_gst,32AAZFA3650P1ZV,NO,NO,,,Eldho (Kerala),"Akai tower ,
Near Tali Temple 
Thali ,Calicut",Calicut,Kerala,India,673002,,Standard Template,Adjustment,"Akai tower ,
Near Tali Temple 
Thali ,Calicut",Calicut,Kerala,India,673002,,1,,,,0.000,,,,0.00,0.000,,,,0.00,,,,,,,,SCANGLE - CASH DRAWER 5 CONTAINER POS,"DIMENSION: 420(W)*410(D)*100(H), BILLS: 5 BILLS, COINS: 5 COINS ,INTERFACE: RJ11/USB/RS232
",83030000,5.00,0.00,0.0,2331.00,12950.00,,FALSE,99381000009552593,Sales,CASHDRAWERPOS,,,,,nos,2590.00,Taxable,99381000000006208,GST18,18.00,Tax Group,,,,9.00,9.00,0.00,0.00,1165.50,1165.50,0.00,0.00,1165.50,1165.50,0.00,0.00,,goods,,,
2025-05-03,99381000022095255,EST484,invoiced,99381000000084508,Cochin,,,INR,1.00,entity_level,true,0.00,false,25220.00,29760.00,0.00,Looking forward for your business.,,ACE ELECTRONICS,32,32-Kerala,business_gst,32AAZFA3650P1ZV,NO,NO,,,Eldho (Kerala),"Akai tower ,
Near Tali Temple 
Thali ,Calicut",Calicut,Kerala,India,673002,,Standard Template,Adjustment,"Akai tower ,
Near Tali Temple 
Thali ,Calicut",Calicut,Kerala,India,673002,,1,,,,0.000,,,,0.00,0.000,,,,0.00,,,,,,,,Freight Charges,,996819,30.00,0.00,0.0,48.60,270.00,,FALSE,99381000000557009,Sales,COCS,,,,,kg,9.00,Taxable,99381000000006208,GST18,18.00,Tax Group,,,,9.00,9.00,0.00,0.00,24.30,24.30,0.00,0.00,24.30,24.30,0.00,0.00,,service,,,
2025-06-27,99381000023056001,EST485,invoiced,99381000005074017,Cochin,,,INR,1.00,entity_level,true,0.00,false,13325.00,15724.00,0.00,Looking forward for your business.,,ELMASS’ Weighing & Automation Pvt. Ltd,32,32-Kerala,business_gst,32AAGCE7631N1ZF,NO,NO,,,Eldho (Kerala),"Souhruda Lane, Lissie Hospital Road, Ernakulam – 682018",ERNAKULAM,Kerala,India,682018,,Standard Template,Adjustment,"Souhruda Lane, Lissie Hospital Road, Ernakulam – 682018",ERNAKULAM,Kerala,India,682018,,3,,,,0.000,,,,0.00,0.000,,,,0.00,,,,,,,,Label Printing Scale Q9LBL,Make:YESWEIGH  Model:YS-30   Max:30kg  e:5g  Min:100g  Class:III,84231000,1.00,0.00,0.0,2295.00,12750.00,,FALSE,99381000002536240,Sales,Q9LBL,,,,,nos,12750.00,Taxable,99381000000006208,GST18,18.00,Tax Group,,,,9.00,9.00,0.00,0.00,1147.50,1147.50,0.00,0.00,1147.50,1147.50,0.00,0.00,,goods,,,1
2025-06-27,99381000023056001,EST485,invoiced,99381000005074017,Cochin,,,INR,1.00,entity_level,true,0.00,false,13325.00,15724.00,0.00,Looking forward for your business.,,ELMASS’ Weighing & Automation Pvt. Ltd,32,32-Kerala,business_gst,32AAGCE7631N1ZF,NO,NO,,,Eldho (Kerala),"Souhruda Lane, Lissie Hospital Road, Ernakulam – 682018",ERNAKULAM,Kerala,India,682018,,Standard Template,Adjustment,"Souhruda Lane, Lissie Hospital Road, Ernakulam – 682018",ERNAKULAM,Kerala,India,682018,,3,,,,0.000,,,,0.00,0.000,,,,0.00,,,,,,,,Government Stamping Fee /Expense for 30 kg,,76061190,1.00,0.00,0.0,87.30,485.00,,FALSE,99381000000186027,Sales,SF30,,,,,nos,485.00,Taxable,99381000000006208,GST18,18.00,Tax Group,,,,9.00,9.00,0.00,0.00,43.65,43.65,0.00,0.00,43.65,43.65,0.00,0.00,,goods,,,
2025-06-27,99381000023056001,EST485,invoiced,99381000005074017,Cochin,,,INR,1.00,entity_level,true,0.00,false,13325.00,15724.00,0.00,Looking forward for your business.,,ELMASS’ Weighing & Automation Pvt. Ltd,32,32-Kerala,business_gst,32AAGCE7631N1ZF,NO,NO,,,Eldho (Kerala),"Souhruda Lane, Lissie Hospital Road, Ernakulam – 682018",ERNAKULAM,Kerala,India,682018,,Standard Template,Adjustment,"Souhruda Lane, Lissie Hospital Road, Ernakulam – 682018",ERNAKULAM,Kerala,India,682018,,3,,,,0.000,,,,0.00,0.000,,,,0.00,,,,,,,,Freight Charges,,996819,10.00,0.00,0.0,16.20,90.00,,FALSE,99381000000557009,Sales,COCS,,,,,kg,9.00,Taxable,99381000000006208,GST18,18.00,Tax Group,,,,9.00,9.00,0.00,0.00,8.10,8.10,0.00,0.00,8.10,8.10,0.00,0.00,,service,,,
2025-09-10,99381000024502016,EST486,invoiced,99381000000114383,Cochin,,,INR,1.00,entity_level,true,0.00,false,49188.00,58042.00,0.00,Looking forward for your business.,,ACCURATE TRADE LINKS,32,32-Kerala,business_gst,32AHJPK1741Q1Z4,NO,NO,,,Visakh - Inside kerala,Future Centre,Trivandrum,Kerala,India,695001,,Standard Template,Adjustment,Future Centre,Trivandrum,Kerala,India,695001,,1,,,,0.000,,,,0.00,0.000,,,,0.00,,,,,,,,PLATFORM SCALE -BENCH (FG-AD1),Max:50kg e:5g Min:100g Class:III Display : Green,84238290,24.00,0.00,0.0,8640.00,48000.00,,FALSE,99381000019013465,Sales,BPCGADF,,,,,nos,2000.00,Taxable,99381000000006208,GST18,18.00,Tax Group,,,,9.00,9.00,0.00,0.00,4320.00,4320.00,0.00,0.00,4320.00,4320.00,0.00,0.00,,goods,,,
2025-09-10,99381000024502016,EST486,invoiced,99381000000114383,Cochin,,,INR,1.00,entity_level,true,0.00,false,49188.00,58042.00,0.00,Looking forward for your business.,,ACCURATE TRADE LINKS,32,32-Kerala,business_gst,32AHJPK1741Q1Z4,NO,NO,,,Visakh - Inside kerala,Future Centre,Trivandrum,Kerala,India,695001,,Standard Template,Adjustment,Future Centre,Trivandrum,Kerala,India,695001,,1,,,,0.000,,,,0.00,0.000,,,,0.00,,,,,,,,Freight Charges,,996819,132.00,0.00,0.0,213.84,1188.00,,FALSE,99381000000557009,Sales,COCS,,,,,kg,9.00,Taxable,99381000000006208,GST18,18.00,Tax Group,,,,9.00,9.00,0.00,0.00,106.92,106.92,0.00,0.00,106.92,106.92,0.00,0.00,,service,,,
